{
"type": "FeatureCollection",
"name": "dep09_overview.geojson",
"crs": { "type": "name", "properties": { "name": "urn:ogc:def:crs:OGC:1.3:CRS84" } },
"xy_coordinate_resolution": 1e-05,
"features": [
{ "type": "Feature", "properties": { "name": "l'Ariège", "weight_class": 4, "permanent": true, "length_km": 115.7 }, "geometry": { "type": "LineString", "coordinates": [ [ 1.78143, 42.57041 ], [ 1.79521, 42.58031 ], [ 1.79734, 42.58974 ], [ 1.80208, 42.59122 ], [ 1.81021, 42.59982 ], [ 1.81097, 42.60311 ], [ 1.81542, 42.6082 ], [ 1.81974, 42.61643 ], [ 1.81966, 42.62048 ], [ 1.82196, 42.62187 ], [ 1.82545, 42.62778 ], [ 1.82564, 42.6323 ], [ 1.82861, 42.63535 ], [ 1.83149, 42.64865 ], [ 1.83445, 42.65104 ], [ 1.8357, 42.66036 ], [ 1.83401, 42.66471 ], [ 1.83586, 42.6684 ], [ 1.83567, 42.67582 ], [ 1.83101, 42.67923 ], [ 1.8277, 42.68325 ], [ 1.82416, 42.68413 ], [ 1.82265, 42.68636 ], [ 1.82453, 42.68792 ], [ 1.82581, 42.69182 ], [ 1.82724, 42.69303 ], [ 1.83038, 42.69244 ], [ 1.83415, 42.69772 ], [ 1.83286, 42.70101 ], [ 1.83596, 42.70567 ], [ 1.83473, 42.70706 ], [ 1.83751, 42.71272 ], [ 1.83478, 42.71815 ], [ 1.83649, 42.71942 ], [ 1.83672, 42.72146 ], [ 1.82815, 42.72742 ], [ 1.82003, 42.72777 ], [ 1.81427, 42.7263 ], [ 1.80903, 42.72766 ], [ 1.80607, 42.73254 ], [ 1.80318, 42.73241 ], [ 1.80103, 42.73494 ], [ 1.79111, 42.73881 ], [ 1.78908, 42.74071 ], [ 1.78568, 42.74121 ], [ 1.78034, 42.74458 ], [ 1.77513, 42.75337 ], [ 1.77301, 42.75489 ], [ 1.77098, 42.75435 ], [ 1.7721, 42.75779 ], [ 1.76967, 42.75849 ], [ 1.76823, 42.76049 ], [ 1.766, 42.76071 ], [ 1.76564, 42.76171 ], [ 1.76123, 42.76212 ], [ 1.7574, 42.76553 ], [ 1.75153, 42.76687 ], [ 1.74631, 42.76609 ], [ 1.74024, 42.77087 ], [ 1.73729, 42.77074 ], [ 1.73284, 42.77293 ], [ 1.72476, 42.77479 ], [ 1.71773, 42.77253 ], [ 1.71365, 42.77331 ], [ 1.71117, 42.77265 ], [ 1.7033, 42.77586 ], [ 1.69951, 42.77611 ], [ 1.69661, 42.78015 ], [ 1.6944, 42.78073 ], [ 1.69343, 42.78621 ], [ 1.69081, 42.78698 ], [ 1.69033, 42.78873 ], [ 1.68652, 42.7897 ], [ 1.68336, 42.78876 ], [ 1.68254, 42.79042 ], [ 1.67902, 42.79074 ], [ 1.67878, 42.79283 ], [ 1.67623, 42.79492 ], [ 1.6754, 42.7973 ], [ 1.6725, 42.79811 ], [ 1.67148, 42.7995 ], [ 1.66708, 42.79924 ], [ 1.66441, 42.8007 ], [ 1.6576, 42.80102 ], [ 1.64855, 42.80634 ], [ 1.64413, 42.80758 ], [ 1.63684, 42.8127 ], [ 1.63417, 42.81634 ], [ 1.62978, 42.81582 ], [ 1.62358, 42.81886 ], [ 1.62058, 42.82415 ], [ 1.61504, 42.82988 ], [ 1.61231, 42.8308 ], [ 1.61159, 42.83216 ], [ 1.60865, 42.83274 ], [ 1.60837, 42.8379 ], [ 1.61177, 42.84087 ], [ 1.60775, 42.84348 ], [ 1.60477, 42.84789 ], [ 1.60163, 42.85001 ], [ 1.59958, 42.85404 ], [ 1.60024, 42.85703 ], [ 1.60453, 42.86308 ], [ 1.60955, 42.86782 ], [ 1.61137, 42.86838 ], [ 1.6129, 42.86711 ], [ 1.61441, 42.86725 ], [ 1.6241, 42.87412 ], [ 1.62521, 42.87861 ], [ 1.62384, 42.88358 ], [ 1.62607, 42.88442 ], [ 1.63029, 42.88879 ], [ 1.63068, 42.89392 ], [ 1.6341, 42.89849 ], [ 1.63708, 42.9 ], [ 1.64018, 42.9046 ], [ 1.6411, 42.91148 ], [ 1.63947, 42.91502 ], [ 1.63583, 42.91724 ], [ 1.6322, 42.9211 ], [ 1.63122, 42.924 ], [ 1.6324, 42.92696 ], [ 1.62956, 42.93012 ], [ 1.62629, 42.93158 ], [ 1.62101, 42.93143 ], [ 1.61821, 42.93313 ], [ 1.62102, 42.94172 ], [ 1.6223, 42.95574 ], [ 1.62046, 42.95703 ], [ 1.61411, 42.95719 ], [ 1.61225, 42.959 ], [ 1.61211, 42.96309 ], [ 1.60642, 42.9683 ], [ 1.60445, 42.97562 ], [ 1.6051, 42.97862 ], [ 1.60973, 42.97968 ], [ 1.6145, 42.98521 ], [ 1.61499, 42.98691 ], [ 1.61291, 42.98973 ], [ 1.61476, 42.99393 ], [ 1.61261, 43.00351 ], [ 1.61306, 43.00891 ], [ 1.60897, 43.01281 ], [ 1.60884, 43.01851 ], [ 1.61183, 43.02238 ], [ 1.60687, 43.02387 ], [ 1.60575, 43.02594 ], [ 1.60781, 43.02725 ], [ 1.60823, 43.02931 ], [ 1.60413, 43.03186 ], [ 1.60558, 43.03388 ], [ 1.60853, 43.03548 ], [ 1.61628, 43.03644 ], [ 1.61969, 43.03786 ], [ 1.62302, 43.0452 ], [ 1.63758, 43.05022 ], [ 1.63849, 43.05189 ], [ 1.63165, 43.05491 ], [ 1.62492, 43.05411 ], [ 1.62389, 43.05704 ], [ 1.62609, 43.06062 ], [ 1.6257, 43.06315 ], [ 1.62457, 43.06384 ], [ 1.62108, 43.06325 ], [ 1.61576, 43.06542 ], [ 1.61656, 43.06731 ], [ 1.62033, 43.06845 ], [ 1.62212, 43.07071 ], [ 1.62004, 43.07352 ], [ 1.62154, 43.07549 ], [ 1.61973, 43.08082 ], [ 1.62044, 43.08488 ], [ 1.61738, 43.08634 ], [ 1.60883, 43.08421 ], [ 1.60653, 43.08538 ], [ 1.60749, 43.08753 ], [ 1.61023, 43.08793 ], [ 1.6124, 43.08952 ], [ 1.61351, 43.09335 ], [ 1.61608, 43.09559 ], [ 1.61591, 43.09798 ], [ 1.61219, 43.09943 ], [ 1.61149, 43.10076 ], [ 1.61685, 43.10633 ], [ 1.61533, 43.10723 ], [ 1.60722, 43.1053 ], [ 1.60397, 43.10678 ], [ 1.60258, 43.10964 ], [ 1.60528, 43.11147 ], [ 1.6054, 43.11301 ], [ 1.60144, 43.1169 ], [ 1.59669, 43.1193 ], [ 1.59645, 43.12042 ], [ 1.59929, 43.12291 ], [ 1.60705, 43.12555 ], [ 1.60766, 43.12717 ], [ 1.60148, 43.13282 ], [ 1.59855, 43.13206 ], [ 1.59691, 43.13305 ], [ 1.59899, 43.13949 ], [ 1.59523, 43.14076 ], [ 1.59164, 43.14359 ], [ 1.59166, 43.14567 ], [ 1.59486, 43.1489 ], [ 1.58706, 43.15626 ], [ 1.58859, 43.16036 ], [ 1.58692, 43.16315 ], [ 1.58736, 43.16418 ], [ 1.58973, 43.16421 ], [ 1.59429, 43.16197 ], [ 1.59697, 43.16244 ], [ 1.59673, 43.16556 ], [ 1.59513, 43.16793 ], [ 1.59117, 43.16888 ], [ 1.5927, 43.17143 ], [ 1.59671, 43.17364 ], [ 1.60081, 43.17815 ], [ 1.59751, 43.18111 ], [ 1.60065, 43.18527 ], [ 1.59881, 43.18825 ], [ 1.6, 43.19089 ], [ 1.59895, 43.19376 ], [ 1.60271, 43.20216 ], [ 1.59698, 43.20851 ], [ 1.59911, 43.21736 ], [ 1.59836, 43.21929 ], [ 1.59277, 43.22287 ], [ 1.5899, 43.22068 ], [ 1.58776, 43.22137 ], [ 1.58635, 43.22334 ], [ 1.58648, 43.22566 ], [ 1.58111, 43.22841 ], [ 1.5769, 43.23294 ], [ 1.58171, 43.24752 ], [ 1.57689, 43.24883 ], [ 1.57466, 43.25315 ], [ 1.56966, 43.25585 ], [ 1.57, 43.25805 ], [ 1.5735, 43.26192 ], [ 1.57381, 43.26443 ], [ 1.57282, 43.26693 ], [ 1.56769, 43.26896 ], [ 1.56907, 43.2733 ] ] } },
{ "type": "Feature", "properties": { "name": "Ruisseau de Sainte-Foi", "weight_class": 1, "permanent": true, "length_km": 3.5 }, "geometry": { "type": "LineString", "coordinates": [ [ 1.91831, 43.13053 ], [ 1.91383, 43.1298 ], [ 1.91254, 43.12479 ], [ 1.91418, 43.11767 ], [ 1.91267, 43.10936 ], [ 1.91678, 43.10365 ] ] } },
{ "type": "Feature", "properties": { "name": "Ruisseau du Roudié", "weight_class": 1, "permanent": false, "length_km": 2.8 }, "geometry": { "type": "LineString", "coordinates": [ [ 1.92023, 43.13076 ], [ 1.92216, 43.12737 ], [ 1.92265, 43.11874 ], [ 1.92154, 43.11593 ], [ 1.92556, 43.11146 ], [ 1.92562, 43.10819 ] ] } },
{ "type": "Feature", "properties": { "name": "Ruisseau d'Espinoux", "weight_class": 1, "permanent": false, "length_km": 2.9 }, "geometry": { "type": "LineString", "coordinates": [ [ 1.89788, 43.12098 ], [ 1.89519, 43.11598 ], [ 1.89448, 43.11143 ], [ 1.89622, 43.10786 ], [ 1.89795, 43.10705 ], [ 1.90027, 43.10309 ], [ 1.90331, 43.10073 ], [ 1.90376, 43.09877 ] ] } },
{ "type": "Feature", "properties": { "name": "Ruisseau de Mort de Fret", "weight_class": 1, "permanent": false, "length_km": 2.2 }, "geometry": { "type": "LineString", "coordinates": [ [ 1.78972, 43.12829 ], [ 1.78415, 43.13054 ], [ 1.78009, 43.13062 ], [ 1.77633, 43.12682 ], [ 1.77495, 43.12218 ], [ 1.77387, 43.12111 ], [ 1.77287, 43.12157 ] ] } },
{ "type": "Feature", "properties": { "name": "Ruisseau des Martelets", "weight_class": 1, "permanent": false, "length_km": 2.9 }, "geometry": { "type": "LineString", "coordinates": [ [ 1.82092, 43.14927 ], [ 1.81507, 43.15089 ], [ 1.80342, 43.1572 ], [ 1.80007, 43.1574 ], [ 1.79832, 43.15661 ], [ 1.79409, 43.15736 ], [ 1.79215, 43.15998 ] ] } },
{ "type": "Feature", "properties": { "name": "Ruisseau de Lapenne", "weight_class": 1, "permanent": false, "length_km": 2.2 }, "geometry": { "type": "LineString", "coordinates": [ [ 1.7728, 43.15745 ], [ 1.76607, 43.16112 ], [ 1.76401, 43.16356 ], [ 1.75383, 43.16542 ], [ 1.75186, 43.16482 ], [ 1.75139, 43.16373 ] ] } },
{ "type": "Feature", "properties": { "name": "Ruisseau du Prat de Pesquié", "weight_class": 1, "permanent": false, "length_km": 4.5 }, "geometry": { "type": "LineString", "coordinates": [ [ 1.82033, 43.143 ], [ 1.81436, 43.14574 ], [ 1.81095, 43.14133 ], [ 1.80745, 43.14011 ], [ 1.80589, 43.13691 ], [ 1.80434, 43.12613 ], [ 1.81207, 43.11629 ] ] } },
{ "type": "Feature", "properties": { "name": "Ruisseau des Bessous", "weight_class": 1, "permanent": false, "length_km": 11.2 }, "geometry": { "type": "LineString", "coordinates": [ [ 1.85568, 43.14979 ], [ 1.85692, 43.14339 ], [ 1.85602, 43.14131 ], [ 1.85325, 43.13983 ], [ 1.84786, 43.13963 ], [ 1.83915, 43.13547 ], [ 1.83791, 43.13217 ], [ 1.83562, 43.13033 ], [ 1.82932, 43.12759 ], [ 1.82752, 43.12579 ], [ 1.82265, 43.12482 ], [ 1.81848, 43.12088 ], [ 1.81443, 43.11923 ], [ 1.81198, 43.11621 ], [ 1.81175, 43.11048 ], [ 1.81275, 43.10965 ], [ 1.81335, 43.1041 ], [ 1.81445, 43.10352 ], [ 1.81287, 43.10021 ], [ 1.81348, 43.09828 ], [ 1.81157, 43.09281 ], [ 1.80894, 43.09061 ], [ 1.80829, 43.08852 ], [ 1.80906, 43.08212 ], [ 1.80837, 43.08071 ], [ 1.80578, 43.08029 ], [ 1.80495, 43.07847 ] ] } },
{ "type": "Feature", "properties": { "name": "Ruisseau d'Empenne", "weight_class": 1, "permanent": false, "length_km": 3.2 }, "geometry": { "type": "LineString", "coordinates": [ [ 1.79312, 43.14678 ], [ 1.78993, 43.14114 ], [ 1.78335, 43.13744 ], [ 1.77976, 43.13687 ], [ 1.77807, 43.13534 ], [ 1.77537, 43.1316 ], [ 1.77329, 43.13048 ], [ 1.77155, 43.12573 ] ] } },
{ "type": "Feature", "properties": { "name": "Ruisseau Gourque", "weight_class": 1, "permanent": false, "length_km": 3.3 }, "geometry": { "type": "LineString", "coordinates": [ [ 1.77125, 43.15404 ], [ 1.76926, 43.15418 ], [ 1.76371, 43.1589 ], [ 1.75153, 43.16371 ], [ 1.73729, 43.16188 ] ] } },
{ "type": "Feature", "properties": { "name": "Ruisseau de Gorgues", "weight_class": 1, "permanent": true, "length_km": 8.5 }, "geometry": { "type": "LineString", "coordinates": [ [ 1.78498, 43.14918 ], [ 1.78275, 43.14945 ], [ 1.77901, 43.14643 ], [ 1.77229, 43.14595 ], [ 1.7709, 43.14004 ], [ 1.76837, 43.13613 ], [ 1.76853, 43.13015 ], [ 1.7719, 43.12492 ], [ 1.77387, 43.11193 ], [ 1.77555, 43.11036 ], [ 1.77739, 43.10361 ], [ 1.77677, 43.10004 ], [ 1.77787, 43.09966 ], [ 1.77729, 43.0942 ], [ 1.77831, 43.09172 ], [ 1.77711, 43.08749 ] ] } },
{ "type": "Feature", "properties": { "name": "Ruisseau de Ferrié", "weight_class": 1, "permanent": false, "length_km": 3.6 }, "geometry": { "type": "LineString", "coordinates": [ [ 1.76634, 43.14958 ], [ 1.76482, 43.14969 ], [ 1.75805, 43.14557 ], [ 1.74791, 43.14997 ], [ 1.74502, 43.15003 ], [ 1.74005, 43.14844 ], [ 1.7288, 43.15142 ] ] } },
{ "type": "Feature", "properties": { "name": "Ruisseau de Mativet", "weight_class": 1, "permanent": false, "length_km": 2.5 }, "geometry": { "type": "LineString", "coordinates": [ [ 1.87112, 43.13451 ], [ 1.86836, 43.13516 ], [ 1.86722, 43.13386 ], [ 1.86722, 43.12923 ], [ 1.86432, 43.1236 ], [ 1.86555, 43.11856 ], [ 1.86795, 43.117 ] ] } },
{ "type": "Feature", "properties": { "name": "Ruisseau de Lestrique", "weight_class": 1, "permanent": false, "length_km": 3.5 }, "geometry": { "type": "LineString", "coordinates": [ [ 1.88255, 43.13526 ], [ 1.88056, 43.13337 ], [ 1.88156, 43.12507 ], [ 1.88074, 43.1222 ], [ 1.87822, 43.12025 ], [ 1.86869, 43.11825 ], [ 1.86718, 43.11555 ], [ 1.86349, 43.11277 ] ] } },
{ "type": "Feature", "properties": { "name": "Ruisseau de la Clef", "weight_class": 1, "permanent": false, "length_km": 2.3 }, "geometry": { "type": "LineString", "coordinates": [ [ 1.86255, 43.13674 ], [ 1.85367, 43.13505 ], [ 1.84801, 43.13715 ], [ 1.84626, 43.13536 ], [ 1.83832, 43.13317 ] ] } },
{ "type": "Feature", "properties": { "name": "Ruisseau de Séguier", "weight_class": 1, "permanent": false, "length_km": 5.0 }, "geometry": { "type": "LineString", "coordinates": [ [ 1.84666, 43.12484 ], [ 1.84462, 43.12544 ], [ 1.84125, 43.1247 ], [ 1.83915, 43.12209 ], [ 1.8392, 43.11878 ], [ 1.84266, 43.11349 ], [ 1.8412, 43.10583 ], [ 1.84259, 43.10073 ], [ 1.84561, 43.09698 ], [ 1.84571, 43.09346 ], [ 1.84837, 43.08989 ], [ 1.8466, 43.08906 ] ] } },
{ "type": "Feature", "properties": { "name": "Ruisseau de Saint-Aulin", "weight_class": 1, "permanent": false, "length_km": 4.7 }, "geometry": { "type": "LineString", "coordinates": [ [ 1.85519, 43.12727 ], [ 1.85401, 43.12639 ], [ 1.85462, 43.12206 ], [ 1.86349, 43.11277 ], [ 1.86057, 43.10581 ], [ 1.86195, 43.09558 ], [ 1.86018, 43.09088 ] ] } },
{ "type": "Feature", "properties": { "name": "Ruisseau de la Riverolle", "weight_class": 1, "permanent": false, "length_km": 2.2 }, "geometry": { "type": "LineString", "coordinates": [ [ 1.76196, 43.12639 ], [ 1.75347, 43.12923 ], [ 1.75087, 43.12858 ], [ 1.74436, 43.12953 ], [ 1.74, 43.1258 ] ] } },
{ "type": "Feature", "properties": { "name": "Ruisseau de la Bouche", "weight_class": 1, "permanent": false, "length_km": 2.6 }, "geometry": { "type": "LineString", "coordinates": [ [ 1.97574, 43.03549 ], [ 1.97233, 43.03913 ], [ 1.9704, 43.03916 ], [ 1.96965, 43.04158 ], [ 1.96812, 43.04258 ], [ 1.96429, 43.04213 ], [ 1.96219, 43.04452 ], [ 1.96101, 43.04907 ], [ 1.9585, 43.05021 ] ] } },
{ "type": "Feature", "properties": { "name": "Ruisseau des Coumels", "weight_class": 1, "permanent": false, "length_km": 2.3 }, "geometry": { "type": "LineString", "coordinates": [ [ 1.92204, 43.07525 ], [ 1.91986, 43.07593 ], [ 1.91728, 43.08058 ], [ 1.91526, 43.08088 ], [ 1.91106, 43.08395 ], [ 1.90605, 43.0828 ], [ 1.90149, 43.08434 ] ] } },
{ "type": "Feature", "properties": { "name": "Ruisseau du Quié", "weight_class": 1, "permanent": true, "length_km": 2.6 }, "geometry": { "type": "LineString", "coordinates": [ [ 1.91265, 43.06504 ], [ 1.90952, 43.06775 ], [ 1.90738, 43.07517 ], [ 1.90273, 43.07932 ], [ 1.90148, 43.08452 ] ] } },
{ "type": "Feature", "properties": { "name": "Ruisseau de Jacquet", "weight_class": 2, "permanent": false, "length_km": 2.6 }, "geometry": { "type": "LineString", "coordinates": [ [ 1.90002, 43.07086 ], [ 1.89944, 43.07204 ], [ 1.89471, 43.0735 ], [ 1.893, 43.07723 ], [ 1.88984, 43.0798 ], [ 1.89147, 43.08528 ], [ 1.8896, 43.08961 ] ] } },
{ "type": "Feature", "properties": { "name": "Rec d'Aourisou", "weight_class": 1, "permanent": false, "length_km": 2.2 }, "geometry": { "type": "LineString", "coordinates": [ [ 1.9104, 43.06442 ], [ 1.91315, 43.06239 ], [ 1.91996, 43.05973 ], [ 1.9251, 43.05925 ], [ 1.9335, 43.06135 ] ] } },
{ "type": "Feature", "properties": { "name": "Bras du Grand Hers", "weight_class": 1, "permanent": true, "length_km": 2.3 }, "geometry": { "type": "LineString", "coordinates": [ [ 1.92683, 43.04184 ], [ 1.93317, 43.04247 ], [ 1.93421, 43.04551 ], [ 1.93857, 43.04957 ], [ 1.94216, 43.05584 ] ] } },
{ "type": "Feature", "properties": { "name": null, "weight_class": 1, "permanent": false, "length_km": 2.1 }, "geometry": { "type": "LineString", "coordinates": [ [ 1.94082, 43.10539 ], [ 1.93745, 43.10563 ], [ 1.93523, 43.10079 ], [ 1.93136, 43.09753 ], [ 1.92968, 43.09126 ] ] } },
{ "type": "Feature", "properties": { "name": "Ruisseau de Malgoude", "weight_class": 1, "permanent": true, "length_km": 6.3 }, "geometry": { "type": "LineString", "coordinates": [ [ 1.95393, 43.11096 ], [ 1.94473, 43.11285 ], [ 1.94143, 43.11172 ], [ 1.93655, 43.11163 ], [ 1.93126, 43.10913 ], [ 1.92733, 43.10909 ], [ 1.92419, 43.10788 ], [ 1.91818, 43.10329 ], [ 1.91683, 43.10369 ], [ 1.91123, 43.1003 ], [ 1.89963, 43.09785 ], [ 1.89437, 43.09542 ], [ 1.89263, 43.09398 ], [ 1.89373, 43.0934 ] ] } },
{ "type": "Feature", "properties": { "name": "Ruisseau de Barréjat", "weight_class": 2, "permanent": false, "length_km": 2.9 }, "geometry": { "type": "LineString", "coordinates": [ [ 1.94689, 43.10359 ], [ 1.94335, 43.10295 ], [ 1.94272, 43.09999 ], [ 1.94068, 43.0984 ], [ 1.93831, 43.09404 ], [ 1.9333, 43.09127 ], [ 1.9296, 43.09125 ], [ 1.92376, 43.08778 ] ] } },
{ "type": "Feature", "properties": { "name": "le Touyre", "weight_class": 1, "permanent": true, "length_km": 40.8 }, "geometry": { "type": "LineString", "coordinates": [ [ 1.76082, 42.82191 ], [ 1.76193, 42.82671 ], [ 1.76062, 42.82843 ], [ 1.76187, 42.82981 ], [ 1.76128, 42.83245 ], [ 1.76216, 42.83304 ], [ 1.76226, 42.83718 ], [ 1.76073, 42.84008 ], [ 1.75906, 42.84068 ], [ 1.75802, 42.84401 ], [ 1.7559, 42.84516 ], [ 1.75386, 42.85295 ], [ 1.7515, 42.85385 ], [ 1.75064, 42.85612 ], [ 1.74837, 42.85729 ], [ 1.74784, 42.86274 ], [ 1.75253, 42.86678 ], [ 1.75611, 42.86703 ], [ 1.75657, 42.86858 ], [ 1.75946, 42.86953 ], [ 1.76042, 42.87262 ], [ 1.77072, 42.87952 ], [ 1.77449, 42.88389 ], [ 1.77475, 42.88621 ], [ 1.77794, 42.88929 ], [ 1.78603, 42.89233 ], [ 1.79096, 42.89245 ], [ 1.79905, 42.8984 ], [ 1.80778, 42.90071 ], [ 1.81261, 42.90349 ], [ 1.81482, 42.90343 ], [ 1.82037, 42.90535 ], [ 1.8252, 42.90788 ], [ 1.82567, 42.90896 ], [ 1.82729, 42.90873 ], [ 1.82841, 42.90995 ], [ 1.83006, 42.91011 ], [ 1.83376, 42.91361 ], [ 1.83642, 42.91358 ], [ 1.8421, 42.92502 ], [ 1.84568, 42.92487 ], [ 1.84569, 42.92805 ], [ 1.84807, 42.93048 ], [ 1.85076, 42.93699 ], [ 1.84987, 42.93896 ], [ 1.85093, 42.94113 ], [ 1.85388, 42.9417 ], [ 1.85914, 42.94831 ], [ 1.86063, 42.94829 ], [ 1.86342, 42.95064 ], [ 1.86316, 42.95401 ], [ 1.86126, 42.95588 ], [ 1.86556, 42.95834 ], [ 1.86964, 42.96392 ], [ 1.87227, 42.96588 ], [ 1.8698, 42.97051 ], [ 1.87068, 42.9735 ], [ 1.86922, 42.9753 ], [ 1.87102, 42.97916 ], [ 1.8789, 42.97975 ], [ 1.87788, 42.98103 ], [ 1.88143, 42.98196 ], [ 1.88144, 42.98378 ], [ 1.88545, 42.98357 ], [ 1.88624, 42.98444 ], [ 1.89038, 42.98512 ], [ 1.89084, 42.98615 ], [ 1.88973, 42.98669 ], [ 1.89219, 42.98739 ], [ 1.89296, 42.9892 ], [ 1.8985, 42.98895 ], [ 1.89972, 42.98964 ], [ 1.89878, 42.99148 ], [ 1.90027, 42.99216 ], [ 1.90833, 42.99159 ], [ 1.91353, 42.98874 ], [ 1.91595, 42.99005 ], [ 1.91546, 42.99144 ], [ 1.92305, 42.99145 ], [ 1.92108, 42.99336 ], [ 1.92254, 42.99336 ], [ 1.92559, 42.99534 ], [ 1.92581, 42.99819 ], [ 1.92248, 42.99882 ], [ 1.92394, 43.00062 ], [ 1.91947, 43.00046 ], [ 1.91932, 43.00276 ], [ 1.91662, 43.0039 ], [ 1.91487, 43.00624 ], [ 1.91673, 43.00942 ], [ 1.91446, 43.01489 ], [ 1.91648, 43.01726 ], [ 1.91719, 43.02035 ], [ 1.92147, 43.02287 ], [ 1.9202, 43.02513 ], [ 1.91766, 43.02602 ], [ 1.92147, 43.02655 ], [ 1.92403, 43.02908 ], [ 1.9236, 43.03068 ], [ 1.92491, 43.03294 ], [ 1.92332, 43.03425 ], [ 1.92139, 43.03438 ], [ 1.92304, 43.03608 ], [ 1.92249, 43.03862 ], [ 1.92631, 43.04033 ], [ 1.92654, 43.04186 ], [ 1.92866, 43.0402 ], [ 1.93132, 43.04082 ], [ 1.93397, 43.04019 ] ] } },
{ "type": "Feature", "properties": { "name": "Ruisseau Longis", "weight_class": 1, "permanent": false, "length_km": 3.7 }, "geometry": { "type": "LineString", "coordinates": [ [ 1.93322, 43.00697 ], [ 1.93144, 43.01181 ], [ 1.93324, 43.0126 ], [ 1.93525, 43.01938 ], [ 1.93411, 43.02058 ], [ 1.9353, 43.02749 ], [ 1.93451, 43.03136 ], [ 1.94028, 43.03523 ] ] } },
{ "type": "Feature", "properties": { "name": "Ruisseau de Founts Piquets", "weight_class": 1, "permanent": false, "length_km": 2.1 }, "geometry": { "type": "LineString", "coordinates": [ [ 1.8795, 43.01738 ], [ 1.88215, 43.02259 ], [ 1.88565, 43.02362 ], [ 1.88844, 43.02625 ], [ 1.8914, 43.02533 ], [ 1.89593, 43.02668 ] ] } },
{ "type": "Feature", "properties": { "name": "Ruisseau de la Galage", "weight_class": 1, "permanent": false, "length_km": 3.9 }, "geometry": { "type": "LineString", "coordinates": [ [ 1.8746, 43.03821 ], [ 1.87276, 43.03851 ], [ 1.8733, 43.0414 ], [ 1.87639, 43.04198 ], [ 1.88281, 43.04593 ], [ 1.8859, 43.04631 ], [ 1.88771, 43.04805 ], [ 1.88226, 43.05927 ], [ 1.88402, 43.06269 ] ] } },
{ "type": "Feature", "properties": { "name": "Ruisseau du Rada", "weight_class": 1, "permanent": false, "length_km": 2.7 }, "geometry": { "type": "LineString", "coordinates": [ [ 1.80047, 43.05703 ], [ 1.79907, 43.05897 ], [ 1.7998, 43.06206 ], [ 1.79696, 43.06541 ], [ 1.7969, 43.06908 ], [ 1.79514, 43.07336 ], [ 1.79527, 43.07948 ] ] } },
{ "type": "Feature", "properties": { "name": "Ruisseau du Mailhos et Coume Salade", "weight_class": 1, "permanent": false, "length_km": 2.1 }, "geometry": { "type": "LineString", "coordinates": [ [ 1.87164, 43.04516 ], [ 1.86462, 43.04787 ], [ 1.86011, 43.04834 ], [ 1.85462, 43.05158 ], [ 1.85033, 43.05248 ] ] } },
{ "type": "Feature", "properties": { "name": "Ruisseau de Castagne ou du Pont de Laze", "weight_class": 1, "permanent": false, "length_km": 4.4 }, "geometry": { "type": "LineString", "coordinates": [ [ 1.77984, 43.05578 ], [ 1.77661, 43.06196 ], [ 1.77733, 43.06628 ], [ 1.77316, 43.07182 ], [ 1.7753, 43.0767 ], [ 1.7724, 43.07965 ], [ 1.77152, 43.08316 ], [ 1.76971, 43.08473 ], [ 1.77271, 43.08743 ], [ 1.77252, 43.0897 ] ] } },
{ "type": "Feature", "properties": { "name": "Ruisseau de Fount Cassa", "weight_class": 1, "permanent": false, "length_km": 2.0 }, "geometry": { "type": "LineString", "coordinates": [ [ 1.81558, 43.03731 ], [ 1.81454, 43.04225 ], [ 1.80807, 43.04519 ], [ 1.80145, 43.04985 ] ] } },
{ "type": "Feature", "properties": { "name": "Ruisseau de Vermeille", "weight_class": 1, "permanent": false, "length_km": 2.2 }, "geometry": { "type": "LineString", "coordinates": [ [ 1.78556, 43.05392 ], [ 1.78738, 43.05439 ], [ 1.78901, 43.0564 ], [ 1.78945, 43.06343 ], [ 1.79631, 43.06982 ] ] } },
{ "type": "Feature", "properties": { "name": "Ruisseau de Labéouradou", "weight_class": 1, "permanent": false, "length_km": 3.4 }, "geometry": { "type": "LineString", "coordinates": [ [ 1.87788, 43.11404 ], [ 1.87805, 43.11331 ], [ 1.87508, 43.11194 ], [ 1.87565, 43.10999 ], [ 1.8847, 43.10279 ], [ 1.88873, 43.09785 ], [ 1.88801, 43.09544 ], [ 1.88042, 43.09309 ] ] } },
{ "type": "Feature", "properties": { "name": "Ruisseau du Casquet", "weight_class": 1, "permanent": false, "length_km": 2.3 }, "geometry": { "type": "LineString", "coordinates": [ [ 1.7681, 43.10412 ], [ 1.75859, 43.10399 ], [ 1.75234, 43.09823 ], [ 1.74977, 43.09962 ], [ 1.74527, 43.09998 ] ] } },
{ "type": "Feature", "properties": { "name": "Ruisseau de la Tuilerie/Ruisseau de Mounichou", "weight_class": 1, "permanent": false, "length_km": 2.1 }, "geometry": { "type": "LineString", "coordinates": [ [ 1.82106, 43.01232 ], [ 1.81563, 43.01031 ], [ 1.81276, 43.0104 ], [ 1.80857, 43.00681 ], [ 1.79924, 43.00702 ] ] } },
{ "type": "Feature", "properties": { "name": "Ruisseau de Coume Longue", "weight_class": 1, "permanent": true, "length_km": 9.9 }, "geometry": { "type": "LineString", "coordinates": [ [ 1.86388, 43.01716 ], [ 1.86249, 43.01874 ], [ 1.85667, 43.02095 ], [ 1.85616, 43.02273 ], [ 1.86353, 43.03402 ], [ 1.86008, 43.03696 ], [ 1.85917, 43.03978 ], [ 1.8525, 43.04461 ], [ 1.85019, 43.05381 ], [ 1.84603, 43.06016 ], [ 1.84683, 43.06341 ], [ 1.84343, 43.06971 ], [ 1.8424, 43.06973 ], [ 1.84244, 43.07375 ], [ 1.83782, 43.07731 ], [ 1.83597, 43.07639 ], [ 1.83339, 43.07861 ], [ 1.83343, 43.08155 ], [ 1.83495, 43.08388 ] ] } },
{ "type": "Feature", "properties": { "name": null, "weight_class": 1, "permanent": false, "length_km": 2.9 }, "geometry": { "type": "LineString", "coordinates": [ [ 1.80903, 43.0863 ], [ 1.80836, 43.08543 ], [ 1.80344, 43.08423 ], [ 1.80056, 43.08479 ], [ 1.79287, 43.08406 ], [ 1.78262, 43.08662 ], [ 1.77952, 43.08697 ], [ 1.77725, 43.0861 ] ] } },
{ "type": "Feature", "properties": { "name": "Ruisseau de Coume Gaous", "weight_class": 1, "permanent": false, "length_km": 2.8 }, "geometry": { "type": "LineString", "coordinates": [ [ 1.77895, 43.01296 ], [ 1.78154, 43.02067 ], [ 1.78141, 43.02454 ], [ 1.77263, 43.0269 ], [ 1.76804, 43.03081 ] ] } },
{ "type": "Feature", "properties": { "name": "Ruisseau Poumirol", "weight_class": 1, "permanent": true, "length_km": 2.1 }, "geometry": { "type": "LineString", "coordinates": [ [ 1.79322, 43.12057 ], [ 1.79079, 43.11937 ], [ 1.79065, 43.11659 ], [ 1.78764, 43.11346 ], [ 1.77569, 43.10949 ] ] } },
{ "type": "Feature", "properties": { "name": "Ruisseau d'en Peyrotte", "weight_class": 1, "permanent": false, "length_km": 2.7 }, "geometry": { "type": "LineString", "coordinates": [ [ 1.83384, 43.11644 ], [ 1.83044, 43.11791 ], [ 1.82823, 43.11748 ], [ 1.82236, 43.11841 ], [ 1.82029, 43.11689 ], [ 1.81947, 43.11217 ], [ 1.81453, 43.10739 ], [ 1.81309, 43.10704 ] ] } },
{ "type": "Feature", "properties": { "name": "Canal du Moulin de Basset", "weight_class": 2, "permanent": false, "length_km": 3.1 }, "geometry": { "type": "LineString", "coordinates": [ [ 1.86246, 43.09065 ], [ 1.84584, 43.08524 ], [ 1.8383, 43.07953 ], [ 1.83461, 43.07868 ], [ 1.83345, 43.08145 ] ] } },
{ "type": "Feature", "properties": { "name": "Ruisseau de Malpas", "weight_class": 1, "permanent": false, "length_km": 2.1 }, "geometry": { "type": "LineString", "coordinates": [ [ 1.7995, 43.09932 ], [ 1.79498, 43.10235 ], [ 1.78752, 43.10079 ], [ 1.78245, 43.10209 ], [ 1.77756, 43.1 ] ] } },
{ "type": "Feature", "properties": { "name": "Ruisseau de la Coume de Millas", "weight_class": 1, "permanent": false, "length_km": 2.1 }, "geometry": { "type": "LineString", "coordinates": [ [ 1.83051, 43.09382 ], [ 1.82854, 43.09511 ], [ 1.8264, 43.09499 ], [ 1.81926, 43.09198 ], [ 1.81812, 43.0924 ], [ 1.81408, 43.08969 ], [ 1.81221, 43.08926 ], [ 1.80877, 43.09002 ] ] } },
{ "type": "Feature", "properties": { "name": "Ruisseau du Pontarou", "weight_class": 2, "permanent": false, "length_km": 2.6 }, "geometry": { "type": "LineString", "coordinates": [ [ 1.75966, 43.11622 ], [ 1.75509, 43.11938 ], [ 1.75231, 43.11986 ], [ 1.74227, 43.11823 ], [ 1.73864, 43.11873 ], [ 1.73563, 43.11761 ], [ 1.73455, 43.12049 ] ] } },
{ "type": "Feature", "properties": { "name": "Ruisseau de Paradis", "weight_class": 1, "permanent": false, "length_km": 2.3 }, "geometry": { "type": "LineString", "coordinates": [ [ 1.76034, 43.10981 ], [ 1.75624, 43.11182 ], [ 1.75323, 43.11091 ], [ 1.74395, 43.09889 ] ] } },
{ "type": "Feature", "properties": { "name": "Ruisseau de l'Egassier", "weight_class": 1, "permanent": false, "length_km": 7.7 }, "geometry": { "type": "LineString", "coordinates": [ [ 1.68874, 43.07876 ], [ 1.68864, 43.08613 ], [ 1.69193, 43.09135 ], [ 1.69373, 43.092 ], [ 1.69443, 43.10076 ], [ 1.69786, 43.10471 ], [ 1.70669, 43.10668 ], [ 1.71082, 43.10898 ], [ 1.71258, 43.10894 ], [ 1.72013, 43.10529 ], [ 1.72543, 43.10498 ], [ 1.73857, 43.10842 ], [ 1.73908, 43.10955 ], [ 1.73673, 43.11205 ], [ 1.73854, 43.11324 ] ] } },
{ "type": "Feature", "properties": { "name": "le Countirou", "weight_class": 1, "permanent": true, "length_km": 15.5 }, "geometry": { "type": "LineString", "coordinates": [ [ 1.85576, 42.98528 ], [ 1.8622, 42.98352 ], [ 1.86593, 42.98409 ], [ 1.87813, 42.99368 ], [ 1.88288, 43.00089 ], [ 1.88544, 43.00801 ], [ 1.89313, 43.01818 ], [ 1.89496, 43.02523 ], [ 1.89828, 43.02869 ], [ 1.89937, 43.03228 ], [ 1.89981, 43.03957 ], [ 1.89764, 43.04674 ], [ 1.89426, 43.05161 ], [ 1.89121, 43.05196 ], [ 1.89097, 43.05379 ], [ 1.88739, 43.05566 ], [ 1.88394, 43.06067 ], [ 1.88407, 43.0637 ], [ 1.88081, 43.06443 ], [ 1.88114, 43.0684 ], [ 1.87968, 43.0732 ], [ 1.88162, 43.07518 ], [ 1.87799, 43.07816 ], [ 1.87737, 43.08256 ], [ 1.87899, 43.08603 ], [ 1.87949, 43.09346 ] ] } },
{ "type": "Feature", "properties": { "name": "Canal des Moulins de Mirepoix", "weight_class": 2, "permanent": true, "length_km": 4.2 }, "geometry": { "type": "LineString", "coordinates": [ [ 1.9105, 43.0918 ], [ 1.90431, 43.0869 ], [ 1.9026, 43.08437 ], [ 1.89589, 43.0861 ], [ 1.8923, 43.08868 ], [ 1.8869, 43.08935 ], [ 1.88064, 43.08809 ], [ 1.87774, 43.09035 ], [ 1.86872, 43.09081 ] ] } },
{ "type": "Feature", "properties": { "name": "Coume de Saint-Martin", "weight_class": 1, "permanent": false, "length_km": 2.3 }, "geometry": { "type": "LineString", "coordinates": [ [ 1.83211, 43.06161 ], [ 1.83037, 43.06299 ], [ 1.83028, 43.06486 ], [ 1.8263, 43.06707 ], [ 1.82304, 43.06759 ], [ 1.8236, 43.07083 ], [ 1.82112, 43.07688 ] ] } },
{ "type": "Feature", "properties": { "name": "le Pintat", "weight_class": 1, "permanent": false, "length_km": 2.0 }, "geometry": { "type": "LineString", "coordinates": [ [ 1.86467, 43.07379 ], [ 1.85318, 43.08142 ], [ 1.85, 43.08504 ], [ 1.8475, 43.08562 ] ] } },
{ "type": "Feature", "properties": { "name": "Ruisseau de la Tuilerie", "weight_class": 1, "permanent": false, "length_km": 3.6 }, "geometry": { "type": "LineString", "coordinates": [ [ 1.7638, 43.06096 ], [ 1.76366, 43.06442 ], [ 1.76101, 43.06738 ], [ 1.76007, 43.07425 ], [ 1.76178, 43.07965 ], [ 1.7598, 43.08341 ], [ 1.76322, 43.08822 ], [ 1.76259, 43.09013 ] ] } },
{ "type": "Feature", "properties": { "name": "le Douctouyre", "weight_class": 1, "permanent": true, "length_km": 43.8 }, "geometry": { "type": "LineString", "coordinates": [ [ 1.73039, 42.86966 ], [ 1.72995, 42.87759 ], [ 1.73251, 42.8824 ], [ 1.73216, 42.88582 ], [ 1.73381, 42.88623 ], [ 1.74035, 42.8968 ], [ 1.73963, 42.89997 ], [ 1.74154, 42.90431 ], [ 1.75136, 42.91039 ], [ 1.75265, 42.91503 ], [ 1.75491, 42.91535 ], [ 1.75588, 42.91453 ], [ 1.76221, 42.91362 ], [ 1.77077, 42.91416 ], [ 1.77306, 42.91257 ], [ 1.77445, 42.91341 ], [ 1.77816, 42.91171 ], [ 1.78044, 42.91273 ], [ 1.78473, 42.91154 ], [ 1.78861, 42.91332 ], [ 1.79149, 42.91354 ], [ 1.79157, 42.91537 ], [ 1.7932, 42.91505 ], [ 1.79484, 42.91586 ], [ 1.79491, 42.9184 ], [ 1.79597, 42.9184 ], [ 1.79662, 42.91991 ], [ 1.79426, 42.92084 ], [ 1.79219, 42.92324 ], [ 1.79567, 42.92928 ], [ 1.79429, 42.93398 ], [ 1.79496, 42.93685 ], [ 1.79401, 42.94004 ], [ 1.79232, 42.94164 ], [ 1.79273, 42.94315 ], [ 1.78729, 42.94415 ], [ 1.7869, 42.94517 ], [ 1.78338, 42.94504 ], [ 1.7815, 42.94586 ], [ 1.77924, 42.94783 ], [ 1.77992, 42.94876 ], [ 1.77755, 42.95313 ], [ 1.77437, 42.95412 ], [ 1.77259, 42.95604 ], [ 1.77359, 42.95675 ], [ 1.7733, 42.96018 ], [ 1.77666, 42.9617 ], [ 1.77728, 42.96362 ], [ 1.77389, 42.96461 ], [ 1.77319, 42.96726 ], [ 1.77182, 42.96823 ], [ 1.77284, 42.97329 ], [ 1.77131, 42.97475 ], [ 1.77338, 42.97702 ], [ 1.7783, 42.97704 ], [ 1.78133, 42.97885 ], [ 1.78601, 42.97992 ], [ 1.78362, 42.98156 ], [ 1.78324, 42.98371 ], [ 1.7863, 42.98414 ], [ 1.78912, 42.98631 ], [ 1.79034, 42.98831 ], [ 1.78946, 42.98956 ], [ 1.79086, 42.99011 ], [ 1.79136, 42.99219 ], [ 1.79288, 42.99268 ], [ 1.79221, 42.99362 ], [ 1.79368, 42.99343 ], [ 1.79324, 42.99535 ], [ 1.79524, 42.99738 ], [ 1.79355, 42.99936 ], [ 1.79561, 42.99999 ], [ 1.79553, 43.00191 ], [ 1.79747, 43.00236 ], [ 1.79771, 43.00634 ], [ 1.79957, 43.00781 ], [ 1.79654, 43.01065 ], [ 1.79352, 43.01182 ], [ 1.79492, 43.01364 ], [ 1.79776, 43.01416 ], [ 1.79944, 43.01601 ], [ 1.79866, 43.0209 ], [ 1.79566, 43.02166 ], [ 1.79745, 43.02475 ], [ 1.79603, 43.02714 ], [ 1.79748, 43.03029 ], [ 1.79197, 43.03672 ], [ 1.79362, 43.03906 ], [ 1.7905, 43.04128 ], [ 1.7926, 43.04254 ], [ 1.79065, 43.04207 ], [ 1.79139, 43.04328 ], [ 1.78855, 43.04552 ], [ 1.78283, 43.0478 ], [ 1.78086, 43.0468 ], [ 1.77999, 43.04839 ], [ 1.7754, 43.04671 ], [ 1.77556, 43.04477 ], [ 1.77375, 43.0433 ], [ 1.77184, 43.0441 ], [ 1.77069, 43.04614 ], [ 1.76442, 43.04629 ], [ 1.7647, 43.04907 ], [ 1.76065, 43.04893 ], [ 1.76126, 43.05328 ], [ 1.76008, 43.05446 ], [ 1.75846, 43.05517 ], [ 1.75627, 43.05467 ], [ 1.75338, 43.05581 ], [ 1.75189, 43.05885 ], [ 1.74688, 43.05833 ], [ 1.74811, 43.06003 ], [ 1.74646, 43.06164 ], [ 1.74429, 43.06206 ], [ 1.7459, 43.06311 ], [ 1.74069, 43.06628 ], [ 1.74155, 43.068 ], [ 1.74326, 43.06779 ], [ 1.7424, 43.06956 ], [ 1.74572, 43.07311 ], [ 1.74421, 43.0742 ], [ 1.74358, 43.07704 ], [ 1.74585, 43.07712 ], [ 1.74602, 43.07929 ], [ 1.74977, 43.07919 ], [ 1.75019, 43.08143 ], [ 1.75312, 43.0844 ], [ 1.75318, 43.08762 ], [ 1.75538, 43.08919 ], [ 1.75736, 43.08903 ], [ 1.75476, 43.09096 ], [ 1.75497, 43.09251 ] ] } },
{ "type": "Feature", "properties": { "name": "Ruisseau de Sénabugue", "weight_class": 1, "permanent": false, "length_km": 2.1 }, "geometry": { "type": "LineString", "coordinates": [ [ 1.83294, 43.05286 ], [ 1.82739, 43.05686 ], [ 1.82158, 43.05595 ], [ 1.81499, 43.05278 ], [ 1.81351, 43.05087 ] ] } },
{ "type": "Feature", "properties": { "name": "Ruisseau de Senesse/Ruisseau des Gourds", "weight_class": 1, "permanent": true, "length_km": 13.2 }, "geometry": { "type": "LineString", "coordinates": [ [ 1.84286, 42.99063 ], [ 1.83798, 42.98947 ], [ 1.83692, 42.98822 ], [ 1.8316, 42.98844 ], [ 1.82891, 42.99036 ], [ 1.83097, 42.9933 ], [ 1.82946, 42.9972 ], [ 1.83088, 43.00117 ], [ 1.83721, 43.00414 ], [ 1.84284, 43.01125 ], [ 1.84192, 43.01441 ], [ 1.84593, 43.01641 ], [ 1.84528, 43.01798 ], [ 1.84243, 43.01949 ], [ 1.84161, 43.02216 ], [ 1.83955, 43.02332 ], [ 1.83806, 43.02747 ], [ 1.83478, 43.029 ], [ 1.83073, 43.0346 ], [ 1.82765, 43.03595 ], [ 1.82654, 43.03859 ], [ 1.82506, 43.03901 ], [ 1.82249, 43.04373 ], [ 1.82058, 43.04498 ], [ 1.82071, 43.04639 ], [ 1.81907, 43.04705 ], [ 1.8193, 43.0483 ], [ 1.81748, 43.04843 ], [ 1.81371, 43.05082 ], [ 1.80706, 43.05173 ], [ 1.78855, 43.04552 ] ] } },
{ "type": "Feature", "properties": { "name": "le Mau Ru", "weight_class": 1, "permanent": false, "length_km": 2.3 }, "geometry": { "type": "LineString", "coordinates": [ [ 1.81316, 43.05781 ], [ 1.81047, 43.06074 ], [ 1.81125, 43.0628 ], [ 1.81046, 43.06534 ], [ 1.81247, 43.07152 ], [ 1.81211, 43.07681 ] ] } },
{ "type": "Feature", "properties": { "name": "Ruisseau de Carbonnière", "weight_class": 1, "permanent": false, "length_km": 2.1 }, "geometry": { "type": "LineString", "coordinates": [ [ 1.81577, 43.05796 ], [ 1.81664, 43.07596 ] ] } },
{ "type": "Feature", "properties": { "name": "Ruisseau de Ternesse", "weight_class": 1, "permanent": false, "length_km": 7.7 }, "geometry": { "type": "LineString", "coordinates": [ [ 1.75742, 42.99189 ], [ 1.7624, 43.00079 ], [ 1.76145, 43.00324 ], [ 1.76264, 43.00485 ], [ 1.76172, 43.00886 ], [ 1.76236, 43.01254 ], [ 1.75956, 43.0197 ], [ 1.75968, 43.02366 ], [ 1.76016, 43.02462 ], [ 1.76102, 43.02431 ], [ 1.76197, 43.02685 ], [ 1.76804, 43.03081 ], [ 1.77133, 43.03535 ], [ 1.77755, 43.0394 ], [ 1.78109, 43.0455 ], [ 1.77861, 43.04782 ] ] } },
{ "type": "Feature", "properties": { "name": "Ruisseau de la Bouiche", "weight_class": 1, "permanent": true, "length_km": 4.9 }, "geometry": { "type": "LineString", "coordinates": [ [ 1.74477, 43.02151 ], [ 1.74243, 43.02423 ], [ 1.74507, 43.02946 ], [ 1.73937, 43.03608 ], [ 1.73734, 43.04146 ], [ 1.74318, 43.0461 ], [ 1.74572, 43.04983 ], [ 1.75118, 43.05284 ], [ 1.75284, 43.05651 ] ] } },
{ "type": "Feature", "properties": { "name": "Ruisseau de Saint-Paul", "weight_class": 1, "permanent": true, "length_km": 2.1 }, "geometry": { "type": "LineString", "coordinates": [ [ 1.86433, 43.00648 ], [ 1.86771, 43.00754 ], [ 1.86943, 43.00949 ], [ 1.87404, 43.01077 ], [ 1.87924, 43.00987 ], [ 1.88158, 43.00799 ], [ 1.8855, 43.00748 ] ] } },
{ "type": "Feature", "properties": { "name": "Ruisseau du Pessa", "weight_class": 1, "permanent": true, "length_km": 2.1 }, "geometry": { "type": "LineString", "coordinates": [ [ 1.82239, 43.02181 ], [ 1.81843, 43.02172 ], [ 1.81213, 43.0199 ], [ 1.80504, 43.02137 ], [ 1.79865, 43.02081 ] ] } },
{ "type": "Feature", "properties": { "name": "Ruisseau de la Coume de Cénant", "weight_class": 1, "permanent": false, "length_km": 2.8 }, "geometry": { "type": "LineString", "coordinates": [ [ 1.74815, 43.01754 ], [ 1.74993, 43.01821 ], [ 1.75291, 43.02243 ], [ 1.75308, 43.02889 ], [ 1.75555, 43.03162 ], [ 1.76027, 43.03229 ], [ 1.76644, 43.02969 ] ] } },
{ "type": "Feature", "properties": { "name": "Ruisseau de Trière", "weight_class": 1, "permanent": false, "length_km": 3.1 }, "geometry": { "type": "LineString", "coordinates": [ [ 1.93342, 43.00481 ], [ 1.94025, 43.00236 ], [ 1.94369, 42.99985 ], [ 1.94757, 42.99918 ], [ 1.94947, 43.00102 ], [ 1.94919, 43.00318 ], [ 1.95221, 43.0051 ], [ 1.96244, 43.00473 ] ] } },
{ "type": "Feature", "properties": { "name": "Ravin de la Touna", "weight_class": 1, "permanent": false, "length_km": 2.2 }, "geometry": { "type": "LineString", "coordinates": [ [ 1.92662, 42.96768 ], [ 1.9321, 42.96738 ], [ 1.9352, 42.96623 ], [ 1.94422, 42.96877 ], [ 1.95087, 42.96854 ] ] } },
{ "type": "Feature", "properties": { "name": "Ruisseau de Fountrious", "weight_class": 1, "permanent": false, "length_km": 3.3 }, "geometry": { "type": "LineString", "coordinates": [ [ 1.89832, 42.96453 ], [ 1.89721, 42.96704 ], [ 1.89831, 42.96838 ], [ 1.90099, 42.96921 ], [ 1.90092, 42.97206 ], [ 1.90356, 42.97345 ], [ 1.90848, 42.97359 ], [ 1.9103, 42.97727 ], [ 1.91674, 42.98157 ], [ 1.91772, 42.98404 ] ] } },
{ "type": "Feature", "properties": { "name": "Ruisseau de Peleport", "weight_class": 1, "permanent": false, "length_km": 2.4 }, "geometry": { "type": "LineString", "coordinates": [ [ 1.94523, 42.9328 ], [ 1.94964, 42.93216 ], [ 1.95275, 42.92999 ], [ 1.9484, 42.92448 ], [ 1.95074, 42.9211 ], [ 1.95628, 42.91938 ] ] } },
{ "type": "Feature", "properties": { "name": "Ruisseau de Rieufourcant", "weight_class": 1, "permanent": false, "length_km": 2.8 }, "geometry": { "type": "LineString", "coordinates": [ [ 1.94104, 42.87231 ], [ 1.94125, 42.87612 ], [ 1.93805, 42.87884 ], [ 1.93355, 42.88816 ], [ 1.93603, 42.89453 ] ] } },
{ "type": "Feature", "properties": { "name": "Ruisseau de Beriaro", "weight_class": 1, "permanent": true, "length_km": 2.5 }, "geometry": { "type": "LineString", "coordinates": [ [ 1.92719, 42.92526 ], [ 1.92566, 42.92738 ], [ 1.92025, 42.92864 ], [ 1.90912, 42.92907 ], [ 1.90401, 42.92847 ], [ 1.90152, 42.93026 ] ] } },
{ "type": "Feature", "properties": { "name": null, "weight_class": 1, "permanent": false, "length_km": 2.4 }, "geometry": { "type": "LineString", "coordinates": [ [ 1.9844, 42.96969 ], [ 1.98272, 42.9672 ], [ 1.97019, 42.96804 ], [ 1.96117, 42.9747 ] ] } },
{ "type": "Feature", "properties": { "name": null, "weight_class": 1, "permanent": true, "length_km": 3.8 }, "geometry": { "type": "LineString", "coordinates": [ [ 1.95064, 42.96782 ], [ 1.95214, 42.97185 ], [ 1.95551, 42.97358 ], [ 1.96117, 42.9747 ], [ 1.95921, 42.9761 ], [ 1.95719, 42.98757 ], [ 1.95964, 42.99605 ] ] } },
{ "type": "Feature", "properties": { "name": "Ruisseau de Trière", "weight_class": 2, "permanent": true, "length_km": 2.1 }, "geometry": { "type": "LineString", "coordinates": [ [ 1.96358, 42.99415 ], [ 1.95964, 42.99605 ], [ 1.96058, 42.9991 ], [ 1.96271, 43.00144 ], [ 1.96244, 43.00473 ], [ 1.96458, 43.00555 ], [ 1.9641, 43.00659 ], [ 1.96555, 43.00877 ] ] } },
{ "type": "Feature", "properties": { "name": "Ruisseau de Font Rioux", "weight_class": 1, "permanent": true, "length_km": 5.0 }, "geometry": { "type": "LineString", "coordinates": [ [ 1.92416, 42.96881 ], [ 1.92604, 42.97458 ], [ 1.91914, 42.97945 ], [ 1.91892, 42.98334 ], [ 1.91772, 42.98404 ], [ 1.91932, 42.98707 ], [ 1.92611, 42.98613 ], [ 1.93043, 42.98823 ], [ 1.93138, 42.98966 ], [ 1.93217, 42.99389 ], [ 1.92803, 42.99758 ], [ 1.92584, 42.99796 ] ] } },
{ "type": "Feature", "properties": { "name": "le Riveillou", "weight_class": 1, "permanent": true, "length_km": 3.8 }, "geometry": { "type": "LineString", "coordinates": [ [ 1.96118, 42.92555 ], [ 1.95719, 42.92252 ], [ 1.95629, 42.9195 ], [ 1.96026, 42.91661 ], [ 1.97126, 42.91402 ], [ 1.9754, 42.91461 ], [ 1.97819, 42.9141 ], [ 1.98616, 42.91814 ] ] } },
{ "type": "Feature", "properties": { "name": "Ruisseau de la Vernède", "weight_class": 1, "permanent": false, "length_km": 2.1 }, "geometry": { "type": "LineString", "coordinates": [ [ 1.96599, 42.92754 ], [ 1.9901, 42.92162 ] ] } },
{ "type": "Feature", "properties": { "name": "Ruisseau de Lafage", "weight_class": 1, "permanent": true, "length_km": 4.1 }, "geometry": { "type": "LineString", "coordinates": [ [ 1.94231, 42.93562 ], [ 1.94029, 42.93384 ], [ 1.93281, 42.93485 ], [ 1.92707, 42.93056 ], [ 1.92253, 42.93157 ], [ 1.91784, 42.93481 ], [ 1.91017, 42.93424 ], [ 1.90773, 42.93335 ], [ 1.90603, 42.93146 ], [ 1.90564, 42.92893 ] ] } },
{ "type": "Feature", "properties": { "name": "Ruisseau de Bénaix", "weight_class": 1, "permanent": true, "length_km": 5.0 }, "geometry": { "type": "LineString", "coordinates": [ [ 1.87435, 42.89728 ], [ 1.87302, 42.89875 ], [ 1.8727, 42.90303 ], [ 1.87701, 42.90742 ], [ 1.87415, 42.90964 ], [ 1.87451, 42.91163 ], [ 1.88006, 42.91481 ], [ 1.88487, 42.91306 ], [ 1.88601, 42.91368 ], [ 1.89145, 42.91339 ], [ 1.89326, 42.91432 ], [ 1.89911, 42.91399 ], [ 1.90021, 42.91573 ], [ 1.89939, 42.91881 ] ] } },
{ "type": "Feature", "properties": { "name": "Ruisseau de la Borie", "weight_class": 1, "permanent": true, "length_km": 3.7 }, "geometry": { "type": "LineString", "coordinates": [ [ 1.97309, 42.90859 ], [ 1.97223, 42.91031 ], [ 1.9676, 42.91063 ], [ 1.95412, 42.90926 ], [ 1.95127, 42.90989 ], [ 1.94658, 42.9091 ], [ 1.94407, 42.90998 ], [ 1.93751, 42.90779 ], [ 1.93444, 42.90853 ] ] } },
{ "type": "Feature", "properties": { "name": "Ruisseau de Bicharole", "weight_class": 1, "permanent": false, "length_km": 4.6 }, "geometry": { "type": "LineString", "coordinates": [ [ 1.9444, 42.86996 ], [ 1.94995, 42.87227 ], [ 1.95129, 42.87485 ], [ 1.94761, 42.87798 ], [ 1.94875, 42.88062 ], [ 1.94846, 42.88646 ], [ 1.94587, 42.8884 ], [ 1.94282, 42.88918 ], [ 1.93991, 42.89299 ], [ 1.9364, 42.89422 ], [ 1.93479, 42.8966 ], [ 1.93304, 42.89704 ], [ 1.9302, 42.89972 ] ] } },
{ "type": "Feature", "properties": { "name": "Ruisseau de Maury", "weight_class": 1, "permanent": true, "length_km": 2.7 }, "geometry": { "type": "LineString", "coordinates": [ [ 1.92574, 42.87084 ], [ 1.92395, 42.87376 ], [ 1.92476, 42.87543 ], [ 1.92402, 42.88087 ], [ 1.92146, 42.88118 ], [ 1.92083, 42.88261 ], [ 1.91526, 42.88527 ], [ 1.91638, 42.88988 ] ] } },
{ "type": "Feature", "properties": { "name": "Ruisseau de Mède", "weight_class": 1, "permanent": false, "length_km": 2.3 }, "geometry": { "type": "LineString", "coordinates": [ [ 1.9066, 42.89952 ], [ 1.90368, 42.90426 ], [ 1.90049, 42.90644 ], [ 1.89734, 42.90725 ], [ 1.89787, 42.91043 ], [ 1.90112, 42.91206 ], [ 1.89942, 42.9148 ] ] } },
{ "type": "Feature", "properties": { "name": "Ruisseau de Coume Escure", "weight_class": 1, "permanent": false, "length_km": 2.1 }, "geometry": { "type": "LineString", "coordinates": [ [ 1.91056, 42.87127 ], [ 1.91254, 42.87743 ], [ 1.91063, 42.8818 ], [ 1.91126, 42.88654 ], [ 1.91346, 42.88876 ] ] } },
{ "type": "Feature", "properties": { "name": "Ruisseau du Gros-Peyré et de la Barraque", "weight_class": 1, "permanent": false, "length_km": 2.6 }, "geometry": { "type": "LineString", "coordinates": [ [ 1.88978, 42.9762 ], [ 1.89494, 42.97755 ], [ 1.89476, 42.98013 ], [ 1.89655, 42.98129 ], [ 1.90289, 42.9811 ], [ 1.90642, 42.98299 ], [ 1.90633, 42.98415 ], [ 1.90946, 42.98786 ] ] } },
{ "type": "Feature", "properties": { "name": "Ruisseau de la Prade", "weight_class": 1, "permanent": true, "length_km": 2.1 }, "geometry": { "type": "LineString", "coordinates": [ [ 1.86484, 42.89624 ], [ 1.86185, 42.90555 ], [ 1.85033, 42.90619 ] ] } },
{ "type": "Feature", "properties": { "name": "Ruisseau de Piteil", "weight_class": 1, "permanent": true, "length_km": 2.5 }, "geometry": { "type": "LineString", "coordinates": [ [ 1.88058, 42.93636 ], [ 1.87524, 42.93808 ], [ 1.87368, 42.94186 ], [ 1.86701, 42.94227 ], [ 1.861, 42.94468 ], [ 1.86014, 42.9482 ] ] } },
{ "type": "Feature", "properties": { "name": "Ruisseau de Feyche Longue", "weight_class": 2, "permanent": true, "length_km": 2.5 }, "geometry": { "type": "LineString", "coordinates": [ [ 1.84433, 42.98255 ], [ 1.84912, 42.98409 ], [ 1.85833, 42.98241 ], [ 1.86385, 42.98002 ], [ 1.86915, 42.98056 ], [ 1.87183, 42.97965 ] ] } },
{ "type": "Feature", "properties": { "name": "Ruisseau de l'Oseille/Ruisseau de Rigaut", "weight_class": 1, "permanent": true, "length_km": 3.1 }, "geometry": { "type": "LineString", "coordinates": [ [ 1.81976, 42.96616 ], [ 1.81345, 42.96728 ], [ 1.8105, 42.96696 ], [ 1.80411, 42.97029 ], [ 1.7992, 42.9709 ], [ 1.79527, 42.97493 ], [ 1.79947, 42.97944 ] ] } },
{ "type": "Feature", "properties": { "name": "Ruisseau de Freychinadel", "weight_class": 1, "permanent": true, "length_km": 3.2 }, "geometry": { "type": "LineString", "coordinates": [ [ 1.82308, 42.8796 ], [ 1.822, 42.88256 ], [ 1.82309, 42.88473 ], [ 1.82208, 42.89201 ], [ 1.81193, 42.89818 ], [ 1.81129, 42.89956 ], [ 1.81236, 42.90338 ] ] } },
{ "type": "Feature", "properties": { "name": null, "weight_class": 1, "permanent": true, "length_km": 2.7 }, "geometry": { "type": "LineString", "coordinates": [ [ 1.82339, 42.9138 ], [ 1.81642, 42.9135 ], [ 1.81578, 42.91516 ], [ 1.81382, 42.91515 ], [ 1.807, 42.91824 ], [ 1.80177, 42.91829 ], [ 1.79614, 42.9203 ] ] } },
{ "type": "Feature", "properties": { "name": null, "weight_class": 1, "permanent": true, "length_km": 2.6 }, "geometry": { "type": "LineString", "coordinates": [ [ 1.87158, 42.92329 ], [ 1.87219, 42.92238 ], [ 1.88182, 42.9215 ], [ 1.89781, 42.91655 ], [ 1.89962, 42.91693 ] ] } },
{ "type": "Feature", "properties": { "name": "Ruisseau de Dardé/Ruisseau de Fontario", "weight_class": 1, "permanent": false, "length_km": 2.2 }, "geometry": { "type": "LineString", "coordinates": [ [ 1.77713, 43.00839 ], [ 1.77779, 43.00502 ], [ 1.78414, 42.99921 ], [ 1.79435, 42.99613 ] ] } },
{ "type": "Feature", "properties": { "name": "Ruisseau de Jourda", "weight_class": 1, "permanent": true, "length_km": 2.9 }, "geometry": { "type": "LineString", "coordinates": [ [ 1.81708, 42.99754 ], [ 1.82078, 43.00123 ], [ 1.82809, 43.00493 ], [ 1.83199, 43.00997 ], [ 1.84192, 43.01307 ] ] } },
{ "type": "Feature", "properties": { "name": "Ruisseau du Sautel/Ruisseau de Touloumy", "weight_class": 1, "permanent": true, "length_km": 8.0 }, "geometry": { "type": "LineString", "coordinates": [ [ 1.82654, 42.96003 ], [ 1.82724, 42.96565 ], [ 1.83577, 42.96411 ], [ 1.84149, 42.96414 ], [ 1.84253, 42.96834 ], [ 1.83859, 42.97035 ], [ 1.8287, 42.9728 ], [ 1.82604, 42.97504 ], [ 1.81763, 42.97605 ], [ 1.81171, 42.97583 ], [ 1.81049, 42.9767 ], [ 1.80746, 42.97651 ], [ 1.8041, 42.97859 ], [ 1.80027, 42.97858 ], [ 1.79935, 42.97952 ], [ 1.7909, 42.98196 ], [ 1.78776, 42.98534 ] ] } },
{ "type": "Feature", "properties": { "name": "Ruisseau de la Tuilerie", "weight_class": 1, "permanent": false, "length_km": 4.4 }, "geometry": { "type": "LineString", "coordinates": [ [ 1.72622, 42.97898 ], [ 1.7253, 42.97597 ], [ 1.72664, 42.9754 ], [ 1.73357, 42.97538 ], [ 1.73669, 42.97453 ], [ 1.74241, 42.97531 ], [ 1.75266, 42.97327 ], [ 1.76128, 42.97317 ], [ 1.76603, 42.97216 ], [ 1.77087, 42.97293 ] ] } },
{ "type": "Feature", "properties": { "name": "Ruisseau de Patate", "weight_class": 1, "permanent": true, "length_km": 2.2 }, "geometry": { "type": "LineString", "coordinates": [ [ 1.84728, 42.96351 ], [ 1.84644, 42.96514 ], [ 1.85215, 42.96562 ], [ 1.85391, 42.96743 ], [ 1.84688, 42.9694 ], [ 1.83991, 42.96981 ] ] } },
{ "type": "Feature", "properties": { "name": "Ruisseau de Réviroles", "weight_class": 1, "permanent": true, "length_km": 2.6 }, "geometry": { "type": "LineString", "coordinates": [ [ 1.83879, 42.94281 ], [ 1.84169, 42.94493 ], [ 1.84476, 42.9447 ], [ 1.85367, 42.94959 ], [ 1.85729, 42.95396 ], [ 1.86163, 42.95507 ] ] } },
{ "type": "Feature", "properties": { "name": "Ruisseau de Gaillasse", "weight_class": 1, "permanent": true, "length_km": 2.1 }, "geometry": { "type": "LineString", "coordinates": [ [ 1.82785, 42.95215 ], [ 1.8375, 42.94898 ], [ 1.84224, 42.94976 ], [ 1.85143, 42.94882 ] ] } },
{ "type": "Feature", "properties": { "name": "Ruisseau de Raissac", "weight_class": 1, "permanent": true, "length_km": 2.4 }, "geometry": { "type": "LineString", "coordinates": [ [ 1.82202, 42.93851 ], [ 1.8276, 42.93559 ], [ 1.83259, 42.93506 ], [ 1.839, 42.93184 ], [ 1.8473, 42.92957 ] ] } },
{ "type": "Feature", "properties": { "name": "Ruisseau de Mézelieu", "weight_class": 1, "permanent": true, "length_km": 2.4 }, "geometry": { "type": "LineString", "coordinates": [ [ 1.87777, 42.8941 ], [ 1.87789, 42.89273 ], [ 1.88156, 42.89072 ], [ 1.88342, 42.88756 ], [ 1.89228, 42.88559 ], [ 1.8938, 42.88367 ], [ 1.89801, 42.88219 ] ] } },
{ "type": "Feature", "properties": { "name": "Ruisseau de Pelail/Ruisseau Tort", "weight_class": 1, "permanent": true, "length_km": 6.1 }, "geometry": { "type": "LineString", "coordinates": [ [ 1.85996, 42.89468 ], [ 1.85768, 42.89693 ], [ 1.85569, 42.90292 ], [ 1.85356, 42.9045 ], [ 1.85095, 42.9049 ], [ 1.85003, 42.90722 ], [ 1.84539, 42.90747 ], [ 1.8423, 42.91009 ], [ 1.85018, 42.91458 ], [ 1.84853, 42.92125 ], [ 1.85407, 42.92626 ], [ 1.84916, 42.93369 ] ] } },
{ "type": "Feature", "properties": { "name": "Ruisseau de la Débaillade", "weight_class": 1, "permanent": true, "length_km": 3.0 }, "geometry": { "type": "LineString", "coordinates": [ [ 1.83179, 42.88616 ], [ 1.84186, 42.88476 ], [ 1.85938, 42.88626 ], [ 1.86676, 42.88343 ] ] } },
{ "type": "Feature", "properties": { "name": "Ruisseau de l'Encantat", "weight_class": 1, "permanent": true, "length_km": 3.9 }, "geometry": { "type": "LineString", "coordinates": [ [ 1.80737, 42.86642 ], [ 1.80606, 42.86933 ], [ 1.80688, 42.88156 ], [ 1.79903, 42.88529 ], [ 1.793, 42.88634 ], [ 1.79201, 42.89305 ] ] } },
{ "type": "Feature", "properties": { "name": "Ruisseau de Paquet", "weight_class": 1, "permanent": true, "length_km": 2.2 }, "geometry": { "type": "LineString", "coordinates": [ [ 1.75109, 42.88629 ], [ 1.75254, 42.8908 ], [ 1.75163, 42.89389 ], [ 1.74824, 42.89678 ], [ 1.74388, 42.89775 ], [ 1.73981, 42.90041 ] ] } },
{ "type": "Feature", "properties": { "name": "Ruisseau de Saint-Nicolas", "weight_class": 1, "permanent": true, "length_km": 14.2 }, "geometry": { "type": "LineString", "coordinates": [ [ 1.77881, 42.825 ], [ 1.78046, 42.82999 ], [ 1.78377, 42.83225 ], [ 1.78948, 42.83434 ], [ 1.79037, 42.83736 ], [ 1.79998, 42.83875 ], [ 1.80163, 42.84077 ], [ 1.80606, 42.84255 ], [ 1.80794, 42.84427 ], [ 1.81135, 42.84469 ], [ 1.81507, 42.84658 ], [ 1.81808, 42.85015 ], [ 1.82514, 42.85552 ], [ 1.82682, 42.86045 ], [ 1.83284, 42.86401 ], [ 1.83788, 42.86895 ], [ 1.83861, 42.87367 ], [ 1.84475, 42.8793 ], [ 1.85849, 42.88139 ], [ 1.8651, 42.88155 ], [ 1.86629, 42.88339 ], [ 1.8693, 42.884 ], [ 1.87299, 42.88353 ], [ 1.87493, 42.88214 ], [ 1.88358, 42.88272 ], [ 1.88502, 42.88145 ], [ 1.88616, 42.88206 ], [ 1.88745, 42.88039 ], [ 1.89097, 42.88009 ], [ 1.8942, 42.87853 ] ] } },
{ "type": "Feature", "properties": { "name": "Rec de Coume Beille", "weight_class": 1, "permanent": false, "length_km": 2.1 }, "geometry": { "type": "LineString", "coordinates": [ [ 1.90175, 42.76159 ], [ 1.90545, 42.75982 ], [ 1.90585, 42.75663 ], [ 1.90306, 42.75086 ], [ 1.89926, 42.7481 ], [ 1.89719, 42.74773 ] ] } },
{ "type": "Feature", "properties": { "name": "Ruisseau de Lapinouse", "weight_class": 1, "permanent": false, "length_km": 2.7 }, "geometry": { "type": "LineString", "coordinates": [ [ 1.8154, 42.82374 ], [ 1.81848, 42.82819 ], [ 1.81798, 42.83054 ], [ 1.81515, 42.83513 ], [ 1.80744, 42.8426 ], [ 1.80779, 42.8441 ] ] } },
{ "type": "Feature", "properties": { "name": "Ruisseau de Lastou", "weight_class": 1, "permanent": true, "length_km": 2.0 }, "geometry": { "type": "LineString", "coordinates": [ [ 1.86552, 42.86734 ], [ 1.86543, 42.87274 ], [ 1.86744, 42.87493 ], [ 1.87449, 42.87914 ], [ 1.87493, 42.88214 ] ] } },
{ "type": "Feature", "properties": { "name": "Ruisseau de Fougax", "weight_class": 1, "permanent": true, "length_km": 2.8 }, "geometry": { "type": "LineString", "coordinates": [ [ 1.94054, 42.85782 ], [ 1.91749, 42.85614 ], [ 1.91397, 42.85989 ], [ 1.914, 42.8621 ], [ 1.91546, 42.86264 ] ] } },
{ "type": "Feature", "properties": { "name": "Ruisseau de Lory et des Courtasses", "weight_class": 1, "permanent": true, "length_km": 2.1 }, "geometry": { "type": "LineString", "coordinates": [ [ 1.77488, 42.85883 ], [ 1.77196, 42.86029 ], [ 1.76772, 42.86752 ], [ 1.76779, 42.86998 ], [ 1.76134, 42.87307 ] ] } },
{ "type": "Feature", "properties": { "name": "Ruisseau d'Eychenac/Ruisseau de Lègnes", "weight_class": 1, "permanent": true, "length_km": 5.2 }, "geometry": { "type": "LineString", "coordinates": [ [ 1.86578, 42.75247 ], [ 1.86116, 42.75251 ], [ 1.85624, 42.74685 ], [ 1.84279, 42.74722 ], [ 1.83671, 42.74508 ], [ 1.82789, 42.73804 ], [ 1.82209, 42.72759 ] ] } },
{ "type": "Feature", "properties": { "name": "Ruisseau de Caussou", "weight_class": 2, "permanent": true, "length_km": 7.2 }, "geometry": { "type": "LineString", "coordinates": [ [ 1.84751, 42.76636 ], [ 1.84094, 42.76444 ], [ 1.82945, 42.76476 ], [ 1.82469, 42.76511 ], [ 1.82257, 42.76645 ], [ 1.81632, 42.76749 ], [ 1.80408, 42.76731 ], [ 1.80211, 42.76864 ], [ 1.79399, 42.76704 ], [ 1.78887, 42.76437 ], [ 1.78681, 42.76467 ], [ 1.77758, 42.76006 ], [ 1.77236, 42.75959 ], [ 1.77085, 42.75804 ] ] } },
{ "type": "Feature", "properties": { "name": "Ruisseau d'Axiat", "weight_class": 1, "permanent": false, "length_km": 8.7 }, "geometry": { "type": "LineString", "coordinates": [ [ 1.79575, 42.8052 ], [ 1.79493, 42.79616 ], [ 1.79868, 42.79003 ], [ 1.79658, 42.78678 ], [ 1.79291, 42.78491 ], [ 1.78824, 42.78007 ], [ 1.78556, 42.77914 ], [ 1.78187, 42.77982 ], [ 1.76997, 42.77887 ], [ 1.76742, 42.77954 ], [ 1.76451, 42.77914 ], [ 1.76341, 42.77996 ], [ 1.76138, 42.77957 ], [ 1.75706, 42.78078 ], [ 1.75466, 42.78087 ], [ 1.75097, 42.77959 ], [ 1.7467, 42.77992 ], [ 1.74328, 42.77887 ], [ 1.74065, 42.77615 ], [ 1.73314, 42.77274 ] ] } },
{ "type": "Feature", "properties": { "name": "Ruisseau du Lac d'Appy", "weight_class": 1, "permanent": false, "length_km": 3.0 }, "geometry": { "type": "LineString", "coordinates": [ [ 1.7457, 42.81954 ], [ 1.74394, 42.81687 ], [ 1.73898, 42.81581 ], [ 1.73798, 42.81262 ], [ 1.73519, 42.81151 ], [ 1.73336, 42.80907 ], [ 1.72077, 42.80452 ] ] } },
{ "type": "Feature", "properties": { "name": "Ruisseau de l'Escloupet", "weight_class": 1, "permanent": true, "length_km": 4.1 }, "geometry": { "type": "LineString", "coordinates": [ [ 1.78287, 42.85505 ], [ 1.78562, 42.85872 ], [ 1.79129, 42.86165 ], [ 1.79487, 42.86247 ], [ 1.79405, 42.86516 ], [ 1.79503, 42.86727 ], [ 1.79458, 42.87116 ], [ 1.79598, 42.87381 ], [ 1.79568, 42.87646 ], [ 1.79834, 42.88003 ], [ 1.79858, 42.88535 ] ] } },
{ "type": "Feature", "properties": { "name": "Ruisseau des Sept Fonds", "weight_class": 1, "permanent": true, "length_km": 2.3 }, "geometry": { "type": "LineString", "coordinates": [ [ 1.78544, 42.85039 ], [ 1.78976, 42.8473 ], [ 1.79546, 42.84889 ], [ 1.80053, 42.84497 ], [ 1.80653, 42.84305 ] ] } },
{ "type": "Feature", "properties": { "name": null, "weight_class": 1, "permanent": true, "length_km": 2.6 }, "geometry": { "type": "LineString", "coordinates": [ [ 1.88576, 42.72318 ], [ 1.88047, 42.71879 ], [ 1.87327, 42.71657 ], [ 1.86397, 42.71003 ], [ 1.86142, 42.71005 ] ] } },
{ "type": "Feature", "properties": { "name": null, "weight_class": 1, "permanent": false, "length_km": 2.4 }, "geometry": { "type": "LineString", "coordinates": [ [ 1.83293, 42.83307 ], [ 1.84019, 42.82888 ], [ 1.86019, 42.82717 ] ] } },
{ "type": "Feature", "properties": { "name": "Coume Arbouse", "weight_class": 1, "permanent": true, "length_km": 4.0 }, "geometry": { "type": "LineString", "coordinates": [ [ 1.85315, 42.78104 ], [ 1.85346, 42.77958 ], [ 1.84899, 42.77624 ], [ 1.84875, 42.77504 ], [ 1.85051, 42.77301 ], [ 1.84946, 42.77192 ], [ 1.84328, 42.77038 ], [ 1.83931, 42.7713 ], [ 1.83444, 42.76944 ], [ 1.82882, 42.76943 ], [ 1.82213, 42.76813 ], [ 1.81976, 42.76672 ] ] } },
{ "type": "Feature", "properties": { "name": "Tessoula", "weight_class": 2, "permanent": false, "length_km": 2.6 }, "geometry": { "type": "LineString", "coordinates": [ [ 1.76746, 42.72457 ], [ 1.77272, 42.72747 ], [ 1.77468, 42.73015 ], [ 1.79062, 42.73919 ] ] } },
{ "type": "Feature", "properties": { "name": "Ruisseau de Malard", "weight_class": 1, "permanent": true, "length_km": 5.8 }, "geometry": { "type": "LineString", "coordinates": [ [ 1.94296, 42.87 ], [ 1.94591, 42.86767 ], [ 1.94587, 42.86659 ], [ 1.9405, 42.86419 ], [ 1.93164, 42.865 ], [ 1.92, 42.86293 ], [ 1.91688, 42.86357 ], [ 1.91561, 42.86259 ], [ 1.91199, 42.86507 ], [ 1.90379, 42.86445 ], [ 1.89776, 42.86662 ], [ 1.89533, 42.86896 ], [ 1.8907, 42.87092 ] ] } },
{ "type": "Feature", "properties": { "name": "Ruisseau de Freyche", "weight_class": 1, "permanent": true, "length_km": 2.8 }, "geometry": { "type": "LineString", "coordinates": [ [ 1.9098, 42.85495 ], [ 1.88946, 42.85321 ], [ 1.88498, 42.85384 ], [ 1.88168, 42.85755 ], [ 1.87901, 42.8589 ] ] } },
{ "type": "Feature", "properties": { "name": "Ruisseau de l'Ourme", "weight_class": 1, "permanent": true, "length_km": 2.5 }, "geometry": { "type": "LineString", "coordinates": [ [ 1.85477, 42.8626 ], [ 1.85818, 42.86157 ], [ 1.86734, 42.86133 ], [ 1.87402, 42.86354 ], [ 1.88362, 42.86225 ] ] } },
{ "type": "Feature", "properties": { "name": "Ruisseau des Rivels", "weight_class": 1, "permanent": false, "length_km": 3.0 }, "geometry": { "type": "LineString", "coordinates": [ [ 1.84462, 42.85353 ], [ 1.8484, 42.85742 ], [ 1.85201, 42.85884 ], [ 1.86599, 42.85394 ], [ 1.87571, 42.85405 ] ] } },
{ "type": "Feature", "properties": { "name": "Ruisseau de Sènaurié", "weight_class": 1, "permanent": true, "length_km": 3.6 }, "geometry": { "type": "LineString", "coordinates": [ [ 1.77182, 42.84218 ], [ 1.77099, 42.84453 ], [ 1.77327, 42.85175 ], [ 1.77239, 42.85452 ], [ 1.76457, 42.86003 ], [ 1.76176, 42.86588 ], [ 1.75814, 42.86893 ] ] } },
{ "type": "Feature", "properties": { "name": "Rec de Taychou", "weight_class": 1, "permanent": true, "length_km": 2.5 }, "geometry": { "type": "LineString", "coordinates": [ [ 1.72148, 42.85621 ], [ 1.72464, 42.85823 ], [ 1.73909, 42.85973 ], [ 1.74781, 42.86269 ] ] } },
{ "type": "Feature", "properties": { "name": "Ruisseau de Font Frède", "weight_class": 1, "permanent": true, "length_km": 3.5 }, "geometry": { "type": "LineString", "coordinates": [ [ 1.79298, 42.8182 ], [ 1.79459, 42.82252 ], [ 1.79967, 42.82481 ], [ 1.80276, 42.82487 ], [ 1.80523, 42.82705 ], [ 1.80458, 42.83313 ], [ 1.80674, 42.84 ], [ 1.80606, 42.84255 ] ] } },
{ "type": "Feature", "properties": { "name": "Ruisseau de Font Frède", "weight_class": 1, "permanent": false, "length_km": 2.1 }, "geometry": { "type": "LineString", "coordinates": [ [ 1.86947, 42.79896 ], [ 1.8691, 42.8013 ], [ 1.87359, 42.80295 ], [ 1.87571, 42.80492 ], [ 1.87726, 42.8084 ], [ 1.87745, 42.81295 ], [ 1.87876, 42.81428 ] ] } },
{ "type": "Feature", "properties": { "name": "Ruisseau du Basqui", "weight_class": 1, "permanent": true, "length_km": 4.7 }, "geometry": { "type": "LineString", "coordinates": [ [ 1.81916, 42.8032 ], [ 1.81987, 42.80738 ], [ 1.82562, 42.81314 ], [ 1.82497, 42.81411 ], [ 1.8279, 42.81467 ], [ 1.82993, 42.81629 ], [ 1.83423, 42.8163 ], [ 1.83723, 42.81777 ], [ 1.85098, 42.81799 ], [ 1.85956, 42.8213 ] ] } },
{ "type": "Feature", "properties": { "name": "Ruisseau de l'Ourza", "weight_class": 1, "permanent": true, "length_km": 3.5 }, "geometry": { "type": "LineString", "coordinates": [ [ 1.84337, 42.79347 ], [ 1.84564, 42.79471 ], [ 1.84585, 42.79763 ], [ 1.84909, 42.80011 ], [ 1.85056, 42.80302 ], [ 1.85819, 42.8079 ], [ 1.86675, 42.81699 ] ] } },
{ "type": "Feature", "properties": { "name": "Ruisseau de Fontronne", "weight_class": 1, "permanent": true, "length_km": 3.7 }, "geometry": { "type": "LineString", "coordinates": [ [ 1.77998, 42.80694 ], [ 1.77555, 42.80513 ], [ 1.77353, 42.80319 ], [ 1.77345, 42.80077 ], [ 1.77164, 42.79947 ], [ 1.7711, 42.79749 ], [ 1.77251, 42.79548 ], [ 1.77155, 42.79037 ], [ 1.76311, 42.77994 ] ] } },
{ "type": "Feature", "properties": { "name": "Ruisseau de Ferrière", "weight_class": 1, "permanent": false, "length_km": 2.3 }, "geometry": { "type": "LineString", "coordinates": [ [ 1.82701, 42.79822 ], [ 1.82875, 42.79911 ], [ 1.83027, 42.80194 ], [ 1.8332, 42.80319 ], [ 1.84185, 42.80423 ], [ 1.85115, 42.80353 ] ] } },
{ "type": "Feature", "properties": { "name": "Ruisseau de Girabal", "weight_class": 1, "permanent": true, "length_km": 4.6 }, "geometry": { "type": "LineString", "coordinates": [ [ 1.76121, 42.81893 ], [ 1.75922, 42.81322 ], [ 1.75211, 42.80921 ], [ 1.7432, 42.79942 ], [ 1.7429, 42.79436 ], [ 1.74522, 42.7909 ], [ 1.74265, 42.78695 ], [ 1.74012, 42.78632 ] ] } },
{ "type": "Feature", "properties": { "name": "Ruisseau de la Prade/Ruisseau de Balaguès", "weight_class": 1, "permanent": true, "length_km": 3.9 }, "geometry": { "type": "LineString", "coordinates": [ [ 1.88853, 42.76668 ], [ 1.89331, 42.76982 ], [ 1.8968, 42.77511 ], [ 1.89714, 42.77943 ], [ 1.89935, 42.78176 ], [ 1.89725, 42.78411 ], [ 1.90629, 42.79081 ], [ 1.90801, 42.79401 ] ] } },
{ "type": "Feature", "properties": { "name": "Ruisseau de la Coume du Moulin", "weight_class": 1, "permanent": true, "length_km": 3.5 }, "geometry": { "type": "LineString", "coordinates": [ [ 1.92116, 42.78009 ], [ 1.91943, 42.78058 ], [ 1.91372, 42.78864 ], [ 1.90853, 42.79329 ], [ 1.90593, 42.7984 ], [ 1.9005, 42.80096 ], [ 1.89871, 42.80331 ] ] } },
{ "type": "Feature", "properties": { "name": "Rec de Coume Garnie", "weight_class": 1, "permanent": false, "length_km": 2.6 }, "geometry": { "type": "LineString", "coordinates": [ [ 1.83404, 42.78871 ], [ 1.8281, 42.78501 ], [ 1.82192, 42.77735 ], [ 1.81681, 42.77594 ], [ 1.81192, 42.77656 ] ] } },
{ "type": "Feature", "properties": { "name": "Rec de Bourion", "weight_class": 1, "permanent": false, "length_km": 2.1 }, "geometry": { "type": "LineString", "coordinates": [ [ 1.83774, 42.77737 ], [ 1.8297, 42.77583 ], [ 1.82807, 42.77324 ], [ 1.81886, 42.76702 ] ] } },
{ "type": "Feature", "properties": { "name": "Ruisseau de la Coume d'Amont", "weight_class": 1, "permanent": true, "length_km": 3.5 }, "geometry": { "type": "LineString", "coordinates": [ [ 1.82311, 42.7944 ], [ 1.81866, 42.79029 ], [ 1.81756, 42.78536 ], [ 1.8135, 42.78084 ], [ 1.81207, 42.77675 ], [ 1.80524, 42.76757 ] ] } },
{ "type": "Feature", "properties": { "name": "Rec de Barex", "weight_class": 1, "permanent": true, "length_km": 2.2 }, "geometry": { "type": "LineString", "coordinates": [ [ 1.82225, 42.75193 ], [ 1.81245, 42.75785 ], [ 1.81401, 42.7672 ] ] } },
{ "type": "Feature", "properties": { "name": "Ruisseau de Payfoch/Ruisseau de Sauquet", "weight_class": 1, "permanent": true, "length_km": 3.7 }, "geometry": { "type": "LineString", "coordinates": [ [ 1.75666, 42.81164 ], [ 1.75536, 42.80829 ], [ 1.75871, 42.79991 ], [ 1.75629, 42.79384 ], [ 1.75564, 42.7872 ], [ 1.75341, 42.78331 ], [ 1.75355, 42.78058 ] ] } },
{ "type": "Feature", "properties": { "name": "Ruisseau de Petches", "weight_class": 1, "permanent": true, "length_km": 2.6 }, "geometry": { "type": "LineString", "coordinates": [ [ 1.77811, 42.79767 ], [ 1.77812, 42.79376 ], [ 1.7761, 42.79029 ], [ 1.77403, 42.78188 ], [ 1.76554, 42.77931 ] ] } },
{ "type": "Feature", "properties": { "name": "Ruisseau d'Eycherque", "weight_class": 1, "permanent": true, "length_km": 4.7 }, "geometry": { "type": "LineString", "coordinates": [ [ 1.93929, 42.74777 ], [ 1.93747, 42.74675 ], [ 1.93736, 42.74391 ], [ 1.93363, 42.73918 ], [ 1.92635, 42.73529 ], [ 1.926, 42.734 ], [ 1.91825, 42.72966 ], [ 1.91115, 42.72358 ], [ 1.90607, 42.72115 ], [ 1.90267, 42.72132 ] ] } },
{ "type": "Feature", "properties": { "name": "Ruisseau du Clot du Fach", "weight_class": 1, "permanent": false, "length_km": 3.3 }, "geometry": { "type": "LineString", "coordinates": [ [ 1.92513, 42.7547 ], [ 1.92557, 42.75275 ], [ 1.92313, 42.7493 ], [ 1.92225, 42.74546 ], [ 1.91888, 42.74357 ], [ 1.91258, 42.74337 ], [ 1.90546, 42.74612 ], [ 1.89773, 42.74576 ] ] } },
{ "type": "Feature", "properties": { "name": "Ruisseau Riou Caud/Ruisseau de Tarnave", "weight_class": 1, "permanent": true, "length_km": 5.3 }, "geometry": { "type": "LineString", "coordinates": [ [ 1.87942, 42.75849 ], [ 1.88355, 42.75749 ], [ 1.88989, 42.75773 ], [ 1.89755, 42.74692 ], [ 1.89758, 42.74537 ], [ 1.89335, 42.74107 ], [ 1.89308, 42.73828 ], [ 1.89089, 42.73532 ], [ 1.89052, 42.73022 ], [ 1.88885, 42.72765 ], [ 1.88943, 42.72476 ], [ 1.88848, 42.72383 ] ] } },
{ "type": "Feature", "properties": { "name": "Ruisseau de Sorgeat/Ruisseau de l'Afouys", "weight_class": 1, "permanent": false, "length_km": 4.2 }, "geometry": { "type": "LineString", "coordinates": [ [ 1.87259, 42.74041 ], [ 1.86949, 42.74022 ], [ 1.86527, 42.73843 ], [ 1.85927, 42.73174 ], [ 1.84745, 42.72979 ], [ 1.84742, 42.72724 ], [ 1.84194, 42.72137 ], [ 1.83722, 42.7215 ] ] } },
{ "type": "Feature", "properties": { "name": "Ruisseau de Sahuquet", "weight_class": 1, "permanent": true, "length_km": 2.7 }, "geometry": { "type": "LineString", "coordinates": [ [ 1.86846, 42.75253 ], [ 1.87651, 42.75201 ], [ 1.8893, 42.74423 ], [ 1.89169, 42.74338 ], [ 1.89376, 42.7437 ], [ 1.895, 42.74261 ] ] } },
{ "type": "Feature", "properties": { "name": "Ruisseau de Guissou", "weight_class": 1, "permanent": true, "length_km": 2.3 }, "geometry": { "type": "LineString", "coordinates": [ [ 1.81869, 42.74713 ], [ 1.81485, 42.74054 ], [ 1.81491, 42.73667 ], [ 1.81231, 42.73541 ], [ 1.81358, 42.73273 ], [ 1.80928, 42.7303 ] ] } },
{ "type": "Feature", "properties": { "name": "Ruisseau de l'Adorre", "weight_class": 1, "permanent": true, "length_km": 5.6 }, "geometry": { "type": "LineString", "coordinates": [ [ 1.9822, 42.73434 ], [ 1.98147, 42.73216 ], [ 1.96387, 42.72653 ], [ 1.95572, 42.72817 ], [ 1.95407, 42.73009 ], [ 1.95176, 42.73062 ], [ 1.94433, 42.72552 ], [ 1.94014, 42.72397 ], [ 1.93708, 42.72046 ], [ 1.93346, 42.71951 ], [ 1.93214, 42.71744 ] ] } },
{ "type": "Feature", "properties": { "name": "Ruisseau de la Coume", "weight_class": 1, "permanent": false, "length_km": 2.5 }, "geometry": { "type": "LineString", "coordinates": [ [ 1.87573, 42.73262 ], [ 1.8722, 42.72814 ], [ 1.86672, 42.72818 ], [ 1.86391, 42.72658 ], [ 1.86004, 42.72747 ], [ 1.85659, 42.72162 ] ] } },
{ "type": "Feature", "properties": { "name": "la Lauze", "weight_class": 1, "permanent": true, "length_km": 14.6 }, "geometry": { "type": "LineString", "coordinates": [ [ 1.96933, 42.6884 ], [ 1.95413, 42.70092 ], [ 1.95177, 42.70543 ], [ 1.94919, 42.70597 ], [ 1.94348, 42.71185 ], [ 1.93444, 42.71696 ], [ 1.93098, 42.71762 ], [ 1.92955, 42.71717 ], [ 1.9293, 42.71606 ], [ 1.92596, 42.71703 ], [ 1.92346, 42.71586 ], [ 1.91649, 42.71685 ], [ 1.91133, 42.71866 ], [ 1.90761, 42.71864 ], [ 1.90408, 42.72086 ], [ 1.89651, 42.7232 ], [ 1.89461, 42.72278 ], [ 1.89183, 42.72379 ], [ 1.88357, 42.72263 ], [ 1.87794, 42.71891 ], [ 1.87359, 42.71938 ], [ 1.86922, 42.71851 ], [ 1.86649, 42.71972 ], [ 1.85995, 42.71894 ], [ 1.85581, 42.72224 ], [ 1.85397, 42.72262 ], [ 1.84865, 42.72022 ], [ 1.84634, 42.72103 ], [ 1.84563, 42.71989 ], [ 1.84378, 42.72034 ], [ 1.84253, 42.71917 ], [ 1.83651, 42.72184 ] ] } },
{ "type": "Feature", "properties": { "name": "Lagal", "weight_class": 1, "permanent": false, "length_km": 4.3 }, "geometry": { "type": "LineString", "coordinates": [ [ 1.76272, 42.71434 ], [ 1.76805, 42.71898 ], [ 1.77769, 42.72215 ], [ 1.78668, 42.72754 ], [ 1.78803, 42.72736 ], [ 1.79393, 42.73151 ], [ 1.79133, 42.73464 ], [ 1.79139, 42.7387 ] ] } },
{ "type": "Feature", "properties": { "name": null, "weight_class": 1, "permanent": false, "length_km": 2.2 }, "geometry": { "type": "LineString", "coordinates": [ [ 1.98385, 42.63777 ], [ 1.97634, 42.63841 ], [ 1.97159, 42.64093 ], [ 1.96721, 42.6411 ], [ 1.95993, 42.64436 ] ] } },
{ "type": "Feature", "properties": { "name": "Rec de Terrès", "weight_class": 1, "permanent": false, "length_km": 2.4 }, "geometry": { "type": "LineString", "coordinates": [ [ 1.98962, 42.65028 ], [ 1.97976, 42.65049 ], [ 1.9742, 42.64937 ], [ 1.97168, 42.65039 ], [ 1.96409, 42.65077 ], [ 1.96291, 42.65114 ], [ 1.96317, 42.65199 ] ] } },
{ "type": "Feature", "properties": { "name": "Ruisseau de la Grande Porteille", "weight_class": 1, "permanent": false, "length_km": 3.8 }, "geometry": { "type": "LineString", "coordinates": [ [ 1.95593, 42.61977 ], [ 1.96106, 42.62225 ], [ 1.96527, 42.6222 ], [ 1.96738, 42.62435 ], [ 1.96772, 42.62678 ], [ 1.96555, 42.63254 ], [ 1.96728, 42.63526 ], [ 1.96648, 42.63855 ], [ 1.96192, 42.64136 ], [ 1.95961, 42.644 ] ] } },
{ "type": "Feature", "properties": { "name": null, "weight_class": 1, "permanent": true, "length_km": 2.1 }, "geometry": { "type": "LineString", "coordinates": [ [ 1.9334, 42.64825 ], [ 1.93304, 42.65137 ], [ 1.93044, 42.65452 ], [ 1.91629, 42.65752 ] ] } },
{ "type": "Feature", "properties": { "name": null, "weight_class": 1, "permanent": true, "length_km": 3.7 }, "geometry": { "type": "LineString", "coordinates": [ [ 1.91663, 42.66017 ], [ 1.91334, 42.6631 ], [ 1.90649, 42.67495 ], [ 1.90766, 42.68199 ], [ 1.90953, 42.68361 ], [ 1.91145, 42.68911 ], [ 1.90916, 42.68986 ] ] } },
{ "type": "Feature", "properties": { "name": "Ruisseau de Cabane Longue", "weight_class": 1, "permanent": true, "length_km": 2.1 }, "geometry": { "type": "LineString", "coordinates": [ [ 1.93789, 42.70004 ], [ 1.93097, 42.70617 ], [ 1.93194, 42.70912 ], [ 1.92842, 42.71452 ], [ 1.9286, 42.71604 ] ] } },
{ "type": "Feature", "properties": { "name": "Riou Fred", "weight_class": 1, "permanent": true, "length_km": 2.1 }, "geometry": { "type": "LineString", "coordinates": [ [ 1.90447, 42.67225 ], [ 1.90439, 42.67739 ], [ 1.90597, 42.68309 ], [ 1.90963, 42.6869 ], [ 1.91262, 42.68799 ] ] } },
{ "type": "Feature", "properties": { "name": "Ruisseau de Baxouillade", "weight_class": 1, "permanent": false, "length_km": 3.5 }, "geometry": { "type": "LineString", "coordinates": [ [ 1.99861, 42.67384 ], [ 1.99161, 42.67073 ], [ 1.9864, 42.66636 ], [ 1.97829, 42.66376 ], [ 1.97447, 42.66313 ], [ 1.96673, 42.66542 ] ] } },
{ "type": "Feature", "properties": { "name": "Ruisseau d'Eychouzé", "weight_class": 1, "permanent": true, "length_km": 8.1 }, "geometry": { "type": "LineString", "coordinates": [ [ 1.91556, 42.62888 ], [ 1.91914, 42.62793 ], [ 1.92267, 42.62857 ], [ 1.92364, 42.63474 ], [ 1.92333, 42.64046 ], [ 1.91808, 42.64181 ], [ 1.91542, 42.64731 ], [ 1.91714, 42.66574 ], [ 1.9163, 42.66804 ], [ 1.91884, 42.6709 ], [ 1.91655, 42.67373 ], [ 1.91761, 42.67473 ], [ 1.91529, 42.67797 ], [ 1.91814, 42.68419 ], [ 1.9154, 42.68623 ] ] } },
{ "type": "Feature", "properties": { "name": "Ruisseau de Chourlot", "weight_class": 1, "permanent": false, "length_km": 3.4 }, "geometry": { "type": "LineString", "coordinates": [ [ 1.94277, 42.65365 ], [ 1.94132, 42.65539 ], [ 1.94153, 42.65953 ], [ 1.93815, 42.66793 ], [ 1.93953, 42.67035 ], [ 1.93891, 42.6728 ], [ 1.94001, 42.6768 ], [ 1.9434, 42.6802 ] ] } },
{ "type": "Feature", "properties": { "name": "Ruisseau de Paradis et de la Cout", "weight_class": 1, "permanent": false, "length_km": 2.1 }, "geometry": { "type": "LineString", "coordinates": [ [ 1.85315, 42.69356 ], [ 1.8497, 42.69931 ], [ 1.84061, 42.70137 ], [ 1.83589, 42.70557 ] ] } },
{ "type": "Feature", "properties": { "name": null, "weight_class": 1, "permanent": false, "length_km": 2.4 }, "geometry": { "type": "LineString", "coordinates": [ [ 1.75604, 42.71321 ], [ 1.75573, 42.71599 ], [ 1.75808, 42.72185 ], [ 1.76153, 42.72234 ], [ 1.7632, 42.72361 ], [ 1.7693, 42.7207 ], [ 1.77223, 42.72061 ] ] } },
{ "type": "Feature", "properties": { "name": null, "weight_class": 1, "permanent": false, "length_km": 3.1 }, "geometry": { "type": "LineString", "coordinates": [ [ 1.74703, 42.66525 ], [ 1.7488, 42.66584 ], [ 1.75299, 42.66403 ], [ 1.75666, 42.6665 ], [ 1.7565, 42.66855 ], [ 1.75774, 42.66961 ], [ 1.75901, 42.66916 ], [ 1.761, 42.66994 ], [ 1.76469, 42.67624 ], [ 1.76658, 42.67721 ], [ 1.76876, 42.67684 ] ] } },
{ "type": "Feature", "properties": { "name": null, "weight_class": 1, "permanent": false, "length_km": 2.0 }, "geometry": { "type": "LineString", "coordinates": [ [ 1.80319, 42.69188 ], [ 1.80763, 42.69462 ], [ 1.80829, 42.69871 ], [ 1.80956, 42.69995 ], [ 1.80645, 42.70573 ], [ 1.80699, 42.70763 ] ] } },
{ "type": "Feature", "properties": { "name": null, "weight_class": 1, "permanent": false, "length_km": 2.6 }, "geometry": { "type": "LineString", "coordinates": [ [ 1.76073, 42.69607 ], [ 1.76597, 42.69499 ], [ 1.76758, 42.69249 ], [ 1.77012, 42.69189 ], [ 1.77192, 42.69438 ], [ 1.78034, 42.69164 ], [ 1.78412, 42.69192 ] ] } },
{ "type": "Feature", "properties": { "name": null, "weight_class": 1, "permanent": false, "length_km": 2.1 }, "geometry": { "type": "LineString", "coordinates": [ [ 1.77936, 42.64682 ], [ 1.7775, 42.65029 ], [ 1.7767, 42.65788 ], [ 1.77278, 42.66081 ], [ 1.77255, 42.66316 ] ] } },
{ "type": "Feature", "properties": { "name": null, "weight_class": 1, "permanent": true, "length_km": 3.0 }, "geometry": { "type": "LineString", "coordinates": [ [ 1.74694, 42.62278 ], [ 1.74925, 42.62356 ], [ 1.76299, 42.62098 ], [ 1.7701, 42.62106 ], [ 1.77728, 42.62324 ], [ 1.77805, 42.62595 ] ] } },
{ "type": "Feature", "properties": { "name": "l'Oriège", "weight_class": 1, "permanent": true, "length_km": 22.0 }, "geometry": { "type": "LineString", "coordinates": [ [ 1.92187, 42.61563 ], [ 1.92662, 42.61834 ], [ 1.93537, 42.61997 ], [ 1.93786, 42.62303 ], [ 1.94463, 42.62561 ], [ 1.9487, 42.62823 ], [ 1.9508, 42.6324 ], [ 1.94809, 42.63706 ], [ 1.95038, 42.63931 ], [ 1.95794, 42.64238 ], [ 1.96141, 42.64661 ], [ 1.96275, 42.6488 ], [ 1.96255, 42.65168 ], [ 1.9654, 42.65549 ], [ 1.9659, 42.66042 ], [ 1.96751, 42.66357 ], [ 1.96659, 42.66623 ], [ 1.95791, 42.67134 ], [ 1.95056, 42.67817 ], [ 1.94129, 42.68116 ], [ 1.93499, 42.68222 ], [ 1.93059, 42.68486 ], [ 1.9247, 42.68495 ], [ 1.9188, 42.68657 ], [ 1.91514, 42.68631 ], [ 1.9061, 42.69236 ], [ 1.90337, 42.69269 ], [ 1.89472, 42.69705 ], [ 1.89417, 42.69961 ], [ 1.89182, 42.69946 ], [ 1.88863, 42.70125 ], [ 1.885, 42.70135 ], [ 1.88047, 42.70352 ], [ 1.87436, 42.70385 ], [ 1.87391, 42.70541 ], [ 1.86815, 42.70741 ], [ 1.86506, 42.70728 ], [ 1.86137, 42.71006 ], [ 1.85549, 42.71009 ], [ 1.85274, 42.71119 ], [ 1.8416, 42.71112 ], [ 1.84003, 42.71775 ], [ 1.83649, 42.71942 ] ] } },
{ "type": "Feature", "properties": { "name": "Ruisseau du Najar", "weight_class": 1, "permanent": true, "length_km": 14.0 }, "geometry": { "type": "LineString", "coordinates": [ [ 1.73855, 42.64599 ], [ 1.75564, 42.65083 ], [ 1.76331, 42.65005 ], [ 1.76614, 42.65264 ], [ 1.76563, 42.65476 ], [ 1.76795, 42.65711 ], [ 1.7675, 42.65917 ], [ 1.77262, 42.66322 ], [ 1.77499, 42.66659 ], [ 1.77627, 42.67627 ], [ 1.78119, 42.68137 ], [ 1.78129, 42.68341 ], [ 1.78268, 42.68383 ], [ 1.78259, 42.6891 ], [ 1.78715, 42.69576 ], [ 1.7906, 42.70592 ], [ 1.79606, 42.70758 ], [ 1.80436, 42.70677 ], [ 1.81118, 42.70971 ], [ 1.81197, 42.71129 ], [ 1.81595, 42.71377 ], [ 1.81671, 42.71726 ], [ 1.81887, 42.71878 ], [ 1.82182, 42.72557 ], [ 1.8209, 42.72769 ] ] } },
{ "type": "Feature", "properties": { "name": "Ruisseau de l'Encoumbré", "weight_class": 1, "permanent": false, "length_km": 2.7 }, "geometry": { "type": "LineString", "coordinates": [ [ 1.74921, 42.71304 ], [ 1.74774, 42.71514 ], [ 1.7488, 42.7177 ], [ 1.7456, 42.72377 ], [ 1.7462, 42.72895 ], [ 1.74152, 42.73396 ] ] } },
{ "type": "Feature", "properties": { "name": "Ruisseau de Font Frède", "weight_class": 1, "permanent": true, "length_km": 2.4 }, "geometry": { "type": "LineString", "coordinates": [ [ 1.85961, 42.69047 ], [ 1.84782, 42.69226 ], [ 1.84299, 42.69507 ], [ 1.8383, 42.69546 ], [ 1.83404, 42.69751 ] ] } },
{ "type": "Feature", "properties": { "name": "Ruisseau de Rial", "weight_class": 2, "permanent": true, "length_km": 3.0 }, "geometry": { "type": "LineString", "coordinates": [ [ 1.86209, 42.68115 ], [ 1.85821, 42.68164 ], [ 1.84966, 42.68674 ], [ 1.84126, 42.68795 ], [ 1.83519, 42.69198 ], [ 1.83104, 42.69296 ] ] } },
{ "type": "Feature", "properties": { "name": "Ruisseau des Pradels", "weight_class": 1, "permanent": true, "length_km": 2.0 }, "geometry": { "type": "LineString", "coordinates": [ [ 1.75724, 42.6809 ], [ 1.75874, 42.6805 ], [ 1.76268, 42.68191 ], [ 1.76876, 42.67684 ], [ 1.7763, 42.67597 ] ] } },
{ "type": "Feature", "properties": { "name": "Ruisseau de l'Uscladeille", "weight_class": 1, "permanent": false, "length_km": 2.2 }, "geometry": { "type": "LineString", "coordinates": [ [ 1.75645, 42.68752 ], [ 1.7536, 42.6932 ], [ 1.74735, 42.69543 ], [ 1.74496, 42.6975 ], [ 1.73881, 42.69919 ] ] } },
{ "type": "Feature", "properties": { "name": "Ruisseau de la Vallée d'Orgeix", "weight_class": 1, "permanent": true, "length_km": 8.6 }, "geometry": { "type": "LineString", "coordinates": [ [ 1.88198, 42.63697 ], [ 1.88104, 42.64503 ], [ 1.88335, 42.6458 ], [ 1.88493, 42.65157 ], [ 1.88119, 42.65475 ], [ 1.88026, 42.65827 ], [ 1.87483, 42.66585 ], [ 1.87452, 42.66775 ], [ 1.87207, 42.66866 ], [ 1.87101, 42.67215 ], [ 1.8725, 42.67617 ], [ 1.88106, 42.6865 ], [ 1.88284, 42.69035 ], [ 1.88127, 42.69284 ], [ 1.88276, 42.69576 ], [ 1.88266, 42.70261 ] ] } },
{ "type": "Feature", "properties": { "name": "Ruisseau du Nabre", "weight_class": 1, "permanent": false, "length_km": 7.2 }, "geometry": { "type": "LineString", "coordinates": [ [ 1.89183, 42.6398 ], [ 1.88899, 42.63338 ], [ 1.88396, 42.62901 ], [ 1.87294, 42.63134 ], [ 1.8688, 42.63396 ], [ 1.86661, 42.63784 ], [ 1.86309, 42.64101 ], [ 1.86156, 42.64463 ], [ 1.85855, 42.6471 ], [ 1.8499, 42.6511 ], [ 1.84871, 42.6531 ], [ 1.84021, 42.6568 ], [ 1.83509, 42.65704 ] ] } },
{ "type": "Feature", "properties": { "name": "Ruisseau des Estagnols", "weight_class": 1, "permanent": true, "length_km": 5.3 }, "geometry": { "type": "LineString", "coordinates": [ [ 1.78679, 42.65585 ], [ 1.79228, 42.65496 ], [ 1.79397, 42.65545 ], [ 1.80169, 42.65886 ], [ 1.80318, 42.66126 ], [ 1.80814, 42.66342 ], [ 1.81389, 42.67643 ], [ 1.81574, 42.67846 ], [ 1.8186, 42.67962 ], [ 1.82343, 42.68515 ] ] } },
{ "type": "Feature", "properties": { "name": "Ruisseau du Mourguillou", "weight_class": 2, "permanent": true, "length_km": 8.1 }, "geometry": { "type": "LineString", "coordinates": [ [ 1.75919, 42.62647 ], [ 1.76175, 42.62458 ], [ 1.76908, 42.62429 ], [ 1.78534, 42.6275 ], [ 1.79488, 42.63633 ], [ 1.79826, 42.63788 ], [ 1.79915, 42.6401 ], [ 1.80257, 42.6414 ], [ 1.80624, 42.645 ], [ 1.8168, 42.6509 ], [ 1.82665, 42.65513 ], [ 1.83221, 42.65578 ], [ 1.83475, 42.65852 ] ] } },
{ "type": "Feature", "properties": { "name": "Ruisseau de Coume d'Agnel", "weight_class": 1, "permanent": true, "length_km": 3.0 }, "geometry": { "type": "LineString", "coordinates": [ [ 1.8889, 42.61221 ], [ 1.88817, 42.61068 ], [ 1.88017, 42.60589 ], [ 1.8761, 42.60461 ], [ 1.8752, 42.60242 ], [ 1.86637, 42.60223 ], [ 1.86439, 42.60335 ], [ 1.86275, 42.60285 ] ] } },
{ "type": "Feature", "properties": { "name": "Ruisseau de Coume d'Or", "weight_class": 1, "permanent": false, "length_km": 2.5 }, "geometry": { "type": "LineString", "coordinates": [ [ 1.86762, 42.58478 ], [ 1.86194, 42.58818 ], [ 1.86126, 42.59335 ], [ 1.86316, 42.59692 ], [ 1.86236, 42.59918 ], [ 1.85889, 42.60201 ] ] } },
{ "type": "Feature", "properties": { "name": "Ruisseau des Bésines", "weight_class": 1, "permanent": true, "length_km": 6.1 }, "geometry": { "type": "LineString", "coordinates": [ [ 1.87058, 42.61439 ], [ 1.86751, 42.61109 ], [ 1.86643, 42.60765 ], [ 1.86263, 42.60254 ], [ 1.86086, 42.60289 ], [ 1.85481, 42.60019 ], [ 1.84856, 42.59986 ], [ 1.83634, 42.60146 ], [ 1.82775, 42.60114 ], [ 1.8265, 42.6028 ], [ 1.81984, 42.60429 ], [ 1.81399, 42.60696 ] ] } },
{ "type": "Feature", "properties": { "name": "Ruisseau de la Fuillaterre", "weight_class": 1, "permanent": false, "length_km": 2.4 }, "geometry": { "type": "LineString", "coordinates": [ [ 1.84348, 42.61335 ], [ 1.83064, 42.61368 ], [ 1.827, 42.61577 ], [ 1.82345, 42.61587 ], [ 1.81952, 42.62016 ] ] } },
{ "type": "Feature", "properties": { "name": "Ruisseau de Val d'Arques", "weight_class": 1, "permanent": true, "length_km": 3.5 }, "geometry": { "type": "LineString", "coordinates": [ [ 1.77145, 42.61278 ], [ 1.77571, 42.61167 ], [ 1.77917, 42.60831 ], [ 1.77825, 42.60572 ], [ 1.77887, 42.60339 ], [ 1.78482, 42.59714 ], [ 1.78637, 42.59686 ], [ 1.78723, 42.59284 ], [ 1.78871, 42.59119 ] ] } },
{ "type": "Feature", "properties": { "name": "Ruisseau de Nouze", "weight_class": 1, "permanent": false, "length_km": 3.3 }, "geometry": { "type": "LineString", "coordinates": [ [ 1.66953, 43.16225 ], [ 1.67012, 43.16332 ], [ 1.66853, 43.16588 ], [ 1.66905, 43.16816 ], [ 1.66769, 43.17198 ], [ 1.66788, 43.17957 ], [ 1.67002, 43.18541 ], [ 1.66664, 43.18966 ] ] } },
{ "type": "Feature", "properties": { "name": null, "weight_class": 1, "permanent": false, "length_km": 2.7 }, "geometry": { "type": "LineString", "coordinates": [ [ 1.67465, 43.15306 ], [ 1.67288, 43.15583 ], [ 1.6709, 43.17202 ], [ 1.66977, 43.17498 ], [ 1.6681, 43.17565 ] ] } },
{ "type": "Feature", "properties": { "name": "Fossé de Langenolle", "weight_class": 1, "permanent": false, "length_km": 3.4 }, "geometry": { "type": "LineString", "coordinates": [ [ 1.65143, 43.19973 ], [ 1.64982, 43.20659 ], [ 1.65156, 43.20776 ], [ 1.65131, 43.21002 ], [ 1.64808, 43.21264 ], [ 1.65047, 43.21748 ], [ 1.64802, 43.22225 ], [ 1.65166, 43.22632 ] ] } },
{ "type": "Feature", "properties": { "name": "Ruisseau de Lapeyre", "weight_class": 1, "permanent": false, "length_km": 2.5 }, "geometry": { "type": "LineString", "coordinates": [ [ 1.58781, 43.24683 ], [ 1.58647, 43.24734 ], [ 1.58553, 43.2505 ], [ 1.58135, 43.25052 ], [ 1.58038, 43.25541 ], [ 1.57698, 43.25618 ], [ 1.57668, 43.25773 ], [ 1.57078, 43.25904 ] ] } },
{ "type": "Feature", "properties": { "name": "Ruisseau de Coumelongue", "weight_class": 1, "permanent": false, "length_km": 2.1 }, "geometry": { "type": "LineString", "coordinates": [ [ 1.68863, 43.15037 ], [ 1.68853, 43.15362 ], [ 1.69053, 43.15737 ], [ 1.69368, 43.15893 ], [ 1.69457, 43.162 ], [ 1.69648, 43.16355 ], [ 1.69951, 43.16344 ] ] } },
{ "type": "Feature", "properties": { "name": "Fossé le Redon", "weight_class": 1, "permanent": false, "length_km": 5.4 }, "geometry": { "type": "LineString", "coordinates": [ [ 1.65699, 43.19719 ], [ 1.65888, 43.20187 ], [ 1.66124, 43.20221 ], [ 1.662, 43.20581 ], [ 1.65933, 43.21274 ], [ 1.65772, 43.21428 ], [ 1.6581, 43.21905 ], [ 1.65233, 43.22269 ], [ 1.65152, 43.22649 ], [ 1.6527, 43.23182 ], [ 1.64723, 43.23536 ], [ 1.64245, 43.23679 ] ] } },
{ "type": "Feature", "properties": { "name": "Ruisseau de Crieu", "weight_class": 1, "permanent": false, "length_km": 2.3 }, "geometry": { "type": "LineString", "coordinates": [ [ 1.68346, 43.163 ], [ 1.68437, 43.16288 ], [ 1.68888, 43.16914 ], [ 1.69154, 43.16966 ], [ 1.69556, 43.17483 ], [ 1.70075, 43.17558 ] ] } },
{ "type": "Feature", "properties": { "name": "Ruisseau de la Plaine", "weight_class": 1, "permanent": false, "length_km": 2.0 }, "geometry": { "type": "LineString", "coordinates": [ [ 1.71004, 43.14687 ], [ 1.71482, 43.15186 ], [ 1.71951, 43.14904 ], [ 1.72915, 43.14826 ] ] } },
{ "type": "Feature", "properties": { "name": "Ruisseau de las Garros", "weight_class": 1, "permanent": false, "length_km": 3.8 }, "geometry": { "type": "LineString", "coordinates": [ [ 1.67237, 43.09823 ], [ 1.68119, 43.10819 ], [ 1.68256, 43.10834 ], [ 1.68517, 43.11631 ], [ 1.68819, 43.11962 ], [ 1.68969, 43.12436 ], [ 1.6923, 43.12741 ] ] } },
{ "type": "Feature", "properties": { "name": "Bras de l'Ariège", "weight_class": 2, "permanent": true, "length_km": 2.9 }, "geometry": { "type": "LineString", "coordinates": [ [ 1.6096, 43.10621 ], [ 1.6068, 43.10715 ], [ 1.60486, 43.10948 ], [ 1.60635, 43.11245 ], [ 1.60561, 43.11415 ], [ 1.61073, 43.12126 ], [ 1.61024, 43.12248 ], [ 1.60822, 43.12167 ], [ 1.60649, 43.12299 ], [ 1.60686, 43.12545 ] ] } },
{ "type": "Feature", "properties": { "name": null, "weight_class": 2, "permanent": true, "length_km": 2.4 }, "geometry": { "type": "LineString", "coordinates": [ [ 1.68768, 43.22855 ], [ 1.68878, 43.23103 ], [ 1.68722, 43.23782 ], [ 1.6896, 43.2401 ], [ 1.68968, 43.24233 ], [ 1.69548, 43.24655 ] ] } },
{ "type": "Feature", "properties": { "name": null, "weight_class": 1, "permanent": false, "length_km": 2.6 }, "geometry": { "type": "LineString", "coordinates": [ [ 1.6896, 43.22041 ], [ 1.69168, 43.22505 ], [ 1.69595, 43.23012 ], [ 1.6943, 43.23136 ], [ 1.69442, 43.23246 ], [ 1.69939, 43.23677 ], [ 1.70062, 43.239 ], [ 1.69988, 43.23963 ] ] } },
{ "type": "Feature", "properties": { "name": null, "weight_class": 1, "permanent": false, "length_km": 3.3 }, "geometry": { "type": "LineString", "coordinates": [ [ 1.67314, 43.2111 ], [ 1.67566, 43.21392 ], [ 1.67428, 43.21417 ], [ 1.67357, 43.21881 ], [ 1.67518, 43.2283 ], [ 1.67482, 43.23348 ], [ 1.67831, 43.23779 ] ] } },
{ "type": "Feature", "properties": { "name": null, "weight_class": 1, "permanent": false, "length_km": 2.2 }, "geometry": { "type": "LineString", "coordinates": [ [ 1.70488, 43.21939 ], [ 1.70737, 43.21505 ], [ 1.70217, 43.2142 ], [ 1.70038, 43.21692 ], [ 1.70451, 43.21941 ], [ 1.70511, 43.2229 ] ] } },
{ "type": "Feature", "properties": { "name": null, "weight_class": 1, "permanent": false, "length_km": 2.4 }, "geometry": { "type": "LineString", "coordinates": [ [ 1.67421, 43.11926 ], [ 1.67731, 43.12568 ], [ 1.68239, 43.13023 ], [ 1.68438, 43.13124 ], [ 1.68923, 43.1312 ], [ 1.6917, 43.13312 ] ] } },
{ "type": "Feature", "properties": { "name": null, "weight_class": 1, "permanent": false, "length_km": 3.0 }, "geometry": { "type": "LineString", "coordinates": [ [ 1.63424, 43.19696 ], [ 1.63426, 43.19921 ], [ 1.63232, 43.19961 ], [ 1.63435, 43.20358 ], [ 1.63319, 43.20734 ], [ 1.63537, 43.21033 ], [ 1.63335, 43.21888 ], [ 1.63067, 43.21962 ] ] } },
{ "type": "Feature", "properties": { "name": null, "weight_class": 1, "permanent": false, "length_km": 3.2 }, "geometry": { "type": "LineString", "coordinates": [ [ 1.66326, 43.12335 ], [ 1.66407, 43.12607 ], [ 1.66117, 43.12982 ], [ 1.6623, 43.13341 ], [ 1.66052, 43.13541 ], [ 1.66235, 43.13954 ], [ 1.66397, 43.14017 ], [ 1.66623, 43.14319 ], [ 1.66819, 43.14316 ], [ 1.67081, 43.14642 ] ] } },
{ "type": "Feature", "properties": { "name": null, "weight_class": 1, "permanent": false, "length_km": 2.1 }, "geometry": { "type": "LineString", "coordinates": [ [ 1.67888, 43.18646 ], [ 1.67723, 43.20463 ] ] } },
{ "type": "Feature", "properties": { "name": null, "weight_class": 1, "permanent": false, "length_km": 4.9 }, "geometry": { "type": "LineString", "coordinates": [ [ 1.66973, 43.12834 ], [ 1.67218, 43.1341 ], [ 1.67925, 43.14139 ], [ 1.68233, 43.14626 ], [ 1.68182, 43.15052 ], [ 1.68337, 43.15401 ], [ 1.68579, 43.15601 ], [ 1.68444, 43.16087 ], [ 1.68696, 43.16341 ], [ 1.68819, 43.16651 ], [ 1.68751, 43.16733 ] ] } },
{ "type": "Feature", "properties": { "name": null, "weight_class": 1, "permanent": false, "length_km": 5.0 }, "geometry": { "type": "LineString", "coordinates": [ [ 1.67625, 43.16365 ], [ 1.67826, 43.16711 ], [ 1.67787, 43.1704 ], [ 1.68269, 43.17771 ], [ 1.68535, 43.18579 ], [ 1.69113, 43.19425 ], [ 1.68947, 43.19525 ], [ 1.69065, 43.20232 ], [ 1.69112, 43.20321 ], [ 1.69302, 43.20312 ] ] } },
{ "type": "Feature", "properties": { "name": null, "weight_class": 1, "permanent": false, "length_km": 5.4 }, "geometry": { "type": "LineString", "coordinates": [ [ 1.65527, 43.15336 ], [ 1.65241, 43.15883 ], [ 1.65039, 43.17416 ], [ 1.64867, 43.17725 ], [ 1.64401, 43.17694 ], [ 1.64242, 43.18414 ], [ 1.63757, 43.18714 ], [ 1.63594, 43.19001 ], [ 1.63173, 43.19138 ], [ 1.63036, 43.19108 ] ] } },
{ "type": "Feature", "properties": { "name": null, "weight_class": 1, "permanent": false, "length_km": 2.2 }, "geometry": { "type": "LineString", "coordinates": [ [ 1.64256, 43.12712 ], [ 1.64316, 43.1303 ], [ 1.63778, 43.13747 ], [ 1.63713, 43.14272 ], [ 1.63435, 43.14456 ] ] } },
{ "type": "Feature", "properties": { "name": "le Galageot", "weight_class": 1, "permanent": false, "length_km": 5.8 }, "geometry": { "type": "LineString", "coordinates": [ [ 1.63919, 43.195 ], [ 1.63396, 43.19557 ], [ 1.62829, 43.19881 ], [ 1.62582, 43.20159 ], [ 1.62846, 43.20654 ], [ 1.62883, 43.21508 ], [ 1.6307, 43.21955 ], [ 1.62921, 43.22698 ], [ 1.6274, 43.22708 ], [ 1.62273, 43.23166 ], [ 1.62441, 43.23199 ], [ 1.6245, 43.23625 ] ] } },
{ "type": "Feature", "properties": { "name": null, "weight_class": 1, "permanent": false, "length_km": 4.3 }, "geometry": { "type": "LineString", "coordinates": [ [ 1.6511, 43.18162 ], [ 1.65624, 43.18457 ], [ 1.65746, 43.18594 ], [ 1.65665, 43.18637 ], [ 1.6623, 43.19008 ], [ 1.66504, 43.19535 ], [ 1.66634, 43.19517 ], [ 1.66776, 43.20014 ], [ 1.67082, 43.20346 ], [ 1.67091, 43.20528 ], [ 1.67756, 43.20845 ], [ 1.67838, 43.20997 ] ] } },
{ "type": "Feature", "properties": { "name": null, "weight_class": 2, "permanent": true, "length_km": 4.7 }, "geometry": { "type": "LineString", "coordinates": [ [ 1.59996, 43.13659 ], [ 1.60228, 43.14324 ], [ 1.59813, 43.14572 ], [ 1.59422, 43.15132 ], [ 1.59291, 43.15831 ], [ 1.59377, 43.15987 ], [ 1.59823, 43.16227 ], [ 1.59916, 43.16506 ], [ 1.59747, 43.16822 ], [ 1.59343, 43.17027 ], [ 1.59412, 43.17221 ] ] } },
{ "type": "Feature", "properties": { "name": "Ruisseau du Tor", "weight_class": 1, "permanent": true, "length_km": 4.5 }, "geometry": { "type": "LineString", "coordinates": [ [ 1.64218, 43.2049 ], [ 1.64338, 43.20608 ], [ 1.64263, 43.20796 ], [ 1.63771, 43.2115 ], [ 1.63759, 43.21672 ], [ 1.63666, 43.21685 ], [ 1.63615, 43.21925 ], [ 1.63656, 43.22228 ], [ 1.63996, 43.22352 ], [ 1.64174, 43.22618 ], [ 1.6395, 43.2292 ], [ 1.64125, 43.23369 ], [ 1.64297, 43.23471 ], [ 1.64319, 43.23835 ] ] } },
{ "type": "Feature", "properties": { "name": "Ruisseau du Cazeret", "weight_class": 1, "permanent": true, "length_km": 9.5 }, "geometry": { "type": "LineString", "coordinates": [ [ 1.66074, 43.196 ], [ 1.6639, 43.20532 ], [ 1.66525, 43.20574 ], [ 1.66749, 43.20996 ], [ 1.67099, 43.21274 ], [ 1.66839, 43.21855 ], [ 1.67107, 43.22673 ], [ 1.66531, 43.23155 ], [ 1.66456, 43.23524 ], [ 1.66199, 43.23605 ], [ 1.65858, 43.23975 ], [ 1.65957, 43.24223 ], [ 1.65886, 43.24448 ], [ 1.65517, 43.24798 ], [ 1.65626, 43.25064 ], [ 1.65112, 43.25368 ], [ 1.64995, 43.26103 ], [ 1.65582, 43.26452 ], [ 1.65711, 43.26713 ] ] } },
{ "type": "Feature", "properties": { "name": "la Galage", "weight_class": 1, "permanent": false, "length_km": 18.8 }, "geometry": { "type": "LineString", "coordinates": [ [ 1.6486, 43.13883 ], [ 1.64612, 43.14368 ], [ 1.64701, 43.14617 ], [ 1.64534, 43.14815 ], [ 1.64691, 43.14972 ], [ 1.64605, 43.15409 ], [ 1.64681, 43.15558 ], [ 1.64514, 43.16004 ], [ 1.63813, 43.16201 ], [ 1.63317, 43.16447 ], [ 1.63271, 43.17525 ], [ 1.63458, 43.18051 ], [ 1.63078, 43.18578 ], [ 1.63192, 43.18794 ], [ 1.63092, 43.19042 ], [ 1.62359, 43.19551 ], [ 1.62179, 43.20507 ], [ 1.61761, 43.21082 ], [ 1.61896, 43.21605 ], [ 1.6158, 43.21817 ], [ 1.61469, 43.22016 ], [ 1.61686, 43.22611 ], [ 1.6142, 43.22978 ], [ 1.60416, 43.23763 ], [ 1.60198, 43.24791 ], [ 1.59598, 43.25396 ], [ 1.59603, 43.25874 ], [ 1.58384, 43.26844 ], [ 1.58241, 43.26861 ], [ 1.58185, 43.26737 ], [ 1.57777, 43.26724 ], [ 1.57432, 43.27277 ], [ 1.57135, 43.27533 ] ] } },
{ "type": "Feature", "properties": { "name": "le Raunier/Ruisseau de Nouze", "weight_class": 1, "permanent": false, "length_km": 11.9 }, "geometry": { "type": "LineString", "coordinates": [ [ 1.66044, 43.17353 ], [ 1.6601, 43.17524 ], [ 1.66416, 43.18093 ], [ 1.66518, 43.18444 ], [ 1.66389, 43.18826 ], [ 1.66664, 43.18966 ], [ 1.66893, 43.19378 ], [ 1.6741, 43.19631 ], [ 1.67367, 43.20094 ], [ 1.67866, 43.20675 ], [ 1.67817, 43.21445 ], [ 1.68017, 43.21771 ], [ 1.68272, 43.21899 ], [ 1.68646, 43.22299 ], [ 1.68616, 43.22587 ], [ 1.68127, 43.23231 ], [ 1.68199, 43.23409 ], [ 1.67887, 43.23642 ], [ 1.67645, 43.24067 ], [ 1.67107, 43.24341 ], [ 1.66951, 43.24558 ], [ 1.66965, 43.25552 ], [ 1.66779, 43.2588 ], [ 1.66913, 43.2593 ], [ 1.66824, 43.26108 ], [ 1.66956, 43.26273 ] ] } },
{ "type": "Feature", "properties": { "name": "l'Aure", "weight_class": 1, "permanent": true, "length_km": 14.7 }, "geometry": { "type": "LineString", "coordinates": [ [ 1.52565, 43.157 ], [ 1.52263, 43.1566 ], [ 1.52092, 43.15754 ], [ 1.51955, 43.16176 ], [ 1.52228, 43.16813 ], [ 1.52128, 43.17091 ], [ 1.51685, 43.17629 ], [ 1.51727, 43.18253 ], [ 1.52231, 43.18796 ], [ 1.5228, 43.19014 ], [ 1.52165, 43.19468 ], [ 1.51973, 43.19609 ], [ 1.51947, 43.19795 ], [ 1.52168, 43.20372 ], [ 1.52107, 43.20767 ], [ 1.5247, 43.2125 ], [ 1.52853, 43.2146 ], [ 1.53043, 43.21874 ], [ 1.53528, 43.22326 ], [ 1.54192, 43.22551 ], [ 1.55084, 43.22558 ], [ 1.55713, 43.22667 ], [ 1.56056, 43.22947 ], [ 1.56218, 43.23351 ], [ 1.56139, 43.23979 ], [ 1.55791, 43.24306 ], [ 1.55881, 43.24481 ], [ 1.56093, 43.24677 ], [ 1.56971, 43.24757 ], [ 1.57558, 43.25044 ] ] } },
{ "type": "Feature", "properties": { "name": "l'Estaut", "weight_class": 1, "permanent": true, "length_km": 16.1 }, "geometry": { "type": "LineString", "coordinates": [ [ 1.68845, 43.06998 ], [ 1.68427, 43.07216 ], [ 1.68339, 43.07408 ], [ 1.68437, 43.07447 ], [ 1.67932, 43.07901 ], [ 1.67937, 43.08284 ], [ 1.67717, 43.08757 ], [ 1.68067, 43.09919 ], [ 1.6874, 43.1044 ], [ 1.68995, 43.11059 ], [ 1.69249, 43.11326 ], [ 1.6924, 43.11709 ], [ 1.69101, 43.12002 ], [ 1.69254, 43.12823 ], [ 1.69169, 43.13315 ], [ 1.69261, 43.13689 ], [ 1.69508, 43.13906 ], [ 1.69912, 43.14018 ], [ 1.70024, 43.14308 ], [ 1.7036, 43.14617 ], [ 1.70285, 43.14805 ], [ 1.70407, 43.15359 ], [ 1.70206, 43.15806 ], [ 1.69972, 43.16019 ], [ 1.70047, 43.16043 ], [ 1.69952, 43.16186 ], [ 1.69928, 43.17311 ], [ 1.70434, 43.18051 ], [ 1.70564, 43.18734 ], [ 1.70909, 43.18898 ], [ 1.7141, 43.19353 ] ] } },
{ "type": "Feature", "properties": { "name": "Ruisseau de Marrot", "weight_class": 1, "permanent": false, "length_km": 5.5 }, "geometry": { "type": "LineString", "coordinates": [ [ 1.69382, 43.19999 ], [ 1.69291, 43.20709 ], [ 1.69497, 43.20853 ], [ 1.69556, 43.21124 ], [ 1.69485, 43.21296 ], [ 1.69269, 43.21405 ], [ 1.6947, 43.21808 ], [ 1.69572, 43.21912 ], [ 1.70006, 43.21993 ], [ 1.7039, 43.22267 ], [ 1.70707, 43.22321 ], [ 1.70829, 43.2249 ], [ 1.70555, 43.23149 ], [ 1.70215, 43.23449 ], [ 1.70358, 43.23887 ] ] } },
{ "type": "Feature", "properties": { "name": "Ruisseau du Camusou/Ruisseau du Freyche", "weight_class": 1, "permanent": false, "length_km": 5.0 }, "geometry": { "type": "LineString", "coordinates": [ [ 1.57646, 43.17884 ], [ 1.57309, 43.18118 ], [ 1.56971, 43.18181 ], [ 1.56852, 43.18305 ], [ 1.56887, 43.18496 ], [ 1.57833, 43.19757 ], [ 1.58335, 43.20143 ], [ 1.58535, 43.2054 ], [ 1.59295, 43.20572 ], [ 1.59715, 43.20799 ] ] } },
{ "type": "Feature", "properties": { "name": "le Crieu", "weight_class": 1, "permanent": true, "length_km": 35.9 }, "geometry": { "type": "LineString", "coordinates": [ [ 1.74138, 42.98936 ], [ 1.74312, 42.99299 ], [ 1.74653, 42.99438 ], [ 1.74704, 42.99683 ], [ 1.74458, 42.99839 ], [ 1.74341, 43.00089 ], [ 1.73835, 43.00391 ], [ 1.73553, 43.00863 ], [ 1.73007, 43.01186 ], [ 1.72876, 43.01432 ], [ 1.72916, 43.01813 ], [ 1.72575, 43.02176 ], [ 1.72636, 43.02621 ], [ 1.72481, 43.02939 ], [ 1.7166, 43.03484 ], [ 1.71502, 43.03462 ], [ 1.71332, 43.0359 ], [ 1.70838, 43.03654 ], [ 1.70638, 43.03776 ], [ 1.703, 43.03785 ], [ 1.69963, 43.0368 ], [ 1.69889, 43.03833 ], [ 1.69772, 43.03818 ], [ 1.69734, 43.03951 ], [ 1.6953, 43.03989 ], [ 1.69482, 43.04098 ], [ 1.68242, 43.04234 ], [ 1.674, 43.04698 ], [ 1.67354, 43.05003 ], [ 1.67255, 43.05047 ], [ 1.67456, 43.05512 ], [ 1.67241, 43.05663 ], [ 1.6714, 43.06434 ], [ 1.66987, 43.06544 ], [ 1.67057, 43.0669 ], [ 1.66909, 43.06735 ], [ 1.669, 43.06923 ], [ 1.6674, 43.06985 ], [ 1.66801, 43.0714 ], [ 1.66692, 43.07421 ], [ 1.66163, 43.07844 ], [ 1.65585, 43.08624 ], [ 1.65357, 43.08709 ], [ 1.64905, 43.09124 ], [ 1.64428, 43.09835 ], [ 1.63661, 43.10135 ], [ 1.63493, 43.11046 ], [ 1.63641, 43.11303 ], [ 1.63408, 43.11708 ], [ 1.6344, 43.12021 ], [ 1.63664, 43.1227 ], [ 1.63174, 43.12884 ], [ 1.63071, 43.13312 ], [ 1.63233, 43.13795 ], [ 1.63037, 43.14305 ], [ 1.63161, 43.14716 ], [ 1.63103, 43.15091 ], [ 1.62858, 43.15396 ], [ 1.62702, 43.16509 ], [ 1.62248, 43.17018 ], [ 1.62479, 43.17738 ], [ 1.62351, 43.17923 ], [ 1.62426, 43.18378 ], [ 1.62264, 43.18752 ], [ 1.61645, 43.19281 ], [ 1.61632, 43.19694 ], [ 1.61429, 43.20131 ], [ 1.61594, 43.20401 ], [ 1.61537, 43.20856 ], [ 1.61339, 43.21036 ], [ 1.61038, 43.21679 ], [ 1.60663, 43.21916 ], [ 1.60301, 43.22582 ], [ 1.59809, 43.2273 ], [ 1.59304, 43.22437 ], [ 1.59214, 43.22286 ] ] } },
{ "type": "Feature", "properties": { "name": "Ruisseau de l'Ansonne", "weight_class": 1, "permanent": true, "length_km": 10.5 }, "geometry": { "type": "LineString", "coordinates": [ [ 1.53063, 43.17296 ], [ 1.52926, 43.17451 ], [ 1.5297, 43.17604 ], [ 1.53788, 43.18018 ], [ 1.54207, 43.17944 ], [ 1.54458, 43.17751 ], [ 1.55148, 43.17792 ], [ 1.55429, 43.1817 ], [ 1.55668, 43.18231 ], [ 1.55895, 43.18536 ], [ 1.56276, 43.18757 ], [ 1.56945, 43.19611 ], [ 1.56919, 43.19779 ], [ 1.5716, 43.20058 ], [ 1.57793, 43.20234 ], [ 1.58057, 43.20414 ], [ 1.58056, 43.2073 ], [ 1.57798, 43.2095 ], [ 1.57754, 43.21615 ], [ 1.57254, 43.22093 ], [ 1.57409, 43.22293 ], [ 1.57373, 43.2266 ], [ 1.57477, 43.22705 ], [ 1.57371, 43.2292 ], [ 1.57498, 43.22963 ], [ 1.5769, 43.23296 ] ] } },
{ "type": "Feature", "properties": { "name": "les Quatre Ravins/Quatre Recs", "weight_class": 2, "permanent": false, "length_km": 2.8 }, "geometry": { "type": "LineString", "coordinates": [ [ 1.58017, 43.17896 ], [ 1.58335, 43.18314 ], [ 1.58834, 43.18671 ], [ 1.58793, 43.19037 ], [ 1.58953, 43.19289 ], [ 1.59248, 43.1942 ], [ 1.59955, 43.19482 ] ] } },
{ "type": "Feature", "properties": { "name": "Forgis", "weight_class": 1, "permanent": false, "length_km": 3.4 }, "geometry": { "type": "LineString", "coordinates": [ [ 1.65023, 43.157 ], [ 1.64638, 43.1674 ], [ 1.64159, 43.16948 ], [ 1.63901, 43.17433 ], [ 1.63713, 43.17511 ], [ 1.63608, 43.18103 ], [ 1.63369, 43.18143 ] ] } },
{ "type": "Feature", "properties": { "name": "Ruisseau de l'Église", "weight_class": 1, "permanent": false, "length_km": 2.9 }, "geometry": { "type": "LineString", "coordinates": [ [ 1.56264, 43.16566 ], [ 1.57254, 43.16932 ], [ 1.57379, 43.1711 ], [ 1.57753, 43.17243 ], [ 1.58154, 43.17177 ], [ 1.58833, 43.16739 ], [ 1.59181, 43.16712 ] ] } },
{ "type": "Feature", "properties": { "name": "l'Estrique", "weight_class": 2, "permanent": true, "length_km": 17.5 }, "geometry": { "type": "LineString", "coordinates": [ [ 1.53203, 43.06512 ], [ 1.5343, 43.06842 ], [ 1.53209, 43.07094 ], [ 1.5343, 43.07652 ], [ 1.53865, 43.07842 ], [ 1.53979, 43.08072 ], [ 1.54257, 43.08111 ], [ 1.5433, 43.08263 ], [ 1.55245, 43.08534 ], [ 1.56061, 43.09034 ], [ 1.56105, 43.09345 ], [ 1.55931, 43.09489 ], [ 1.56006, 43.09654 ], [ 1.55837, 43.09651 ], [ 1.55706, 43.10135 ], [ 1.55536, 43.1024 ], [ 1.55559, 43.10424 ], [ 1.55168, 43.10484 ], [ 1.55108, 43.10722 ], [ 1.5494, 43.10713 ], [ 1.54913, 43.10969 ], [ 1.55128, 43.11048 ], [ 1.54901, 43.1111 ], [ 1.55068, 43.11233 ], [ 1.54904, 43.11305 ], [ 1.54907, 43.11446 ], [ 1.55211, 43.11559 ], [ 1.55122, 43.11628 ], [ 1.55209, 43.11755 ], [ 1.54996, 43.11978 ], [ 1.55099, 43.12225 ], [ 1.55218, 43.12237 ], [ 1.55138, 43.12513 ], [ 1.5534, 43.12531 ], [ 1.55365, 43.12812 ], [ 1.55534, 43.12808 ], [ 1.55553, 43.12949 ], [ 1.55841, 43.13001 ], [ 1.55926, 43.13179 ], [ 1.561, 43.13167 ], [ 1.56144, 43.13545 ], [ 1.56324, 43.13562 ], [ 1.56352, 43.13727 ], [ 1.56529, 43.13706 ], [ 1.56568, 43.13983 ], [ 1.56771, 43.13988 ], [ 1.56836, 43.14116 ], [ 1.56949, 43.13996 ], [ 1.57183, 43.14033 ], [ 1.57485, 43.14219 ], [ 1.57344, 43.14279 ], [ 1.5739, 43.14379 ], [ 1.57706, 43.14387 ], [ 1.57667, 43.14605 ], [ 1.57883, 43.14686 ], [ 1.57793, 43.14932 ], [ 1.58269, 43.14919 ], [ 1.58172, 43.15072 ], [ 1.58322, 43.15197 ], [ 1.58558, 43.15173 ], [ 1.58615, 43.15504 ], [ 1.58749, 43.15565 ] ] } },
{ "type": "Feature", "properties": { "name": "Ruisseau de Puchauriol", "weight_class": 1, "permanent": false, "length_km": 2.7 }, "geometry": { "type": "LineString", "coordinates": [ [ 1.58541, 43.1205 ], [ 1.5828, 43.12336 ], [ 1.57911, 43.12485 ], [ 1.57464, 43.12845 ], [ 1.56957, 43.13636 ], [ 1.56478, 43.13808 ] ] } },
{ "type": "Feature", "properties": { "name": "Ruisseau de Lafitte", "weight_class": 1, "permanent": false, "length_km": 3.5 }, "geometry": { "type": "LineString", "coordinates": [ [ 1.58138, 43.11778 ], [ 1.57898, 43.11815 ], [ 1.57093, 43.11176 ], [ 1.56536, 43.11049 ], [ 1.56104, 43.11243 ], [ 1.55955, 43.11506 ], [ 1.55592, 43.11747 ], [ 1.55271, 43.11887 ], [ 1.5508, 43.11872 ] ] } },
{ "type": "Feature", "properties": { "name": "Ruisseau de Marty", "weight_class": 1, "permanent": true, "length_km": 4.5 }, "geometry": { "type": "LineString", "coordinates": [ [ 1.72593, 43.03775 ], [ 1.72467, 43.04055 ], [ 1.71875, 43.0434 ], [ 1.71826, 43.04905 ], [ 1.72038, 43.05092 ], [ 1.72682, 43.05204 ], [ 1.7319, 43.05615 ], [ 1.73814, 43.05819 ], [ 1.74034, 43.05779 ], [ 1.74505, 43.06153 ] ] } },
{ "type": "Feature", "properties": { "name": "Ruisseau de Fangasse", "weight_class": 1, "permanent": true, "length_km": 2.8 }, "geometry": { "type": "LineString", "coordinates": [ [ 1.67753, 43.02155 ], [ 1.67469, 43.02336 ], [ 1.67409, 43.02741 ], [ 1.67744, 43.02979 ], [ 1.67752, 43.0311 ], [ 1.68152, 43.03484 ], [ 1.68242, 43.04234 ] ] } },
{ "type": "Feature", "properties": { "name": "Ruisseau de Persec", "weight_class": 1, "permanent": false, "length_km": 2.0 }, "geometry": { "type": "LineString", "coordinates": [ [ 1.72507, 43.07446 ], [ 1.72453, 43.07879 ], [ 1.72775, 43.0827 ], [ 1.73041, 43.08925 ], [ 1.72879, 43.09087 ] ] } },
{ "type": "Feature", "properties": { "name": "Ruisseau de Mas", "weight_class": 1, "permanent": false, "length_km": 2.4 }, "geometry": { "type": "LineString", "coordinates": [ [ 1.73473, 43.0797 ], [ 1.73827, 43.08873 ], [ 1.74058, 43.09026 ], [ 1.73992, 43.09405 ], [ 1.74199, 43.09528 ], [ 1.74409, 43.09876 ] ] } },
{ "type": "Feature", "properties": { "name": null, "weight_class": 1, "permanent": false, "length_km": 3.5 }, "geometry": { "type": "LineString", "coordinates": [ [ 1.63688, 43.01982 ], [ 1.63183, 43.02123 ], [ 1.62588, 43.02095 ], [ 1.62241, 43.02236 ], [ 1.61505, 43.02277 ], [ 1.61421, 43.02682 ], [ 1.61504, 43.02932 ], [ 1.61378, 43.032 ], [ 1.61434, 43.03595 ], [ 1.61604, 43.03643 ] ] } },
{ "type": "Feature", "properties": { "name": "Ruisseau de Loubens/Ruisseau de la Souleilla", "weight_class": 1, "permanent": true, "length_km": 5.1 }, "geometry": { "type": "LineString", "coordinates": [ [ 1.56227, 43.04547 ], [ 1.56343, 43.04762 ], [ 1.56956, 43.05101 ], [ 1.58684, 43.05412 ], [ 1.59509, 43.05369 ], [ 1.60623, 43.05496 ], [ 1.61178, 43.05738 ], [ 1.61302, 43.05979 ] ] } },
{ "type": "Feature", "properties": { "name": "Ruisseau de la Fontaine/Ruisseau du Laucou", "weight_class": 1, "permanent": false, "length_km": 3.3 }, "geometry": { "type": "LineString", "coordinates": [ [ 1.73563, 42.98205 ], [ 1.74544, 42.9834 ], [ 1.74988, 42.98248 ], [ 1.75689, 42.97974 ], [ 1.75974, 42.97645 ], [ 1.76395, 42.97519 ], [ 1.76809, 42.97241 ] ] } },
{ "type": "Feature", "properties": { "name": null, "weight_class": 1, "permanent": false, "length_km": 2.2 }, "geometry": { "type": "LineString", "coordinates": [ [ 1.66173, 43.04091 ], [ 1.66226, 43.04311 ], [ 1.66721, 43.04889 ], [ 1.66899, 43.05675 ], [ 1.6725, 43.05715 ] ] } },
{ "type": "Feature", "properties": { "name": null, "weight_class": 1, "permanent": false, "length_km": 2.4 }, "geometry": { "type": "LineString", "coordinates": [ [ 1.61902, 43.08694 ], [ 1.61934, 43.09441 ], [ 1.6176, 43.10097 ], [ 1.61932, 43.10161 ], [ 1.61979, 43.10301 ], [ 1.61676, 43.10646 ] ] } },
{ "type": "Feature", "properties": { "name": "Ruisseau de Sardy", "weight_class": 1, "permanent": false, "length_km": 2.1 }, "geometry": { "type": "LineString", "coordinates": [ [ 1.69235, 43.06652 ], [ 1.693, 43.06918 ], [ 1.69554, 43.07113 ], [ 1.69894, 43.07138 ], [ 1.70563, 43.07499 ], [ 1.71206, 43.07457 ] ] } },
{ "type": "Feature", "properties": { "name": null, "weight_class": 1, "permanent": true, "length_km": 7.7 }, "geometry": { "type": "LineString", "coordinates": [ [ 1.70412, 43.04722 ], [ 1.70712, 43.05016 ], [ 1.70578, 43.0535 ], [ 1.70694, 43.05614 ], [ 1.7115, 43.05987 ], [ 1.7104, 43.0652 ], [ 1.71197, 43.0745 ], [ 1.71446, 43.0769 ], [ 1.71733, 43.07743 ], [ 1.71838, 43.0766 ], [ 1.72072, 43.07819 ], [ 1.72219, 43.08106 ], [ 1.72124, 43.08319 ], [ 1.72357, 43.08752 ], [ 1.72863, 43.09025 ], [ 1.72913, 43.09221 ], [ 1.73267, 43.096 ], [ 1.73149, 43.09921 ], [ 1.73219, 43.1005 ] ] } },
{ "type": "Feature", "properties": { "name": null, "weight_class": 1, "permanent": false, "length_km": 2.3 }, "geometry": { "type": "LineString", "coordinates": [ [ 1.69888, 43.09529 ], [ 1.71151, 43.09515 ], [ 1.72527, 43.09798 ] ] } },
{ "type": "Feature", "properties": { "name": "Lacanal", "weight_class": 1, "permanent": false, "length_km": 5.6 }, "geometry": { "type": "LineString", "coordinates": [ [ 1.69797, 43.07694 ], [ 1.69974, 43.07769 ], [ 1.7011, 43.08106 ], [ 1.70341, 43.08273 ], [ 1.70778, 43.08373 ], [ 1.70974, 43.08637 ], [ 1.72165, 43.09131 ], [ 1.72527, 43.09798 ], [ 1.72971, 43.10045 ], [ 1.73641, 43.10175 ], [ 1.73925, 43.10465 ], [ 1.73857, 43.10842 ] ] } },
{ "type": "Feature", "properties": { "name": "Ruisseau du Carlaret", "weight_class": 1, "permanent": false, "length_km": 4.5 }, "geometry": { "type": "LineString", "coordinates": [ [ 1.70499, 43.10936 ], [ 1.7089, 43.11692 ], [ 1.70876, 43.1199 ], [ 1.71212, 43.12093 ], [ 1.71103, 43.1247 ], [ 1.71272, 43.13059 ], [ 1.71839, 43.13253 ], [ 1.72496, 43.13187 ], [ 1.73271, 43.13349 ] ] } },
{ "type": "Feature", "properties": { "name": "Ruisseau des Baynes", "weight_class": 1, "permanent": false, "length_km": 3.1 }, "geometry": { "type": "LineString", "coordinates": [ [ 1.59424, 43.09042 ], [ 1.58735, 43.09358 ], [ 1.58228, 43.09306 ], [ 1.57065, 43.09552 ], [ 1.56213, 43.09543 ], [ 1.56004, 43.09626 ] ] } },
{ "type": "Feature", "properties": { "name": "Ruisseau du Loubès", "weight_class": 1, "permanent": false, "length_km": 2.3 }, "geometry": { "type": "LineString", "coordinates": [ [ 1.602, 43.09282 ], [ 1.59879, 43.09271 ], [ 1.59851, 43.09591 ], [ 1.59555, 43.10185 ], [ 1.59997, 43.10577 ], [ 1.60381, 43.10708 ] ] } },
{ "type": "Feature", "properties": { "name": "Ruisseau de Lafage", "weight_class": 1, "permanent": false, "length_km": 2.2 }, "geometry": { "type": "LineString", "coordinates": [ [ 1.71845, 43.06149 ], [ 1.72034, 43.06472 ], [ 1.72239, 43.06554 ], [ 1.73192, 43.06647 ], [ 1.74125, 43.0658 ] ] } },
{ "type": "Feature", "properties": { "name": "Ruisseau du Bois de Bauré", "weight_class": 1, "permanent": false, "length_km": 2.3 }, "geometry": { "type": "LineString", "coordinates": [ [ 1.69383, 43.0773 ], [ 1.6917, 43.07916 ], [ 1.69535, 43.08511 ], [ 1.70294, 43.08735 ], [ 1.70991, 43.0864 ] ] } },
{ "type": "Feature", "properties": { "name": "Ruisseau de la Galage/Gaiage de Fontanet", "weight_class": 1, "permanent": true, "length_km": 6.1 }, "geometry": { "type": "LineString", "coordinates": [ [ 1.64871, 43.0488 ], [ 1.65335, 43.05255 ], [ 1.6545, 43.05563 ], [ 1.65522, 43.06502 ], [ 1.6542, 43.07578 ], [ 1.65496, 43.0763 ], [ 1.65232, 43.07953 ], [ 1.6498, 43.08804 ], [ 1.64703, 43.09038 ], [ 1.6427, 43.09926 ] ] } },
{ "type": "Feature", "properties": { "name": "le Bigourda", "weight_class": 1, "permanent": false, "length_km": 3.2 }, "geometry": { "type": "LineString", "coordinates": [ [ 1.59337, 43.08256 ], [ 1.59107, 43.08419 ], [ 1.58144, 43.08529 ], [ 1.57576, 43.08782 ], [ 1.56402, 43.08829 ], [ 1.56182, 43.08952 ], [ 1.56083, 43.09198 ] ] } },
{ "type": "Feature", "properties": { "name": "Ruisseau de Minguet", "weight_class": 1, "permanent": true, "length_km": 2.6 }, "geometry": { "type": "LineString", "coordinates": [ [ 1.72812, 43.04375 ], [ 1.72925, 43.04831 ], [ 1.73162, 43.05088 ], [ 1.73671, 43.05205 ], [ 1.74146, 43.05518 ], [ 1.74529, 43.05581 ], [ 1.74489, 43.05693 ], [ 1.74669, 43.05848 ] ] } },
{ "type": "Feature", "properties": { "name": "Ruisseau de la Fajolle", "weight_class": 1, "permanent": false, "length_km": 2.2 }, "geometry": { "type": "LineString", "coordinates": [ [ 1.6906, 43.05284 ], [ 1.68939, 43.05744 ], [ 1.68649, 43.06027 ], [ 1.67894, 43.06227 ], [ 1.67167, 43.06235 ] ] } },
{ "type": "Feature", "properties": { "name": "la Fage", "weight_class": 1, "permanent": false, "length_km": 5.5 }, "geometry": { "type": "LineString", "coordinates": [ [ 1.65434, 43.03805 ], [ 1.65612, 43.04312 ], [ 1.65942, 43.04551 ], [ 1.66002, 43.04758 ], [ 1.65597, 43.05238 ], [ 1.65749, 43.05473 ], [ 1.65667, 43.05716 ], [ 1.65809, 43.0628 ], [ 1.65654, 43.07161 ], [ 1.65686, 43.07361 ], [ 1.659, 43.0754 ], [ 1.65614, 43.08013 ], [ 1.65205, 43.08057 ] ] } },
{ "type": "Feature", "properties": { "name": "Ruisseau de Dalou", "weight_class": 1, "permanent": true, "length_km": 13.4 }, "geometry": { "type": "LineString", "coordinates": [ [ 1.69747, 42.97967 ], [ 1.68702, 42.98294 ], [ 1.67667, 42.98406 ], [ 1.67651, 42.98532 ], [ 1.67947, 42.98621 ], [ 1.67877, 42.98944 ], [ 1.68044, 42.99114 ], [ 1.68031, 42.99483 ], [ 1.68252, 42.9971 ], [ 1.68278, 42.99886 ], [ 1.67759, 43.00573 ], [ 1.67765, 43.00698 ], [ 1.67379, 43.00889 ], [ 1.67382, 43.01089 ], [ 1.66915, 43.01475 ], [ 1.66808, 43.01849 ], [ 1.66081, 43.02437 ], [ 1.6608, 43.02557 ], [ 1.65285, 43.0271 ], [ 1.65011, 43.02811 ], [ 1.64994, 43.02935 ], [ 1.6472, 43.03075 ], [ 1.64491, 43.03058 ], [ 1.63989, 43.03211 ], [ 1.63504, 43.03684 ], [ 1.6338, 43.03708 ], [ 1.63327, 43.03633 ], [ 1.62934, 43.03699 ], [ 1.62898, 43.03901 ], [ 1.63538, 43.0456 ], [ 1.63551, 43.04671 ], [ 1.63301, 43.04892 ] ] } },
{ "type": "Feature", "properties": { "name": "Ruisseau de Carol", "weight_class": 1, "permanent": true, "length_km": 14.3 }, "geometry": { "type": "LineString", "coordinates": [ [ 1.52239, 42.99324 ], [ 1.5234, 42.99464 ], [ 1.52757, 42.99643 ], [ 1.52914, 42.99992 ], [ 1.53818, 43.00552 ], [ 1.53816, 43.00798 ], [ 1.53341, 43.01189 ], [ 1.53259, 43.01598 ], [ 1.53031, 43.01914 ], [ 1.53218, 43.01936 ], [ 1.53261, 43.02176 ], [ 1.53572, 43.02432 ], [ 1.53949, 43.02372 ], [ 1.5439, 43.02433 ], [ 1.54383, 43.02535 ], [ 1.54059, 43.02687 ], [ 1.53947, 43.03036 ], [ 1.55622, 43.031 ], [ 1.5627, 43.02832 ], [ 1.56802, 43.02829 ], [ 1.57396, 43.027 ], [ 1.57579, 43.02498 ], [ 1.58811, 43.02203 ], [ 1.59139, 43.02452 ], [ 1.5894, 43.02558 ], [ 1.58837, 43.02755 ], [ 1.5919, 43.03033 ], [ 1.59456, 43.02978 ], [ 1.59573, 43.03055 ], [ 1.59904, 43.03042 ], [ 1.60012, 43.03231 ], [ 1.60073, 43.03193 ], [ 1.60482, 43.03433 ], [ 1.60569, 43.03393 ] ] } },
{ "type": "Feature", "properties": { "name": "Ruisseau de Pastouret", "weight_class": 1, "permanent": false, "length_km": 2.1 }, "geometry": { "type": "LineString", "coordinates": [ [ 1.71197, 43.00762 ], [ 1.71237, 43.00993 ], [ 1.7164, 43.01455 ], [ 1.72436, 43.01751 ], [ 1.72651, 43.01749 ], [ 1.72818, 43.01921 ] ] } },
{ "type": "Feature", "properties": { "name": "Ruisseau de Guinot", "weight_class": 1, "permanent": false, "length_km": 4.0 }, "geometry": { "type": "LineString", "coordinates": [ [ 1.70371, 42.98757 ], [ 1.70354, 42.98929 ], [ 1.70539, 42.99106 ], [ 1.71307, 42.99415 ], [ 1.72225, 43.00063 ], [ 1.72727, 43.00161 ], [ 1.73349, 43.00419 ], [ 1.73536, 43.00771 ], [ 1.73479, 43.00867 ] ] } },
{ "type": "Feature", "properties": { "name": "Ruisseau de Baylé", "weight_class": 1, "permanent": false, "length_km": 4.4 }, "geometry": { "type": "LineString", "coordinates": [ [ 1.70024, 43.00411 ], [ 1.69805, 43.00582 ], [ 1.69438, 43.01225 ], [ 1.69612, 43.01746 ], [ 1.69328, 43.02375 ], [ 1.69477, 43.02963 ], [ 1.69444, 43.03589 ], [ 1.69772, 43.03818 ] ] } },
{ "type": "Feature", "properties": { "name": "Ruisseau de Malléon", "weight_class": 1, "permanent": false, "length_km": 2.4 }, "geometry": { "type": "LineString", "coordinates": [ [ 1.70216, 43.01719 ], [ 1.70396, 43.02055 ], [ 1.70795, 43.02311 ], [ 1.70946, 43.02836 ], [ 1.71323, 43.03238 ], [ 1.71439, 43.03527 ] ] } },
{ "type": "Feature", "properties": { "name": "Ruisseau de Ton", "weight_class": 1, "permanent": false, "length_km": 4.4 }, "geometry": { "type": "LineString", "coordinates": [ [ 1.66084, 43.00383 ], [ 1.65795, 43.00607 ], [ 1.65196, 43.00463 ], [ 1.64697, 43.00542 ], [ 1.64863, 43.00798 ], [ 1.64618, 43.01619 ], [ 1.64604, 43.02335 ], [ 1.64717, 43.02729 ], [ 1.64648, 43.03038 ] ] } },
{ "type": "Feature", "properties": { "name": "Ruisseau de Cascarret", "weight_class": 1, "permanent": false, "length_km": 2.0 }, "geometry": { "type": "LineString", "coordinates": [ [ 1.63735, 43.0102 ], [ 1.62849, 43.01586 ], [ 1.61862, 43.0175 ], [ 1.61749, 43.01619 ] ] } },
{ "type": "Feature", "properties": { "name": "Ruisseau de Génevrières", "weight_class": 1, "permanent": false, "length_km": 2.7 }, "geometry": { "type": "LineString", "coordinates": [ [ 1.66158, 43.00368 ], [ 1.66259, 43.00226 ], [ 1.66179, 43.00053 ], [ 1.6567, 42.99822 ], [ 1.65341, 42.99844 ], [ 1.65156, 42.99729 ], [ 1.64426, 43.00102 ], [ 1.63812, 43.00225 ] ] } },
{ "type": "Feature", "properties": { "name": "Ruisseau de Bedel", "weight_class": 1, "permanent": false, "length_km": 6.7 }, "geometry": { "type": "LineString", "coordinates": [ [ 1.66345, 42.98601 ], [ 1.6524, 42.99406 ], [ 1.64555, 42.99762 ], [ 1.64416, 42.99942 ], [ 1.6315, 43.00536 ], [ 1.62641, 43.00573 ], [ 1.62214, 43.01317 ], [ 1.61893, 43.01477 ], [ 1.61797, 43.01628 ], [ 1.61522, 43.01633 ], [ 1.6128, 43.02029 ], [ 1.61028, 43.02032 ] ] } },
{ "type": "Feature", "properties": { "name": "Ruisseau de Loubières", "weight_class": 1, "permanent": false, "length_km": 2.4 }, "geometry": { "type": "LineString", "coordinates": [ [ 1.58343, 43.01308 ], [ 1.58865, 43.01023 ], [ 1.59303, 43.00982 ], [ 1.59815, 43.00983 ], [ 1.60252, 43.0115 ], [ 1.60925, 43.01208 ] ] } },
{ "type": "Feature", "properties": { "name": "Ruisseau du Bousquet", "weight_class": 1, "permanent": false, "length_km": 5.0 }, "geometry": { "type": "LineString", "coordinates": [ [ 1.70586, 42.97764 ], [ 1.70916, 42.97679 ], [ 1.71331, 42.97724 ], [ 1.71429, 42.97902 ], [ 1.71385, 42.98348 ], [ 1.71623, 42.98611 ], [ 1.71663, 42.98902 ], [ 1.72282, 42.99307 ], [ 1.72777, 42.99362 ], [ 1.73199, 42.99551 ], [ 1.73269, 42.99764 ], [ 1.73793, 43.00118 ], [ 1.73835, 43.00391 ] ] } },
{ "type": "Feature", "properties": { "name": "Ruisseau d'Arabaux", "weight_class": 1, "permanent": true, "length_km": 2.6 }, "geometry": { "type": "LineString", "coordinates": [ [ 1.6349, 42.98564 ], [ 1.63008, 42.98935 ], [ 1.62297, 42.99211 ], [ 1.62151, 42.99388 ], [ 1.62215, 42.99594 ], [ 1.62072, 42.99718 ], [ 1.61639, 42.99929 ], [ 1.61393, 42.99923 ] ] } },
{ "type": "Feature", "properties": { "name": "l'Alses", "weight_class": 1, "permanent": true, "length_km": 12.3 }, "geometry": { "type": "LineString", "coordinates": [ [ 1.72341, 42.96656 ], [ 1.7183, 42.96864 ], [ 1.7135, 42.96896 ], [ 1.70786, 42.97103 ], [ 1.70326, 42.97019 ], [ 1.69747, 42.97059 ], [ 1.69245, 42.97242 ], [ 1.68986, 42.97244 ], [ 1.6865, 42.97411 ], [ 1.67781, 42.97527 ], [ 1.67549, 42.97648 ], [ 1.66833, 42.97707 ], [ 1.66496, 42.97571 ], [ 1.6585, 42.97584 ], [ 1.64952, 42.97847 ], [ 1.64101, 42.9773 ], [ 1.63902, 42.97571 ], [ 1.63863, 42.97275 ], [ 1.63741, 42.97207 ], [ 1.63125, 42.97533 ], [ 1.62206, 42.97822 ], [ 1.62261, 42.98402 ], [ 1.62123, 42.98975 ], [ 1.6175, 42.99504 ], [ 1.61387, 42.99725 ] ] } },
{ "type": "Feature", "properties": { "name": "Ruisseau la Fount Grand", "weight_class": 1, "permanent": true, "length_km": 3.1 }, "geometry": { "type": "LineString", "coordinates": [ [ 1.66424, 42.95828 ], [ 1.66016, 42.96084 ], [ 1.65681, 42.96496 ], [ 1.65112, 42.96593 ], [ 1.6507, 42.967 ], [ 1.64689, 42.96771 ], [ 1.64616, 42.96865 ], [ 1.64166, 42.96887 ], [ 1.63741, 42.97207 ] ] } },
{ "type": "Feature", "properties": { "name": "Ruisseau de Laurens", "weight_class": 1, "permanent": false, "length_km": 3.1 }, "geometry": { "type": "LineString", "coordinates": [ [ 1.70123, 42.8783 ], [ 1.70341, 42.8815 ], [ 1.70307, 42.88842 ], [ 1.70427, 42.89238 ], [ 1.70376, 42.89551 ], [ 1.70212, 42.89659 ], [ 1.70101, 42.9002 ], [ 1.70345, 42.90168 ], [ 1.70462, 42.90375 ] ] } },
{ "type": "Feature", "properties": { "name": "Ruisseau de Prat Moussut", "weight_class": 1, "permanent": true, "length_km": 2.5 }, "geometry": { "type": "LineString", "coordinates": [ [ 1.72359, 42.85831 ], [ 1.72419, 42.86133 ], [ 1.72898, 42.86282 ], [ 1.72868, 42.86384 ], [ 1.73024, 42.86464 ], [ 1.73199, 42.86358 ], [ 1.7389, 42.86521 ], [ 1.74124, 42.8641 ], [ 1.74319, 42.86155 ] ] } },
{ "type": "Feature", "properties": { "name": "Ruisseau de mal Rec ou de Bernet", "weight_class": 1, "permanent": true, "length_km": 2.5 }, "geometry": { "type": "LineString", "coordinates": [ [ 1.73741, 42.83253 ], [ 1.74476, 42.83885 ], [ 1.74844, 42.84032 ], [ 1.74915, 42.84228 ], [ 1.75301, 42.84342 ], [ 1.75339, 42.84535 ], [ 1.75616, 42.84575 ] ] } },
{ "type": "Feature", "properties": { "name": "Ruisseau de la Brayère d'Aygue Rouge", "weight_class": 1, "permanent": true, "length_km": 3.7 }, "geometry": { "type": "LineString", "coordinates": [ [ 1.70855, 42.85396 ], [ 1.70701, 42.85037 ], [ 1.70542, 42.84926 ], [ 1.69063, 42.84795 ], [ 1.67719, 42.84305 ], [ 1.67294, 42.83948 ] ] } },
{ "type": "Feature", "properties": { "name": "Ruisseau de Rouy", "weight_class": 1, "permanent": true, "length_km": 2.3 }, "geometry": { "type": "LineString", "coordinates": [ [ 1.65397, 42.88281 ], [ 1.65128, 42.88478 ], [ 1.6421, 42.88601 ], [ 1.63797, 42.88823 ], [ 1.63227, 42.88745 ], [ 1.63052, 42.88921 ] ] } },
{ "type": "Feature", "properties": { "name": "la Turègne", "weight_class": 1, "permanent": true, "length_km": 4.6 }, "geometry": { "type": "LineString", "coordinates": [ [ 1.72552, 42.96367 ], [ 1.72873, 42.96587 ], [ 1.73397, 42.96607 ], [ 1.74585, 42.96111 ], [ 1.75127, 42.96107 ], [ 1.75546, 42.95924 ], [ 1.75976, 42.9592 ], [ 1.76029, 42.95856 ], [ 1.76401, 42.95896 ], [ 1.76748, 42.95804 ], [ 1.76958, 42.95647 ], [ 1.77308, 42.95788 ] ] } },
{ "type": "Feature", "properties": { "name": "Ruisseau de Baragne", "weight_class": 1, "permanent": true, "length_km": 3.0 }, "geometry": { "type": "LineString", "coordinates": [ [ 1.69541, 42.95791 ], [ 1.69022, 42.95884 ], [ 1.68707, 42.96088 ], [ 1.68568, 42.96285 ], [ 1.69, 42.96464 ], [ 1.69193, 42.9673 ], [ 1.69126, 42.96857 ], [ 1.68625, 42.97063 ], [ 1.68608, 42.97206 ], [ 1.68316, 42.97462 ] ] } },
{ "type": "Feature", "properties": { "name": "Ruisseau de Munat", "weight_class": 1, "permanent": false, "length_km": 2.9 }, "geometry": { "type": "LineString", "coordinates": [ [ 1.71063, 42.95181 ], [ 1.71676, 42.94705 ], [ 1.7185, 42.94356 ], [ 1.72106, 42.94237 ], [ 1.7252, 42.93573 ], [ 1.72641, 42.93524 ], [ 1.72599, 42.93299 ], [ 1.72421, 42.93184 ] ] } },
{ "type": "Feature", "properties": { "name": "Ruisseau de Gariac", "weight_class": 1, "permanent": true, "length_km": 3.8 }, "geometry": { "type": "LineString", "coordinates": [ [ 1.59246, 42.92983 ], [ 1.5935, 42.93589 ], [ 1.59627, 42.93819 ], [ 1.59631, 42.94003 ], [ 1.6014, 42.94367 ], [ 1.60782, 42.94482 ], [ 1.61375, 42.94888 ], [ 1.62127, 42.95095 ] ] } },
{ "type": "Feature", "properties": { "name": "le Sios", "weight_class": 2, "permanent": true, "length_km": 16.9 }, "geometry": { "type": "LineString", "coordinates": [ [ 1.71313, 42.85766 ], [ 1.71269, 42.85958 ], [ 1.71658, 42.86365 ], [ 1.72045, 42.87078 ], [ 1.71835, 42.87436 ], [ 1.71918, 42.8774 ], [ 1.71855, 42.88288 ], [ 1.71411, 42.88793 ], [ 1.71312, 42.89158 ], [ 1.70982, 42.89517 ], [ 1.71209, 42.89953 ], [ 1.71046, 42.90339 ], [ 1.70447, 42.90379 ], [ 1.69985, 42.90707 ], [ 1.69415, 42.91414 ], [ 1.68852, 42.91631 ], [ 1.68704, 42.9157 ], [ 1.68361, 42.91711 ], [ 1.68176, 42.91504 ], [ 1.67674, 42.91276 ], [ 1.67274, 42.91342 ], [ 1.67045, 42.91275 ], [ 1.66556, 42.91554 ], [ 1.66209, 42.91493 ], [ 1.66005, 42.91561 ], [ 1.65826, 42.91457 ], [ 1.65501, 42.91726 ], [ 1.64885, 42.9192 ], [ 1.64884, 42.92076 ], [ 1.64395, 42.92252 ], [ 1.64036, 42.92691 ], [ 1.63708, 42.9288 ], [ 1.63538, 42.93282 ], [ 1.63352, 42.9335 ], [ 1.62939, 42.93908 ], [ 1.62917, 42.94084 ], [ 1.62514, 42.94266 ], [ 1.62594, 42.94445 ], [ 1.62114, 42.94511 ] ] } },
{ "type": "Feature", "properties": { "name": "Ruisseau de Marié", "weight_class": 1, "permanent": true, "length_km": 2.6 }, "geometry": { "type": "LineString", "coordinates": [ [ 1.72598, 42.91863 ], [ 1.72588, 42.91739 ], [ 1.72917, 42.91442 ], [ 1.73478, 42.91255 ], [ 1.74323, 42.91465 ], [ 1.74711, 42.91374 ], [ 1.75231, 42.91442 ] ] } },
{ "type": "Feature", "properties": { "name": "Ruisseau de la Baure", "weight_class": 1, "permanent": true, "length_km": 8.6 }, "geometry": { "type": "LineString", "coordinates": [ [ 1.76497, 42.92649 ], [ 1.76206, 42.92332 ], [ 1.75909, 42.922 ], [ 1.74615, 42.92404 ], [ 1.72901, 42.93198 ], [ 1.72605, 42.93144 ], [ 1.72262, 42.93203 ], [ 1.71852, 42.93109 ], [ 1.7159, 42.93267 ], [ 1.7097, 42.93206 ], [ 1.70602, 42.92996 ], [ 1.70407, 42.92739 ], [ 1.6948, 42.92439 ], [ 1.69091, 42.92043 ], [ 1.68438, 42.91699 ] ] } },
{ "type": "Feature", "properties": { "name": "Ruisseau de Gandou", "weight_class": 2, "permanent": true, "length_km": 4.3 }, "geometry": { "type": "LineString", "coordinates": [ [ 1.68156, 42.94026 ], [ 1.67758, 42.93678 ], [ 1.67984, 42.93354 ], [ 1.67531, 42.92864 ], [ 1.67387, 42.92856 ], [ 1.67168, 42.92668 ], [ 1.66829, 42.92617 ], [ 1.66687, 42.92424 ], [ 1.66172, 42.92121 ], [ 1.65658, 42.92039 ], [ 1.65637, 42.91971 ], [ 1.64895, 42.92054 ] ] } },
{ "type": "Feature", "properties": { "name": "Ruisseau du Rade/Ruisseau du Courtalet", "weight_class": 1, "permanent": true, "length_km": 3.8 }, "geometry": { "type": "LineString", "coordinates": [ [ 1.58757, 42.92393 ], [ 1.59181, 42.92497 ], [ 1.59969, 42.92427 ], [ 1.60138, 42.92532 ], [ 1.60678, 42.9248 ], [ 1.60891, 42.92646 ], [ 1.6117, 42.92569 ], [ 1.61696, 42.92703 ], [ 1.6214, 42.92698 ], [ 1.62292, 42.92793 ], [ 1.62029, 42.93166 ] ] } },
{ "type": "Feature", "properties": { "name": "Ruisseau de Saint-Genès", "weight_class": 1, "permanent": true, "length_km": 2.3 }, "geometry": { "type": "LineString", "coordinates": [ [ 1.68848, 42.89563 ], [ 1.68399, 42.89929 ], [ 1.68471, 42.90515 ], [ 1.67993, 42.91414 ] ] } },
{ "type": "Feature", "properties": { "name": "Ruisseau des Mascasses", "weight_class": 1, "permanent": false, "length_km": 2.7 }, "geometry": { "type": "LineString", "coordinates": [ [ 1.65918, 42.89228 ], [ 1.66233, 42.89822 ], [ 1.65714, 42.90887 ], [ 1.6593, 42.91183 ], [ 1.65844, 42.91451 ] ] } },
{ "type": "Feature", "properties": { "name": "Ruisseau de Labat", "weight_class": 2, "permanent": true, "length_km": 7.8 }, "geometry": { "type": "LineString", "coordinates": [ [ 1.70459, 42.86689 ], [ 1.70176, 42.86889 ], [ 1.6988, 42.86936 ], [ 1.69511, 42.87136 ], [ 1.69215, 42.87539 ], [ 1.68645, 42.87814 ], [ 1.68585, 42.88032 ], [ 1.6811, 42.88191 ], [ 1.68131, 42.88461 ], [ 1.67991, 42.88787 ], [ 1.66698, 42.89393 ], [ 1.66653, 42.9074 ], [ 1.6648, 42.9101 ], [ 1.6647, 42.91346 ], [ 1.6628, 42.91457 ], [ 1.66034, 42.91371 ], [ 1.65905, 42.91488 ] ] } },
{ "type": "Feature", "properties": { "name": "Ruisseau du Pas du Teil", "weight_class": 1, "permanent": true, "length_km": 6.4 }, "geometry": { "type": "LineString", "coordinates": [ [ 1.57096, 42.90133 ], [ 1.5813, 42.90631 ], [ 1.58289, 42.9063 ], [ 1.58585, 42.90388 ], [ 1.58913, 42.90451 ], [ 1.59388, 42.90387 ], [ 1.59477, 42.90509 ], [ 1.59726, 42.90422 ], [ 1.60494, 42.905 ], [ 1.6069, 42.90435 ], [ 1.60917, 42.90589 ], [ 1.61516, 42.90693 ], [ 1.61779, 42.90593 ], [ 1.62224, 42.90635 ], [ 1.62728, 42.90368 ], [ 1.6336, 42.90204 ], [ 1.63684, 42.89985 ] ] } },
{ "type": "Feature", "properties": { "name": "Ruisseau de la Montagne", "weight_class": 1, "permanent": false, "length_km": 4.1 }, "geometry": { "type": "LineString", "coordinates": [ [ 1.70112, 42.85796 ], [ 1.69469, 42.85819 ], [ 1.68627, 42.85717 ], [ 1.68033, 42.8546 ], [ 1.67231, 42.85383 ], [ 1.6703, 42.85278 ], [ 1.66766, 42.84767 ], [ 1.66414, 42.84571 ], [ 1.66318, 42.84405 ], [ 1.6619, 42.84404 ] ] } },
{ "type": "Feature", "properties": { "name": "Ruisseau de Serbel", "weight_class": 1, "permanent": true, "length_km": 6.4 }, "geometry": { "type": "LineString", "coordinates": [ [ 1.6846, 42.86175 ], [ 1.67687, 42.86218 ], [ 1.67327, 42.8656 ], [ 1.66825, 42.86702 ], [ 1.65864, 42.86437 ], [ 1.6462, 42.86427 ], [ 1.64514, 42.8683 ], [ 1.63978, 42.87589 ], [ 1.6313, 42.87883 ], [ 1.62516, 42.87834 ] ] } },
{ "type": "Feature", "properties": { "name": "l'Arnave/Ruisseau de la Sécaille", "weight_class": 1, "permanent": true, "length_km": 11.1 }, "geometry": { "type": "LineString", "coordinates": [ [ 1.71931, 42.8353 ], [ 1.71022, 42.83629 ], [ 1.69898, 42.8326 ], [ 1.6943, 42.83302 ], [ 1.68991, 42.83476 ], [ 1.68683, 42.83429 ], [ 1.68316, 42.83677 ], [ 1.67645, 42.83755 ], [ 1.67345, 42.83946 ], [ 1.66967, 42.8399 ], [ 1.66691, 42.8423 ], [ 1.66303, 42.84301 ], [ 1.65724, 42.85027 ], [ 1.65013, 42.85386 ], [ 1.64391, 42.85268 ], [ 1.63939, 42.85671 ], [ 1.62847, 42.85985 ], [ 1.62645, 42.8619 ], [ 1.61864, 42.86472 ], [ 1.61738, 42.86605 ], [ 1.61558, 42.86545 ], [ 1.61424, 42.86719 ] ] } },
{ "type": "Feature", "properties": { "name": "Ruisseau de la Courbière", "weight_class": 2, "permanent": true, "length_km": 16.1 }, "geometry": { "type": "LineString", "coordinates": [ [ 1.44898, 42.85561 ], [ 1.45028, 42.85546 ], [ 1.45354, 42.85016 ], [ 1.45181, 42.84623 ], [ 1.45278, 42.84356 ], [ 1.45061, 42.84266 ], [ 1.45167, 42.84016 ], [ 1.4554, 42.83845 ], [ 1.4669, 42.83817 ], [ 1.47378, 42.8382 ], [ 1.48414, 42.83969 ], [ 1.48964, 42.84331 ], [ 1.49281, 42.8443 ], [ 1.49899, 42.84398 ], [ 1.50581, 42.84242 ], [ 1.51448, 42.84295 ], [ 1.52021, 42.84518 ], [ 1.52418, 42.84515 ], [ 1.53161, 42.84968 ], [ 1.53582, 42.8507 ], [ 1.54143, 42.85015 ], [ 1.55376, 42.85422 ], [ 1.56131, 42.85481 ], [ 1.564, 42.85589 ], [ 1.56536, 42.85764 ], [ 1.57418, 42.85795 ], [ 1.58179, 42.85517 ], [ 1.5851, 42.85603 ], [ 1.58744, 42.85445 ], [ 1.59111, 42.85442 ], [ 1.59373, 42.85294 ], [ 1.59514, 42.85448 ], [ 1.59958, 42.85404 ] ] } },
{ "type": "Feature", "properties": { "name": "Ruisseau de Prat Saint-Martin", "weight_class": 1, "permanent": true, "length_km": 3.6 }, "geometry": { "type": "LineString", "coordinates": [ [ 1.72887, 42.83497 ], [ 1.72781, 42.84523 ], [ 1.73446, 42.84966 ], [ 1.74315, 42.85217 ], [ 1.74778, 42.8552 ], [ 1.74862, 42.85704 ] ] } },
{ "type": "Feature", "properties": { "name": "Ruisseau d'Estagnolette", "weight_class": 1, "permanent": true, "length_km": 2.5 }, "geometry": { "type": "LineString", "coordinates": [ [ 1.72899, 42.83241 ], [ 1.72267, 42.82684 ], [ 1.72114, 42.82659 ], [ 1.72026, 42.82382 ], [ 1.72201, 42.82137 ], [ 1.7209, 42.81991 ], [ 1.72382, 42.81783 ] ] } },
{ "type": "Feature", "properties": { "name": "Ruisseau de Vicdessos", "weight_class": 3, "permanent": true, "length_km": 37.1 }, "geometry": { "type": "LineString", "coordinates": [ [ 1.43306, 42.6105 ], [ 1.43977, 42.6165 ], [ 1.44369, 42.61769 ], [ 1.44433, 42.62005 ], [ 1.45061, 42.62461 ], [ 1.44981, 42.63277 ], [ 1.44874, 42.63378 ], [ 1.44968, 42.63656 ], [ 1.44826, 42.63835 ], [ 1.44988, 42.64276 ], [ 1.44877, 42.6454 ], [ 1.45042, 42.65047 ], [ 1.44945, 42.65375 ], [ 1.44675, 42.65606 ], [ 1.44531, 42.65964 ], [ 1.44639, 42.66789 ], [ 1.45085, 42.67779 ], [ 1.44939, 42.68552 ], [ 1.45083, 42.68869 ], [ 1.44926, 42.69021 ], [ 1.44988, 42.69309 ], [ 1.44755, 42.69805 ], [ 1.44781, 42.70283 ], [ 1.45143, 42.70998 ], [ 1.44913, 42.7165 ], [ 1.45016, 42.72193 ], [ 1.45219, 42.72312 ], [ 1.45758, 42.73084 ], [ 1.45818, 42.7352 ], [ 1.46259, 42.7434 ], [ 1.46784, 42.74559 ], [ 1.47359, 42.74989 ], [ 1.47418, 42.75377 ], [ 1.47605, 42.75543 ], [ 1.47805, 42.76076 ], [ 1.47983, 42.76104 ], [ 1.48202, 42.76363 ], [ 1.49068, 42.76928 ], [ 1.50174, 42.76801 ], [ 1.50565, 42.7713 ], [ 1.51098, 42.77307 ], [ 1.51142, 42.77579 ], [ 1.51277, 42.77677 ], [ 1.51868, 42.77525 ], [ 1.52247, 42.7775 ], [ 1.5343, 42.78016 ], [ 1.53883, 42.78205 ], [ 1.54106, 42.7819 ], [ 1.54775, 42.78486 ], [ 1.55807, 42.78432 ], [ 1.56681, 42.78952 ], [ 1.57334, 42.79036 ], [ 1.57545, 42.7928 ], [ 1.57954, 42.79381 ], [ 1.58327, 42.79631 ], [ 1.58409, 42.79867 ], [ 1.58832, 42.80219 ], [ 1.58974, 42.80587 ], [ 1.58816, 42.80929 ], [ 1.59049, 42.81436 ], [ 1.58931, 42.81936 ], [ 1.5908, 42.82385 ], [ 1.59069, 42.82904 ], [ 1.5933, 42.83253 ], [ 1.60055, 42.83541 ], [ 1.60022, 42.83814 ], [ 1.60415, 42.83858 ], [ 1.604, 42.84354 ], [ 1.60592, 42.8458 ] ] } },
{ "type": "Feature", "properties": { "name": "la Lèze", "weight_class": 2, "permanent": true, "length_km": 49.2 }, "geometry": { "type": "MultiLineString", "coordinates": [ [ [ 1.37368, 43.2445 ], [ 1.37122, 43.24533 ], [ 1.37087, 43.24948 ], [ 1.36872, 43.25259 ], [ 1.36686, 43.25342 ], [ 1.36743, 43.25493 ], [ 1.36517, 43.25564 ], [ 1.36562, 43.25665 ], [ 1.36272, 43.26058 ], [ 1.36325, 43.26174 ], [ 1.36015, 43.26437 ], [ 1.36098, 43.26538 ], [ 1.36073, 43.26777 ], [ 1.35905, 43.26833 ], [ 1.35988, 43.26949 ], [ 1.35733, 43.2699 ], [ 1.35505, 43.27147 ], [ 1.35333, 43.27596 ], [ 1.35358, 43.27956 ], [ 1.35105, 43.28414 ], [ 1.3519, 43.28623 ], [ 1.34964, 43.29037 ], [ 1.35069, 43.29273 ], [ 1.34906, 43.29363 ], [ 1.3496, 43.29524 ], [ 1.34657, 43.29591 ], [ 1.34668, 43.29694 ], [ 1.34442, 43.29652 ], [ 1.34531, 43.29829 ], [ 1.33989, 43.30227 ], [ 1.33627, 43.30952 ], [ 1.33605, 43.31107 ], [ 1.33828, 43.31245 ], [ 1.33183, 43.3159 ] ], [ [ 1.48501, 43.03378 ], [ 1.46781, 43.04015 ], [ 1.45133, 43.04472 ], [ 1.44857, 43.04727 ], [ 1.44432, 43.04814 ], [ 1.44329, 43.0498 ], [ 1.43783, 43.05248 ], [ 1.43525, 43.0554 ], [ 1.43545, 43.05943 ], [ 1.43726, 43.06385 ], [ 1.44289, 43.06416 ], [ 1.44484, 43.06327 ], [ 1.44944, 43.06431 ], [ 1.45572, 43.06291 ], [ 1.45664, 43.067 ], [ 1.45864, 43.06642 ], [ 1.46143, 43.06879 ], [ 1.46419, 43.06922 ], [ 1.4665, 43.06817 ], [ 1.46968, 43.06863 ], [ 1.47323, 43.06765 ], [ 1.47442, 43.06903 ], [ 1.47698, 43.06981 ], [ 1.47586, 43.07048 ], [ 1.47603, 43.07185 ], [ 1.48026, 43.07553 ], [ 1.47796, 43.07787 ], [ 1.46557, 43.08417 ], [ 1.46281, 43.08757 ], [ 1.46046, 43.08779 ], [ 1.45842, 43.09026 ], [ 1.45504, 43.09141 ], [ 1.45532, 43.09243 ], [ 1.45385, 43.09242 ], [ 1.45397, 43.09333 ], [ 1.45242, 43.09308 ], [ 1.4514, 43.09684 ], [ 1.44705, 43.0974 ], [ 1.44507, 43.09898 ], [ 1.44387, 43.0985 ], [ 1.44241, 43.10001 ], [ 1.44339, 43.10291 ], [ 1.4428, 43.10549 ], [ 1.44427, 43.10655 ], [ 1.44331, 43.10843 ], [ 1.44572, 43.10934 ], [ 1.44534, 43.11721 ], [ 1.44675, 43.11811 ], [ 1.44756, 43.12056 ], [ 1.44744, 43.12391 ], [ 1.44614, 43.12411 ], [ 1.44583, 43.12544 ], [ 1.44402, 43.12538 ], [ 1.44392, 43.12709 ], [ 1.44526, 43.12804 ], [ 1.44293, 43.12886 ], [ 1.44417, 43.13017 ], [ 1.44322, 43.13112 ], [ 1.44437, 43.13434 ], [ 1.44697, 43.13436 ], [ 1.4447, 43.13677 ], [ 1.4448, 43.13793 ], [ 1.44332, 43.13838 ], [ 1.44464, 43.13908 ], [ 1.44414, 43.14073 ], [ 1.44534, 43.14124 ], [ 1.44334, 43.14232 ], [ 1.4428, 43.14475 ], [ 1.44113, 43.14565 ], [ 1.44034, 43.14876 ], [ 1.43812, 43.14935 ], [ 1.43708, 43.15313 ], [ 1.4363, 43.15363 ], [ 1.43489, 43.15296 ], [ 1.4303, 43.15764 ], [ 1.42737, 43.158 ], [ 1.42813, 43.16263 ], [ 1.42199, 43.16616 ], [ 1.41955, 43.16904 ], [ 1.41604, 43.16943 ], [ 1.41276, 43.17238 ], [ 1.41095, 43.17282 ], [ 1.40669, 43.17725 ], [ 1.40563, 43.18069 ], [ 1.40638, 43.18311 ], [ 1.40544, 43.18333 ], [ 1.4067, 43.18406 ], [ 1.40382, 43.18671 ], [ 1.40506, 43.18792 ], [ 1.40444, 43.18903 ], [ 1.40298, 43.18917 ], [ 1.40122, 43.19204 ], [ 1.39878, 43.19184 ], [ 1.39522, 43.1945 ], [ 1.39482, 43.19839 ], [ 1.3911, 43.20078 ], [ 1.39088, 43.2022 ], [ 1.38951, 43.20224 ], [ 1.38895, 43.20502 ], [ 1.38198, 43.21201 ], [ 1.38197, 43.21466 ], [ 1.38424, 43.21596 ], [ 1.3835, 43.21991 ], [ 1.38708, 43.22723 ], [ 1.38536, 43.22826 ], [ 1.38545, 43.2296 ], [ 1.38354, 43.22998 ], [ 1.38158, 43.23415 ], [ 1.37796, 43.23557 ], [ 1.3746, 43.23835 ] ] ] } },
{ "type": "Feature", "properties": { "name": null, "weight_class": 1, "permanent": false, "length_km": 2.5 }, "geometry": { "type": "LineString", "coordinates": [ [ 1.49742, 43.25619 ], [ 1.50015, 43.25982 ], [ 1.50637, 43.26452 ], [ 1.50822, 43.26764 ], [ 1.51719, 43.2722 ] ] } },
{ "type": "Feature", "properties": { "name": "l'Hers", "weight_class": 3, "permanent": true, "length_km": 102.1 }, "geometry": { "type": "MultiLineString", "coordinates": [ [ [ 1.70546, 43.24595 ], [ 1.7005, 43.24443 ], [ 1.69552, 43.24652 ], [ 1.69449, 43.24873 ], [ 1.69329, 43.24898 ], [ 1.68891, 43.24705 ], [ 1.68599, 43.24727 ], [ 1.68465, 43.25086 ], [ 1.68135, 43.25143 ], [ 1.67093, 43.26208 ], [ 1.66515, 43.26472 ], [ 1.6646, 43.26696 ], [ 1.66603, 43.26932 ], [ 1.66277, 43.27254 ], [ 1.66067, 43.27309 ], [ 1.65654, 43.27231 ] ], [ [ 1.70929, 43.23753 ], [ 1.70407, 43.23862 ], [ 1.70216, 43.24043 ], [ 1.70284, 43.24224 ], [ 1.7068, 43.24421 ] ], [ [ 1.94228, 43.05588 ], [ 1.94243, 43.05897 ], [ 1.94071, 43.06163 ], [ 1.93677, 43.06162 ], [ 1.93431, 43.06048 ], [ 1.93317, 43.06223 ], [ 1.93572, 43.06951 ], [ 1.94194, 43.07032 ], [ 1.94326, 43.07188 ], [ 1.94515, 43.08001 ], [ 1.94315, 43.08131 ], [ 1.9351, 43.08142 ], [ 1.93171, 43.08496 ], [ 1.92427, 43.08725 ], [ 1.92222, 43.08952 ], [ 1.91808, 43.09114 ], [ 1.91542, 43.09345 ], [ 1.91158, 43.09181 ], [ 1.9097, 43.09196 ], [ 1.90078, 43.08549 ], [ 1.89871, 43.08632 ], [ 1.89862, 43.08917 ], [ 1.8935, 43.08965 ], [ 1.89298, 43.0916 ], [ 1.8896, 43.08961 ], [ 1.88658, 43.09245 ], [ 1.88264, 43.09227 ], [ 1.87835, 43.09362 ], [ 1.87128, 43.09342 ], [ 1.86916, 43.09222 ], [ 1.86808, 43.09264 ], [ 1.86775, 43.09164 ], [ 1.86226, 43.09061 ], [ 1.85571, 43.09248 ], [ 1.85451, 43.09136 ], [ 1.85132, 43.0907 ], [ 1.85272, 43.08824 ], [ 1.85192, 43.08749 ], [ 1.84713, 43.08709 ], [ 1.8458, 43.08954 ], [ 1.84237, 43.08728 ], [ 1.83965, 43.08692 ], [ 1.83874, 43.08449 ], [ 1.8404, 43.08267 ], [ 1.83703, 43.08169 ], [ 1.83461, 43.08404 ], [ 1.83187, 43.08261 ], [ 1.83074, 43.08478 ], [ 1.82801, 43.08516 ], [ 1.82628, 43.08397 ], [ 1.8267, 43.08223 ], [ 1.82362, 43.08207 ], [ 1.8253, 43.08048 ], [ 1.8243, 43.07905 ], [ 1.82291, 43.07912 ], [ 1.82245, 43.07763 ], [ 1.82003, 43.07628 ], [ 1.81687, 43.07596 ], [ 1.81326, 43.07798 ], [ 1.812, 43.07674 ], [ 1.81037, 43.07671 ], [ 1.80268, 43.07954 ], [ 1.80068, 43.07904 ], [ 1.79946, 43.07736 ], [ 1.79754, 43.07729 ], [ 1.79176, 43.08161 ], [ 1.78643, 43.08023 ], [ 1.78664, 43.07819 ], [ 1.78227, 43.07882 ], [ 1.77708, 43.08134 ], [ 1.77579, 43.08384 ], [ 1.77741, 43.08702 ], [ 1.77548, 43.0886 ], [ 1.77202, 43.08978 ], [ 1.76826, 43.08877 ], [ 1.76524, 43.09132 ], [ 1.75919, 43.08778 ], [ 1.75918, 43.09192 ], [ 1.76036, 43.0928 ], [ 1.75964, 43.09357 ], [ 1.75853, 43.09398 ], [ 1.75422, 43.09244 ], [ 1.75087, 43.09281 ], [ 1.74958, 43.09588 ], [ 1.74549, 43.09755 ], [ 1.74244, 43.10108 ], [ 1.74202, 43.10727 ], [ 1.74048, 43.11201 ], [ 1.73842, 43.11364 ], [ 1.74107, 43.11592 ], [ 1.73919, 43.11703 ], [ 1.73642, 43.11571 ], [ 1.73175, 43.11904 ], [ 1.73425, 43.12007 ], [ 1.7401, 43.12599 ], [ 1.73828, 43.128 ], [ 1.73301, 43.13082 ], [ 1.73081, 43.13656 ], [ 1.73197, 43.14242 ], [ 1.72902, 43.14611 ], [ 1.72972, 43.15438 ], [ 1.73137, 43.15624 ], [ 1.7353, 43.15771 ], [ 1.73476, 43.15967 ], [ 1.73234, 43.16132 ], [ 1.73326, 43.16237 ], [ 1.73756, 43.16213 ], [ 1.73557, 43.16396 ], [ 1.73382, 43.16959 ], [ 1.73058, 43.17377 ], [ 1.73599, 43.1744 ], [ 1.73833, 43.1755 ], [ 1.73608, 43.17815 ], [ 1.73664, 43.18175 ], [ 1.73508, 43.18453 ], [ 1.7358, 43.18737 ], [ 1.7373, 43.18864 ] ], [ [ 1.85317, 42.75829 ], [ 1.85453, 42.76388 ], [ 1.8573, 42.76578 ], [ 1.86458, 42.76829 ], [ 1.87016, 42.7731 ], [ 1.87526, 42.78096 ], [ 1.88075, 42.78361 ], [ 1.892, 42.79452 ], [ 1.89674, 42.79742 ], [ 1.89896, 42.80456 ], [ 1.89643, 42.80822 ], [ 1.89111, 42.81044 ] ], [ [ 1.89086, 42.8108 ], [ 1.87978, 42.813 ], [ 1.87806, 42.81449 ], [ 1.86931, 42.81536 ], [ 1.86633, 42.81739 ], [ 1.8627, 42.81786 ], [ 1.86079, 42.81914 ], [ 1.85921, 42.82193 ], [ 1.85986, 42.8268 ], [ 1.8647, 42.83184 ], [ 1.86621, 42.83182 ], [ 1.86801, 42.83315 ] ], [ [ 1.87677, 42.84148 ], [ 1.87688, 42.84398 ], [ 1.87529, 42.84479 ], [ 1.87442, 42.84846 ], [ 1.87552, 42.84963 ], [ 1.87564, 42.85427 ], [ 1.87793, 42.85561 ], [ 1.87951, 42.85987 ], [ 1.88474, 42.86262 ], [ 1.88475, 42.86378 ], [ 1.88667, 42.86425 ], [ 1.89039, 42.86774 ], [ 1.89026, 42.87058 ], [ 1.89185, 42.87339 ], [ 1.89081, 42.87529 ], [ 1.89192, 42.87739 ], [ 1.89589, 42.87943 ], [ 1.8982, 42.88254 ], [ 1.90442, 42.88652 ], [ 1.90669, 42.88601 ], [ 1.90947, 42.88829 ], [ 1.91425, 42.88895 ], [ 1.91716, 42.89088 ], [ 1.91958, 42.88997 ], [ 1.92582, 42.89216 ], [ 1.92776, 42.89368 ], [ 1.92633, 42.89797 ], [ 1.92778, 42.89862 ], [ 1.92914, 42.89807 ], [ 1.9307, 42.90161 ], [ 1.93568, 42.90229 ], [ 1.93703, 42.90402 ], [ 1.93475, 42.90652 ], [ 1.9345, 42.9085 ], [ 1.93292, 42.90871 ], [ 1.93296, 42.91074 ], [ 1.93048, 42.91035 ], [ 1.92819, 42.91277 ], [ 1.9212, 42.91307 ], [ 1.91657, 42.91415 ], [ 1.91619, 42.915 ], [ 1.90561, 42.91662 ], [ 1.8993, 42.91888 ], [ 1.89813, 42.92174 ], [ 1.89934, 42.92267 ], [ 1.90226, 42.93112 ], [ 1.90042, 42.93154 ], [ 1.899, 42.93312 ], [ 1.89983, 42.93668 ], [ 1.89879, 42.9422 ], [ 1.90221, 42.94262 ], [ 1.90301, 42.94743 ], [ 1.90594, 42.94727 ], [ 1.90704, 42.95068 ], [ 1.90977, 42.9527 ], [ 1.90898, 42.95439 ], [ 1.91083, 42.95586 ], [ 1.9128, 42.95488 ], [ 1.92167, 42.95431 ], [ 1.92373, 42.95561 ], [ 1.92624, 42.95468 ], [ 1.93035, 42.95582 ], [ 1.93145, 42.95432 ], [ 1.93622, 42.95388 ], [ 1.9434, 42.95658 ], [ 1.94938, 42.95629 ] ], [ [ 1.97753, 43.00841 ], [ 1.96961, 43.00794 ], [ 1.9661, 43.00857 ], [ 1.96512, 43.00908 ], [ 1.96559, 43.00989 ], [ 1.96914, 43.01179 ], [ 1.96687, 43.01273 ], [ 1.96325, 43.01184 ], [ 1.96258, 43.01256 ], [ 1.96373, 43.01687 ], [ 1.96859, 43.01882 ], [ 1.97111, 43.02209 ], [ 1.96936, 43.02425 ], [ 1.96563, 43.02354 ], [ 1.9638, 43.02211 ], [ 1.95963, 43.02555 ], [ 1.95529, 43.02387 ], [ 1.95253, 43.02481 ], [ 1.94968, 43.02642 ], [ 1.94922, 43.03085 ], [ 1.94218, 43.03141 ], [ 1.93914, 43.03724 ], [ 1.93367, 43.03929 ], [ 1.93568, 43.04474 ], [ 1.93847, 43.0445 ], [ 1.94252, 43.04777 ], [ 1.94238, 43.04893 ], [ 1.93999, 43.05008 ], [ 1.94371, 43.05362 ] ], [ [ 1.97193, 42.95475 ], [ 1.9721, 42.95744 ], [ 1.97972, 42.95946 ], [ 1.98919, 42.95328 ], [ 1.99386, 42.95383 ], [ 1.99533, 42.95293 ], [ 1.99677, 42.95449 ], [ 1.99818, 42.95419 ] ], [ [ 2.00141, 42.95657 ], [ 2.00077, 42.95858 ], [ 2.00273, 42.95851 ], [ 2.00628, 42.96243 ], [ 2.00573, 42.96324 ], [ 2.00202, 42.9638 ] ] ] } },
{ "type": "Feature", "properties": { "name": "Ruisseau de Calers", "weight_class": 1, "permanent": true, "length_km": 2.6 }, "geometry": { "type": "MultiLineString", "coordinates": [ [ [ 1.48595, 43.26841 ], [ 1.4893, 43.27087 ] ], [ [ 1.49093, 43.27276 ], [ 1.49644, 43.27543 ], [ 1.49335, 43.27895 ], [ 1.49427, 43.27966 ], [ 1.49312, 43.28109 ], [ 1.49364, 43.28321 ] ], [ [ 1.49421, 43.2845 ], [ 1.49468, 43.28782 ] ] ] } },
{ "type": "Feature", "properties": { "name": "la Jade", "weight_class": 1, "permanent": false, "length_km": 11.9 }, "geometry": { "type": "MultiLineString", "coordinates": [ [ [ 1.48771, 43.20673 ], [ 1.48391, 43.2068 ], [ 1.47877, 43.20955 ], [ 1.47551, 43.21666 ], [ 1.47777, 43.2229 ], [ 1.48304, 43.22481 ], [ 1.48675, 43.22767 ] ], [ [ 1.49293, 43.23754 ], [ 1.49843, 43.23972 ], [ 1.49997, 43.24526 ], [ 1.50269, 43.24831 ], [ 1.51846, 43.25422 ], [ 1.5246, 43.25816 ], [ 1.52281, 43.2627 ], [ 1.51758, 43.27045 ], [ 1.51531, 43.27906 ], [ 1.51746, 43.28077 ], [ 1.51738, 43.28319 ], [ 1.51481, 43.28617 ], [ 1.51801, 43.28914 ], [ 1.51239, 43.29365 ] ] ] } },
{ "type": "Feature", "properties": { "name": "Ruisseau de la Palanquelle", "weight_class": 1, "permanent": false, "length_km": 4.9 }, "geometry": { "type": "LineString", "coordinates": [ [ 1.48945, 43.25855 ], [ 1.49449, 43.26579 ], [ 1.50235, 43.27322 ], [ 1.50251, 43.27444 ], [ 1.51123, 43.28061 ], [ 1.50805, 43.28659 ], [ 1.50957, 43.2884 ], [ 1.50917, 43.29156 ], [ 1.51137, 43.2922 ], [ 1.51239, 43.29365 ] ] } },
{ "type": "Feature", "properties": { "name": "l'Aure de Canté", "weight_class": 1, "permanent": true, "length_km": 8.8 }, "geometry": { "type": "LineString", "coordinates": [ [ 1.51184, 43.22324 ], [ 1.51324, 43.22526 ], [ 1.51962, 43.22751 ], [ 1.52466, 43.23402 ], [ 1.5286, 43.23493 ], [ 1.53012, 43.23681 ], [ 1.53516, 43.23913 ], [ 1.53828, 43.2424 ], [ 1.54666, 43.24675 ], [ 1.53979, 43.25557 ], [ 1.53981, 43.25709 ], [ 1.53453, 43.2619 ], [ 1.53272, 43.266 ], [ 1.52513, 43.27364 ], [ 1.52415, 43.27678 ], [ 1.51746, 43.28077 ] ] } },
{ "type": "Feature", "properties": { "name": "Ruisseau de Luchau", "weight_class": 1, "permanent": false, "length_km": 2.1 }, "geometry": { "type": "LineString", "coordinates": [ [ 1.4698, 43.14428 ], [ 1.46658, 43.14511 ], [ 1.46394, 43.14698 ], [ 1.46283, 43.15098 ], [ 1.45951, 43.154 ], [ 1.45253, 43.15483 ] ] } },
{ "type": "Feature", "properties": { "name": "Ruisseau de Fantillou", "weight_class": 1, "permanent": true, "length_km": 3.0 }, "geometry": { "type": "LineString", "coordinates": [ [ 1.41729, 43.22589 ], [ 1.41196, 43.229 ], [ 1.40752, 43.23337 ], [ 1.40278, 43.23411 ], [ 1.39734, 43.23105 ], [ 1.39468, 43.22687 ], [ 1.39118, 43.22594 ] ] } },
{ "type": "Feature", "properties": { "name": "Ruisseau de Canté", "weight_class": 1, "permanent": true, "length_km": 4.1 }, "geometry": { "type": "LineString", "coordinates": [ [ 1.51695, 43.23413 ], [ 1.52261, 43.24129 ], [ 1.52145, 43.24422 ], [ 1.52632, 43.25196 ], [ 1.52837, 43.25346 ], [ 1.53714, 43.25524 ], [ 1.53364, 43.25831 ], [ 1.5354, 43.2609 ] ] } },
{ "type": "Feature", "properties": { "name": "Ruisseau de Flouquet", "weight_class": 1, "permanent": false, "length_km": 2.4 }, "geometry": { "type": "LineString", "coordinates": [ [ 1.47395, 43.20276 ], [ 1.4688, 43.20395 ], [ 1.46566, 43.20312 ], [ 1.45443, 43.19485 ], [ 1.45383, 43.19194 ] ] } },
{ "type": "Feature", "properties": { "name": "Ruisseau de Barthe", "weight_class": 1, "permanent": false, "length_km": 2.0 }, "geometry": { "type": "LineString", "coordinates": [ [ 1.50886, 43.13981 ], [ 1.50971, 43.1412 ], [ 1.51353, 43.14264 ], [ 1.52505, 43.1419 ], [ 1.53153, 43.14255 ] ] } },
{ "type": "Feature", "properties": { "name": "Ruisseau de Renous", "weight_class": 1, "permanent": false, "length_km": 3.3 }, "geometry": { "type": "LineString", "coordinates": [ [ 1.46973, 43.16059 ], [ 1.46791, 43.16087 ], [ 1.46628, 43.16307 ], [ 1.46691, 43.16866 ], [ 1.46588, 43.17084 ], [ 1.46784, 43.17753 ], [ 1.4709, 43.18199 ], [ 1.46624, 43.18605 ] ] } },
{ "type": "Feature", "properties": { "name": "Ruisseau du Basquié", "weight_class": 1, "permanent": false, "length_km": 2.8 }, "geometry": { "type": "LineString", "coordinates": [ [ 1.45718, 43.16866 ], [ 1.45533, 43.17331 ], [ 1.45244, 43.1766 ], [ 1.4521, 43.18301 ], [ 1.45028, 43.186 ], [ 1.45314, 43.19013 ], [ 1.45273, 43.19185 ] ] } },
{ "type": "Feature", "properties": { "name": "Ruisseau des Obits", "weight_class": 1, "permanent": true, "length_km": 3.0 }, "geometry": { "type": "LineString", "coordinates": [ [ 1.43889, 43.183 ], [ 1.43683, 43.18512 ], [ 1.42852, 43.18689 ], [ 1.41984, 43.18632 ], [ 1.41259, 43.18773 ], [ 1.40465, 43.18766 ] ] } },
{ "type": "Feature", "properties": { "name": "Ruisseau de Rozès", "weight_class": 1, "permanent": true, "length_km": 2.2 }, "geometry": { "type": "LineString", "coordinates": [ [ 1.41871, 43.19247 ], [ 1.40663, 43.1938 ], [ 1.40005, 43.19726 ], [ 1.39476, 43.19813 ] ] } },
{ "type": "Feature", "properties": { "name": "Ruisseau de la Gatounille", "weight_class": 1, "permanent": false, "length_km": 2.1 }, "geometry": { "type": "LineString", "coordinates": [ [ 1.46073, 43.1626 ], [ 1.45736, 43.16331 ], [ 1.44892, 43.15974 ], [ 1.44292, 43.15911 ], [ 1.44074, 43.15707 ], [ 1.44173, 43.1558 ] ] } },
{ "type": "Feature", "properties": { "name": "Ruisseau du Pont de la Gourgue", "weight_class": 1, "permanent": false, "length_km": 3.0 }, "geometry": { "type": "LineString", "coordinates": [ [ 1.5316, 43.15812 ], [ 1.53992, 43.16073 ], [ 1.54527, 43.16072 ], [ 1.54629, 43.16144 ], [ 1.54981, 43.16511 ], [ 1.54954, 43.17131 ], [ 1.55236, 43.17426 ] ] } },
{ "type": "Feature", "properties": { "name": "Ruisseau de Pouzoul", "weight_class": 1, "permanent": true, "length_km": 3.4 }, "geometry": { "type": "LineString", "coordinates": [ [ 1.45066, 43.16687 ], [ 1.43729, 43.17442 ], [ 1.43282, 43.17501 ], [ 1.42565, 43.1745 ], [ 1.41483, 43.17096 ] ] } },
{ "type": "Feature", "properties": { "name": null, "weight_class": 1, "permanent": false, "length_km": 3.5 }, "geometry": { "type": "LineString", "coordinates": [ [ 1.47923, 43.20017 ], [ 1.48248, 43.19986 ], [ 1.49341, 43.20158 ], [ 1.49799, 43.19878 ], [ 1.51036, 43.19918 ], [ 1.51948, 43.19811 ] ] } },
{ "type": "Feature", "properties": { "name": null, "weight_class": 1, "permanent": true, "length_km": 2.6 }, "geometry": { "type": "LineString", "coordinates": [ [ 1.46578, 43.20787 ], [ 1.45767, 43.20797 ], [ 1.45143, 43.20681 ], [ 1.44568, 43.20474 ], [ 1.43921, 43.20079 ], [ 1.43748, 43.20073 ] ] } },
{ "type": "Feature", "properties": { "name": "Ruisseau Jantés", "weight_class": 1, "permanent": false, "length_km": 4.1 }, "geometry": { "type": "LineString", "coordinates": [ [ 1.53959, 43.20041 ], [ 1.54318, 43.202 ], [ 1.54811, 43.20629 ], [ 1.55903, 43.20928 ], [ 1.56054, 43.21042 ], [ 1.56078, 43.2131 ], [ 1.55709, 43.22005 ], [ 1.5576, 43.22539 ], [ 1.55657, 43.22539 ], [ 1.55672, 43.22647 ] ] } },
{ "type": "Feature", "properties": { "name": "Ruisseau de Toutenc", "weight_class": 1, "permanent": false, "length_km": 3.9 }, "geometry": { "type": "LineString", "coordinates": [ [ 1.54012, 43.19664 ], [ 1.54528, 43.19663 ], [ 1.54721, 43.19771 ], [ 1.55316, 43.20324 ], [ 1.55813, 43.20487 ], [ 1.56136, 43.20719 ], [ 1.56644, 43.21235 ], [ 1.57811, 43.21254 ] ] } },
{ "type": "Feature", "properties": { "name": "Ruisseau de Castex", "weight_class": 1, "permanent": true, "length_km": 3.9 }, "geometry": { "type": "LineString", "coordinates": [ [ 1.50659, 43.22282 ], [ 1.50446, 43.22379 ], [ 1.50424, 43.22484 ], [ 1.5092, 43.23238 ], [ 1.50871, 43.23936 ], [ 1.51023, 43.24433 ], [ 1.51596, 43.24895 ], [ 1.51594, 43.25339 ] ] } },
{ "type": "Feature", "properties": { "name": "Ruisseau Labisse", "weight_class": 1, "permanent": false, "length_km": 2.7 }, "geometry": { "type": "LineString", "coordinates": [ [ 1.49384, 43.21057 ], [ 1.49636, 43.21041 ], [ 1.50086, 43.21361 ], [ 1.51131, 43.21412 ], [ 1.5163, 43.21171 ], [ 1.52308, 43.21048 ] ] } },
{ "type": "Feature", "properties": { "name": "Ruisseau de Teulié", "weight_class": 1, "permanent": false, "length_km": 2.0 }, "geometry": { "type": "LineString", "coordinates": [ [ 1.53682, 43.19001 ], [ 1.55996, 43.18591 ] ] } },
{ "type": "Feature", "properties": { "name": "Ruisseau de Bourras", "weight_class": 1, "permanent": false, "length_km": 2.6 }, "geometry": { "type": "LineString", "coordinates": [ [ 1.55761, 43.1627 ], [ 1.5603, 43.16133 ], [ 1.56568, 43.16133 ], [ 1.5724, 43.15986 ], [ 1.58546, 43.15326 ] ] } },
{ "type": "Feature", "properties": { "name": "Ruisseau de l'Homme Mort", "weight_class": 1, "permanent": false, "length_km": 2.2 }, "geometry": { "type": "LineString", "coordinates": [ [ 1.55491, 43.15579 ], [ 1.56969, 43.14874 ], [ 1.57183, 43.14721 ], [ 1.57161, 43.14455 ], [ 1.57414, 43.14391 ] ] } },
{ "type": "Feature", "properties": { "name": "Ruisseau de Majaou", "weight_class": 1, "permanent": false, "length_km": 3.2 }, "geometry": { "type": "LineString", "coordinates": [ [ 1.53772, 43.15539 ], [ 1.54015, 43.15176 ], [ 1.54397, 43.14895 ], [ 1.54458, 43.14456 ], [ 1.54821, 43.13875 ], [ 1.54977, 43.1382 ], [ 1.55196, 43.13467 ], [ 1.55582, 43.13162 ] ] } },
{ "type": "Feature", "properties": { "name": "Ruisseau d'Herbet", "weight_class": 1, "permanent": false, "length_km": 5.3 }, "geometry": { "type": "LineString", "coordinates": [ [ 1.50769, 43.14779 ], [ 1.51184, 43.14905 ], [ 1.52089, 43.14821 ], [ 1.52738, 43.14634 ], [ 1.54212, 43.13424 ], [ 1.55398, 43.13079 ], [ 1.55729, 43.13199 ], [ 1.5589, 43.1311 ] ] } },
{ "type": "Feature", "properties": { "name": "Ruisseau de Laurens", "weight_class": 1, "permanent": false, "length_km": 6.8 }, "geometry": { "type": "LineString", "coordinates": [ [ 1.48733, 43.12122 ], [ 1.48153, 43.12191 ], [ 1.47492, 43.12757 ], [ 1.47247, 43.13079 ], [ 1.47159, 43.13412 ], [ 1.46932, 43.136 ], [ 1.4667, 43.13653 ], [ 1.46572, 43.13976 ], [ 1.4612, 43.14176 ], [ 1.45572, 43.1466 ], [ 1.45253, 43.15483 ], [ 1.44173, 43.1558 ], [ 1.43708, 43.15313 ] ] } },
{ "type": "Feature", "properties": { "name": "Ruisseau de la Barthe", "weight_class": 1, "permanent": false, "length_km": 4.7 }, "geometry": { "type": "MultiLineString", "coordinates": [ [ [ 1.50406, 43.13474 ], [ 1.50583, 43.13558 ], [ 1.5132, 43.13554 ], [ 1.52621, 43.13233 ] ], [ [ 1.52621, 43.13233 ], [ 1.54202, 43.12685 ], [ 1.54771, 43.12306 ], [ 1.54982, 43.12556 ], [ 1.5511, 43.12591 ], [ 1.55164, 43.12526 ] ] ] } },
{ "type": "Feature", "properties": { "name": "Ruisseau de la Clède", "weight_class": 1, "permanent": false, "length_km": 3.3 }, "geometry": { "type": "LineString", "coordinates": [ [ 1.48789, 43.12433 ], [ 1.48486, 43.12805 ], [ 1.48483, 43.13195 ], [ 1.48199, 43.13637 ], [ 1.4829, 43.14337 ], [ 1.48617, 43.14765 ], [ 1.48959, 43.14927 ], [ 1.49021, 43.15045 ] ] } },
{ "type": "Feature", "properties": { "name": "Ruisseau de Jacquart", "weight_class": 1, "permanent": true, "length_km": 3.7 }, "geometry": { "type": "LineString", "coordinates": [ [ 1.4072, 43.12723 ], [ 1.41076, 43.12845 ], [ 1.41548, 43.1272 ], [ 1.41987, 43.12771 ], [ 1.42611, 43.13077 ], [ 1.42851, 43.13385 ], [ 1.43113, 43.13513 ], [ 1.44104, 43.13653 ], [ 1.44269, 43.13601 ], [ 1.44462, 43.13707 ] ] } },
{ "type": "Feature", "properties": { "name": "Ruisseau de Caroubas", "weight_class": 1, "permanent": false, "length_km": 3.3 }, "geometry": { "type": "LineString", "coordinates": [ [ 1.47999, 43.11412 ], [ 1.47381, 43.11333 ], [ 1.46586, 43.11817 ], [ 1.46213, 43.11897 ], [ 1.4594, 43.12201 ], [ 1.45012, 43.12459 ], [ 1.44702, 43.12427 ] ] } },
{ "type": "Feature", "properties": { "name": "Ruisseau Houstesses/Houstesses", "weight_class": 1, "permanent": true, "length_km": 3.6 }, "geometry": { "type": "LineString", "coordinates": [ [ 1.5042, 43.11148 ], [ 1.52461, 43.10517 ], [ 1.53144, 43.10455 ], [ 1.54043, 43.10521 ], [ 1.54434, 43.10418 ] ] } },
{ "type": "Feature", "properties": { "name": "Ruisseau des Bousigues/Ruisseau de Picharol", "weight_class": 1, "permanent": false, "length_km": 4.4 }, "geometry": { "type": "LineString", "coordinates": [ [ 1.5205, 43.07478 ], [ 1.5219, 43.07836 ], [ 1.52477, 43.08026 ], [ 1.52483, 43.08372 ], [ 1.52195, 43.08753 ], [ 1.52182, 43.09249 ], [ 1.52653, 43.09436 ], [ 1.53011, 43.09423 ], [ 1.53395, 43.09838 ], [ 1.53828, 43.09945 ], [ 1.53859, 43.10275 ] ] } },
{ "type": "Feature", "properties": { "name": "Ruisseau de Tourniac", "weight_class": 1, "permanent": true, "length_km": 3.5 }, "geometry": { "type": "LineString", "coordinates": [ [ 1.44964, 43.08284 ], [ 1.43978, 43.086 ], [ 1.43942, 43.08726 ], [ 1.44072, 43.08887 ], [ 1.43976, 43.09183 ], [ 1.43545, 43.09814 ], [ 1.43664, 43.10234 ], [ 1.43902, 43.10373 ], [ 1.44289, 43.10411 ] ] } },
{ "type": "Feature", "properties": { "name": "le Tambouret", "weight_class": 1, "permanent": false, "length_km": 4.4 }, "geometry": { "type": "LineString", "coordinates": [ [ 1.49533, 43.1277 ], [ 1.5035, 43.12984 ], [ 1.50955, 43.12892 ], [ 1.51356, 43.12617 ], [ 1.52002, 43.12674 ], [ 1.52334, 43.12539 ], [ 1.53139, 43.12565 ], [ 1.5391, 43.12434 ], [ 1.54473, 43.12443 ] ] } },
{ "type": "Feature", "properties": { "name": "Ruisseau du Bayle et de Chaumont", "weight_class": 1, "permanent": false, "length_km": 5.2 }, "geometry": { "type": "LineString", "coordinates": [ [ 1.49262, 43.12234 ], [ 1.49665, 43.12033 ], [ 1.5019, 43.12022 ], [ 1.51029, 43.11645 ], [ 1.51766, 43.1149 ], [ 1.52575, 43.11542 ], [ 1.54208, 43.10949 ], [ 1.54585, 43.10974 ], [ 1.54908, 43.11104 ] ] } },
{ "type": "Feature", "properties": { "name": "Ruisseau de Montclarel", "weight_class": 1, "permanent": true, "length_km": 2.3 }, "geometry": { "type": "LineString", "coordinates": [ [ 1.42016, 43.1215 ], [ 1.42625, 43.12308 ], [ 1.43384, 43.128 ], [ 1.44157, 43.12861 ], [ 1.44415, 43.1301 ] ] } },
{ "type": "Feature", "properties": { "name": "Ruisseau de Faurie", "weight_class": 1, "permanent": false, "length_km": 2.7 }, "geometry": { "type": "LineString", "coordinates": [ [ 1.58589, 43.0974 ], [ 1.58059, 43.09747 ], [ 1.57655, 43.09855 ], [ 1.56756, 43.10247 ], [ 1.564, 43.10164 ], [ 1.56311, 43.10246 ], [ 1.56072, 43.10249 ], [ 1.55671, 43.10151 ] ] } },
{ "type": "Feature", "properties": { "name": "Ruisseau de l'Estrique de Madière/la Rivière", "weight_class": 1, "permanent": false, "length_km": 6.2 }, "geometry": { "type": "LineString", "coordinates": [ [ 1.515, 43.07682 ], [ 1.51494, 43.07887 ], [ 1.51745, 43.0824 ], [ 1.51424, 43.08575 ], [ 1.51528, 43.08786 ], [ 1.51423, 43.09077 ], [ 1.5193, 43.09693 ], [ 1.52315, 43.09856 ], [ 1.52504, 43.10073 ], [ 1.52842, 43.10139 ], [ 1.53187, 43.10093 ], [ 1.53469, 43.10245 ], [ 1.54299, 43.10291 ], [ 1.54767, 43.10579 ], [ 1.54763, 43.10684 ], [ 1.5494, 43.10713 ] ] } },
{ "type": "Feature", "properties": { "name": "Ruisseau de Chapayrou", "weight_class": 1, "permanent": false, "length_km": 2.3 }, "geometry": { "type": "LineString", "coordinates": [ [ 1.53854, 43.09021 ], [ 1.53694, 43.09259 ], [ 1.53835, 43.09418 ], [ 1.5434, 43.09619 ], [ 1.55141, 43.09628 ], [ 1.55732, 43.09895 ] ] } },
{ "type": "Feature", "properties": { "name": "Ruisseau de Monesple", "weight_class": 1, "permanent": false, "length_km": 8.8 }, "geometry": { "type": "LineString", "coordinates": [ [ 1.52228, 43.06582 ], [ 1.52012, 43.07105 ], [ 1.51667, 43.0724 ], [ 1.51223, 43.07226 ], [ 1.50851, 43.0732 ], [ 1.50313, 43.07839 ], [ 1.49556, 43.0828 ], [ 1.49032, 43.0847 ], [ 1.48787, 43.08697 ], [ 1.48671, 43.08995 ], [ 1.47961, 43.09618 ], [ 1.47531, 43.09652 ], [ 1.46999, 43.09984 ], [ 1.46597, 43.09871 ], [ 1.46012, 43.1004 ], [ 1.4545, 43.09775 ], [ 1.44687, 43.09946 ], [ 1.44549, 43.09876 ] ] } },
{ "type": "Feature", "properties": { "name": "Ruisseau de Marrouch", "weight_class": 1, "permanent": false, "length_km": 3.4 }, "geometry": { "type": "LineString", "coordinates": [ [ 1.48824, 43.11108 ], [ 1.49169, 43.11043 ], [ 1.49708, 43.10749 ], [ 1.49834, 43.10545 ], [ 1.50194, 43.104 ], [ 1.51641, 43.10184 ], [ 1.52041, 43.10203 ], [ 1.52411, 43.10026 ] ] } },
{ "type": "Feature", "properties": { "name": "Ruisseau du Besset", "weight_class": 1, "permanent": false, "length_km": 3.0 }, "geometry": { "type": "LineString", "coordinates": [ [ 1.49547, 43.08725 ], [ 1.4955, 43.09199 ], [ 1.49779, 43.0949 ], [ 1.50515, 43.09559 ], [ 1.51063, 43.09718 ], [ 1.52097, 43.09754 ] ] } },
{ "type": "Feature", "properties": { "name": "Ruisseau de Ruquet", "weight_class": 1, "permanent": true, "length_km": 4.5 }, "geometry": { "type": "LineString", "coordinates": [ [ 1.40488, 43.11693 ], [ 1.41598, 43.11754 ], [ 1.42453, 43.11333 ], [ 1.4324, 43.11468 ], [ 1.43779, 43.11448 ], [ 1.43994, 43.11533 ], [ 1.44439, 43.12159 ], [ 1.44705, 43.12279 ] ] } },
{ "type": "Feature", "properties": { "name": "le Saint-Pey", "weight_class": 1, "permanent": true, "length_km": 3.0 }, "geometry": { "type": "LineString", "coordinates": [ [ 1.42692, 43.09773 ], [ 1.42649, 43.10028 ], [ 1.42339, 43.10292 ], [ 1.41485, 43.10149 ], [ 1.41304, 43.09945 ], [ 1.41252, 43.09671 ], [ 1.40986, 43.09554 ], [ 1.4102, 43.08938 ] ] } },
{ "type": "Feature", "properties": { "name": "Ruisseau de Rauly", "weight_class": 1, "permanent": false, "length_km": 3.1 }, "geometry": { "type": "LineString", "coordinates": [ [ 1.54606, 43.06855 ], [ 1.54703, 43.07338 ], [ 1.55166, 43.07645 ], [ 1.55311, 43.07897 ], [ 1.55915, 43.08158 ], [ 1.56124, 43.08078 ], [ 1.56273, 43.08179 ], [ 1.56365, 43.08345 ], [ 1.56237, 43.08471 ], [ 1.56222, 43.0871 ] ] } },
{ "type": "Feature", "properties": { "name": "Ruisseau de Jean-Luzent/Ruisseau de Jean Luzent", "weight_class": 1, "permanent": true, "length_km": 3.8 }, "geometry": { "type": "LineString", "coordinates": [ [ 1.59656, 43.07577 ], [ 1.5871, 43.07918 ], [ 1.57991, 43.07946 ], [ 1.56511, 43.08265 ], [ 1.56015, 43.08976 ] ] } },
{ "type": "Feature", "properties": { "name": "Ruisseau d'Artix", "weight_class": 1, "permanent": true, "length_km": 8.2 }, "geometry": { "type": "LineString", "coordinates": [ [ 1.54835, 43.05499 ], [ 1.54944, 43.06429 ], [ 1.55114, 43.06553 ], [ 1.55553, 43.06649 ], [ 1.5667, 43.06543 ], [ 1.57319, 43.067 ], [ 1.58208, 43.06736 ], [ 1.59599, 43.06351 ], [ 1.59845, 43.06388 ], [ 1.60682, 43.05708 ], [ 1.60892, 43.05882 ], [ 1.61332, 43.05997 ], [ 1.61464, 43.0636 ], [ 1.61629, 43.06322 ], [ 1.61722, 43.06434 ] ] } },
{ "type": "Feature", "properties": { "name": "Ruisseau de Roziès", "weight_class": 1, "permanent": true, "length_km": 9.1 }, "geometry": { "type": "LineString", "coordinates": [ [ 1.54122, 43.05196 ], [ 1.53333, 43.04264 ], [ 1.52818, 43.04301 ], [ 1.52633, 43.04435 ], [ 1.51708, 43.04726 ], [ 1.50949, 43.05187 ], [ 1.50352, 43.05276 ], [ 1.49962, 43.05651 ], [ 1.49699, 43.0562 ], [ 1.49418, 43.05733 ], [ 1.49106, 43.05733 ], [ 1.48974, 43.05863 ], [ 1.48756, 43.05854 ], [ 1.48582, 43.06035 ], [ 1.48924, 43.063 ], [ 1.48981, 43.06466 ], [ 1.48641, 43.06692 ], [ 1.48705, 43.0712 ], [ 1.48053, 43.07385 ], [ 1.48015, 43.07482 ] ] } },
{ "type": "Feature", "properties": { "name": "Ruisseau de Forgues", "weight_class": 1, "permanent": true, "length_km": 2.4 }, "geometry": { "type": "LineString", "coordinates": [ [ 1.56262, 43.05674 ], [ 1.56375, 43.05877 ], [ 1.56985, 43.06031 ], [ 1.5765, 43.06 ], [ 1.58216, 43.05805 ], [ 1.58674, 43.0541 ] ] } },
{ "type": "Feature", "properties": { "name": "Ruisseau de Fourmiguères", "weight_class": 1, "permanent": false, "length_km": 2.9 }, "geometry": { "type": "LineString", "coordinates": [ [ 1.56355, 43.04252 ], [ 1.5693, 43.04095 ], [ 1.57062, 43.03919 ], [ 1.58019, 43.03309 ], [ 1.58272, 43.02941 ], [ 1.58877, 43.02708 ] ] } },
{ "type": "Feature", "properties": { "name": "Ruisseau des Coumettes", "weight_class": 1, "permanent": true, "length_km": 2.4 }, "geometry": { "type": "LineString", "coordinates": [ [ 1.55561, 43.04608 ], [ 1.55107, 43.04465 ], [ 1.54789, 43.04485 ], [ 1.54666, 43.04421 ], [ 1.54618, 43.0421 ], [ 1.54324, 43.04042 ], [ 1.54498, 43.03568 ], [ 1.5479, 43.03259 ] ] } },
{ "type": "Feature", "properties": { "name": "Ruisseau de la Pradelle", "weight_class": 1, "permanent": false, "length_km": 2.9 }, "geometry": { "type": "LineString", "coordinates": [ [ 1.53393, 43.05318 ], [ 1.53134, 43.05216 ], [ 1.52612, 43.05475 ], [ 1.52041, 43.05605 ], [ 1.51744, 43.05507 ], [ 1.50714, 43.05592 ], [ 1.50525, 43.05529 ], [ 1.50333, 43.05311 ] ] } },
{ "type": "Feature", "properties": { "name": "Ruisseau de la Plaine", "weight_class": 1, "permanent": true, "length_km": 2.0 }, "geometry": { "type": "LineString", "coordinates": [ [ 1.52996, 43.03711 ], [ 1.53348, 43.03609 ], [ 1.5362, 43.03762 ], [ 1.53824, 43.03707 ], [ 1.54309, 43.03535 ], [ 1.55047, 43.03086 ] ] } },
{ "type": "Feature", "properties": { "name": "Ruisseau d'Argentat", "weight_class": 1, "permanent": false, "length_km": 8.2 }, "geometry": { "type": "LineString", "coordinates": [ [ 1.53439, 43.02899 ], [ 1.51433, 43.03505 ], [ 1.50794, 43.03872 ], [ 1.48805, 43.04671 ], [ 1.47607, 43.05302 ], [ 1.46337, 43.05585 ], [ 1.45762, 43.05906 ], [ 1.45649, 43.06352 ] ] } },
{ "type": "Feature", "properties": { "name": "Ruisseau de Nascouil", "weight_class": 1, "permanent": true, "length_km": 2.4 }, "geometry": { "type": "LineString", "coordinates": [ [ 1.44551, 43.02294 ], [ 1.44277, 43.02168 ], [ 1.43652, 43.0225 ], [ 1.43072, 43.02192 ], [ 1.42736, 43.02278 ], [ 1.42332, 43.02208 ], [ 1.42032, 43.02049 ] ] } },
{ "type": "Feature", "properties": { "name": "Ruisseau d'Aujole", "weight_class": 1, "permanent": true, "length_km": 12.0 }, "geometry": { "type": "LineString", "coordinates": [ [ 1.52724, 43.00613 ], [ 1.52276, 43.00809 ], [ 1.51404, 43.00968 ], [ 1.49561, 43.00755 ], [ 1.49373, 43.00824 ], [ 1.48727, 43.00781 ], [ 1.47901, 43.01228 ], [ 1.47096, 43.00871 ], [ 1.46584, 43.00983 ], [ 1.46317, 43.00898 ], [ 1.46216, 43.0099 ], [ 1.45936, 43.01057 ], [ 1.45796, 43.01 ], [ 1.4512, 43.01232 ], [ 1.44729, 43.01147 ], [ 1.43574, 43.0131 ], [ 1.43359, 43.01274 ], [ 1.42857, 43.0138 ], [ 1.42595, 43.01636 ], [ 1.42369, 43.01656 ], [ 1.4202, 43.02053 ], [ 1.41647, 43.0204 ], [ 1.41354, 43.01808 ], [ 1.40832, 43.01844 ], [ 1.40812, 43.0175 ] ] } },
{ "type": "Feature", "properties": { "name": "Ruisseau du Carraillé", "weight_class": 1, "permanent": false, "length_km": 2.1 }, "geometry": { "type": "LineString", "coordinates": [ [ 1.4255, 42.99753 ], [ 1.42251, 42.99783 ], [ 1.42167, 42.99935 ], [ 1.41764, 43.00183 ], [ 1.42118, 43.00595 ], [ 1.42123, 43.01115 ] ] } },
{ "type": "Feature", "properties": { "name": "Ruisseau de Ferranès", "weight_class": 1, "permanent": true, "length_km": 3.8 }, "geometry": { "type": "LineString", "coordinates": [ [ 1.45683, 42.96512 ], [ 1.45392, 42.96903 ], [ 1.45013, 42.97211 ], [ 1.44645, 42.9737 ], [ 1.44512, 42.97621 ], [ 1.44168, 42.9773 ], [ 1.43402, 42.98272 ], [ 1.42996, 42.9869 ], [ 1.43027, 42.9899 ] ] } },
{ "type": "Feature", "properties": { "name": "Ruisseau de Vernajoul", "weight_class": 1, "permanent": false, "length_km": 6.4 }, "geometry": { "type": "LineString", "coordinates": [ [ 1.55993, 43.01914 ], [ 1.56386, 43.01827 ], [ 1.56558, 43.01656 ], [ 1.56885, 43.01641 ], [ 1.57699, 43.01388 ], [ 1.57479, 43.01097 ], [ 1.57715, 43.00718 ], [ 1.57754, 43.00277 ], [ 1.58485, 43.00004 ], [ 1.59342, 42.99911 ], [ 1.60214, 42.99647 ], [ 1.60394, 42.99807 ], [ 1.60895, 42.99872 ], [ 1.61006, 43.00018 ], [ 1.61326, 43.00098 ] ] } },
{ "type": "Feature", "properties": { "name": "Ruisseau d'Alzen/Estrème", "weight_class": 1, "permanent": true, "length_km": 5.1 }, "geometry": { "type": "LineString", "coordinates": [ [ 1.46812, 42.97228 ], [ 1.46507, 42.9728 ], [ 1.46267, 42.9753 ], [ 1.4641, 42.97716 ], [ 1.46539, 42.98332 ], [ 1.46752, 42.98602 ], [ 1.46794, 42.98856 ], [ 1.46637, 42.99326 ], [ 1.46387, 42.99593 ], [ 1.45707, 42.99526 ], [ 1.45449, 42.99669 ], [ 1.45222, 42.99655 ], [ 1.4458, 42.99843 ] ] } },
{ "type": "Feature", "properties": { "name": "Ruisseau le Ressec/le Ressec", "weight_class": 1, "permanent": true, "length_km": 2.0 }, "geometry": { "type": "LineString", "coordinates": [ [ 1.41704, 42.93678 ], [ 1.42131, 42.94074 ], [ 1.42714, 42.94037 ], [ 1.43387, 42.93747 ], [ 1.43679, 42.93744 ] ] } },
{ "type": "Feature", "properties": { "name": "Ruisseau de Pelat", "weight_class": 1, "permanent": true, "length_km": 2.1 }, "geometry": { "type": "LineString", "coordinates": [ [ 1.42762, 42.95142 ], [ 1.43596, 42.9462 ], [ 1.43649, 42.93954 ], [ 1.4357, 42.93897 ], [ 1.43722, 42.93733 ] ] } },
{ "type": "Feature", "properties": { "name": null, "weight_class": 1, "permanent": true, "length_km": 2.5 }, "geometry": { "type": "LineString", "coordinates": [ [ 1.50512, 42.93424 ], [ 1.50848, 42.93545 ], [ 1.50989, 42.93813 ], [ 1.51355, 42.93798 ], [ 1.51792, 42.94051 ], [ 1.5148, 42.94603 ], [ 1.51717, 42.94861 ] ] } },
{ "type": "Feature", "properties": { "name": null, "weight_class": 1, "permanent": true, "length_km": 3.9 }, "geometry": { "type": "LineString", "coordinates": [ [ 1.55858, 42.98633 ], [ 1.56557, 42.97906 ], [ 1.56553, 42.97659 ], [ 1.5673, 42.97386 ], [ 1.57234, 42.97148 ], [ 1.57738, 42.96558 ], [ 1.57593, 42.96065 ], [ 1.57844, 42.959 ] ] } },
{ "type": "Feature", "properties": { "name": "Ruisseau des Eychartous", "weight_class": 1, "permanent": true, "length_km": 3.6 }, "geometry": { "type": "LineString", "coordinates": [ [ 1.49618, 42.99216 ], [ 1.49437, 42.9944 ], [ 1.49395, 42.99772 ], [ 1.49502, 42.99993 ], [ 1.49393, 43.00194 ], [ 1.49187, 43.0026 ], [ 1.48835, 43.00174 ], [ 1.48157, 43.00322 ], [ 1.47614, 43.00679 ], [ 1.47356, 43.00692 ], [ 1.47347, 43.00776 ], [ 1.47096, 43.00871 ] ] } },
{ "type": "Feature", "properties": { "name": "Ruisseau de Fourmintas", "weight_class": 1, "permanent": true, "length_km": 3.4 }, "geometry": { "type": "LineString", "coordinates": [ [ 1.39744, 42.99237 ], [ 1.40177, 42.99282 ], [ 1.40169, 42.99862 ], [ 1.40305, 43.00099 ], [ 1.40843, 43.00279 ], [ 1.41264, 43.00556 ], [ 1.4165, 43.01201 ], [ 1.41488, 43.01345 ] ] } },
{ "type": "Feature", "properties": { "name": "le Musquet", "weight_class": 1, "permanent": true, "length_km": 4.1 }, "geometry": { "type": "LineString", "coordinates": [ [ 1.54778, 42.99256 ], [ 1.55028, 42.98518 ], [ 1.55664, 42.97848 ], [ 1.55656, 42.97443 ], [ 1.55981, 42.97041 ], [ 1.55764, 42.9677 ], [ 1.56022, 42.96403 ], [ 1.5601, 42.96036 ] ] } },
{ "type": "Feature", "properties": { "name": "Ruisseau de Brillet", "weight_class": 1, "permanent": true, "length_km": 2.2 }, "geometry": { "type": "LineString", "coordinates": [ [ 1.52635, 42.99241 ], [ 1.53393, 42.99041 ], [ 1.53796, 42.98717 ], [ 1.53997, 42.98337 ], [ 1.53628, 42.97942 ] ] } },
{ "type": "Feature", "properties": { "name": "Ruisseau du Pesquié/Ruisseau de la Fagette", "weight_class": 1, "permanent": true, "length_km": 4.7 }, "geometry": { "type": "LineString", "coordinates": [ [ 1.51501, 42.98916 ], [ 1.51956, 42.98952 ], [ 1.52132, 42.98828 ], [ 1.5243, 42.9881 ], [ 1.52926, 42.98625 ], [ 1.5318, 42.98248 ], [ 1.53628, 42.97942 ], [ 1.53954, 42.97381 ], [ 1.54189, 42.9722 ], [ 1.54373, 42.96819 ], [ 1.54759, 42.96641 ], [ 1.55077, 42.96325 ] ] } },
{ "type": "Feature", "properties": { "name": "Ruisseau du Pradat", "weight_class": 1, "permanent": true, "length_km": 2.2 }, "geometry": { "type": "LineString", "coordinates": [ [ 1.51502, 42.98635 ], [ 1.51387, 42.98474 ], [ 1.51585, 42.98077 ], [ 1.52075, 42.97734 ], [ 1.52274, 42.97453 ], [ 1.52265, 42.97249 ], [ 1.52569, 42.97032 ] ] } },
{ "type": "Feature", "properties": { "name": "Ruisseau de Gayet", "weight_class": 1, "permanent": true, "length_km": 2.7 }, "geometry": { "type": "LineString", "coordinates": [ [ 1.51475, 42.99221 ], [ 1.51583, 42.9941 ], [ 1.51966, 42.99499 ], [ 1.51882, 42.99726 ], [ 1.52062, 43.00144 ], [ 1.51755, 43.00642 ], [ 1.51218, 43.00827 ], [ 1.51124, 43.00969 ] ] } },
{ "type": "Feature", "properties": { "name": "Ruisseau de Baloussière", "weight_class": 1, "permanent": true, "length_km": 5.5 }, "geometry": { "type": "LineString", "coordinates": [ [ 1.47948, 42.97682 ], [ 1.48161, 42.97846 ], [ 1.48125, 42.98088 ], [ 1.48296, 42.9828 ], [ 1.48963, 42.98553 ], [ 1.49793, 42.9851 ], [ 1.51328, 42.97812 ], [ 1.51993, 42.97159 ], [ 1.52574, 42.9703 ], [ 1.52676, 42.96816 ] ] } },
{ "type": "Feature", "properties": { "name": "Ruisseau de Goute Rouge", "weight_class": 1, "permanent": true, "length_km": 2.3 }, "geometry": { "type": "LineString", "coordinates": [ [ 1.47169, 42.99382 ], [ 1.47001, 42.99578 ], [ 1.47076, 42.99772 ], [ 1.46967, 43.00022 ], [ 1.46621, 43.004 ], [ 1.46255, 43.00623 ], [ 1.46249, 43.00923 ], [ 1.461, 43.00983 ] ] } },
{ "type": "Feature", "properties": { "name": "Ruisseau de Gironis", "weight_class": 1, "permanent": true, "length_km": 3.0 }, "geometry": { "type": "LineString", "coordinates": [ [ 1.46289, 42.97051 ], [ 1.46558, 42.96588 ], [ 1.47181, 42.96173 ], [ 1.47676, 42.96015 ], [ 1.47763, 42.96123 ], [ 1.47903, 42.95995 ], [ 1.48095, 42.96018 ], [ 1.48668, 42.95807 ], [ 1.48691, 42.95703 ] ] } },
{ "type": "Feature", "properties": { "name": "Ruisseau des Bals", "weight_class": 1, "permanent": true, "length_km": 2.5 }, "geometry": { "type": "LineString", "coordinates": [ [ 1.42776, 42.96189 ], [ 1.43325, 42.96961 ], [ 1.43461, 42.97019 ], [ 1.43286, 42.97492 ], [ 1.43637, 42.98098 ] ] } },
{ "type": "Feature", "properties": { "name": "Ruisseau le Castillou/le Castillou", "weight_class": 1, "permanent": true, "length_km": 3.2 }, "geometry": { "type": "LineString", "coordinates": [ [ 1.42934, 42.95553 ], [ 1.4355, 42.95583 ], [ 1.44037, 42.9584 ], [ 1.45078, 42.95283 ], [ 1.45879, 42.94576 ] ] } },
{ "type": "Feature", "properties": { "name": "Ruisseau de Ganac", "weight_class": 1, "permanent": true, "length_km": 8.6 }, "geometry": { "type": "LineString", "coordinates": [ [ 1.52085, 42.90814 ], [ 1.5238, 42.9094 ], [ 1.52355, 42.91088 ], [ 1.5283, 42.91449 ], [ 1.5328, 42.91575 ], [ 1.53575, 42.91899 ], [ 1.54419, 42.92317 ], [ 1.54471, 42.92636 ], [ 1.54779, 42.92867 ], [ 1.5476, 42.93361 ], [ 1.54935, 42.93417 ], [ 1.55779, 42.94196 ], [ 1.56288, 42.94437 ], [ 1.56886, 42.94528 ], [ 1.5755, 42.9495 ], [ 1.5775, 42.95193 ], [ 1.5793, 42.95892 ] ] } },
{ "type": "Feature", "properties": { "name": "Ruisseau d'Escaudogats", "weight_class": 1, "permanent": true, "length_km": 3.7 }, "geometry": { "type": "LineString", "coordinates": [ [ 1.54296, 42.93646 ], [ 1.54101, 42.93933 ], [ 1.54206, 42.94451 ], [ 1.54423, 42.94606 ], [ 1.5466, 42.94597 ], [ 1.5487, 42.94728 ], [ 1.54881, 42.94932 ], [ 1.55278, 42.95333 ], [ 1.55289, 42.95608 ], [ 1.55546, 42.95729 ], [ 1.55843, 42.95718 ], [ 1.55934, 42.96015 ] ] } },
{ "type": "Feature", "properties": { "name": "Ruisseau de Record/Ruisseau du Faurat", "weight_class": 1, "permanent": true, "length_km": 4.9 }, "geometry": { "type": "LineString", "coordinates": [ [ 1.53566, 42.9276 ], [ 1.53531, 42.93069 ], [ 1.53243, 42.93577 ], [ 1.53257, 42.93864 ], [ 1.5309, 42.94017 ], [ 1.53368, 42.94348 ], [ 1.53303, 42.94688 ], [ 1.53552, 42.94883 ], [ 1.5379, 42.95347 ], [ 1.5347, 42.95817 ], [ 1.53739, 42.96139 ], [ 1.54148, 42.96336 ] ] } },
{ "type": "Feature", "properties": { "name": "Ruisseau de Roques", "weight_class": 1, "permanent": true, "length_km": 9.1 }, "geometry": { "type": "LineString", "coordinates": [ [ 1.48822, 42.90821 ], [ 1.49581, 42.91593 ], [ 1.50147, 42.91968 ], [ 1.50634, 42.9212 ], [ 1.50926, 42.92379 ], [ 1.50991, 42.92884 ], [ 1.51497, 42.93415 ], [ 1.52144, 42.93691 ], [ 1.52196, 42.94333 ], [ 1.51659, 42.94881 ], [ 1.51944, 42.9535 ], [ 1.51761, 42.95793 ], [ 1.52042, 42.96046 ], [ 1.52059, 42.962 ], [ 1.52274, 42.96192 ], [ 1.52338, 42.96374 ], [ 1.52636, 42.96562 ], [ 1.52945, 42.96568 ] ] } },
{ "type": "Feature", "properties": { "name": "l'Arget", "weight_class": 1, "permanent": true, "length_km": 23.4 }, "geometry": { "type": "LineString", "coordinates": [ [ 1.41363, 42.91948 ], [ 1.42088, 42.91899 ], [ 1.42927, 42.92379 ], [ 1.42977, 42.9289 ], [ 1.43328, 42.9333 ], [ 1.43627, 42.93463 ], [ 1.43722, 42.93733 ], [ 1.43898, 42.93808 ], [ 1.44271, 42.93723 ], [ 1.44441, 42.93845 ], [ 1.44594, 42.93799 ], [ 1.44784, 42.94009 ], [ 1.45321, 42.94036 ], [ 1.4569, 42.94438 ], [ 1.45878, 42.94408 ], [ 1.45887, 42.94586 ], [ 1.46197, 42.94736 ], [ 1.46602, 42.94512 ], [ 1.47254, 42.946 ], [ 1.47215, 42.94721 ], [ 1.4756, 42.94782 ], [ 1.47687, 42.94985 ], [ 1.47848, 42.94955 ], [ 1.47725, 42.9513 ], [ 1.47921, 42.95254 ], [ 1.48162, 42.95163 ], [ 1.48378, 42.95378 ], [ 1.48575, 42.95241 ], [ 1.48645, 42.95678 ], [ 1.49075, 42.95753 ], [ 1.49747, 42.96335 ], [ 1.50047, 42.9628 ], [ 1.50266, 42.96411 ], [ 1.50628, 42.96292 ], [ 1.51333, 42.96279 ], [ 1.5155, 42.96395 ], [ 1.51744, 42.9634 ], [ 1.52427, 42.96797 ], [ 1.52738, 42.96814 ], [ 1.52948, 42.96566 ], [ 1.5342, 42.96289 ], [ 1.53727, 42.96251 ], [ 1.54063, 42.96389 ], [ 1.54205, 42.96294 ], [ 1.54427, 42.9642 ], [ 1.54506, 42.96311 ], [ 1.5482, 42.9637 ], [ 1.55085, 42.96322 ], [ 1.55402, 42.9607 ], [ 1.56757, 42.9603 ], [ 1.57437, 42.95747 ], [ 1.57839, 42.95901 ], [ 1.58273, 42.95793 ], [ 1.58353, 42.95945 ], [ 1.58554, 42.96017 ], [ 1.59023, 42.95724 ], [ 1.59525, 42.95769 ], [ 1.59286, 42.96122 ], [ 1.59738, 42.96281 ], [ 1.59814, 42.96553 ], [ 1.59921, 42.96472 ], [ 1.60248, 42.96502 ], [ 1.60642, 42.9683 ] ] } },
{ "type": "Feature", "properties": { "name": "Ruisseau de Baillés", "weight_class": 1, "permanent": true, "length_km": 6.2 }, "geometry": { "type": "LineString", "coordinates": [ [ 1.47152, 42.90727 ], [ 1.47462, 42.90786 ], [ 1.47451, 42.90907 ], [ 1.47696, 42.91003 ], [ 1.47742, 42.91288 ], [ 1.47567, 42.91656 ], [ 1.48021, 42.92159 ], [ 1.48055, 42.92489 ], [ 1.47878, 42.93159 ], [ 1.48154, 42.93719 ], [ 1.48003, 42.93775 ], [ 1.48168, 42.93998 ], [ 1.48021, 42.94231 ], [ 1.48218, 42.94465 ], [ 1.48129, 42.94546 ], [ 1.48278, 42.9465 ], [ 1.47998, 42.94858 ], [ 1.4822, 42.95182 ] ] } },
{ "type": "Feature", "properties": { "name": "Ruisseau de Becq", "weight_class": 1, "permanent": true, "length_km": 5.4 }, "geometry": { "type": "LineString", "coordinates": [ [ 1.56966, 42.91705 ], [ 1.57379, 42.92305 ], [ 1.57631, 42.93193 ], [ 1.57558, 42.93368 ], [ 1.57987, 42.93915 ], [ 1.58162, 42.94366 ], [ 1.5811, 42.95141 ], [ 1.58451, 42.95674 ], [ 1.58332, 42.95881 ] ] } },
{ "type": "Feature", "properties": { "name": "Ruisseau de Freychinet", "weight_class": 1, "permanent": true, "length_km": 4.7 }, "geometry": { "type": "LineString", "coordinates": [ [ 1.45934, 42.90704 ], [ 1.45798, 42.91197 ], [ 1.45225, 42.91749 ], [ 1.45096, 42.92253 ], [ 1.45194, 42.92656 ], [ 1.45736, 42.93093 ], [ 1.45541, 42.93609 ], [ 1.45592, 42.93836 ], [ 1.4573, 42.93911 ], [ 1.45654, 42.9433 ] ] } },
{ "type": "Feature", "properties": { "name": "Ruisseau de Siech", "weight_class": 1, "permanent": true, "length_km": 3.0 }, "geometry": { "type": "LineString", "coordinates": [ [ 1.54696, 42.9041 ], [ 1.54169, 42.89335 ], [ 1.54351, 42.89104 ], [ 1.54291, 42.88381 ], [ 1.5463, 42.88023 ] ] } },
{ "type": "Feature", "properties": { "name": "Ruisseau de l'Étang Long", "weight_class": 1, "permanent": false, "length_km": 2.2 }, "geometry": { "type": "LineString", "coordinates": [ [ 1.45838, 42.82593 ], [ 1.45374, 42.82932 ], [ 1.4531, 42.83235 ], [ 1.45544, 42.83306 ], [ 1.45788, 42.83761 ], [ 1.46182, 42.83881 ] ] } },
{ "type": "Feature", "properties": { "name": "Ruisseau de l'Arse", "weight_class": 1, "permanent": true, "length_km": 4.6 }, "geometry": { "type": "LineString", "coordinates": [ [ 1.52525, 42.90065 ], [ 1.52237, 42.89681 ], [ 1.52212, 42.88817 ], [ 1.52593, 42.88552 ], [ 1.53312, 42.88598 ], [ 1.54104, 42.88395 ], [ 1.54459, 42.88047 ], [ 1.54651, 42.8802 ], [ 1.55018, 42.87732 ], [ 1.55002, 42.87621 ] ] } },
{ "type": "Feature", "properties": { "name": "Ruisseau de l'Étang d'Artats", "weight_class": 1, "permanent": true, "length_km": 5.4 }, "geometry": { "type": "LineString", "coordinates": [ [ 1.50761, 42.81696 ], [ 1.51172, 42.81765 ], [ 1.51334, 42.81956 ], [ 1.51654, 42.81869 ], [ 1.51912, 42.82138 ], [ 1.5292, 42.82654 ], [ 1.53091, 42.82825 ], [ 1.532, 42.83235 ], [ 1.53558, 42.83537 ], [ 1.53608, 42.83829 ], [ 1.53373, 42.84117 ], [ 1.53653, 42.85057 ] ] } },
{ "type": "Feature", "properties": { "name": null, "weight_class": 1, "permanent": true, "length_km": 2.1 }, "geometry": { "type": "LineString", "coordinates": [ [ 1.47963, 42.87062 ], [ 1.4859, 42.87184 ], [ 1.4865, 42.87403 ], [ 1.49055, 42.87748 ], [ 1.49479, 42.88312 ] ] } },
{ "type": "Feature", "properties": { "name": null, "weight_class": 1, "permanent": true, "length_km": 2.1 }, "geometry": { "type": "LineString", "coordinates": [ [ 1.49189, 42.90373 ], [ 1.49248, 42.90145 ], [ 1.4894, 42.89863 ], [ 1.48801, 42.8947 ], [ 1.4832, 42.88848 ], [ 1.48393, 42.88781 ] ] } },
{ "type": "Feature", "properties": { "name": "Ruisseau de Saint-Pierre", "weight_class": 1, "permanent": true, "length_km": 2.5 }, "geometry": { "type": "LineString", "coordinates": [ [ 1.56698, 42.86942 ], [ 1.56883, 42.86288 ], [ 1.57503, 42.86043 ], [ 1.57699, 42.85862 ], [ 1.58017, 42.85841 ], [ 1.58341, 42.8564 ], [ 1.58173, 42.85521 ] ] } },
{ "type": "Feature", "properties": { "name": "Ruisseau de Camp Andrieu", "weight_class": 1, "permanent": true, "length_km": 2.2 }, "geometry": { "type": "LineString", "coordinates": [ [ 1.56569, 42.91593 ], [ 1.55968, 42.92245 ], [ 1.55655, 42.92219 ], [ 1.54726, 42.926 ], [ 1.54659, 42.92724 ] ] } },
{ "type": "Feature", "properties": { "name": "Ruisseau de Coume Belle", "weight_class": 1, "permanent": true, "length_km": 3.9 }, "geometry": { "type": "LineString", "coordinates": [ [ 1.57567, 42.91685 ], [ 1.57761, 42.91803 ], [ 1.58325, 42.91827 ], [ 1.58528, 42.91821 ], [ 1.5874, 42.91687 ], [ 1.59631, 42.91697 ], [ 1.60974, 42.92135 ], [ 1.61607, 42.92634 ] ] } },
{ "type": "Feature", "properties": { "name": "Ruisseau de Couers", "weight_class": 1, "permanent": true, "length_km": 2.2 }, "geometry": { "type": "LineString", "coordinates": [ [ 1.55485, 42.90725 ], [ 1.55305, 42.91071 ], [ 1.54895, 42.9123 ], [ 1.54659, 42.91499 ], [ 1.54419, 42.92317 ] ] } },
{ "type": "Feature", "properties": { "name": "Ruisseau de la Coume", "weight_class": 1, "permanent": true, "length_km": 2.6 }, "geometry": { "type": "LineString", "coordinates": [ [ 1.56934, 42.89602 ], [ 1.56676, 42.89211 ], [ 1.56892, 42.8901 ], [ 1.56931, 42.88776 ], [ 1.56883, 42.88376 ], [ 1.56577, 42.88033 ], [ 1.56477, 42.87748 ], [ 1.56562, 42.87527 ] ] } },
{ "type": "Feature", "properties": { "name": "Ruisseau de Lifer", "weight_class": 1, "permanent": true, "length_km": 2.6 }, "geometry": { "type": "LineString", "coordinates": [ [ 1.5286, 42.90499 ], [ 1.53241, 42.90223 ], [ 1.53443, 42.89616 ], [ 1.53754, 42.89365 ], [ 1.53637, 42.88955 ], [ 1.53744, 42.88827 ], [ 1.53747, 42.88473 ] ] } },
{ "type": "Feature", "properties": { "name": "Ruisseau de Loumet", "weight_class": 1, "permanent": true, "length_km": 5.8 }, "geometry": { "type": "LineString", "coordinates": [ [ 1.45791, 42.85554 ], [ 1.45971, 42.85814 ], [ 1.45819, 42.86681 ], [ 1.46005, 42.87231 ], [ 1.47411, 42.87788 ], [ 1.48123, 42.879 ], [ 1.48655, 42.88119 ], [ 1.49061, 42.88118 ], [ 1.49847, 42.88458 ] ] } },
{ "type": "Feature", "properties": { "name": "Ruisseau du Bazercal", "weight_class": 1, "permanent": true, "length_km": 2.4 }, "geometry": { "type": "LineString", "coordinates": [ [ 1.45533, 42.88269 ], [ 1.45852, 42.8845 ], [ 1.45903, 42.88727 ], [ 1.46287, 42.88823 ], [ 1.46298, 42.88956 ], [ 1.46499, 42.89117 ], [ 1.47615, 42.89177 ] ] } },
{ "type": "Feature", "properties": { "name": "le Saurat", "weight_class": 1, "permanent": true, "length_km": 15.6 }, "geometry": { "type": "LineString", "coordinates": [ [ 1.45447, 42.89859 ], [ 1.47333, 42.89343 ], [ 1.47741, 42.89091 ], [ 1.47935, 42.8883 ], [ 1.48872, 42.88656 ], [ 1.49523, 42.88634 ], [ 1.501, 42.88365 ], [ 1.50408, 42.88011 ], [ 1.50618, 42.87967 ], [ 1.50965, 42.8804 ], [ 1.51401, 42.87918 ], [ 1.51763, 42.88 ], [ 1.53016, 42.87643 ], [ 1.5337, 42.87442 ], [ 1.53533, 42.87483 ], [ 1.53766, 42.87371 ], [ 1.53876, 42.87509 ], [ 1.54108, 42.8758 ], [ 1.54353, 42.87511 ], [ 1.54787, 42.8767 ], [ 1.54847, 42.87542 ], [ 1.55313, 42.87697 ], [ 1.56123, 42.87648 ], [ 1.5632, 42.87498 ], [ 1.57466, 42.87613 ], [ 1.57931, 42.87561 ], [ 1.58773, 42.87266 ], [ 1.59295, 42.87273 ], [ 1.59523, 42.87122 ], [ 1.59783, 42.86574 ], [ 1.59741, 42.85956 ], [ 1.60224, 42.86023 ] ] } },
{ "type": "Feature", "properties": { "name": "la Canadelle", "weight_class": 1, "permanent": true, "length_km": 6.5 }, "geometry": { "type": "LineString", "coordinates": [ [ 1.45187, 42.89908 ], [ 1.44601, 42.89924 ], [ 1.43897, 42.90126 ], [ 1.43381, 42.90103 ], [ 1.42771, 42.90214 ], [ 1.42429, 42.9003 ], [ 1.41951, 42.90095 ], [ 1.41789, 42.90205 ], [ 1.41254, 42.90028 ], [ 1.40597, 42.90124 ], [ 1.40213, 42.90012 ], [ 1.39848, 42.90054 ], [ 1.39342, 42.89943 ], [ 1.39122, 42.89738 ], [ 1.39221, 42.89378 ], [ 1.39044, 42.89044 ] ] } },
{ "type": "Feature", "properties": { "name": "Ruisseau de Picharel", "weight_class": 1, "permanent": true, "length_km": 2.6 }, "geometry": { "type": "LineString", "coordinates": [ [ 1.51392, 42.86064 ], [ 1.5135, 42.86618 ], [ 1.51666, 42.8688 ], [ 1.52421, 42.87285 ], [ 1.52958, 42.87334 ], [ 1.53203, 42.87522 ] ] } },
{ "type": "Feature", "properties": { "name": "Ruisseau de Bernaux et de Mellès", "weight_class": 1, "permanent": true, "length_km": 2.4 }, "geometry": { "type": "LineString", "coordinates": [ [ 1.50214, 42.86472 ], [ 1.50688, 42.86577 ], [ 1.51585, 42.87083 ], [ 1.51643, 42.87609 ], [ 1.51967, 42.8792 ] ] } },
{ "type": "Feature", "properties": { "name": "Ruisseau de la Ruzole", "weight_class": 1, "permanent": true, "length_km": 2.2 }, "geometry": { "type": "LineString", "coordinates": [ [ 1.48994, 42.87271 ], [ 1.49408, 42.87846 ], [ 1.49818, 42.8797 ], [ 1.50716, 42.8787 ], [ 1.51025, 42.8801 ] ] } },
{ "type": "Feature", "properties": { "name": "Ruisseau de Freychinet", "weight_class": 1, "permanent": true, "length_km": 2.6 }, "geometry": { "type": "LineString", "coordinates": [ [ 1.47032, 42.85885 ], [ 1.47381, 42.85812 ], [ 1.47649, 42.85581 ], [ 1.4796, 42.85469 ], [ 1.48062, 42.85313 ], [ 1.48956, 42.84755 ], [ 1.49266, 42.84427 ] ] } },
{ "type": "Feature", "properties": { "name": "Ruisseau de Sausenquet", "weight_class": 1, "permanent": true, "length_km": 2.1 }, "geometry": { "type": "LineString", "coordinates": [ [ 1.44977, 42.87749 ], [ 1.44289, 42.87893 ], [ 1.42732, 42.87376 ] ] } },
{ "type": "Feature", "properties": { "name": "Ruisseau de la Coume de Bonnans", "weight_class": 1, "permanent": true, "length_km": 2.2 }, "geometry": { "type": "LineString", "coordinates": [ [ 1.63917, 42.74372 ], [ 1.64313, 42.74624 ], [ 1.64907, 42.74536 ], [ 1.65249, 42.74307 ], [ 1.65655, 42.74197 ], [ 1.66094, 42.74412 ] ] } },
{ "type": "Feature", "properties": { "name": "Ruisseau de Lavail/Ruisseau des Mourègnes", "weight_class": 1, "permanent": true, "length_km": 8.3 }, "geometry": { "type": "LineString", "coordinates": [ [ 1.70863, 42.71209 ], [ 1.7099, 42.71551 ], [ 1.71681, 42.72075 ], [ 1.71551, 42.72488 ], [ 1.7139, 42.72564 ], [ 1.71195, 42.72908 ], [ 1.71252, 42.73207 ], [ 1.71467, 42.7338 ], [ 1.7128, 42.73615 ], [ 1.7244, 42.74572 ], [ 1.72569, 42.74899 ], [ 1.7238, 42.75388 ], [ 1.72349, 42.75972 ], [ 1.72557, 42.76211 ], [ 1.72541, 42.76447 ], [ 1.72855, 42.7662 ], [ 1.73114, 42.76646 ], [ 1.73141, 42.77094 ] ] } },
{ "type": "Feature", "properties": { "name": "Ruisseau de la Gargante/Ruisseau des Sauzets", "weight_class": 1, "permanent": true, "length_km": 5.8 }, "geometry": { "type": "LineString", "coordinates": [ [ 1.69165, 42.73138 ], [ 1.69051, 42.73191 ], [ 1.69188, 42.73599 ], [ 1.69201, 42.74495 ], [ 1.69413, 42.75567 ], [ 1.69635, 42.75679 ], [ 1.6958, 42.7598 ], [ 1.69759, 42.761 ], [ 1.69702, 42.76423 ], [ 1.69897, 42.76702 ], [ 1.70388, 42.7702 ], [ 1.6993, 42.77547 ] ] } },
{ "type": "Feature", "properties": { "name": "Ruisseau d'Aygue Bernine", "weight_class": 1, "permanent": true, "length_km": 2.5 }, "geometry": { "type": "LineString", "coordinates": [ [ 1.71231, 42.71152 ], [ 1.71685, 42.71042 ], [ 1.71801, 42.7087 ], [ 1.72058, 42.70957 ], [ 1.7236, 42.70892 ], [ 1.72875, 42.71164 ], [ 1.73428, 42.71284 ], [ 1.73408, 42.71469 ] ] } },
{ "type": "Feature", "properties": { "name": "Bras de l'Ariège", "weight_class": 2, "permanent": true, "length_km": 2.5 }, "geometry": { "type": "LineString", "coordinates": [ [ 1.67587, 42.79568 ], [ 1.67316, 42.79715 ], [ 1.6677, 42.79828 ], [ 1.66526, 42.79993 ], [ 1.65712, 42.79979 ], [ 1.65647, 42.80083 ], [ 1.65128, 42.80206 ], [ 1.65179, 42.80394 ] ] } },
{ "type": "Feature", "properties": { "name": null, "weight_class": 1, "permanent": true, "length_km": 2.3 }, "geometry": { "type": "LineString", "coordinates": [ [ 1.62487, 42.73607 ], [ 1.63415, 42.73767 ], [ 1.63641, 42.73665 ], [ 1.63961, 42.73747 ], [ 1.65006, 42.73609 ] ] } },
{ "type": "Feature", "properties": { "name": null, "weight_class": 1, "permanent": false, "length_km": 2.7 }, "geometry": { "type": "LineString", "coordinates": [ [ 1.62857, 42.73924 ], [ 1.63353, 42.73904 ], [ 1.63448, 42.74041 ], [ 1.63738, 42.7407 ], [ 1.64228, 42.74321 ], [ 1.64476, 42.74223 ], [ 1.65739, 42.74096 ] ] } },
{ "type": "Feature", "properties": { "name": "Bras de l'Ariège", "weight_class": 1, "permanent": true, "length_km": 2.1 }, "geometry": { "type": "LineString", "coordinates": [ [ 1.62862, 42.81639 ], [ 1.62339, 42.81973 ], [ 1.62265, 42.82239 ], [ 1.61854, 42.8271 ], [ 1.61864, 42.82863 ], [ 1.61504, 42.82988 ] ] } },
{ "type": "Feature", "properties": { "name": "Ruisseau du Fourquet", "weight_class": 1, "permanent": false, "length_km": 2.9 }, "geometry": { "type": "LineString", "coordinates": [ [ 1.70399, 42.82455 ], [ 1.69957, 42.81984 ], [ 1.6929, 42.81637 ], [ 1.69096, 42.81187 ], [ 1.69179, 42.80567 ], [ 1.69353, 42.80374 ] ] } },
{ "type": "Feature", "properties": { "name": "Ruisseau de Caychax/Ruisseau de Cadènes", "weight_class": 1, "permanent": true, "length_km": 7.2 }, "geometry": { "type": "LineString", "coordinates": [ [ 1.73663, 42.82453 ], [ 1.73146, 42.82509 ], [ 1.73042, 42.82315 ], [ 1.72583, 42.82103 ], [ 1.72562, 42.8194 ], [ 1.72382, 42.81783 ], [ 1.72176, 42.80609 ], [ 1.71944, 42.80141 ], [ 1.71288, 42.79647 ], [ 1.71378, 42.795 ], [ 1.71257, 42.79213 ], [ 1.71421, 42.78691 ], [ 1.70914, 42.78148 ], [ 1.70926, 42.77966 ], [ 1.70757, 42.77834 ], [ 1.70358, 42.77744 ], [ 1.70277, 42.77591 ] ] } },
{ "type": "Feature", "properties": { "name": "Ruisseau de la Cassagne", "weight_class": 1, "permanent": true, "length_km": 2.3 }, "geometry": { "type": "LineString", "coordinates": [ [ 1.73346, 42.79606 ], [ 1.73588, 42.79035 ], [ 1.74022, 42.78678 ], [ 1.74003, 42.78304 ], [ 1.74293, 42.77864 ] ] } },
{ "type": "Feature", "properties": { "name": "Ruisseau des Moulines", "weight_class": 1, "permanent": true, "length_km": 4.5 }, "geometry": { "type": "LineString", "coordinates": [ [ 1.70782, 42.82207 ], [ 1.70724, 42.81488 ], [ 1.7039, 42.81257 ], [ 1.70325, 42.81104 ], [ 1.69783, 42.80809 ], [ 1.69041, 42.80018 ], [ 1.68901, 42.7972 ], [ 1.67662, 42.79445 ] ] } },
{ "type": "Feature", "properties": { "name": "Ruisseau des Vignes", "weight_class": 2, "permanent": false, "length_km": 2.6 }, "geometry": { "type": "LineString", "coordinates": [ [ 1.65473, 42.82343 ], [ 1.6498, 42.82323 ], [ 1.64618, 42.82529 ], [ 1.63989, 42.82561 ], [ 1.63539, 42.82207 ], [ 1.6331, 42.81636 ] ] } },
{ "type": "Feature", "properties": { "name": "Ruisseau de Lujat", "weight_class": 1, "permanent": true, "length_km": 3.0 }, "geometry": { "type": "LineString", "coordinates": [ [ 1.66978, 42.81656 ], [ 1.6608, 42.81977 ], [ 1.65527, 42.81991 ], [ 1.65219, 42.81845 ], [ 1.65043, 42.81543 ], [ 1.64609, 42.81244 ], [ 1.64039, 42.81056 ] ] } },
{ "type": "Feature", "properties": { "name": "Ruisseau de Médas", "weight_class": 1, "permanent": true, "length_km": 3.8 }, "geometry": { "type": "LineString", "coordinates": [ [ 1.63158, 42.77652 ], [ 1.6356, 42.78062 ], [ 1.63632, 42.78634 ], [ 1.64288, 42.7937 ], [ 1.64293, 42.79727 ], [ 1.64519, 42.79847 ], [ 1.64793, 42.80292 ], [ 1.65109, 42.80441 ] ] } },
{ "type": "Feature", "properties": { "name": "Ruisseau de Fontargente", "weight_class": 1, "permanent": true, "length_km": 3.2 }, "geometry": { "type": "LineString", "coordinates": [ [ 1.73476, 42.75041 ], [ 1.73851, 42.75333 ], [ 1.74156, 42.75907 ], [ 1.73591, 42.76748 ], [ 1.73275, 42.77088 ], [ 1.72882, 42.77251 ], [ 1.72901, 42.77354 ] ] } },
{ "type": "Feature", "properties": { "name": "Ruisseau Aston", "weight_class": 2, "permanent": true, "length_km": 23.9 }, "geometry": { "type": "LineString", "coordinates": [ [ 1.72718, 42.62738 ], [ 1.72387, 42.63255 ], [ 1.72019, 42.63521 ], [ 1.71826, 42.63897 ], [ 1.71431, 42.6401 ], [ 1.70901, 42.63965 ], [ 1.70224, 42.6422 ], [ 1.7008, 42.64798 ], [ 1.70325, 42.64985 ], [ 1.70575, 42.65638 ], [ 1.70785, 42.66958 ], [ 1.70266, 42.67764 ], [ 1.70092, 42.68712 ], [ 1.69854, 42.68914 ], [ 1.69568, 42.69459 ], [ 1.67794, 42.70018 ], [ 1.67525, 42.70254 ], [ 1.66876, 42.70414 ], [ 1.66395, 42.70718 ], [ 1.66378, 42.71012 ], [ 1.66502, 42.71355 ], [ 1.66682, 42.7152 ], [ 1.66747, 42.71952 ], [ 1.6667, 42.72219 ], [ 1.6635, 42.72564 ], [ 1.66363, 42.7303 ], [ 1.66636, 42.73588 ], [ 1.66138, 42.73744 ], [ 1.65872, 42.74055 ], [ 1.66018, 42.74178 ], [ 1.66093, 42.74492 ], [ 1.66295, 42.74662 ], [ 1.66154, 42.75063 ], [ 1.66287, 42.75473 ], [ 1.66205, 42.75769 ], [ 1.66441, 42.76125 ], [ 1.66437, 42.76397 ], [ 1.66815, 42.76799 ], [ 1.66794, 42.77042 ], [ 1.67197, 42.77119 ], [ 1.67559, 42.7737 ], [ 1.67793, 42.77683 ], [ 1.67636, 42.7805 ], [ 1.6796, 42.78387 ], [ 1.67865, 42.78572 ], [ 1.67902, 42.79074 ] ] } },
{ "type": "Feature", "properties": { "name": "Ruisseau des Ubals", "weight_class": 1, "permanent": true, "length_km": 7.1 }, "geometry": { "type": "LineString", "coordinates": [ [ 1.61843, 42.73683 ], [ 1.61825, 42.73927 ], [ 1.62117, 42.74525 ], [ 1.63263, 42.75428 ], [ 1.63446, 42.75957 ], [ 1.64218, 42.76467 ], [ 1.64521, 42.76905 ], [ 1.65116, 42.77105 ], [ 1.66118, 42.76878 ], [ 1.66342, 42.76895 ], [ 1.66586, 42.77052 ], [ 1.66785, 42.77028 ] ] } },
{ "type": "Feature", "properties": { "name": "Ruisseau de Font", "weight_class": 1, "permanent": true, "length_km": 4.0 }, "geometry": { "type": "LineString", "coordinates": [ [ 1.61738, 42.75894 ], [ 1.61508, 42.76084 ], [ 1.60951, 42.76258 ], [ 1.60595, 42.76684 ], [ 1.60174, 42.76885 ], [ 1.59929, 42.77215 ], [ 1.60486, 42.78618 ] ] } },
{ "type": "Feature", "properties": { "name": "Ruisseau de la Crémade", "weight_class": 1, "permanent": true, "length_km": 2.7 }, "geometry": { "type": "LineString", "coordinates": [ [ 1.6291, 42.76649 ], [ 1.62286, 42.77118 ], [ 1.61561, 42.77318 ], [ 1.61358, 42.77766 ], [ 1.61099, 42.77946 ], [ 1.60915, 42.78323 ] ] } },
{ "type": "Feature", "properties": { "name": "Ruisseau de Miglos", "weight_class": 1, "permanent": true, "length_km": 3.6 }, "geometry": { "type": "LineString", "coordinates": [ [ 1.61841, 42.78497 ], [ 1.61308, 42.78308 ], [ 1.60915, 42.78323 ], [ 1.59891, 42.79079 ], [ 1.58925, 42.79396 ], [ 1.58351, 42.79686 ] ] } },
{ "type": "Feature", "properties": { "name": "Ruisseau de Gérieys", "weight_class": 1, "permanent": false, "length_km": 2.1 }, "geometry": { "type": "LineString", "coordinates": [ [ 1.69935, 42.73127 ], [ 1.70019, 42.73692 ], [ 1.6985, 42.73933 ], [ 1.69769, 42.74374 ], [ 1.69332, 42.74843 ] ] } },
{ "type": "Feature", "properties": { "name": "Ruisseau Sirbal", "weight_class": 1, "permanent": true, "length_km": 5.4 }, "geometry": { "type": "LineString", "coordinates": [ [ 1.61441, 42.73241 ], [ 1.61494, 42.7309 ], [ 1.61927, 42.72737 ], [ 1.63131, 42.72183 ], [ 1.63529, 42.72389 ], [ 1.63969, 42.7247 ], [ 1.64832, 42.73496 ], [ 1.65322, 42.73904 ], [ 1.65673, 42.7409 ], [ 1.65885, 42.74075 ] ] } },
{ "type": "Feature", "properties": { "name": "Ruisseau de Lavail", "weight_class": 1, "permanent": true, "length_km": 11.7 }, "geometry": { "type": "LineString", "coordinates": [ [ 1.74244, 42.67358 ], [ 1.73769, 42.67808 ], [ 1.73745, 42.68331 ], [ 1.7404, 42.68823 ], [ 1.74072, 42.69114 ], [ 1.7393, 42.69465 ], [ 1.73874, 42.70238 ], [ 1.73391, 42.7152 ], [ 1.73361, 42.72417 ], [ 1.73864, 42.73248 ], [ 1.74571, 42.73706 ], [ 1.74972, 42.74454 ], [ 1.7505, 42.74851 ], [ 1.75215, 42.75175 ], [ 1.75448, 42.75346 ], [ 1.755, 42.75588 ], [ 1.75764, 42.75609 ], [ 1.76016, 42.75755 ], [ 1.76108, 42.75994 ], [ 1.76254, 42.76073 ], [ 1.76212, 42.76184 ] ] } },
{ "type": "Feature", "properties": { "name": "Ruisseau de Toudous", "weight_class": 1, "permanent": false, "length_km": 2.1 }, "geometry": { "type": "LineString", "coordinates": [ [ 1.70758, 42.70995 ], [ 1.70439, 42.6993 ], [ 1.69844, 42.69387 ] ] } },
{ "type": "Feature", "properties": { "name": "Ruisseau des Llégunes", "weight_class": 1, "permanent": true, "length_km": 2.0 }, "geometry": { "type": "LineString", "coordinates": [ [ 1.70187, 42.71767 ], [ 1.70105, 42.72166 ], [ 1.70748, 42.72882 ], [ 1.71238, 42.73163 ] ] } },
{ "type": "Feature", "properties": { "name": "Ruisseau d'Artaran", "weight_class": 1, "permanent": true, "length_km": 3.6 }, "geometry": { "type": "LineString", "coordinates": [ [ 1.70395, 42.71355 ], [ 1.69925, 42.71262 ], [ 1.68707, 42.7189 ], [ 1.67861, 42.71964 ], [ 1.673, 42.71886 ], [ 1.66963, 42.72019 ], [ 1.66743, 42.72006 ] ] } },
{ "type": "Feature", "properties": { "name": "Ruisseau de Calvière", "weight_class": 1, "permanent": true, "length_km": 6.4 }, "geometry": { "type": "LineString", "coordinates": [ [ 1.60944, 42.69125 ], [ 1.61155, 42.69223 ], [ 1.61261, 42.69472 ], [ 1.61905, 42.7018 ], [ 1.62587, 42.7054 ], [ 1.62921, 42.70498 ], [ 1.63216, 42.70334 ], [ 1.64171, 42.70324 ], [ 1.64957, 42.71221 ], [ 1.65103, 42.71269 ], [ 1.657, 42.71104 ], [ 1.66013, 42.71266 ], [ 1.66496, 42.71326 ] ] } },
{ "type": "Feature", "properties": { "name": "Ruisseau des Clots d'Urbats", "weight_class": 1, "permanent": true, "length_km": 3.8 }, "geometry": { "type": "LineString", "coordinates": [ [ 1.59729, 42.72233 ], [ 1.59897, 42.72129 ], [ 1.60285, 42.7226 ], [ 1.61, 42.72857 ], [ 1.60629, 42.73258 ], [ 1.60276, 42.73427 ], [ 1.59345, 42.74366 ] ] } },
{ "type": "Feature", "properties": { "name": "Ruisseau de Larnoum", "weight_class": 1, "permanent": true, "length_km": 4.5 }, "geometry": { "type": "LineString", "coordinates": [ [ 1.59442, 42.71438 ], [ 1.59798, 42.716 ], [ 1.60113, 42.71584 ], [ 1.60682, 42.71294 ], [ 1.6173, 42.71152 ], [ 1.62081, 42.71297 ], [ 1.63672, 42.72373 ] ] } },
{ "type": "Feature", "properties": { "name": "Ruisseau d'Aychuns", "weight_class": 1, "permanent": false, "length_km": 4.0 }, "geometry": { "type": "LineString", "coordinates": [ [ 1.46929, 42.81356 ], [ 1.46785, 42.80789 ], [ 1.47032, 42.80643 ], [ 1.4734, 42.8024 ], [ 1.47302, 42.80021 ], [ 1.47469, 42.79731 ], [ 1.47223, 42.79488 ], [ 1.47784, 42.79076 ], [ 1.48114, 42.78494 ] ] } },
{ "type": "Feature", "properties": { "name": "Ruisseau de Sabanech", "weight_class": 1, "permanent": true, "length_km": 4.5 }, "geometry": { "type": "LineString", "coordinates": [ [ 1.61453, 42.74255 ], [ 1.59919, 42.74223 ], [ 1.59625, 42.74386 ], [ 1.59316, 42.74365 ], [ 1.58599, 42.74516 ], [ 1.58425, 42.74652 ], [ 1.57954, 42.74723 ], [ 1.57602, 42.74877 ], [ 1.56946, 42.74903 ], [ 1.56717, 42.75267 ] ] } },
{ "type": "Feature", "properties": { "name": "Ruisseau de Lut", "weight_class": 2, "permanent": false, "length_km": 2.9 }, "geometry": { "type": "LineString", "coordinates": [ [ 1.53705, 42.75444 ], [ 1.54909, 42.75447 ], [ 1.55291, 42.75506 ], [ 1.55575, 42.75696 ], [ 1.55974, 42.75659 ], [ 1.56465, 42.75879 ], [ 1.56839, 42.75832 ] ] } },
{ "type": "Feature", "properties": { "name": "Ruisseau de Suc", "weight_class": 1, "permanent": true, "length_km": 9.9 }, "geometry": { "type": "LineString", "coordinates": [ [ 1.43182, 42.8238 ], [ 1.43468, 42.82105 ], [ 1.43822, 42.82115 ], [ 1.43777, 42.81781 ], [ 1.43608, 42.81769 ], [ 1.43543, 42.81492 ], [ 1.4317, 42.81037 ], [ 1.43199, 42.80648 ], [ 1.43378, 42.80355 ], [ 1.44361, 42.79952 ], [ 1.44569, 42.79633 ], [ 1.44916, 42.79406 ], [ 1.45296, 42.78957 ], [ 1.46008, 42.78676 ], [ 1.46853, 42.78072 ], [ 1.48269, 42.77719 ], [ 1.48691, 42.77266 ], [ 1.49186, 42.77129 ], [ 1.49342, 42.76924 ] ] } },
{ "type": "Feature", "properties": { "name": "Conduite Forcée d'Izourt", "weight_class": 1, "permanent": true, "length_km": 2.1 }, "geometry": { "type": "LineString", "coordinates": [ [ 1.49752, 42.69161 ], [ 1.49947, 42.70422 ], [ 1.49775, 42.71027 ] ] } },
{ "type": "Feature", "properties": { "name": null, "weight_class": 1, "permanent": false, "length_km": 2.0 }, "geometry": { "type": "LineString", "coordinates": [ [ 1.51314, 42.71686 ], [ 1.50281, 42.71236 ], [ 1.49715, 42.71308 ], [ 1.49108, 42.71249 ] ] } },
{ "type": "Feature", "properties": { "name": null, "weight_class": 1, "permanent": false, "length_km": 3.3 }, "geometry": { "type": "LineString", "coordinates": [ [ 1.45291, 42.7175 ], [ 1.46091, 42.72825 ], [ 1.46486, 42.7379 ], [ 1.47028, 42.74253 ] ] } },
{ "type": "Feature", "properties": { "name": null, "weight_class": 1, "permanent": false, "length_km": 2.0 }, "geometry": { "type": "LineString", "coordinates": [ [ 1.43795, 42.74113 ], [ 1.4408, 42.73897 ], [ 1.44689, 42.73809 ], [ 1.44945, 42.73895 ], [ 1.45197, 42.73767 ], [ 1.4592, 42.73644 ] ] } },
{ "type": "Feature", "properties": { "name": null, "weight_class": 1, "permanent": false, "length_km": 2.0 }, "geometry": { "type": "LineString", "coordinates": [ [ 1.47221, 42.71026 ], [ 1.46734, 42.71343 ], [ 1.46275, 42.71323 ], [ 1.46017, 42.71432 ], [ 1.45007, 42.71392 ] ] } },
{ "type": "Feature", "properties": { "name": null, "weight_class": 1, "permanent": true, "length_km": 6.1 }, "geometry": { "type": "LineString", "coordinates": [ [ 1.48963, 42.71472 ], [ 1.45291, 42.7175 ], [ 1.44644, 42.71927 ], [ 1.43721, 42.71835 ], [ 1.43656, 42.71735 ], [ 1.4343, 42.71706 ], [ 1.42805, 42.71132 ], [ 1.42254, 42.70951 ] ] } },
{ "type": "Feature", "properties": { "name": null, "weight_class": 1, "permanent": true, "length_km": 5.8 }, "geometry": { "type": "LineString", "coordinates": [ [ 1.44685, 42.7279 ], [ 1.45027, 42.72831 ], [ 1.45378, 42.73219 ], [ 1.45165, 42.73326 ], [ 1.45247, 42.73469 ], [ 1.45138, 42.73813 ], [ 1.45287, 42.73851 ], [ 1.45405, 42.74147 ], [ 1.45637, 42.74238 ], [ 1.45449, 42.74611 ], [ 1.45842, 42.74667 ], [ 1.46042, 42.74952 ], [ 1.46405, 42.75114 ], [ 1.46701, 42.75421 ], [ 1.4677, 42.75707 ], [ 1.47806, 42.76107 ] ] } },
{ "type": "Feature", "properties": { "name": "Ruisseau de Saillens", "weight_class": 1, "permanent": true, "length_km": 5.0 }, "geometry": { "type": "LineString", "coordinates": [ [ 1.48301, 42.82175 ], [ 1.4849, 42.82115 ], [ 1.48849, 42.82176 ], [ 1.49552, 42.82922 ], [ 1.49781, 42.82955 ], [ 1.49994, 42.82694 ], [ 1.50342, 42.82999 ], [ 1.51079, 42.83267 ], [ 1.51429, 42.83631 ], [ 1.51577, 42.84145 ], [ 1.51912, 42.84317 ], [ 1.51902, 42.84473 ] ] } },
{ "type": "Feature", "properties": { "name": "Ruisseau de Mijanès", "weight_class": 1, "permanent": false, "length_km": 2.5 }, "geometry": { "type": "LineString", "coordinates": [ [ 1.53604, 42.80362 ], [ 1.54015, 42.80005 ], [ 1.54072, 42.79806 ], [ 1.54469, 42.79544 ], [ 1.54868, 42.78789 ], [ 1.54807, 42.78486 ] ] } },
{ "type": "Feature", "properties": { "name": null, "weight_class": 1, "permanent": false, "length_km": 2.0 }, "geometry": { "type": "LineString", "coordinates": [ [ 1.50501, 42.80758 ], [ 1.51198, 42.80427 ], [ 1.51499, 42.80016 ], [ 1.52272, 42.79819 ] ] } },
{ "type": "Feature", "properties": { "name": "Ruisseau de la Grange", "weight_class": 1, "permanent": true, "length_km": 4.6 }, "geometry": { "type": "LineString", "coordinates": [ [ 1.54011, 42.81226 ], [ 1.55048, 42.81157 ], [ 1.5548, 42.81238 ], [ 1.55971, 42.81512 ], [ 1.56241, 42.81377 ], [ 1.5675, 42.81403 ], [ 1.56992, 42.8161 ], [ 1.57936, 42.81884 ], [ 1.58549, 42.81745 ], [ 1.58972, 42.81771 ] ] } },
{ "type": "Feature", "properties": { "name": "Ruisseau du Pis", "weight_class": 2, "permanent": true, "length_km": 3.2 }, "geometry": { "type": "LineString", "coordinates": [ [ 1.52898, 42.80693 ], [ 1.53095, 42.80376 ], [ 1.53044, 42.80203 ], [ 1.53528, 42.79852 ], [ 1.53788, 42.79419 ], [ 1.53882, 42.79109 ], [ 1.53823, 42.78669 ], [ 1.54075, 42.7819 ] ] } },
{ "type": "Feature", "properties": { "name": "le Siouré", "weight_class": 1, "permanent": false, "length_km": 3.0 }, "geometry": { "type": "LineString", "coordinates": [ [ 1.51962, 42.80321 ], [ 1.52151, 42.8015 ], [ 1.52143, 42.79972 ], [ 1.52302, 42.79775 ], [ 1.52781, 42.7938 ], [ 1.5285, 42.7906 ], [ 1.5327, 42.78444 ], [ 1.53313, 42.7801 ] ] } },
{ "type": "Feature", "properties": { "name": "Ruisseau du Moulin", "weight_class": 1, "permanent": false, "length_km": 2.5 }, "geometry": { "type": "LineString", "coordinates": [ [ 1.50533, 42.79632 ], [ 1.50717, 42.79317 ], [ 1.51134, 42.78997 ], [ 1.51414, 42.78535 ], [ 1.51592, 42.77801 ], [ 1.51442, 42.77679 ] ] } },
{ "type": "Feature", "properties": { "name": "Ruisseau de Sentenac", "weight_class": 1, "permanent": true, "length_km": 4.7 }, "geometry": { "type": "LineString", "coordinates": [ [ 1.48484, 42.81553 ], [ 1.48474, 42.80931 ], [ 1.48296, 42.80812 ], [ 1.48444, 42.80415 ], [ 1.48359, 42.80064 ], [ 1.48123, 42.79763 ], [ 1.48294, 42.78949 ], [ 1.47932, 42.78261 ], [ 1.48087, 42.77735 ] ] } },
{ "type": "Feature", "properties": { "name": "Ruisseau de Barataus", "weight_class": 1, "permanent": true, "length_km": 2.5 }, "geometry": { "type": "LineString", "coordinates": [ [ 1.47219, 42.81915 ], [ 1.47015, 42.8206 ], [ 1.47049, 42.82332 ], [ 1.46754, 42.82548 ], [ 1.46916, 42.83261 ], [ 1.47145, 42.83481 ], [ 1.47152, 42.83729 ], [ 1.47272, 42.83827 ] ] } },
{ "type": "Feature", "properties": { "name": "Ruisseau de Biert", "weight_class": 1, "permanent": true, "length_km": 2.1 }, "geometry": { "type": "LineString", "coordinates": [ [ 1.42795, 42.81963 ], [ 1.42652, 42.8183 ], [ 1.42451, 42.81819 ], [ 1.42314, 42.81616 ], [ 1.42556, 42.81549 ], [ 1.4258, 42.81098 ], [ 1.43199, 42.80822 ] ] } },
{ "type": "Feature", "properties": { "name": "Ruisseau de Siguer", "weight_class": 1, "permanent": true, "length_km": 18.9 }, "geometry": { "type": "LineString", "coordinates": [ [ 1.50082, 42.65343 ], [ 1.50591, 42.65547 ], [ 1.51228, 42.65636 ], [ 1.51426, 42.65517 ], [ 1.5159, 42.65633 ], [ 1.52062, 42.65673 ], [ 1.52308, 42.65834 ], [ 1.52488, 42.6647 ], [ 1.5284, 42.66974 ], [ 1.53193, 42.68018 ], [ 1.52826, 42.70344 ], [ 1.52931, 42.70769 ], [ 1.53784, 42.7176 ], [ 1.53868, 42.7226 ], [ 1.54539, 42.72553 ], [ 1.54687, 42.729 ], [ 1.54849, 42.72958 ], [ 1.55096, 42.73315 ], [ 1.55697, 42.73786 ], [ 1.55669, 42.74039 ], [ 1.56067, 42.7426 ], [ 1.5651, 42.74756 ], [ 1.56484, 42.74978 ], [ 1.56743, 42.75293 ], [ 1.56701, 42.756 ], [ 1.56846, 42.75814 ], [ 1.56772, 42.7607 ], [ 1.56562, 42.76151 ], [ 1.56482, 42.76365 ], [ 1.56177, 42.76505 ], [ 1.56347, 42.76797 ], [ 1.56314, 42.77006 ], [ 1.56066, 42.77241 ], [ 1.56163, 42.77669 ], [ 1.55995, 42.78513 ] ] } },
{ "type": "Feature", "properties": { "name": "Ruisseau de Sem", "weight_class": 1, "permanent": true, "length_km": 4.3 }, "geometry": { "type": "LineString", "coordinates": [ [ 1.52738, 42.74217 ], [ 1.52331, 42.74591 ], [ 1.52313, 42.74915 ], [ 1.52462, 42.75264 ], [ 1.51877, 42.76817 ], [ 1.51447, 42.7738 ], [ 1.51605, 42.7756 ] ] } },
{ "type": "Feature", "properties": { "name": "Ruisseau de Goulier", "weight_class": 1, "permanent": true, "length_km": 6.2 }, "geometry": { "type": "LineString", "coordinates": [ [ 1.51441, 42.72059 ], [ 1.51554, 42.72844 ], [ 1.50683, 42.73889 ], [ 1.50522, 42.74439 ], [ 1.50528, 42.7491 ], [ 1.50061, 42.75784 ], [ 1.49764, 42.76094 ], [ 1.49414, 42.76288 ], [ 1.49372, 42.76577 ], [ 1.49677, 42.76857 ] ] } },
{ "type": "Feature", "properties": { "name": "Ruisseau du Cap Long", "weight_class": 1, "permanent": true, "length_km": 3.7 }, "geometry": { "type": "LineString", "coordinates": [ [ 1.57282, 42.71907 ], [ 1.57463, 42.7215 ], [ 1.57404, 42.7229 ], [ 1.57754, 42.72534 ], [ 1.58143, 42.7316 ], [ 1.5789, 42.7386 ], [ 1.58302, 42.744 ], [ 1.58165, 42.74688 ] ] } },
{ "type": "Feature", "properties": { "name": "Ruisseau d'Escales", "weight_class": 1, "permanent": true, "length_km": 11.8 }, "geometry": { "type": "LineString", "coordinates": [ [ 1.54729, 42.66026 ], [ 1.54763, 42.6648 ], [ 1.5533, 42.66435 ], [ 1.5539, 42.66529 ], [ 1.5597, 42.65981 ], [ 1.56756, 42.66587 ], [ 1.5688, 42.6677 ], [ 1.56943, 42.67331 ], [ 1.56814, 42.67404 ], [ 1.56813, 42.67682 ], [ 1.56518, 42.68222 ], [ 1.56659, 42.68288 ], [ 1.56896, 42.68768 ], [ 1.56779, 42.68952 ], [ 1.56912, 42.69186 ], [ 1.57492, 42.69614 ], [ 1.57176, 42.70231 ], [ 1.56364, 42.7061 ], [ 1.55886, 42.71016 ], [ 1.55556, 42.71647 ], [ 1.55414, 42.71705 ], [ 1.5538, 42.72144 ], [ 1.5489, 42.7245 ], [ 1.54626, 42.72762 ] ] } },
{ "type": "Feature", "properties": { "name": "Ruisseau d'Artiès", "weight_class": 1, "permanent": true, "length_km": 11.0 }, "geometry": { "type": "LineString", "coordinates": [ [ 1.50218, 42.66123 ], [ 1.49873, 42.66614 ], [ 1.49975, 42.67207 ], [ 1.49863, 42.67568 ], [ 1.49447, 42.68104 ], [ 1.49864, 42.68715 ], [ 1.49488, 42.69862 ], [ 1.4963, 42.70327 ], [ 1.49446, 42.70932 ], [ 1.49025, 42.71316 ], [ 1.48748, 42.71704 ], [ 1.48738, 42.71901 ], [ 1.48344, 42.72379 ], [ 1.48146, 42.72967 ], [ 1.48186, 42.73134 ], [ 1.47843, 42.73769 ], [ 1.47661, 42.73868 ], [ 1.47548, 42.74487 ], [ 1.47068, 42.74785 ] ] } },
{ "type": "Feature", "properties": { "name": "Ruisseau de l'Artigue", "weight_class": 1, "permanent": true, "length_km": 8.8 }, "geometry": { "type": "LineString", "coordinates": [ [ 1.36259, 42.70485 ], [ 1.37264, 42.70921 ], [ 1.37519, 42.70901 ], [ 1.38273, 42.71259 ], [ 1.39899, 42.71683 ], [ 1.4001, 42.7168 ], [ 1.40178, 42.71466 ], [ 1.40323, 42.71094 ], [ 1.40828, 42.70871 ], [ 1.41206, 42.71017 ], [ 1.41997, 42.70874 ], [ 1.42635, 42.71002 ], [ 1.4325, 42.71225 ], [ 1.43909, 42.7169 ], [ 1.44915, 42.71653 ] ] } },
{ "type": "Feature", "properties": { "name": "Ruisseau de la Coume de Subra", "weight_class": 1, "permanent": true, "length_km": 4.5 }, "geometry": { "type": "LineString", "coordinates": [ [ 1.4139, 42.67489 ], [ 1.4133, 42.67859 ], [ 1.41876, 42.68096 ], [ 1.42173, 42.6839 ], [ 1.42308, 42.69323 ], [ 1.42193, 42.69782 ], [ 1.42349, 42.7002 ], [ 1.42294, 42.70475 ], [ 1.42422, 42.70953 ] ] } },
{ "type": "Feature", "properties": { "name": "Conduite Forcée de Gnioure", "weight_class": 1, "permanent": true, "length_km": 3.9 }, "geometry": { "type": "LineString", "coordinates": [ [ 1.52922, 42.70126 ], [ 1.52735, 42.70266 ], [ 1.50295, 42.70387 ], [ 1.49775, 42.71027 ], [ 1.48935, 42.71484 ] ] } },
{ "type": "Feature", "properties": { "name": "Ruisseau de Caraüssan", "weight_class": 1, "permanent": false, "length_km": 3.0 }, "geometry": { "type": "LineString", "coordinates": [ [ 1.47263, 42.64921 ], [ 1.47092, 42.6456 ], [ 1.46551, 42.64383 ], [ 1.46427, 42.64117 ], [ 1.46042, 42.63921 ], [ 1.45506, 42.63704 ], [ 1.44841, 42.63859 ] ] } },
{ "type": "Feature", "properties": { "name": null, "weight_class": 1, "permanent": true, "length_km": 2.4 }, "geometry": { "type": "LineString", "coordinates": [ [ 1.47561, 42.65037 ], [ 1.47477, 42.64758 ], [ 1.47298, 42.64707 ], [ 1.47351, 42.64251 ], [ 1.47062, 42.64075 ], [ 1.46642, 42.64061 ], [ 1.46212, 42.63865 ], [ 1.45979, 42.63898 ] ] } },
{ "type": "Feature", "properties": { "name": null, "weight_class": 1, "permanent": false, "length_km": 3.1 }, "geometry": { "type": "LineString", "coordinates": [ [ 1.59155, 42.69107 ], [ 1.59656, 42.69371 ], [ 1.60049, 42.69732 ], [ 1.60247, 42.69723 ], [ 1.60609, 42.70023 ], [ 1.60792, 42.69989 ], [ 1.60881, 42.69865 ], [ 1.61018, 42.70095 ], [ 1.6147, 42.70083 ], [ 1.617, 42.69969 ] ] } },
{ "type": "Feature", "properties": { "name": null, "weight_class": 1, "permanent": true, "length_km": 2.6 }, "geometry": { "type": "LineString", "coordinates": [ [ 1.60672, 42.64391 ], [ 1.60915, 42.64759 ], [ 1.61307, 42.64898 ], [ 1.61508, 42.65226 ], [ 1.61786, 42.65431 ], [ 1.61906, 42.6588 ], [ 1.62233, 42.6605 ], [ 1.62258, 42.66169 ] ] } },
{ "type": "Feature", "properties": { "name": null, "weight_class": 1, "permanent": true, "length_km": 2.1 }, "geometry": { "type": "LineString", "coordinates": [ [ 1.43075, 42.61574 ], [ 1.43703, 42.6207 ], [ 1.45, 42.62393 ] ] } },
{ "type": "Feature", "properties": { "name": null, "weight_class": 1, "permanent": false, "length_km": 2.1 }, "geometry": { "type": "LineString", "coordinates": [ [ 1.42761, 42.62744 ], [ 1.43323, 42.6275 ], [ 1.43976, 42.62491 ], [ 1.44945, 42.62651 ], [ 1.44995, 42.62759 ] ] } },
{ "type": "Feature", "properties": { "name": null, "weight_class": 1, "permanent": true, "length_km": 2.8 }, "geometry": { "type": "LineString", "coordinates": [ [ 1.44917, 42.69432 ], [ 1.44829, 42.69911 ], [ 1.45084, 42.70437 ], [ 1.45235, 42.70483 ], [ 1.45386, 42.71162 ], [ 1.45291, 42.7175 ] ] } },
{ "type": "Feature", "properties": { "name": null, "weight_class": 1, "permanent": false, "length_km": 2.2 }, "geometry": { "type": "LineString", "coordinates": [ [ 1.47911, 42.66646 ], [ 1.48229, 42.67132 ], [ 1.48722, 42.67539 ], [ 1.49219, 42.67643 ], [ 1.49606, 42.6791 ] ] } },
{ "type": "Feature", "properties": { "name": null, "weight_class": 1, "permanent": false, "length_km": 2.7 }, "geometry": { "type": "LineString", "coordinates": [ [ 1.47689, 42.69006 ], [ 1.47434, 42.69016 ], [ 1.46574, 42.69445 ], [ 1.46304, 42.69394 ], [ 1.45813, 42.69492 ], [ 1.45261, 42.69423 ], [ 1.44949, 42.69087 ] ] } },
{ "type": "Feature", "properties": { "name": null, "weight_class": 1, "permanent": true, "length_km": 2.0 }, "geometry": { "type": "LineString", "coordinates": [ [ 1.43676, 42.69368 ], [ 1.42793, 42.7048 ], [ 1.42674, 42.71011 ] ] } },
{ "type": "Feature", "properties": { "name": null, "weight_class": 1, "permanent": true, "length_km": 2.6 }, "geometry": { "type": "LineString", "coordinates": [ [ 1.66084, 42.64833 ], [ 1.66322, 42.65273 ], [ 1.66218, 42.65447 ], [ 1.66449, 42.65756 ], [ 1.66383, 42.6627 ], [ 1.66778, 42.66403 ], [ 1.66805, 42.66221 ], [ 1.66957, 42.66218 ] ] } },
{ "type": "Feature", "properties": { "name": "Ruisseau de Quioulès", "weight_class": 1, "permanent": true, "length_km": 12.8 }, "geometry": { "type": "LineString", "coordinates": [ [ 1.60109, 42.63137 ], [ 1.60095, 42.63267 ], [ 1.6048, 42.63783 ], [ 1.60791, 42.63932 ], [ 1.61179, 42.63887 ], [ 1.61218, 42.63773 ], [ 1.61509, 42.63686 ], [ 1.61952, 42.63667 ], [ 1.62279, 42.63768 ], [ 1.62478, 42.63678 ], [ 1.62615, 42.63725 ], [ 1.6274, 42.64183 ], [ 1.63119, 42.64768 ], [ 1.6296, 42.6536 ], [ 1.63179, 42.65921 ], [ 1.63384, 42.66123 ], [ 1.63427, 42.67062 ], [ 1.63761, 42.6723 ], [ 1.6408, 42.67637 ], [ 1.64446, 42.67847 ], [ 1.64607, 42.68236 ], [ 1.65019, 42.68546 ], [ 1.64884, 42.68972 ], [ 1.65022, 42.69327 ], [ 1.65525, 42.69785 ], [ 1.65881, 42.69879 ], [ 1.65943, 42.70027 ], [ 1.66213, 42.70153 ], [ 1.66432, 42.70489 ], [ 1.66395, 42.70718 ] ] } },
{ "type": "Feature", "properties": { "name": "Ruisseau de Guixel", "weight_class": 1, "permanent": true, "length_km": 2.3 }, "geometry": { "type": "LineString", "coordinates": [ [ 1.68085, 42.67771 ], [ 1.68622, 42.69379 ], [ 1.68796, 42.69517 ], [ 1.68714, 42.69691 ] ] } },
{ "type": "Feature", "properties": { "name": "Ruisseau de Poussiergues", "weight_class": 1, "permanent": true, "length_km": 3.1 }, "geometry": { "type": "LineString", "coordinates": [ [ 1.73048, 42.68762 ], [ 1.72544, 42.68978 ], [ 1.70479, 42.69373 ], [ 1.70002, 42.69418 ], [ 1.69665, 42.69319 ] ] } },
{ "type": "Feature", "properties": { "name": "Ruisseau de Rieutord de Gascous", "weight_class": 1, "permanent": true, "length_km": 5.4 }, "geometry": { "type": "LineString", "coordinates": [ [ 1.60726, 42.67445 ], [ 1.60671, 42.67933 ], [ 1.61314, 42.67858 ], [ 1.61601, 42.6797 ], [ 1.62374, 42.67879 ], [ 1.62617, 42.68126 ], [ 1.6272, 42.68456 ], [ 1.62987, 42.68653 ], [ 1.63173, 42.68529 ], [ 1.63729, 42.6845 ], [ 1.64519, 42.68751 ], [ 1.64903, 42.69083 ] ] } },
{ "type": "Feature", "properties": { "name": "Ruisseau de Petsiguer", "weight_class": 1, "permanent": true, "length_km": 2.2 }, "geometry": { "type": "LineString", "coordinates": [ [ 1.50687, 42.67123 ], [ 1.50693, 42.67346 ], [ 1.50526, 42.67637 ], [ 1.5064, 42.67725 ], [ 1.50639, 42.67966 ], [ 1.50482, 42.68159 ], [ 1.49985, 42.6839 ], [ 1.49838, 42.68533 ], [ 1.49864, 42.68715 ] ] } },
{ "type": "Feature", "properties": { "name": "Ruisseau du Picot", "weight_class": 1, "permanent": true, "length_km": 3.0 }, "geometry": { "type": "LineString", "coordinates": [ [ 1.47673, 42.67511 ], [ 1.47092, 42.67864 ], [ 1.47164, 42.67991 ], [ 1.47014, 42.68048 ], [ 1.46724, 42.68444 ], [ 1.4536, 42.68717 ], [ 1.45067, 42.68899 ] ] } },
{ "type": "Feature", "properties": { "name": "le Rieutort", "weight_class": 1, "permanent": true, "length_km": 6.0 }, "geometry": { "type": "LineString", "coordinates": [ [ 1.73362, 42.64251 ], [ 1.73485, 42.64445 ], [ 1.73174, 42.64651 ], [ 1.73044, 42.64886 ], [ 1.73273, 42.65506 ], [ 1.73227, 42.65812 ], [ 1.73314, 42.65836 ], [ 1.73206, 42.65937 ], [ 1.73269, 42.66174 ], [ 1.73033, 42.66736 ], [ 1.7292, 42.66711 ], [ 1.72627, 42.67029 ], [ 1.71734, 42.67273 ], [ 1.71122, 42.67238 ], [ 1.70706, 42.67092 ] ] } },
{ "type": "Feature", "properties": { "name": "Ruisseau de Coume de Jas", "weight_class": 1, "permanent": true, "length_km": 5.7 }, "geometry": { "type": "LineString", "coordinates": [ [ 1.67484, 42.65276 ], [ 1.67286, 42.65426 ], [ 1.67339, 42.65573 ], [ 1.67116, 42.66088 ], [ 1.66962, 42.66164 ], [ 1.67121, 42.66333 ], [ 1.67172, 42.66732 ], [ 1.67037, 42.66857 ], [ 1.67157, 42.66987 ], [ 1.66929, 42.67394 ], [ 1.66684, 42.67484 ], [ 1.66587, 42.67913 ], [ 1.66182, 42.68227 ], [ 1.65104, 42.6827 ], [ 1.64942, 42.68469 ] ] } },
{ "type": "Feature", "properties": { "name": "Ruisseau de la Rebenne", "weight_class": 1, "permanent": true, "length_km": 5.6 }, "geometry": { "type": "LineString", "coordinates": [ [ 1.63768, 42.63337 ], [ 1.6468, 42.63558 ], [ 1.65137, 42.63519 ], [ 1.65181, 42.64186 ], [ 1.65006, 42.64374 ], [ 1.64932, 42.64724 ], [ 1.64511, 42.65475 ], [ 1.64522, 42.65648 ], [ 1.64074, 42.66024 ], [ 1.6364, 42.66125 ], [ 1.6341, 42.66398 ] ] } },
{ "type": "Feature", "properties": { "name": "Ruisseau du Soulanet", "weight_class": 1, "permanent": true, "length_km": 3.3 }, "geometry": { "type": "LineString", "coordinates": [ [ 1.58781, 42.64436 ], [ 1.59214, 42.64314 ], [ 1.59735, 42.6446 ], [ 1.59816, 42.64779 ], [ 1.60117, 42.6506 ], [ 1.60231, 42.65904 ], [ 1.60444, 42.66102 ], [ 1.60641, 42.66136 ] ] } },
{ "type": "Feature", "properties": { "name": "Ruisseau de la Sabine", "weight_class": 1, "permanent": true, "length_km": 5.6 }, "geometry": { "type": "LineString", "coordinates": [ [ 1.58291, 42.66169 ], [ 1.5857, 42.66166 ], [ 1.58782, 42.66368 ], [ 1.59279, 42.66537 ], [ 1.59457, 42.66403 ], [ 1.60056, 42.66429 ], [ 1.601, 42.66331 ], [ 1.60441, 42.66288 ], [ 1.60926, 42.65984 ], [ 1.61253, 42.66097 ], [ 1.61705, 42.6596 ], [ 1.61863, 42.66102 ], [ 1.62368, 42.66179 ], [ 1.6268, 42.6642 ], [ 1.63189, 42.66456 ], [ 1.63394, 42.66642 ] ] } },
{ "type": "Feature", "properties": { "name": "Ruisseau de Riufret", "weight_class": 1, "permanent": true, "length_km": 3.8 }, "geometry": { "type": "LineString", "coordinates": [ [ 1.40686, 42.66379 ], [ 1.40847, 42.66544 ], [ 1.41211, 42.66358 ], [ 1.41626, 42.66274 ], [ 1.41823, 42.66033 ], [ 1.42008, 42.66027 ], [ 1.43614, 42.66522 ], [ 1.43987, 42.66583 ], [ 1.44659, 42.66527 ] ] } },
{ "type": "Feature", "properties": { "name": "Ruisseau de la Gardelle", "weight_class": 1, "permanent": true, "length_km": 2.9 }, "geometry": { "type": "LineString", "coordinates": [ [ 1.4244, 42.64408 ], [ 1.42422, 42.64849 ], [ 1.43006, 42.65033 ], [ 1.44107, 42.65881 ], [ 1.44558, 42.661 ] ] } },
{ "type": "Feature", "properties": { "name": "Ruisseau de la Coume de Varilhes", "weight_class": 1, "permanent": true, "length_km": 4.7 }, "geometry": { "type": "LineString", "coordinates": [ [ 1.66032, 42.62732 ], [ 1.66689, 42.63289 ], [ 1.68155, 42.63664 ], [ 1.69099, 42.63739 ], [ 1.69795, 42.64034 ], [ 1.70095, 42.64457 ], [ 1.70107, 42.64653 ] ] } },
{ "type": "Feature", "properties": { "name": "Ruisseau du Siscar", "weight_class": 1, "permanent": true, "length_km": 6.7 }, "geometry": { "type": "LineString", "coordinates": [ [ 1.74642, 42.6073 ], [ 1.74786, 42.60249 ], [ 1.7449, 42.60066 ], [ 1.74776, 42.59664 ], [ 1.75592, 42.59383 ], [ 1.7644, 42.58784 ], [ 1.76989, 42.58654 ], [ 1.77364, 42.58464 ], [ 1.78846, 42.59116 ], [ 1.7917, 42.59108 ], [ 1.79418, 42.58882 ], [ 1.79651, 42.58854 ] ] } },
{ "type": "Feature", "properties": { "name": "Ruisseau des Bareytes", "weight_class": 1, "permanent": true, "length_km": 2.3 }, "geometry": { "type": "LineString", "coordinates": [ [ 1.45602, 42.60584 ], [ 1.45662, 42.60723 ], [ 1.45481, 42.60997 ], [ 1.45466, 42.61734 ], [ 1.44989, 42.62371 ] ] } },
{ "type": "Feature", "properties": { "name": "Ravin de Malsang", "weight_class": 1, "permanent": false, "length_km": 2.0 }, "geometry": { "type": "LineString", "coordinates": [ [ 1.37485, 43.27105 ], [ 1.37087, 43.27379 ], [ 1.36043, 43.2762 ], [ 1.35692, 43.27867 ], [ 1.35365, 43.27919 ] ] } },
{ "type": "Feature", "properties": { "name": "Ruisseau de Goute Majou", "weight_class": 1, "permanent": false, "length_km": 2.3 }, "geometry": { "type": "LineString", "coordinates": [ [ 1.31818, 43.29251 ], [ 1.321, 43.29457 ], [ 1.33607, 43.29812 ], [ 1.34076, 43.30029 ], [ 1.34083, 43.30165 ] ] } },
{ "type": "Feature", "properties": { "name": null, "weight_class": 1, "permanent": false, "length_km": 2.7 }, "geometry": { "type": "LineString", "coordinates": [ [ 1.31054, 43.27721 ], [ 1.31098, 43.27437 ], [ 1.3138, 43.27251 ], [ 1.31905, 43.27115 ], [ 1.33, 43.27287 ], [ 1.33833, 43.27253 ] ] } },
{ "type": "Feature", "properties": { "name": "l'Aunat", "weight_class": 1, "permanent": true, "length_km": 3.1 }, "geometry": { "type": "MultiLineString", "coordinates": [ [ [ 1.30815, 43.26246 ], [ 1.30716, 43.265 ], [ 1.30293, 43.26954 ], [ 1.30163, 43.27427 ], [ 1.29799, 43.27702 ] ], [ [ 1.33211, 43.19177 ], [ 1.32725, 43.20238 ] ] ] } },
{ "type": "Feature", "properties": { "name": "Ruisseau de Lonboy", "weight_class": 1, "permanent": false, "length_km": 3.2 }, "geometry": { "type": "LineString", "coordinates": [ [ 1.3728, 43.31019 ], [ 1.36477, 43.31239 ], [ 1.35826, 43.3122 ], [ 1.35303, 43.31506 ], [ 1.3467, 43.31619 ], [ 1.33602, 43.31387 ] ] } },
{ "type": "Feature", "properties": { "name": "la Criquonne", "weight_class": 1, "permanent": false, "length_km": 3.7 }, "geometry": { "type": "MultiLineString", "coordinates": [ [ [ 1.31149, 43.27981 ], [ 1.30648, 43.28153 ], [ 1.30622, 43.28411 ], [ 1.30751, 43.28587 ], [ 1.30587, 43.29036 ], [ 1.30504, 43.29846 ] ], [ [ 1.32205, 43.30825 ], [ 1.32446, 43.31021 ], [ 1.32895, 43.31182 ], [ 1.33179, 43.31586 ] ] ] } },
{ "type": "Feature", "properties": { "name": "le Vermeil", "weight_class": 1, "permanent": false, "length_km": 3.1 }, "geometry": { "type": "MultiLineString", "coordinates": [ [ [ 1.38017, 43.28818 ], [ 1.36725, 43.28807 ] ], [ [ 1.40768, 43.27298 ], [ 1.39938, 43.2791 ], [ 1.39281, 43.28037 ], [ 1.38825, 43.28347 ] ] ] } },
{ "type": "Feature", "properties": { "name": "la Rijolle", "weight_class": 1, "permanent": true, "length_km": 8.1 }, "geometry": { "type": "LineString", "coordinates": [ [ 1.41825, 43.24828 ], [ 1.41347, 43.24944 ], [ 1.40743, 43.25384 ], [ 1.40504, 43.25805 ], [ 1.39818, 43.2601 ], [ 1.38698, 43.26671 ], [ 1.38377, 43.27309 ], [ 1.37029, 43.28668 ], [ 1.36331, 43.2901 ], [ 1.35387, 43.28975 ], [ 1.35048, 43.29248 ] ] } },
{ "type": "Feature", "properties": { "name": "le Rosé", "weight_class": 1, "permanent": true, "length_km": 5.1 }, "geometry": { "type": "MultiLineString", "coordinates": [ [ [ 1.33892, 43.24552 ], [ 1.33207, 43.25701 ], [ 1.33078, 43.26368 ], [ 1.33488, 43.26735 ], [ 1.33849, 43.27268 ], [ 1.34286, 43.2739 ], [ 1.35042, 43.27376 ], [ 1.35347, 43.2754 ] ], [ [ 1.34373, 43.24384 ], [ 1.33984, 43.24425 ] ] ] } },
{ "type": "Feature", "properties": { "name": "Ruisseau de Fumet", "weight_class": 2, "permanent": false, "length_km": 2.5 }, "geometry": { "type": "LineString", "coordinates": [ [ 1.32032, 43.28941 ], [ 1.32615, 43.29082 ], [ 1.33487, 43.28996 ], [ 1.34008, 43.29119 ], [ 1.34591, 43.29463 ], [ 1.34507, 43.2965 ] ] } },
{ "type": "Feature", "properties": { "name": "Ruisseau de Pey Jouan", "weight_class": 1, "permanent": false, "length_km": 3.2 }, "geometry": { "type": "LineString", "coordinates": [ [ 1.31462, 43.27921 ], [ 1.31785, 43.2796 ], [ 1.31975, 43.28178 ], [ 1.32609, 43.28157 ], [ 1.33643, 43.28289 ], [ 1.34175, 43.28234 ], [ 1.34721, 43.28386 ], [ 1.35124, 43.28383 ] ] } },
{ "type": "Feature", "properties": { "name": "l'Arize", "weight_class": 2, "permanent": true, "length_km": 64.4 }, "geometry": { "type": "MultiLineString", "coordinates": [ [ [ 1.24619, 43.18903 ], [ 1.244, 43.18959 ], [ 1.24003, 43.18906 ], [ 1.23929, 43.19089 ] ], [ [ 1.37979, 42.92383 ], [ 1.38258, 42.92479 ], [ 1.38775, 42.92916 ], [ 1.38948, 42.9329 ], [ 1.38934, 42.93629 ], [ 1.38759, 42.93798 ], [ 1.3877, 42.93952 ], [ 1.38191, 42.94301 ], [ 1.38112, 42.94482 ], [ 1.37926, 42.94531 ], [ 1.38109, 42.94717 ], [ 1.37704, 42.95561 ], [ 1.37704, 42.95724 ], [ 1.37968, 42.95605 ], [ 1.38058, 42.95697 ], [ 1.37902, 42.95822 ], [ 1.38119, 42.95839 ], [ 1.37994, 42.95937 ], [ 1.37867, 42.96574 ], [ 1.38143, 42.96979 ], [ 1.38034, 42.97076 ], [ 1.38085, 42.97314 ], [ 1.38604, 42.97667 ], [ 1.39498, 42.9784 ], [ 1.39667, 42.97974 ], [ 1.4002, 42.97993 ], [ 1.40667, 42.98644 ], [ 1.40853, 42.98697 ], [ 1.4133, 42.98618 ], [ 1.41415, 42.98772 ], [ 1.42103, 42.98832 ], [ 1.42465, 42.99041 ], [ 1.43027, 42.9899 ], [ 1.43326, 42.99342 ], [ 1.43759, 42.99166 ], [ 1.43882, 42.99407 ], [ 1.44438, 42.99608 ], [ 1.44632, 43.00044 ], [ 1.44527, 43.00165 ], [ 1.44355, 43.00089 ], [ 1.43813, 43.00318 ], [ 1.43871, 43.00509 ], [ 1.43697, 43.00519 ], [ 1.4367, 43.00656 ], [ 1.43408, 43.00622 ], [ 1.43405, 43.00766 ], [ 1.42993, 43.0094 ], [ 1.42652, 43.01067 ], [ 1.42134, 43.01111 ], [ 1.41919, 43.01353 ], [ 1.41297, 43.0134 ], [ 1.4114, 43.01471 ], [ 1.41228, 43.01612 ], [ 1.41146, 43.01705 ], [ 1.40689, 43.01752 ], [ 1.40075, 43.02066 ], [ 1.39165, 43.02176 ], [ 1.38914, 43.02004 ], [ 1.38335, 43.01868 ], [ 1.3785, 43.01974 ], [ 1.37191, 43.0183 ], [ 1.36778, 43.02209 ], [ 1.35377, 43.02155 ], [ 1.35075, 43.02317 ], [ 1.34482, 43.02057 ], [ 1.33901, 43.02015 ], [ 1.33629, 43.01874 ], [ 1.333, 43.01972 ], [ 1.32921, 43.01938 ], [ 1.329, 43.02355 ], [ 1.33063, 43.02406 ], [ 1.33089, 43.02625 ], [ 1.32961, 43.02739 ], [ 1.3283, 43.03693 ], [ 1.33063, 43.03834 ], [ 1.32953, 43.04156 ], [ 1.33207, 43.04519 ], [ 1.33054, 43.05066 ], [ 1.33434, 43.05359 ], [ 1.33398, 43.05614 ], [ 1.33554, 43.05693 ], [ 1.3373, 43.05596 ], [ 1.3394, 43.05671 ], [ 1.34313, 43.05627 ], [ 1.34578, 43.05988 ], [ 1.34925, 43.06154 ], [ 1.34796, 43.0634 ], [ 1.35481, 43.06585 ], [ 1.35421, 43.07017 ], [ 1.35959, 43.07777 ], [ 1.35858, 43.07875 ], [ 1.3599, 43.08263 ], [ 1.36368, 43.08302 ], [ 1.36755, 43.07829 ], [ 1.37983, 43.07828 ], [ 1.38019, 43.08031 ], [ 1.37521, 43.08253 ], [ 1.37255, 43.08685 ], [ 1.37703, 43.08923 ], [ 1.37861, 43.09117 ], [ 1.385, 43.09149 ], [ 1.38754, 43.09826 ], [ 1.38922, 43.09948 ], [ 1.38731, 43.10027 ], [ 1.38626, 43.10217 ], [ 1.3837, 43.10313 ], [ 1.37819, 43.10242 ], [ 1.37363, 43.1055 ], [ 1.36946, 43.1054 ], [ 1.36623, 43.10808 ], [ 1.36264, 43.10887 ], [ 1.36117, 43.11369 ], [ 1.35911, 43.11527 ], [ 1.35451, 43.11569 ], [ 1.35266, 43.11492 ], [ 1.35063, 43.11704 ], [ 1.34942, 43.11649 ], [ 1.348, 43.1178 ], [ 1.34503, 43.1185 ], [ 1.34511, 43.11971 ], [ 1.3436, 43.12037 ], [ 1.34155, 43.11849 ], [ 1.34005, 43.12026 ], [ 1.33992, 43.12591 ], [ 1.33802, 43.12845 ], [ 1.33226, 43.1288 ], [ 1.33031, 43.12738 ], [ 1.32218, 43.13104 ], [ 1.32131, 43.13291 ], [ 1.3198, 43.13226 ], [ 1.3177, 43.13269 ], [ 1.31672, 43.13389 ], [ 1.32029, 43.13511 ], [ 1.32011, 43.13747 ], [ 1.31785, 43.14018 ], [ 1.30927, 43.14359 ], [ 1.304, 43.1497 ], [ 1.30388, 43.15196 ], [ 1.30253, 43.14996 ], [ 1.29748, 43.15125 ], [ 1.29922, 43.15247 ], [ 1.29957, 43.15453 ], [ 1.29654, 43.15516 ], [ 1.29823, 43.15662 ], [ 1.29548, 43.15862 ], [ 1.28717, 43.16156 ], [ 1.28898, 43.16517 ], [ 1.28606, 43.1642 ], [ 1.28215, 43.16507 ], [ 1.28117, 43.1668 ], [ 1.28243, 43.16852 ], [ 1.27961, 43.16908 ], [ 1.27407, 43.16682 ], [ 1.27234, 43.16706 ], [ 1.27146, 43.16898 ], [ 1.26905, 43.16967 ], [ 1.26822, 43.17317 ], [ 1.26315, 43.17531 ], [ 1.26168, 43.17796 ], [ 1.25973, 43.17663 ], [ 1.2562, 43.17619 ], [ 1.25593, 43.17859 ], [ 1.25436, 43.17929 ], [ 1.25409, 43.18362 ], [ 1.24971, 43.18326 ], [ 1.24915, 43.18505 ] ] ] } },
{ "type": "Feature", "properties": { "name": "Ruisseau de Rivières d'en haut", "weight_class": 1, "permanent": false, "length_km": 2.1 }, "geometry": { "type": "LineString", "coordinates": [ [ 1.36282, 43.25724 ], [ 1.35107, 43.27397 ] ] } },
{ "type": "Feature", "properties": { "name": "Ruisseau Peybarre", "weight_class": 2, "permanent": true, "length_km": 5.8 }, "geometry": { "type": "LineString", "coordinates": [ [ 1.42586, 43.23035 ], [ 1.41946, 43.23252 ], [ 1.41633, 43.23716 ], [ 1.40593, 43.24355 ], [ 1.39986, 43.24567 ], [ 1.39106, 43.25291 ], [ 1.38713, 43.25407 ], [ 1.36928, 43.25153 ] ] } },
{ "type": "Feature", "properties": { "name": "Ruisseau de la Trille", "weight_class": 1, "permanent": true, "length_km": 2.3 }, "geometry": { "type": "LineString", "coordinates": [ [ 1.34798, 43.24448 ], [ 1.3512, 43.24719 ], [ 1.35416, 43.25375 ], [ 1.3572, 43.25329 ], [ 1.36181, 43.25467 ], [ 1.36494, 43.25734 ] ] } },
{ "type": "Feature", "properties": { "name": "Ruisseau des Amillous", "weight_class": 1, "permanent": false, "length_km": 4.1 }, "geometry": { "type": "LineString", "coordinates": [ [ 1.33459, 43.19821 ], [ 1.33629, 43.19951 ], [ 1.34815, 43.20052 ], [ 1.3511, 43.20361 ], [ 1.35867, 43.20608 ], [ 1.36395, 43.20632 ], [ 1.37434, 43.20472 ], [ 1.37815, 43.20763 ] ] } },
{ "type": "Feature", "properties": { "name": "le Latou", "weight_class": 1, "permanent": true, "length_km": 17.6 }, "geometry": { "type": "LineString", "coordinates": [ [ 1.50074, 43.13529 ], [ 1.49518, 43.13629 ], [ 1.49059, 43.14038 ], [ 1.48989, 43.14458 ], [ 1.49178, 43.14667 ], [ 1.49168, 43.14869 ], [ 1.48639, 43.15382 ], [ 1.48725, 43.1552 ], [ 1.48603, 43.15831 ], [ 1.488, 43.1638 ], [ 1.48972, 43.1641 ], [ 1.49224, 43.16658 ], [ 1.49718, 43.16696 ], [ 1.4982, 43.17088 ], [ 1.49091, 43.17484 ], [ 1.48607, 43.17532 ], [ 1.48165, 43.17946 ], [ 1.47645, 43.18135 ], [ 1.47289, 43.18432 ], [ 1.46391, 43.18641 ], [ 1.455, 43.19061 ], [ 1.45373, 43.19199 ], [ 1.44719, 43.19398 ], [ 1.43523, 43.20261 ], [ 1.41959, 43.20847 ], [ 1.41112, 43.21579 ], [ 1.40721, 43.21761 ], [ 1.40579, 43.21955 ], [ 1.38532, 43.22854 ] ] } },
{ "type": "Feature", "properties": { "name": "Ruisseau de Paulou", "weight_class": 1, "permanent": true, "length_km": 2.5 }, "geometry": { "type": "MultiLineString", "coordinates": [ [ [ 1.34555, 43.21231 ], [ 1.35023, 43.21162 ], [ 1.35658, 43.21308 ] ], [ [ 1.36837, 43.20933 ], [ 1.37134, 43.20721 ], [ 1.37474, 43.20644 ], [ 1.37815, 43.20763 ], [ 1.38241, 43.21116 ] ] ] } },
{ "type": "Feature", "properties": { "name": "le Marens", "weight_class": 1, "permanent": true, "length_km": 4.5 }, "geometry": { "type": "LineString", "coordinates": [ [ 1.33405, 43.18212 ], [ 1.34142, 43.18029 ], [ 1.34404, 43.18082 ], [ 1.35106, 43.18525 ], [ 1.35186, 43.1899 ], [ 1.35512, 43.19436 ], [ 1.36267, 43.19817 ], [ 1.37457, 43.19842 ] ] } },
{ "type": "Feature", "properties": { "name": "Ruisseau de Canalès", "weight_class": 1, "permanent": true, "length_km": 6.7 }, "geometry": { "type": "LineString", "coordinates": [ [ 1.3943, 43.15224 ], [ 1.39284, 43.15693 ], [ 1.38651, 43.1646 ], [ 1.38352, 43.17182 ], [ 1.37826, 43.17622 ], [ 1.38075, 43.18103 ], [ 1.37958, 43.18304 ], [ 1.38008, 43.18617 ], [ 1.37484, 43.19288 ], [ 1.37355, 43.19626 ], [ 1.37581, 43.2054 ] ] } },
{ "type": "Feature", "properties": { "name": "Ruisseau de Loubaut", "weight_class": 1, "permanent": true, "length_km": 2.5 }, "geometry": { "type": "LineString", "coordinates": [ [ 1.2925, 43.1823 ], [ 1.28768, 43.18556 ], [ 1.2835, 43.18588 ], [ 1.27432, 43.19044 ], [ 1.27257, 43.1929 ], [ 1.27414, 43.19628 ] ] } },
{ "type": "Feature", "properties": { "name": "Ruisseau de Latour", "weight_class": 1, "permanent": true, "length_km": 2.4 }, "geometry": { "type": "LineString", "coordinates": [ [ 1.30384, 43.18272 ], [ 1.30471, 43.18435 ], [ 1.3037, 43.18746 ], [ 1.30223, 43.18858 ], [ 1.29051, 43.19031 ], [ 1.28325, 43.19355 ] ] } },
{ "type": "Feature", "properties": { "name": "le Pédale/Ruisseau du Bosc de la Ville", "weight_class": 1, "permanent": true, "length_km": 4.2 }, "geometry": { "type": "LineString", "coordinates": [ [ 1.22256, 43.16079 ], [ 1.22392, 43.16337 ], [ 1.22207, 43.16621 ], [ 1.22515, 43.17259 ], [ 1.23648, 43.17903 ], [ 1.23971, 43.17935 ], [ 1.24277, 43.18083 ], [ 1.2448, 43.1845 ], [ 1.24906, 43.18445 ] ] } },
{ "type": "Feature", "properties": { "name": "les Taillades", "weight_class": 2, "permanent": true, "length_km": 3.1 }, "geometry": { "type": "LineString", "coordinates": [ [ 1.28518, 43.17889 ], [ 1.28298, 43.17822 ], [ 1.27808, 43.17879 ], [ 1.27018, 43.18403 ], [ 1.26495, 43.18614 ], [ 1.25888, 43.18622 ], [ 1.25366, 43.18388 ] ] } },
{ "type": "Feature", "properties": { "name": "Ruisseau de Saint-Genes", "weight_class": 1, "permanent": true, "length_km": 3.4 }, "geometry": { "type": "LineString", "coordinates": [ [ 1.35626, 43.17373 ], [ 1.353, 43.17612 ], [ 1.35368, 43.17785 ], [ 1.35863, 43.18035 ], [ 1.35913, 43.17967 ], [ 1.36281, 43.18091 ], [ 1.36505, 43.18343 ], [ 1.36631, 43.18956 ], [ 1.37059, 43.19156 ], [ 1.3753, 43.19224 ] ] } },
{ "type": "Feature", "properties": { "name": "Ruisseau de Bonelle", "weight_class": 1, "permanent": false, "length_km": 2.8 }, "geometry": { "type": "LineString", "coordinates": [ [ 1.40653, 43.14287 ], [ 1.4126, 43.14372 ], [ 1.4192, 43.14601 ], [ 1.42323, 43.1459 ], [ 1.42504, 43.14906 ], [ 1.4281, 43.15025 ], [ 1.43037, 43.15358 ], [ 1.43328, 43.15489 ] ] } },
{ "type": "Feature", "properties": { "name": "Ruisseau de Lubac", "weight_class": 1, "permanent": true, "length_km": 2.6 }, "geometry": { "type": "LineString", "coordinates": [ [ 1.31497, 43.10268 ], [ 1.3121, 43.10312 ], [ 1.30713, 43.10202 ], [ 1.29895, 43.102 ], [ 1.28561, 43.1072 ] ] } },
{ "type": "Feature", "properties": { "name": "Ruisseau d'Artigat", "weight_class": 1, "permanent": true, "length_km": 2.3 }, "geometry": { "type": "LineString", "coordinates": [ [ 1.40623, 43.13556 ], [ 1.40884, 43.13262 ], [ 1.41412, 43.13219 ], [ 1.41844, 43.13287 ], [ 1.42435, 43.13528 ], [ 1.43113, 43.13513 ] ] } },
{ "type": "Feature", "properties": { "name": "Ruisseau du Comte", "weight_class": 1, "permanent": true, "length_km": 2.8 }, "geometry": { "type": "LineString", "coordinates": [ [ 1.41222, 43.13926 ], [ 1.4156, 43.13819 ], [ 1.42013, 43.13911 ], [ 1.42971, 43.13933 ], [ 1.43207, 43.142 ], [ 1.44325, 43.14246 ] ] } },
{ "type": "Feature", "properties": { "name": "Ruisseau de Lafont", "weight_class": 1, "permanent": true, "length_km": 2.6 }, "geometry": { "type": "LineString", "coordinates": [ [ 1.40126, 43.14752 ], [ 1.40723, 43.14821 ], [ 1.41148, 43.15154 ], [ 1.41521, 43.15601 ], [ 1.41897, 43.15853 ], [ 1.42036, 43.16143 ], [ 1.41876, 43.16327 ] ] } },
{ "type": "Feature", "properties": { "name": "Ruisseau le Gaou/Ruisseau de Maleychard", "weight_class": 1, "permanent": true, "length_km": 4.5 }, "geometry": { "type": "LineString", "coordinates": [ [ 1.3332, 43.17481 ], [ 1.32712, 43.17446 ], [ 1.32496, 43.17319 ], [ 1.32287, 43.1682 ], [ 1.32003, 43.16568 ], [ 1.32094, 43.15887 ], [ 1.31789, 43.15219 ], [ 1.31347, 43.14864 ], [ 1.30734, 43.14642 ] ] } },
{ "type": "Feature", "properties": { "name": "Ruisseau de la Goutte", "weight_class": 1, "permanent": true, "length_km": 2.9 }, "geometry": { "type": "LineString", "coordinates": [ [ 1.30904, 43.11487 ], [ 1.3113, 43.11695 ], [ 1.31989, 43.11619 ], [ 1.32875, 43.1172 ], [ 1.33875, 43.11673 ], [ 1.34164, 43.11844 ] ] } },
{ "type": "Feature", "properties": { "name": "Ruisseau de Bergout", "weight_class": 1, "permanent": true, "length_km": 3.2 }, "geometry": { "type": "LineString", "coordinates": [ [ 1.32064, 43.17733 ], [ 1.31461, 43.17558 ], [ 1.30826, 43.17564 ], [ 1.30099, 43.17299 ], [ 1.29578, 43.16769 ], [ 1.28885, 43.16425 ] ] } },
{ "type": "Feature", "properties": { "name": null, "weight_class": 1, "permanent": true, "length_km": 2.2 }, "geometry": { "type": "LineString", "coordinates": [ [ 1.37835, 43.1606 ], [ 1.37467, 43.16178 ], [ 1.37271, 43.16674 ], [ 1.37394, 43.16943 ], [ 1.37355, 43.17202 ], [ 1.37846, 43.17588 ] ] } },
{ "type": "Feature", "properties": { "name": null, "weight_class": 1, "permanent": true, "length_km": 2.6 }, "geometry": { "type": "LineString", "coordinates": [ [ 1.39375, 43.16421 ], [ 1.40049, 43.16348 ], [ 1.40216, 43.16483 ], [ 1.40872, 43.16622 ], [ 1.40992, 43.16785 ], [ 1.40976, 43.17034 ], [ 1.41146, 43.17198 ], [ 1.40786, 43.17492 ], [ 1.40786, 43.17615 ] ] } },
{ "type": "Feature", "properties": { "name": "Ruisseau de la Bouloppe", "weight_class": 1, "permanent": true, "length_km": 3.3 }, "geometry": { "type": "LineString", "coordinates": [ [ 1.34352, 43.17523 ], [ 1.3505, 43.16925 ], [ 1.35654, 43.16595 ], [ 1.36108, 43.15094 ] ] } },
{ "type": "Feature", "properties": { "name": "Ruisseau de Panissa", "weight_class": 1, "permanent": true, "length_km": 2.7 }, "geometry": { "type": "LineString", "coordinates": [ [ 1.39855, 43.15041 ], [ 1.40372, 43.15481 ], [ 1.40757, 43.15593 ], [ 1.41322, 43.16086 ], [ 1.41483, 43.16083 ], [ 1.41869, 43.1632 ], [ 1.42189, 43.16631 ] ] } },
{ "type": "Feature", "properties": { "name": "la Dourne", "weight_class": 1, "permanent": true, "length_km": 12.3 }, "geometry": { "type": "LineString", "coordinates": [ [ 1.4005, 43.11578 ], [ 1.40207, 43.11664 ], [ 1.39883, 43.12308 ], [ 1.39899, 43.12645 ], [ 1.39628, 43.12813 ], [ 1.39446, 43.13393 ], [ 1.392, 43.13695 ], [ 1.39194, 43.14143 ], [ 1.39031, 43.14383 ], [ 1.38565, 43.14591 ], [ 1.3837, 43.14854 ], [ 1.37892, 43.15046 ], [ 1.37598, 43.14986 ], [ 1.3676, 43.15187 ], [ 1.35868, 43.15026 ], [ 1.35566, 43.14765 ], [ 1.35475, 43.14442 ], [ 1.35242, 43.14296 ], [ 1.35176, 43.14085 ], [ 1.34893, 43.13979 ], [ 1.34508, 43.13662 ], [ 1.34548, 43.13538 ], [ 1.34282, 43.13147 ], [ 1.34304, 43.12912 ], [ 1.33903, 43.12929 ], [ 1.33561, 43.13284 ], [ 1.33182, 43.13226 ], [ 1.33135, 43.12997 ], [ 1.32618, 43.13076 ], [ 1.32179, 43.13261 ] ] } },
{ "type": "Feature", "properties": { "name": "Ruisseau de Billa", "weight_class": 1, "permanent": true, "length_km": 2.2 }, "geometry": { "type": "LineString", "coordinates": [ [ 1.33439, 43.17297 ], [ 1.32889, 43.16086 ], [ 1.32094, 43.15887 ] ] } },
{ "type": "Feature", "properties": { "name": "Ruisseau de Pountil", "weight_class": 1, "permanent": true, "length_km": 2.1 }, "geometry": { "type": "LineString", "coordinates": [ [ 1.33211, 43.15204 ], [ 1.33171, 43.14827 ], [ 1.32706, 43.14749 ], [ 1.32467, 43.14513 ], [ 1.32406, 43.14187 ], [ 1.32108, 43.1416 ], [ 1.31794, 43.14006 ] ] } },
{ "type": "Feature", "properties": { "name": "Ruisseau de Lamouroux", "weight_class": 1, "permanent": true, "length_km": 3.5 }, "geometry": { "type": "LineString", "coordinates": [ [ 1.33915, 43.17286 ], [ 1.34204, 43.16752 ], [ 1.34167, 43.16163 ], [ 1.34481, 43.15509 ], [ 1.34852, 43.15099 ], [ 1.35266, 43.14949 ], [ 1.35211, 43.14873 ], [ 1.35549, 43.14681 ] ] } },
{ "type": "Feature", "properties": { "name": "Ruisseau de Gouazé/le Fourquet", "weight_class": 1, "permanent": true, "length_km": 2.5 }, "geometry": { "type": "LineString", "coordinates": [ [ 1.2311, 43.16147 ], [ 1.23242, 43.16536 ], [ 1.2371, 43.16861 ], [ 1.24269, 43.16912 ], [ 1.25012, 43.17142 ], [ 1.25431, 43.17109 ] ] } },
{ "type": "Feature", "properties": { "name": "Ruisseau du Clot de Guilhem", "weight_class": 1, "permanent": true, "length_km": 2.9 }, "geometry": { "type": "LineString", "coordinates": [ [ 1.24339, 43.1602 ], [ 1.24706, 43.16005 ], [ 1.25103, 43.16174 ], [ 1.25382, 43.16702 ], [ 1.25352, 43.17031 ], [ 1.26012, 43.17468 ], [ 1.25702, 43.17622 ] ] } },
{ "type": "Feature", "properties": { "name": "la Saouze", "weight_class": 1, "permanent": true, "length_km": 2.1 }, "geometry": { "type": "LineString", "coordinates": [ [ 1.22846, 43.15835 ], [ 1.23339, 43.15692 ], [ 1.23859, 43.15669 ], [ 1.24778, 43.14878 ] ] } },
{ "type": "Feature", "properties": { "name": "Ruisseau d'Argain", "weight_class": 1, "permanent": true, "length_km": 8.5 }, "geometry": { "type": "LineString", "coordinates": [ [ 1.21334, 43.15134 ], [ 1.22157, 43.15284 ], [ 1.22798, 43.15125 ], [ 1.23304, 43.15154 ], [ 1.23431, 43.15063 ], [ 1.24388, 43.14868 ], [ 1.24659, 43.14945 ], [ 1.25082, 43.14801 ], [ 1.2643, 43.14595 ], [ 1.26627, 43.1471 ], [ 1.26936, 43.14648 ], [ 1.27333, 43.14846 ], [ 1.27599, 43.14728 ], [ 1.27651, 43.1484 ], [ 1.27886, 43.14714 ], [ 1.28008, 43.14862 ], [ 1.28169, 43.14761 ], [ 1.28493, 43.14789 ], [ 1.2858, 43.14889 ], [ 1.29259, 43.14939 ], [ 1.29369, 43.15041 ], [ 1.29529, 43.14984 ], [ 1.29778, 43.15216 ] ] } },
{ "type": "Feature", "properties": { "name": "Ruisseau des Mances", "weight_class": 1, "permanent": true, "length_km": 3.8 }, "geometry": { "type": "LineString", "coordinates": [ [ 1.37583, 43.13641 ], [ 1.36992, 43.13893 ], [ 1.35992, 43.13561 ], [ 1.35764, 43.13341 ], [ 1.35592, 43.128 ], [ 1.35207, 43.12364 ], [ 1.34859, 43.11725 ] ] } },
{ "type": "Feature", "properties": { "name": "Ruisseau des Salenques", "weight_class": 1, "permanent": true, "length_km": 3.6 }, "geometry": { "type": "LineString", "coordinates": [ [ 1.38607, 43.12704 ], [ 1.3825, 43.13037 ], [ 1.37646, 43.13033 ], [ 1.37274, 43.12816 ], [ 1.37067, 43.12548 ], [ 1.36662, 43.12348 ], [ 1.36147, 43.12274 ], [ 1.35993, 43.12081 ], [ 1.3577, 43.11995 ], [ 1.35488, 43.11565 ] ] } },
{ "type": "Feature", "properties": { "name": "Ruisseau de Lane", "weight_class": 1, "permanent": true, "length_km": 2.2 }, "geometry": { "type": "LineString", "coordinates": [ [ 1.38269, 43.12084 ], [ 1.37511, 43.11898 ], [ 1.37184, 43.1164 ], [ 1.36596, 43.11471 ], [ 1.36275, 43.11205 ], [ 1.36152, 43.11279 ] ] } },
{ "type": "Feature", "properties": { "name": "Ruisseau du Bois de Marsoulies", "weight_class": 1, "permanent": false, "length_km": 2.2 }, "geometry": { "type": "LineString", "coordinates": [ [ 1.30836, 43.11751 ], [ 1.3071, 43.11897 ], [ 1.30794, 43.1211 ], [ 1.31227, 43.12317 ], [ 1.31464, 43.12935 ], [ 1.31692, 43.13068 ], [ 1.31677, 43.13357 ] ] } },
{ "type": "Feature", "properties": { "name": "Ruisseau de Montfa", "weight_class": 1, "permanent": true, "length_km": 2.4 }, "geometry": { "type": "LineString", "coordinates": [ [ 1.28693, 43.09847 ], [ 1.28851, 43.09937 ], [ 1.28678, 43.10327 ], [ 1.28485, 43.10408 ], [ 1.28561, 43.1072 ], [ 1.282, 43.10978 ], [ 1.28061, 43.1128 ], [ 1.28207, 43.11408 ], [ 1.28164, 43.11559 ] ] } },
{ "type": "Feature", "properties": { "name": "Ruisseau de Montbrun", "weight_class": 2, "permanent": true, "length_km": 3.4 }, "geometry": { "type": "LineString", "coordinates": [ [ 1.28672, 43.13245 ], [ 1.29245, 43.13566 ], [ 1.29383, 43.13773 ], [ 1.29545, 43.13725 ], [ 1.2993, 43.13915 ], [ 1.30016, 43.13819 ], [ 1.30073, 43.13944 ], [ 1.30283, 43.13879 ], [ 1.30288, 43.13981 ], [ 1.30524, 43.13893 ], [ 1.30641, 43.14123 ], [ 1.30774, 43.14053 ], [ 1.30913, 43.14372 ] ] } },
{ "type": "Feature", "properties": { "name": "Ruisseau de Marveille", "weight_class": 1, "permanent": true, "length_km": 3.4 }, "geometry": { "type": "LineString", "coordinates": [ [ 1.40203, 43.10698 ], [ 1.39878, 43.10727 ], [ 1.38829, 43.11508 ], [ 1.38457, 43.11537 ], [ 1.37809, 43.11266 ], [ 1.37438, 43.1051 ] ] } },
{ "type": "Feature", "properties": { "name": "Ruisseau de Coumebère", "weight_class": 1, "permanent": true, "length_km": 2.9 }, "geometry": { "type": "LineString", "coordinates": [ [ 1.34195, 43.09522 ], [ 1.33919, 43.09597 ], [ 1.33402, 43.10064 ], [ 1.33478, 43.10427 ], [ 1.33405, 43.10856 ], [ 1.33523, 43.1087 ], [ 1.33931, 43.11355 ], [ 1.33923, 43.11542 ] ] } },
{ "type": "Feature", "properties": { "name": "Ruisseau de Lapiche et de Portecluse", "weight_class": 1, "permanent": true, "length_km": 4.4 }, "geometry": { "type": "LineString", "coordinates": [ [ 1.3092, 43.09685 ], [ 1.31725, 43.09968 ], [ 1.319, 43.10218 ], [ 1.31967, 43.10649 ], [ 1.32623, 43.11333 ], [ 1.3293, 43.11456 ], [ 1.33823, 43.11469 ], [ 1.34341, 43.11617 ], [ 1.34578, 43.11822 ] ] } },
{ "type": "Feature", "properties": { "name": "Ruisseau de Tuquet et Machicot", "weight_class": 1, "permanent": true, "length_km": 3.4 }, "geometry": { "type": "LineString", "coordinates": [ [ 1.25361, 43.04717 ], [ 1.25691, 43.0466 ], [ 1.25924, 43.04487 ], [ 1.2689, 43.04161 ], [ 1.2765, 43.04069 ], [ 1.28871, 43.04088 ], [ 1.29019, 43.03956 ] ] } },
{ "type": "Feature", "properties": { "name": "Ruisseau del Pas del Roc", "weight_class": 1, "permanent": true, "length_km": 2.6 }, "geometry": { "type": "LineString", "coordinates": [ [ 1.29975, 43.06604 ], [ 1.30042, 43.06691 ], [ 1.30614, 43.06849 ], [ 1.30799, 43.07234 ], [ 1.31039, 43.07335 ], [ 1.31365, 43.07385 ], [ 1.31786, 43.07242 ], [ 1.32402, 43.0739 ] ] } },
{ "type": "Feature", "properties": { "name": "Ruisseau de Machicot et Tucat", "weight_class": 1, "permanent": true, "length_km": 2.3 }, "geometry": { "type": "LineString", "coordinates": [ [ 1.25771, 43.04999 ], [ 1.26162, 43.04836 ], [ 1.27069, 43.04658 ], [ 1.28116, 43.04126 ] ] } },
{ "type": "Feature", "properties": { "name": "Ruisseau de Brousenac", "weight_class": 1, "permanent": true, "length_km": 3.3 }, "geometry": { "type": "LineString", "coordinates": [ [ 1.39127, 43.03974 ], [ 1.39044, 43.03409 ], [ 1.38766, 43.03105 ], [ 1.38738, 43.02531 ], [ 1.37677, 43.02246 ], [ 1.37181, 43.01889 ] ] } },
{ "type": "Feature", "properties": { "name": "Ruisseau du Pays", "weight_class": 1, "permanent": true, "length_km": 3.3 }, "geometry": { "type": "LineString", "coordinates": [ [ 1.39885, 43.04449 ], [ 1.39851, 43.04876 ], [ 1.40367, 43.05065 ], [ 1.41545, 43.05075 ], [ 1.42272, 43.05322 ], [ 1.42988, 43.05109 ] ] } },
{ "type": "Feature", "properties": { "name": "Ruisseau de Riou-Passat et Latagane", "weight_class": 1, "permanent": true, "length_km": 4.3 }, "geometry": { "type": "LineString", "coordinates": [ [ 1.39782, 43.04066 ], [ 1.40602, 43.04189 ], [ 1.40977, 43.03934 ], [ 1.41408, 43.03974 ], [ 1.41583, 43.0404 ], [ 1.41634, 43.04331 ], [ 1.42264, 43.04905 ], [ 1.42656, 43.04941 ], [ 1.43007, 43.05115 ], [ 1.43454, 43.05096 ], [ 1.43783, 43.05248 ] ] } },
{ "type": "Feature", "properties": { "name": "Ruisseau Paleté", "weight_class": 1, "permanent": true, "length_km": 6.0 }, "geometry": { "type": "LineString", "coordinates": [ [ 1.30026, 42.98372 ], [ 1.30024, 42.98614 ], [ 1.2987, 42.98771 ], [ 1.30112, 42.99467 ], [ 1.30381, 42.99529 ], [ 1.30403, 42.99655 ], [ 1.30293, 42.9982 ], [ 1.29994, 42.99925 ], [ 1.29745, 43.00375 ], [ 1.2928, 43.00664 ], [ 1.29094, 43.01136 ], [ 1.29203, 43.01298 ], [ 1.28991, 43.01528 ], [ 1.29067, 43.02 ], [ 1.29283, 43.02344 ], [ 1.29237, 43.02823 ] ] } },
{ "type": "Feature", "properties": { "name": "Ruisseau les Fustes/les Fustes", "weight_class": 1, "permanent": true, "length_km": 3.5 }, "geometry": { "type": "LineString", "coordinates": [ [ 1.26255, 43.03952 ], [ 1.28346, 43.03794 ], [ 1.28638, 43.03961 ], [ 1.29129, 43.03931 ], [ 1.2941, 43.04017 ], [ 1.30195, 43.0389 ] ] } },
{ "type": "Feature", "properties": { "name": "Ruisseau de la Forêt/Mounet", "weight_class": 1, "permanent": true, "length_km": 3.0 }, "geometry": { "type": "LineString", "coordinates": [ [ 1.26931, 43.05339 ], [ 1.26615, 43.05385 ], [ 1.26409, 43.05278 ], [ 1.26231, 43.05305 ], [ 1.26049, 43.05582 ], [ 1.25777, 43.05657 ], [ 1.25675, 43.05818 ], [ 1.25105, 43.06008 ], [ 1.25, 43.06283 ], [ 1.25035, 43.06643 ], [ 1.25229, 43.06834 ] ] } },
{ "type": "Feature", "properties": { "name": "le Gamas", "weight_class": 1, "permanent": true, "length_km": 2.5 }, "geometry": { "type": "LineString", "coordinates": [ [ 1.24269, 43.05757 ], [ 1.24322, 43.05379 ], [ 1.24212, 43.0514 ], [ 1.23927, 43.05 ], [ 1.23801, 43.04381 ], [ 1.23497, 43.04112 ], [ 1.23523, 43.03824 ] ] } },
{ "type": "Feature", "properties": { "name": null, "weight_class": 1, "permanent": true, "length_km": 2.9 }, "geometry": { "type": "LineString", "coordinates": [ [ 1.26926, 43.08893 ], [ 1.26906, 43.09162 ], [ 1.27241, 43.09374 ], [ 1.2731, 43.09726 ], [ 1.27679, 43.09934 ], [ 1.27689, 43.10566 ], [ 1.28125, 43.10789 ], [ 1.28429, 43.10787 ] ] } },
{ "type": "Feature", "properties": { "name": "la Goutte", "weight_class": 1, "permanent": true, "length_km": 4.0 }, "geometry": { "type": "LineString", "coordinates": [ [ 1.27722, 43.06529 ], [ 1.2825, 43.06905 ], [ 1.28697, 43.0698 ], [ 1.29763, 43.07398 ], [ 1.30214, 43.07408 ], [ 1.3033, 43.07487 ], [ 1.30222, 43.07741 ], [ 1.30463, 43.07965 ], [ 1.31334, 43.08062 ] ] } },
{ "type": "Feature", "properties": { "name": "Ruisseau de Menay", "weight_class": 1, "permanent": true, "length_km": 6.4 }, "geometry": { "type": "LineString", "coordinates": [ [ 1.44597, 43.07521 ], [ 1.44293, 43.07636 ], [ 1.44206, 43.07865 ], [ 1.43796, 43.08017 ], [ 1.43656, 43.08174 ], [ 1.42972, 43.08266 ], [ 1.41875, 43.08641 ], [ 1.41475, 43.0889 ], [ 1.40514, 43.0904 ], [ 1.40456, 43.09232 ], [ 1.40215, 43.09231 ], [ 1.40011, 43.09349 ], [ 1.39876, 43.09307 ], [ 1.39239, 43.09822 ], [ 1.39105, 43.09757 ], [ 1.3892, 43.09917 ] ] } },
{ "type": "Feature", "properties": { "name": "Ruisseau de Filleit", "weight_class": 1, "permanent": true, "length_km": 3.8 }, "geometry": { "type": "LineString", "coordinates": [ [ 1.42342, 43.06016 ], [ 1.42153, 43.06218 ], [ 1.418, 43.06335 ], [ 1.40622, 43.06411 ], [ 1.39319, 43.06748 ], [ 1.39055, 43.07291 ], [ 1.39133, 43.07609 ] ] } },
{ "type": "Feature", "properties": { "name": "Ruisseau de Gabre", "weight_class": 1, "permanent": true, "length_km": 4.5 }, "geometry": { "type": "LineString", "coordinates": [ [ 1.42752, 43.07061 ], [ 1.41537, 43.07382 ], [ 1.4114, 43.07634 ], [ 1.40323, 43.07826 ], [ 1.38931, 43.07589 ], [ 1.3839, 43.07789 ], [ 1.38065, 43.077 ], [ 1.37934, 43.07813 ] ] } },
{ "type": "Feature", "properties": { "name": "Ruisseau de Rabos", "weight_class": 1, "permanent": true, "length_km": 3.8 }, "geometry": { "type": "LineString", "coordinates": [ [ 1.39472, 43.04291 ], [ 1.38595, 43.05171 ], [ 1.38584, 43.05322 ], [ 1.38304, 43.05645 ], [ 1.38253, 43.05971 ], [ 1.38532, 43.065 ], [ 1.39291, 43.06567 ], [ 1.39285, 43.06768 ] ] } },
{ "type": "Feature", "properties": { "name": "Ruisseau de Mourissé", "weight_class": 1, "permanent": true, "length_km": 4.8 }, "geometry": { "type": "LineString", "coordinates": [ [ 1.38443, 43.04151 ], [ 1.38433, 43.04611 ], [ 1.3819, 43.04836 ], [ 1.35127, 43.05367 ], [ 1.34981, 43.05571 ], [ 1.35284, 43.05949 ], [ 1.34898, 43.06133 ] ] } },
{ "type": "Feature", "properties": { "name": "Ruisseau de Camarade", "weight_class": 1, "permanent": true, "length_km": 7.8 }, "geometry": { "type": "LineString", "coordinates": [ [ 1.27472, 43.08039 ], [ 1.28117, 43.08545 ], [ 1.28692, 43.08695 ], [ 1.30465, 43.08279 ], [ 1.31213, 43.08207 ], [ 1.31363, 43.08043 ], [ 1.31913, 43.0798 ], [ 1.32488, 43.07291 ], [ 1.33957, 43.06239 ], [ 1.33737, 43.05977 ], [ 1.341, 43.05642 ] ] } },
{ "type": "Feature", "properties": { "name": "Ruisseau de Saly", "weight_class": 1, "permanent": false, "length_km": 2.3 }, "geometry": { "type": "LineString", "coordinates": [ [ 1.30187, 43.06303 ], [ 1.30638, 43.0583 ], [ 1.31926, 43.04844 ] ] } },
{ "type": "Feature", "properties": { "name": "le Peguère", "weight_class": 1, "permanent": true, "length_km": 3.6 }, "geometry": { "type": "LineString", "coordinates": [ [ 1.27592, 43.05811 ], [ 1.28561, 43.05859 ], [ 1.291, 43.05334 ], [ 1.29141, 43.04921 ], [ 1.30701, 43.04376 ] ] } },
{ "type": "Feature", "properties": { "name": "le Baumet", "weight_class": 1, "permanent": true, "length_km": 7.9 }, "geometry": { "type": "LineString", "coordinates": [ [ 1.27349, 43.07341 ], [ 1.27251, 43.07171 ], [ 1.26551, 43.06713 ], [ 1.26115, 43.06665 ], [ 1.2531, 43.06789 ], [ 1.24881, 43.06979 ], [ 1.2457, 43.07299 ], [ 1.24498, 43.07546 ], [ 1.23466, 43.07435 ], [ 1.22786, 43.07218 ], [ 1.22567, 43.0728 ], [ 1.21948, 43.07177 ], [ 1.21009, 43.07433 ], [ 1.20647, 43.07685 ], [ 1.2075, 43.07904 ], [ 1.20561, 43.07946 ], [ 1.20432, 43.08106 ], [ 1.20041, 43.08114 ] ] } },
{ "type": "Feature", "properties": { "name": "Ruisseau de la Jeanne/Ruisseau des Coumasses", "weight_class": 1, "permanent": true, "length_km": 2.7 }, "geometry": { "type": "LineString", "coordinates": [ [ 1.21158, 43.05343 ], [ 1.21783, 43.05562 ], [ 1.22183, 43.05956 ], [ 1.22176, 43.06104 ], [ 1.22009, 43.06248 ], [ 1.22102, 43.06454 ], [ 1.218, 43.06998 ], [ 1.21823, 43.07226 ] ] } },
{ "type": "Feature", "properties": { "name": "Cassagne", "weight_class": 1, "permanent": true, "length_km": 2.2 }, "geometry": { "type": "LineString", "coordinates": [ [ 1.3977, 43.03525 ], [ 1.40269, 43.035 ], [ 1.40395, 43.03144 ], [ 1.40153, 43.02877 ], [ 1.39756, 43.02072 ] ] } },
{ "type": "Feature", "properties": { "name": "le Pujol/Ruisseau de Portet", "weight_class": 1, "permanent": true, "length_km": 10.1 }, "geometry": { "type": "LineString", "coordinates": [ [ 1.2943, 42.99588 ], [ 1.29068, 42.99574 ], [ 1.28261, 42.99931 ], [ 1.27674, 43.00614 ], [ 1.27519, 43.01087 ], [ 1.27785, 43.01986 ], [ 1.27967, 43.02097 ], [ 1.28161, 43.02504 ], [ 1.2866, 43.02843 ], [ 1.29242, 43.02824 ], [ 1.2967, 43.03019 ], [ 1.29725, 43.03285 ], [ 1.29938, 43.03407 ], [ 1.29958, 43.03659 ], [ 1.30456, 43.04043 ], [ 1.30746, 43.04413 ], [ 1.31854, 43.04828 ], [ 1.32918, 43.04914 ], [ 1.33054, 43.05049 ] ] } },
{ "type": "Feature", "properties": { "name": "Ruisseau de Braydes", "weight_class": 1, "permanent": true, "length_km": 2.1 }, "geometry": { "type": "LineString", "coordinates": [ [ 1.22984, 43.05135 ], [ 1.22572, 43.048 ], [ 1.22328, 43.04722 ], [ 1.22352, 43.04387 ], [ 1.22111, 43.0415 ], [ 1.2221, 43.03639 ] ] } },
{ "type": "Feature", "properties": { "name": "la Font/la Biello", "weight_class": 1, "permanent": true, "length_km": 2.4 }, "geometry": { "type": "LineString", "coordinates": [ [ 1.24783, 43.05351 ], [ 1.24999, 43.05101 ], [ 1.24871, 43.04671 ], [ 1.24509, 43.04359 ], [ 1.24777, 43.038 ], [ 1.24729, 43.03581 ] ] } },
{ "type": "Feature", "properties": { "name": "Ruisseau de Vic/Ruisseau de Pézègues", "weight_class": 1, "permanent": true, "length_km": 4.7 }, "geometry": { "type": "LineString", "coordinates": [ [ 1.37772, 42.98154 ], [ 1.37707, 42.98532 ], [ 1.37926, 42.99279 ], [ 1.37804, 42.99501 ], [ 1.38211, 43.00437 ], [ 1.38664, 43.00681 ], [ 1.38813, 43.01116 ], [ 1.38382, 43.01883 ] ] } },
{ "type": "Feature", "properties": { "name": "Ruisseau de Mouliques", "weight_class": 1, "permanent": true, "length_km": 3.9 }, "geometry": { "type": "LineString", "coordinates": [ [ 1.24501, 42.93319 ], [ 1.24403, 42.93082 ], [ 1.24083, 42.93014 ], [ 1.23611, 42.92748 ], [ 1.23506, 42.92455 ], [ 1.23654, 42.91947 ], [ 1.23671, 42.91226 ], [ 1.23982, 42.90729 ], [ 1.24326, 42.90469 ] ] } },
{ "type": "Feature", "properties": { "name": "Ruisseau des Francou", "weight_class": 1, "permanent": true, "length_km": 2.0 }, "geometry": { "type": "LineString", "coordinates": [ [ 1.33522, 43.00496 ], [ 1.33922, 43.00816 ], [ 1.33706, 43.01196 ], [ 1.34053, 43.01635 ], [ 1.3371, 43.01926 ] ] } },
{ "type": "Feature", "properties": { "name": "Ruisseau de Buleix et l'Artigue", "weight_class": 1, "permanent": true, "length_km": 3.2 }, "geometry": { "type": "LineString", "coordinates": [ [ 1.25542, 42.93163 ], [ 1.25221, 42.92895 ], [ 1.24883, 42.92776 ], [ 1.24317, 42.92282 ], [ 1.24218, 42.92086 ], [ 1.2433, 42.91643 ], [ 1.24858, 42.91122 ], [ 1.25102, 42.91005 ] ] } },
{ "type": "Feature", "properties": { "name": "Ruisseau de Pradet et de Broucaillou", "weight_class": 1, "permanent": true, "length_km": 2.4 }, "geometry": { "type": "LineString", "coordinates": [ [ 1.30972, 42.98655 ], [ 1.30842, 42.98957 ], [ 1.31004, 42.99185 ], [ 1.32151, 42.99443 ], [ 1.32278, 42.99599 ], [ 1.32673, 42.99592 ] ] } },
{ "type": "Feature", "properties": { "name": "Ruisseau de Talabas", "weight_class": 1, "permanent": true, "length_km": 2.1 }, "geometry": { "type": "LineString", "coordinates": [ [ 1.36127, 42.98263 ], [ 1.36111, 42.98974 ], [ 1.35914, 42.9945 ], [ 1.35708, 42.99609 ], [ 1.36167, 42.99889 ] ] } },
{ "type": "Feature", "properties": { "name": null, "weight_class": 1, "permanent": true, "length_km": 2.2 }, "geometry": { "type": "LineString", "coordinates": [ [ 1.39809, 42.99941 ], [ 1.39904, 43.00114 ], [ 1.39857, 43.00468 ], [ 1.40876, 43.01028 ], [ 1.41032, 43.01456 ] ] } },
{ "type": "Feature", "properties": { "name": null, "weight_class": 1, "permanent": true, "length_km": 4.3 }, "geometry": { "type": "LineString", "coordinates": [ [ 1.22901, 42.93506 ], [ 1.22539, 42.92779 ], [ 1.22651, 42.91969 ], [ 1.22935, 42.9169 ], [ 1.23124, 42.91264 ], [ 1.2294, 42.90979 ], [ 1.22505, 42.90937 ], [ 1.22292, 42.90449 ], [ 1.22148, 42.90387 ] ] } },
{ "type": "Feature", "properties": { "name": "Ruisseau de Mont Froid", "weight_class": 1, "permanent": false, "length_km": 3.3 }, "geometry": { "type": "LineString", "coordinates": [ [ 1.37124, 42.97849 ], [ 1.36917, 42.98413 ], [ 1.36707, 42.98646 ], [ 1.36657, 42.99316 ], [ 1.36168, 42.99875 ], [ 1.36516, 43.00512 ] ] } },
{ "type": "Feature", "properties": { "name": "Ruisseau de Mignon", "weight_class": 2, "permanent": true, "length_km": 2.1 }, "geometry": { "type": "LineString", "coordinates": [ [ 1.34934, 42.98804 ], [ 1.34643, 42.99614 ], [ 1.34739, 42.99724 ], [ 1.35204, 42.99765 ], [ 1.35319, 43.00051 ], [ 1.35267, 43.0025 ] ] } },
{ "type": "Feature", "properties": { "name": "l'Artillac", "weight_class": 2, "permanent": true, "length_km": 14.7 }, "geometry": { "type": "LineString", "coordinates": [ [ 1.35319, 42.93192 ], [ 1.34734, 42.93665 ], [ 1.34329, 42.94429 ], [ 1.33793, 42.948 ], [ 1.33569, 42.95124 ], [ 1.33619, 42.95233 ], [ 1.33462, 42.95335 ], [ 1.33631, 42.95807 ], [ 1.3377, 42.95912 ], [ 1.33722, 42.96247 ], [ 1.34074, 42.96884 ], [ 1.34042, 42.9703 ], [ 1.34234, 42.97099 ], [ 1.345, 42.97426 ], [ 1.34619, 42.97861 ], [ 1.34518, 42.98218 ], [ 1.33867, 42.98793 ], [ 1.33473, 42.98993 ], [ 1.33121, 42.99053 ], [ 1.33047, 42.99214 ], [ 1.33242, 42.99454 ], [ 1.33203, 42.99725 ], [ 1.33528, 42.99974 ], [ 1.35097, 43.00122 ], [ 1.35851, 43.00527 ], [ 1.3664, 43.00525 ], [ 1.36772, 43.00847 ], [ 1.36987, 43.00977 ], [ 1.37041, 43.01298 ], [ 1.37345, 43.01418 ], [ 1.37358, 43.01492 ], [ 1.37177, 43.01554 ], [ 1.37279, 43.01694 ], [ 1.37175, 43.01835 ] ] } },
{ "type": "Feature", "properties": { "name": "le Baup", "weight_class": 1, "permanent": true, "length_km": 21.6 }, "geometry": { "type": "LineString", "coordinates": [ [ 1.31119, 42.94964 ], [ 1.31204, 42.95214 ], [ 1.30941, 42.95521 ], [ 1.31096, 42.96326 ], [ 1.30849, 42.96695 ], [ 1.30725, 42.97225 ], [ 1.30071, 42.97669 ], [ 1.29784, 42.97691 ], [ 1.29317, 42.97901 ], [ 1.29179, 42.9845 ], [ 1.2854, 42.98872 ], [ 1.27277, 42.98925 ], [ 1.26928, 42.99078 ], [ 1.25807, 42.99194 ], [ 1.25498, 42.99272 ], [ 1.25481, 42.99356 ], [ 1.24773, 42.99467 ], [ 1.24692, 42.99559 ], [ 1.23806, 42.99674 ], [ 1.2314, 42.99948 ], [ 1.22501, 42.99606 ], [ 1.22404, 42.99416 ], [ 1.22059, 42.99213 ], [ 1.21739, 42.9931 ], [ 1.21447, 42.99258 ], [ 1.20636, 42.99346 ], [ 1.20606, 42.99414 ], [ 1.20422, 42.99359 ], [ 1.20338, 42.99418 ], [ 1.20213, 42.9933 ], [ 1.19875, 42.99467 ], [ 1.19415, 42.99416 ], [ 1.18796, 42.99573 ], [ 1.185, 42.99402 ], [ 1.18302, 42.99469 ], [ 1.18078, 42.99263 ], [ 1.17857, 42.9943 ], [ 1.17685, 42.99399 ], [ 1.17532, 42.99175 ], [ 1.17404, 42.9925 ], [ 1.17159, 42.99214 ], [ 1.16958, 42.99447 ], [ 1.16564, 42.99201 ], [ 1.15907, 42.99167 ], [ 1.15521, 42.99317 ], [ 1.15241, 42.99037 ], [ 1.14744, 42.99227 ], [ 1.1462, 42.99126 ], [ 1.14184, 42.99055 ] ] } },
{ "type": "Feature", "properties": { "name": "Ruisseau des Pommiers/Ruisseau de Mourères", "weight_class": 1, "permanent": true, "length_km": 4.1 }, "geometry": { "type": "LineString", "coordinates": [ [ 1.42347, 42.95497 ], [ 1.42087, 42.95793 ], [ 1.41542, 42.96124 ], [ 1.41313, 42.96223 ], [ 1.40992, 42.96214 ], [ 1.40842, 42.96328 ], [ 1.40592, 42.96315 ], [ 1.40178, 42.96583 ], [ 1.40023, 42.96764 ], [ 1.40041, 42.97086 ], [ 1.39832, 42.97331 ], [ 1.39695, 42.97977 ] ] } },
{ "type": "Feature", "properties": { "name": "Ruisseau des Balans", "weight_class": 1, "permanent": true, "length_km": 2.5 }, "geometry": { "type": "LineString", "coordinates": [ [ 1.32063, 42.98305 ], [ 1.31834, 42.98609 ], [ 1.31844, 42.98993 ], [ 1.3232, 42.99434 ], [ 1.32579, 42.99465 ], [ 1.32675, 42.99594 ], [ 1.32812, 42.99581 ], [ 1.33297, 42.99849 ] ] } },
{ "type": "Feature", "properties": { "name": "Ruisseau de la Maille", "weight_class": 1, "permanent": true, "length_km": 2.2 }, "geometry": { "type": "LineString", "coordinates": [ [ 1.3255, 42.97498 ], [ 1.31604, 42.97389 ], [ 1.30534, 42.97747 ], [ 1.30096, 42.97649 ] ] } },
{ "type": "Feature", "properties": { "name": "Ruisseau de l'Évêque", "weight_class": 1, "permanent": true, "length_km": 2.7 }, "geometry": { "type": "LineString", "coordinates": [ [ 1.27443, 42.968 ], [ 1.26926, 42.97806 ], [ 1.26961, 42.98031 ], [ 1.27177, 42.98209 ], [ 1.27152, 42.98585 ], [ 1.27413, 42.98809 ], [ 1.27336, 42.98923 ] ] } },
{ "type": "Feature", "properties": { "name": "Ruisseau de Maury", "weight_class": 1, "permanent": true, "length_km": 4.3 }, "geometry": { "type": "LineString", "coordinates": [ [ 1.30087, 42.95816 ], [ 1.29159, 42.96747 ], [ 1.2926, 42.9708 ], [ 1.29133, 42.97511 ], [ 1.28329, 42.97899 ], [ 1.28051, 42.98483 ], [ 1.27829, 42.98637 ], [ 1.27833, 42.98905 ] ] } },
{ "type": "Feature", "properties": { "name": "Ruisseau de Montabèzout", "weight_class": 1, "permanent": true, "length_km": 4.7 }, "geometry": { "type": "LineString", "coordinates": [ [ 1.25368, 42.96979 ], [ 1.25046, 42.97169 ], [ 1.25068, 42.97649 ], [ 1.25, 42.97785 ], [ 1.24716, 42.97902 ], [ 1.24602, 42.9831 ], [ 1.24196, 42.98345 ], [ 1.23919, 42.98576 ], [ 1.23372, 42.98735 ], [ 1.23393, 42.99028 ], [ 1.23264, 42.99169 ], [ 1.22919, 42.99254 ], [ 1.22709, 42.99216 ], [ 1.22557, 42.99322 ], [ 1.22203, 42.99265 ] ] } },
{ "type": "Feature", "properties": { "name": "Ruisseau de la Pisse de Fajau", "weight_class": 1, "permanent": true, "length_km": 2.3 }, "geometry": { "type": "LineString", "coordinates": [ [ 1.25754, 42.97301 ], [ 1.25911, 42.97606 ], [ 1.25633, 42.98178 ], [ 1.25825, 42.98663 ], [ 1.25803, 42.99202 ] ] } },
{ "type": "Feature", "properties": { "name": "Ruisseau du Cortalet", "weight_class": 1, "permanent": true, "length_km": 2.4 }, "geometry": { "type": "LineString", "coordinates": [ [ 1.41457, 42.94719 ], [ 1.40581, 42.95531 ], [ 1.40655, 42.95865 ], [ 1.40303, 42.96261 ], [ 1.40463, 42.96388 ] ] } },
{ "type": "Feature", "properties": { "name": "Ruisseau de Bésole", "weight_class": 1, "permanent": false, "length_km": 2.1 }, "geometry": { "type": "LineString", "coordinates": [ [ 1.35628, 42.95982 ], [ 1.35615, 42.96369 ], [ 1.35286, 42.97025 ], [ 1.34516, 42.97478 ] ] } },
{ "type": "Feature", "properties": { "name": "Goute de Coume les Bens", "weight_class": 1, "permanent": true, "length_km": 2.0 }, "geometry": { "type": "LineString", "coordinates": [ [ 1.3535, 42.94092 ], [ 1.35187, 42.94209 ], [ 1.35126, 42.94439 ], [ 1.34349, 42.94984 ], [ 1.33578, 42.95108 ] ] } },
{ "type": "Feature", "properties": { "name": "Ruisseau des Bouets", "weight_class": 1, "permanent": false, "length_km": 2.0 }, "geometry": { "type": "LineString", "coordinates": [ [ 1.35928, 42.95762 ], [ 1.36031, 42.95942 ], [ 1.36287, 42.96009 ], [ 1.36574, 42.96311 ], [ 1.37118, 42.96511 ], [ 1.37875, 42.96558 ] ] } },
{ "type": "Feature", "properties": { "name": "Ruisseau du Ressec", "weight_class": 1, "permanent": true, "length_km": 2.8 }, "geometry": { "type": "LineString", "coordinates": [ [ 1.35854, 42.93042 ], [ 1.35888, 42.93232 ], [ 1.3646, 42.93638 ], [ 1.36694, 42.94204 ], [ 1.36999, 42.94446 ], [ 1.37611, 42.94452 ], [ 1.37945, 42.94578 ] ] } },
{ "type": "Feature", "properties": { "name": "Ruisseau de Leychel", "weight_class": 1, "permanent": true, "length_km": 2.8 }, "geometry": { "type": "LineString", "coordinates": [ [ 1.27903, 42.9668 ], [ 1.27814, 42.96879 ], [ 1.27984, 42.97062 ], [ 1.28048, 42.97417 ], [ 1.27501, 42.98215 ], [ 1.27676, 42.98704 ], [ 1.27414, 42.98844 ] ] } },
{ "type": "Feature", "properties": { "name": "Ruisseau de Rougé", "weight_class": 1, "permanent": true, "length_km": 2.1 }, "geometry": { "type": "LineString", "coordinates": [ [ 1.30741, 42.94937 ], [ 1.28188, 42.95096 ] ] } },
{ "type": "Feature", "properties": { "name": "Ruisseau d'Illas", "weight_class": 1, "permanent": true, "length_km": 3.6 }, "geometry": { "type": "LineString", "coordinates": [ [ 1.26524, 42.93643 ], [ 1.26001, 42.94225 ], [ 1.24946, 42.94324 ], [ 1.24838, 42.94654 ], [ 1.24432, 42.94978 ], [ 1.24259, 42.9549 ], [ 1.24367, 42.95783 ] ] } },
{ "type": "Feature", "properties": { "name": "le Nert", "weight_class": 1, "permanent": true, "length_km": 14.5 }, "geometry": { "type": "LineString", "coordinates": [ [ 1.32621, 42.9349 ], [ 1.32098, 42.93785 ], [ 1.31411, 42.93987 ], [ 1.30922, 42.94334 ], [ 1.30081, 42.94482 ], [ 1.29793, 42.94431 ], [ 1.2955, 42.94596 ], [ 1.29393, 42.94538 ], [ 1.28861, 42.94718 ], [ 1.28407, 42.94729 ], [ 1.28099, 42.95196 ], [ 1.27686, 42.95308 ], [ 1.2724, 42.95693 ], [ 1.26857, 42.95793 ], [ 1.25588, 42.95749 ], [ 1.25256, 42.95808 ], [ 1.25122, 42.95668 ], [ 1.24424, 42.9576 ], [ 1.24295, 42.95865 ], [ 1.23222, 42.95718 ], [ 1.22923, 42.95812 ], [ 1.22431, 42.95647 ], [ 1.22196, 42.95702 ], [ 1.22056, 42.95623 ], [ 1.21064, 42.95542 ], [ 1.20117, 42.9576 ], [ 1.19879, 42.95663 ], [ 1.19491, 42.95766 ], [ 1.19029, 42.95659 ], [ 1.18448, 42.95722 ], [ 1.18282, 42.95636 ], [ 1.17657, 42.95599 ] ] } },
{ "type": "Feature", "properties": { "name": "Ruisseau des Malaises", "weight_class": 1, "permanent": true, "length_km": 2.2 }, "geometry": { "type": "LineString", "coordinates": [ [ 1.27481, 42.93229 ], [ 1.26749, 42.92346 ], [ 1.26568, 42.9152 ] ] } },
{ "type": "Feature", "properties": { "name": "le Camedon", "weight_class": 1, "permanent": true, "length_km": 2.5 }, "geometry": { "type": "LineString", "coordinates": [ [ 1.32937, 43.18352 ], [ 1.32826, 43.18543 ], [ 1.32255, 43.18945 ], [ 1.31868, 43.19053 ], [ 1.31448, 43.19005 ], [ 1.30648, 43.19491 ] ] } },
{ "type": "Feature", "properties": { "name": "le Volp", "weight_class": 2, "permanent": true, "length_km": 33.1 }, "geometry": { "type": "MultiLineString", "coordinates": [ [ [ 1.13149, 43.15219 ], [ 1.12998, 43.15224 ], [ 1.12686, 43.15497 ], [ 1.127, 43.15802 ], [ 1.1236, 43.15804 ] ], [ [ 1.16142, 43.13197 ], [ 1.15785, 43.13215 ], [ 1.15615, 43.13431 ], [ 1.15241, 43.13409 ], [ 1.15026, 43.13576 ], [ 1.14778, 43.13508 ], [ 1.14564, 43.13682 ], [ 1.14472, 43.13648 ], [ 1.14391, 43.13756 ], [ 1.14468, 43.13872 ], [ 1.14288, 43.13905 ], [ 1.14215, 43.14185 ], [ 1.14342, 43.14294 ], [ 1.14501, 43.14278 ], [ 1.14556, 43.1439 ], [ 1.14231, 43.14499 ], [ 1.14029, 43.14458 ], [ 1.13257, 43.152 ] ], [ [ 1.26082, 43.02783 ], [ 1.2599, 43.03145 ], [ 1.25193, 43.03539 ], [ 1.24344, 43.03552 ], [ 1.2357, 43.03832 ], [ 1.23345, 43.03837 ], [ 1.23098, 43.03723 ], [ 1.22986, 43.03397 ], [ 1.22099, 43.03662 ], [ 1.22002, 43.0318 ], [ 1.21348, 43.03217 ], [ 1.21081, 43.0313 ], [ 1.20601, 43.03137 ], [ 1.20174, 43.03256 ], [ 1.19896, 43.03148 ], [ 1.19569, 43.03216 ], [ 1.19381, 43.03616 ], [ 1.19137, 43.03644 ], [ 1.1886, 43.03925 ], [ 1.18943, 43.04167 ], [ 1.18835, 43.04356 ], [ 1.18737, 43.04466 ], [ 1.18358, 43.04555 ], [ 1.18285, 43.04862 ], [ 1.17999, 43.05137 ], [ 1.18292, 43.05808 ], [ 1.19025, 43.05977 ], [ 1.18999, 43.06082 ], [ 1.19252, 43.06158 ], [ 1.19172, 43.06238 ], [ 1.19344, 43.06391 ], [ 1.19239, 43.06583 ], [ 1.19298, 43.06728 ], [ 1.19775, 43.06784 ], [ 1.19575, 43.07025 ], [ 1.19231, 43.07028 ], [ 1.19196, 43.07202 ], [ 1.19446, 43.07602 ], [ 1.19659, 43.07695 ], [ 1.19819, 43.07542 ], [ 1.20106, 43.07984 ], [ 1.19954, 43.08131 ], [ 1.19955, 43.08362 ], [ 1.19737, 43.08497 ], [ 1.19435, 43.08436 ], [ 1.19381, 43.08638 ], [ 1.19238, 43.08556 ], [ 1.19154, 43.08668 ], [ 1.19225, 43.09032 ], [ 1.19478, 43.0892 ], [ 1.19908, 43.08966 ], [ 1.19989, 43.09205 ], [ 1.20164, 43.09165 ], [ 1.20149, 43.09273 ], [ 1.19771, 43.09527 ], [ 1.19349, 43.09573 ], [ 1.18984, 43.09922 ], [ 1.18853, 43.10248 ], [ 1.18726, 43.10278 ], [ 1.18665, 43.10462 ], [ 1.18871, 43.10646 ], [ 1.18685, 43.10787 ], [ 1.18789, 43.11085 ], [ 1.18744, 43.1115 ], [ 1.18657, 43.11102 ], [ 1.18718, 43.11248 ], [ 1.1853, 43.11539 ], [ 1.1836, 43.11598 ], [ 1.18451, 43.11865 ], [ 1.18171, 43.11901 ], [ 1.18061, 43.12018 ], [ 1.18185, 43.12065 ], [ 1.17972, 43.12169 ], [ 1.18056, 43.12311 ], [ 1.17639, 43.12474 ], [ 1.17288, 43.12501 ], [ 1.16858, 43.12704 ], [ 1.16825, 43.12931 ], [ 1.16521, 43.12908 ], [ 1.16207, 43.13219 ] ] ] } },
{ "type": "Feature", "properties": { "name": "Riou Bedet/Ruisseau de la Gourgue Nègre", "weight_class": 1, "permanent": true, "length_km": 3.9 }, "geometry": { "type": "MultiLineString", "coordinates": [ [ [ 1.08699, 43.13722 ], [ 1.08979, 43.14175 ], [ 1.09559, 43.14147 ], [ 1.09886, 43.14342 ] ], [ [ 1.1091, 43.14427 ], [ 1.11317, 43.14461 ], [ 1.11175, 43.14822 ], [ 1.11851, 43.15107 ], [ 1.12001, 43.15256 ], [ 1.12222, 43.15278 ], [ 1.12404, 43.15469 ], [ 1.12438, 43.15679 ] ] ] } },
{ "type": "Feature", "properties": { "name": "Ruisseau de Montaudet", "weight_class": 1, "permanent": true, "length_km": 3.8 }, "geometry": { "type": "LineString", "coordinates": [ [ 1.04707, 43.06313 ], [ 1.04727, 43.06711 ], [ 1.04147, 43.07369 ], [ 1.03025, 43.07923 ], [ 1.02768, 43.08221 ], [ 1.02875, 43.0893 ] ] } },
{ "type": "Feature", "properties": { "name": "Ruisseau de la Moulette", "weight_class": 2, "permanent": true, "length_km": 2.8 }, "geometry": { "type": "LineString", "coordinates": [ [ 1.12085, 43.12379 ], [ 1.12273, 43.1268 ], [ 1.13656, 43.13254 ], [ 1.13588, 43.13441 ], [ 1.14035, 43.13766 ], [ 1.14393, 43.1375 ] ] } },
{ "type": "Feature", "properties": { "name": "Ruisseau de Bidoune/Ruisseau de Losse", "weight_class": 1, "permanent": true, "length_km": 6.6 }, "geometry": { "type": "LineString", "coordinates": [ [ 1.09247, 43.13465 ], [ 1.09565, 43.131 ], [ 1.0944, 43.12689 ], [ 1.09595, 43.12558 ], [ 1.09526, 43.12266 ], [ 1.09664, 43.11982 ], [ 1.09509, 43.11611 ], [ 1.09206, 43.11573 ], [ 1.09505, 43.11123 ], [ 1.09426, 43.10884 ], [ 1.08542, 43.10958 ], [ 1.0838, 43.1082 ], [ 1.07507, 43.10718 ], [ 1.07268, 43.10499 ], [ 1.06641, 43.10495 ], [ 1.06533, 43.1059 ] ] } },
{ "type": "Feature", "properties": { "name": "Ruisseau de Lareyat", "weight_class": 1, "permanent": true, "length_km": 3.6 }, "geometry": { "type": "LineString", "coordinates": [ [ 1.10808, 43.12736 ], [ 1.11245, 43.13422 ], [ 1.11726, 43.13761 ], [ 1.12193, 43.1461 ], [ 1.13064, 43.14965 ], [ 1.13153, 43.15214 ] ] } },
{ "type": "Feature", "properties": { "name": "Ruisseau de Bigot", "weight_class": 1, "permanent": true, "length_km": 7.2 }, "geometry": { "type": "LineString", "coordinates": [ [ 1.05202, 43.14617 ], [ 1.05988, 43.14081 ], [ 1.0604, 43.13485 ], [ 1.05876, 43.13289 ], [ 1.05908, 43.13041 ], [ 1.05676, 43.12958 ], [ 1.05912, 43.12587 ], [ 1.05876, 43.1248 ], [ 1.06101, 43.12188 ], [ 1.06674, 43.11969 ], [ 1.06787, 43.11768 ], [ 1.0675, 43.11373 ], [ 1.06473, 43.11052 ], [ 1.06641, 43.10756 ], [ 1.06509, 43.10528 ], [ 1.06287, 43.1045 ], [ 1.06419, 43.10338 ], [ 1.06245, 43.10043 ], [ 1.06372, 43.10068 ] ] } },
{ "type": "Feature", "properties": { "name": "le Riou Caillou", "weight_class": 1, "permanent": true, "length_km": 2.2 }, "geometry": { "type": "LineString", "coordinates": [ [ 1.20983, 43.11454 ], [ 1.19541, 43.11766 ], [ 1.18853, 43.1173 ], [ 1.1853, 43.11539 ] ] } },
{ "type": "Feature", "properties": { "name": "Ruisseau de la Forêt", "weight_class": 1, "permanent": true, "length_km": 4.5 }, "geometry": { "type": "LineString", "coordinates": [ [ 1.14208, 43.10828 ], [ 1.14432, 43.10919 ], [ 1.15129, 43.10918 ], [ 1.15478, 43.10805 ], [ 1.15754, 43.10942 ], [ 1.16088, 43.10916 ], [ 1.16558, 43.1119 ], [ 1.17343, 43.11139 ], [ 1.17702, 43.11243 ], [ 1.17765, 43.11371 ], [ 1.1763, 43.114 ], [ 1.17751, 43.11659 ], [ 1.18309, 43.1171 ], [ 1.18341, 43.11867 ] ] } },
{ "type": "Feature", "properties": { "name": null, "weight_class": 1, "permanent": true, "length_km": 2.6 }, "geometry": { "type": "LineString", "coordinates": [ [ 1.12055, 43.12104 ], [ 1.11372, 43.12165 ], [ 1.11207, 43.11853 ], [ 1.11236, 43.11512 ], [ 1.10928, 43.11258 ], [ 1.1114, 43.10935 ], [ 1.11048, 43.10683 ], [ 1.11146, 43.10559 ] ] } },
{ "type": "Feature", "properties": { "name": "Ruisseau de Massot", "weight_class": 1, "permanent": true, "length_km": 5.2 }, "geometry": { "type": "LineString", "coordinates": [ [ 1.14129, 43.11788 ], [ 1.13922, 43.11861 ], [ 1.13407, 43.11553 ], [ 1.13319, 43.11079 ], [ 1.12785, 43.1092 ], [ 1.12266, 43.10971 ], [ 1.12095, 43.10626 ], [ 1.11718, 43.10753 ], [ 1.11508, 43.10538 ], [ 1.11188, 43.10588 ], [ 1.11118, 43.10262 ], [ 1.11285, 43.09909 ], [ 1.11219, 43.09765 ], [ 1.10721, 43.09633 ] ] } },
{ "type": "Feature", "properties": { "name": "Ruisseau de Tourelle", "weight_class": 1, "permanent": true, "length_km": 3.2 }, "geometry": { "type": "LineString", "coordinates": [ [ 1.08348, 43.13368 ], [ 1.08478, 43.13165 ], [ 1.08257, 43.12953 ], [ 1.08056, 43.12304 ], [ 1.08271, 43.12123 ], [ 1.08215, 43.11773 ], [ 1.08436, 43.11442 ], [ 1.08354, 43.11109 ], [ 1.08505, 43.10908 ] ] } },
{ "type": "Feature", "properties": { "name": "Ruisseau de la Goutille", "weight_class": 1, "permanent": true, "length_km": 2.1 }, "geometry": { "type": "LineString", "coordinates": [ [ 1.21237, 43.10961 ], [ 1.20248, 43.11108 ], [ 1.18773, 43.10909 ] ] } },
{ "type": "Feature", "properties": { "name": "Goutte de Hiot", "weight_class": 1, "permanent": true, "length_km": 2.0 }, "geometry": { "type": "LineString", "coordinates": [ [ 1.2104, 43.10442 ], [ 1.20653, 43.10316 ], [ 1.20059, 43.10462 ], [ 1.1938, 43.1044 ], [ 1.18974, 43.10728 ], [ 1.1885, 43.10689 ] ] } },
{ "type": "Feature", "properties": { "name": "Ruisseau de l'Aygue Mague", "weight_class": 1, "permanent": true, "length_km": 4.8 }, "geometry": { "type": "LineString", "coordinates": [ [ 1.1704, 43.07755 ], [ 1.16808, 43.08053 ], [ 1.1652, 43.082 ], [ 1.15306, 43.08455 ], [ 1.15176, 43.08718 ], [ 1.14626, 43.08786 ], [ 1.14293, 43.08945 ], [ 1.13404, 43.09129 ], [ 1.13359, 43.09283 ], [ 1.13144, 43.09427 ], [ 1.12412, 43.09386 ] ] } },
{ "type": "Feature", "properties": { "name": "Ruisseau de Soumet", "weight_class": 1, "permanent": true, "length_km": 5.4 }, "geometry": { "type": "LineString", "coordinates": [ [ 1.11198, 43.07435 ], [ 1.11023, 43.07541 ], [ 1.10905, 43.0802 ], [ 1.10526, 43.08143 ], [ 1.09669, 43.08145 ], [ 1.0896, 43.08292 ], [ 1.08743, 43.08449 ], [ 1.0873, 43.08674 ], [ 1.08616, 43.08724 ], [ 1.082, 43.08738 ], [ 1.07301, 43.08977 ], [ 1.06957, 43.09189 ], [ 1.06953, 43.09474 ], [ 1.06821, 43.09535 ] ] } },
{ "type": "Feature", "properties": { "name": "Ruisseau de Belloc/Ruisseau de Buhobento", "weight_class": 1, "permanent": true, "length_km": 8.7 }, "geometry": { "type": "LineString", "coordinates": [ [ 1.09476, 43.06787 ], [ 1.09102, 43.06934 ], [ 1.08424, 43.06906 ], [ 1.07946, 43.06997 ], [ 1.07884, 43.07169 ], [ 1.06864, 43.07517 ], [ 1.06581, 43.07749 ], [ 1.05997, 43.07901 ], [ 1.05218, 43.08442 ], [ 1.04817, 43.08519 ], [ 1.03731, 43.0899 ], [ 1.03321, 43.0886 ], [ 1.02868, 43.08932 ], [ 1.02604, 43.09261 ], [ 1.02676, 43.09646 ], [ 1.02976, 43.09793 ], [ 1.02823, 43.10024 ] ] } },
{ "type": "Feature", "properties": { "name": "Ruisseau des Pradous", "weight_class": 1, "permanent": true, "length_km": 4.0 }, "geometry": { "type": "LineString", "coordinates": [ [ 1.07192, 43.06403 ], [ 1.0702, 43.06449 ], [ 1.06478, 43.06903 ], [ 1.05569, 43.07217 ], [ 1.05187, 43.07607 ], [ 1.04442, 43.08 ], [ 1.04448, 43.08349 ], [ 1.04729, 43.08561 ] ] } },
{ "type": "Feature", "properties": { "name": "Ruisseau de Bernard Blanc", "weight_class": 1, "permanent": true, "length_km": 3.1 }, "geometry": { "type": "LineString", "coordinates": [ [ 1.11609, 43.06071 ], [ 1.11262, 43.06592 ], [ 1.11549, 43.06749 ], [ 1.12242, 43.06772 ], [ 1.12202, 43.07044 ], [ 1.12605, 43.07226 ], [ 1.12643, 43.07459 ], [ 1.1288, 43.07573 ], [ 1.12823, 43.07665 ] ] } },
{ "type": "Feature", "properties": { "name": "le Simon", "weight_class": 1, "permanent": true, "length_km": 2.6 }, "geometry": { "type": "LineString", "coordinates": [ [ 1.13497, 43.05597 ], [ 1.13159, 43.05914 ], [ 1.13195, 43.06006 ], [ 1.13908, 43.06461 ], [ 1.13982, 43.06671 ], [ 1.1377, 43.06869 ], [ 1.14029, 43.06962 ], [ 1.14246, 43.07197 ] ] } },
{ "type": "Feature", "properties": { "name": "Riou Ner", "weight_class": 1, "permanent": true, "length_km": 2.1 }, "geometry": { "type": "LineString", "coordinates": [ [ 1.10553, 43.06817 ], [ 1.10035, 43.06968 ], [ 1.09694, 43.07565 ], [ 1.09573, 43.0812 ], [ 1.09269, 43.08205 ] ] } },
{ "type": "Feature", "properties": { "name": "Ruisseau de Tourte", "weight_class": 1, "permanent": true, "length_km": 2.7 }, "geometry": { "type": "LineString", "coordinates": [ [ 1.04292, 43.05701 ], [ 1.04572, 43.05439 ], [ 1.047, 43.04706 ], [ 1.05067, 43.04457 ], [ 1.05188, 43.04243 ], [ 1.04589, 43.03725 ] ] } },
{ "type": "Feature", "properties": { "name": "Ruisseau Blanc", "weight_class": 1, "permanent": true, "length_km": 2.1 }, "geometry": { "type": "LineString", "coordinates": [ [ 1.21336, 43.05962 ], [ 1.20943, 43.06092 ], [ 1.20762, 43.06333 ], [ 1.20249, 43.06427 ], [ 1.20103, 43.0688 ], [ 1.19737, 43.06855 ] ] } },
{ "type": "Feature", "properties": { "name": "Ruisseau de Perri", "weight_class": 1, "permanent": true, "length_km": 3.6 }, "geometry": { "type": "LineString", "coordinates": [ [ 1.20126, 43.01525 ], [ 1.20103, 43.01342 ], [ 1.20363, 43.01089 ], [ 1.20607, 43.00449 ], [ 1.20474, 43.00364 ], [ 1.20016, 43.00356 ], [ 1.19812, 42.99904 ], [ 1.19152, 42.99783 ], [ 1.18887, 42.99545 ] ] } },
{ "type": "Feature", "properties": { "name": "Ruisseau de la Devèze/Ruisseau du Gay", "weight_class": 1, "permanent": true, "length_km": 4.5 }, "geometry": { "type": "LineString", "coordinates": [ [ 1.21623, 42.96784 ], [ 1.21165, 42.97214 ], [ 1.1999, 42.97322 ], [ 1.19584, 42.97598 ], [ 1.19791, 42.98142 ], [ 1.20346, 42.98564 ], [ 1.20353, 42.98755 ], [ 1.202, 42.98891 ], [ 1.20537, 42.99183 ], [ 1.20448, 42.99368 ] ] } },
{ "type": "Feature", "properties": { "name": "Ruisseau le Rat/le Rat", "weight_class": 1, "permanent": true, "length_km": 3.1 }, "geometry": { "type": "LineString", "coordinates": [ [ 1.15508, 43.01298 ], [ 1.15616, 43.00891 ], [ 1.16337, 43.00395 ], [ 1.16572, 42.99942 ], [ 1.16379, 42.99586 ], [ 1.15907, 42.99167 ] ] } },
{ "type": "Feature", "properties": { "name": "Ruisseau de Badech/Ruisseau du Pic", "weight_class": 1, "permanent": true, "length_km": 5.6 }, "geometry": { "type": "LineString", "coordinates": [ [ 1.15525, 43.03959 ], [ 1.1589, 43.03871 ], [ 1.16063, 43.03508 ], [ 1.15937, 43.03264 ], [ 1.15453, 43.03036 ], [ 1.14808, 43.03125 ], [ 1.1439, 43.02691 ], [ 1.13688, 43.02834 ], [ 1.13603, 43.02745 ], [ 1.13409, 43.02851 ], [ 1.13192, 43.02746 ], [ 1.12971, 43.02759 ], [ 1.12374, 43.02435 ], [ 1.11402, 43.02492 ] ] } },
{ "type": "Feature", "properties": { "name": "Ruisseau de Bader", "weight_class": 1, "permanent": true, "length_km": 3.1 }, "geometry": { "type": "LineString", "coordinates": [ [ 1.07807, 42.97023 ], [ 1.07782, 42.96425 ], [ 1.0841, 42.96448 ], [ 1.08623, 42.9659 ], [ 1.08861, 42.96472 ], [ 1.09204, 42.96488 ], [ 1.09491, 42.9639 ], [ 1.09698, 42.96533 ], [ 1.10169, 42.96503 ], [ 1.1027, 42.96426 ] ] } },
{ "type": "Feature", "properties": { "name": "le Merdançon", "weight_class": 1, "permanent": true, "length_km": 5.3 }, "geometry": { "type": "LineString", "coordinates": [ [ 1.09441, 42.98382 ], [ 1.09532, 42.98472 ], [ 1.10747, 42.98405 ], [ 1.1117, 42.9868 ], [ 1.11281, 42.99043 ], [ 1.11919, 42.99128 ], [ 1.11967, 42.99219 ], [ 1.12177, 42.99248 ], [ 1.12428, 42.99466 ], [ 1.12326, 42.99704 ], [ 1.12529, 42.99898 ], [ 1.12434, 43.00096 ], [ 1.12563, 43.00184 ], [ 1.12407, 43.00723 ], [ 1.12699, 43.00897 ] ] } },
{ "type": "Feature", "properties": { "name": "Ruisseau du Boucharda", "weight_class": 1, "permanent": false, "length_km": 4.7 }, "geometry": { "type": "LineString", "coordinates": [ [ 1.07992, 42.97978 ], [ 1.07762, 42.98708 ], [ 1.07828, 42.98957 ], [ 1.07609, 42.99159 ], [ 1.07474, 42.99809 ], [ 1.06747, 43.0014 ], [ 1.06469, 43.00033 ], [ 1.06037, 43.00047 ], [ 1.0549, 42.99928 ], [ 1.04953, 43.00031 ] ] } },
{ "type": "Feature", "properties": { "name": "Ruisseau de Birosse", "weight_class": 1, "permanent": true, "length_km": 5.5 }, "geometry": { "type": "LineString", "coordinates": [ [ 1.24799, 42.96839 ], [ 1.24076, 42.97171 ], [ 1.23616, 42.97185 ], [ 1.23274, 42.97552 ], [ 1.22886, 42.97771 ], [ 1.22459, 42.97846 ], [ 1.22077, 42.97729 ], [ 1.21132, 42.9805 ], [ 1.20935, 42.98342 ], [ 1.21007, 42.98969 ], [ 1.20777, 42.99066 ], [ 1.20858, 42.99333 ] ] } },
{ "type": "Feature", "properties": { "name": "la Gauère", "weight_class": 1, "permanent": true, "length_km": 3.0 }, "geometry": { "type": "LineString", "coordinates": [ [ 1.09772, 42.9899 ], [ 1.09575, 42.99092 ], [ 1.09629, 42.99243 ], [ 1.10389, 42.99549 ], [ 1.10472, 42.99734 ], [ 1.10174, 43.0028 ], [ 1.0995, 43.00456 ], [ 1.09768, 43.00975 ] ] } },
{ "type": "Feature", "properties": { "name": null, "weight_class": 1, "permanent": true, "length_km": 3.1 }, "geometry": { "type": "LineString", "coordinates": [ [ 1.02619, 43.05805 ], [ 1.01756, 43.05328 ], [ 1.00822, 43.05084 ], [ 1.00093, 43.05114 ], [ 0.99351, 43.04844 ] ] } },
{ "type": "Feature", "properties": { "name": null, "weight_class": 1, "permanent": true, "length_km": 3.0 }, "geometry": { "type": "LineString", "coordinates": [ [ 1.11852, 43.01177 ], [ 1.11435, 43.01473 ], [ 1.11184, 43.01919 ], [ 1.10722, 43.02241 ], [ 1.10741, 43.02423 ], [ 1.10345, 43.02783 ], [ 1.09963, 43.0294 ], [ 1.0964, 43.02894 ] ] } },
{ "type": "Feature", "properties": { "name": "la Goutte de Laure", "weight_class": 1, "permanent": true, "length_km": 4.3 }, "geometry": { "type": "LineString", "coordinates": [ [ 1.10851, 43.06285 ], [ 1.10663, 43.06078 ], [ 1.10539, 43.05674 ], [ 1.11172, 43.04958 ], [ 1.11054, 43.04674 ], [ 1.11186, 43.04432 ], [ 1.10976, 43.04281 ], [ 1.1091, 43.04035 ], [ 1.10673, 43.03978 ], [ 1.10557, 43.03754 ], [ 1.1003, 43.03674 ] ] } },
{ "type": "Feature", "properties": { "name": "Ruisseau de Mercenac", "weight_class": 1, "permanent": true, "length_km": 3.5 }, "geometry": { "type": "LineString", "coordinates": [ [ 1.07767, 43.0574 ], [ 1.0768, 43.05526 ], [ 1.08057, 43.04752 ], [ 1.08016, 43.0429 ], [ 1.07129, 43.04038 ], [ 1.0669, 43.04244 ], [ 1.06278, 43.04229 ] ] } },
{ "type": "Feature", "properties": { "name": "Ruisseau de Taurignan Castet", "weight_class": 1, "permanent": true, "length_km": 4.0 }, "geometry": { "type": "LineString", "coordinates": [ [ 1.08679, 43.0641 ], [ 1.08632, 43.06249 ], [ 1.08793, 43.05874 ], [ 1.09285, 43.05206 ], [ 1.09613, 43.04963 ], [ 1.0956, 43.04386 ], [ 1.08884, 43.04295 ], [ 1.08873, 43.03826 ] ] } },
{ "type": "Feature", "properties": { "name": "Rieu Clos", "weight_class": 2, "permanent": true, "length_km": 2.9 }, "geometry": { "type": "LineString", "coordinates": [ [ 1.03965, 43.05312 ], [ 1.03158, 43.05369 ], [ 1.02207, 43.04849 ], [ 1.01954, 43.04238 ], [ 1.02163, 43.03924 ] ] } },
{ "type": "Feature", "properties": { "name": "Ruisseau des Bufaux", "weight_class": 1, "permanent": true, "length_km": 2.6 }, "geometry": { "type": "LineString", "coordinates": [ [ 1.04684, 43.05972 ], [ 1.0515, 43.05848 ], [ 1.05318, 43.05631 ], [ 1.05823, 43.05334 ], [ 1.05952, 43.04788 ], [ 1.05868, 43.04541 ], [ 1.06016, 43.04343 ] ] } },
{ "type": "Feature", "properties": { "name": "Riou Tort", "weight_class": 1, "permanent": true, "length_km": 2.9 }, "geometry": { "type": "LineString", "coordinates": [ [ 1.16488, 43.03808 ], [ 1.16863, 43.03413 ], [ 1.17415, 43.03421 ], [ 1.17887, 43.03611 ], [ 1.18308, 43.03613 ], [ 1.18483, 43.03695 ], [ 1.18576, 43.04179 ], [ 1.18809, 43.04375 ] ] } },
{ "type": "Feature", "properties": { "name": "Ruisseau du Malet", "weight_class": 1, "permanent": true, "length_km": 2.7 }, "geometry": { "type": "LineString", "coordinates": [ [ 1.21419, 43.05092 ], [ 1.21291, 43.04885 ], [ 1.2132, 43.04496 ], [ 1.20982, 43.04164 ], [ 1.20987, 43.03808 ], [ 1.2113, 43.03502 ], [ 1.21012, 43.03312 ], [ 1.20747, 43.03349 ], [ 1.20626, 43.03137 ] ] } },
{ "type": "Feature", "properties": { "name": "Ruisseau des Baudis", "weight_class": 1, "permanent": true, "length_km": 3.5 }, "geometry": { "type": "LineString", "coordinates": [ [ 1.14842, 43.04123 ], [ 1.14563, 43.04519 ], [ 1.14962, 43.04742 ], [ 1.15147, 43.05227 ], [ 1.16652, 43.05446 ], [ 1.17361, 43.05241 ] ] } },
{ "type": "Feature", "properties": { "name": "Ruisseau de Vignoise", "weight_class": 1, "permanent": true, "length_km": 2.6 }, "geometry": { "type": "LineString", "coordinates": [ [ 1.16199, 43.03918 ], [ 1.16272, 43.04253 ], [ 1.16448, 43.04424 ], [ 1.16406, 43.04677 ], [ 1.16671, 43.0496 ], [ 1.17693, 43.05316 ], [ 1.18057, 43.05193 ] ] } },
{ "type": "Feature", "properties": { "name": "la Touasse", "weight_class": 1, "permanent": true, "length_km": 3.1 }, "geometry": { "type": "LineString", "coordinates": [ [ 1.14431, 43.04957 ], [ 1.1417, 43.05055 ], [ 1.13342, 43.04577 ], [ 1.12514, 43.04474 ], [ 1.1154, 43.03856 ] ] } },
{ "type": "Feature", "properties": { "name": "le Maté", "weight_class": 1, "permanent": true, "length_km": 3.2 }, "geometry": { "type": "LineString", "coordinates": [ [ 1.14294, 43.04049 ], [ 1.13245, 43.04261 ], [ 1.12965, 43.04118 ], [ 1.12756, 43.04125 ], [ 1.12525, 43.0397 ], [ 1.1154, 43.03856 ], [ 1.11331, 43.03887 ], [ 1.11206, 43.04025 ], [ 1.10855, 43.04002 ] ] } },
{ "type": "Feature", "properties": { "name": "le Marcazeau", "weight_class": 1, "permanent": true, "length_km": 5.6 }, "geometry": { "type": "LineString", "coordinates": [ [ 1.11252, 43.00125 ], [ 1.11143, 43.00507 ], [ 1.11374, 43.00718 ], [ 1.10475, 43.0149 ], [ 1.10465, 43.01843 ], [ 1.10311, 43.01978 ], [ 1.10435, 43.02322 ], [ 1.10306, 43.02514 ], [ 1.09828, 43.02615 ], [ 1.0964, 43.02894 ], [ 1.08828, 43.02881 ], [ 1.08007, 43.0336 ] ] } },
{ "type": "Feature", "properties": { "name": "Ruisseau du Gélan", "weight_class": 1, "permanent": true, "length_km": 6.9 }, "geometry": { "type": "LineString", "coordinates": [ [ 1.07123, 43.01719 ], [ 1.07191, 43.01407 ], [ 1.0708, 43.01225 ], [ 1.06993, 43.01141 ], [ 1.06542, 43.011 ], [ 1.05645, 43.01548 ], [ 1.05367, 43.01552 ], [ 1.04899, 43.0202 ], [ 1.04543, 43.02205 ], [ 1.04421, 43.02185 ], [ 1.04188, 43.0256 ], [ 1.03804, 43.02728 ], [ 1.03716, 43.02891 ], [ 1.03101, 43.02844 ], [ 1.02802, 43.02986 ], [ 1.02022, 43.02904 ], [ 1.01685, 43.03035 ] ] } },
{ "type": "Feature", "properties": { "name": "Ruisseau de Mireloup", "weight_class": 1, "permanent": false, "length_km": 2.8 }, "geometry": { "type": "LineString", "coordinates": [ [ 1.06217, 43.01921 ], [ 1.04811, 43.02423 ], [ 1.04743, 43.02674 ], [ 1.04848, 43.0286 ], [ 1.04712, 43.03034 ], [ 1.04909, 43.03272 ], [ 1.04739, 43.03544 ] ] } },
{ "type": "Feature", "properties": { "name": "Ruisseau de Bize", "weight_class": 1, "permanent": true, "length_km": 5.8 }, "geometry": { "type": "LineString", "coordinates": [ [ 1.19941, 43.01924 ], [ 1.20735, 43.01875 ], [ 1.21473, 43.01997 ], [ 1.21863, 43.01876 ], [ 1.22074, 43.01959 ], [ 1.22943, 43.01647 ], [ 1.23354, 43.0122 ], [ 1.23865, 43.01108 ], [ 1.24109, 43.00944 ], [ 1.24057, 43.00764 ], [ 1.23862, 43.00609 ], [ 1.23727, 43.00197 ], [ 1.23602, 43.00207 ], [ 1.23561, 43.00034 ], [ 1.23301, 42.99895 ] ] } },
{ "type": "Feature", "properties": { "name": "Ruisseau des Bains", "weight_class": 1, "permanent": true, "length_km": 3.6 }, "geometry": { "type": "LineString", "coordinates": [ [ 1.1755, 43.01732 ], [ 1.18362, 43.01285 ], [ 1.18484, 43.00909 ], [ 1.18326, 43.00662 ], [ 1.18717, 43.00103 ], [ 1.18495, 42.99735 ], [ 1.17786, 42.99557 ], [ 1.17802, 42.9943 ] ] } },
{ "type": "Feature", "properties": { "name": "Ruisseau de Peyrouo", "weight_class": 1, "permanent": false, "length_km": 2.2 }, "geometry": { "type": "LineString", "coordinates": [ [ 1.04697, 43.01456 ], [ 1.04452, 43.01455 ], [ 1.03822, 43.01668 ], [ 1.03661, 43.01827 ], [ 1.03508, 43.02203 ], [ 1.03818, 43.02726 ] ] } },
{ "type": "Feature", "properties": { "name": "le Niart/Ruisseau de Niart", "weight_class": 1, "permanent": true, "length_km": 5.2 }, "geometry": { "type": "LineString", "coordinates": [ [ 1.07879, 43.00888 ], [ 1.08582, 43.00861 ], [ 1.08764, 43.00933 ], [ 1.0966, 43.00866 ], [ 1.09768, 43.00975 ], [ 1.09733, 43.01511 ], [ 1.09832, 43.01591 ], [ 1.10197, 43.01607 ], [ 1.10211, 43.01725 ], [ 1.09922, 43.02097 ], [ 1.09436, 43.02371 ], [ 1.09428, 43.02502 ], [ 1.08993, 43.0266 ], [ 1.08606, 43.03006 ] ] } },
{ "type": "Feature", "properties": { "name": "Ruisseau de la Prade", "weight_class": 1, "permanent": true, "length_km": 3.6 }, "geometry": { "type": "LineString", "coordinates": [ [ 1.18696, 42.9682 ], [ 1.18954, 42.97205 ], [ 1.18597, 42.97589 ], [ 1.18948, 42.97901 ], [ 1.18773, 42.98093 ], [ 1.18967, 42.98534 ], [ 1.18488, 42.9906 ], [ 1.18028, 42.99267 ] ] } },
{ "type": "Feature", "properties": { "name": "Carbalasse", "weight_class": 1, "permanent": true, "length_km": 2.1 }, "geometry": { "type": "LineString", "coordinates": [ [ 1.15965, 42.96077 ], [ 1.15972, 42.96617 ], [ 1.15442, 42.97257 ], [ 1.1494, 42.97509 ], [ 1.14935, 42.97586 ] ] } },
{ "type": "Feature", "properties": { "name": "le Lez", "weight_class": 3, "permanent": true, "length_km": 36.9 }, "geometry": { "type": "LineString", "coordinates": [ [ 0.91036, 42.79885 ], [ 0.91205, 42.80256 ], [ 0.91134, 42.80401 ], [ 0.91339, 42.80897 ], [ 0.91528, 42.82067 ], [ 0.91652, 42.82194 ], [ 0.93239, 42.82379 ], [ 0.9355, 42.8254 ], [ 0.93573, 42.82759 ], [ 0.93712, 42.82858 ], [ 0.93656, 42.83017 ], [ 0.9392, 42.83903 ], [ 0.93704, 42.84606 ], [ 0.93758, 42.84832 ], [ 0.93449, 42.85291 ], [ 0.93891, 42.86342 ], [ 0.94323, 42.86772 ], [ 0.94525, 42.86799 ], [ 0.9516, 42.87207 ], [ 0.96059, 42.87445 ], [ 0.96378, 42.87694 ], [ 0.97929, 42.87557 ], [ 0.98287, 42.87681 ], [ 0.98606, 42.8753 ], [ 0.99064, 42.87465 ], [ 0.99388, 42.8749 ], [ 0.99737, 42.877 ], [ 1.00035, 42.87568 ], [ 1.00389, 42.87674 ], [ 1.00658, 42.87967 ], [ 1.00643, 42.88139 ], [ 1.00969, 42.88228 ], [ 1.01055, 42.88337 ], [ 1.01677, 42.88315 ], [ 1.02447, 42.88648 ], [ 1.02562, 42.8899 ], [ 1.02825, 42.89159 ], [ 1.02827, 42.89553 ], [ 1.02946, 42.89776 ], [ 1.02796, 42.90127 ], [ 1.02884, 42.90216 ], [ 1.02779, 42.90575 ], [ 1.02881, 42.91051 ], [ 1.02733, 42.91272 ], [ 1.02918, 42.91659 ], [ 1.02665, 42.92092 ], [ 1.02805, 42.9248 ], [ 1.02498, 42.92758 ], [ 1.0242, 42.93089 ], [ 1.02521, 42.93392 ], [ 1.03041, 42.94031 ], [ 1.04051, 42.94764 ], [ 1.04766, 42.95094 ], [ 1.0637, 42.94697 ], [ 1.07339, 42.94764 ], [ 1.08303, 42.95269 ], [ 1.08511, 42.95798 ], [ 1.08714, 42.95891 ], [ 1.08766, 42.9608 ], [ 1.09595, 42.96104 ], [ 1.10918, 42.96698 ], [ 1.11548, 42.97096 ], [ 1.12184, 42.97243 ], [ 1.12133, 42.97657 ], [ 1.1287, 42.97795 ], [ 1.13272, 42.98236 ], [ 1.14181, 42.98679 ] ] } },
{ "type": "Feature", "properties": { "name": "Ruisseau de Rieulong", "weight_class": 1, "permanent": true, "length_km": 3.0 }, "geometry": { "type": "LineString", "coordinates": [ [ 1.08416, 42.97699 ], [ 1.08874, 42.9793 ], [ 1.09329, 42.97841 ], [ 1.0983, 42.97544 ], [ 1.10619, 42.9732 ], [ 1.10769, 42.97157 ], [ 1.10986, 42.97147 ], [ 1.11294, 42.96922 ] ] } },
{ "type": "Feature", "properties": { "name": "Ruisseau d'Erp", "weight_class": 1, "permanent": true, "length_km": 4.7 }, "geometry": { "type": "LineString", "coordinates": [ [ 1.22225, 42.94638 ], [ 1.22038, 42.94504 ], [ 1.21119, 42.94405 ], [ 1.20761, 42.94202 ], [ 1.20255, 42.94182 ], [ 1.2, 42.94051 ], [ 1.18555, 42.94377 ], [ 1.1836, 42.94492 ], [ 1.17968, 42.94467 ], [ 1.17698, 42.94608 ], [ 1.17289, 42.94444 ] ] } },
{ "type": "Feature", "properties": { "name": "Canal de la Papeterie", "weight_class": 1, "permanent": true, "length_km": 4.5 }, "geometry": { "type": "LineString", "coordinates": [ [ 1.08702, 42.9588 ], [ 1.08934, 42.95855 ], [ 1.09766, 42.9604 ], [ 1.10841, 42.9641 ], [ 1.10848, 42.96542 ], [ 1.1114, 42.96771 ], [ 1.12208, 42.97135 ], [ 1.1303, 42.97798 ], [ 1.12956, 42.97862 ] ] } },
{ "type": "Feature", "properties": { "name": "Ruisseau Poudades/Poudades", "weight_class": 1, "permanent": true, "length_km": 4.1 }, "geometry": { "type": "LineString", "coordinates": [ [ 1.13734, 42.94347 ], [ 1.13009, 42.94826 ], [ 1.1289, 42.95007 ], [ 1.117, 42.95355 ], [ 1.11511, 42.955 ], [ 1.1134, 42.95462 ], [ 1.11053, 42.95774 ], [ 1.1111, 42.96123 ], [ 1.10635, 42.96604 ] ] } },
{ "type": "Feature", "properties": { "name": "Ruisseau de Remillassé", "weight_class": 1, "permanent": true, "length_km": 7.6 }, "geometry": { "type": "LineString", "coordinates": [ [ 1.09489, 42.88971 ], [ 1.09349, 42.89331 ], [ 1.09387, 42.89858 ], [ 1.09621, 42.90243 ], [ 1.09577, 42.90501 ], [ 1.09731, 42.9066 ], [ 1.09716, 42.90962 ], [ 1.09829, 42.91109 ], [ 1.09553, 42.91433 ], [ 1.09925, 42.92124 ], [ 1.09729, 42.92471 ], [ 1.0977, 42.92773 ], [ 1.09393, 42.93114 ], [ 1.09287, 42.93515 ], [ 1.08965, 42.9392 ], [ 1.0908, 42.94096 ], [ 1.09042, 42.94477 ], [ 1.09254, 42.94531 ], [ 1.09327, 42.9471 ] ] } },
{ "type": "Feature", "properties": { "name": "Ruisseau de Sour", "weight_class": 1, "permanent": true, "length_km": 5.8 }, "geometry": { "type": "LineString", "coordinates": [ [ 1.12251, 42.92001 ], [ 1.12248, 42.92254 ], [ 1.12056, 42.92389 ], [ 1.11689, 42.92441 ], [ 1.11636, 42.92618 ], [ 1.1144, 42.92715 ], [ 1.11489, 42.92978 ], [ 1.11078, 42.93245 ], [ 1.10627, 42.93831 ], [ 1.09887, 42.94464 ], [ 1.09415, 42.94563 ], [ 1.09309, 42.94723 ], [ 1.08819, 42.94898 ], [ 1.0847, 42.95325 ], [ 1.08322, 42.9533 ] ] } },
{ "type": "Feature", "properties": { "name": "Ruisseau d'Astien", "weight_class": 2, "permanent": true, "length_km": 5.0 }, "geometry": { "type": "LineString", "coordinates": [ [ 1.08074, 42.91232 ], [ 1.08311, 42.91674 ], [ 1.08233, 42.9184 ], [ 1.07369, 42.92213 ], [ 1.06939, 42.92603 ], [ 1.0697, 42.9287 ], [ 1.06612, 42.93643 ], [ 1.06109, 42.94123 ], [ 1.06174, 42.94382 ], [ 1.06474, 42.94714 ] ] } },
{ "type": "Feature", "properties": { "name": "Ruisseau de Cescau", "weight_class": 1, "permanent": true, "length_km": 2.9 }, "geometry": { "type": "LineString", "coordinates": [ [ 1.052, 42.92949 ], [ 1.04807, 42.92993 ], [ 1.04473, 42.92842 ], [ 1.03918, 42.92861 ], [ 1.03274, 42.93378 ], [ 1.03032, 42.94023 ] ] } },
{ "type": "Feature", "properties": { "name": "Ruisseau du Barech", "weight_class": 1, "permanent": true, "length_km": 2.1 }, "geometry": { "type": "LineString", "coordinates": [ [ 1.27818, 42.89989 ], [ 1.27982, 42.896 ], [ 1.27787, 42.89347 ], [ 1.27127, 42.89283 ], [ 1.26323, 42.89073 ] ] } },
{ "type": "Feature", "properties": { "name": "Ruisseau du Baux", "weight_class": 2, "permanent": false, "length_km": 2.0 }, "geometry": { "type": "LineString", "coordinates": [ [ 1.33539, 42.91284 ], [ 1.3359, 42.90426 ], [ 1.33211, 42.89997 ], [ 1.3321, 42.89795 ], [ 1.33065, 42.89635 ] ] } },
{ "type": "Feature", "properties": { "name": "Ruisseau de Matalas Sarradelles", "weight_class": 1, "permanent": false, "length_km": 2.4 }, "geometry": { "type": "LineString", "coordinates": [ [ 1.34991, 42.91206 ], [ 1.34949, 42.9089 ], [ 1.3516, 42.9062 ], [ 1.35253, 42.90152 ], [ 1.35041, 42.89831 ], [ 1.3515, 42.89452 ], [ 1.35003, 42.8923 ] ] } },
{ "type": "Feature", "properties": { "name": "Ruisseau de Pujabets", "weight_class": 1, "permanent": false, "length_km": 2.9 }, "geometry": { "type": "LineString", "coordinates": [ [ 1.22721, 42.84165 ], [ 1.23373, 42.85267 ], [ 1.23103, 42.85561 ], [ 1.23135, 42.86525 ] ] } },
{ "type": "Feature", "properties": { "name": "Ruisseau de Charlabeta", "weight_class": 1, "permanent": false, "length_km": 3.2 }, "geometry": { "type": "LineString", "coordinates": [ [ 1.24071, 42.83574 ], [ 1.24054, 42.84019 ], [ 1.242, 42.84177 ], [ 1.2425, 42.84745 ], [ 1.24465, 42.8493 ], [ 1.24407, 42.85714 ], [ 1.2426, 42.85876 ], [ 1.24319, 42.86196 ] ] } },
{ "type": "Feature", "properties": { "name": "Riou de Laffitte", "weight_class": 1, "permanent": false, "length_km": 2.4 }, "geometry": { "type": "LineString", "coordinates": [ [ 1.35607, 42.91766 ], [ 1.35538, 42.91365 ], [ 1.35695, 42.90787 ], [ 1.35639, 42.90582 ], [ 1.36202, 42.89798 ] ] } },
{ "type": "Feature", "properties": { "name": "Ruisseau d'Urbens", "weight_class": 1, "permanent": false, "length_km": 3.1 }, "geometry": { "type": "LineString", "coordinates": [ [ 1.32702, 42.87211 ], [ 1.32601, 42.87512 ], [ 1.32728, 42.87988 ], [ 1.32537, 42.88469 ], [ 1.32749, 42.88849 ], [ 1.331, 42.89032 ], [ 1.33296, 42.89264 ], [ 1.33019, 42.89627 ] ] } },
{ "type": "Feature", "properties": { "name": "Ruisseau de Bastard", "weight_class": 1, "permanent": true, "length_km": 2.0 }, "geometry": { "type": "LineString", "coordinates": [ [ 1.39714, 42.80651 ], [ 1.39529, 42.80579 ], [ 1.39259, 42.80653 ], [ 1.38794, 42.8095 ], [ 1.38747, 42.81446 ], [ 1.38467, 42.8171 ] ] } },
{ "type": "Feature", "properties": { "name": "Ruisseau de l'Areille", "weight_class": 1, "permanent": false, "length_km": 2.2 }, "geometry": { "type": "LineString", "coordinates": [ [ 1.40039, 42.82868 ], [ 1.39609, 42.82875 ], [ 1.38517, 42.83523 ], [ 1.37765, 42.83369 ] ] } },
{ "type": "Feature", "properties": { "name": "Ruisseau de Clot de Bals", "weight_class": 1, "permanent": false, "length_km": 2.2 }, "geometry": { "type": "LineString", "coordinates": [ [ 1.33004, 42.87635 ], [ 1.333, 42.87975 ], [ 1.33254, 42.88096 ], [ 1.33496, 42.88706 ], [ 1.33929, 42.89168 ], [ 1.33902, 42.89401 ] ] } },
{ "type": "Feature", "properties": { "name": "Ruisseau de Neyert/Ruisseau de Fourquets", "weight_class": 1, "permanent": true, "length_km": 5.1 }, "geometry": { "type": "LineString", "coordinates": [ [ 1.36596, 42.9259 ], [ 1.3655, 42.9207 ], [ 1.36826, 42.91809 ], [ 1.36681, 42.91467 ], [ 1.37026, 42.9126 ], [ 1.37151, 42.90399 ], [ 1.37363, 42.90162 ], [ 1.36948, 42.89867 ], [ 1.36864, 42.89534 ], [ 1.37044, 42.88788 ] ] } },
{ "type": "Feature", "properties": { "name": "Ruisseau de Leychen", "weight_class": 1, "permanent": true, "length_km": 4.5 }, "geometry": { "type": "LineString", "coordinates": [ [ 1.34132, 42.85723 ], [ 1.34216, 42.8621 ], [ 1.34107, 42.86607 ], [ 1.34407, 42.86792 ], [ 1.34304, 42.8737 ], [ 1.34373, 42.87542 ], [ 1.34751, 42.87647 ], [ 1.34706, 42.87937 ], [ 1.34876, 42.88186 ], [ 1.348, 42.88247 ], [ 1.352, 42.88633 ], [ 1.35198, 42.89022 ] ] } },
{ "type": "Feature", "properties": { "name": "Ruisseau de Crambau", "weight_class": 1, "permanent": false, "length_km": 2.9 }, "geometry": { "type": "LineString", "coordinates": [ [ 1.3542, 42.80411 ], [ 1.34971, 42.80332 ], [ 1.34002, 42.80571 ], [ 1.33294, 42.80579 ], [ 1.32704, 42.80487 ], [ 1.32482, 42.80359 ], [ 1.32405, 42.80157 ] ] } },
{ "type": "Feature", "properties": { "name": "Ruisseau de la Lau", "weight_class": 1, "permanent": true, "length_km": 2.9 }, "geometry": { "type": "LineString", "coordinates": [ [ 1.37588, 42.84196 ], [ 1.37321, 42.84839 ], [ 1.3733, 42.85235 ], [ 1.37112, 42.85557 ], [ 1.37322, 42.85728 ], [ 1.37291, 42.86104 ], [ 1.37491, 42.86215 ], [ 1.37373, 42.86504 ] ] } },
{ "type": "Feature", "properties": { "name": null, "weight_class": 1, "permanent": false, "length_km": 2.8 }, "geometry": { "type": "LineString", "coordinates": [ [ 1.40566, 42.82427 ], [ 1.40555, 42.82501 ], [ 1.40185, 42.82559 ], [ 1.39858, 42.82478 ], [ 1.39459, 42.82203 ], [ 1.39052, 42.82352 ], [ 1.38959, 42.82291 ], [ 1.38993, 42.8308 ], [ 1.39189, 42.83148 ] ] } },
{ "type": "Feature", "properties": { "name": "Ruisseau des Ascles", "weight_class": 1, "permanent": true, "length_km": 2.2 }, "geometry": { "type": "LineString", "coordinates": [ [ 1.40664, 42.91988 ], [ 1.39925, 42.92124 ], [ 1.39432, 42.92423 ], [ 1.39122, 42.92795 ], [ 1.39091, 42.93247 ] ] } },
{ "type": "Feature", "properties": { "name": "Ruisseau de Nogué", "weight_class": 1, "permanent": true, "length_km": 2.1 }, "geometry": { "type": "LineString", "coordinates": [ [ 1.40766, 42.92764 ], [ 1.40395, 42.92997 ], [ 1.40008, 42.92821 ], [ 1.39716, 42.93055 ], [ 1.3958, 42.93063 ], [ 1.39414, 42.93296 ], [ 1.39186, 42.93221 ], [ 1.38936, 42.93314 ] ] } },
{ "type": "Feature", "properties": { "name": "Goute de Caulassa", "weight_class": 1, "permanent": true, "length_km": 2.4 }, "geometry": { "type": "LineString", "coordinates": [ [ 1.39456, 42.91337 ], [ 1.39224, 42.91084 ], [ 1.38753, 42.90877 ], [ 1.38543, 42.90683 ], [ 1.38251, 42.90629 ], [ 1.38025, 42.90471 ], [ 1.37837, 42.905 ], [ 1.37348, 42.90183 ] ] } },
{ "type": "Feature", "properties": { "name": "Ruisseau de Toulza", "weight_class": 1, "permanent": true, "length_km": 2.4 }, "geometry": { "type": "LineString", "coordinates": [ [ 1.37017, 42.93056 ], [ 1.37464, 42.92939 ], [ 1.37739, 42.93087 ], [ 1.37952, 42.93884 ], [ 1.37648, 42.94474 ] ] } },
{ "type": "Feature", "properties": { "name": "Ruisseau d'Ornas", "weight_class": 1, "permanent": true, "length_km": 6.4 }, "geometry": { "type": "LineString", "coordinates": [ [ 1.35341, 42.92844 ], [ 1.34926, 42.92298 ], [ 1.34274, 42.92058 ], [ 1.33655, 42.92069 ], [ 1.33528, 42.92138 ], [ 1.3336, 42.92089 ], [ 1.3292, 42.92203 ], [ 1.32605, 42.92078 ], [ 1.3199, 42.92097 ], [ 1.31927, 42.91943 ], [ 1.31638, 42.91915 ], [ 1.31281, 42.91447 ], [ 1.31134, 42.91394 ], [ 1.30757, 42.90683 ], [ 1.30776, 42.90459 ], [ 1.30662, 42.90365 ], [ 1.30784, 42.8998 ] ] } },
{ "type": "Feature", "properties": { "name": "Ruisseau de Colle", "weight_class": 1, "permanent": true, "length_km": 2.7 }, "geometry": { "type": "LineString", "coordinates": [ [ 1.36372, 42.90853 ], [ 1.36596, 42.90224 ], [ 1.36094, 42.89713 ], [ 1.36075, 42.89531 ], [ 1.35509, 42.89482 ], [ 1.34993, 42.89221 ] ] } },
{ "type": "Feature", "properties": { "name": "Ruisseau de Berret", "weight_class": 1, "permanent": true, "length_km": 2.7 }, "geometry": { "type": "LineString", "coordinates": [ [ 1.29088, 42.92733 ], [ 1.29284, 42.92604 ], [ 1.29513, 42.92144 ], [ 1.2989, 42.91985 ], [ 1.2998, 42.91851 ], [ 1.29505, 42.91499 ], [ 1.29273, 42.91107 ], [ 1.28965, 42.90901 ] ] } },
{ "type": "Feature", "properties": { "name": "Ruisseau d'Espans", "weight_class": 1, "permanent": true, "length_km": 2.0 }, "geometry": { "type": "LineString", "coordinates": [ [ 1.26445, 42.92969 ], [ 1.26336, 42.9263 ], [ 1.25957, 42.92363 ], [ 1.25841, 42.91918 ], [ 1.25984, 42.91507 ], [ 1.2591, 42.91419 ] ] } },
{ "type": "Feature", "properties": { "name": "l'Arac/Arac", "weight_class": 2, "permanent": true, "length_km": 27.9 }, "geometry": { "type": "LineString", "coordinates": [ [ 1.43623, 42.83581 ], [ 1.43243, 42.8371 ], [ 1.42618, 42.8364 ], [ 1.41974, 42.83751 ], [ 1.4168, 42.84215 ], [ 1.41096, 42.84628 ], [ 1.40724, 42.84763 ], [ 1.40478, 42.85008 ], [ 1.40209, 42.85107 ], [ 1.39489, 42.85077 ], [ 1.39034, 42.85274 ], [ 1.38909, 42.85464 ], [ 1.38435, 42.85783 ], [ 1.38389, 42.85957 ], [ 1.37906, 42.8612 ], [ 1.37557, 42.86481 ], [ 1.37278, 42.86541 ], [ 1.37232, 42.8711 ], [ 1.3655, 42.87436 ], [ 1.36343, 42.87749 ], [ 1.36054, 42.87719 ], [ 1.35908, 42.87933 ], [ 1.35695, 42.88005 ], [ 1.35772, 42.88884 ], [ 1.35581, 42.89 ], [ 1.35207, 42.89017 ], [ 1.34989, 42.89224 ], [ 1.34544, 42.89393 ], [ 1.34286, 42.89325 ], [ 1.34154, 42.89492 ], [ 1.33372, 42.89539 ], [ 1.33124, 42.89641 ], [ 1.32651, 42.89621 ], [ 1.32466, 42.89729 ], [ 1.31964, 42.8967 ], [ 1.31715, 42.89772 ], [ 1.30931, 42.89805 ], [ 1.30785, 42.8998 ], [ 1.30296, 42.89979 ], [ 1.30131, 42.90154 ], [ 1.29749, 42.90208 ], [ 1.29618, 42.90331 ], [ 1.29195, 42.90336 ], [ 1.29212, 42.90799 ], [ 1.28605, 42.91016 ], [ 1.28121, 42.91075 ], [ 1.28037, 42.90787 ], [ 1.27654, 42.90927 ], [ 1.27467, 42.90792 ], [ 1.27452, 42.91033 ], [ 1.27359, 42.91055 ], [ 1.27256, 42.90855 ], [ 1.27183, 42.91065 ], [ 1.26955, 42.91088 ], [ 1.26617, 42.91479 ], [ 1.26432, 42.91561 ], [ 1.26353, 42.91346 ], [ 1.25863, 42.91435 ], [ 1.25616, 42.91374 ], [ 1.25538, 42.91493 ], [ 1.25375, 42.91284 ], [ 1.25456, 42.91188 ], [ 1.2532, 42.91189 ], [ 1.24963, 42.90879 ], [ 1.2485, 42.90583 ], [ 1.24507, 42.90595 ], [ 1.24111, 42.90183 ], [ 1.2372, 42.90245 ], [ 1.23146, 42.89923 ], [ 1.22923, 42.90206 ], [ 1.22529, 42.90111 ], [ 1.21816, 42.90766 ], [ 1.21426, 42.90978 ] ] } },
{ "type": "Feature", "properties": { "name": "Agouelle Galy", "weight_class": 1, "permanent": true, "length_km": 6.4 }, "geometry": { "type": "LineString", "coordinates": [ [ 1.44327, 42.86352 ], [ 1.44147, 42.86578 ], [ 1.44375, 42.86811 ], [ 1.44289, 42.87066 ], [ 1.44375, 42.87186 ], [ 1.44646, 42.87268 ], [ 1.44445, 42.87456 ], [ 1.44449, 42.87728 ], [ 1.44574, 42.87826 ], [ 1.44468, 42.8803 ], [ 1.44315, 42.88012 ], [ 1.44155, 42.88175 ], [ 1.43892, 42.88062 ], [ 1.43757, 42.88137 ], [ 1.43638, 42.88045 ], [ 1.42992, 42.88159 ], [ 1.4254, 42.88133 ], [ 1.42453, 42.88558 ], [ 1.41951, 42.88662 ], [ 1.41783, 42.89138 ], [ 1.41282, 42.89257 ] ] } },
{ "type": "Feature", "properties": { "name": "Ruisseau de Liers", "weight_class": 1, "permanent": true, "length_km": 10.0 }, "geometry": { "type": "LineString", "coordinates": [ [ 1.44754, 42.85642 ], [ 1.44751, 42.85844 ], [ 1.44625, 42.85891 ], [ 1.44652, 42.85985 ], [ 1.44337, 42.86342 ], [ 1.43838, 42.86347 ], [ 1.43585, 42.86611 ], [ 1.43508, 42.86889 ], [ 1.4308, 42.87272 ], [ 1.4169, 42.87576 ], [ 1.41566, 42.8797 ], [ 1.40111, 42.88741 ], [ 1.39425, 42.88833 ], [ 1.38962, 42.891 ], [ 1.38829, 42.89017 ], [ 1.37821, 42.88933 ], [ 1.37449, 42.88772 ], [ 1.37022, 42.8879 ], [ 1.36331, 42.88619 ], [ 1.35768, 42.88767 ] ] } },
{ "type": "Feature", "properties": { "name": "Ruisseau de Bagen", "weight_class": 1, "permanent": true, "length_km": 7.5 }, "geometry": { "type": "LineString", "coordinates": [ [ 1.33248, 42.84782 ], [ 1.3272, 42.85076 ], [ 1.32287, 42.85506 ], [ 1.31471, 42.85825 ], [ 1.31382, 42.86333 ], [ 1.30904, 42.87188 ], [ 1.31054, 42.87417 ], [ 1.30907, 42.87509 ], [ 1.30909, 42.88029 ], [ 1.31043, 42.88283 ], [ 1.31392, 42.88316 ], [ 1.31463, 42.88528 ], [ 1.31314, 42.88833 ], [ 1.31362, 42.89002 ], [ 1.31205, 42.8904 ], [ 1.31213, 42.89263 ], [ 1.31299, 42.89278 ], [ 1.31167, 42.89741 ], [ 1.30957, 42.89803 ] ] } },
{ "type": "Feature", "properties": { "name": "Ruisseau de Lègnes", "weight_class": 1, "permanent": false, "length_km": 2.1 }, "geometry": { "type": "LineString", "coordinates": [ [ 1.29212, 42.88184 ], [ 1.29757, 42.88644 ], [ 1.30583, 42.88761 ], [ 1.30831, 42.89017 ], [ 1.31222, 42.891 ] ] } },
{ "type": "Feature", "properties": { "name": "Ruisseau de Régudé", "weight_class": 1, "permanent": true, "length_km": 4.7 }, "geometry": { "type": "LineString", "coordinates": [ [ 1.26258, 42.87105 ], [ 1.26021, 42.87327 ], [ 1.26008, 42.8765 ], [ 1.25625, 42.87886 ], [ 1.25428, 42.88187 ], [ 1.24419, 42.88753 ], [ 1.24456, 42.88901 ], [ 1.24306, 42.8911 ], [ 1.23907, 42.89253 ], [ 1.23714, 42.89492 ], [ 1.22934, 42.89879 ], [ 1.22998, 42.90032 ] ] } },
{ "type": "Feature", "properties": { "name": "Ruisseau d'Aleu", "weight_class": 1, "permanent": true, "length_km": 5.5 }, "geometry": { "type": "LineString", "coordinates": [ [ 1.28244, 42.87279 ], [ 1.28023, 42.87847 ], [ 1.26933, 42.88215 ], [ 1.26595, 42.88461 ], [ 1.26479, 42.88888 ], [ 1.26318, 42.89123 ], [ 1.26039, 42.89291 ], [ 1.26105, 42.89389 ], [ 1.25959, 42.8983 ], [ 1.25641, 42.90426 ], [ 1.24805, 42.90567 ] ] } },
{ "type": "Feature", "properties": { "name": "Ruisseau de Listard", "weight_class": 1, "permanent": true, "length_km": 2.5 }, "geometry": { "type": "LineString", "coordinates": [ [ 1.39897, 42.86748 ], [ 1.3933, 42.8803 ], [ 1.39407, 42.8884 ] ] } },
{ "type": "Feature", "properties": { "name": "Ruisseau de Mundet", "weight_class": 1, "permanent": true, "length_km": 3.3 }, "geometry": { "type": "LineString", "coordinates": [ [ 1.43316, 42.85146 ], [ 1.43361, 42.85377 ], [ 1.432, 42.85457 ], [ 1.43077, 42.85738 ], [ 1.42787, 42.85878 ], [ 1.41838, 42.87043 ], [ 1.4169, 42.87576 ] ] } },
{ "type": "Feature", "properties": { "name": "Ruisseau de Courtignou", "weight_class": 1, "permanent": true, "length_km": 9.4 }, "geometry": { "type": "LineString", "coordinates": [ [ 1.41076, 42.80752 ], [ 1.40885, 42.80737 ], [ 1.4029, 42.8093 ], [ 1.39905, 42.81168 ], [ 1.3948, 42.81669 ], [ 1.3876, 42.81599 ], [ 1.38424, 42.81781 ], [ 1.38101, 42.81821 ], [ 1.37951, 42.81958 ], [ 1.37955, 42.82926 ], [ 1.37678, 42.83495 ], [ 1.37785, 42.83667 ], [ 1.37588, 42.83904 ], [ 1.37596, 42.84178 ], [ 1.3742, 42.84576 ], [ 1.37235, 42.84721 ], [ 1.3721, 42.85196 ], [ 1.36901, 42.85598 ], [ 1.37008, 42.8565 ], [ 1.37063, 42.85922 ], [ 1.36993, 42.862 ], [ 1.37278, 42.86541 ] ] } },
{ "type": "Feature", "properties": { "name": "Ruisseau de Loulé", "weight_class": 1, "permanent": true, "length_km": 3.8 }, "geometry": { "type": "LineString", "coordinates": [ [ 1.28802, 42.87843 ], [ 1.28326, 42.87856 ], [ 1.28257, 42.87923 ], [ 1.2811, 42.8845 ], [ 1.28172, 42.88921 ], [ 1.28554, 42.89409 ], [ 1.29288, 42.89599 ], [ 1.2969, 42.90234 ] ] } },
{ "type": "Feature", "properties": { "name": "Ruisseau de Sercenade", "weight_class": 1, "permanent": true, "length_km": 2.5 }, "geometry": { "type": "LineString", "coordinates": [ [ 1.29558, 42.8653 ], [ 1.29398, 42.86776 ], [ 1.29642, 42.86947 ], [ 1.29626, 42.87178 ], [ 1.29845, 42.87476 ], [ 1.30113, 42.87659 ], [ 1.30339, 42.87686 ], [ 1.30528, 42.87971 ], [ 1.30902, 42.87945 ] ] } },
{ "type": "Feature", "properties": { "name": "Ruisseau de l'Estagette et du Moula/Ruisseau du Moula et de l'Estagette", "weight_class": 1, "permanent": true, "length_km": 6.7 }, "geometry": { "type": "LineString", "coordinates": [ [ 1.35889, 42.81823 ], [ 1.35673, 42.8158 ], [ 1.35275, 42.81576 ], [ 1.34902, 42.81454 ], [ 1.3385, 42.81859 ], [ 1.32523, 42.82787 ], [ 1.30964, 42.83062 ], [ 1.30778, 42.83176 ], [ 1.30111, 42.83155 ], [ 1.29946, 42.83475 ], [ 1.296, 42.83779 ] ] } },
{ "type": "Feature", "properties": { "name": "Ruisseau de Lersas", "weight_class": 1, "permanent": true, "length_km": 3.9 }, "geometry": { "type": "LineString", "coordinates": [ [ 1.42217, 42.8299 ], [ 1.41993, 42.82931 ], [ 1.41625, 42.8302 ], [ 1.41266, 42.83431 ], [ 1.40895, 42.83335 ], [ 1.40757, 42.83401 ], [ 1.40547, 42.83944 ], [ 1.40227, 42.84089 ], [ 1.3975, 42.84631 ], [ 1.39618, 42.85077 ] ] } },
{ "type": "Feature", "properties": { "name": "Ruisseau de Pistoulet", "weight_class": 1, "permanent": true, "length_km": 2.2 }, "geometry": { "type": "LineString", "coordinates": [ [ 1.43729, 42.84437 ], [ 1.43024, 42.84362 ], [ 1.42151, 42.84671 ], [ 1.41321, 42.84481 ] ] } },
{ "type": "Feature", "properties": { "name": "Ruisseau d'Ourtrigous/Ruisseau d'Arbeit", "weight_class": 1, "permanent": true, "length_km": 4.8 }, "geometry": { "type": "LineString", "coordinates": [ [ 1.354, 42.82481 ], [ 1.3538, 42.82712 ], [ 1.34943, 42.8304 ], [ 1.35168, 42.83624 ], [ 1.35394, 42.83826 ], [ 1.35445, 42.84044 ], [ 1.35654, 42.84099 ], [ 1.35735, 42.84246 ], [ 1.35882, 42.84762 ], [ 1.35864, 42.85161 ], [ 1.36416, 42.85564 ], [ 1.36901, 42.85598 ] ] } },
{ "type": "Feature", "properties": { "name": "Ruisseau des Lanes", "weight_class": 1, "permanent": false, "length_km": 4.4 }, "geometry": { "type": "LineString", "coordinates": [ [ 1.33189, 42.84167 ], [ 1.31899, 42.84536 ], [ 1.31489, 42.84348 ], [ 1.30414, 42.8441 ], [ 1.29984, 42.84191 ], [ 1.29742, 42.84187 ], [ 1.29475, 42.84311 ], [ 1.29086, 42.84787 ], [ 1.28716, 42.84697 ] ] } },
{ "type": "Feature", "properties": { "name": "Ruisseau de la Coume de l'Artigou", "weight_class": 1, "permanent": false, "length_km": 3.7 }, "geometry": { "type": "LineString", "coordinates": [ [ 1.26519, 42.83057 ], [ 1.26582, 42.83303 ], [ 1.26018, 42.84005 ], [ 1.25886, 42.84551 ], [ 1.25534, 42.84853 ], [ 1.25572, 42.85159 ], [ 1.25385, 42.85327 ], [ 1.25325, 42.85986 ] ] } },
{ "type": "Feature", "properties": { "name": "Ruisseau de Ribaut", "weight_class": 1, "permanent": false, "length_km": 2.2 }, "geometry": { "type": "LineString", "coordinates": [ [ 1.35772, 42.80221 ], [ 1.35419, 42.79758 ], [ 1.34902, 42.79533 ], [ 1.3457, 42.79162 ], [ 1.34018, 42.78847 ] ] } },
{ "type": "Feature", "properties": { "name": "Ruisseau de Menthé", "weight_class": 1, "permanent": true, "length_km": 2.5 }, "geometry": { "type": "LineString", "coordinates": [ [ 1.41731, 42.81345 ], [ 1.41597, 42.81033 ], [ 1.41757, 42.80547 ], [ 1.4195, 42.80511 ], [ 1.42543, 42.80663 ], [ 1.42831, 42.80474 ], [ 1.43357, 42.80399 ] ] } },
{ "type": "Feature", "properties": { "name": "Ruisseau de Latrape", "weight_class": 1, "permanent": true, "length_km": 3.9 }, "geometry": { "type": "LineString", "coordinates": [ [ 1.31153, 42.79555 ], [ 1.30042, 42.80049 ], [ 1.29317, 42.80075 ], [ 1.28268, 42.80275 ], [ 1.27656, 42.80246 ], [ 1.2726, 42.80129 ], [ 1.2686, 42.80359 ] ] } },
{ "type": "Feature", "properties": { "name": "Ruisseau de Bielle", "weight_class": 1, "permanent": true, "length_km": 6.3 }, "geometry": { "type": "LineString", "coordinates": [ [ 1.23053, 42.76944 ], [ 1.23435, 42.76873 ], [ 1.23539, 42.77124 ], [ 1.23415, 42.77285 ], [ 1.24108, 42.77778 ], [ 1.24783, 42.77939 ], [ 1.24995, 42.78309 ], [ 1.24872, 42.7862 ], [ 1.24916, 42.78808 ], [ 1.25211, 42.79297 ], [ 1.25394, 42.80026 ], [ 1.25948, 42.80563 ], [ 1.25764, 42.80818 ], [ 1.26032, 42.80924 ] ] } },
{ "type": "Feature", "properties": { "name": "Ruisseau de Roumazet", "weight_class": 1, "permanent": true, "length_km": 3.1 }, "geometry": { "type": "LineString", "coordinates": [ [ 1.42068, 42.63395 ], [ 1.42146, 42.637 ], [ 1.42324, 42.63785 ], [ 1.42872, 42.63512 ], [ 1.43247, 42.63477 ], [ 1.43715, 42.63697 ], [ 1.44396, 42.63609 ], [ 1.44921, 42.63676 ], [ 1.44913, 42.63733 ] ] } },
{ "type": "Feature", "properties": { "name": "Ruisseau del Laou", "weight_class": 1, "permanent": false, "length_km": 2.6 }, "geometry": { "type": "LineString", "coordinates": [ [ 1.33832, 42.76542 ], [ 1.34213, 42.76789 ], [ 1.33867, 42.77372 ], [ 1.33937, 42.77571 ], [ 1.34216, 42.77697 ], [ 1.35289, 42.77864 ] ] } },
{ "type": "Feature", "properties": { "name": "Ruisseau de Bersil", "weight_class": 1, "permanent": false, "length_km": 3.3 }, "geometry": { "type": "LineString", "coordinates": [ [ 1.40561, 42.72347 ], [ 1.40979, 42.72397 ], [ 1.41578, 42.72615 ], [ 1.42188, 42.72242 ], [ 1.42436, 42.72219 ], [ 1.42823, 42.71733 ], [ 1.43545, 42.71454 ] ] } },
{ "type": "Feature", "properties": { "name": "Ruisseau de Turguilla", "weight_class": 1, "permanent": true, "length_km": 2.5 }, "geometry": { "type": "LineString", "coordinates": [ [ 1.31845, 42.7362 ], [ 1.31027, 42.74268 ], [ 1.30667, 42.74416 ], [ 1.29912, 42.74343 ], [ 1.29627, 42.74674 ] ] } },
{ "type": "Feature", "properties": { "name": null, "weight_class": 1, "permanent": false, "length_km": 2.0 }, "geometry": { "type": "LineString", "coordinates": [ [ 1.25446, 42.71514 ], [ 1.25292, 42.72192 ], [ 1.2504, 42.72424 ], [ 1.25034, 42.732 ] ] } },
{ "type": "Feature", "properties": { "name": null, "weight_class": 1, "permanent": false, "length_km": 2.1 }, "geometry": { "type": "LineString", "coordinates": [ [ 1.37491, 42.69571 ], [ 1.37105, 42.70298 ], [ 1.36746, 42.70471 ], [ 1.37422, 42.70884 ] ] } },
{ "type": "Feature", "properties": { "name": "Ruisseau de Saleix", "weight_class": 1, "permanent": true, "length_km": 7.9 }, "geometry": { "type": "LineString", "coordinates": [ [ 1.40514, 42.78108 ], [ 1.4126, 42.78166 ], [ 1.41915, 42.77949 ], [ 1.43107, 42.77978 ], [ 1.43705, 42.77782 ], [ 1.43909, 42.7723 ], [ 1.45649, 42.77101 ], [ 1.46136, 42.77236 ], [ 1.46838, 42.77043 ], [ 1.47492, 42.76706 ], [ 1.48561, 42.76626 ] ] } },
{ "type": "Feature", "properties": { "name": "Ruisseau de Bassiès", "weight_class": 1, "permanent": true, "length_km": 9.3 }, "geometry": { "type": "LineString", "coordinates": [ [ 1.39892, 42.74004 ], [ 1.40461, 42.74167 ], [ 1.40179, 42.74628 ], [ 1.40127, 42.75103 ], [ 1.40184, 42.75243 ], [ 1.40401, 42.75331 ], [ 1.40729, 42.75966 ], [ 1.41343, 42.76341 ], [ 1.41396, 42.76494 ], [ 1.41871, 42.7645 ], [ 1.42181, 42.76182 ], [ 1.42541, 42.76126 ], [ 1.42669, 42.76022 ], [ 1.43271, 42.75953 ], [ 1.43615, 42.75698 ], [ 1.44628, 42.75355 ], [ 1.44667, 42.75112 ], [ 1.45189, 42.74753 ], [ 1.45871, 42.74441 ], [ 1.45988, 42.74305 ], [ 1.46259, 42.7434 ] ] } },
{ "type": "Feature", "properties": { "name": "Rivière d'Ars", "weight_class": 1, "permanent": true, "length_km": 8.2 }, "geometry": { "type": "LineString", "coordinates": [ [ 1.34318, 42.72331 ], [ 1.34859, 42.73261 ], [ 1.34871, 42.73456 ], [ 1.35143, 42.7374 ], [ 1.35197, 42.74057 ], [ 1.35451, 42.74194 ], [ 1.35665, 42.74663 ], [ 1.36061, 42.75112 ], [ 1.36101, 42.75417 ], [ 1.3633, 42.75587 ], [ 1.3616, 42.76379 ], [ 1.35525, 42.76777 ], [ 1.3552, 42.76989 ], [ 1.35084, 42.77568 ], [ 1.35312, 42.77798 ], [ 1.35228, 42.78071 ], [ 1.35308, 42.78312 ], [ 1.35202, 42.78403 ] ] } },
{ "type": "Feature", "properties": { "name": "Ruisseau Mérigue", "weight_class": 1, "permanent": true, "length_km": 3.1 }, "geometry": { "type": "LineString", "coordinates": [ [ 1.40289, 42.7818 ], [ 1.39499, 42.78119 ], [ 1.39259, 42.78254 ], [ 1.38495, 42.7842 ], [ 1.38182, 42.78593 ], [ 1.37618, 42.78559 ], [ 1.37017, 42.78161 ] ] } },
{ "type": "Feature", "properties": { "name": "Ruisseau de Lauze", "weight_class": 1, "permanent": true, "length_km": 2.4 }, "geometry": { "type": "LineString", "coordinates": [ [ 1.39358, 42.77739 ], [ 1.39219, 42.78025 ], [ 1.38521, 42.78207 ], [ 1.3763, 42.78252 ], [ 1.37069, 42.78097 ] ] } },
{ "type": "Feature", "properties": { "name": "Ruisseau du Fouillet", "weight_class": 1, "permanent": true, "length_km": 6.3 }, "geometry": { "type": "LineString", "coordinates": [ [ 1.34045, 42.74603 ], [ 1.33577, 42.75261 ], [ 1.33167, 42.7557 ], [ 1.3282, 42.76283 ], [ 1.32983, 42.76987 ], [ 1.32777, 42.77107 ], [ 1.32717, 42.77296 ], [ 1.32808, 42.77633 ], [ 1.32636, 42.77895 ], [ 1.32607, 42.78209 ], [ 1.32755, 42.78367 ], [ 1.32608, 42.78473 ], [ 1.32713, 42.78588 ], [ 1.32637, 42.78702 ], [ 1.32778, 42.78931 ], [ 1.33304, 42.79213 ] ] } },
{ "type": "Feature", "properties": { "name": "Ruisseau des Foursons", "weight_class": 1, "permanent": false, "length_km": 2.5 }, "geometry": { "type": "LineString", "coordinates": [ [ 1.30623, 42.78346 ], [ 1.31231, 42.78831 ], [ 1.31837, 42.78918 ], [ 1.33078, 42.79321 ] ] } },
{ "type": "Feature", "properties": { "name": "Ruisseau de Guzet", "weight_class": 1, "permanent": false, "length_km": 4.4 }, "geometry": { "type": "LineString", "coordinates": [ [ 1.3057, 42.77527 ], [ 1.30393, 42.77518 ], [ 1.29703, 42.78201 ], [ 1.29086, 42.78425 ], [ 1.28627, 42.78903 ], [ 1.28312, 42.79091 ], [ 1.28235, 42.79373 ], [ 1.27971, 42.79666 ], [ 1.27286, 42.79868 ], [ 1.27022, 42.80045 ] ] } },
{ "type": "Feature", "properties": { "name": "Ruisseau de Fraychet", "weight_class": 1, "permanent": false, "length_km": 2.7 }, "geometry": { "type": "LineString", "coordinates": [ [ 1.30851, 42.76491 ], [ 1.30592, 42.76629 ], [ 1.30172, 42.76652 ], [ 1.29936, 42.76606 ], [ 1.29568, 42.7635 ], [ 1.28524, 42.76198 ], [ 1.28243, 42.76467 ] ] } },
{ "type": "Feature", "properties": { "name": "Ossèse", "weight_class": 1, "permanent": true, "length_km": 7.0 }, "geometry": { "type": "LineString", "coordinates": [ [ 1.24127, 42.72814 ], [ 1.24758, 42.73095 ], [ 1.25267, 42.73489 ], [ 1.25302, 42.74251 ], [ 1.25195, 42.74258 ], [ 1.25059, 42.74465 ], [ 1.25168, 42.75191 ], [ 1.25783, 42.759 ], [ 1.25845, 42.76266 ], [ 1.26098, 42.76632 ], [ 1.2633, 42.76733 ], [ 1.26575, 42.77207 ], [ 1.27027, 42.7754 ], [ 1.27283, 42.77584 ] ] } },
{ "type": "Feature", "properties": { "name": "Ruisseau d'Ardio", "weight_class": 1, "permanent": false, "length_km": 2.2 }, "geometry": { "type": "LineString", "coordinates": [ [ 1.22818, 42.77867 ], [ 1.23299, 42.78283 ], [ 1.24211, 42.7845 ], [ 1.24515, 42.78575 ], [ 1.24697, 42.78815 ], [ 1.24913, 42.78796 ] ] } },
{ "type": "Feature", "properties": { "name": null, "weight_class": 1, "permanent": false, "length_km": 2.6 }, "geometry": { "type": "LineString", "coordinates": [ [ 1.41017, 42.73485 ], [ 1.41071, 42.74519 ], [ 1.40909, 42.74911 ], [ 1.40906, 42.75284 ], [ 1.40484, 42.75499 ] ] } },
{ "type": "Feature", "properties": { "name": "Ruisseau d'Argansou", "weight_class": 1, "permanent": true, "length_km": 3.4 }, "geometry": { "type": "LineString", "coordinates": [ [ 1.41807, 42.73764 ], [ 1.42731, 42.7337 ], [ 1.43289, 42.73433 ], [ 1.43604, 42.73213 ], [ 1.43954, 42.7317 ], [ 1.44782, 42.7272 ], [ 1.45317, 42.72554 ] ] } },
{ "type": "Feature", "properties": { "name": "Ruisseau de Gérac", "weight_class": 1, "permanent": true, "length_km": 2.6 }, "geometry": { "type": "LineString", "coordinates": [ [ 1.31615, 42.74805 ], [ 1.31454, 42.74882 ], [ 1.31371, 42.7514 ], [ 1.30816, 42.75383 ], [ 1.30321, 42.75363 ], [ 1.2925, 42.75127 ] ] } },
{ "type": "Feature", "properties": { "name": "Ruisseau d'Estats", "weight_class": 1, "permanent": false, "length_km": 3.4 }, "geometry": { "type": "LineString", "coordinates": [ [ 1.39672, 42.68721 ], [ 1.39538, 42.69445 ], [ 1.39314, 42.69592 ], [ 1.39344, 42.6991 ], [ 1.39872, 42.70119 ], [ 1.39855, 42.70398 ], [ 1.40274, 42.70541 ], [ 1.40436, 42.70741 ], [ 1.40755, 42.70896 ] ] } },
{ "type": "Feature", "properties": { "name": "Riou Passat", "weight_class": 1, "permanent": false, "length_km": 4.5 }, "geometry": { "type": "LineString", "coordinates": [ [ 1.06997, 42.90312 ], [ 1.06325, 42.90487 ], [ 1.05554, 42.91143 ], [ 1.04549, 42.91556 ], [ 1.0433, 42.91829 ], [ 1.03426, 42.92188 ], [ 1.02944, 42.9222 ], [ 1.02809, 42.92393 ] ] } },
{ "type": "Feature", "properties": { "name": "Ruisseau de Serrieng", "weight_class": 1, "permanent": true, "length_km": 3.5 }, "geometry": { "type": "LineString", "coordinates": [ [ 1.14192, 42.87111 ], [ 1.14701, 42.8711 ], [ 1.15133, 42.87756 ], [ 1.15323, 42.87879 ], [ 1.16078, 42.87976 ], [ 1.16546, 42.87889 ], [ 1.16904, 42.88162 ], [ 1.17451, 42.88392 ] ] } },
{ "type": "Feature", "properties": { "name": "Ruisseau de la Forge et des Plagnaüx", "weight_class": 1, "permanent": false, "length_km": 2.8 }, "geometry": { "type": "LineString", "coordinates": [ [ 1.21993, 42.845 ], [ 1.22397, 42.85026 ], [ 1.22521, 42.85815 ], [ 1.22433, 42.8615 ], [ 1.22631, 42.86546 ], [ 1.22517, 42.86837 ] ] } },
{ "type": "Feature", "properties": { "name": "Ruisseau de Baubère", "weight_class": 1, "permanent": false, "length_km": 2.3 }, "geometry": { "type": "LineString", "coordinates": [ [ 1.18839, 42.88041 ], [ 1.1895, 42.87533 ], [ 1.19182, 42.87516 ], [ 1.19577, 42.87295 ], [ 1.20794, 42.86874 ] ] } },
{ "type": "Feature", "properties": { "name": "Ruisseau d'Escalères", "weight_class": 1, "permanent": false, "length_km": 2.8 }, "geometry": { "type": "LineString", "coordinates": [ [ 1.11654, 42.82392 ], [ 1.12479, 42.8252 ], [ 1.13219, 42.82747 ], [ 1.1388, 42.8244 ], [ 1.14693, 42.82271 ] ] } },
{ "type": "Feature", "properties": { "name": "Ruisseau d'Arros", "weight_class": 1, "permanent": true, "length_km": 5.6 }, "geometry": { "type": "LineString", "coordinates": [ [ 1.1029, 42.82884 ], [ 1.10761, 42.82609 ], [ 1.10958, 42.82595 ], [ 1.12011, 42.83168 ], [ 1.12549, 42.83181 ], [ 1.12925, 42.83328 ], [ 1.1347, 42.83776 ], [ 1.13728, 42.83855 ], [ 1.14649, 42.83263 ], [ 1.15191, 42.8267 ] ] } },
{ "type": "Feature", "properties": { "name": "Ruisseau de Trespuech", "weight_class": 1, "permanent": false, "length_km": 2.2 }, "geometry": { "type": "LineString", "coordinates": [ [ 1.08878, 42.8894 ], [ 1.0842, 42.88874 ], [ 1.08114, 42.88598 ], [ 1.07579, 42.88558 ], [ 1.07255, 42.88412 ], [ 1.07019, 42.88245 ], [ 1.06865, 42.87956 ] ] } },
{ "type": "Feature", "properties": { "name": null, "weight_class": 1, "permanent": true, "length_km": 3.5 }, "geometry": { "type": "LineString", "coordinates": [ [ 1.15626, 42.88086 ], [ 1.16214, 42.8813 ], [ 1.16664, 42.88492 ], [ 1.17228, 42.88616 ], [ 1.1737, 42.88434 ], [ 1.17653, 42.88359 ], [ 1.18259, 42.87538 ], [ 1.18488, 42.87477 ], [ 1.18548, 42.87375 ] ] } },
{ "type": "Feature", "properties": { "name": null, "weight_class": 1, "permanent": false, "length_km": 2.2 }, "geometry": { "type": "LineString", "coordinates": [ [ 1.08578, 42.8498 ], [ 1.08905, 42.8543 ], [ 1.09492, 42.85763 ], [ 1.09562, 42.86099 ], [ 1.09269, 42.86523 ] ] } },
{ "type": "Feature", "properties": { "name": null, "weight_class": 1, "permanent": true, "length_km": 4.5 }, "geometry": { "type": "LineString", "coordinates": [ [ 1.06806, 42.87945 ], [ 1.0642, 42.8831 ], [ 1.05783, 42.8825 ], [ 1.05178, 42.88439 ], [ 1.05161, 42.88548 ], [ 1.0502, 42.88527 ], [ 1.04931, 42.88634 ], [ 1.04513, 42.88601 ], [ 1.04384, 42.88849 ], [ 1.0405, 42.88905 ], [ 1.03641, 42.89124 ], [ 1.03535, 42.8929 ], [ 1.03247, 42.89269 ], [ 1.02859, 42.89493 ] ] } },
{ "type": "Feature", "properties": { "name": null, "weight_class": 1, "permanent": true, "length_km": 2.5 }, "geometry": { "type": "LineString", "coordinates": [ [ 1.18676, 42.91803 ], [ 1.17691, 42.9288 ], [ 1.17625, 42.93806 ] ] } },
{ "type": "Feature", "properties": { "name": null, "weight_class": 1, "permanent": false, "length_km": 2.9 }, "geometry": { "type": "LineString", "coordinates": [ [ 1.08899, 42.83516 ], [ 1.09701, 42.83379 ], [ 1.10497, 42.83436 ], [ 1.11262, 42.83335 ], [ 1.11361, 42.83416 ], [ 1.11652, 42.83352 ], [ 1.11921, 42.8312 ] ] } },
{ "type": "Feature", "properties": { "name": null, "weight_class": 1, "permanent": false, "length_km": 3.0 }, "geometry": { "type": "LineString", "coordinates": [ [ 1.13399, 42.87503 ], [ 1.13461, 42.87849 ], [ 1.14215, 42.88197 ], [ 1.14372, 42.88452 ], [ 1.15037, 42.88588 ], [ 1.15185, 42.88735 ], [ 1.1546, 42.88698 ], [ 1.15433, 42.89113 ] ] } },
{ "type": "Feature", "properties": { "name": null, "weight_class": 1, "permanent": true, "length_km": 2.2 }, "geometry": { "type": "LineString", "coordinates": [ [ 1.21004, 42.91088 ], [ 1.1913, 42.91337 ], [ 1.18676, 42.91803 ] ] } },
{ "type": "Feature", "properties": { "name": "Rivière d'Alos", "weight_class": 1, "permanent": true, "length_km": 10.1 }, "geometry": { "type": "LineString", "coordinates": [ [ 1.11866, 42.87885 ], [ 1.12007, 42.88109 ], [ 1.12573, 42.8837 ], [ 1.12914, 42.88412 ], [ 1.13284, 42.88968 ], [ 1.14492, 42.89445 ], [ 1.14487, 42.8973 ], [ 1.14659, 42.90008 ], [ 1.14288, 42.90416 ], [ 1.14175, 42.90783 ], [ 1.14276, 42.91127 ], [ 1.14484, 42.91184 ], [ 1.14624, 42.91355 ], [ 1.15055, 42.91445 ], [ 1.15419, 42.9169 ], [ 1.15791, 42.91794 ], [ 1.16041, 42.91726 ], [ 1.16272, 42.91922 ], [ 1.16747, 42.91882 ], [ 1.1674, 42.92055 ], [ 1.17109, 42.92005 ], [ 1.1761, 42.92372 ], [ 1.17626, 42.92481 ], [ 1.17752, 42.92476 ], [ 1.17708, 42.9274 ], [ 1.18036, 42.9306 ] ] } },
{ "type": "Feature", "properties": { "name": "Laspieng", "weight_class": 1, "permanent": true, "length_km": 3.1 }, "geometry": { "type": "LineString", "coordinates": [ [ 1.16908, 42.89516 ], [ 1.16991, 42.89827 ], [ 1.18508, 42.9086 ], [ 1.18735, 42.91361 ], [ 1.19157, 42.91465 ] ] } },
{ "type": "Feature", "properties": { "name": "Ruisseau d'Artiguenard", "weight_class": 1, "permanent": true, "length_km": 5.9 }, "geometry": { "type": "LineString", "coordinates": [ [ 1.10901, 42.87602 ], [ 1.11218, 42.8814 ], [ 1.11093, 42.88842 ], [ 1.1149, 42.89232 ], [ 1.11944, 42.89464 ], [ 1.11938, 42.89827 ], [ 1.12281, 42.901 ], [ 1.12292, 42.90255 ], [ 1.12495, 42.90323 ], [ 1.12579, 42.90495 ], [ 1.12918, 42.90517 ], [ 1.13231, 42.9066 ], [ 1.13407, 42.91002 ], [ 1.14018, 42.91043 ], [ 1.14252, 42.90887 ] ] } },
{ "type": "Feature", "properties": { "name": "Ruisseau de Rogalle", "weight_class": 2, "permanent": true, "length_km": 2.9 }, "geometry": { "type": "LineString", "coordinates": [ [ 1.18576, 42.89568 ], [ 1.19066, 42.894 ], [ 1.19542, 42.88795 ], [ 1.20282, 42.8895 ], [ 1.20621, 42.88819 ], [ 1.21261, 42.88817 ] ] } },
{ "type": "Feature", "properties": { "name": "Ruisseau de Peyrequé", "weight_class": 1, "permanent": false, "length_km": 2.4 }, "geometry": { "type": "LineString", "coordinates": [ [ 1.08685, 42.89166 ], [ 1.08127, 42.89174 ], [ 1.07943, 42.8904 ], [ 1.07157, 42.89002 ], [ 1.062, 42.8855 ], [ 1.06147, 42.88432 ] ] } },
{ "type": "Feature", "properties": { "name": "Ruisseau de Lacna", "weight_class": 1, "permanent": false, "length_km": 2.3 }, "geometry": { "type": "LineString", "coordinates": [ [ 1.09772, 42.87876 ], [ 1.08983, 42.88026 ], [ 1.08511, 42.87901 ], [ 1.07843, 42.87922 ], [ 1.07545, 42.87737 ], [ 1.0721, 42.87702 ] ] } },
{ "type": "Feature", "properties": { "name": "le Rieu Long", "weight_class": 1, "permanent": true, "length_km": 2.3 }, "geometry": { "type": "LineString", "coordinates": [ [ 1.05973, 42.86549 ], [ 1.05763, 42.87054 ], [ 1.0587, 42.87434 ], [ 1.06267, 42.87899 ], [ 1.06229, 42.88429 ] ] } },
{ "type": "Feature", "properties": { "name": "le Balamet", "weight_class": 1, "permanent": true, "length_km": 9.0 }, "geometry": { "type": "LineString", "coordinates": [ [ 1.10747, 42.8688 ], [ 1.10626, 42.86559 ], [ 1.10111, 42.86273 ], [ 1.09917, 42.8626 ], [ 1.09795, 42.86405 ], [ 1.09269, 42.86523 ], [ 1.08779, 42.86903 ], [ 1.08178, 42.86965 ], [ 1.08082, 42.87197 ], [ 1.07328, 42.87537 ], [ 1.07007, 42.87954 ], [ 1.06734, 42.87988 ], [ 1.06355, 42.88396 ], [ 1.06179, 42.88448 ], [ 1.05983, 42.88355 ], [ 1.05372, 42.8865 ], [ 1.05363, 42.8873 ], [ 1.05204, 42.88734 ], [ 1.04898, 42.89028 ], [ 1.04614, 42.89046 ], [ 1.03845, 42.89485 ], [ 1.03483, 42.89519 ], [ 1.02946, 42.89776 ] ] } },
{ "type": "Feature", "properties": { "name": "le Garbet", "weight_class": 3, "permanent": true, "length_km": 25.5 }, "geometry": { "type": "LineString", "coordinates": [ [ 1.38305, 42.7541 ], [ 1.38181, 42.75639 ], [ 1.38311, 42.76029 ], [ 1.38644, 42.76133 ], [ 1.38659, 42.76228 ], [ 1.38371, 42.76535 ], [ 1.38219, 42.77002 ], [ 1.37455, 42.77918 ], [ 1.36747, 42.78251 ], [ 1.35202, 42.78403 ], [ 1.35168, 42.78545 ], [ 1.3442, 42.78804 ], [ 1.33735, 42.78886 ], [ 1.33122, 42.79283 ], [ 1.32963, 42.79692 ], [ 1.32546, 42.79833 ], [ 1.3253, 42.80076 ], [ 1.3216, 42.80294 ], [ 1.31959, 42.80767 ], [ 1.31636, 42.80982 ], [ 1.31288, 42.81037 ], [ 1.30995, 42.8138 ], [ 1.30397, 42.81617 ], [ 1.30403, 42.81879 ], [ 1.3008, 42.82245 ], [ 1.30187, 42.82448 ], [ 1.29918, 42.82586 ], [ 1.297, 42.82904 ], [ 1.29542, 42.82923 ], [ 1.29339, 42.83282 ], [ 1.29599, 42.83795 ], [ 1.29201, 42.83957 ], [ 1.28911, 42.84257 ], [ 1.2898, 42.84464 ], [ 1.28743, 42.84644 ], [ 1.28627, 42.85014 ], [ 1.2802, 42.85166 ], [ 1.26936, 42.85769 ], [ 1.26695, 42.85805 ], [ 1.26545, 42.85993 ], [ 1.26244, 42.85852 ], [ 1.26154, 42.86 ], [ 1.25741, 42.86122 ], [ 1.25516, 42.85986 ], [ 1.24695, 42.85942 ], [ 1.24647, 42.86173 ], [ 1.24248, 42.86195 ], [ 1.24125, 42.86423 ], [ 1.2378, 42.86294 ], [ 1.23363, 42.86264 ], [ 1.2319, 42.86523 ], [ 1.23004, 42.86535 ], [ 1.22833, 42.86736 ], [ 1.22602, 42.86749 ], [ 1.22092, 42.87206 ], [ 1.21847, 42.87259 ], [ 1.21562, 42.87738 ], [ 1.2164, 42.87853 ], [ 1.21109, 42.88415 ] ] } },
{ "type": "Feature", "properties": { "name": "Ruisseau d'Esbints", "weight_class": 1, "permanent": true, "length_km": 11.6 }, "geometry": { "type": "LineString", "coordinates": [ [ 1.08984, 42.84178 ], [ 1.09448, 42.83895 ], [ 1.09676, 42.84033 ], [ 1.09998, 42.8392 ], [ 1.10211, 42.84006 ], [ 1.10805, 42.83955 ], [ 1.10975, 42.84022 ], [ 1.11424, 42.83931 ], [ 1.11907, 42.84185 ], [ 1.12075, 42.84637 ], [ 1.12729, 42.84792 ], [ 1.13141, 42.85252 ], [ 1.1355, 42.85172 ], [ 1.14146, 42.85282 ], [ 1.14319, 42.8518 ], [ 1.14916, 42.85139 ], [ 1.15218, 42.85247 ], [ 1.16328, 42.85246 ], [ 1.16965, 42.85427 ], [ 1.17688, 42.8634 ], [ 1.18076, 42.86542 ], [ 1.1936, 42.86577 ], [ 1.20228, 42.86402 ] ] } },
{ "type": "Feature", "properties": { "name": "le Rieu Sourd", "weight_class": 1, "permanent": true, "length_km": 4.8 }, "geometry": { "type": "LineString", "coordinates": [ [ 1.15343, 42.86469 ], [ 1.15771, 42.86908 ], [ 1.16065, 42.86966 ], [ 1.16299, 42.87125 ], [ 1.16639, 42.87521 ], [ 1.1695, 42.87548 ], [ 1.17709, 42.8737 ], [ 1.18548, 42.87375 ], [ 1.18696, 42.87044 ], [ 1.19535, 42.86675 ], [ 1.19632, 42.86533 ] ] } },
{ "type": "Feature", "properties": { "name": "Rivière Alet", "weight_class": 2, "permanent": true, "length_km": 19.7 }, "geometry": { "type": "LineString", "coordinates": [ [ 1.30396, 42.72482 ], [ 1.30181, 42.72755 ], [ 1.30554, 42.73118 ], [ 1.30475, 42.73298 ], [ 1.30545, 42.73404 ], [ 1.2992, 42.74029 ], [ 1.29865, 42.74324 ], [ 1.29569, 42.74523 ], [ 1.29626, 42.74677 ], [ 1.29074, 42.75378 ], [ 1.28416, 42.75625 ], [ 1.28175, 42.75858 ], [ 1.281, 42.76238 ], [ 1.28478, 42.76892 ], [ 1.28452, 42.7706 ], [ 1.27749, 42.77402 ], [ 1.27358, 42.7743 ], [ 1.27304, 42.7767 ], [ 1.2693, 42.77794 ], [ 1.27029, 42.78411 ], [ 1.26722, 42.78605 ], [ 1.26803, 42.78978 ], [ 1.26535, 42.7925 ], [ 1.26519, 42.79602 ], [ 1.2664, 42.79729 ], [ 1.26884, 42.7977 ], [ 1.27023, 42.80035 ], [ 1.2661, 42.80821 ], [ 1.26105, 42.80809 ], [ 1.25946, 42.81042 ], [ 1.25764, 42.81043 ], [ 1.25702, 42.81232 ], [ 1.25378, 42.81256 ], [ 1.25324, 42.81432 ], [ 1.24883, 42.81569 ], [ 1.24703, 42.81827 ], [ 1.24441, 42.81811 ], [ 1.23612, 42.82235 ], [ 1.23223, 42.8251 ], [ 1.23237, 42.82626 ], [ 1.22587, 42.82983 ], [ 1.21943, 42.83053 ], [ 1.21985, 42.83176 ], [ 1.21738, 42.83267 ], [ 1.21571, 42.832 ], [ 1.21089, 42.83256 ], [ 1.20806, 42.83404 ], [ 1.20514, 42.83213 ], [ 1.20047, 42.83262 ], [ 1.19822, 42.83171 ] ] } },
{ "type": "Feature", "properties": { "name": "Ruisseau d'Estours/Ruisseau de l'Artigue", "weight_class": 1, "permanent": false, "length_km": 12.8 }, "geometry": { "type": "LineString", "coordinates": [ [ 1.09551, 42.77481 ], [ 1.10782, 42.78271 ], [ 1.10802, 42.78788 ], [ 1.11122, 42.78939 ], [ 1.11994, 42.79842 ], [ 1.12305, 42.79939 ], [ 1.12773, 42.80288 ], [ 1.13311, 42.80246 ], [ 1.13915, 42.80488 ], [ 1.14254, 42.81106 ], [ 1.14326, 42.81525 ], [ 1.14664, 42.82017 ], [ 1.1469, 42.82267 ], [ 1.15021, 42.82568 ], [ 1.15499, 42.82764 ], [ 1.16256, 42.82794 ], [ 1.16513, 42.83101 ], [ 1.17001, 42.83131 ], [ 1.18587, 42.83908 ], [ 1.18793, 42.84096 ], [ 1.18753, 42.84304 ], [ 1.19065, 42.84248 ] ] } },
{ "type": "Feature", "properties": { "name": "Ruisseau de Lazié", "weight_class": 1, "permanent": true, "length_km": 2.2 }, "geometry": { "type": "LineString", "coordinates": [ [ 1.05535, 42.83872 ], [ 1.04614, 42.83732 ], [ 1.0417, 42.83575 ], [ 1.03931, 42.83628 ], [ 1.03468, 42.83566 ], [ 1.0312, 42.83353 ] ] } },
{ "type": "Feature", "properties": { "name": "le Muscadet", "weight_class": 1, "permanent": true, "length_km": 2.3 }, "geometry": { "type": "LineString", "coordinates": [ [ 1.06189, 42.82024 ], [ 1.05765, 42.82208 ], [ 1.05512, 42.82453 ], [ 1.04839, 42.82586 ], [ 1.04198, 42.82503 ], [ 1.0402, 42.8267 ], [ 1.03903, 42.82666 ] ] } },
{ "type": "Feature", "properties": { "name": "Ruisseau de Barbaout", "weight_class": 1, "permanent": true, "length_km": 4.2 }, "geometry": { "type": "LineString", "coordinates": [ [ 1.22427, 42.76529 ], [ 1.22313, 42.76842 ], [ 1.21929, 42.77199 ], [ 1.21075, 42.77656 ], [ 1.20521, 42.77811 ], [ 1.19784, 42.78386 ], [ 1.19592, 42.78823 ], [ 1.19197, 42.79026 ] ] } },
{ "type": "Feature", "properties": { "name": "Ruisseau de Rouze", "weight_class": 1, "permanent": true, "length_km": 3.5 }, "geometry": { "type": "LineString", "coordinates": [ [ 1.2213, 42.77984 ], [ 1.20764, 42.78606 ], [ 1.20295, 42.78942 ], [ 1.1961, 42.7905 ], [ 1.19035, 42.79053 ], [ 1.18922, 42.78927 ], [ 1.18613, 42.78983 ] ] } },
{ "type": "Feature", "properties": { "name": "Ruisseau du Fontaret", "weight_class": 1, "permanent": true, "length_km": 2.7 }, "geometry": { "type": "LineString", "coordinates": [ [ 1.22665, 42.72557 ], [ 1.22113, 42.72757 ], [ 1.21534, 42.73498 ], [ 1.21246, 42.73629 ], [ 1.20757, 42.73643 ], [ 1.20612, 42.74047 ] ] } },
{ "type": "Feature", "properties": { "name": "Ruisseau de la Baume", "weight_class": 1, "permanent": true, "length_km": 2.3 }, "geometry": { "type": "LineString", "coordinates": [ [ 1.22449, 42.74229 ], [ 1.21592, 42.74076 ], [ 1.20633, 42.74043 ], [ 1.20263, 42.74201 ], [ 1.20198, 42.74366 ], [ 1.19997, 42.744 ] ] } },
{ "type": "Feature", "properties": { "name": null, "weight_class": 1, "permanent": false, "length_km": 2.1 }, "geometry": { "type": "LineString", "coordinates": [ [ 1.13348, 42.74806 ], [ 1.14166, 42.74128 ], [ 1.15359, 42.74224 ] ] } },
{ "type": "Feature", "properties": { "name": "Ruisseau de Labégé", "weight_class": 1, "permanent": true, "length_km": 2.4 }, "geometry": { "type": "LineString", "coordinates": [ [ 1.08471, 42.79415 ], [ 1.09024, 42.79369 ], [ 1.10022, 42.79092 ], [ 1.10334, 42.79154 ], [ 1.11163, 42.79032 ] ] } },
{ "type": "Feature", "properties": { "name": null, "weight_class": 1, "permanent": false, "length_km": 2.6 }, "geometry": { "type": "LineString", "coordinates": [ [ 1.13662, 42.74904 ], [ 1.14108, 42.74286 ], [ 1.15195, 42.74381 ], [ 1.15695, 42.7409 ], [ 1.15835, 42.73808 ] ] } },
{ "type": "Feature", "properties": { "name": "Ruisseau des Fustés", "weight_class": 1, "permanent": true, "length_km": 2.3 }, "geometry": { "type": "LineString", "coordinates": [ [ 1.22036, 42.8022 ], [ 1.21427, 42.8044 ], [ 1.20961, 42.80383 ], [ 1.20208, 42.80815 ], [ 1.19622, 42.80916 ] ] } },
{ "type": "Feature", "properties": { "name": "Ruisseau du Fourquet", "weight_class": 1, "permanent": true, "length_km": 2.2 }, "geometry": { "type": "LineString", "coordinates": [ [ 1.2252, 42.79502 ], [ 1.21894, 42.79508 ], [ 1.21121, 42.79298 ], [ 1.20844, 42.78942 ], [ 1.20276, 42.78947 ] ] } },
{ "type": "Feature", "properties": { "name": "Ruisseau de Galèdre", "weight_class": 1, "permanent": true, "length_km": 3.1 }, "geometry": { "type": "LineString", "coordinates": [ [ 1.15573, 42.75543 ], [ 1.15884, 42.75665 ], [ 1.17008, 42.75745 ], [ 1.17635, 42.75668 ], [ 1.18015, 42.7586 ], [ 1.19047, 42.7602 ] ] } },
{ "type": "Feature", "properties": { "name": "Ruisseau de Courbe", "weight_class": 1, "permanent": true, "length_km": 2.3 }, "geometry": { "type": "LineString", "coordinates": [ [ 1.12799, 42.76978 ], [ 1.13792, 42.77365 ], [ 1.15337, 42.77455 ] ] } },
{ "type": "Feature", "properties": { "name": null, "weight_class": 1, "permanent": true, "length_km": 2.5 }, "geometry": { "type": "LineString", "coordinates": [ [ 1.07602, 42.81233 ], [ 1.07535, 42.81361 ], [ 1.07262, 42.81441 ], [ 1.06916, 42.81727 ], [ 1.06495, 42.82229 ], [ 1.06256, 42.82207 ], [ 1.05789, 42.82493 ], [ 1.05512, 42.82453 ] ] } },
{ "type": "Feature", "properties": { "name": null, "weight_class": 2, "permanent": false, "length_km": 2.4 }, "geometry": { "type": "LineString", "coordinates": [ [ 1.09107, 42.79868 ], [ 1.09986, 42.79871 ], [ 1.10339, 42.79798 ], [ 1.10581, 42.79632 ], [ 1.11428, 42.79525 ], [ 1.1183, 42.79687 ] ] } },
{ "type": "Feature", "properties": { "name": null, "weight_class": 1, "permanent": false, "length_km": 2.1 }, "geometry": { "type": "LineString", "coordinates": [ [ 1.22808, 42.75994 ], [ 1.23809, 42.75934 ], [ 1.24447, 42.76004 ], [ 1.25101, 42.76256 ] ] } },
{ "type": "Feature", "properties": { "name": "Hoque de Rabe", "weight_class": 1, "permanent": true, "length_km": 2.8 }, "geometry": { "type": "LineString", "coordinates": [ [ 1.22647, 42.75564 ], [ 1.22275, 42.75393 ], [ 1.21698, 42.7535 ], [ 1.20915, 42.75151 ], [ 1.20829, 42.75031 ], [ 1.20521, 42.74972 ], [ 1.20034, 42.75095 ], [ 1.19661, 42.75016 ] ] } },
{ "type": "Feature", "properties": { "name": "Hoque d'Espiulou", "weight_class": 1, "permanent": true, "length_km": 2.9 }, "geometry": { "type": "LineString", "coordinates": [ [ 1.22369, 42.76032 ], [ 1.21538, 42.76103 ], [ 1.21077, 42.76389 ], [ 1.20763, 42.76471 ], [ 1.20125, 42.76477 ], [ 1.19095, 42.76646 ] ] } },
{ "type": "Feature", "properties": { "name": null, "weight_class": 1, "permanent": true, "length_km": 2.1 }, "geometry": { "type": "LineString", "coordinates": [ [ 1.1296, 42.75695 ], [ 1.13509, 42.75896 ], [ 1.13644, 42.76034 ], [ 1.13922, 42.76079 ], [ 1.14265, 42.76451 ], [ 1.14803, 42.76727 ] ] } },
{ "type": "Feature", "properties": { "name": "Hoque du Tuc Ségalé", "weight_class": 1, "permanent": true, "length_km": 2.3 }, "geometry": { "type": "LineString", "coordinates": [ [ 1.12348, 42.76396 ], [ 1.13258, 42.76631 ], [ 1.13947, 42.76581 ], [ 1.14865, 42.76818 ] ] } },
{ "type": "Feature", "properties": { "name": "Ruisseau de Sarcenadot/Hoque de Ninou", "weight_class": 1, "permanent": false, "length_km": 3.0 }, "geometry": { "type": "LineString", "coordinates": [ [ 1.23046, 42.80418 ], [ 1.23219, 42.80645 ], [ 1.23244, 42.80919 ], [ 1.23066, 42.8113 ], [ 1.22513, 42.81446 ], [ 1.22512, 42.81681 ], [ 1.22822, 42.82357 ], [ 1.23244, 42.82495 ] ] } },
{ "type": "Feature", "properties": { "name": "Ruisseau de Fonta", "weight_class": 1, "permanent": true, "length_km": 2.4 }, "geometry": { "type": "LineString", "coordinates": [ [ 1.16256, 42.8088 ], [ 1.16621, 42.81383 ], [ 1.16741, 42.81788 ], [ 1.16565, 42.82501 ], [ 1.16344, 42.82848 ] ] } },
{ "type": "Feature", "properties": { "name": "Ruisseau de Lamout", "weight_class": 1, "permanent": true, "length_km": 2.9 }, "geometry": { "type": "LineString", "coordinates": [ [ 1.14286, 42.79103 ], [ 1.15192, 42.78987 ], [ 1.15751, 42.78728 ], [ 1.1637, 42.78687 ], [ 1.16884, 42.78797 ], [ 1.17423, 42.78699 ] ] } },
{ "type": "Feature", "properties": { "name": "Ruisseau d'Arcouzan", "weight_class": 1, "permanent": true, "length_km": 2.1 }, "geometry": { "type": "LineString", "coordinates": [ [ 1.09814, 42.80543 ], [ 1.11368, 42.80211 ], [ 1.12049, 42.79873 ] ] } },
{ "type": "Feature", "properties": { "name": "Ruisseau de Barlonguère", "weight_class": 1, "permanent": false, "length_km": 2.3 }, "geometry": { "type": "LineString", "coordinates": [ [ 1.04067, 42.7872 ], [ 1.04027, 42.78988 ], [ 1.02801, 42.79346 ], [ 1.02454, 42.79579 ], [ 1.02469, 42.79696 ], [ 1.02175, 42.79789 ] ] } },
{ "type": "Feature", "properties": { "name": "Ruisseau de Bibet", "weight_class": 1, "permanent": true, "length_km": 3.8 }, "geometry": { "type": "LineString", "coordinates": [ [ 1.1211, 42.77935 ], [ 1.1315, 42.78014 ], [ 1.13357, 42.78217 ], [ 1.13464, 42.78523 ], [ 1.13698, 42.78661 ], [ 1.13501, 42.79552 ], [ 1.13545, 42.79853 ], [ 1.13421, 42.7993 ], [ 1.1335, 42.80261 ] ] } },
{ "type": "Feature", "properties": { "name": "Ruisseau d'Angouls", "weight_class": 1, "permanent": true, "length_km": 6.0 }, "geometry": { "type": "LineString", "coordinates": [ [ 1.14707, 42.75515 ], [ 1.14904, 42.7578 ], [ 1.14833, 42.75931 ], [ 1.14937, 42.76274 ], [ 1.14796, 42.76716 ], [ 1.15364, 42.77501 ], [ 1.15542, 42.77535 ], [ 1.15868, 42.77965 ], [ 1.1639, 42.7828 ], [ 1.1711, 42.78521 ], [ 1.17682, 42.78832 ], [ 1.18612, 42.78951 ] ] } },
{ "type": "Feature", "properties": { "name": "Ruisseau des Cougnets", "weight_class": 1, "permanent": true, "length_km": 4.3 }, "geometry": { "type": "LineString", "coordinates": [ [ 1.19906, 42.7242 ], [ 1.19814, 42.73529 ], [ 1.19883, 42.74126 ], [ 1.2003, 42.74308 ], [ 1.19954, 42.7466 ], [ 1.1981, 42.74949 ], [ 1.19482, 42.75065 ], [ 1.19154, 42.75488 ], [ 1.18794, 42.75639 ] ] } },
{ "type": "Feature", "properties": { "name": "Ruisseau du Mail", "weight_class": 1, "permanent": true, "length_km": 2.5 }, "geometry": { "type": "LineString", "coordinates": [ [ 1.18205, 42.72185 ], [ 1.18016, 42.72621 ], [ 1.17507, 42.73181 ], [ 1.17589, 42.73341 ], [ 1.17309, 42.73906 ], [ 1.1734, 42.74152 ] ] } },
{ "type": "Feature", "properties": { "name": "Ruisseau de Lauzeron", "weight_class": 1, "permanent": true, "length_km": 2.3 }, "geometry": { "type": "LineString", "coordinates": [ [ 1.14025, 42.72564 ], [ 1.14865, 42.73656 ], [ 1.15782, 42.73787 ] ] } },
{ "type": "Feature", "properties": { "name": "Ruisseau de Léziou", "weight_class": 1, "permanent": true, "length_km": 2.6 }, "geometry": { "type": "LineString", "coordinates": [ [ 1.16556, 42.7198 ], [ 1.16405, 42.72217 ], [ 1.16463, 42.72536 ], [ 1.16297, 42.72634 ], [ 1.16303, 42.72745 ], [ 1.16885, 42.7351 ], [ 1.16909, 42.73726 ], [ 1.171, 42.73964 ] ] } },
{ "type": "Feature", "properties": { "name": "le Salat", "weight_class": 3, "permanent": true, "length_km": 60.7 }, "geometry": { "type": "MultiLineString", "coordinates": [ [ [ 0.98473, 43.06076 ], [ 0.98606, 43.06334 ], [ 0.98536, 43.06726 ], [ 0.98472, 43.06839 ], [ 0.98143, 43.06951 ] ], [ [ 1.15059, 42.72798 ], [ 1.15133, 42.73103 ], [ 1.15399, 42.73329 ], [ 1.15485, 42.73601 ], [ 1.1579, 42.73795 ], [ 1.16279, 42.74022 ], [ 1.16566, 42.73945 ], [ 1.171, 42.73964 ], [ 1.17359, 42.74195 ], [ 1.17653, 42.74256 ], [ 1.17947, 42.74461 ], [ 1.18082, 42.74779 ], [ 1.18571, 42.75142 ], [ 1.1882, 42.75711 ], [ 1.19084, 42.75934 ], [ 1.18964, 42.76274 ], [ 1.1923, 42.76577 ], [ 1.19079, 42.76695 ], [ 1.19248, 42.76795 ], [ 1.19111, 42.76922 ], [ 1.19243, 42.7711 ], [ 1.19179, 42.77335 ], [ 1.19257, 42.77429 ], [ 1.19085, 42.77507 ], [ 1.188, 42.7815 ], [ 1.18573, 42.79113 ], [ 1.18842, 42.79178 ], [ 1.19039, 42.79384 ], [ 1.19, 42.79632 ], [ 1.19464, 42.80584 ], [ 1.19611, 42.80685 ], [ 1.19721, 42.81076 ], [ 1.19553, 42.81457 ], [ 1.19658, 42.81603 ], [ 1.19579, 42.82326 ], [ 1.19703, 42.82455 ], [ 1.19753, 42.82803 ], [ 1.19932, 42.82952 ], [ 1.19793, 42.83366 ], [ 1.19589, 42.83494 ], [ 1.19609, 42.83596 ], [ 1.19816, 42.83612 ], [ 1.19823, 42.83849 ], [ 1.19065, 42.84248 ], [ 1.19254, 42.8471 ], [ 1.19105, 42.84913 ], [ 1.19245, 42.84981 ], [ 1.19336, 42.85309 ], [ 1.19638, 42.85461 ], [ 1.19928, 42.86178 ], [ 1.20734, 42.86757 ], [ 1.20915, 42.87062 ], [ 1.20973, 42.87394 ], [ 1.20823, 42.87609 ], [ 1.20943, 42.88242 ], [ 1.21272, 42.88652 ], [ 1.21203, 42.89085 ], [ 1.21516, 42.8938 ], [ 1.21033, 42.90434 ], [ 1.21329, 42.90696 ], [ 1.2142, 42.90998 ], [ 1.20905, 42.9112 ], [ 1.20515, 42.91329 ], [ 1.20319, 42.91561 ], [ 1.20107, 42.91555 ], [ 1.19662, 42.91346 ], [ 1.19163, 42.91458 ], [ 1.19246, 42.91779 ], [ 1.18942, 42.91887 ], [ 1.18681, 42.9232 ], [ 1.18336, 42.92437 ], [ 1.18435, 42.92706 ], [ 1.18381, 42.92938 ], [ 1.18036, 42.9306 ], [ 1.17752, 42.9332 ], [ 1.17781, 42.937 ], [ 1.17611, 42.93828 ], [ 1.17735, 42.94141 ], [ 1.16998, 42.94628 ], [ 1.17149, 42.94942 ], [ 1.17682, 42.95184 ], [ 1.17682, 42.95519 ], [ 1.17444, 42.96176 ], [ 1.16089, 42.97519 ], [ 1.1573, 42.9761 ], [ 1.14935, 42.97586 ], [ 1.14662, 42.98123 ], [ 1.14194, 42.9865 ], [ 1.14212, 42.9902 ], [ 1.13726, 42.99399 ], [ 1.13617, 42.9983 ], [ 1.13109, 43.0061 ], [ 1.11846, 43.01879 ], [ 1.10613, 43.03397 ], [ 1.09543, 43.03786 ], [ 1.08947, 43.03829 ], [ 1.0838, 43.03693 ], [ 1.08081, 43.03398 ], [ 1.07874, 43.03348 ], [ 1.06562, 43.03774 ], [ 1.06309, 43.03963 ], [ 1.06254, 43.04266 ], [ 1.06016, 43.04343 ], [ 1.05893, 43.04015 ], [ 1.05455, 43.03629 ], [ 1.04734, 43.03662 ], [ 1.04082, 43.03897 ], [ 1.03369, 43.03827 ], [ 1.0271, 43.04059 ], [ 1.02408, 43.04051 ], [ 1.0217, 43.03937 ], [ 1.01824, 43.03376 ], [ 1.01545, 43.03239 ], [ 1.01266, 43.03248 ], [ 1.00966, 43.03391 ], [ 1.00786, 43.03664 ], [ 0.99977, 43.03875 ], [ 0.99512, 43.03889 ], [ 0.99351, 43.04296 ], [ 0.99455, 43.04609 ], [ 0.99331, 43.04893 ], [ 0.9899, 43.05138 ], [ 0.98466, 43.05063 ], [ 0.98392, 43.05783 ] ] ] } },
{ "type": "Feature", "properties": { "name": "le Lavin", "weight_class": 1, "permanent": true, "length_km": 6.3 }, "geometry": { "type": "MultiLineString", "coordinates": [ [ [ 0.99242, 43.08921 ], [ 0.99096, 43.09221 ], [ 0.99291, 43.09466 ], [ 0.99199, 43.0958 ], [ 0.99243, 43.09786 ], [ 0.98894, 43.09899 ] ], [ [ 1.03581, 43.0603 ], [ 1.03162, 43.0606 ], [ 1.02326, 43.07231 ], [ 1.01718, 43.07583 ], [ 1.01393, 43.08046 ], [ 1.00875, 43.08127 ], [ 1.0078, 43.08244 ], [ 1.00693, 43.08175 ], [ 1.00262, 43.08425 ] ] ] } },
{ "type": "Feature", "properties": { "name": "le Lens", "weight_class": 1, "permanent": true, "length_km": 21.8 }, "geometry": { "type": "MultiLineString", "coordinates": [ [ [ 1.01847, 43.10774 ], [ 1.01824, 43.10882 ], [ 1.01595, 43.10962 ], [ 1.01566, 43.10818 ], [ 1.01208, 43.10952 ], [ 1.01195, 43.11098 ], [ 1.0098, 43.11186 ], [ 1.00942, 43.1134 ], [ 1.00635, 43.11274 ], [ 1.00432, 43.11383 ], [ 1.00084, 43.1141 ] ], [ [ 1.02166, 43.10511 ], [ 1.01903, 43.10501 ], [ 1.01788, 43.10704 ] ], [ [ 1.16708, 43.07046 ], [ 1.15988, 43.07054 ], [ 1.15605, 43.0686 ], [ 1.15307, 43.06882 ], [ 1.14726, 43.06986 ], [ 1.14124, 43.07275 ], [ 1.14014, 43.07243 ], [ 1.13879, 43.07351 ], [ 1.13233, 43.07478 ], [ 1.12738, 43.07738 ], [ 1.12592, 43.07718 ], [ 1.12651, 43.07845 ], [ 1.12289, 43.08007 ], [ 1.121, 43.08425 ], [ 1.12081, 43.08682 ], [ 1.12368, 43.08897 ], [ 1.1229, 43.09201 ], [ 1.12507, 43.09267 ], [ 1.12412, 43.09386 ], [ 1.12369, 43.09277 ], [ 1.11857, 43.09257 ], [ 1.11001, 43.09485 ], [ 1.10785, 43.09463 ], [ 1.10658, 43.09665 ], [ 1.10239, 43.09685 ], [ 1.09938, 43.09631 ], [ 1.0988, 43.09402 ], [ 1.09591, 43.09553 ], [ 1.09241, 43.09504 ], [ 1.09102, 43.09633 ], [ 1.08909, 43.09577 ], [ 1.08768, 43.09701 ], [ 1.08746, 43.09584 ], [ 1.08231, 43.09554 ], [ 1.08124, 43.09742 ], [ 1.07994, 43.09764 ], [ 1.07551, 43.09733 ], [ 1.07448, 43.09502 ], [ 1.07196, 43.09622 ], [ 1.07062, 43.09505 ], [ 1.06543, 43.0952 ], [ 1.06577, 43.09999 ], [ 1.06404, 43.10074 ], [ 1.06057, 43.09899 ], [ 1.055, 43.09885 ], [ 1.05322, 43.09716 ], [ 1.0508, 43.09758 ], [ 1.04712, 43.0968 ], [ 1.04426, 43.09807 ], [ 1.04358, 43.10052 ], [ 1.03907, 43.09952 ], [ 1.03824, 43.10053 ], [ 1.0335, 43.09901 ], [ 1.03125, 43.10041 ], [ 1.03171, 43.10091 ], [ 1.02823, 43.10024 ], [ 1.02492, 43.10167 ], [ 1.0242, 43.10468 ] ] ] } },
{ "type": "Feature", "properties": { "name": "Ruisseau de la Hage", "weight_class": 1, "permanent": true, "length_km": 3.1 }, "geometry": { "type": "LineString", "coordinates": [ [ 1.00113, 43.01884 ], [ 1.00182, 43.02075 ], [ 1.00044, 43.02611 ], [ 1.00256, 43.03009 ], [ 1.00245, 43.03333 ], [ 0.99976, 43.033 ], [ 0.99758, 43.03427 ], [ 0.99427, 43.0375 ], [ 0.99516, 43.03886 ] ] } },
{ "type": "Feature", "properties": { "name": null, "weight_class": 1, "permanent": true, "length_km": 2.1 }, "geometry": { "type": "LineString", "coordinates": [ [ 0.96873, 42.95466 ], [ 0.97034, 42.95331 ], [ 0.96847, 42.94253 ], [ 0.9706, 42.93844 ], [ 0.96996, 42.93727 ] ] } },
{ "type": "Feature", "properties": { "name": "Ruisseau de la Gouarège", "weight_class": 1, "permanent": true, "length_km": 7.3 }, "geometry": { "type": "LineString", "coordinates": [ [ 1.04879, 42.99054 ], [ 1.04731, 42.99516 ], [ 1.05111, 42.99699 ], [ 1.04979, 43.00009 ], [ 1.04772, 43.00182 ], [ 1.04514, 43.0021 ], [ 1.04487, 43.00336 ], [ 1.04201, 43.00539 ], [ 1.03736, 43.00527 ], [ 1.03525, 43.00661 ], [ 1.02937, 43.0129 ], [ 1.02977, 43.01444 ], [ 1.02831, 43.01466 ], [ 1.02885, 43.01543 ], [ 1.02598, 43.01791 ], [ 1.02635, 43.01894 ], [ 1.02385, 43.01975 ], [ 1.0261, 43.02381 ], [ 1.02342, 43.02425 ], [ 1.02375, 43.02543 ], [ 1.01794, 43.0279 ], [ 1.01659, 43.03281 ] ] } },
{ "type": "Feature", "properties": { "name": "le Rieu", "weight_class": 1, "permanent": true, "length_km": 3.7 }, "geometry": { "type": "LineString", "coordinates": [ [ 1.00859, 42.98843 ], [ 1.01535, 42.98864 ], [ 1.02292, 42.99119 ], [ 1.02876, 42.99198 ], [ 1.03441, 42.99475 ], [ 1.03695, 42.99781 ], [ 1.03736, 43.00527 ] ] } },
{ "type": "Feature", "properties": { "name": "Ruisseau de Lachein", "weight_class": 1, "permanent": false, "length_km": 4.7 }, "geometry": { "type": "LineString", "coordinates": [ [ 1.00657, 42.94664 ], [ 1.00547, 42.95304 ], [ 1.00853, 42.95757 ], [ 1.01041, 42.95842 ], [ 1.0146, 42.95816 ], [ 1.02817, 42.9546 ], [ 1.03092, 42.95528 ], [ 1.04363, 42.9495 ] ] } },
{ "type": "Feature", "properties": { "name": "Long Rieu", "weight_class": 2, "permanent": false, "length_km": 2.2 }, "geometry": { "type": "LineString", "coordinates": [ [ 1.00903, 42.94373 ], [ 1.01519, 42.9304 ], [ 1.02099, 42.92749 ] ] } },
{ "type": "Feature", "properties": { "name": "Ruisseau d'Auriech", "weight_class": 1, "permanent": false, "length_km": 2.1 }, "geometry": { "type": "LineString", "coordinates": [ [ 0.99751, 42.94702 ], [ 0.99818, 42.9416 ], [ 0.99496, 42.93747 ], [ 0.99379, 42.92956 ] ] } },
{ "type": "Feature", "properties": { "name": "Ruisseau de la Hille", "weight_class": 1, "permanent": true, "length_km": 3.1 }, "geometry": { "type": "LineString", "coordinates": [ [ 0.97538, 42.9635 ], [ 0.9882, 42.96195 ], [ 0.99077, 42.96231 ], [ 1.00613, 42.95915 ], [ 1.0104, 42.95933 ], [ 1.01107, 42.95843 ] ] } },
{ "type": "Feature", "properties": { "name": "Ruisseau de l'Argent", "weight_class": 1, "permanent": true, "length_km": 2.1 }, "geometry": { "type": "LineString", "coordinates": [ [ 0.98073, 42.95102 ], [ 0.98145, 42.94891 ], [ 0.98049, 42.94419 ], [ 0.97546, 42.93402 ] ] } },
{ "type": "Feature", "properties": { "name": "la Bouigane", "weight_class": 1, "permanent": true, "length_km": 24.6 }, "geometry": { "type": "LineString", "coordinates": [ [ 0.84128, 42.8674 ], [ 0.84346, 42.8692 ], [ 0.84784, 42.87041 ], [ 0.84738, 42.8732 ], [ 0.85061, 42.87932 ], [ 0.84988, 42.8827 ], [ 0.85563, 42.89094 ], [ 0.85535, 42.89327 ], [ 0.85858, 42.8935 ], [ 0.86173, 42.89596 ], [ 0.86134, 42.90172 ], [ 0.85974, 42.9047 ], [ 0.85718, 42.90619 ], [ 0.85803, 42.90701 ], [ 0.85754, 42.90905 ], [ 0.85902, 42.91081 ], [ 0.86475, 42.91361 ], [ 0.86564, 42.91499 ], [ 0.87062, 42.91688 ], [ 0.87274, 42.91711 ], [ 0.8768, 42.91586 ], [ 0.87743, 42.91654 ], [ 0.88125, 42.9161 ], [ 0.88504, 42.92123 ], [ 0.8857, 42.92396 ], [ 0.89362, 42.92828 ], [ 0.89958, 42.92929 ], [ 0.90369, 42.92857 ], [ 0.90498, 42.92963 ], [ 0.90681, 42.92846 ], [ 0.90796, 42.92888 ], [ 0.91125, 42.92787 ], [ 0.91537, 42.92937 ], [ 0.91661, 42.93198 ], [ 0.91951, 42.93157 ], [ 0.92157, 42.93237 ], [ 0.92586, 42.93167 ], [ 0.92801, 42.92967 ], [ 0.9274, 42.9278 ], [ 0.92931, 42.92774 ], [ 0.93675, 42.92945 ], [ 0.93801, 42.93048 ], [ 0.9422, 42.93029 ], [ 0.9446, 42.93218 ], [ 0.94858, 42.93268 ], [ 0.94951, 42.93393 ], [ 0.94834, 42.93657 ], [ 0.95288, 42.93773 ], [ 0.95609, 42.93555 ], [ 0.95749, 42.93697 ], [ 0.96259, 42.93614 ], [ 0.96519, 42.93784 ], [ 0.97253, 42.93682 ], [ 0.97837, 42.93093 ], [ 0.98982, 42.9293 ], [ 0.99401, 42.92956 ], [ 0.99954, 42.92702 ], [ 1.00137, 42.92516 ], [ 1.00896, 42.92449 ], [ 1.01572, 42.92735 ], [ 1.01951, 42.92644 ], [ 1.0242, 42.93089 ] ] } },
{ "type": "Feature", "properties": { "name": "Ruisseau de l'Estrouède", "weight_class": 1, "permanent": false, "length_km": 3.0 }, "geometry": { "type": "LineString", "coordinates": [ [ 0.93335, 42.95499 ], [ 0.93367, 42.95266 ], [ 0.93603, 42.95091 ], [ 0.93743, 42.94521 ], [ 0.93978, 42.94345 ], [ 0.93978, 42.94151 ], [ 0.94135, 42.94003 ], [ 0.9414, 42.93619 ], [ 0.94738, 42.93259 ] ] } },
{ "type": "Feature", "properties": { "name": "Ruisseau de Bidarros", "weight_class": 1, "permanent": false, "length_km": 3.4 }, "geometry": { "type": "LineString", "coordinates": [ [ 0.91346, 42.95405 ], [ 0.92061, 42.95357 ], [ 0.92204, 42.94715 ], [ 0.92471, 42.94359 ], [ 0.9237, 42.94089 ], [ 0.92438, 42.93751 ], [ 0.92772, 42.93326 ], [ 0.92664, 42.93103 ] ] } },
{ "type": "Feature", "properties": { "name": "Ruisseau d'Artigueprat", "weight_class": 1, "permanent": false, "length_km": 2.7 }, "geometry": { "type": "LineString", "coordinates": [ [ 0.89963, 42.95052 ], [ 0.89857, 42.94809 ], [ 0.89831, 42.939 ], [ 0.89932, 42.93759 ], [ 0.90568, 42.93454 ], [ 0.9044, 42.93133 ], [ 0.90507, 42.92962 ] ] } },
{ "type": "Feature", "properties": { "name": "Ruisseau de Biechet", "weight_class": 1, "permanent": false, "length_km": 2.3 }, "geometry": { "type": "LineString", "coordinates": [ [ 0.96265, 42.84574 ], [ 0.96921, 42.84332 ], [ 0.98182, 42.84434 ], [ 0.98811, 42.84689 ] ] } },
{ "type": "Feature", "properties": { "name": "Ruisseau de Maugoudoua et Oubats", "weight_class": 1, "permanent": false, "length_km": 2.0 }, "geometry": { "type": "LineString", "coordinates": [ [ 0.96918, 42.83369 ], [ 0.97383, 42.83576 ], [ 0.9777, 42.84139 ], [ 0.98372, 42.84405 ], [ 0.9848, 42.846 ] ] } },
{ "type": "Feature", "properties": { "name": null, "weight_class": 1, "permanent": true, "length_km": 2.0 }, "geometry": { "type": "LineString", "coordinates": [ [ 1.02337, 42.87634 ], [ 1.03221, 42.88953 ], [ 1.0317, 42.89309 ] ] } },
{ "type": "Feature", "properties": { "name": null, "weight_class": 1, "permanent": true, "length_km": 2.2 }, "geometry": { "type": "LineString", "coordinates": [ [ 0.99382, 42.86634 ], [ 0.99515, 42.86951 ], [ 1.01732, 42.86706 ] ] } },
{ "type": "Feature", "properties": { "name": "Ruisseau de Coudères", "weight_class": 1, "permanent": false, "length_km": 2.6 }, "geometry": { "type": "LineString", "coordinates": [ [ 0.99336, 42.90741 ], [ 0.99565, 42.91121 ], [ 0.99569, 42.91327 ], [ 1.00037, 42.91699 ], [ 1.00202, 42.91673 ], [ 1.00221, 42.91927 ], [ 1.00567, 42.92042 ], [ 1.00715, 42.92497 ] ] } },
{ "type": "Feature", "properties": { "name": "Ruisseau de Cazalus", "weight_class": 1, "permanent": true, "length_km": 4.9 }, "geometry": { "type": "LineString", "coordinates": [ [ 0.98138, 42.89603 ], [ 0.98767, 42.8959 ], [ 0.99576, 42.89821 ], [ 1.00016, 42.90398 ], [ 1.00302, 42.90479 ], [ 1.0027, 42.9066 ], [ 1.00743, 42.90858 ], [ 1.01155, 42.90871 ], [ 1.01601, 42.9123 ], [ 1.02472, 42.91339 ], [ 1.02733, 42.91272 ] ] } },
{ "type": "Feature", "properties": { "name": "Ruisseau de Bach/Ravin de la Tire", "weight_class": 1, "permanent": true, "length_km": 3.8 }, "geometry": { "type": "LineString", "coordinates": [ [ 0.96733, 42.9036 ], [ 0.97236, 42.906 ], [ 0.97564, 42.90877 ], [ 0.98312, 42.91901 ], [ 0.98819, 42.92115 ], [ 0.98779, 42.92403 ], [ 0.99118, 42.92758 ], [ 0.9916, 42.92933 ] ] } },
{ "type": "Feature", "properties": { "name": "la Rivière", "weight_class": 1, "permanent": true, "length_km": 4.6 }, "geometry": { "type": "LineString", "coordinates": [ [ 0.95447, 42.90178 ], [ 0.9584, 42.90899 ], [ 0.95764, 42.91302 ], [ 0.96078, 42.91567 ], [ 0.96108, 42.91907 ], [ 0.96413, 42.92178 ], [ 0.963, 42.92553 ], [ 0.96582, 42.92738 ], [ 0.96747, 42.93043 ], [ 0.96469, 42.93763 ] ] } },
{ "type": "Feature", "properties": { "name": "Ruisseau de Cassech", "weight_class": 1, "permanent": true, "length_km": 4.5 }, "geometry": { "type": "LineString", "coordinates": [ [ 0.9422, 42.90132 ], [ 0.94442, 42.90815 ], [ 0.94232, 42.91345 ], [ 0.94249, 42.9168 ], [ 0.94684, 42.9228 ], [ 0.94675, 42.92701 ], [ 0.95413, 42.93323 ], [ 0.95362, 42.93519 ], [ 0.95146, 42.93708 ] ] } },
{ "type": "Feature", "properties": { "name": "Ruisseau de Pouticayre", "weight_class": 2, "permanent": false, "length_km": 2.2 }, "geometry": { "type": "LineString", "coordinates": [ [ 0.93282, 42.9124 ], [ 0.93031, 42.91682 ], [ 0.93288, 42.92177 ], [ 0.93462, 42.92288 ], [ 0.93051, 42.92461 ], [ 0.93028, 42.92806 ] ] } },
{ "type": "Feature", "properties": { "name": "Ruisseau de l'Etruc/Ruisseau de Campuls", "weight_class": 1, "permanent": true, "length_km": 7.4 }, "geometry": { "type": "LineString", "coordinates": [ [ 1.06437, 42.83981 ], [ 1.06332, 42.84007 ], [ 1.06503, 42.84108 ], [ 1.06355, 42.84626 ], [ 1.06479, 42.84669 ], [ 1.06462, 42.84952 ], [ 1.06075, 42.85461 ], [ 1.05479, 42.85753 ], [ 1.0523, 42.86213 ], [ 1.04719, 42.86605 ], [ 1.04339, 42.87292 ], [ 1.0271, 42.87711 ], [ 1.02605, 42.87842 ], [ 1.02131, 42.88041 ], [ 1.01929, 42.88439 ] ] } },
{ "type": "Feature", "properties": { "name": "Ruisseau d'Irazein", "weight_class": 1, "permanent": true, "length_km": 3.4 }, "geometry": { "type": "LineString", "coordinates": [ [ 0.94759, 42.8951 ], [ 0.96182, 42.88924 ], [ 0.96446, 42.88685 ], [ 0.96393, 42.8849 ], [ 0.9652, 42.88309 ], [ 0.96903, 42.88172 ], [ 0.96877, 42.88036 ], [ 0.9707, 42.87917 ], [ 0.97076, 42.87712 ], [ 0.97335, 42.87633 ] ] } },
{ "type": "Feature", "properties": { "name": "le Ribérot", "weight_class": 1, "permanent": true, "length_km": 14.0 }, "geometry": { "type": "LineString", "coordinates": [ [ 1.05601, 42.78428 ], [ 1.05398, 42.7876 ], [ 1.05581, 42.789 ], [ 1.06181, 42.78934 ], [ 1.06473, 42.79561 ], [ 1.06281, 42.79718 ], [ 1.05514, 42.80018 ], [ 1.05065, 42.80487 ], [ 1.04935, 42.80878 ], [ 1.04467, 42.81293 ], [ 1.0399, 42.81976 ], [ 1.03948, 42.82619 ], [ 1.03684, 42.82713 ], [ 1.03298, 42.83096 ], [ 1.02983, 42.83444 ], [ 1.0288, 42.83798 ], [ 1.02486, 42.8408 ], [ 1.02341, 42.84753 ], [ 1.02473, 42.84969 ], [ 1.02236, 42.85111 ], [ 1.01636, 42.86348 ], [ 1.01703, 42.86543 ], [ 1.01565, 42.8725 ], [ 1.01711, 42.87434 ], [ 1.01528, 42.88113 ], [ 1.01677, 42.88315 ] ] } },
{ "type": "Feature", "properties": { "name": "l'Orle", "weight_class": 1, "permanent": true, "length_km": 11.3 }, "geometry": { "type": "LineString", "coordinates": [ [ 0.98262, 42.79225 ], [ 0.98737, 42.79166 ], [ 0.99056, 42.79227 ], [ 0.99357, 42.79406 ], [ 0.99296, 42.80328 ], [ 0.98585, 42.81737 ], [ 0.98594, 42.81975 ], [ 0.98916, 42.82368 ], [ 0.98451, 42.82944 ], [ 0.98662, 42.83187 ], [ 0.98675, 42.84067 ], [ 0.98929, 42.8446 ], [ 0.98708, 42.84811 ], [ 0.98798, 42.85147 ], [ 0.98718, 42.85409 ], [ 0.9882, 42.85615 ], [ 0.99108, 42.85766 ], [ 0.99197, 42.85976 ], [ 0.9961, 42.87475 ], [ 0.99501, 42.87577 ] ] } },
{ "type": "Feature", "properties": { "name": "Ruisseau d'Andraud", "weight_class": 1, "permanent": true, "length_km": 2.1 }, "geometry": { "type": "LineString", "coordinates": [ [ 0.95743, 42.85402 ], [ 0.95224, 42.86975 ], [ 0.94999, 42.87112 ] ] } },
{ "type": "Feature", "properties": { "name": "Ruisseau de Trémoulet", "weight_class": 1, "permanent": true, "length_km": 2.2 }, "geometry": { "type": "LineString", "coordinates": [ [ 0.96211, 42.84998 ], [ 0.95444, 42.84918 ], [ 0.95165, 42.84775 ], [ 0.94454, 42.84826 ], [ 0.94027, 42.84687 ], [ 0.93755, 42.84703 ] ] } },
{ "type": "Feature", "properties": { "name": "le Trapech", "weight_class": 1, "permanent": true, "length_km": 3.0 }, "geometry": { "type": "LineString", "coordinates": [ [ 1.01297, 42.81418 ], [ 1.01208, 42.81497 ], [ 1.01468, 42.81696 ], [ 1.02253, 42.82906 ], [ 1.02641, 42.83197 ], [ 1.02945, 42.8316 ], [ 1.0319, 42.83278 ] ] } },
{ "type": "Feature", "properties": { "name": "Ruisseau de Laspé", "weight_class": 1, "permanent": true, "length_km": 3.4 }, "geometry": { "type": "LineString", "coordinates": [ [ 0.96037, 42.81765 ], [ 0.95888, 42.81837 ], [ 0.95781, 42.82088 ], [ 0.95714, 42.82685 ], [ 0.95527, 42.83063 ], [ 0.9468, 42.83384 ], [ 0.94574, 42.83575 ], [ 0.94012, 42.83728 ], [ 0.93908, 42.83885 ] ] } },
{ "type": "Feature", "properties": { "name": "Ruisseau de l'Isard", "weight_class": 1, "permanent": true, "length_km": 2.7 }, "geometry": { "type": "LineString", "coordinates": [ [ 0.85358, 42.84742 ], [ 0.85529, 42.8473 ], [ 0.85768, 42.84908 ], [ 0.86253, 42.85012 ], [ 0.86607, 42.85371 ], [ 0.87567, 42.85735 ], [ 0.87858, 42.85724 ] ] } },
{ "type": "Feature", "properties": { "name": "Ruisseau de Gaudère", "weight_class": 1, "permanent": false, "length_km": 3.1 }, "geometry": { "type": "LineString", "coordinates": [ [ 0.88584, 42.87308 ], [ 0.88733, 42.87414 ], [ 0.88862, 42.87817 ], [ 0.89089, 42.87847 ], [ 0.89346, 42.88203 ], [ 0.89741, 42.88467 ], [ 0.88925, 42.89203 ], [ 0.88587, 42.89199 ] ] } },
{ "type": "Feature", "properties": { "name": null, "weight_class": 2, "permanent": true, "length_km": 3.7 }, "geometry": { "type": "LineString", "coordinates": [ [ 0.89911, 42.82793 ], [ 0.90639, 42.83012 ], [ 0.91361, 42.83579 ], [ 0.92314, 42.83639 ], [ 0.92453, 42.83761 ], [ 0.93793, 42.84203 ] ] } },
{ "type": "Feature", "properties": { "name": null, "weight_class": 1, "permanent": true, "length_km": 2.6 }, "geometry": { "type": "LineString", "coordinates": [ [ 0.89911, 42.82793 ], [ 0.89879, 42.8189 ], [ 0.9134, 42.80905 ] ] } },
{ "type": "Feature", "properties": { "name": "Goute d'Oule", "weight_class": 1, "permanent": true, "length_km": 3.1 }, "geometry": { "type": "LineString", "coordinates": [ [ 0.83463, 42.90407 ], [ 0.83542, 42.9067 ], [ 0.83827, 42.90819 ], [ 0.84012, 42.91123 ], [ 0.8532, 42.91628 ], [ 0.86229, 42.91277 ] ] } },
{ "type": "Feature", "properties": { "name": "Ruisseau de Nédé", "weight_class": 1, "permanent": true, "length_km": 6.7 }, "geometry": { "type": "LineString", "coordinates": [ [ 0.91257, 42.88485 ], [ 0.91393, 42.88953 ], [ 0.9184, 42.89158 ], [ 0.91697, 42.89555 ], [ 0.91816, 42.90021 ], [ 0.91336, 42.90423 ], [ 0.91353, 42.90622 ], [ 0.90986, 42.90986 ], [ 0.90974, 42.91166 ], [ 0.91132, 42.91288 ], [ 0.91224, 42.91559 ], [ 0.9106, 42.9178 ], [ 0.91616, 42.92364 ], [ 0.91818, 42.92867 ], [ 0.92387, 42.93037 ], [ 0.92714, 42.92991 ] ] } },
{ "type": "Feature", "properties": { "name": "Ruisseau de Ruech", "weight_class": 1, "permanent": true, "length_km": 6.4 }, "geometry": { "type": "LineString", "coordinates": [ [ 0.86132, 42.87073 ], [ 0.86473, 42.87131 ], [ 0.86878, 42.87364 ], [ 0.88067, 42.88589 ], [ 0.88069, 42.88913 ], [ 0.88284, 42.88965 ], [ 0.88593, 42.8921 ], [ 0.88567, 42.89527 ], [ 0.8875, 42.89778 ], [ 0.8857, 42.90378 ], [ 0.88215, 42.90663 ], [ 0.88334, 42.91006 ], [ 0.88129, 42.9134 ], [ 0.88106, 42.91604 ] ] } },
{ "type": "Feature", "properties": { "name": "Ruisseau d'Antras", "weight_class": 1, "permanent": false, "length_km": 4.0 }, "geometry": { "type": "LineString", "coordinates": [ [ 0.91587, 42.88585 ], [ 0.92133, 42.88337 ], [ 0.92498, 42.8837 ], [ 0.93037, 42.88285 ], [ 0.93224, 42.8808 ], [ 0.93473, 42.88052 ], [ 0.94, 42.8774 ], [ 0.95791, 42.87368 ] ] } },
{ "type": "Feature", "properties": { "name": "Goute des Plats", "weight_class": 1, "permanent": false, "length_km": 2.0 }, "geometry": { "type": "LineString", "coordinates": [ [ 0.83694, 42.90305 ], [ 0.85581, 42.90261 ], [ 0.85756, 42.90394 ], [ 0.85735, 42.90589 ] ] } },
{ "type": "Feature", "properties": { "name": "Ruisseau de Rabe", "weight_class": 1, "permanent": true, "length_km": 2.7 }, "geometry": { "type": "LineString", "coordinates": [ [ 0.90609, 42.85002 ], [ 0.90998, 42.84995 ], [ 0.91455, 42.85131 ], [ 0.92396, 42.85153 ], [ 0.92923, 42.84937 ], [ 0.93571, 42.85148 ] ] } },
{ "type": "Feature", "properties": { "name": "l'Araing", "weight_class": 1, "permanent": true, "length_km": 4.8 }, "geometry": { "type": "LineString", "coordinates": [ [ 0.86838, 42.82033 ], [ 0.86778, 42.82406 ], [ 0.86931, 42.82744 ], [ 0.87184, 42.83093 ], [ 0.87867, 42.83398 ], [ 0.88064, 42.83797 ], [ 0.88022, 42.84577 ], [ 0.88267, 42.84743 ], [ 0.88584, 42.85243 ], [ 0.88959, 42.85479 ] ] } },
{ "type": "Feature", "properties": { "name": "l'Isard", "weight_class": 1, "permanent": true, "length_km": 9.2 }, "geometry": { "type": "LineString", "coordinates": [ [ 0.84942, 42.86151 ], [ 0.8575, 42.86222 ], [ 0.86451, 42.86054 ], [ 0.872, 42.86005 ], [ 0.87707, 42.85844 ], [ 0.87982, 42.85654 ], [ 0.88959, 42.85479 ], [ 0.89574, 42.85695 ], [ 0.90148, 42.85699 ], [ 0.90384, 42.86289 ], [ 0.90541, 42.86322 ], [ 0.90751, 42.8655 ], [ 0.91248, 42.86623 ], [ 0.91486, 42.86767 ], [ 0.92016, 42.86853 ], [ 0.93445, 42.86639 ], [ 0.93733, 42.86769 ], [ 0.9389, 42.86578 ], [ 0.94075, 42.86565 ] ] } },
{ "type": "Feature", "properties": { "name": "Ruisseau de Haurendech", "weight_class": 1, "permanent": true, "length_km": 2.4 }, "geometry": { "type": "LineString", "coordinates": [ [ 0.90913, 42.84172 ], [ 0.91516, 42.84051 ], [ 0.92376, 42.84059 ], [ 0.92753, 42.84557 ], [ 0.92738, 42.84809 ], [ 0.92923, 42.84937 ] ] } },
{ "type": "Feature", "properties": { "name": "Ruisseau de Rouge", "weight_class": 1, "permanent": true, "length_km": 2.2 }, "geometry": { "type": "LineString", "coordinates": [ [ 0.91513, 42.83232 ], [ 0.91699, 42.83167 ], [ 0.92254, 42.83287 ], [ 0.92979, 42.83271 ], [ 0.93217, 42.8345 ], [ 0.93854, 42.83541 ] ] } },
{ "type": "Feature", "properties": { "name": null, "weight_class": 1, "permanent": true, "length_km": 2.8 }, "geometry": { "type": "LineString", "coordinates": [ [ 0.93807, 42.80425 ], [ 0.93246, 42.80354 ], [ 0.9283, 42.80935 ], [ 0.926, 42.8096 ], [ 0.92339, 42.81122 ], [ 0.91862, 42.81187 ], [ 0.9134, 42.80905 ] ] } },
{ "type": "Feature", "properties": { "name": null, "weight_class": 1, "permanent": true, "length_km": 2.3 }, "geometry": { "type": "LineString", "coordinates": [ [ 0.88024, 42.82264 ], [ 0.88558, 42.82391 ], [ 0.88775, 42.82203 ], [ 0.89257, 42.82131 ], [ 0.8963, 42.82378 ], [ 0.90233, 42.82484 ] ] } },
{ "type": "Feature", "properties": { "name": "Ruisseau de l'Arech", "weight_class": 1, "permanent": true, "length_km": 2.3 }, "geometry": { "type": "LineString", "coordinates": [ [ 0.96392, 42.82276 ], [ 0.9677, 42.82568 ], [ 0.9782, 42.8253 ], [ 0.98261, 42.82322 ], [ 0.98471, 42.82334 ], [ 0.98726, 42.82586 ] ] } },
{ "type": "Feature", "properties": { "name": "Ruisseau de Mont-Ner", "weight_class": 1, "permanent": true, "length_km": 2.2 }, "geometry": { "type": "LineString", "coordinates": [ [ 0.95508, 42.81995 ], [ 0.95455, 42.82279 ], [ 0.95166, 42.82726 ], [ 0.9464, 42.83013 ], [ 0.94375, 42.83652 ] ] } },
{ "type": "Feature", "properties": { "name": "Ruisseau d'Artignan", "weight_class": 1, "permanent": true, "length_km": 2.4 }, "geometry": { "type": "LineString", "coordinates": [ [ 0.94703, 42.80179 ], [ 0.94787, 42.80754 ], [ 0.94572, 42.81439 ], [ 0.94384, 42.81633 ], [ 0.93715, 42.81918 ] ] } },
{ "type": "Feature", "properties": { "name": "Ruisseau d'Urets", "weight_class": 1, "permanent": true, "length_km": 3.8 }, "geometry": { "type": "LineString", "coordinates": [ [ 0.92822, 42.79596 ], [ 0.92895, 42.79882 ], [ 0.93168, 42.80089 ], [ 0.9318, 42.80397 ], [ 0.93508, 42.80987 ], [ 0.93292, 42.81326 ], [ 0.93724, 42.81882 ], [ 0.9339, 42.8247 ] ] } },
{ "type": "Feature", "properties": { "name": "Ruisseau de la Cigalère", "weight_class": 1, "permanent": false, "length_km": 2.7 }, "geometry": { "type": "LineString", "coordinates": [ [ 0.89064, 42.8264 ], [ 0.89361, 42.82768 ], [ 0.90788, 42.82758 ], [ 0.91438, 42.82579 ], [ 0.91803, 42.8219 ] ] } },
{ "type": "Feature", "properties": { "name": "Ruisseau de Coume Longue", "weight_class": 1, "permanent": false, "length_km": 2.0 }, "geometry": { "type": "LineString", "coordinates": [ [ 0.89708, 42.82631 ], [ 0.90096, 42.82638 ], [ 0.90358, 42.82278 ], [ 0.90744, 42.82076 ], [ 0.91652, 42.82194 ] ] } },
{ "type": "Feature", "properties": { "name": "Ruisseau de Peyralade", "weight_class": 1, "permanent": true, "length_km": 4.4 }, "geometry": { "type": "LineString", "coordinates": [ [ 1.01632, 42.79033 ], [ 1.01538, 42.79115 ], [ 1.01602, 42.79236 ], [ 1.01885, 42.79598 ], [ 1.0217, 42.79776 ], [ 1.02201, 42.80429 ], [ 1.02529, 42.80714 ], [ 1.02895, 42.81253 ], [ 1.0399, 42.81976 ] ] } },
{ "type": "Feature", "properties": { "name": "Ruisseau de Bularic", "weight_class": 1, "permanent": true, "length_km": 2.1 }, "geometry": { "type": "LineString", "coordinates": [ [ 0.96476, 42.80895 ], [ 0.9704, 42.80924 ], [ 0.97634, 42.81099 ], [ 0.98194, 42.81307 ], [ 0.98614, 42.81647 ] ] } },
{ "type": "Feature", "properties": { "name": "Ruisseau de la Gardie", "weight_class": 1, "permanent": false, "length_km": 2.1 }, "geometry": { "type": "LineString", "coordinates": [ [ 1.85953, 42.79155 ], [ 1.86207, 42.78964 ], [ 1.87582, 42.78735 ], [ 1.87702, 42.78569 ], [ 1.88094, 42.78401 ] ] } },
{ "type": "Feature", "properties": { "name": "l'Aude", "weight_class": 1, "permanent": true, "length_km": 11.9 }, "geometry": { "type": "MultiLineString", "coordinates": [ [ [ 2.08814, 42.73862 ], [ 2.08712, 42.74104 ], [ 2.08817, 42.74213 ], [ 2.08616, 42.74408 ], [ 2.08623, 42.7462 ], [ 2.08469, 42.748 ], [ 2.08639, 42.75218 ] ], [ [ 2.10162, 42.73169 ], [ 2.09889, 42.73337 ], [ 2.09677, 42.73322 ], [ 2.09183, 42.73494 ], [ 2.08839, 42.73841 ] ], [ [ 2.13983, 42.71187 ], [ 2.13385, 42.71477 ], [ 2.12724, 42.71649 ], [ 2.12519, 42.71943 ], [ 2.1237, 42.71873 ], [ 2.12064, 42.71978 ], [ 2.12085, 42.72135 ], [ 2.11863, 42.72207 ], [ 2.11746, 42.72385 ] ], [ [ 2.13668, 42.66657 ], [ 2.13957, 42.67555 ], [ 2.13839, 42.67937 ], [ 2.13613, 42.68094 ], [ 2.13629, 42.68312 ], [ 2.13409, 42.68383 ], [ 2.13317, 42.68622 ], [ 2.13566, 42.6893 ], [ 2.13607, 42.69345 ], [ 2.13829, 42.69395 ], [ 2.13862, 42.69565 ], [ 2.14118, 42.69649 ], [ 2.14011, 42.69789 ], [ 2.14145, 42.69959 ], [ 2.13912, 42.70053 ], [ 2.14106, 42.70428 ], [ 2.14039, 42.71108 ] ] ] } },
{ "type": "Feature", "properties": { "name": "Ruisseau d'Artigues", "weight_class": 1, "permanent": false, "length_km": 11.6 }, "geometry": { "type": "LineString", "coordinates": [ [ 2.02002, 42.65492 ], [ 2.02256, 42.6562 ], [ 2.02356, 42.65903 ], [ 2.02608, 42.65972 ], [ 2.02913, 42.66236 ], [ 2.0292, 42.6638 ], [ 2.03422, 42.66912 ], [ 2.03326, 42.67499 ], [ 2.0341, 42.67684 ], [ 2.0379, 42.6799 ], [ 2.04082, 42.67927 ], [ 2.04254, 42.68089 ], [ 2.04217, 42.68289 ], [ 2.04071, 42.68364 ], [ 2.0411, 42.68704 ], [ 2.0425, 42.69102 ], [ 2.04497, 42.6939 ], [ 2.04456, 42.69842 ], [ 2.04742, 42.70016 ], [ 2.05385, 42.70129 ], [ 2.05594, 42.70364 ], [ 2.06111, 42.70574 ], [ 2.06445, 42.70867 ], [ 2.06526, 42.71105 ], [ 2.07343, 42.71401 ], [ 2.07898, 42.71947 ], [ 2.07982, 42.7251 ] ] } },
{ "type": "Feature", "properties": { "name": "Rivière de Quérigut", "weight_class": 1, "permanent": true, "length_km": 10.3 }, "geometry": { "type": "LineString", "coordinates": [ [ 2.05535, 42.67053 ], [ 2.06734, 42.67289 ], [ 2.07552, 42.68005 ], [ 2.07889, 42.68055 ], [ 2.08173, 42.67983 ], [ 2.08649, 42.68099 ], [ 2.08886, 42.68393 ], [ 2.09391, 42.6859 ], [ 2.09836, 42.69261 ], [ 2.09321, 42.70012 ], [ 2.09412, 42.70136 ], [ 2.09242, 42.70285 ], [ 2.0924, 42.70769 ], [ 2.08438, 42.71424 ], [ 2.08277, 42.7226 ], [ 2.0792, 42.72586 ], [ 2.07635, 42.72654 ], [ 2.07589, 42.72864 ], [ 2.07745, 42.73103 ] ] } },
{ "type": "Feature", "properties": { "name": "la Bruyante", "weight_class": 1, "permanent": true, "length_km": 14.5 }, "geometry": { "type": "LineString", "coordinates": [ [ 1.98687, 42.67355 ], [ 1.99075, 42.68552 ], [ 1.99464, 42.68703 ], [ 1.99621, 42.68961 ], [ 1.99562, 42.69148 ], [ 2.00166, 42.69433 ], [ 2.0037, 42.69789 ], [ 2.00238, 42.70007 ], [ 2.00613, 42.70111 ], [ 2.0064, 42.70219 ], [ 2.00864, 42.70171 ], [ 2.0104, 42.70266 ], [ 2.01302, 42.7018 ], [ 2.01383, 42.69985 ], [ 2.01553, 42.69981 ], [ 2.01907, 42.70229 ], [ 2.02277, 42.70239 ], [ 2.02925, 42.70621 ], [ 2.03274, 42.7126 ], [ 2.0361, 42.71371 ], [ 2.04116, 42.72001 ], [ 2.04156, 42.72214 ], [ 2.04775, 42.72658 ], [ 2.04948, 42.72646 ], [ 2.05277, 42.72865 ], [ 2.05821, 42.73016 ], [ 2.06068, 42.72956 ], [ 2.06192, 42.73029 ], [ 2.06508, 42.72989 ], [ 2.07794, 42.73106 ], [ 2.08074, 42.73302 ], [ 2.08546, 42.73417 ], [ 2.08814, 42.73862 ] ] } },
{ "type": "Feature", "properties": { "name": "le Rialet", "weight_class": 1, "permanent": true, "length_km": 3.5 }, "geometry": { "type": "LineString", "coordinates": [ [ 2.04957, 42.70963 ], [ 2.05025, 42.71472 ], [ 2.06119, 42.72513 ], [ 2.07633, 42.72732 ] ] } },
{ "type": "Feature", "properties": { "name": "Ruisseau de Pontarrou/Ruisseau de las Flourettes", "weight_class": 1, "permanent": false, "length_km": 3.8 }, "geometry": { "type": "LineString", "coordinates": [ [ 2.17422, 42.681 ], [ 2.17217, 42.68485 ], [ 2.16918, 42.68598 ], [ 2.16646, 42.68891 ], [ 2.15567, 42.69574 ], [ 2.15215, 42.69536 ], [ 2.14852, 42.6972 ], [ 2.14736, 42.6961 ], [ 2.14119, 42.69657 ] ] } },
{ "type": "Feature", "properties": { "name": "Ruisseau des Îles", "weight_class": 1, "permanent": true, "length_km": 2.2 }, "geometry": { "type": "LineString", "coordinates": [ [ 2.10888, 42.69349 ], [ 2.10725, 42.69566 ], [ 2.10768, 42.69863 ], [ 2.10252, 42.70341 ], [ 2.09733, 42.70494 ], [ 2.09275, 42.70498 ] ] } },
{ "type": "Feature", "properties": { "name": "Ruisseau du Soula", "weight_class": 1, "permanent": true, "length_km": 2.2 }, "geometry": { "type": "LineString", "coordinates": [ [ 2.08282, 42.68571 ], [ 2.0849, 42.69245 ], [ 2.08828, 42.69518 ], [ 2.08946, 42.70085 ], [ 2.0924, 42.70302 ] ] } },
{ "type": "Feature", "properties": { "name": "le Rec Blanc", "weight_class": 1, "permanent": true, "length_km": 3.9 }, "geometry": { "type": "LineString", "coordinates": [ [ 2.05783, 42.69747 ], [ 2.05862, 42.69895 ], [ 2.05762, 42.70036 ], [ 2.0607, 42.70356 ], [ 2.06611, 42.70749 ], [ 2.07236, 42.70921 ], [ 2.07503, 42.71129 ], [ 2.07471, 42.71421 ], [ 2.07847, 42.71639 ], [ 2.08096, 42.72096 ], [ 2.08277, 42.72227 ] ] } },
{ "type": "Feature", "properties": { "name": "Ruisseau de Saint-Jean", "weight_class": 1, "permanent": true, "length_km": 3.6 }, "geometry": { "type": "LineString", "coordinates": [ [ 2.07131, 42.6879 ], [ 2.0702, 42.69292 ], [ 2.07454, 42.69654 ], [ 2.07605, 42.70157 ], [ 2.08654, 42.70808 ], [ 2.08596, 42.71322 ] ] } },
{ "type": "Feature", "properties": { "name": "Ruisseau du Soula del Four", "weight_class": 1, "permanent": false, "length_km": 2.5 }, "geometry": { "type": "LineString", "coordinates": [ [ 2.16869, 42.67652 ], [ 2.16676, 42.67837 ], [ 2.15729, 42.68306 ], [ 2.14769, 42.68372 ], [ 2.14561, 42.68311 ], [ 2.14228, 42.68386 ] ] } },
{ "type": "Feature", "properties": { "name": "Rec Escur", "weight_class": 1, "permanent": false, "length_km": 3.8 }, "geometry": { "type": "LineString", "coordinates": [ [ 2.16535, 42.67046 ], [ 2.15794, 42.6751 ], [ 2.15141, 42.67677 ], [ 2.14656, 42.67912 ], [ 2.14091, 42.68547 ], [ 2.14113, 42.6868 ], [ 2.13846, 42.69136 ], [ 2.13932, 42.69281 ], [ 2.13847, 42.69443 ] ] } },
{ "type": "Feature", "properties": { "name": "Ruisseau de Caboulrie", "weight_class": 1, "permanent": true, "length_km": 2.2 }, "geometry": { "type": "LineString", "coordinates": [ [ 2.11928, 42.68179 ], [ 2.10234, 42.68798 ], [ 2.09825, 42.69243 ] ] } },
{ "type": "Feature", "properties": { "name": "Ruisseau de l'Orri", "weight_class": 1, "permanent": true, "length_km": 2.1 }, "geometry": { "type": "LineString", "coordinates": [ [ 2.05543, 42.67761 ], [ 2.07047, 42.68262 ], [ 2.07328, 42.68259 ], [ 2.07747, 42.68049 ] ] } },
{ "type": "Feature", "properties": { "name": "Ruisseau de l'Esparre", "weight_class": 1, "permanent": false, "length_km": 2.4 }, "geometry": { "type": "LineString", "coordinates": [ [ 2.16338, 42.66629 ], [ 2.15782, 42.66484 ], [ 2.14249, 42.6662 ], [ 2.13798, 42.66997 ] ] } },
{ "type": "Feature", "properties": { "name": "Ruisseau de Tourret", "weight_class": 1, "permanent": false, "length_km": 2.1 }, "geometry": { "type": "LineString", "coordinates": [ [ 2.03434, 42.73695 ], [ 2.04097, 42.73597 ], [ 2.05147, 42.73213 ], [ 2.05302, 42.72999 ], [ 2.0552, 42.72942 ] ] } },
{ "type": "Feature", "properties": { "name": "Ruisseau de Campagna", "weight_class": 1, "permanent": true, "length_km": 2.1 }, "geometry": { "type": "MultiLineString", "coordinates": [ [ [ 2.05669, 42.75623 ], [ 2.06042, 42.75575 ] ], [ [ 2.06319, 42.75505 ], [ 2.06508, 42.75406 ], [ 2.06827, 42.75444 ] ], [ [ 2.07111, 42.75408 ], [ 2.07405, 42.75355 ] ], [ [ 2.07507, 42.75367 ], [ 2.08293, 42.75172 ], [ 2.08639, 42.75218 ] ] ] } },
{ "type": "Feature", "properties": { "name": "Ruisseau de Paillères/Ruisseau de la Maure", "weight_class": 1, "permanent": false, "length_km": 7.0 }, "geometry": { "type": "LineString", "coordinates": [ [ 1.97918, 42.71269 ], [ 1.98958, 42.7184 ], [ 1.99061, 42.72058 ], [ 1.99643, 42.72188 ], [ 1.99756, 42.72318 ], [ 2.0082, 42.72428 ], [ 2.00982, 42.72838 ], [ 2.01306, 42.72861 ], [ 2.01861, 42.72715 ], [ 2.0217, 42.72721 ], [ 2.0264, 42.72586 ], [ 2.02966, 42.72353 ], [ 2.03578, 42.72403 ], [ 2.04169, 42.72222 ] ] } },
{ "type": "Feature", "properties": { "name": "Petit Ruisseau", "weight_class": 1, "permanent": false, "length_km": 2.3 }, "geometry": { "type": "LineString", "coordinates": [ [ 2.05618, 42.71274 ], [ 2.05774, 42.71492 ], [ 2.061, 42.71665 ], [ 2.06425, 42.71581 ], [ 2.07244, 42.71722 ], [ 2.07899, 42.71958 ] ] } },
{ "type": "Feature", "properties": { "name": "Ruisseau du Fournet", "weight_class": 1, "permanent": false, "length_km": 2.8 }, "geometry": { "type": "LineString", "coordinates": [ [ 2.028, 42.68206 ], [ 2.03223, 42.68884 ], [ 2.03054, 42.69544 ], [ 2.03154, 42.70072 ], [ 2.03046, 42.70308 ], [ 2.02771, 42.70508 ] ] } },
{ "type": "Feature", "properties": { "name": "Ruisseau de Barbouillère", "weight_class": 1, "permanent": true, "length_km": 4.2 }, "geometry": { "type": "LineString", "coordinates": [ [ 2.00787, 42.67246 ], [ 2.00655, 42.67704 ], [ 2.01056, 42.67847 ], [ 2.0149, 42.68276 ], [ 2.01522, 42.68497 ], [ 2.01808, 42.68615 ], [ 2.02013, 42.68883 ], [ 2.01938, 42.69329 ], [ 2.02042, 42.69622 ], [ 2.02204, 42.69708 ], [ 2.02157, 42.69987 ], [ 2.02277, 42.70239 ] ] } },
{ "type": "Feature", "properties": { "name": "Ruisseau d'Artounant", "weight_class": 1, "permanent": true, "length_km": 2.5 }, "geometry": { "type": "LineString", "coordinates": [ [ 1.97806, 42.70343 ], [ 1.98051, 42.70285 ], [ 1.98357, 42.70369 ], [ 1.98489, 42.70307 ], [ 1.99206, 42.70351 ], [ 1.99636, 42.70019 ], [ 2.00096, 42.70098 ], [ 2.00229, 42.69994 ] ] } },
{ "type": "Feature", "properties": { "name": "Ruisseau du Prat de l'Étang", "weight_class": 1, "permanent": false, "length_km": 3.1 }, "geometry": { "type": "LineString", "coordinates": [ [ 2.05658, 42.66306 ], [ 2.05952, 42.66313 ], [ 2.06606, 42.66715 ], [ 2.07033, 42.67208 ], [ 2.07047, 42.67355 ], [ 2.07798, 42.67831 ], [ 2.08122, 42.67889 ], [ 2.08241, 42.67998 ] ] } },
{ "type": "Feature", "properties": { "name": "Ruisseau de Laurenti", "weight_class": 1, "permanent": true, "length_km": 3.3 }, "geometry": { "type": "LineString", "coordinates": [ [ 2.00651, 42.66001 ], [ 2.01699, 42.67004 ], [ 2.02109, 42.67087 ], [ 2.02283, 42.67348 ], [ 2.02799, 42.67554 ], [ 2.03117, 42.67431 ], [ 2.03326, 42.67499 ] ] } }
]
}
