{
"type": "FeatureCollection",
"name": "dep29_overview.geojson",
"crs": { "type": "name", "properties": { "name": "urn:ogc:def:crs:OGC:1.3:CRS84" } },
"xy_coordinate_resolution": 1e-05,
"features": [
{ "type": "Feature", "properties": { "name": "l'Hyère/Canal de Nantes à Brest", "weight_class": 3, "permanent": true, "length_km": 23.5 }, "geometry": { "type": "MultiLineString", "coordinates": [ [ [ -3.54584, 48.29836 ], [ -3.55513, 48.29967 ], [ -3.55655, 48.29715 ], [ -3.56153, 48.29468 ], [ -3.56203, 48.29162 ], [ -3.56433, 48.29076 ], [ -3.57496, 48.29193 ], [ -3.57865, 48.28817 ], [ -3.58071, 48.28133 ], [ -3.59498, 48.28459 ], [ -3.60379, 48.28243 ], [ -3.60402, 48.2796 ], [ -3.60019, 48.27042 ], [ -3.60459, 48.26513 ], [ -3.60914, 48.26186 ], [ -3.60709, 48.25629 ], [ -3.60743, 48.24954 ], [ -3.6099, 48.24742 ], [ -3.61492, 48.24759 ], [ -3.61809, 48.24609 ], [ -3.61951, 48.24426 ], [ -3.61916, 48.23752 ], [ -3.63315, 48.23301 ], [ -3.63506, 48.22831 ], [ -3.63762, 48.22565 ], [ -3.65369, 48.22625 ], [ -3.65721, 48.21894 ], [ -3.65991, 48.21769 ], [ -3.6696, 48.22187 ], [ -3.68109, 48.22012 ], [ -3.68614, 48.21781 ], [ -3.68998, 48.22287 ], [ -3.69617, 48.22505 ], [ -3.69769, 48.22428 ], [ -3.69903, 48.22107 ], [ -3.70371, 48.21872 ] ], [ [ -3.53369, 48.30813 ], [ -3.53678, 48.30586 ], [ -3.54147, 48.29887 ] ], [ [ -3.51833, 48.31854 ], [ -3.51963, 48.31765 ], [ -3.52839, 48.31666 ], [ -3.53008, 48.31381 ] ] ] } },
{ "type": "Feature", "properties": { "name": "l'Ellé", "weight_class": 3, "permanent": true, "length_km": 20.5 }, "geometry": { "type": "LineString", "coordinates": [ [ -3.4844, 47.96258 ], [ -3.48512, 47.95968 ], [ -3.48183, 47.95802 ], [ -3.48154, 47.95256 ], [ -3.47819, 47.94924 ], [ -3.47649, 47.94874 ], [ -3.47326, 47.94946 ], [ -3.46674, 47.94736 ], [ -3.47016, 47.94346 ], [ -3.46218, 47.93901 ], [ -3.45867, 47.93365 ], [ -3.46159, 47.92943 ], [ -3.46145, 47.9264 ], [ -3.45964, 47.92383 ], [ -3.45295, 47.92141 ], [ -3.45156, 47.91903 ], [ -3.45335, 47.91824 ], [ -3.45837, 47.91814 ], [ -3.46149, 47.91607 ], [ -3.45984, 47.91285 ], [ -3.45883, 47.9054 ], [ -3.46241, 47.90285 ], [ -3.4662, 47.90317 ], [ -3.46653, 47.90644 ], [ -3.46786, 47.9073 ], [ -3.46996, 47.90289 ], [ -3.48167, 47.90408 ], [ -3.48362, 47.90136 ], [ -3.48642, 47.89997 ], [ -3.49017, 47.90153 ], [ -3.49467, 47.90193 ], [ -3.4974, 47.89853 ], [ -3.49555, 47.89534 ], [ -3.50336, 47.89567 ], [ -3.50246, 47.89431 ], [ -3.49931, 47.89428 ], [ -3.49855, 47.89339 ], [ -3.49956, 47.8874 ], [ -3.50253, 47.88425 ], [ -3.50514, 47.88373 ], [ -3.51013, 47.88493 ], [ -3.51706, 47.88302 ], [ -3.52284, 47.88518 ], [ -3.52254, 47.88363 ], [ -3.52449, 47.88086 ], [ -3.53229, 47.87942 ], [ -3.53713, 47.876 ], [ -3.54423, 47.87515 ], [ -3.54358, 47.87192 ], [ -3.54525, 47.87085 ] ] } },
{ "type": "Feature", "properties": { "name": "le Scorff", "weight_class": 3, "permanent": true, "length_km": 11.2 }, "geometry": { "type": "MultiLineString", "coordinates": [ [ [ -3.39528, 47.91723 ], [ -3.40081, 47.91899 ], [ -3.40491, 47.91831 ], [ -3.40887, 47.91613 ], [ -3.40939, 47.90988 ], [ -3.4043, 47.90905 ], [ -3.40375, 47.9074 ], [ -3.40621, 47.90592 ], [ -3.40991, 47.90526 ], [ -3.41699, 47.90699 ], [ -3.41932, 47.90532 ], [ -3.41896, 47.90441 ], [ -3.41581, 47.90375 ], [ -3.41, 47.90403 ] ], [ [ -3.40433, 47.8997 ], [ -3.4085, 47.89649 ], [ -3.40581, 47.89416 ], [ -3.40398, 47.89037 ] ], [ [ -3.40143, 47.87388 ], [ -3.40415, 47.86661 ], [ -3.39817, 47.86321 ] ], [ [ -3.38675, 47.92594 ], [ -3.39192, 47.9217 ], [ -3.39395, 47.91732 ] ], [ [ -3.39301, 47.951 ], [ -3.39709, 47.94857 ], [ -3.39726, 47.947 ], [ -3.40122, 47.94532 ], [ -3.40173, 47.94359 ], [ -3.39838, 47.93475 ], [ -3.39426, 47.93329 ] ] ] } },
{ "type": "Feature", "properties": { "name": "le Yar", "weight_class": 1, "permanent": true, "length_km": 3.3 }, "geometry": { "type": "LineString", "coordinates": [ [ -3.59506, 48.5364 ], [ -3.59336, 48.53943 ], [ -3.5891, 48.54168 ], [ -3.58448, 48.54689 ], [ -3.58266, 48.5524 ], [ -3.57807, 48.55319 ], [ -3.57455, 48.5568 ], [ -3.57135, 48.55837 ] ] } },
{ "type": "Feature", "properties": { "name": "Ruisseau le Fouessigou", "weight_class": 1, "permanent": true, "length_km": 2.3 }, "geometry": { "type": "LineString", "coordinates": [ [ -3.57321, 48.46038 ], [ -3.57377, 48.45558 ], [ -3.56813, 48.4525 ], [ -3.55391, 48.45347 ] ] } },
{ "type": "Feature", "properties": { "name": "le Dour Uzel", "weight_class": 1, "permanent": true, "length_km": 5.2 }, "geometry": { "type": "MultiLineString", "coordinates": [ [ [ -3.62276, 48.58927 ], [ -3.62395, 48.58809 ], [ -3.62938, 48.5879 ], [ -3.63261, 48.59048 ] ], [ [ -3.602, 48.57001 ], [ -3.59362, 48.57436 ], [ -3.60089, 48.57778 ], [ -3.60162, 48.58004 ], [ -3.60009, 48.58359 ], [ -3.60307, 48.58574 ], [ -3.60628, 48.58632 ], [ -3.6073, 48.58735 ], [ -3.60902, 48.58716 ], [ -3.61083, 48.5886 ], [ -3.61479, 48.58894 ], [ -3.61747, 48.59022 ], [ -3.62146, 48.58968 ] ] ] } },
{ "type": "Feature", "properties": { "name": null, "weight_class": 1, "permanent": true, "length_km": 3.3 }, "geometry": { "type": "LineString", "coordinates": [ [ -3.59886, 48.55385 ], [ -3.6, 48.55708 ], [ -3.60367, 48.55726 ], [ -3.60649, 48.5595 ], [ -3.61757, 48.55989 ], [ -3.62169, 48.56134 ], [ -3.62956, 48.55971 ], [ -3.63451, 48.56182 ] ] } },
{ "type": "Feature", "properties": { "name": null, "weight_class": 1, "permanent": true, "length_km": 2.4 }, "geometry": { "type": "LineString", "coordinates": [ [ -3.61145, 48.54224 ], [ -3.60436, 48.53961 ], [ -3.6055, 48.53421 ], [ -3.60907, 48.53281 ], [ -3.61515, 48.5355 ], [ -3.61832, 48.53558 ] ] } },
{ "type": "Feature", "properties": { "name": "l'Aulne", "weight_class": 3, "permanent": true, "length_km": 119.5 }, "geometry": { "type": "MultiLineString", "coordinates": [ [ [ -4.28463, 48.28233 ], [ -4.28346, 48.28674 ], [ -4.27954, 48.28841 ], [ -4.27609, 48.28726 ], [ -4.27023, 48.28187 ], [ -4.26272, 48.2824 ], [ -4.25432, 48.28633 ], [ -4.25073, 48.29141 ] ], [ [ -4.21087, 48.24879 ], [ -4.21321, 48.25686 ], [ -4.21503, 48.25897 ], [ -4.21915, 48.25995 ], [ -4.22396, 48.25899 ] ], [ [ -4.13576, 48.23685 ], [ -4.13927, 48.2372 ], [ -4.14304, 48.2393 ] ], [ [ -4.12897, 48.23902 ], [ -4.1343, 48.23696 ] ], [ [ -3.6049, 48.39032 ], [ -3.61501, 48.38209 ], [ -3.61848, 48.38127 ], [ -3.62083, 48.38192 ], [ -3.62174, 48.38119 ], [ -3.62431, 48.38153 ], [ -3.62466, 48.38077 ], [ -3.6268, 48.38103 ], [ -3.6279, 48.3802 ], [ -3.63298, 48.38155 ], [ -3.63414, 48.38024 ], [ -3.63583, 48.38098 ], [ -3.63695, 48.38049 ], [ -3.63906, 48.38195 ], [ -3.64226, 48.38259 ], [ -3.64377, 48.38574 ], [ -3.64776, 48.385 ], [ -3.64839, 48.38632 ], [ -3.64928, 48.38589 ], [ -3.65209, 48.38742 ], [ -3.65315, 48.38648 ], [ -3.6542, 48.38727 ], [ -3.6569, 48.38652 ], [ -3.65786, 48.38777 ], [ -3.66033, 48.38772 ], [ -3.66561, 48.39025 ], [ -3.66992, 48.38706 ], [ -3.66978, 48.38587 ], [ -3.67342, 48.38158 ], [ -3.67692, 48.38062 ], [ -3.67733, 48.37891 ], [ -3.67507, 48.37614 ], [ -3.67916, 48.37281 ], [ -3.67824, 48.37164 ], [ -3.67906, 48.36908 ], [ -3.68432, 48.36578 ], [ -3.68514, 48.36169 ], [ -3.68029, 48.35199 ], [ -3.68328, 48.34949 ], [ -3.68352, 48.34662 ], [ -3.68037, 48.34302 ], [ -3.6794, 48.33978 ], [ -3.68144, 48.33328 ], [ -3.68045, 48.32852 ], [ -3.68114, 48.31975 ], [ -3.67936, 48.3168 ], [ -3.68248, 48.31375 ], [ -3.69208, 48.30969 ], [ -3.69513, 48.30663 ], [ -3.69195, 48.30265 ], [ -3.68731, 48.3014 ], [ -3.68083, 48.29755 ], [ -3.6799, 48.29418 ], [ -3.68533, 48.28856 ], [ -3.69024, 48.28052 ], [ -3.69286, 48.27878 ], [ -3.69337, 48.27664 ], [ -3.69185, 48.27322 ], [ -3.69734, 48.26333 ], [ -3.69764, 48.2606 ], [ -3.70937, 48.25541 ], [ -3.71134, 48.25138 ], [ -3.71054, 48.24919 ], [ -3.70244, 48.24766 ], [ -3.69795, 48.24534 ], [ -3.69777, 48.24086 ], [ -3.69979, 48.2369 ], [ -3.70102, 48.23584 ], [ -3.70345, 48.23579 ], [ -3.70814, 48.23848 ], [ -3.71397, 48.23967 ], [ -3.71836, 48.23812 ], [ -3.72078, 48.23452 ], [ -3.71865, 48.22285 ], [ -3.70584, 48.22058 ], [ -3.70371, 48.21872 ], [ -3.70413, 48.21746 ], [ -3.70664, 48.21602 ], [ -3.71484, 48.2151 ], [ -3.72008, 48.2167 ], [ -3.72584, 48.22096 ], [ -3.73144, 48.22149 ], [ -3.73689, 48.21956 ], [ -3.73995, 48.21386 ], [ -3.73409, 48.20725 ], [ -3.73364, 48.20316 ], [ -3.73614, 48.20208 ], [ -3.73982, 48.20218 ], [ -3.74579, 48.20676 ], [ -3.75061, 48.20816 ], [ -3.75373, 48.20758 ], [ -3.76266, 48.19301 ], [ -3.75947, 48.19066 ], [ -3.75234, 48.18782 ], [ -3.75082, 48.18604 ], [ -3.75162, 48.18324 ], [ -3.75594, 48.18003 ], [ -3.76849, 48.17603 ], [ -3.77581, 48.17093 ], [ -3.77959, 48.17084 ], [ -3.7793, 48.17572 ], [ -3.78139, 48.18083 ], [ -3.78383, 48.18215 ], [ -3.7888, 48.18179 ], [ -3.7919, 48.17983 ], [ -3.79059, 48.17454 ], [ -3.79261, 48.16831 ], [ -3.79751, 48.16558 ], [ -3.80127, 48.16491 ], [ -3.80414, 48.16665 ], [ -3.80698, 48.17121 ], [ -3.80776, 48.18342 ], [ -3.80897, 48.18432 ], [ -3.81237, 48.18449 ], [ -3.81611, 48.18374 ], [ -3.81806, 48.18208 ], [ -3.81956, 48.16504 ], [ -3.81834, 48.16103 ], [ -3.82199, 48.15855 ], [ -3.82795, 48.15932 ], [ -3.83862, 48.15861 ], [ -3.85553, 48.16484 ], [ -3.86552, 48.16555 ], [ -3.87628, 48.171 ], [ -3.8824, 48.17228 ], [ -3.90477, 48.18112 ], [ -3.91516, 48.17484 ], [ -3.91732, 48.17248 ], [ -3.92031, 48.17163 ], [ -3.92485, 48.17171 ], [ -3.92787, 48.1736 ], [ -3.93327, 48.18941 ], [ -3.94266, 48.19111 ], [ -3.95338, 48.18739 ], [ -3.9592, 48.18743 ], [ -3.96096, 48.19345 ], [ -3.96046, 48.19707 ], [ -3.96252, 48.20062 ], [ -3.96602, 48.20177 ], [ -3.96844, 48.20174 ], [ -3.97294, 48.19936 ], [ -3.97565, 48.19611 ], [ -3.98457, 48.19101 ], [ -3.99116, 48.19045 ], [ -3.99323, 48.19164 ], [ -3.99438, 48.19633 ], [ -3.99696, 48.19814 ], [ -4.00272, 48.19911 ], [ -4.01064, 48.19714 ], [ -4.0137, 48.19747 ], [ -4.01497, 48.20121 ], [ -4.00851, 48.2081 ], [ -4.01237, 48.21195 ], [ -4.01495, 48.21227 ], [ -4.01738, 48.21178 ], [ -4.022, 48.20715 ], [ -4.02188, 48.19798 ], [ -4.02339, 48.19664 ], [ -4.02585, 48.19677 ], [ -4.02905, 48.1993 ], [ -4.02736, 48.20836 ], [ -4.02229, 48.21387 ], [ -4.02449, 48.21539 ], [ -4.02714, 48.21566 ], [ -4.03247, 48.21549 ], [ -4.03647, 48.21357 ], [ -4.03769, 48.21191 ], [ -4.03858, 48.20242 ], [ -4.03553, 48.19492 ], [ -4.03517, 48.1907 ], [ -4.04211, 48.18129 ], [ -4.04892, 48.18204 ], [ -4.05335, 48.18597 ], [ -4.05384, 48.18793 ], [ -4.0486, 48.20067 ], [ -4.05026, 48.20314 ], [ -4.05611, 48.20613 ], [ -4.06041, 48.20599 ], [ -4.06372, 48.2048 ], [ -4.07826, 48.19051 ], [ -4.08466, 48.18804 ], [ -4.08915, 48.18814 ], [ -4.09559, 48.19273 ], [ -4.09661, 48.19483 ], [ -4.08647, 48.19904 ], [ -4.08302, 48.20369 ], [ -4.07738, 48.20813 ], [ -4.07402, 48.2149 ], [ -4.07678, 48.21703 ], [ -4.08228, 48.21687 ], [ -4.09213, 48.21375 ], [ -4.103, 48.20847 ], [ -4.10851, 48.2067 ], [ -4.11083, 48.20689 ], [ -4.11766, 48.21435 ], [ -4.11791, 48.21767 ], [ -4.11452, 48.22842 ] ], [ [ -4.11115, 48.24 ], [ -4.10819, 48.24344 ], [ -4.10996, 48.24677 ] ], [ [ -3.60078, 48.40099 ], [ -3.603, 48.40028 ], [ -3.60254, 48.39819 ], [ -3.60401, 48.39551 ], [ -3.60203, 48.39512 ], [ -3.60111, 48.39345 ], [ -3.60463, 48.3905 ] ], [ [ -3.59531, 48.42476 ], [ -3.59927, 48.42294 ], [ -3.60175, 48.41872 ], [ -3.60026, 48.41591 ], [ -3.601, 48.40997 ], [ -3.59997, 48.4082 ] ], [ [ -3.59006, 48.42937 ], [ -3.59291, 48.42814 ], [ -3.59358, 48.426 ] ], [ [ -3.58038, 48.43384 ], [ -3.58555, 48.43305 ], [ -3.58759, 48.43115 ] ], [ [ -3.55748, 48.44286 ], [ -3.56291, 48.44082 ], [ -3.56421, 48.43918 ], [ -3.56858, 48.4389 ], [ -3.57083, 48.43668 ], [ -3.57522, 48.43649 ], [ -3.57773, 48.43394 ] ], [ [ -3.54622, 48.44935 ], [ -3.55081, 48.44782 ], [ -3.55099, 48.44668 ], [ -3.55605, 48.44396 ] ] ] } },
{ "type": "Feature", "properties": { "name": null, "weight_class": 1, "permanent": true, "length_km": 2.1 }, "geometry": { "type": "LineString", "coordinates": [ [ -3.58439, 48.46022 ], [ -3.58553, 48.45901 ], [ -3.59401, 48.45816 ], [ -3.604, 48.45549 ], [ -3.60658, 48.4538 ], [ -3.60903, 48.4539 ] ] } },
{ "type": "Feature", "properties": { "name": "le Roudouhir", "weight_class": 1, "permanent": true, "length_km": 11.6 }, "geometry": { "type": "LineString", "coordinates": [ [ -3.59442, 48.4704 ], [ -3.6025, 48.47111 ], [ -3.61301, 48.46697 ], [ -3.61395, 48.46498 ], [ -3.61153, 48.46041 ], [ -3.60945, 48.45881 ], [ -3.61012, 48.45704 ], [ -3.60838, 48.4546 ], [ -3.61079, 48.44991 ], [ -3.61786, 48.44682 ], [ -3.62211, 48.44035 ], [ -3.62145, 48.43881 ], [ -3.62505, 48.43423 ], [ -3.62406, 48.43174 ], [ -3.62514, 48.42705 ], [ -3.62369, 48.42591 ], [ -3.61913, 48.42623 ], [ -3.61577, 48.42387 ], [ -3.61548, 48.42212 ], [ -3.61175, 48.42145 ], [ -3.60992, 48.41962 ], [ -3.6113, 48.41677 ], [ -3.61048, 48.41326 ], [ -3.60701, 48.40968 ], [ -3.603, 48.40028 ] ] } },
{ "type": "Feature", "properties": { "name": null, "weight_class": 1, "permanent": true, "length_km": 2.4 }, "geometry": { "type": "LineString", "coordinates": [ [ -3.62369, 48.57148 ], [ -3.62484, 48.57405 ], [ -3.63047, 48.57799 ], [ -3.6337, 48.58404 ], [ -3.63261, 48.59048 ] ] } },
{ "type": "Feature", "properties": { "name": "le Guic", "weight_class": 1, "permanent": true, "length_km": 6.8 }, "geometry": { "type": "MultiLineString", "coordinates": [ [ [ -3.6104, 48.48127 ], [ -3.60655, 48.48205 ], [ -3.60382, 48.48377 ], [ -3.60211, 48.48803 ] ], [ [ -3.60235, 48.48859 ], [ -3.60448, 48.49177 ], [ -3.60447, 48.49617 ], [ -3.59973, 48.49712 ] ], [ [ -3.5912, 48.50061 ], [ -3.58842, 48.5032 ], [ -3.58291, 48.50539 ], [ -3.58284, 48.50671 ], [ -3.57565, 48.51301 ], [ -3.57416, 48.51567 ], [ -3.56466, 48.52131 ] ], [ [ -3.55869, 48.52791 ], [ -3.5582, 48.52866 ] ], [ [ -3.54714, 48.53381 ], [ -3.54442, 48.53663 ], [ -3.5402, 48.53748 ] ] ] } },
{ "type": "Feature", "properties": { "name": null, "weight_class": 1, "permanent": false, "length_km": 2.1 }, "geometry": { "type": "LineString", "coordinates": [ [ -3.56248, 48.53951 ], [ -3.57414, 48.54588 ], [ -3.57807, 48.55319 ] ] } },
{ "type": "Feature", "properties": { "name": null, "weight_class": 1, "permanent": false, "length_km": 2.6 }, "geometry": { "type": "LineString", "coordinates": [ [ -3.60403, 48.54759 ], [ -3.60681, 48.54947 ], [ -3.6175, 48.55183 ], [ -3.61873, 48.55554 ], [ -3.62538, 48.55696 ], [ -3.62799, 48.56018 ] ] } },
{ "type": "Feature", "properties": { "name": null, "weight_class": 1, "permanent": true, "length_km": 2.5 }, "geometry": { "type": "LineString", "coordinates": [ [ -3.5765, 48.53349 ], [ -3.5793, 48.52533 ], [ -3.57757, 48.52326 ], [ -3.56632, 48.52342 ], [ -3.56098, 48.52457 ] ] } },
{ "type": "Feature", "properties": { "name": null, "weight_class": 1, "permanent": true, "length_km": 2.2 }, "geometry": { "type": "LineString", "coordinates": [ [ -3.62031, 48.50183 ], [ -3.62345, 48.50942 ], [ -3.62216, 48.51119 ], [ -3.62219, 48.51632 ], [ -3.6182, 48.51986 ] ] } },
{ "type": "Feature", "properties": { "name": null, "weight_class": 1, "permanent": false, "length_km": 2.1 }, "geometry": { "type": "LineString", "coordinates": [ [ -3.58063, 48.44683 ], [ -3.57879, 48.44626 ], [ -3.56872, 48.44782 ], [ -3.56197, 48.44744 ], [ -3.55748, 48.44286 ] ] } },
{ "type": "Feature", "properties": { "name": null, "weight_class": 1, "permanent": true, "length_km": 3.6 }, "geometry": { "type": "LineString", "coordinates": [ [ -3.59844, 48.44639 ], [ -3.60604, 48.44136 ], [ -3.60624, 48.43974 ], [ -3.60421, 48.43676 ], [ -3.60704, 48.43504 ], [ -3.60846, 48.43269 ], [ -3.60644, 48.42865 ], [ -3.61232, 48.42297 ], [ -3.61175, 48.42145 ] ] } },
{ "type": "Feature", "properties": { "name": "Ruisseau de Saint-Conogan", "weight_class": 1, "permanent": true, "length_km": 2.9 }, "geometry": { "type": "LineString", "coordinates": [ [ -3.53211, 48.19206 ], [ -3.54411, 48.19387 ], [ -3.5462, 48.19268 ], [ -3.55119, 48.19295 ], [ -3.55762, 48.19166 ], [ -3.56198, 48.18963 ], [ -3.56642, 48.19008 ] ] } },
{ "type": "Feature", "properties": { "name": "Voaz Venn", "weight_class": 1, "permanent": true, "length_km": 6.3 }, "geometry": { "type": "MultiLineString", "coordinates": [ [ [ -3.58313, 48.38209 ], [ -3.59088, 48.37925 ], [ -3.59983, 48.37396 ], [ -3.60264, 48.37396 ], [ -3.6066, 48.37237 ], [ -3.61165, 48.37266 ], [ -3.61129, 48.37421 ], [ -3.6144, 48.37658 ], [ -3.61845, 48.37761 ], [ -3.62134, 48.38134 ] ], [ [ -3.55048, 48.37804 ], [ -3.5564, 48.37923 ], [ -3.56952, 48.37939 ], [ -3.57615, 48.38104 ] ] ] } },
{ "type": "Feature", "properties": { "name": "Canal de Nantes à Brest", "weight_class": 3, "permanent": true, "length_km": 8.1 }, "geometry": { "type": "MultiLineString", "coordinates": [ [ [ -3.88497, 48.17384 ], [ -3.88683, 48.17438 ] ], [ [ -3.53021, 48.25371 ], [ -3.53244, 48.25606 ], [ -3.53662, 48.25562 ], [ -3.5404, 48.25318 ], [ -3.55474, 48.25451 ], [ -3.56292, 48.251 ], [ -3.56813, 48.25092 ], [ -3.57066, 48.2489 ], [ -3.58201, 48.24758 ], [ -3.5849, 48.24478 ], [ -3.59038, 48.24648 ], [ -3.5915, 48.24359 ], [ -3.5971, 48.24311 ], [ -3.60028, 48.24162 ], [ -3.61266, 48.24712 ] ], [ [ -3.52521, 48.25605 ], [ -3.52722, 48.25286 ], [ -3.52878, 48.25237 ] ] ] } },
{ "type": "Feature", "properties": { "name": "la Laïta", "weight_class": 3, "permanent": true, "length_km": 11.0 }, "geometry": { "type": "MultiLineString", "coordinates": [ [ [ -3.52789, 47.78791 ], [ -3.52599, 47.78516 ], [ -3.53068, 47.78266 ], [ -3.53214, 47.77983 ], [ -3.53265, 47.77279 ], [ -3.52986, 47.76959 ], [ -3.53216, 47.76641 ], [ -3.53689, 47.76454 ], [ -3.53655, 47.76331 ] ], [ [ -3.53828, 47.8371 ], [ -3.54018, 47.83555 ], [ -3.5411, 47.82897 ], [ -3.53913, 47.82578 ], [ -3.53986, 47.82272 ] ], [ [ -3.54525, 47.87085 ], [ -3.54106, 47.86557 ], [ -3.54186, 47.8615 ], [ -3.54039, 47.85799 ], [ -3.54225, 47.85691 ] ], [ [ -3.53288, 47.82004 ], [ -3.53738, 47.81657 ], [ -3.53545, 47.81313 ], [ -3.53367, 47.81283 ] ], [ [ -3.52917, 47.84306 ], [ -3.53166, 47.84279 ], [ -3.53478, 47.83986 ] ], [ [ -3.52036, 47.80407 ], [ -3.51938, 47.80267 ], [ -3.52173, 47.80093 ], [ -3.52062, 47.79864 ], [ -3.52206, 47.79746 ], [ -3.52704, 47.79625 ], [ -3.52704, 47.79344 ] ], [ [ -3.53033, 47.85516 ], [ -3.52788, 47.85455 ], [ -3.52513, 47.85236 ] ], [ [ -3.52694, 47.84644 ], [ -3.52877, 47.84529 ], [ -3.52741, 47.84391 ] ] ] } },
{ "type": "Feature", "properties": { "name": null, "weight_class": 1, "permanent": true, "length_km": 2.3 }, "geometry": { "type": "LineString", "coordinates": [ [ -3.57151, 48.36737 ], [ -3.57442, 48.36922 ], [ -3.58373, 48.37021 ], [ -3.58864, 48.37174 ], [ -3.59193, 48.37446 ], [ -3.59668, 48.37582 ] ] } },
{ "type": "Feature", "properties": { "name": "le Goaz Guélen/Ruisseau du Moulin de Palon", "weight_class": 1, "permanent": true, "length_km": 7.5 }, "geometry": { "type": "MultiLineString", "coordinates": [ [ [ -3.56902, 48.35629 ], [ -3.57056, 48.3546 ], [ -3.56943, 48.35279 ], [ -3.56071, 48.34935 ] ], [ [ -3.56001, 48.34702 ], [ -3.55531, 48.3448 ], [ -3.55749, 48.33624 ], [ -3.55338, 48.33236 ], [ -3.55174, 48.32307 ], [ -3.54856, 48.32139 ] ], [ [ -3.55013, 48.3189 ], [ -3.55222, 48.31625 ], [ -3.54798, 48.31341 ], [ -3.54867, 48.31175 ], [ -3.54718, 48.31099 ], [ -3.54699, 48.30947 ], [ -3.55107, 48.30643 ], [ -3.55086, 48.30455 ], [ -3.553, 48.3009 ], [ -3.55237, 48.29962 ] ] ] } },
{ "type": "Feature", "properties": { "name": null, "weight_class": 1, "permanent": false, "length_km": 2.6 }, "geometry": { "type": "LineString", "coordinates": [ [ -3.59969, 48.33798 ], [ -3.607, 48.33588 ], [ -3.6081, 48.33219 ], [ -3.6043, 48.32792 ], [ -3.604, 48.32582 ], [ -3.6003, 48.325 ], [ -3.59798, 48.32135 ] ] } },
{ "type": "Feature", "properties": { "name": "le Dourcam", "weight_class": 1, "permanent": true, "length_km": 10.4 }, "geometry": { "type": "LineString", "coordinates": [ [ -3.59021, 48.34888 ], [ -3.58737, 48.34355 ], [ -3.58929, 48.33987 ], [ -3.58831, 48.33829 ], [ -3.59052, 48.33605 ], [ -3.58996, 48.32914 ], [ -3.59242, 48.32591 ], [ -3.59222, 48.32388 ], [ -3.60064, 48.3205 ], [ -3.60742, 48.3142 ], [ -3.61042, 48.31316 ], [ -3.60675, 48.30943 ], [ -3.61103, 48.30785 ], [ -3.61235, 48.30512 ], [ -3.61095, 48.29901 ], [ -3.60591, 48.29634 ], [ -3.60851, 48.29475 ], [ -3.60844, 48.29253 ], [ -3.60989, 48.29165 ], [ -3.60801, 48.289 ], [ -3.60564, 48.28778 ], [ -3.60598, 48.28532 ], [ -3.6, 48.28392 ] ] } },
{ "type": "Feature", "properties": { "name": null, "weight_class": 1, "permanent": true, "length_km": 2.6 }, "geometry": { "type": "LineString", "coordinates": [ [ -3.53284, 48.2869 ], [ -3.54013, 48.28645 ], [ -3.54374, 48.28906 ], [ -3.54528, 48.29188 ], [ -3.55321, 48.29256 ], [ -3.55865, 48.29596 ] ] } },
{ "type": "Feature", "properties": { "name": null, "weight_class": 1, "permanent": true, "length_km": 3.6 }, "geometry": { "type": "LineString", "coordinates": [ [ -3.55665, 48.27219 ], [ -3.56294, 48.27263 ], [ -3.56717, 48.27155 ], [ -3.57735, 48.27086 ], [ -3.58507, 48.26813 ], [ -3.59608, 48.27032 ], [ -3.60029, 48.27012 ] ] } },
{ "type": "Feature", "properties": { "name": "le Sterlenn", "weight_class": 1, "permanent": true, "length_km": 5.2 }, "geometry": { "type": "LineString", "coordinates": [ [ -3.54083, 48.20806 ], [ -3.54297, 48.20978 ], [ -3.54362, 48.21312 ], [ -3.55391, 48.22111 ], [ -3.56119, 48.2225 ], [ -3.56235, 48.22197 ], [ -3.56583, 48.22296 ], [ -3.56892, 48.22261 ], [ -3.57534, 48.22443 ], [ -3.57875, 48.22647 ], [ -3.58146, 48.22655 ], [ -3.58361, 48.22856 ], [ -3.58812, 48.229 ] ] } },
{ "type": "Feature", "properties": { "name": "Ruisseau de Kerloas", "weight_class": 1, "permanent": true, "length_km": 2.2 }, "geometry": { "type": "MultiLineString", "coordinates": [ [ [ -3.40085, 47.97122 ], [ -3.40355, 47.97024 ], [ -3.40331, 47.96555 ], [ -3.40197, 47.96388 ] ], [ [ -3.39906, 47.96078 ], [ -3.39753, 47.96041 ], [ -3.39682, 47.95796 ], [ -3.39333, 47.95855 ] ], [ [ -3.39242, 47.95471 ], [ -3.39303, 47.95106 ] ] ] } },
{ "type": "Feature", "properties": { "name": null, "weight_class": 1, "permanent": true, "length_km": 2.9 }, "geometry": { "type": "LineString", "coordinates": [ [ -3.55067, 47.96743 ], [ -3.55657, 47.97132 ], [ -3.55598, 47.97525 ], [ -3.55797, 47.97921 ], [ -3.54721, 47.98719 ] ] } },
{ "type": "Feature", "properties": { "name": "Ruisseau le Quilidien", "weight_class": 1, "permanent": true, "length_km": 6.3 }, "geometry": { "type": "LineString", "coordinates": [ [ -3.66909, 48.58188 ], [ -3.68232, 48.58362 ], [ -3.68952, 48.59007 ], [ -3.69341, 48.59193 ], [ -3.69942, 48.59065 ], [ -3.70424, 48.59104 ], [ -3.70657, 48.59217 ], [ -3.7098, 48.59782 ], [ -3.70945, 48.60068 ], [ -3.7135, 48.60333 ], [ -3.71758, 48.61346 ] ] } },
{ "type": "Feature", "properties": { "name": "Ruisseau le Quilidien", "weight_class": 1, "permanent": true, "length_km": 2.1 }, "geometry": { "type": "LineString", "coordinates": [ [ -3.70539, 48.5764 ], [ -3.70371, 48.57808 ], [ -3.69969, 48.57918 ], [ -3.69878, 48.58158 ], [ -3.699, 48.584 ], [ -3.70373, 48.58716 ], [ -3.70436, 48.59108 ] ] } },
{ "type": "Feature", "properties": { "name": null, "weight_class": 1, "permanent": true, "length_km": 6.5 }, "geometry": { "type": "LineString", "coordinates": [ [ -3.69518, 48.63821 ], [ -3.69281, 48.63864 ], [ -3.68814, 48.6418 ], [ -3.68185, 48.65046 ], [ -3.68268, 48.65613 ], [ -3.68496, 48.66103 ], [ -3.684, 48.66602 ], [ -3.68236, 48.66823 ], [ -3.67591, 48.67239 ], [ -3.67617, 48.6743 ], [ -3.6741, 48.67729 ], [ -3.67272, 48.68577 ], [ -3.67585, 48.68715 ] ] } },
{ "type": "Feature", "properties": { "name": "le Pontelour", "weight_class": 1, "permanent": true, "length_km": 4.4 }, "geometry": { "type": "LineString", "coordinates": [ [ -3.72309, 48.66695 ], [ -3.71914, 48.66888 ], [ -3.71543, 48.6689 ], [ -3.71216, 48.67106 ], [ -3.69395, 48.67569 ], [ -3.68626, 48.68109 ], [ -3.68005, 48.68356 ], [ -3.67709, 48.68586 ], [ -3.67747, 48.68679 ] ] } },
{ "type": "Feature", "properties": { "name": "la Vallée des Moulins", "weight_class": 1, "permanent": true, "length_km": 5.2 }, "geometry": { "type": "LineString", "coordinates": [ [ -3.74479, 48.67418 ], [ -3.75109, 48.67132 ], [ -3.75462, 48.67231 ], [ -3.75521, 48.67334 ], [ -3.7598, 48.67419 ], [ -3.76368, 48.68263 ], [ -3.7696, 48.68826 ], [ -3.76959, 48.69035 ], [ -3.77273, 48.69157 ], [ -3.77453, 48.69352 ], [ -3.77475, 48.69589 ], [ -3.77994, 48.70185 ] ] } },
{ "type": "Feature", "properties": { "name": null, "weight_class": 1, "permanent": true, "length_km": 4.3 }, "geometry": { "type": "LineString", "coordinates": [ [ -3.7385, 48.64346 ], [ -3.73394, 48.63955 ], [ -3.7335, 48.63656 ], [ -3.72992, 48.63443 ], [ -3.73233, 48.63218 ], [ -3.73352, 48.62515 ], [ -3.73603, 48.6231 ], [ -3.73479, 48.62053 ], [ -3.73597, 48.61566 ], [ -3.74121, 48.6109 ] ] } },
{ "type": "Feature", "properties": { "name": null, "weight_class": 1, "permanent": true, "length_km": 3.5 }, "geometry": { "type": "LineString", "coordinates": [ [ -3.71549, 48.64847 ], [ -3.71109, 48.6515 ], [ -3.70703, 48.65289 ], [ -3.70238, 48.65798 ], [ -3.70107, 48.66102 ], [ -3.69471, 48.66545 ], [ -3.68858, 48.66398 ], [ -3.68404, 48.6659 ] ] } },
{ "type": "Feature", "properties": { "name": null, "weight_class": 1, "permanent": true, "length_km": 2.3 }, "geometry": { "type": "LineString", "coordinates": [ [ -3.70355, 48.64587 ], [ -3.70169, 48.64914 ], [ -3.68994, 48.65827 ], [ -3.68533, 48.65877 ], [ -3.68489, 48.65999 ] ] } },
{ "type": "Feature", "properties": { "name": null, "weight_class": 1, "permanent": true, "length_km": 4.0 }, "geometry": { "type": "LineString", "coordinates": [ [ -3.74777, 48.63421 ], [ -3.75456, 48.6274 ], [ -3.76205, 48.62635 ], [ -3.76512, 48.62713 ], [ -3.76891, 48.62683 ], [ -3.77288, 48.62217 ], [ -3.77526, 48.6214 ], [ -3.77537, 48.61948 ], [ -3.77798, 48.61785 ], [ -3.77842, 48.61585 ], [ -3.78128, 48.61341 ] ] } },
{ "type": "Feature", "properties": { "name": null, "weight_class": 1, "permanent": false, "length_km": 3.2 }, "geometry": { "type": "LineString", "coordinates": [ [ -3.67047, 48.60523 ], [ -3.67326, 48.61062 ], [ -3.67176, 48.61395 ], [ -3.66984, 48.61533 ], [ -3.6698, 48.61818 ], [ -3.6647, 48.62219 ], [ -3.6625, 48.62625 ], [ -3.65731, 48.62857 ] ] } },
{ "type": "Feature", "properties": { "name": null, "weight_class": 1, "permanent": false, "length_km": 2.2 }, "geometry": { "type": "LineString", "coordinates": [ [ -3.6591, 48.60476 ], [ -3.6593, 48.60867 ], [ -3.66215, 48.61053 ], [ -3.66261, 48.61431 ], [ -3.65567, 48.62103 ] ] } },
{ "type": "Feature", "properties": { "name": null, "weight_class": 1, "permanent": true, "length_km": 2.4 }, "geometry": { "type": "LineString", "coordinates": [ [ -3.73149, 48.59133 ], [ -3.73224, 48.59471 ], [ -3.73138, 48.59658 ], [ -3.73394, 48.60083 ], [ -3.73385, 48.60633 ], [ -3.73726, 48.61094 ] ] } },
{ "type": "Feature", "properties": { "name": null, "weight_class": 1, "permanent": true, "length_km": 3.3 }, "geometry": { "type": "LineString", "coordinates": [ [ -3.7662, 48.58938 ], [ -3.7661, 48.59272 ], [ -3.77157, 48.59758 ], [ -3.77397, 48.60161 ], [ -3.77358, 48.60462 ], [ -3.77515, 48.60618 ], [ -3.77877, 48.6074 ], [ -3.77763, 48.61215 ], [ -3.78032, 48.61297 ] ] } },
{ "type": "Feature", "properties": { "name": null, "weight_class": 1, "permanent": true, "length_km": 3.9 }, "geometry": { "type": "LineString", "coordinates": [ [ -3.73325, 48.58124 ], [ -3.73734, 48.58759 ], [ -3.74163, 48.59038 ], [ -3.74198, 48.59395 ], [ -3.74686, 48.59921 ], [ -3.74742, 48.60557 ], [ -3.7511, 48.61107 ] ] } },
{ "type": "Feature", "properties": { "name": null, "weight_class": 1, "permanent": true, "length_km": 2.5 }, "geometry": { "type": "LineString", "coordinates": [ [ -3.78306, 48.59249 ], [ -3.78441, 48.59456 ], [ -3.78345, 48.59624 ], [ -3.78532, 48.60293 ], [ -3.79128, 48.6098 ], [ -3.7921, 48.61259 ] ] } },
{ "type": "Feature", "properties": { "name": null, "weight_class": 1, "permanent": false, "length_km": 4.8 }, "geometry": { "type": "LineString", "coordinates": [ [ -3.67855, 48.55382 ], [ -3.67189, 48.55957 ], [ -3.66808, 48.56092 ], [ -3.66094, 48.56603 ], [ -3.65909, 48.56925 ], [ -3.65931, 48.57393 ], [ -3.65098, 48.5784 ], [ -3.64439, 48.58607 ] ] } },
{ "type": "Feature", "properties": { "name": null, "weight_class": 1, "permanent": true, "length_km": 2.9 }, "geometry": { "type": "LineString", "coordinates": [ [ -3.71253, 48.57563 ], [ -3.71331, 48.57775 ], [ -3.71555, 48.57911 ], [ -3.71633, 48.5868 ], [ -3.7184, 48.5906 ], [ -3.71548, 48.59506 ], [ -3.70942, 48.59689 ] ] } },
{ "type": "Feature", "properties": { "name": "le Tromorgant/Rivière de Plouigneau", "weight_class": 1, "permanent": false, "length_km": 17.8 }, "geometry": { "type": "MultiLineString", "coordinates": [ [ [ -3.72475, 48.55988 ], [ -3.73224, 48.56086 ], [ -3.73581, 48.56344 ], [ -3.7393, 48.56321 ], [ -3.74681, 48.56477 ], [ -3.7608, 48.56405 ], [ -3.76694, 48.56208 ], [ -3.77569, 48.56442 ], [ -3.77863, 48.5667 ], [ -3.78097, 48.56712 ], [ -3.78316, 48.56736 ], [ -3.78824, 48.56563 ], [ -3.80046, 48.5672 ] ], [ [ -3.72335, 48.55918 ], [ -3.72406, 48.55986 ], [ -3.72448, 48.55996 ], [ -3.72475, 48.55988 ] ], [ [ -3.72335, 48.55918 ], [ -3.72475, 48.55988 ] ], [ [ -3.67391, 48.49072 ], [ -3.67597, 48.49366 ], [ -3.6802, 48.49485 ], [ -3.68272, 48.49684 ], [ -3.68685, 48.50429 ], [ -3.68676, 48.50825 ], [ -3.68448, 48.51289 ], [ -3.68615, 48.51541 ], [ -3.69354, 48.51915 ], [ -3.69366, 48.52428 ], [ -3.6919, 48.52914 ], [ -3.69444, 48.53353 ], [ -3.69892, 48.53802 ], [ -3.70448, 48.53844 ], [ -3.70658, 48.54012 ], [ -3.70702, 48.54097 ], [ -3.70513, 48.54284 ], [ -3.708, 48.54662 ], [ -3.71166, 48.54577 ], [ -3.71226, 48.54827 ], [ -3.71547, 48.54975 ], [ -3.71644, 48.55263 ], [ -3.72044, 48.55281 ], [ -3.72064, 48.55593 ], [ -3.72335, 48.55918 ] ] ] } },
{ "type": "Feature", "properties": { "name": "le Squiriou", "weight_class": 1, "permanent": true, "length_km": 8.3 }, "geometry": { "type": "MultiLineString", "coordinates": [ [ [ -3.62645, 48.54136 ], [ -3.62888, 48.54393 ], [ -3.6275, 48.5483 ], [ -3.63041, 48.55035 ], [ -3.63082, 48.55262 ], [ -3.63544, 48.55742 ], [ -3.63451, 48.56182 ], [ -3.63662, 48.56422 ], [ -3.63959, 48.56488 ] ], [ [ -3.60726, 48.50562 ], [ -3.60813, 48.51049 ], [ -3.61104, 48.51231 ], [ -3.61146, 48.51452 ], [ -3.61786, 48.51684 ], [ -3.61867, 48.52132 ], [ -3.61797, 48.52415 ], [ -3.61613, 48.52564 ], [ -3.61776, 48.52974 ], [ -3.61692, 48.53378 ], [ -3.61922, 48.53676 ], [ -3.62576, 48.54114 ] ] ] } },
{ "type": "Feature", "properties": { "name": null, "weight_class": 1, "permanent": true, "length_km": 2.0 }, "geometry": { "type": "LineString", "coordinates": [ [ -3.6671, 48.54904 ], [ -3.66488, 48.54774 ], [ -3.6597, 48.54877 ], [ -3.65045, 48.55284 ], [ -3.64587, 48.55632 ] ] } },
{ "type": "Feature", "properties": { "name": null, "weight_class": 1, "permanent": false, "length_km": 5.9 }, "geometry": { "type": "LineString", "coordinates": [ [ -3.73008, 48.53483 ], [ -3.72764, 48.53898 ], [ -3.72903, 48.54652 ], [ -3.73124, 48.5478 ], [ -3.73574, 48.54789 ], [ -3.7405, 48.55272 ], [ -3.74508, 48.55278 ], [ -3.75005, 48.55567 ], [ -3.75646, 48.55637 ], [ -3.75735, 48.55539 ], [ -3.76012, 48.55493 ], [ -3.7648, 48.55564 ], [ -3.77031, 48.5594 ], [ -3.77131, 48.56312 ] ] } },
{ "type": "Feature", "properties": { "name": null, "weight_class": 1, "permanent": true, "length_km": 3.8 }, "geometry": { "type": "LineString", "coordinates": [ [ -3.68469, 48.56698 ], [ -3.68465, 48.56328 ], [ -3.69026, 48.55977 ], [ -3.69437, 48.55981 ], [ -3.70212, 48.56155 ], [ -3.70608, 48.56113 ], [ -3.71135, 48.56335 ], [ -3.71576, 48.56184 ], [ -3.71679, 48.5601 ], [ -3.72314, 48.55887 ] ] } },
{ "type": "Feature", "properties": { "name": null, "weight_class": 1, "permanent": true, "length_km": 10.1 }, "geometry": { "type": "LineString", "coordinates": [ [ -3.69251, 48.48572 ], [ -3.68936, 48.48856 ], [ -3.69086, 48.49308 ], [ -3.70509, 48.49923 ], [ -3.70463, 48.50435 ], [ -3.70239, 48.50723 ], [ -3.70306, 48.50859 ], [ -3.70577, 48.50913 ], [ -3.70925, 48.51324 ], [ -3.71456, 48.51434 ], [ -3.71739, 48.51373 ], [ -3.71972, 48.51523 ], [ -3.73912, 48.51849 ], [ -3.74941, 48.52369 ], [ -3.75058, 48.53285 ], [ -3.7651, 48.53595 ] ] } },
{ "type": "Feature", "properties": { "name": null, "weight_class": 1, "permanent": true, "length_km": 2.6 }, "geometry": { "type": "LineString", "coordinates": [ [ -3.68623, 48.63017 ], [ -3.68401, 48.63019 ], [ -3.68018, 48.63202 ], [ -3.66298, 48.64536 ] ] } },
{ "type": "Feature", "properties": { "name": "le Douron", "weight_class": 1, "permanent": true, "length_km": 25.0 }, "geometry": { "type": "MultiLineString", "coordinates": [ [ [ -3.65706, 48.53478 ], [ -3.65403, 48.53524 ] ], [ [ -3.65706, 48.53478 ], [ -3.6561, 48.53569 ], [ -3.65403, 48.53524 ] ], [ [ -3.63781, 48.46608 ], [ -3.64195, 48.47791 ], [ -3.6435, 48.47992 ], [ -3.64719, 48.48141 ], [ -3.64859, 48.48345 ], [ -3.64201, 48.48691 ], [ -3.63986, 48.48993 ], [ -3.63753, 48.4901 ], [ -3.63661, 48.4914 ], [ -3.64339, 48.49646 ], [ -3.64453, 48.50102 ], [ -3.64917, 48.50412 ], [ -3.6498, 48.50757 ], [ -3.65637, 48.50916 ], [ -3.65917, 48.51162 ], [ -3.6605, 48.51533 ], [ -3.65867, 48.52029 ], [ -3.65384, 48.52043 ], [ -3.65301, 48.52219 ], [ -3.65711, 48.52514 ], [ -3.65826, 48.52748 ], [ -3.65902, 48.53024 ], [ -3.65686, 48.53253 ], [ -3.65706, 48.53478 ] ], [ [ -3.65403, 48.53524 ], [ -3.65068, 48.53667 ], [ -3.64987, 48.53888 ], [ -3.64718, 48.53984 ], [ -3.6441, 48.54392 ], [ -3.64563, 48.55214 ], [ -3.6449, 48.55544 ], [ -3.64587, 48.55632 ], [ -3.64434, 48.55941 ], [ -3.64043, 48.56291 ], [ -3.63782, 48.56972 ], [ -3.63808, 48.57314 ], [ -3.64309, 48.57512 ], [ -3.64428, 48.57757 ], [ -3.64473, 48.58085 ], [ -3.64346, 48.58204 ], [ -3.64445, 48.58637 ], [ -3.63674, 48.59375 ] ], [ [ -3.66249, 48.64815 ], [ -3.6639, 48.65038 ], [ -3.66584, 48.65106 ], [ -3.66587, 48.65229 ], [ -3.66223, 48.65554 ], [ -3.65958, 48.65614 ], [ -3.65973, 48.65735 ], [ -3.65852, 48.65785 ], [ -3.65921, 48.65928 ] ], [ [ -3.65146, 48.61344 ], [ -3.65129, 48.61615 ], [ -3.65234, 48.61734 ], [ -3.65449, 48.61701 ], [ -3.6559, 48.61988 ], [ -3.65526, 48.62203 ] ], [ [ -3.64637, 48.61041 ], [ -3.64951, 48.61042 ], [ -3.65021, 48.61141 ] ], [ [ -3.64036, 48.59604 ], [ -3.64215, 48.59902 ], [ -3.6411, 48.60247 ], [ -3.63928, 48.60367 ], [ -3.63985, 48.6061 ], [ -3.63847, 48.60781 ], [ -3.63846, 48.61064 ] ] ] } },
{ "type": "Feature", "properties": { "name": null, "weight_class": 1, "permanent": true, "length_km": 2.4 }, "geometry": { "type": "LineString", "coordinates": [ [ -3.63226, 48.51013 ], [ -3.63305, 48.51437 ], [ -3.63749, 48.51356 ], [ -3.64365, 48.51588 ], [ -3.64835, 48.51619 ], [ -3.6536, 48.52088 ] ] } },
{ "type": "Feature", "properties": { "name": null, "weight_class": 1, "permanent": true, "length_km": 2.1 }, "geometry": { "type": "LineString", "coordinates": [ [ -3.72454, 48.52878 ], [ -3.73182, 48.53077 ], [ -3.74249, 48.5288 ], [ -3.74801, 48.52972 ], [ -3.74997, 48.52905 ] ] } },
{ "type": "Feature", "properties": { "name": null, "weight_class": 1, "permanent": true, "length_km": 9.1 }, "geometry": { "type": "LineString", "coordinates": [ [ -3.75391, 48.65785 ], [ -3.75629, 48.66116 ], [ -3.76204, 48.6634 ], [ -3.77603, 48.66456 ], [ -3.78203, 48.6682 ], [ -3.79504, 48.67027 ], [ -3.7966, 48.67426 ], [ -3.79981, 48.67591 ], [ -3.80646, 48.68584 ], [ -3.81489, 48.68938 ], [ -3.81717, 48.69281 ], [ -3.82236, 48.69387 ], [ -3.81904, 48.69616 ], [ -3.81832, 48.69904 ], [ -3.81985, 48.7007 ] ] } },
{ "type": "Feature", "properties": { "name": "Ruisseau le Corniou", "weight_class": 1, "permanent": true, "length_km": 5.7 }, "geometry": { "type": "LineString", "coordinates": [ [ -3.7916, 48.63592 ], [ -3.79326, 48.63837 ], [ -3.79888, 48.63992 ], [ -3.8004, 48.64139 ], [ -3.80426, 48.64123 ], [ -3.80884, 48.64291 ], [ -3.81455, 48.64754 ], [ -3.82483, 48.64763 ], [ -3.82876, 48.64916 ], [ -3.84022, 48.65545 ], [ -3.84249, 48.65826 ], [ -3.84628, 48.66047 ] ] } },
{ "type": "Feature", "properties": { "name": null, "weight_class": 1, "permanent": true, "length_km": 3.1 }, "geometry": { "type": "LineString", "coordinates": [ [ -3.8078, 48.58994 ], [ -3.80525, 48.59105 ], [ -3.807, 48.59487 ], [ -3.80314, 48.59944 ], [ -3.79984, 48.6014 ], [ -3.79231, 48.61223 ] ] } },
{ "type": "Feature", "properties": { "name": "Ruisseau de Roudouhir", "weight_class": 1, "permanent": true, "length_km": 9.8 }, "geometry": { "type": "LineString", "coordinates": [ [ -3.67456, 48.48334 ], [ -3.67046, 48.47595 ], [ -3.67286, 48.46597 ], [ -3.68532, 48.45726 ], [ -3.6857, 48.45538 ], [ -3.69375, 48.44845 ], [ -3.69454, 48.44229 ], [ -3.69704, 48.43873 ], [ -3.69608, 48.43687 ], [ -3.69751, 48.43475 ], [ -3.697, 48.43273 ], [ -3.70177, 48.42751 ], [ -3.69903, 48.42057 ], [ -3.70146, 48.41948 ], [ -3.70428, 48.41603 ], [ -3.70492, 48.41431 ], [ -3.7038, 48.41221 ] ] } },
{ "type": "Feature", "properties": { "name": "Ruisseau le Beurc'hoat", "weight_class": 1, "permanent": true, "length_km": 2.6 }, "geometry": { "type": "LineString", "coordinates": [ [ -3.71297, 48.39257 ], [ -3.70923, 48.39234 ], [ -3.7011, 48.39397 ], [ -3.69292, 48.38715 ], [ -3.68684, 48.3862 ] ] } },
{ "type": "Feature", "properties": { "name": "Ruisseau Dour Yvonnic", "weight_class": 1, "permanent": true, "length_km": 5.5 }, "geometry": { "type": "LineString", "coordinates": [ [ -3.73592, 48.40102 ], [ -3.7301, 48.39874 ], [ -3.72717, 48.39258 ], [ -3.72032, 48.39197 ], [ -3.71677, 48.39027 ], [ -3.7173, 48.38613 ], [ -3.71527, 48.38331 ], [ -3.71741, 48.37909 ], [ -3.71647, 48.37769 ], [ -3.71749, 48.37246 ], [ -3.71493, 48.36936 ], [ -3.71346, 48.36281 ] ] } },
{ "type": "Feature", "properties": { "name": "Ruisseau du Moulin Neuf", "weight_class": 1, "permanent": true, "length_km": 5.1 }, "geometry": { "type": "LineString", "coordinates": [ [ -3.73506, 48.34133 ], [ -3.73542, 48.34038 ], [ -3.7289, 48.33121 ], [ -3.72654, 48.33051 ], [ -3.72608, 48.32633 ], [ -3.72455, 48.32413 ], [ -3.72643, 48.32256 ], [ -3.72494, 48.31771 ], [ -3.7278, 48.31489 ], [ -3.72521, 48.31279 ], [ -3.72444, 48.30951 ], [ -3.72655, 48.30464 ] ] } },
{ "type": "Feature", "properties": { "name": null, "weight_class": 1, "permanent": false, "length_km": 2.5 }, "geometry": { "type": "LineString", "coordinates": [ [ -3.66856, 48.48835 ], [ -3.66452, 48.489 ], [ -3.66395, 48.4915 ], [ -3.65911, 48.49413 ], [ -3.65754, 48.49674 ], [ -3.64851, 48.50261 ], [ -3.6485, 48.50362 ] ] } },
{ "type": "Feature", "properties": { "name": null, "weight_class": 1, "permanent": true, "length_km": 2.4 }, "geometry": { "type": "LineString", "coordinates": [ [ -3.68859, 48.47991 ], [ -3.68664, 48.47548 ], [ -3.68876, 48.4704 ], [ -3.68326, 48.46457 ], [ -3.68249, 48.46083 ] ] } },
{ "type": "Feature", "properties": { "name": null, "weight_class": 1, "permanent": true, "length_km": 3.7 }, "geometry": { "type": "LineString", "coordinates": [ [ -3.69756, 48.47621 ], [ -3.69719, 48.47315 ], [ -3.70062, 48.46696 ], [ -3.70335, 48.46566 ], [ -3.70658, 48.46189 ], [ -3.71389, 48.46004 ], [ -3.72325, 48.45361 ] ] } },
{ "type": "Feature", "properties": { "name": null, "weight_class": 1, "permanent": true, "length_km": 4.1 }, "geometry": { "type": "LineString", "coordinates": [ [ -3.71879, 48.48659 ], [ -3.72018, 48.49016 ], [ -3.71823, 48.49614 ], [ -3.71892, 48.50744 ], [ -3.72331, 48.5104 ], [ -3.72422, 48.51241 ], [ -3.73209, 48.51695 ] ] } },
{ "type": "Feature", "properties": { "name": null, "weight_class": 1, "permanent": true, "length_km": 3.6 }, "geometry": { "type": "LineString", "coordinates": [ [ -3.76715, 48.45759 ], [ -3.76497, 48.45566 ], [ -3.75883, 48.45493 ], [ -3.75484, 48.45524 ], [ -3.75087, 48.45695 ], [ -3.74804, 48.4563 ], [ -3.74076, 48.45741 ], [ -3.72549, 48.45612 ] ] } },
{ "type": "Feature", "properties": { "name": null, "weight_class": 1, "permanent": true, "length_km": 2.9 }, "geometry": { "type": "LineString", "coordinates": [ [ -3.73744, 48.49634 ], [ -3.73577, 48.49917 ], [ -3.73256, 48.49958 ], [ -3.73157, 48.50095 ], [ -3.73824, 48.51231 ], [ -3.74003, 48.51849 ] ] } },
{ "type": "Feature", "properties": { "name": null, "weight_class": 1, "permanent": true, "length_km": 2.4 }, "geometry": { "type": "LineString", "coordinates": [ [ -3.73636, 48.48708 ], [ -3.74372, 48.48941 ], [ -3.74511, 48.4912 ], [ -3.74515, 48.49484 ], [ -3.74919, 48.49669 ], [ -3.75157, 48.49769 ], [ -3.75831, 48.49702 ] ] } },
{ "type": "Feature", "properties": { "name": null, "weight_class": 1, "permanent": true, "length_km": 4.7 }, "geometry": { "type": "LineString", "coordinates": [ [ -3.64109, 48.45867 ], [ -3.64281, 48.45672 ], [ -3.64039, 48.4499 ], [ -3.63321, 48.44416 ], [ -3.63292, 48.437 ], [ -3.63465, 48.43412 ], [ -3.63306, 48.43201 ], [ -3.63303, 48.42933 ], [ -3.62859, 48.4262 ], [ -3.62396, 48.42602 ] ] } },
{ "type": "Feature", "properties": { "name": "le Beurc'hoat", "weight_class": 1, "permanent": true, "length_km": 16.4 }, "geometry": { "type": "LineString", "coordinates": [ [ -3.72401, 48.47474 ], [ -3.72129, 48.46707 ], [ -3.72199, 48.46417 ], [ -3.72523, 48.46082 ], [ -3.72498, 48.45706 ], [ -3.72597, 48.45644 ], [ -3.72325, 48.45361 ], [ -3.72663, 48.45118 ], [ -3.72801, 48.44803 ], [ -3.72579, 48.44609 ], [ -3.72365, 48.44009 ], [ -3.72906, 48.43637 ], [ -3.72844, 48.43019 ], [ -3.72726, 48.42827 ], [ -3.72053, 48.42496 ], [ -3.7201, 48.42293 ], [ -3.71749, 48.42179 ], [ -3.71693, 48.41644 ], [ -3.71376, 48.41483 ], [ -3.71117, 48.41472 ], [ -3.70941, 48.41308 ], [ -3.70258, 48.41191 ], [ -3.70049, 48.41085 ], [ -3.70058, 48.40975 ], [ -3.69547, 48.40849 ], [ -3.69144, 48.40599 ], [ -3.68818, 48.4067 ], [ -3.68606, 48.40565 ], [ -3.68575, 48.40287 ], [ -3.68708, 48.40058 ], [ -3.68363, 48.39405 ], [ -3.68728, 48.38712 ], [ -3.68604, 48.38591 ], [ -3.6867, 48.38511 ], [ -3.68552, 48.38495 ], [ -3.68629, 48.38258 ], [ -3.68198, 48.37843 ], [ -3.68279, 48.37604 ], [ -3.67993, 48.37477 ], [ -3.6807, 48.37307 ], [ -3.6796, 48.37276 ], [ -3.67971, 48.37048 ], [ -3.68212, 48.36715 ] ] } },
{ "type": "Feature", "properties": { "name": null, "weight_class": 1, "permanent": false, "length_km": 2.9 }, "geometry": { "type": "MultiLineString", "coordinates": [ [ [ -3.69785, 48.43113 ], [ -3.70093, 48.42798 ], [ -3.69932, 48.42503 ], [ -3.69999, 48.42442 ] ], [ [ -3.67282, 48.46608 ], [ -3.68109, 48.46302 ], [ -3.68874, 48.45332 ] ] ] } },
{ "type": "Feature", "properties": { "name": null, "weight_class": 1, "permanent": false, "length_km": 2.2 }, "geometry": { "type": "LineString", "coordinates": [ [ -3.75334, 48.43927 ], [ -3.74208, 48.44063 ], [ -3.73603, 48.43883 ], [ -3.73523, 48.4371 ], [ -3.73295, 48.43585 ], [ -3.72907, 48.4357 ] ] } },
{ "type": "Feature", "properties": { "name": null, "weight_class": 1, "permanent": true, "length_km": 5.8 }, "geometry": { "type": "LineString", "coordinates": [ [ -3.76051, 48.40557 ], [ -3.75941, 48.40421 ], [ -3.76033, 48.40047 ], [ -3.75706, 48.39446 ], [ -3.75779, 48.39085 ], [ -3.74936, 48.38621 ], [ -3.74649, 48.38584 ], [ -3.7448, 48.38425 ], [ -3.74391, 48.37913 ], [ -3.74013, 48.37771 ], [ -3.74043, 48.3754 ], [ -3.73454, 48.36796 ], [ -3.73502, 48.36558 ] ] } },
{ "type": "Feature", "properties": { "name": null, "weight_class": 1, "permanent": true, "length_km": 3.3 }, "geometry": { "type": "LineString", "coordinates": [ [ -3.74648, 48.36513 ], [ -3.74383, 48.36463 ], [ -3.74485, 48.36325 ], [ -3.74187, 48.36303 ], [ -3.7417, 48.36457 ], [ -3.73593, 48.36536 ], [ -3.73472, 48.36344 ], [ -3.73202, 48.36293 ], [ -3.73336, 48.35865 ], [ -3.73044, 48.35954 ], [ -3.72598, 48.35867 ], [ -3.72468, 48.36023 ] ] } },
{ "type": "Feature", "properties": { "name": null, "weight_class": 1, "permanent": true, "length_km": 3.1 }, "geometry": { "type": "LineString", "coordinates": [ [ -3.72005, 48.35573 ], [ -3.72814, 48.35127 ], [ -3.73416, 48.34955 ], [ -3.72677, 48.35305 ], [ -3.72375, 48.35575 ], [ -3.72251, 48.35987 ], [ -3.72415, 48.36161 ] ] } },
{ "type": "Feature", "properties": { "name": null, "weight_class": 1, "permanent": false, "length_km": 2.0 }, "geometry": { "type": "LineString", "coordinates": [ [ -3.64224, 48.33628 ], [ -3.65394, 48.33855 ], [ -3.65398, 48.34007 ], [ -3.65623, 48.34213 ], [ -3.6598, 48.34383 ], [ -3.6635, 48.34389 ] ] } },
{ "type": "Feature", "properties": { "name": null, "weight_class": 1, "permanent": false, "length_km": 2.8 }, "geometry": { "type": "LineString", "coordinates": [ [ -3.70463, 48.33243 ], [ -3.70591, 48.32965 ], [ -3.69868, 48.32812 ], [ -3.69631, 48.3245 ], [ -3.69248, 48.32423 ], [ -3.68848, 48.32181 ], [ -3.68101, 48.32073 ] ] } },
{ "type": "Feature", "properties": { "name": null, "weight_class": 1, "permanent": false, "length_km": 3.7 }, "geometry": { "type": "LineString", "coordinates": [ [ -3.72208, 48.34874 ], [ -3.71357, 48.34701 ], [ -3.70844, 48.34772 ], [ -3.70482, 48.34465 ], [ -3.69998, 48.34421 ], [ -3.69866, 48.34231 ], [ -3.68919, 48.3399 ], [ -3.68018, 48.34105 ] ] } },
{ "type": "Feature", "properties": { "name": null, "weight_class": 1, "permanent": true, "length_km": 2.6 }, "geometry": { "type": "LineString", "coordinates": [ [ -3.75207, 48.34314 ], [ -3.74934, 48.34111 ], [ -3.74845, 48.33776 ], [ -3.74676, 48.33731 ], [ -3.74679, 48.33535 ], [ -3.7433, 48.33485 ], [ -3.73762, 48.33169 ], [ -3.7289, 48.33121 ] ] } },
{ "type": "Feature", "properties": { "name": null, "weight_class": 1, "permanent": true, "length_km": 2.6 }, "geometry": { "type": "LineString", "coordinates": [ [ -3.66635, 48.49643 ], [ -3.66546, 48.49761 ], [ -3.66895, 48.5019 ], [ -3.6744, 48.5029 ], [ -3.6783, 48.50629 ], [ -3.67889, 48.50995 ], [ -3.68505, 48.5107 ] ] } },
{ "type": "Feature", "properties": { "name": null, "weight_class": 1, "permanent": true, "length_km": 2.8 }, "geometry": { "type": "LineString", "coordinates": [ [ -3.6468, 48.42169 ], [ -3.64112, 48.41676 ], [ -3.64558, 48.41283 ], [ -3.66323, 48.41228 ] ] } },
{ "type": "Feature", "properties": { "name": null, "weight_class": 1, "permanent": false, "length_km": 2.5 }, "geometry": { "type": "LineString", "coordinates": [ [ -3.6617, 48.4469 ], [ -3.66571, 48.44728 ], [ -3.66744, 48.44829 ], [ -3.67629, 48.44863 ], [ -3.68092, 48.45939 ], [ -3.68207, 48.45961 ] ] } },
{ "type": "Feature", "properties": { "name": null, "weight_class": 1, "permanent": true, "length_km": 10.3 }, "geometry": { "type": "MultiLineString", "coordinates": [ [ [ -3.68419, 48.38359 ], [ -3.68549, 48.38231 ] ], [ [ -3.64642, 48.43835 ], [ -3.64269, 48.43666 ], [ -3.64226, 48.43559 ], [ -3.66017, 48.42735 ], [ -3.65869, 48.42477 ], [ -3.66034, 48.42227 ], [ -3.65994, 48.41997 ], [ -3.66245, 48.4178 ], [ -3.66266, 48.41657 ], [ -3.66139, 48.41585 ], [ -3.66204, 48.41424 ], [ -3.66394, 48.41176 ], [ -3.66919, 48.40988 ], [ -3.67269, 48.40565 ], [ -3.66885, 48.40007 ], [ -3.67224, 48.39646 ], [ -3.67484, 48.39562 ], [ -3.67849, 48.39614 ], [ -3.6809, 48.39481 ], [ -3.68174, 48.39247 ], [ -3.68541, 48.38904 ], [ -3.68419, 48.38359 ] ], [ [ -3.68419, 48.38359 ], [ -3.68032, 48.37674 ], [ -3.68086, 48.37557 ] ] ] } },
{ "type": "Feature", "properties": { "name": null, "weight_class": 1, "permanent": false, "length_km": 2.1 }, "geometry": { "type": "LineString", "coordinates": [ [ -3.64857, 48.40113 ], [ -3.6461, 48.39868 ], [ -3.6477, 48.39626 ], [ -3.65583, 48.39289 ], [ -3.65856, 48.38951 ], [ -3.65832, 48.38835 ], [ -3.65999, 48.38768 ] ] } },
{ "type": "Feature", "properties": { "name": null, "weight_class": 1, "permanent": true, "length_km": 3.0 }, "geometry": { "type": "LineString", "coordinates": [ [ -3.6284, 48.41079 ], [ -3.62011, 48.41066 ], [ -3.61832, 48.40993 ], [ -3.61678, 48.40557 ], [ -3.61306, 48.40341 ], [ -3.612, 48.39855 ], [ -3.60812, 48.39675 ], [ -3.60371, 48.39666 ] ] } },
{ "type": "Feature", "properties": { "name": null, "weight_class": 1, "permanent": true, "length_km": 2.2 }, "geometry": { "type": "LineString", "coordinates": [ [ -3.63798, 48.40071 ], [ -3.63624, 48.39901 ], [ -3.63485, 48.39461 ], [ -3.638, 48.39258 ], [ -3.6387, 48.3878 ], [ -3.64083, 48.38583 ], [ -3.64356, 48.38535 ] ] } },
{ "type": "Feature", "properties": { "name": null, "weight_class": 1, "permanent": true, "length_km": 3.1 }, "geometry": { "type": "LineString", "coordinates": [ [ -3.58527, 48.36008 ], [ -3.58644, 48.36149 ], [ -3.59464, 48.36329 ], [ -3.59734, 48.36494 ], [ -3.61227, 48.36732 ], [ -3.61359, 48.36981 ], [ -3.61165, 48.37266 ] ] } },
{ "type": "Feature", "properties": { "name": null, "weight_class": 1, "permanent": true, "length_km": 4.0 }, "geometry": { "type": "LineString", "coordinates": [ [ -3.63243, 48.36308 ], [ -3.64413, 48.36057 ], [ -3.65046, 48.3611 ], [ -3.65399, 48.36247 ], [ -3.66213, 48.36099 ], [ -3.66973, 48.36105 ], [ -3.68104, 48.3583 ], [ -3.68229, 48.35677 ] ] } },
{ "type": "Feature", "properties": { "name": null, "weight_class": 1, "permanent": true, "length_km": 2.1 }, "geometry": { "type": "LineString", "coordinates": [ [ -3.65394, 48.37261 ], [ -3.65437, 48.37339 ], [ -3.65859, 48.37382 ], [ -3.66203, 48.37528 ], [ -3.66481, 48.37507 ], [ -3.66874, 48.37227 ], [ -3.67265, 48.37341 ], [ -3.67845, 48.37344 ] ] } },
{ "type": "Feature", "properties": { "name": null, "weight_class": 1, "permanent": false, "length_km": 2.1 }, "geometry": { "type": "LineString", "coordinates": [ [ -3.71033, 48.38146 ], [ -3.70681, 48.38022 ], [ -3.70273, 48.38175 ], [ -3.69482, 48.37984 ], [ -3.68457, 48.38133 ] ] } },
{ "type": "Feature", "properties": { "name": null, "weight_class": 1, "permanent": true, "length_km": 6.5 }, "geometry": { "type": "LineString", "coordinates": [ [ -3.61553, 48.35497 ], [ -3.62021, 48.35008 ], [ -3.62636, 48.34785 ], [ -3.62891, 48.34593 ], [ -3.63237, 48.34703 ], [ -3.63741, 48.34586 ], [ -3.64189, 48.34741 ], [ -3.64679, 48.34767 ], [ -3.64856, 48.35042 ], [ -3.65169, 48.35101 ], [ -3.66101, 48.34762 ], [ -3.66432, 48.3432 ], [ -3.66879, 48.34372 ], [ -3.67386, 48.34306 ], [ -3.67661, 48.34142 ], [ -3.68, 48.3417 ] ] } },
{ "type": "Feature", "properties": { "name": null, "weight_class": 1, "permanent": true, "length_km": 2.6 }, "geometry": { "type": "LineString", "coordinates": [ [ -3.7827, 48.4715 ], [ -3.78373, 48.46699 ], [ -3.7868, 48.4644 ], [ -3.79122, 48.46287 ], [ -3.79812, 48.46232 ], [ -3.80521, 48.45874 ] ] } },
{ "type": "Feature", "properties": { "name": null, "weight_class": 1, "permanent": true, "length_km": 4.4 }, "geometry": { "type": "LineString", "coordinates": [ [ -3.79115, 48.41217 ], [ -3.7877, 48.41277 ], [ -3.78513, 48.41019 ], [ -3.78317, 48.41155 ], [ -3.77839, 48.41198 ], [ -3.77091, 48.41767 ], [ -3.77128, 48.42076 ], [ -3.76366, 48.42351 ], [ -3.76517, 48.42766 ], [ -3.76393, 48.42939 ], [ -3.76014, 48.43104 ] ] } },
{ "type": "Feature", "properties": { "name": null, "weight_class": 1, "permanent": true, "length_km": 3.1 }, "geometry": { "type": "LineString", "coordinates": [ [ -3.76247, 48.3332 ], [ -3.76534, 48.33203 ], [ -3.77245, 48.33245 ], [ -3.77693, 48.32573 ], [ -3.77531, 48.31875 ], [ -3.77113, 48.31492 ] ] } },
{ "type": "Feature", "properties": { "name": null, "weight_class": 1, "permanent": false, "length_km": 2.3 }, "geometry": { "type": "LineString", "coordinates": [ [ -3.77717, 48.34918 ], [ -3.77489, 48.34837 ], [ -3.77224, 48.34978 ], [ -3.7716, 48.35404 ], [ -3.76672, 48.35283 ], [ -3.76282, 48.35461 ], [ -3.76136, 48.35912 ] ] } },
{ "type": "Feature", "properties": { "name": "Ruisseau de Pont Guennou", "weight_class": 1, "permanent": true, "length_km": 2.8 }, "geometry": { "type": "LineString", "coordinates": [ [ -3.62953, 48.26209 ], [ -3.6269, 48.2638 ], [ -3.6259, 48.26737 ], [ -3.62389, 48.26892 ], [ -3.61799, 48.27063 ], [ -3.61571, 48.26822 ], [ -3.61372, 48.26773 ], [ -3.61275, 48.26472 ], [ -3.60703, 48.26345 ] ] } },
{ "type": "Feature", "properties": { "name": "le Roudoumeur", "weight_class": 1, "permanent": true, "length_km": 6.6 }, "geometry": { "type": "LineString", "coordinates": [ [ -3.79665, 48.27628 ], [ -3.78751, 48.27642 ], [ -3.78081, 48.27519 ], [ -3.77009, 48.27608 ], [ -3.75623, 48.28084 ], [ -3.75085, 48.28525 ], [ -3.75104, 48.2882 ], [ -3.7531, 48.29016 ], [ -3.75122, 48.29132 ], [ -3.75051, 48.29335 ], [ -3.74661, 48.29537 ], [ -3.74357, 48.30012 ], [ -3.74362, 48.30194 ], [ -3.74531, 48.30304 ] ] } },
{ "type": "Feature", "properties": { "name": null, "weight_class": 1, "permanent": true, "length_km": 3.2 }, "geometry": { "type": "LineString", "coordinates": [ [ -3.63309, 48.33003 ], [ -3.64242, 48.32952 ], [ -3.64848, 48.33119 ], [ -3.64996, 48.33082 ], [ -3.65936, 48.32709 ], [ -3.66331, 48.32413 ], [ -3.66317, 48.31985 ] ] } },
{ "type": "Feature", "properties": { "name": null, "weight_class": 1, "permanent": true, "length_km": 4.0 }, "geometry": { "type": "LineString", "coordinates": [ [ -3.63605, 48.30374 ], [ -3.64313, 48.30179 ], [ -3.64632, 48.29856 ], [ -3.6621, 48.30236 ], [ -3.67094, 48.30049 ], [ -3.6788, 48.30012 ], [ -3.68211, 48.29842 ] ] } },
{ "type": "Feature", "properties": { "name": null, "weight_class": 1, "permanent": true, "length_km": 3.3 }, "geometry": { "type": "LineString", "coordinates": [ [ -3.73081, 48.26982 ], [ -3.71887, 48.27254 ], [ -3.71493, 48.27226 ], [ -3.71028, 48.27044 ], [ -3.707, 48.26582 ], [ -3.70334, 48.26369 ], [ -3.69752, 48.26207 ] ] } },
{ "type": "Feature", "properties": { "name": null, "weight_class": 1, "permanent": false, "length_km": 2.9 }, "geometry": { "type": "LineString", "coordinates": [ [ -3.73969, 48.27847 ], [ -3.73697, 48.28029 ], [ -3.73298, 48.28017 ], [ -3.73115, 48.28165 ], [ -3.73003, 48.285 ], [ -3.72751, 48.28702 ], [ -3.72377, 48.28829 ], [ -3.72032, 48.28852 ], [ -3.71666, 48.28693 ], [ -3.7116, 48.28746 ] ] } },
{ "type": "Feature", "properties": { "name": null, "weight_class": 1, "permanent": true, "length_km": 7.2 }, "geometry": { "type": "LineString", "coordinates": [ [ -3.74512, 48.26823 ], [ -3.74187, 48.26598 ], [ -3.74032, 48.2627 ], [ -3.73798, 48.2617 ], [ -3.73719, 48.26021 ], [ -3.73935, 48.25363 ], [ -3.74589, 48.25268 ], [ -3.74724, 48.25074 ], [ -3.74201, 48.24079 ], [ -3.74334, 48.23607 ], [ -3.74157, 48.23377 ], [ -3.74368, 48.23071 ], [ -3.74195, 48.22737 ], [ -3.74203, 48.22449 ], [ -3.73727, 48.22241 ], [ -3.73635, 48.21991 ] ] } },
{ "type": "Feature", "properties": { "name": null, "weight_class": 1, "permanent": true, "length_km": 9.1 }, "geometry": { "type": "LineString", "coordinates": [ [ -3.64724, 48.18991 ], [ -3.65294, 48.1886 ], [ -3.65946, 48.1916 ], [ -3.66128, 48.19088 ], [ -3.66557, 48.19131 ], [ -3.67314, 48.19773 ], [ -3.68132, 48.20031 ], [ -3.68447, 48.20233 ], [ -3.6874, 48.20244 ], [ -3.68936, 48.20414 ], [ -3.6951, 48.203 ], [ -3.69898, 48.20328 ], [ -3.70117, 48.20157 ], [ -3.70526, 48.20237 ], [ -3.70734, 48.20047 ], [ -3.70725, 48.19875 ], [ -3.71109, 48.19773 ], [ -3.71619, 48.19841 ], [ -3.72003, 48.20068 ], [ -3.72492, 48.20088 ], [ -3.72927, 48.20316 ], [ -3.73364, 48.20316 ] ] } },
{ "type": "Feature", "properties": { "name": null, "weight_class": 1, "permanent": true, "length_km": 2.1 }, "geometry": { "type": "LineString", "coordinates": [ [ -3.64839, 48.19483 ], [ -3.65035, 48.19835 ], [ -3.65533, 48.19903 ], [ -3.65792, 48.20629 ], [ -3.65529, 48.20887 ] ] } },
{ "type": "Feature", "properties": { "name": "le Coat Quéveran", "weight_class": 1, "permanent": true, "length_km": 6.8 }, "geometry": { "type": "LineString", "coordinates": [ [ -3.62401, 48.17906 ], [ -3.62395, 48.18342 ], [ -3.62647, 48.18611 ], [ -3.62703, 48.18953 ], [ -3.62462, 48.19299 ], [ -3.6246, 48.19593 ], [ -3.62576, 48.19864 ], [ -3.62909, 48.20025 ], [ -3.62834, 48.2029 ], [ -3.63333, 48.20546 ], [ -3.63749, 48.2049 ], [ -3.64035, 48.20608 ], [ -3.6436, 48.20559 ], [ -3.64712, 48.20709 ], [ -3.6524, 48.2072 ], [ -3.65527, 48.20884 ], [ -3.65684, 48.21289 ], [ -3.66173, 48.21596 ], [ -3.66139, 48.21777 ] ] } },
{ "type": "Feature", "properties": { "name": "le Crann", "weight_class": 1, "permanent": true, "length_km": 11.2 }, "geometry": { "type": "LineString", "coordinates": [ [ -3.65711, 48.15759 ], [ -3.66947, 48.15614 ], [ -3.67269, 48.1574 ], [ -3.67828, 48.16307 ], [ -3.67927, 48.16654 ], [ -3.68321, 48.16823 ], [ -3.68803, 48.17536 ], [ -3.69967, 48.1801 ], [ -3.70612, 48.18434 ], [ -3.70942, 48.1845 ], [ -3.71498, 48.18685 ], [ -3.72053, 48.18633 ], [ -3.72493, 48.18891 ], [ -3.72683, 48.19216 ], [ -3.7354, 48.19333 ], [ -3.75097, 48.1929 ], [ -3.75231, 48.1922 ], [ -3.76059, 48.19291 ], [ -3.76107, 48.19171 ] ] } },
{ "type": "Feature", "properties": { "name": "le Ster Pont Mine", "weight_class": 1, "permanent": true, "length_km": 5.9 }, "geometry": { "type": "LineString", "coordinates": [ [ -3.71057, 48.15355 ], [ -3.72111, 48.15474 ], [ -3.72249, 48.15996 ], [ -3.73252, 48.1627 ], [ -3.74119, 48.16341 ], [ -3.74768, 48.16722 ], [ -3.751, 48.16741 ], [ -3.75515, 48.17111 ], [ -3.75787, 48.17212 ], [ -3.7713, 48.17419 ] ] } },
{ "type": "Feature", "properties": { "name": null, "weight_class": 1, "permanent": false, "length_km": 2.2 }, "geometry": { "type": "LineString", "coordinates": [ [ -3.63786, 48.30861 ], [ -3.63318, 48.30835 ], [ -3.6305, 48.3096 ], [ -3.62735, 48.30932 ], [ -3.61795, 48.30536 ], [ -3.61228, 48.30518 ] ] } },
{ "type": "Feature", "properties": { "name": null, "weight_class": 1, "permanent": true, "length_km": 3.1 }, "geometry": { "type": "LineString", "coordinates": [ [ -3.622, 48.33322 ], [ -3.62119, 48.32651 ], [ -3.61905, 48.32564 ], [ -3.6169, 48.32288 ], [ -3.61727, 48.32127 ], [ -3.61423, 48.31865 ], [ -3.61652, 48.31506 ], [ -3.61297, 48.31221 ], [ -3.61015, 48.31231 ] ] } },
{ "type": "Feature", "properties": { "name": null, "weight_class": 1, "permanent": false, "length_km": 3.7 }, "geometry": { "type": "LineString", "coordinates": [ [ -3.6325, 48.31646 ], [ -3.63449, 48.31405 ], [ -3.63818, 48.31296 ], [ -3.64246, 48.31375 ], [ -3.64691, 48.3129 ], [ -3.65022, 48.31542 ], [ -3.65362, 48.31555 ], [ -3.66426, 48.31248 ], [ -3.66945, 48.31232 ], [ -3.6736, 48.31531 ] ] } },
{ "type": "Feature", "properties": { "name": null, "weight_class": 1, "permanent": true, "length_km": 4.1 }, "geometry": { "type": "LineString", "coordinates": [ [ -3.63757, 48.31952 ], [ -3.6415, 48.32086 ], [ -3.64379, 48.32369 ], [ -3.64528, 48.32407 ], [ -3.65255, 48.32192 ], [ -3.65398, 48.32074 ], [ -3.65896, 48.32108 ], [ -3.66555, 48.31944 ], [ -3.66653, 48.31767 ], [ -3.67234, 48.31551 ], [ -3.67856, 48.31547 ], [ -3.67984, 48.31615 ] ] } },
{ "type": "Feature", "properties": { "name": null, "weight_class": 1, "permanent": true, "length_km": 2.3 }, "geometry": { "type": "LineString", "coordinates": [ [ -3.63974, 48.27676 ], [ -3.63309, 48.27514 ], [ -3.6194, 48.27609 ], [ -3.61937, 48.27512 ], [ -3.61732, 48.27455 ], [ -3.61799, 48.27063 ] ] } },
{ "type": "Feature", "properties": { "name": null, "weight_class": 1, "permanent": true, "length_km": 2.1 }, "geometry": { "type": "LineString", "coordinates": [ [ -3.63406, 48.28905 ], [ -3.62637, 48.29328 ], [ -3.62291, 48.2932 ], [ -3.61725, 48.29062 ], [ -3.60992, 48.2917 ] ] } },
{ "type": "Feature", "properties": { "name": null, "weight_class": 1, "permanent": false, "length_km": 3.6 }, "geometry": { "type": "LineString", "coordinates": [ [ -3.64448, 48.28312 ], [ -3.64675, 48.28267 ], [ -3.64918, 48.28062 ], [ -3.65209, 48.28073 ], [ -3.65652, 48.2822 ], [ -3.66921, 48.28202 ], [ -3.6779, 48.28478 ], [ -3.6848, 48.28404 ], [ -3.68692, 48.28527 ] ] } },
{ "type": "Feature", "properties": { "name": "Ruisseau de Lostanlen", "weight_class": 1, "permanent": true, "length_km": 4.3 }, "geometry": { "type": "LineString", "coordinates": [ [ -3.64856, 48.26047 ], [ -3.65439, 48.25784 ], [ -3.65863, 48.25992 ], [ -3.66649, 48.26036 ], [ -3.67028, 48.26194 ], [ -3.67703, 48.26053 ], [ -3.68123, 48.26187 ], [ -3.68897, 48.26211 ], [ -3.69291, 48.26291 ], [ -3.69605, 48.26488 ] ] } },
{ "type": "Feature", "properties": { "name": null, "weight_class": 1, "permanent": true, "length_km": 2.2 }, "geometry": { "type": "LineString", "coordinates": [ [ -3.65327, 48.29343 ], [ -3.65691, 48.29377 ], [ -3.65895, 48.29244 ], [ -3.66284, 48.29238 ], [ -3.67971, 48.29594 ] ] } },
{ "type": "Feature", "properties": { "name": null, "weight_class": 1, "permanent": false, "length_km": 2.2 }, "geometry": { "type": "LineString", "coordinates": [ [ -3.6582, 48.24248 ], [ -3.65546, 48.24127 ], [ -3.65565, 48.23941 ], [ -3.65309, 48.23783 ], [ -3.65239, 48.23521 ], [ -3.64998, 48.23398 ], [ -3.64749, 48.22625 ] ] } },
{ "type": "Feature", "properties": { "name": null, "weight_class": 1, "permanent": true, "length_km": 3.4 }, "geometry": { "type": "LineString", "coordinates": [ [ -3.66628, 48.24683 ], [ -3.66616, 48.24988 ], [ -3.67329, 48.25273 ], [ -3.67908, 48.25285 ], [ -3.6826, 48.25144 ], [ -3.68949, 48.25136 ], [ -3.69953, 48.2464 ] ] } },
{ "type": "Feature", "properties": { "name": "le Goaranvec", "weight_class": 1, "permanent": true, "length_km": 9.3 }, "geometry": { "type": "LineString", "coordinates": [ [ -3.56484, 48.18583 ], [ -3.56607, 48.18678 ], [ -3.56624, 48.18992 ], [ -3.57006, 48.1922 ], [ -3.57176, 48.19479 ], [ -3.57736, 48.19738 ], [ -3.57941, 48.19737 ], [ -3.58221, 48.19958 ], [ -3.58388, 48.20412 ], [ -3.58258, 48.20953 ], [ -3.58014, 48.21095 ], [ -3.58172, 48.213 ], [ -3.58151, 48.21635 ], [ -3.58562, 48.21839 ], [ -3.58808, 48.22203 ], [ -3.59326, 48.22259 ], [ -3.59208, 48.22482 ], [ -3.58784, 48.2275 ], [ -3.58809, 48.22897 ], [ -3.58923, 48.23108 ], [ -3.59629, 48.23592 ], [ -3.59749, 48.23553 ], [ -3.60005, 48.23651 ], [ -3.60058, 48.23807 ], [ -3.59939, 48.23916 ], [ -3.6025, 48.24229 ] ] } },
{ "type": "Feature", "properties": { "name": "Ruisseau de Malagas", "weight_class": 1, "permanent": true, "length_km": 2.4 }, "geometry": { "type": "LineString", "coordinates": [ [ -3.66141, 48.02338 ], [ -3.67661, 48.02231 ], [ -3.67779, 48.02287 ], [ -3.68527, 48.02147 ] ] } },
{ "type": "Feature", "properties": { "name": "Rivière le Naïc", "weight_class": 1, "permanent": false, "length_km": 2.8 }, "geometry": { "type": "LineString", "coordinates": [ [ -3.58965, 47.97928 ], [ -3.59012, 47.98087 ], [ -3.58661, 47.98261 ], [ -3.58498, 47.98491 ], [ -3.58108, 47.98546 ], [ -3.58092, 47.98778 ], [ -3.57837, 47.98795 ], [ -3.57671, 47.99076 ], [ -3.57447, 47.99093 ], [ -3.57263, 47.98961 ], [ -3.57023, 47.99239 ] ] } },
{ "type": "Feature", "properties": { "name": "l'Isole", "weight_class": 2, "permanent": true, "length_km": 47.4 }, "geometry": { "type": "LineString", "coordinates": [ [ -3.717, 48.12124 ], [ -3.72133, 48.11813 ], [ -3.72576, 48.1179 ], [ -3.72831, 48.11681 ], [ -3.73472, 48.11263 ], [ -3.73462, 48.11093 ], [ -3.73146, 48.1093 ], [ -3.73165, 48.10756 ], [ -3.72942, 48.10469 ], [ -3.73158, 48.09905 ], [ -3.73344, 48.09805 ], [ -3.73381, 48.09427 ], [ -3.73652, 48.09167 ], [ -3.73483, 48.08584 ], [ -3.73622, 48.08382 ], [ -3.73475, 48.08155 ], [ -3.73126, 48.07938 ], [ -3.72976, 48.07639 ], [ -3.72737, 48.07632 ], [ -3.72469, 48.07436 ], [ -3.72489, 48.07193 ], [ -3.7233, 48.0692 ], [ -3.72309, 48.05972 ], [ -3.71761, 48.05226 ], [ -3.71254, 48.04984 ], [ -3.70708, 48.04954 ], [ -3.70671, 48.04844 ], [ -3.70388, 48.04738 ], [ -3.70196, 48.04379 ], [ -3.69987, 48.04239 ], [ -3.69937, 48.03895 ], [ -3.69371, 48.03536 ], [ -3.68806, 48.02875 ], [ -3.68836, 48.02575 ], [ -3.68527, 48.02155 ], [ -3.68765, 48.01365 ], [ -3.6833, 48.00926 ], [ -3.68302, 48.00518 ], [ -3.67693, 47.9977 ], [ -3.67656, 47.99413 ], [ -3.67182, 47.99171 ], [ -3.67137, 47.98809 ], [ -3.66801, 47.9867 ], [ -3.67101, 47.98003 ], [ -3.66843, 47.97818 ], [ -3.66592, 47.97921 ], [ -3.66333, 47.97876 ], [ -3.66287, 47.97962 ], [ -3.66574, 47.98089 ], [ -3.66524, 47.9829 ], [ -3.66088, 47.98241 ], [ -3.65868, 47.98438 ], [ -3.65149, 47.98263 ], [ -3.64804, 47.98404 ], [ -3.63985, 47.97499 ], [ -3.63607, 47.97264 ], [ -3.63759, 47.97033 ], [ -3.63699, 47.96315 ], [ -3.64292, 47.96005 ], [ -3.64599, 47.9608 ], [ -3.64727, 47.96312 ], [ -3.64984, 47.96291 ], [ -3.64797, 47.95851 ], [ -3.64907, 47.95609 ], [ -3.65147, 47.95513 ], [ -3.65526, 47.95576 ], [ -3.65833, 47.95252 ], [ -3.65795, 47.95055 ], [ -3.65232, 47.94812 ], [ -3.65376, 47.945 ], [ -3.65132, 47.94201 ], [ -3.64927, 47.94167 ], [ -3.6447, 47.94285 ], [ -3.64284, 47.93741 ], [ -3.6411, 47.93615 ], [ -3.63869, 47.93652 ], [ -3.63778, 47.93978 ], [ -3.63467, 47.93924 ], [ -3.63163, 47.935 ], [ -3.62311, 47.92924 ], [ -3.62273, 47.92588 ], [ -3.61714, 47.92836 ], [ -3.61331, 47.93133 ], [ -3.60795, 47.93229 ], [ -3.60216, 47.92808 ], [ -3.58609, 47.9253 ], [ -3.58241, 47.9256 ], [ -3.5811, 47.92345 ], [ -3.5766, 47.92064 ], [ -3.57244, 47.91993 ], [ -3.56808, 47.92077 ], [ -3.56731, 47.91857 ], [ -3.55719, 47.91403 ], [ -3.55731, 47.91131 ], [ -3.55235, 47.90957 ], [ -3.55225, 47.90523 ], [ -3.54745, 47.90309 ], [ -3.5474, 47.88976 ], [ -3.54334, 47.88746 ], [ -3.54268, 47.88326 ], [ -3.53819, 47.88334 ], [ -3.53962, 47.87954 ], [ -3.54543, 47.87766 ], [ -3.54703, 47.8737 ], [ -3.54525, 47.87085 ] ] } },
{ "type": "Feature", "properties": { "name": "l'Odet", "weight_class": 1, "permanent": true, "length_km": 51.4 }, "geometry": { "type": "MultiLineString", "coordinates": [ [ [ -4.12997, 47.93067 ], [ -4.13167, 47.92997 ], [ -4.13174, 47.92574 ], [ -4.13579, 47.9253 ], [ -4.14034, 47.92609 ], [ -4.14009, 47.92124 ], [ -4.1421, 47.91808 ] ], [ [ -3.73474, 48.1355 ], [ -3.73544, 48.13372 ], [ -3.73907, 48.13215 ], [ -3.74705, 48.13025 ], [ -3.75137, 48.12795 ], [ -3.7576, 48.1277 ], [ -3.76342, 48.12515 ], [ -3.76443, 48.12384 ], [ -3.77276, 48.12272 ], [ -3.7741, 48.12188 ], [ -3.78029, 48.12326 ], [ -3.79027, 48.12212 ], [ -3.79517, 48.11985 ], [ -3.79658, 48.11821 ], [ -3.80195, 48.11702 ], [ -3.80229, 48.11508 ], [ -3.80429, 48.11455 ], [ -3.80483, 48.11315 ], [ -3.80796, 48.11185 ], [ -3.80958, 48.10977 ], [ -3.81144, 48.10995 ], [ -3.81203, 48.11097 ], [ -3.81566, 48.11114 ], [ -3.81714, 48.11039 ], [ -3.81824, 48.11092 ], [ -3.82012, 48.11021 ], [ -3.82033, 48.1089 ], [ -3.82304, 48.10797 ], [ -3.82446, 48.10596 ], [ -3.83146, 48.10597 ], [ -3.8403, 48.10014 ], [ -3.84349, 48.1005 ], [ -3.85161, 48.09925 ], [ -3.85168, 48.09761 ], [ -3.85358, 48.09751 ], [ -3.85406, 48.09569 ], [ -3.85571, 48.09544 ], [ -3.85724, 48.09382 ], [ -3.85911, 48.0941 ], [ -3.86002, 48.09339 ], [ -3.85896, 48.09268 ], [ -3.86127, 48.08983 ], [ -3.8609, 48.08831 ], [ -3.86287, 48.08595 ], [ -3.86527, 48.08502 ], [ -3.86603, 48.08288 ], [ -3.88107, 48.07723 ], [ -3.88184, 48.07213 ], [ -3.88624, 48.07223 ], [ -3.88862, 48.06885 ], [ -3.89419, 48.06815 ], [ -3.89389, 48.06589 ], [ -3.89584, 48.06476 ], [ -3.8982, 48.0652 ], [ -3.90091, 48.06276 ], [ -3.90319, 48.06222 ], [ -3.90416, 48.05993 ], [ -3.90648, 48.05936 ], [ -3.90766, 48.05705 ], [ -3.91445, 48.05589 ], [ -3.91735, 48.05368 ], [ -3.92237, 48.05421 ], [ -3.9269, 48.05162 ], [ -3.93815, 48.04987 ], [ -3.94528, 48.04709 ], [ -3.95076, 48.04269 ], [ -3.96065, 48.04247 ], [ -3.96198, 48.04334 ], [ -3.96794, 48.04233 ], [ -3.97239, 48.04036 ], [ -3.97691, 48.03613 ], [ -3.98684, 48.04009 ], [ -3.99836, 48.03755 ], [ -4.00416, 48.03782 ], [ -4.00582, 48.03464 ], [ -4.0089, 48.03293 ], [ -4.01268, 48.03241 ], [ -4.01726, 48.03436 ], [ -4.01968, 48.03355 ], [ -4.01966, 48.03136 ], [ -4.02271, 48.03111 ], [ -4.02447, 48.02896 ], [ -4.03298, 48.03454 ], [ -4.03584, 48.0339 ], [ -4.03659, 48.03271 ], [ -4.0475, 48.03442 ], [ -4.04945, 48.03395 ], [ -4.05089, 48.03231 ], [ -4.05419, 48.03251 ], [ -4.05832, 48.03462 ], [ -4.06222, 48.03455 ], [ -4.0627, 48.03347 ], [ -4.05535, 48.02992 ], [ -4.05468, 48.02716 ], [ -4.05819, 48.02594 ], [ -4.06288, 48.02234 ], [ -4.06284, 48.02134 ], [ -4.06011, 48.02004 ], [ -4.06001, 48.01773 ], [ -4.06484, 48.01313 ], [ -4.06356, 48.00868 ], [ -4.06428, 48.00675 ], [ -4.06287, 48.00401 ], [ -4.06793, 48.0004 ], [ -4.06912, 47.9981 ], [ -4.06634, 47.99701 ], [ -4.06655, 47.99505 ], [ -4.0699, 47.99348 ], [ -4.07579, 47.99494 ], [ -4.08068, 47.99363 ], [ -4.09011, 47.99582 ], [ -4.10322, 47.9947 ], [ -4.11118, 47.99082 ], [ -4.11598, 47.98592 ], [ -4.11765, 47.97968 ], [ -4.11641, 47.97545 ], [ -4.11091, 47.97227 ], [ -4.10262, 47.97197 ] ] ] } },
{ "type": "Feature", "properties": { "name": null, "weight_class": 1, "permanent": false, "length_km": 2.2 }, "geometry": { "type": "LineString", "coordinates": [ [ -3.73777, 48.12573 ], [ -3.74361, 48.124 ], [ -3.74673, 48.12406 ], [ -3.74738, 48.1249 ], [ -3.75904, 48.12293 ], [ -3.76389, 48.12403 ] ] } },
{ "type": "Feature", "properties": { "name": "le Goarem Clujiry", "weight_class": 1, "permanent": true, "length_km": 3.6 }, "geometry": { "type": "MultiLineString", "coordinates": [ [ [ -3.69839, 48.06643 ], [ -3.69958, 48.06176 ], [ -3.70568, 48.05562 ], [ -3.70651, 48.05209 ], [ -3.70815, 48.05075 ], [ -3.70734, 48.04957 ] ], [ [ -3.70286, 48.08236 ], [ -3.70347, 48.07838 ], [ -3.69992, 48.07535 ] ], [ [ -3.699, 48.07161 ], [ -3.69841, 48.06878 ] ] ] } },
{ "type": "Feature", "properties": { "name": null, "weight_class": 1, "permanent": true, "length_km": 4.5 }, "geometry": { "type": "MultiLineString", "coordinates": [ [ [ -3.66989, 48.03852 ], [ -3.67932, 48.02873 ], [ -3.68678, 48.02409 ] ], [ [ -3.67368, 48.05826 ], [ -3.67423, 48.05013 ], [ -3.67575, 48.0475 ], [ -3.66975, 48.04231 ] ] ] } },
{ "type": "Feature", "properties": { "name": "le Naïc", "weight_class": 1, "permanent": true, "length_km": 5.7 }, "geometry": { "type": "MultiLineString", "coordinates": [ [ [ -3.56816, 47.99158 ], [ -3.56579, 47.99147 ], [ -3.56445, 47.99242 ], [ -3.56069, 47.99144 ], [ -3.56, 47.99254 ] ], [ [ -3.55881, 47.99416 ], [ -3.55816, 47.99411 ] ], [ [ -3.54721, 47.98719 ], [ -3.54565, 47.98653 ], [ -3.54359, 47.98754 ], [ -3.53985, 47.98664 ], [ -3.53503, 47.98757 ], [ -3.53296, 47.98911 ], [ -3.53112, 47.98892 ], [ -3.52798, 47.98258 ], [ -3.5249, 47.98086 ], [ -3.52519, 47.97948 ], [ -3.51942, 47.97631 ] ], [ [ -3.51656, 47.97615 ], [ -3.5153, 47.97481 ], [ -3.51207, 47.97474 ], [ -3.50795, 47.97621 ], [ -3.50433, 47.97562 ] ] ] } },
{ "type": "Feature", "properties": { "name": null, "weight_class": 1, "permanent": true, "length_km": 2.3 }, "geometry": { "type": "LineString", "coordinates": [ [ -3.66234, 48.00818 ], [ -3.66536, 48.00585 ], [ -3.66464, 48.00281 ], [ -3.66929, 48.00058 ], [ -3.6695, 47.99849 ], [ -3.67224, 47.99679 ], [ -3.67212, 47.99192 ] ] } },
{ "type": "Feature", "properties": { "name": null, "weight_class": 1, "permanent": true, "length_km": 2.3 }, "geometry": { "type": "LineString", "coordinates": [ [ -3.70937, 48.01742 ], [ -3.7069, 48.01807 ], [ -3.69892, 48.01772 ], [ -3.68969, 48.0216 ], [ -3.68633, 48.02079 ], [ -3.68622, 48.0198 ] ] } },
{ "type": "Feature", "properties": { "name": null, "weight_class": 1, "permanent": true, "length_km": 5.5 }, "geometry": { "type": "MultiLineString", "coordinates": [ [ [ -3.64008, 47.98525 ], [ -3.64212, 47.98566 ], [ -3.64613, 47.98345 ], [ -3.64525, 47.98141 ] ], [ [ -3.62306, 47.98362 ], [ -3.62797, 47.98347 ], [ -3.62846, 47.9855 ], [ -3.63078, 47.98652 ], [ -3.63332, 47.98366 ], [ -3.6354, 47.98561 ], [ -3.63747, 47.9856 ] ], [ [ -3.6012, 47.97623 ], [ -3.6046, 47.97976 ], [ -3.60859, 47.97794 ], [ -3.61106, 47.97833 ], [ -3.61276, 47.98511 ], [ -3.61655, 47.98417 ], [ -3.61695, 47.98265 ], [ -3.61886, 47.98173 ], [ -3.62217, 47.98286 ] ] ] } },
{ "type": "Feature", "properties": { "name": null, "weight_class": 1, "permanent": true, "length_km": 3.0 }, "geometry": { "type": "LineString", "coordinates": [ [ -3.64769, 48.00185 ], [ -3.64827, 48.00651 ], [ -3.65295, 48.01141 ], [ -3.65526, 48.01297 ], [ -3.65769, 48.01292 ], [ -3.66054, 48.01534 ], [ -3.66299, 48.02217 ], [ -3.66448, 48.02299 ] ] } },
{ "type": "Feature", "properties": { "name": null, "weight_class": 1, "permanent": true, "length_km": 3.3 }, "geometry": { "type": "LineString", "coordinates": [ [ -3.68959, 47.97889 ], [ -3.68823, 47.97806 ], [ -3.68871, 47.97655 ], [ -3.68663, 47.97072 ], [ -3.68462, 47.96893 ], [ -3.68593, 47.96683 ], [ -3.67537, 47.9653 ], [ -3.67212, 47.96137 ], [ -3.66793, 47.9595 ] ] } },
{ "type": "Feature", "properties": { "name": null, "weight_class": 1, "permanent": true, "length_km": 2.5 }, "geometry": { "type": "LineString", "coordinates": [ [ -3.64915, 47.97391 ], [ -3.64969, 47.97259 ], [ -3.65395, 47.97169 ], [ -3.65696, 47.96947 ], [ -3.65588, 47.96523 ], [ -3.65721, 47.96381 ], [ -3.65461, 47.95598 ] ] } },
{ "type": "Feature", "properties": { "name": null, "weight_class": 1, "permanent": true, "length_km": 2.6 }, "geometry": { "type": "LineString", "coordinates": [ [ -3.74361, 48.04046 ], [ -3.73668, 48.04541 ], [ -3.73172, 48.04698 ], [ -3.72799, 48.05059 ], [ -3.71843, 48.05323 ] ] } },
{ "type": "Feature", "properties": { "name": null, "weight_class": 1, "permanent": false, "length_km": 2.0 }, "geometry": { "type": "LineString", "coordinates": [ [ -3.71474, 48.01162 ], [ -3.71704, 48.0088 ], [ -3.71751, 48.00544 ], [ -3.71915, 48.00451 ], [ -3.72387, 48.00367 ], [ -3.73325, 48.0051 ] ] } },
{ "type": "Feature", "properties": { "name": null, "weight_class": 1, "permanent": true, "length_km": 3.1 }, "geometry": { "type": "LineString", "coordinates": [ [ -3.72115, 48.01271 ], [ -3.73117, 48.00821 ], [ -3.73415, 48.00418 ], [ -3.73868, 48.00461 ], [ -3.74221, 48.00246 ], [ -3.74934, 48.00223 ], [ -3.75189, 48.00113 ] ] } },
{ "type": "Feature", "properties": { "name": null, "weight_class": 1, "permanent": true, "length_km": 5.9 }, "geometry": { "type": "LineString", "coordinates": [ [ -3.71749, 48.00001 ], [ -3.71471, 47.99943 ], [ -3.70864, 47.99217 ], [ -3.7019, 47.98953 ], [ -3.70299, 47.98759 ], [ -3.69922, 47.98412 ], [ -3.69706, 47.98468 ], [ -3.6913, 47.98946 ], [ -3.68437, 47.98739 ], [ -3.67857, 47.98858 ], [ -3.67372, 47.98508 ], [ -3.67033, 47.98778 ] ] } },
{ "type": "Feature", "properties": { "name": "Rivière la Penzé", "weight_class": 1, "permanent": true, "length_km": 3.3 }, "geometry": { "type": "MultiLineString", "coordinates": [ [ [ -3.96366, 48.5191 ], [ -3.96086, 48.52252 ] ], [ [ -3.95422, 48.53811 ], [ -3.95216, 48.54146 ] ], [ [ -3.93532, 48.43342 ], [ -3.93873, 48.43389 ], [ -3.94014, 48.43684 ] ], [ [ -3.94083, 48.54981 ], [ -3.93748, 48.55244 ], [ -3.93513, 48.55669 ] ], [ [ -3.93442, 48.55896 ], [ -3.93231, 48.56526 ] ] ] } },
{ "type": "Feature", "properties": { "name": "Rivière le Coat Toulzac'h", "weight_class": 1, "permanent": true, "length_km": 3.8 }, "geometry": { "type": "MultiLineString", "coordinates": [ [ [ -3.91839, 48.56961 ], [ -3.92035, 48.5703 ], [ -3.92171, 48.57234 ], [ -3.92156, 48.57671 ], [ -3.92376, 48.57729 ], [ -3.92317, 48.57894 ] ], [ [ -3.91902, 48.56584 ], [ -3.9208, 48.56689 ], [ -3.9199, 48.56841 ], [ -3.9188, 48.5682 ] ], [ [ -3.91143, 48.56064 ], [ -3.91189, 48.56263 ], [ -3.91865, 48.56531 ] ], [ [ -3.91052, 48.55243 ], [ -3.9117, 48.5541 ], [ -3.91053, 48.55532 ] ], [ [ -3.9074, 48.54452 ], [ -3.90751, 48.54992 ] ] ] } },
{ "type": "Feature", "properties": { "name": "Ruisseau le Bothuan", "weight_class": 1, "permanent": true, "length_km": 4.7 }, "geometry": { "type": "LineString", "coordinates": [ [ -3.94196, 48.40642 ], [ -3.94177, 48.40817 ], [ -3.94417, 48.41254 ], [ -3.94704, 48.41474 ], [ -3.95049, 48.42324 ], [ -3.94873, 48.42465 ], [ -3.94625, 48.42465 ], [ -3.94294, 48.42928 ], [ -3.9441, 48.43321 ], [ -3.94933, 48.44129 ] ] } },
{ "type": "Feature", "properties": { "name": "le Briou", "weight_class": 1, "permanent": true, "length_km": 2.3 }, "geometry": { "type": "LineString", "coordinates": [ [ -3.79554, 48.45387 ], [ -3.80012, 48.455 ], [ -3.80521, 48.45874 ], [ -3.81478, 48.45996 ], [ -3.81753, 48.4626 ] ] } },
{ "type": "Feature", "properties": { "name": "Ruisseau de Roudoudour", "weight_class": 1, "permanent": true, "length_km": 7.6 }, "geometry": { "type": "LineString", "coordinates": [ [ -3.8762, 48.403 ], [ -3.87204, 48.39853 ], [ -3.87421, 48.39348 ], [ -3.87039, 48.39155 ], [ -3.87179, 48.38862 ], [ -3.87083, 48.38776 ], [ -3.87157, 48.38434 ], [ -3.86829, 48.37957 ], [ -3.86863, 48.37705 ], [ -3.87336, 48.37369 ], [ -3.87395, 48.37216 ], [ -3.86966, 48.36924 ], [ -3.87096, 48.36748 ], [ -3.86871, 48.36573 ], [ -3.86981, 48.36353 ], [ -3.86918, 48.35909 ], [ -3.86721, 48.35825 ], [ -3.86561, 48.35237 ], [ -3.86378, 48.35125 ] ] } },
{ "type": "Feature", "properties": { "name": "Ruisseau de Noster", "weight_class": 1, "permanent": true, "length_km": 2.3 }, "geometry": { "type": "LineString", "coordinates": [ [ -3.85224, 48.3779 ], [ -3.85054, 48.37573 ], [ -3.85137, 48.37318 ], [ -3.86215, 48.37094 ], [ -3.86838, 48.37102 ], [ -3.87002, 48.36948 ] ] } },
{ "type": "Feature", "properties": { "name": null, "weight_class": 1, "permanent": true, "length_km": 2.9 }, "geometry": { "type": "LineString", "coordinates": [ [ -3.91238, 48.41674 ], [ -3.91423, 48.4172 ], [ -3.91658, 48.42013 ], [ -3.92321, 48.41992 ], [ -3.92521, 48.42121 ], [ -3.92866, 48.42562 ], [ -3.92895, 48.42853 ], [ -3.9348, 48.43336 ] ] } },
{ "type": "Feature", "properties": { "name": null, "weight_class": 1, "permanent": true, "length_km": 4.1 }, "geometry": { "type": "LineString", "coordinates": [ [ -3.99503, 48.66409 ], [ -3.99749, 48.6751 ], [ -3.99245, 48.68056 ], [ -3.9885, 48.68113 ], [ -3.98695, 48.68056 ], [ -3.98513, 48.67928 ], [ -3.98414, 48.67661 ], [ -3.97668, 48.67678 ], [ -3.97493, 48.67544 ], [ -3.97128, 48.67524 ] ] } },
{ "type": "Feature", "properties": { "name": null, "weight_class": 1, "permanent": true, "length_km": 3.6 }, "geometry": { "type": "LineString", "coordinates": [ [ -3.81662, 48.66004 ], [ -3.81955, 48.66269 ], [ -3.82236, 48.66319 ], [ -3.831, 48.6705 ], [ -3.83325, 48.67441 ], [ -3.83846, 48.67812 ], [ -3.84236, 48.67839 ], [ -3.84485, 48.67984 ], [ -3.84871, 48.6797 ] ] } },
{ "type": "Feature", "properties": { "name": "la Penzé", "weight_class": 1, "permanent": true, "length_km": 35.8 }, "geometry": { "type": "MultiLineString", "coordinates": [ [ [ -3.95098, 48.62011 ], [ -3.95231, 48.62081 ], [ -3.9508, 48.62323 ], [ -3.95381, 48.62602 ], [ -3.95341, 48.62757 ] ], [ [ -3.94022, 48.60658 ], [ -3.94074, 48.60971 ], [ -3.94319, 48.61111 ], [ -3.94462, 48.61472 ] ], [ [ -3.8695, 48.42433 ], [ -3.86953, 48.42659 ], [ -3.8722, 48.42902 ], [ -3.87536, 48.42995 ], [ -3.88301, 48.4347 ], [ -3.88837, 48.43482 ], [ -3.89741, 48.43184 ], [ -3.89862, 48.43065 ], [ -3.90646, 48.42954 ], [ -3.91278, 48.42761 ], [ -3.91782, 48.43187 ], [ -3.92617, 48.43236 ], [ -3.92937, 48.43409 ], [ -3.93504, 48.43327 ], [ -3.93699, 48.43373 ], [ -3.94125, 48.43831 ], [ -3.94403, 48.4385 ], [ -3.95316, 48.44434 ], [ -3.9583, 48.44376 ], [ -3.95969, 48.4411 ], [ -3.96109, 48.44158 ], [ -3.96216, 48.4441 ], [ -3.96844, 48.44788 ], [ -3.97058, 48.45234 ], [ -3.97291, 48.45276 ], [ -3.97841, 48.45855 ], [ -3.97744, 48.46167 ], [ -3.97516, 48.46112 ], [ -3.97408, 48.46204 ], [ -3.97291, 48.46691 ], [ -3.96971, 48.47045 ], [ -3.96969, 48.47299 ], [ -3.97268, 48.47883 ], [ -3.98029, 48.48322 ], [ -3.97972, 48.48699 ], [ -3.98339, 48.48767 ], [ -3.97957, 48.49063 ], [ -3.98165, 48.49154 ], [ -3.98222, 48.49569 ], [ -3.98006, 48.49652 ], [ -3.97776, 48.49984 ], [ -3.97533, 48.49923 ], [ -3.97329, 48.50184 ], [ -3.97351, 48.50391 ], [ -3.97166, 48.50596 ], [ -3.97362, 48.50971 ], [ -3.97093, 48.51502 ], [ -3.96773, 48.51705 ], [ -3.96451, 48.51756 ], [ -3.96345, 48.52049 ], [ -3.96082, 48.52254 ], [ -3.96059, 48.52451 ], [ -3.95719, 48.52583 ], [ -3.95733, 48.5321 ], [ -3.95556, 48.53442 ], [ -3.95954, 48.53542 ], [ -3.95961, 48.53688 ], [ -3.95372, 48.53825 ], [ -3.95219, 48.54182 ], [ -3.9443, 48.5463 ], [ -3.94009, 48.55048 ], [ -3.93858, 48.5546 ], [ -3.93416, 48.5571 ], [ -3.93484, 48.55793 ], [ -3.93229, 48.56236 ], [ -3.93316, 48.5628 ], [ -3.93224, 48.56515 ], [ -3.93441, 48.56932 ], [ -3.93258, 48.57145 ], [ -3.92955, 48.57252 ], [ -3.9299, 48.574 ], [ -3.92724, 48.57794 ], [ -3.928, 48.57944 ], [ -3.92285, 48.58689 ], [ -3.92388, 48.5901 ], [ -3.92609, 48.59156 ], [ -3.93373, 48.59378 ], [ -3.935, 48.5991 ], [ -3.93837, 48.60183 ] ] ] } },
{ "type": "Feature", "properties": { "name": null, "weight_class": 1, "permanent": true, "length_km": 5.1 }, "geometry": { "type": "LineString", "coordinates": [ [ -3.99764, 48.64589 ], [ -3.99744, 48.64752 ], [ -3.99367, 48.65073 ], [ -3.9913, 48.65106 ], [ -3.98785, 48.64979 ], [ -3.98784, 48.6474 ], [ -3.98574, 48.64707 ], [ -3.98006, 48.65105 ], [ -3.98012, 48.65694 ], [ -3.97867, 48.66105 ], [ -3.97581, 48.66416 ], [ -3.97523, 48.67002 ], [ -3.97109, 48.67369 ] ] } },
{ "type": "Feature", "properties": { "name": null, "weight_class": 1, "permanent": true, "length_km": 2.5 }, "geometry": { "type": "LineString", "coordinates": [ [ -3.82627, 48.61206 ], [ -3.82694, 48.61724 ], [ -3.82926, 48.6193 ], [ -3.83993, 48.62478 ], [ -3.84133, 48.62792 ] ] } },
{ "type": "Feature", "properties": { "name": "le Dourduff", "weight_class": 1, "permanent": true, "length_km": 21.0 }, "geometry": { "type": "LineString", "coordinates": [ [ -3.66707, 48.59062 ], [ -3.66644, 48.59164 ], [ -3.66824, 48.59459 ], [ -3.67981, 48.59713 ], [ -3.68485, 48.60048 ], [ -3.68494, 48.60612 ], [ -3.68369, 48.60714 ], [ -3.68294, 48.61209 ], [ -3.68438, 48.61576 ], [ -3.68859, 48.61882 ], [ -3.69988, 48.6182 ], [ -3.70377, 48.61876 ], [ -3.70511, 48.61789 ], [ -3.70797, 48.61804 ], [ -3.7145, 48.61421 ], [ -3.71992, 48.61334 ], [ -3.72069, 48.61235 ], [ -3.72661, 48.61073 ], [ -3.731, 48.6112 ], [ -3.74049, 48.61037 ], [ -3.74617, 48.61108 ], [ -3.74726, 48.61037 ], [ -3.75078, 48.61112 ], [ -3.7549, 48.60939 ], [ -3.75539, 48.60806 ], [ -3.75589, 48.60868 ], [ -3.7675, 48.608 ], [ -3.77117, 48.61051 ], [ -3.77533, 48.6101 ], [ -3.77596, 48.61186 ], [ -3.7788, 48.61325 ], [ -3.78452, 48.61413 ], [ -3.78771, 48.61124 ], [ -3.79038, 48.61166 ], [ -3.79687, 48.61571 ], [ -3.79686, 48.61659 ], [ -3.79909, 48.61669 ], [ -3.80051, 48.61778 ], [ -3.79777, 48.61988 ], [ -3.79888, 48.62369 ], [ -3.80289, 48.62216 ], [ -3.80376, 48.62375 ], [ -3.80856, 48.62505 ], [ -3.8117, 48.62937 ], [ -3.81743, 48.62921 ], [ -3.82065, 48.62797 ], [ -3.82379, 48.63078 ], [ -3.82713, 48.62778 ], [ -3.83417, 48.62967 ], [ -3.83933, 48.62916 ], [ -3.8414, 48.62797 ] ] } },
{ "type": "Feature", "properties": { "name": null, "weight_class": 1, "permanent": true, "length_km": 2.3 }, "geometry": { "type": "LineString", "coordinates": [ [ -3.91377, 48.63272 ], [ -3.91075, 48.64089 ], [ -3.90721, 48.64146 ], [ -3.90126, 48.64015 ], [ -3.89811, 48.63825 ], [ -3.8954, 48.63871 ] ] } },
{ "type": "Feature", "properties": { "name": null, "weight_class": 1, "permanent": true, "length_km": 4.0 }, "geometry": { "type": "LineString", "coordinates": [ [ -3.8825, 48.615 ], [ -3.88638, 48.61727 ], [ -3.88367, 48.62288 ], [ -3.88637, 48.62913 ], [ -3.88971, 48.63136 ], [ -3.89528, 48.63786 ], [ -3.89455, 48.64191 ], [ -3.8931, 48.64324 ] ] } },
{ "type": "Feature", "properties": { "name": "l'Éon", "weight_class": 1, "permanent": true, "length_km": 10.7 }, "geometry": { "type": "LineString", "coordinates": [ [ -3.98925, 48.53918 ], [ -3.98422, 48.54697 ], [ -3.98542, 48.55322 ], [ -3.98454, 48.55642 ], [ -3.98747, 48.57002 ], [ -3.98639, 48.57363 ], [ -3.98363, 48.57557 ], [ -3.98481, 48.57797 ], [ -3.98179, 48.58255 ], [ -3.97799, 48.58453 ], [ -3.97726, 48.58794 ], [ -3.97554, 48.58923 ], [ -3.97587, 48.59104 ], [ -3.97205, 48.59321 ], [ -3.97148, 48.59535 ], [ -3.96783, 48.59841 ], [ -3.9666, 48.60359 ], [ -3.96479, 48.60382 ], [ -3.96395, 48.60676 ], [ -3.95797, 48.61383 ], [ -3.95776, 48.61571 ], [ -3.95632, 48.61693 ], [ -3.95408, 48.61679 ], [ -3.95198, 48.6189 ] ] } },
{ "type": "Feature", "properties": { "name": null, "weight_class": 1, "permanent": true, "length_km": 2.8 }, "geometry": { "type": "LineString", "coordinates": [ [ -3.90927, 48.6097 ], [ -3.92374, 48.60991 ], [ -3.93538, 48.61234 ], [ -3.9373, 48.61476 ], [ -3.941, 48.61472 ] ] } },
{ "type": "Feature", "properties": { "name": "le Jarlot", "weight_class": 1, "permanent": true, "length_km": 23.0 }, "geometry": { "type": "MultiLineString", "coordinates": [ [ [ -3.85703, 48.60925 ], [ -3.86143, 48.61364 ], [ -3.85582, 48.61857 ] ], [ [ -3.72859, 48.47855 ], [ -3.73266, 48.47773 ], [ -3.74196, 48.47788 ], [ -3.74839, 48.4763 ], [ -3.75374, 48.48001 ], [ -3.7574, 48.48096 ], [ -3.75962, 48.48699 ], [ -3.75648, 48.48967 ], [ -3.7594, 48.49898 ], [ -3.75614, 48.50892 ], [ -3.75738, 48.511 ], [ -3.76263, 48.51467 ], [ -3.76525, 48.5185 ], [ -3.76514, 48.52115 ], [ -3.76881, 48.52272 ], [ -3.77053, 48.52682 ], [ -3.76972, 48.52913 ], [ -3.76729, 48.53027 ], [ -3.76576, 48.53251 ], [ -3.76587, 48.53885 ], [ -3.77281, 48.54152 ], [ -3.77291, 48.54494 ], [ -3.77734, 48.5462 ], [ -3.78091, 48.55027 ], [ -3.78612, 48.5518 ], [ -3.79252, 48.55591 ], [ -3.7947, 48.55921 ], [ -3.79903, 48.56183 ], [ -3.79874, 48.56475 ], [ -3.80371, 48.57057 ], [ -3.81078, 48.56942 ], [ -3.8126, 48.57213 ], [ -3.81744, 48.57481 ], [ -3.82549, 48.57634 ], [ -3.82838, 48.5778 ], [ -3.83792, 48.58778 ], [ -3.84207, 48.59877 ], [ -3.84942, 48.60385 ], [ -3.85144, 48.60646 ], [ -3.85467, 48.60744 ] ] ] } },
{ "type": "Feature", "properties": { "name": "la Pennélé", "weight_class": 1, "permanent": true, "length_km": 13.7 }, "geometry": { "type": "LineString", "coordinates": [ [ -3.87992, 48.5102 ], [ -3.87801, 48.51148 ], [ -3.87809, 48.513 ], [ -3.88157, 48.51751 ], [ -3.88088, 48.52277 ], [ -3.88862, 48.52962 ], [ -3.88917, 48.53146 ], [ -3.88671, 48.53442 ], [ -3.89252, 48.54072 ], [ -3.8908, 48.54623 ], [ -3.89319, 48.55058 ], [ -3.89127, 48.55315 ], [ -3.89248, 48.55549 ], [ -3.8868, 48.56269 ], [ -3.88368, 48.56404 ], [ -3.88111, 48.56689 ], [ -3.87676, 48.56797 ], [ -3.87449, 48.56957 ], [ -3.87605, 48.5748 ], [ -3.87207, 48.58091 ], [ -3.8747, 48.58477 ], [ -3.87542, 48.58984 ], [ -3.87435, 48.59229 ], [ -3.87498, 48.59499 ], [ -3.87182, 48.59805 ], [ -3.87348, 48.60247 ], [ -3.87221, 48.60405 ], [ -3.8659, 48.60535 ], [ -3.86385, 48.60812 ], [ -3.86065, 48.60799 ] ] } },
{ "type": "Feature", "properties": { "name": null, "weight_class": 1, "permanent": true, "length_km": 2.7 }, "geometry": { "type": "LineString", "coordinates": [ [ -3.89699, 48.58309 ], [ -3.89555, 48.58599 ], [ -3.8876, 48.58762 ], [ -3.88289, 48.59598 ], [ -3.87698, 48.59361 ], [ -3.87494, 48.59397 ] ] } },
{ "type": "Feature", "properties": { "name": null, "weight_class": 1, "permanent": true, "length_km": 6.5 }, "geometry": { "type": "LineString", "coordinates": [ [ -3.96297, 48.5572 ], [ -3.96326, 48.55988 ], [ -3.96036, 48.56319 ], [ -3.95323, 48.56631 ], [ -3.95106, 48.56905 ], [ -3.95187, 48.57095 ], [ -3.95773, 48.5736 ], [ -3.96211, 48.57818 ], [ -3.95904, 48.57998 ], [ -3.95793, 48.58217 ], [ -3.95234, 48.5833 ], [ -3.94781, 48.58748 ], [ -3.94398, 48.58921 ], [ -3.94025, 48.59324 ], [ -3.93605, 48.59529 ], [ -3.93502, 48.59807 ] ] } },
{ "type": "Feature", "properties": { "name": null, "weight_class": 1, "permanent": true, "length_km": 3.0 }, "geometry": { "type": "LineString", "coordinates": [ [ -3.81291, 48.55141 ], [ -3.81652, 48.55584 ], [ -3.81663, 48.56215 ], [ -3.81865, 48.56583 ], [ -3.81756, 48.56944 ], [ -3.81975, 48.57229 ], [ -3.82204, 48.57334 ], [ -3.82105, 48.57583 ] ] } },
{ "type": "Feature", "properties": { "name": "le Queffleuth", "weight_class": 1, "permanent": true, "length_km": 23.4 }, "geometry": { "type": "MultiLineString", "coordinates": [ [ [ -3.85264, 48.42992 ], [ -3.85316, 48.43184 ], [ -3.85133, 48.43349 ], [ -3.84655, 48.43456 ], [ -3.84012, 48.43776 ], [ -3.83857, 48.44215 ], [ -3.84079, 48.44402 ], [ -3.83886, 48.44445 ], [ -3.83742, 48.44752 ], [ -3.82698, 48.45092 ], [ -3.82714, 48.45312 ], [ -3.82479, 48.45432 ], [ -3.82351, 48.45991 ], [ -3.81934, 48.46082 ], [ -3.81748, 48.46245 ], [ -3.82076, 48.46517 ], [ -3.82282, 48.46566 ], [ -3.82105, 48.46812 ], [ -3.82305, 48.47171 ], [ -3.8255, 48.47262 ], [ -3.82452, 48.47443 ], [ -3.82776, 48.47657 ], [ -3.82671, 48.47785 ], [ -3.82914, 48.47839 ], [ -3.82859, 48.47926 ] ], [ [ -3.82859, 48.47926 ], [ -3.82639, 48.48197 ], [ -3.82667, 48.48403 ] ], [ [ -3.82859, 48.47926 ], [ -3.82667, 48.48403 ] ], [ [ -3.82667, 48.48403 ], [ -3.82585, 48.48606 ], [ -3.82697, 48.49077 ], [ -3.83111, 48.49717 ], [ -3.83266, 48.502 ], [ -3.83172, 48.50584 ], [ -3.83425, 48.5082 ], [ -3.83546, 48.50808 ], [ -3.83796, 48.51167 ], [ -3.83855, 48.51342 ], [ -3.83614, 48.51766 ], [ -3.8394, 48.5213 ], [ -3.83836, 48.52385 ], [ -3.83365, 48.52728 ], [ -3.83268, 48.53088 ], [ -3.8292, 48.53418 ], [ -3.83005, 48.53728 ], [ -3.82841, 48.53838 ], [ -3.82585, 48.54404 ], [ -3.8276, 48.5475 ], [ -3.82959, 48.54842 ], [ -3.83179, 48.54783 ], [ -3.83288, 48.54839 ] ], [ [ -3.83536, 48.55161 ], [ -3.83884, 48.56311 ], [ -3.83631, 48.56621 ], [ -3.83747, 48.56839 ], [ -3.83588, 48.57148 ], [ -3.83265, 48.57401 ], [ -3.82857, 48.57551 ], [ -3.82838, 48.5778 ] ], [ [ -3.83288, 48.54839 ], [ -3.83572, 48.55039 ], [ -3.83536, 48.55161 ] ], [ [ -3.83288, 48.54839 ], [ -3.83269, 48.55055 ], [ -3.83343, 48.5501 ], [ -3.83536, 48.55161 ] ] ] } },
{ "type": "Feature", "properties": { "name": "le Coat Toulzac'h", "weight_class": 1, "permanent": true, "length_km": 25.8 }, "geometry": { "type": "LineString", "coordinates": [ [ -3.86947, 48.44319 ], [ -3.87444, 48.4478 ], [ -3.87233, 48.45275 ], [ -3.87668, 48.4576 ], [ -3.87903, 48.4633 ], [ -3.8855, 48.46232 ], [ -3.88832, 48.46019 ], [ -3.89406, 48.46169 ], [ -3.89827, 48.4601 ], [ -3.90233, 48.46061 ], [ -3.90595, 48.45877 ], [ -3.90881, 48.45534 ], [ -3.91465, 48.45552 ], [ -3.91567, 48.45475 ], [ -3.92311, 48.45424 ], [ -3.92418, 48.45297 ], [ -3.92674, 48.45335 ], [ -3.928, 48.45499 ], [ -3.92741, 48.45701 ], [ -3.92477, 48.45858 ], [ -3.92314, 48.46139 ], [ -3.92513, 48.46252 ], [ -3.92721, 48.46846 ], [ -3.92641, 48.47127 ], [ -3.92846, 48.47452 ], [ -3.92483, 48.48047 ], [ -3.92743, 48.48271 ], [ -3.9303, 48.48253 ], [ -3.93117, 48.48391 ], [ -3.92869, 48.48914 ], [ -3.93249, 48.49839 ], [ -3.9304, 48.4993 ], [ -3.93034, 48.50159 ], [ -3.92596, 48.50245 ], [ -3.92483, 48.50543 ], [ -3.92219, 48.50647 ], [ -3.91953, 48.51232 ], [ -3.91701, 48.51309 ], [ -3.91782, 48.51925 ], [ -3.91348, 48.52412 ], [ -3.91276, 48.53122 ], [ -3.90937, 48.53347 ], [ -3.90854, 48.53679 ], [ -3.90587, 48.53739 ], [ -3.90394, 48.53958 ], [ -3.90484, 48.54263 ], [ -3.90853, 48.54553 ], [ -3.90755, 48.55044 ], [ -3.91064, 48.55263 ], [ -3.90991, 48.55519 ], [ -3.91176, 48.55915 ], [ -3.9111, 48.56113 ], [ -3.91515, 48.56409 ], [ -3.91803, 48.56443 ], [ -3.91929, 48.56611 ], [ -3.91839, 48.56961 ], [ -3.91975, 48.57438 ], [ -3.92231, 48.57895 ], [ -3.92573, 48.58138 ], [ -3.92442, 48.58474 ] ] } },
{ "type": "Feature", "properties": { "name": null, "weight_class": 1, "permanent": true, "length_km": 11.6 }, "geometry": { "type": "LineString", "coordinates": [ [ -3.76373, 48.47063 ], [ -3.76729, 48.47289 ], [ -3.76773, 48.47466 ], [ -3.76461, 48.47901 ], [ -3.76465, 48.48078 ], [ -3.7681, 48.48277 ], [ -3.76815, 48.48664 ], [ -3.76981, 48.48929 ], [ -3.77522, 48.49451 ], [ -3.77719, 48.49844 ], [ -3.78105, 48.50124 ], [ -3.7853, 48.50803 ], [ -3.78503, 48.51065 ], [ -3.7816, 48.51438 ], [ -3.78358, 48.52468 ], [ -3.79636, 48.52515 ], [ -3.80643, 48.52831 ], [ -3.80909, 48.53016 ], [ -3.81177, 48.53046 ], [ -3.81368, 48.53335 ], [ -3.81771, 48.53555 ], [ -3.81762, 48.53786 ], [ -3.82124, 48.53876 ], [ -3.82627, 48.54292 ] ] } },
{ "type": "Feature", "properties": { "name": null, "weight_class": 1, "permanent": true, "length_km": 2.5 }, "geometry": { "type": "LineString", "coordinates": [ [ -3.86629, 48.55103 ], [ -3.86486, 48.55847 ], [ -3.86686, 48.55998 ], [ -3.86695, 48.56226 ], [ -3.87138, 48.56538 ], [ -3.87467, 48.56947 ] ] } },
{ "type": "Feature", "properties": { "name": null, "weight_class": 1, "permanent": false, "length_km": 3.5 }, "geometry": { "type": "LineString", "coordinates": [ [ -3.8605, 48.53177 ], [ -3.85573, 48.53531 ], [ -3.8429, 48.53994 ], [ -3.84282, 48.54643 ], [ -3.84123, 48.54999 ], [ -3.83655, 48.55455 ] ] } },
{ "type": "Feature", "properties": { "name": null, "weight_class": 1, "permanent": false, "length_km": 2.8 }, "geometry": { "type": "LineString", "coordinates": [ [ -3.92373, 48.53442 ], [ -3.92544, 48.53496 ], [ -3.93016, 48.54169 ], [ -3.93378, 48.54385 ], [ -3.93318, 48.55425 ], [ -3.93519, 48.55618 ] ] } },
{ "type": "Feature", "properties": { "name": "le Guern", "weight_class": 1, "permanent": true, "length_km": 8.5 }, "geometry": { "type": "LineString", "coordinates": [ [ -3.99372, 48.52975 ], [ -3.99121, 48.53011 ], [ -3.98218, 48.53476 ], [ -3.97727, 48.53947 ], [ -3.97251, 48.54096 ], [ -3.97195, 48.54241 ], [ -3.97378, 48.54504 ], [ -3.97375, 48.54861 ], [ -3.97733, 48.55231 ], [ -3.97742, 48.55586 ], [ -3.98131, 48.55944 ], [ -3.98167, 48.56146 ], [ -3.97988, 48.56467 ], [ -3.97743, 48.56578 ], [ -3.97427, 48.56924 ], [ -3.97342, 48.57834 ], [ -3.97108, 48.57892 ], [ -3.97032, 48.5812 ], [ -3.97193, 48.58572 ], [ -3.97553, 48.58929 ] ] } },
{ "type": "Feature", "properties": { "name": null, "weight_class": 1, "permanent": true, "length_km": 2.2 }, "geometry": { "type": "LineString", "coordinates": [ [ -3.94616, 48.50928 ], [ -3.95147, 48.51314 ], [ -3.9512, 48.51566 ], [ -3.95385, 48.52199 ], [ -3.95985, 48.52474 ] ] } },
{ "type": "Feature", "properties": { "name": null, "weight_class": 1, "permanent": true, "length_km": 11.3 }, "geometry": { "type": "LineString", "coordinates": [ [ -3.84801, 48.45798 ], [ -3.85469, 48.46315 ], [ -3.86315, 48.46524 ], [ -3.86529, 48.4667 ], [ -3.8656, 48.47193 ], [ -3.86824, 48.48003 ], [ -3.86153, 48.48337 ], [ -3.85764, 48.48352 ], [ -3.85694, 48.48523 ], [ -3.84984, 48.48826 ], [ -3.84935, 48.48973 ], [ -3.85112, 48.49225 ], [ -3.85435, 48.49373 ], [ -3.85385, 48.49739 ], [ -3.85555, 48.49881 ], [ -3.85927, 48.49867 ], [ -3.86162, 48.49984 ], [ -3.8633, 48.50253 ], [ -3.86054, 48.50704 ], [ -3.85796, 48.50794 ], [ -3.85662, 48.50979 ], [ -3.85288, 48.51128 ], [ -3.84987, 48.51402 ], [ -3.84892, 48.51826 ], [ -3.84525, 48.52074 ], [ -3.84531, 48.5222 ], [ -3.84024, 48.5258 ], [ -3.83718, 48.52507 ] ] } },
{ "type": "Feature", "properties": { "name": null, "weight_class": 1, "permanent": true, "length_km": 7.0 }, "geometry": { "type": "LineString", "coordinates": [ [ -3.88342, 48.47053 ], [ -3.88864, 48.4757 ], [ -3.89776, 48.49155 ], [ -3.89798, 48.50019 ], [ -3.90142, 48.50416 ], [ -3.90529, 48.50652 ], [ -3.90616, 48.5145 ], [ -3.90957, 48.51666 ], [ -3.91049, 48.52133 ], [ -3.91409, 48.52321 ] ] } },
{ "type": "Feature", "properties": { "name": null, "weight_class": 1, "permanent": true, "length_km": 3.5 }, "geometry": { "type": "LineString", "coordinates": [ [ -3.94954, 48.49644 ], [ -3.9476, 48.501 ], [ -3.95362, 48.50491 ], [ -3.95836, 48.50611 ], [ -3.96099, 48.51018 ], [ -3.95819, 48.51555 ], [ -3.96088, 48.52171 ] ] } },
{ "type": "Feature", "properties": { "name": null, "weight_class": 1, "permanent": true, "length_km": 6.5 }, "geometry": { "type": "LineString", "coordinates": [ [ -3.80368, 48.48086 ], [ -3.80556, 48.48284 ], [ -3.80554, 48.48453 ], [ -3.80311, 48.48614 ], [ -3.80342, 48.48876 ], [ -3.79997, 48.49472 ], [ -3.80056, 48.49641 ], [ -3.80336, 48.50105 ], [ -3.80643, 48.5028 ], [ -3.80778, 48.50634 ], [ -3.81178, 48.5071 ], [ -3.815, 48.51068 ], [ -3.81528, 48.51265 ], [ -3.8127, 48.51632 ], [ -3.81338, 48.51955 ], [ -3.81177, 48.52296 ], [ -3.81177, 48.53046 ] ] } },
{ "type": "Feature", "properties": { "name": null, "weight_class": 1, "permanent": true, "length_km": 2.4 }, "geometry": { "type": "LineString", "coordinates": [ [ -3.87776, 48.4891 ], [ -3.88002, 48.49061 ], [ -3.88078, 48.49272 ], [ -3.88366, 48.49411 ], [ -3.88376, 48.49616 ], [ -3.88652, 48.4984 ], [ -3.8936, 48.49761 ], [ -3.89496, 48.49581 ], [ -3.89769, 48.49591 ] ] } },
{ "type": "Feature", "properties": { "name": null, "weight_class": 1, "permanent": true, "length_km": 3.7 }, "geometry": { "type": "LineString", "coordinates": [ [ -3.89722, 48.47398 ], [ -3.89971, 48.47156 ], [ -3.90786, 48.46975 ], [ -3.91044, 48.46768 ], [ -3.91529, 48.46691 ], [ -3.91932, 48.47185 ], [ -3.92073, 48.47756 ], [ -3.92483, 48.48047 ] ] } },
{ "type": "Feature", "properties": { "name": null, "weight_class": 1, "permanent": false, "length_km": 2.2 }, "geometry": { "type": "LineString", "coordinates": [ [ -3.94661, 48.47967 ], [ -3.94972, 48.4813 ], [ -3.95671, 48.48139 ], [ -3.96336, 48.47894 ], [ -3.96775, 48.47554 ], [ -3.97115, 48.47656 ] ] } },
{ "type": "Feature", "properties": { "name": null, "weight_class": 1, "permanent": true, "length_km": 3.8 }, "geometry": { "type": "LineString", "coordinates": [ [ -3.93441, 48.46067 ], [ -3.9388, 48.46053 ], [ -3.94238, 48.45806 ], [ -3.94577, 48.45757 ], [ -3.95499, 48.46072 ], [ -3.9602, 48.46114 ], [ -3.96257, 48.46265 ], [ -3.96375, 48.46749 ], [ -3.96599, 48.46942 ], [ -3.96974, 48.47078 ] ] } },
{ "type": "Feature", "properties": { "name": "Ruisseau le Bothuan", "weight_class": 1, "permanent": true, "length_km": 2.4 }, "geometry": { "type": "LineString", "coordinates": [ [ -3.93801, 48.41276 ], [ -3.93834, 48.41856 ], [ -3.93603, 48.42328 ], [ -3.943, 48.43113 ] ] } },
{ "type": "Feature", "properties": { "name": null, "weight_class": 1, "permanent": true, "length_km": 2.6 }, "geometry": { "type": "LineString", "coordinates": [ [ -3.90676, 48.43566 ], [ -3.91469, 48.44173 ], [ -3.91525, 48.44736 ], [ -3.92204, 48.45141 ], [ -3.92284, 48.45289 ], [ -3.92418, 48.45297 ] ] } },
{ "type": "Feature", "properties": { "name": null, "weight_class": 1, "permanent": false, "length_km": 2.5 }, "geometry": { "type": "LineString", "coordinates": [ [ -3.89337, 48.4428 ], [ -3.89671, 48.44249 ], [ -3.90178, 48.44522 ], [ -3.89892, 48.4515 ], [ -3.9053, 48.45664 ], [ -3.90725, 48.45619 ] ] } },
{ "type": "Feature", "properties": { "name": "le Mendy", "weight_class": 1, "permanent": true, "length_km": 9.8 }, "geometry": { "type": "LineString", "coordinates": [ [ -3.81772, 48.42338 ], [ -3.80515, 48.42392 ], [ -3.80204, 48.42544 ], [ -3.80069, 48.42847 ], [ -3.792, 48.43074 ], [ -3.79148, 48.43301 ], [ -3.78899, 48.43422 ], [ -3.78361, 48.43394 ], [ -3.776, 48.43616 ], [ -3.77226, 48.43531 ], [ -3.77092, 48.43322 ], [ -3.76783, 48.43165 ], [ -3.75766, 48.43076 ], [ -3.75505, 48.42829 ], [ -3.75554, 48.42523 ], [ -3.74662, 48.42371 ], [ -3.74206, 48.42026 ], [ -3.73282, 48.4199 ], [ -3.731, 48.42416 ], [ -3.72649, 48.42501 ], [ -3.72424, 48.42654 ] ] } },
{ "type": "Feature", "properties": { "name": null, "weight_class": 1, "permanent": false, "length_km": 3.9 }, "geometry": { "type": "LineString", "coordinates": [ [ -3.86003, 48.41136 ], [ -3.85294, 48.41065 ], [ -3.84861, 48.4123 ], [ -3.84231, 48.41262 ], [ -3.83883, 48.41215 ], [ -3.83901, 48.41081 ], [ -3.83788, 48.41031 ], [ -3.83, 48.40965 ], [ -3.82631, 48.40713 ], [ -3.82855, 48.40307 ], [ -3.82732, 48.40119 ] ] } },
{ "type": "Feature", "properties": { "name": null, "weight_class": 1, "permanent": false, "length_km": 2.6 }, "geometry": { "type": "LineString", "coordinates": [ [ -3.78805, 48.38396 ], [ -3.78931, 48.38205 ], [ -3.78682, 48.38 ], [ -3.78724, 48.37834 ], [ -3.78504, 48.37699 ], [ -3.78436, 48.37398 ], [ -3.78147, 48.37333 ], [ -3.7788, 48.37131 ], [ -3.76948, 48.37152 ] ] } },
{ "type": "Feature", "properties": { "name": null, "weight_class": 1, "permanent": true, "length_km": 7.0 }, "geometry": { "type": "LineString", "coordinates": [ [ -3.78618, 48.40026 ], [ -3.78389, 48.39658 ], [ -3.78489, 48.39315 ], [ -3.78075, 48.38822 ], [ -3.77547, 48.38695 ], [ -3.76908, 48.38316 ], [ -3.76635, 48.38367 ], [ -3.76411, 48.38299 ], [ -3.76513, 48.38089 ], [ -3.76357, 48.37858 ], [ -3.77225, 48.37603 ], [ -3.76948, 48.37152 ], [ -3.76809, 48.37173 ], [ -3.76573, 48.37044 ], [ -3.7655, 48.36895 ], [ -3.74908, 48.36457 ] ] } },
{ "type": "Feature", "properties": { "name": null, "weight_class": 1, "permanent": false, "length_km": 2.0 }, "geometry": { "type": "LineString", "coordinates": [ [ -3.80675, 48.40885 ], [ -3.8186, 48.403 ], [ -3.81734, 48.40003 ], [ -3.81874, 48.3978 ], [ -3.81831, 48.396 ] ] } },
{ "type": "Feature", "properties": { "name": "le Roudouhir", "weight_class": 1, "permanent": true, "length_km": 6.1 }, "geometry": { "type": "LineString", "coordinates": [ [ -3.88566, 48.40391 ], [ -3.88668, 48.40238 ], [ -3.88449, 48.40036 ], [ -3.88603, 48.39437 ], [ -3.88857, 48.39053 ], [ -3.89456, 48.38785 ], [ -3.89895, 48.38308 ], [ -3.89742, 48.37417 ], [ -3.89405, 48.37102 ], [ -3.89301, 48.3663 ], [ -3.89513, 48.36414 ], [ -3.90133, 48.36271 ], [ -3.90175, 48.36022 ] ] } },
{ "type": "Feature", "properties": { "name": null, "weight_class": 1, "permanent": true, "length_km": 4.2 }, "geometry": { "type": "LineString", "coordinates": [ [ -3.84592, 48.38486 ], [ -3.84026, 48.38433 ], [ -3.83852, 48.38216 ], [ -3.83424, 48.38198 ], [ -3.8319, 48.38247 ], [ -3.83063, 48.38494 ], [ -3.82072, 48.38582 ], [ -3.81654, 48.38487 ], [ -3.81205, 48.38158 ], [ -3.8041, 48.38048 ], [ -3.80035, 48.37905 ] ] } },
{ "type": "Feature", "properties": { "name": "le Fao", "weight_class": 1, "permanent": true, "length_km": 18.4 }, "geometry": { "type": "LineString", "coordinates": [ [ -3.85474, 48.40756 ], [ -3.85083, 48.40694 ], [ -3.84624, 48.40322 ], [ -3.84336, 48.40402 ], [ -3.83661, 48.40157 ], [ -3.82529, 48.40076 ], [ -3.82108, 48.39708 ], [ -3.81536, 48.39512 ], [ -3.81653, 48.39244 ], [ -3.81316, 48.39114 ], [ -3.8128, 48.39011 ], [ -3.8071, 48.3878 ], [ -3.80215, 48.38872 ], [ -3.79974, 48.38598 ], [ -3.80128, 48.38254 ], [ -3.79758, 48.37275 ], [ -3.79122, 48.37001 ], [ -3.79018, 48.36757 ], [ -3.78687, 48.36858 ], [ -3.7788, 48.36552 ], [ -3.77634, 48.36646 ], [ -3.77271, 48.36476 ], [ -3.77321, 48.36338 ], [ -3.77152, 48.36221 ], [ -3.76525, 48.361 ], [ -3.75967, 48.35857 ], [ -3.75516, 48.36129 ], [ -3.75504, 48.36234 ], [ -3.74648, 48.36513 ], [ -3.74523, 48.36653 ], [ -3.74234, 48.36562 ], [ -3.73597, 48.36595 ], [ -3.73226, 48.36527 ], [ -3.72983, 48.36383 ], [ -3.73, 48.36146 ], [ -3.72551, 48.35986 ], [ -3.72198, 48.3632 ], [ -3.71711, 48.36175 ], [ -3.70724, 48.36373 ], [ -3.70441, 48.36346 ], [ -3.70213, 48.36123 ], [ -3.69589, 48.36027 ], [ -3.69358, 48.35835 ], [ -3.69146, 48.358 ] ] } },
{ "type": "Feature", "properties": { "name": null, "weight_class": 1, "permanent": true, "length_km": 3.6 }, "geometry": { "type": "LineString", "coordinates": [ [ -3.92005, 48.39195 ], [ -3.9214, 48.38743 ], [ -3.92098, 48.38336 ], [ -3.91979, 48.37796 ], [ -3.91793, 48.37605 ], [ -3.91606, 48.37506 ], [ -3.90998, 48.37524 ], [ -3.90812, 48.37437 ], [ -3.90057, 48.37574 ], [ -3.89759, 48.37541 ] ] } },
{ "type": "Feature", "properties": { "name": "le Stêr Red", "weight_class": 1, "permanent": true, "length_km": 2.5 }, "geometry": { "type": "LineString", "coordinates": [ [ -3.93397, 48.37918 ], [ -3.93101, 48.37884 ], [ -3.92864, 48.37598 ], [ -3.92641, 48.36647 ], [ -3.92123, 48.36171 ] ] } },
{ "type": "Feature", "properties": { "name": null, "weight_class": 1, "permanent": true, "length_km": 4.0 }, "geometry": { "type": "LineString", "coordinates": [ [ -3.8404, 48.37321 ], [ -3.82972, 48.37235 ], [ -3.82432, 48.37041 ], [ -3.82188, 48.36823 ], [ -3.81582, 48.36719 ], [ -3.8113, 48.3676 ], [ -3.80932, 48.37049 ], [ -3.80563, 48.37175 ], [ -3.79743, 48.37265 ] ] } },
{ "type": "Feature", "properties": { "name": "l'Ellez", "weight_class": 1, "permanent": true, "length_km": 28.7 }, "geometry": { "type": "LineString", "coordinates": [ [ -3.96038, 48.35659 ], [ -3.94273, 48.35907 ], [ -3.94259, 48.35983 ], [ -3.93323, 48.36226 ], [ -3.90175, 48.36022 ], [ -3.90027, 48.35741 ], [ -3.89706, 48.3555 ], [ -3.87755, 48.35269 ], [ -3.87158, 48.35425 ], [ -3.86816, 48.35209 ], [ -3.86147, 48.3511 ], [ -3.85947, 48.34796 ], [ -3.85648, 48.34711 ], [ -3.85652, 48.34501 ], [ -3.85215, 48.34443 ], [ -3.84698, 48.34541 ], [ -3.83967, 48.34368 ], [ -3.83652, 48.34139 ], [ -3.83125, 48.341 ], [ -3.82788, 48.34178 ], [ -3.82596, 48.3401 ], [ -3.81852, 48.33932 ], [ -3.81611, 48.33728 ], [ -3.80249, 48.33479 ], [ -3.79591, 48.32924 ], [ -3.79706, 48.32823 ], [ -3.79549, 48.32557 ], [ -3.79884, 48.32337 ], [ -3.79773, 48.32112 ], [ -3.79154, 48.32106 ], [ -3.78679, 48.31858 ], [ -3.78532, 48.31647 ], [ -3.78006, 48.31619 ], [ -3.77371, 48.31445 ], [ -3.77045, 48.31495 ], [ -3.76716, 48.3143 ], [ -3.76643, 48.31297 ], [ -3.7678, 48.31148 ], [ -3.76575, 48.30946 ], [ -3.76207, 48.30662 ], [ -3.75636, 48.30518 ], [ -3.7528, 48.30253 ], [ -3.74624, 48.30218 ], [ -3.74512, 48.30397 ], [ -3.73667, 48.30593 ], [ -3.7275, 48.30543 ], [ -3.72484, 48.30383 ], [ -3.72583, 48.30189 ], [ -3.72317, 48.29677 ], [ -3.71971, 48.29486 ], [ -3.71234, 48.29328 ], [ -3.71088, 48.29207 ], [ -3.71042, 48.28993 ], [ -3.71177, 48.28776 ], [ -3.70712, 48.28207 ], [ -3.70478, 48.28119 ], [ -3.69917, 48.28253 ], [ -3.69675, 48.28226 ], [ -3.69603, 48.28096 ], [ -3.69872, 48.2795 ], [ -3.69903, 48.27763 ], [ -3.69759, 48.27649 ], [ -3.69286, 48.27582 ] ] } },
{ "type": "Feature", "properties": { "name": "Ruisseau Hoaz-Glaz", "weight_class": 1, "permanent": true, "length_km": 2.0 }, "geometry": { "type": "LineString", "coordinates": [ [ -3.84565, 48.35815 ], [ -3.8455, 48.35447 ], [ -3.84208, 48.35244 ], [ -3.84125, 48.34926 ], [ -3.83811, 48.34642 ], [ -3.83937, 48.34346 ] ] } },
{ "type": "Feature", "properties": { "name": "Ruisseau Stêr Roudou", "weight_class": 1, "permanent": true, "length_km": 6.9 }, "geometry": { "type": "LineString", "coordinates": [ [ -3.8955, 48.29034 ], [ -3.89942, 48.29115 ], [ -3.90336, 48.28996 ], [ -3.90645, 48.29034 ], [ -3.90996, 48.28829 ], [ -3.91196, 48.28572 ], [ -3.92335, 48.28383 ], [ -3.93203, 48.28396 ], [ -3.93497, 48.28131 ], [ -3.94239, 48.27894 ], [ -3.94692, 48.27544 ], [ -3.95538, 48.27673 ], [ -3.96094, 48.27421 ], [ -3.96303, 48.27633 ], [ -3.96802, 48.27695 ] ] } },
{ "type": "Feature", "properties": { "name": "Ruisseau de Kerambellec", "weight_class": 1, "permanent": true, "length_km": 5.2 }, "geometry": { "type": "LineString", "coordinates": [ [ -3.93938, 48.32946 ], [ -3.94063, 48.32552 ], [ -3.94813, 48.31773 ], [ -3.94713, 48.31625 ], [ -3.94805, 48.31375 ], [ -3.94732, 48.31032 ], [ -3.94455, 48.30292 ], [ -3.94774, 48.29658 ], [ -3.94923, 48.29582 ], [ -3.94893, 48.29264 ], [ -3.95025, 48.29112 ] ] } },
{ "type": "Feature", "properties": { "name": null, "weight_class": 1, "permanent": true, "length_km": 2.7 }, "geometry": { "type": "LineString", "coordinates": [ [ -3.82509, 48.35259 ], [ -3.80704, 48.34404 ], [ -3.79523, 48.34444 ] ] } },
{ "type": "Feature", "properties": { "name": null, "weight_class": 1, "permanent": true, "length_km": 4.8 }, "geometry": { "type": "LineString", "coordinates": [ [ -3.80992, 48.35532 ], [ -3.80594, 48.35428 ], [ -3.80133, 48.35026 ], [ -3.79769, 48.34924 ], [ -3.79513, 48.34595 ], [ -3.79523, 48.34444 ], [ -3.78848, 48.3416 ], [ -3.78285, 48.33669 ], [ -3.78295, 48.33504 ], [ -3.7906, 48.33261 ], [ -3.79407, 48.33032 ], [ -3.79581, 48.32702 ] ] } },
{ "type": "Feature", "properties": { "name": "Ruisseau de Pont Mein", "weight_class": 1, "permanent": true, "length_km": 8.1 }, "geometry": { "type": "LineString", "coordinates": [ [ -3.86112, 48.32468 ], [ -3.86748, 48.32103 ], [ -3.8703, 48.31602 ], [ -3.87872, 48.31119 ], [ -3.89122, 48.31051 ], [ -3.89831, 48.30743 ], [ -3.89949, 48.30608 ], [ -3.91009, 48.30327 ], [ -3.91515, 48.3032 ], [ -3.92777, 48.29911 ], [ -3.92976, 48.29677 ], [ -3.93864, 48.29428 ], [ -3.94138, 48.29437 ] ] } },
{ "type": "Feature", "properties": { "name": "le Stêr Goanez", "weight_class": 1, "permanent": true, "length_km": 24.5 }, "geometry": { "type": "LineString", "coordinates": [ [ -3.84061, 48.32506 ], [ -3.84249, 48.32253 ], [ -3.84162, 48.31841 ], [ -3.84279, 48.31569 ], [ -3.83524, 48.31021 ], [ -3.8312, 48.30407 ], [ -3.83667, 48.29826 ], [ -3.8361, 48.29582 ], [ -3.83723, 48.29399 ], [ -3.83524, 48.29054 ], [ -3.83601, 48.28846 ], [ -3.83507, 48.28729 ], [ -3.84479, 48.28104 ], [ -3.84709, 48.28047 ], [ -3.84928, 48.27822 ], [ -3.85235, 48.27781 ], [ -3.85315, 48.27504 ], [ -3.85879, 48.27255 ], [ -3.86285, 48.26701 ], [ -3.86763, 48.26577 ], [ -3.86719, 48.26278 ], [ -3.86844, 48.26023 ], [ -3.86495, 48.25911 ], [ -3.86402, 48.25671 ], [ -3.86106, 48.25568 ], [ -3.86172, 48.25067 ], [ -3.86894, 48.24165 ], [ -3.87233, 48.2407 ], [ -3.87254, 48.2379 ], [ -3.87625, 48.23715 ], [ -3.87703, 48.23621 ], [ -3.87252, 48.23272 ], [ -3.87469, 48.23014 ], [ -3.87404, 48.22509 ], [ -3.87602, 48.2239 ], [ -3.87514, 48.22339 ], [ -3.87647, 48.21996 ], [ -3.87793, 48.21944 ], [ -3.87925, 48.21535 ], [ -3.88191, 48.21283 ], [ -3.88106, 48.21212 ], [ -3.88178, 48.20834 ], [ -3.88353, 48.20706 ], [ -3.88277, 48.20193 ], [ -3.88062, 48.19871 ], [ -3.87861, 48.19805 ], [ -3.87806, 48.19418 ], [ -3.8746, 48.19235 ], [ -3.87434, 48.18894 ], [ -3.87131, 48.1882 ], [ -3.87086, 48.18719 ], [ -3.87221, 48.18642 ], [ -3.87571, 48.1865 ], [ -3.87584, 48.18163 ], [ -3.87696, 48.18084 ], [ -3.87913, 48.18125 ], [ -3.88181, 48.18338 ], [ -3.88953, 48.18481 ], [ -3.89094, 48.184 ], [ -3.89119, 48.1806 ], [ -3.89598, 48.18118 ], [ -3.89794, 48.17892 ] ] } },
{ "type": "Feature", "properties": { "name": null, "weight_class": 1, "permanent": true, "length_km": 5.2 }, "geometry": { "type": "LineString", "coordinates": [ [ -3.89868, 48.33758 ], [ -3.89877, 48.33483 ], [ -3.89437, 48.32906 ], [ -3.89648, 48.32809 ], [ -3.90177, 48.32047 ], [ -3.90562, 48.31983 ], [ -3.91035, 48.31753 ], [ -3.91344, 48.31246 ], [ -3.91317, 48.31006 ], [ -3.91507, 48.30994 ], [ -3.91926, 48.30568 ], [ -3.92489, 48.30468 ] ] } },
{ "type": "Feature", "properties": { "name": "la Douffine", "weight_class": 2, "permanent": true, "length_km": 26.2 }, "geometry": { "type": "LineString", "coordinates": [ [ -3.92795, 48.3407 ], [ -3.92708, 48.33754 ], [ -3.92822, 48.33382 ], [ -3.92449, 48.33061 ], [ -3.92369, 48.32382 ], [ -3.92614, 48.31849 ], [ -3.92245, 48.31513 ], [ -3.92099, 48.31209 ], [ -3.92203, 48.30983 ], [ -3.92521, 48.30774 ], [ -3.92489, 48.30468 ], [ -3.92633, 48.30372 ], [ -3.92771, 48.30407 ], [ -3.92831, 48.30291 ], [ -3.93052, 48.30334 ], [ -3.93391, 48.30247 ], [ -3.93404, 48.30049 ], [ -3.93857, 48.29861 ], [ -3.9401, 48.2955 ], [ -3.94506, 48.29287 ], [ -3.94455, 48.29222 ], [ -3.94816, 48.29192 ], [ -3.96353, 48.28761 ], [ -3.9627, 48.28654 ], [ -3.96648, 48.28533 ], [ -3.96617, 48.28441 ], [ -3.96882, 48.28235 ], [ -3.96668, 48.2781 ], [ -3.9707, 48.27538 ], [ -3.97326, 48.27481 ], [ -3.97735, 48.27822 ], [ -3.98032, 48.27794 ], [ -3.98507, 48.27561 ], [ -3.99018, 48.27586 ], [ -3.99365, 48.27907 ], [ -3.996, 48.27957 ], [ -3.99643, 48.28158 ], [ -3.99841, 48.28267 ], [ -3.99919, 48.28151 ], [ -4.00494, 48.27894 ], [ -4.0056, 48.27644 ], [ -4.00906, 48.27511 ], [ -4.00973, 48.27323 ], [ -4.01814, 48.26935 ], [ -4.01827, 48.26811 ], [ -4.02203, 48.2675 ], [ -4.02511, 48.26563 ], [ -4.02624, 48.26181 ], [ -4.03485, 48.25726 ], [ -4.03886, 48.25695 ], [ -4.046, 48.25469 ], [ -4.04784, 48.25493 ], [ -4.04968, 48.2554 ], [ -4.05508, 48.26002 ], [ -4.06208, 48.26045 ], [ -4.06546, 48.26388 ], [ -4.07442, 48.26395 ], [ -4.07698, 48.26156 ], [ -4.08372, 48.2594 ], [ -4.08573, 48.2567 ], [ -4.08781, 48.25628 ], [ -4.09274, 48.25743 ], [ -4.10345, 48.25363 ], [ -4.1046, 48.25051 ], [ -4.10885, 48.24856 ], [ -4.10962, 48.24689 ] ] } },
{ "type": "Feature", "properties": { "name": null, "weight_class": 1, "permanent": true, "length_km": 4.8 }, "geometry": { "type": "LineString", "coordinates": [ [ -3.80278, 48.29642 ], [ -3.80149, 48.29446 ], [ -3.79734, 48.29431 ], [ -3.79026, 48.29562 ], [ -3.78447, 48.29468 ], [ -3.77502, 48.29611 ], [ -3.76802, 48.30095 ], [ -3.76766, 48.30235 ], [ -3.77052, 48.30434 ], [ -3.76836, 48.30582 ], [ -3.76924, 48.30905 ], [ -3.76554, 48.30935 ] ] } },
{ "type": "Feature", "properties": { "name": null, "weight_class": 1, "permanent": true, "length_km": 2.3 }, "geometry": { "type": "LineString", "coordinates": [ [ -3.82132, 48.30925 ], [ -3.81682, 48.31052 ], [ -3.81086, 48.31448 ], [ -3.80625, 48.31561 ], [ -3.79682, 48.32086 ] ] } },
{ "type": "Feature", "properties": { "name": null, "weight_class": 1, "permanent": true, "length_km": 2.3 }, "geometry": { "type": "LineString", "coordinates": [ [ -3.82476, 48.31902 ], [ -3.82265, 48.31742 ], [ -3.81246, 48.3202 ], [ -3.80019, 48.32098 ], [ -3.7987, 48.32215 ] ] } },
{ "type": "Feature", "properties": { "name": null, "weight_class": 1, "permanent": true, "length_km": 5.5 }, "geometry": { "type": "LineString", "coordinates": [ [ -3.85856, 48.31313 ], [ -3.86271, 48.30664 ], [ -3.86215, 48.30473 ], [ -3.86636, 48.30003 ], [ -3.86682, 48.29747 ], [ -3.86644, 48.29604 ], [ -3.86369, 48.29468 ], [ -3.86537, 48.29195 ], [ -3.86205, 48.28633 ], [ -3.86292, 48.27879 ], [ -3.85307, 48.27578 ] ] } },
{ "type": "Feature", "properties": { "name": null, "weight_class": 1, "permanent": true, "length_km": 2.4 }, "geometry": { "type": "LineString", "coordinates": [ [ -3.88404, 48.2904 ], [ -3.87928, 48.29018 ], [ -3.8766, 48.28535 ], [ -3.8723, 48.28418 ], [ -3.86804, 48.28068 ], [ -3.86405, 48.27981 ], [ -3.86289, 48.27874 ] ] } },
{ "type": "Feature", "properties": { "name": null, "weight_class": 1, "permanent": false, "length_km": 3.4 }, "geometry": { "type": "LineString", "coordinates": [ [ -3.80632, 48.27293 ], [ -3.81097, 48.27383 ], [ -3.81445, 48.27713 ], [ -3.81727, 48.27795 ], [ -3.81836, 48.27996 ], [ -3.82145, 48.28007 ], [ -3.82324, 48.2818 ], [ -3.83029, 48.28107 ], [ -3.83502, 48.28476 ], [ -3.83894, 48.28464 ] ] } },
{ "type": "Feature", "properties": { "name": null, "weight_class": 1, "permanent": true, "length_km": 2.0 }, "geometry": { "type": "LineString", "coordinates": [ [ -3.7898, 48.28244 ], [ -3.79304, 48.283 ], [ -3.79283, 48.2851 ], [ -3.79017, 48.28727 ], [ -3.79164, 48.2895 ], [ -3.79125, 48.29142 ], [ -3.78447, 48.29468 ] ] } },
{ "type": "Feature", "properties": { "name": null, "weight_class": 1, "permanent": true, "length_km": 3.0 }, "geometry": { "type": "LineString", "coordinates": [ [ -3.83178, 48.26934 ], [ -3.83596, 48.26726 ], [ -3.84611, 48.26664 ], [ -3.84856, 48.26368 ], [ -3.85428, 48.26171 ], [ -3.85658, 48.25777 ], [ -3.86106, 48.25568 ] ] } },
{ "type": "Feature", "properties": { "name": null, "weight_class": 1, "permanent": true, "length_km": 5.0 }, "geometry": { "type": "LineString", "coordinates": [ [ -3.9014, 48.26859 ], [ -3.89409, 48.27071 ], [ -3.89014, 48.26799 ], [ -3.88635, 48.26844 ], [ -3.88384, 48.26781 ], [ -3.88104, 48.26276 ], [ -3.87701, 48.26002 ], [ -3.87542, 48.25747 ], [ -3.87575, 48.25603 ], [ -3.87348, 48.25374 ], [ -3.8738, 48.25144 ], [ -3.87089, 48.24913 ], [ -3.86512, 48.24754 ], [ -3.86601, 48.24598 ] ] } },
{ "type": "Feature", "properties": { "name": null, "weight_class": 1, "permanent": false, "length_km": 2.3 }, "geometry": { "type": "LineString", "coordinates": [ [ -3.88994, 48.27541 ], [ -3.8751, 48.26991 ], [ -3.87369, 48.26724 ], [ -3.86874, 48.26516 ], [ -3.86731, 48.26343 ] ] } },
{ "type": "Feature", "properties": { "name": null, "weight_class": 1, "permanent": false, "length_km": 3.3 }, "geometry": { "type": "LineString", "coordinates": [ [ -3.91256, 48.25767 ], [ -3.91637, 48.25625 ], [ -3.91801, 48.25648 ], [ -3.92176, 48.25858 ], [ -3.92572, 48.26253 ], [ -3.92822, 48.26317 ], [ -3.93021, 48.26622 ], [ -3.93456, 48.26751 ], [ -3.93713, 48.27511 ] ] } },
{ "type": "Feature", "properties": { "name": null, "weight_class": 1, "permanent": true, "length_km": 2.8 }, "geometry": { "type": "LineString", "coordinates": [ [ -3.91489, 48.26899 ], [ -3.91708, 48.2689 ], [ -3.92039, 48.27167 ], [ -3.92739, 48.27479 ], [ -3.93312, 48.27395 ], [ -3.93662, 48.27474 ], [ -3.93743, 48.27725 ], [ -3.94285, 48.27862 ] ] } },
{ "type": "Feature", "properties": { "name": null, "weight_class": 1, "permanent": true, "length_km": 3.5 }, "geometry": { "type": "LineString", "coordinates": [ [ -3.77728, 48.23742 ], [ -3.77499, 48.23755 ], [ -3.76893, 48.23552 ], [ -3.76763, 48.23342 ], [ -3.7623, 48.23333 ], [ -3.75551, 48.23127 ], [ -3.75312, 48.22988 ], [ -3.75195, 48.22599 ], [ -3.74781, 48.22581 ], [ -3.74511, 48.22728 ], [ -3.74207, 48.22579 ] ] } },
{ "type": "Feature", "properties": { "name": null, "weight_class": 1, "permanent": false, "length_km": 2.6 }, "geometry": { "type": "LineString", "coordinates": [ [ -3.76714, 48.26024 ], [ -3.76543, 48.25825 ], [ -3.75208, 48.26002 ], [ -3.75008, 48.25771 ], [ -3.74482, 48.25577 ], [ -3.74589, 48.25268 ] ] } },
{ "type": "Feature", "properties": { "name": null, "weight_class": 1, "permanent": true, "length_km": 2.6 }, "geometry": { "type": "LineString", "coordinates": [ [ -3.78528, 48.25823 ], [ -3.78496, 48.26112 ], [ -3.77488, 48.26622 ], [ -3.77127, 48.27105 ], [ -3.77202, 48.27296 ], [ -3.7696, 48.27446 ], [ -3.76922, 48.27625 ] ] } },
{ "type": "Feature", "properties": { "name": null, "weight_class": 1, "permanent": true, "length_km": 14.6 }, "geometry": { "type": "LineString", "coordinates": [ [ -3.82128, 48.25575 ], [ -3.8129, 48.25601 ], [ -3.81087, 48.25784 ], [ -3.8076, 48.25788 ], [ -3.8023, 48.25602 ], [ -3.80276, 48.25453 ], [ -3.80086, 48.25326 ], [ -3.80127, 48.25096 ], [ -3.79545, 48.24878 ], [ -3.7954, 48.24757 ], [ -3.79759, 48.24646 ], [ -3.79484, 48.24489 ], [ -3.79439, 48.24105 ], [ -3.79758, 48.23757 ], [ -3.8015, 48.23569 ], [ -3.80059, 48.23331 ], [ -3.80234, 48.23272 ], [ -3.80268, 48.23156 ], [ -3.7978, 48.22997 ], [ -3.7993, 48.22721 ], [ -3.7965, 48.22632 ], [ -3.7953, 48.22295 ], [ -3.79856, 48.22107 ], [ -3.7994, 48.21912 ], [ -3.80211, 48.21823 ], [ -3.80226, 48.21704 ], [ -3.79888, 48.21409 ], [ -3.79658, 48.21368 ], [ -3.79491, 48.21223 ], [ -3.79198, 48.21215 ], [ -3.78948, 48.20979 ], [ -3.7923, 48.20333 ], [ -3.78935, 48.20039 ], [ -3.79086, 48.19862 ], [ -3.78975, 48.19723 ], [ -3.79166, 48.1955 ], [ -3.79267, 48.19205 ], [ -3.79709, 48.19184 ], [ -3.79859, 48.18899 ], [ -3.80167, 48.19006 ], [ -3.80444, 48.1895 ], [ -3.80732, 48.18678 ], [ -3.80587, 48.18473 ], [ -3.80776, 48.18342 ] ] } },
{ "type": "Feature", "properties": { "name": null, "weight_class": 1, "permanent": true, "length_km": 3.3 }, "geometry": { "type": "LineString", "coordinates": [ [ -3.78553, 48.25023 ], [ -3.78021, 48.24708 ], [ -3.77111, 48.24924 ], [ -3.75952, 48.24674 ], [ -3.7497, 48.24704 ], [ -3.74555, 48.24639 ] ] } },
{ "type": "Feature", "properties": { "name": null, "weight_class": 1, "permanent": true, "length_km": 4.9 }, "geometry": { "type": "LineString", "coordinates": [ [ -3.83329, 48.23848 ], [ -3.83344, 48.23342 ], [ -3.83536, 48.23253 ], [ -3.83845, 48.22687 ], [ -3.84136, 48.22542 ], [ -3.84545, 48.22654 ], [ -3.85001, 48.2223 ], [ -3.8555, 48.22171 ], [ -3.86266, 48.22321 ], [ -3.86579, 48.22523 ], [ -3.87404, 48.22509 ] ] } },
{ "type": "Feature", "properties": { "name": null, "weight_class": 1, "permanent": true, "length_km": 2.9 }, "geometry": { "type": "LineString", "coordinates": [ [ -3.83026, 48.2491 ], [ -3.83477, 48.24582 ], [ -3.84179, 48.24526 ], [ -3.85629, 48.24523 ], [ -3.86041, 48.24613 ], [ -3.86237, 48.24781 ], [ -3.86363, 48.24759 ] ] } },
{ "type": "Feature", "properties": { "name": null, "weight_class": 1, "permanent": false, "length_km": 3.2 }, "geometry": { "type": "LineString", "coordinates": [ [ -3.90117, 48.24485 ], [ -3.90155, 48.24378 ], [ -3.89952, 48.24227 ], [ -3.89987, 48.24057 ], [ -3.89733, 48.23844 ], [ -3.89108, 48.23798 ], [ -3.88017, 48.2302 ], [ -3.87401, 48.23073 ] ] } },
{ "type": "Feature", "properties": { "name": null, "weight_class": 1, "permanent": true, "length_km": 2.3 }, "geometry": { "type": "LineString", "coordinates": [ [ -3.89417, 48.25033 ], [ -3.89032, 48.25066 ], [ -3.8869, 48.24875 ], [ -3.88249, 48.24805 ], [ -3.88243, 48.24614 ], [ -3.8802, 48.24397 ], [ -3.87237, 48.24064 ] ] } },
{ "type": "Feature", "properties": { "name": "le Vernic", "weight_class": 1, "permanent": true, "length_km": 9.6 }, "geometry": { "type": "LineString", "coordinates": [ [ -3.93163, 48.25056 ], [ -3.93211, 48.24892 ], [ -3.93038, 48.24553 ], [ -3.93255, 48.24211 ], [ -3.93626, 48.23924 ], [ -3.94136, 48.23957 ], [ -3.95578, 48.23444 ], [ -3.97481, 48.23173 ], [ -3.97796, 48.22979 ], [ -3.98645, 48.2286 ], [ -3.98697, 48.22292 ], [ -3.98997, 48.21994 ], [ -3.99214, 48.21988 ], [ -3.99396, 48.21852 ], [ -3.99276, 48.21776 ], [ -3.99543, 48.21489 ], [ -3.99446, 48.21188 ], [ -4.00164, 48.21163 ], [ -4.00501, 48.20927 ], [ -4.00859, 48.20827 ] ] } },
{ "type": "Feature", "properties": { "name": null, "weight_class": 1, "permanent": true, "length_km": 3.0 }, "geometry": { "type": "LineString", "coordinates": [ [ -3.93576, 48.23571 ], [ -3.93762, 48.23122 ], [ -3.93667, 48.22834 ], [ -3.93418, 48.22737 ], [ -3.93094, 48.22357 ], [ -3.93189, 48.22062 ], [ -3.92933, 48.21898 ], [ -3.9205, 48.21783 ] ] } },
{ "type": "Feature", "properties": { "name": null, "weight_class": 1, "permanent": false, "length_km": 7.3 }, "geometry": { "type": "LineString", "coordinates": [ [ -3.91741, 48.24048 ], [ -3.91431, 48.23701 ], [ -3.91372, 48.23379 ], [ -3.91247, 48.23201 ], [ -3.91014, 48.23107 ], [ -3.90998, 48.22976 ], [ -3.91737, 48.22392 ], [ -3.92046, 48.2186 ], [ -3.921, 48.21524 ], [ -3.92517, 48.21258 ], [ -3.92545, 48.20991 ], [ -3.9229, 48.20915 ], [ -3.92378, 48.20699 ], [ -3.93269, 48.20251 ], [ -3.93174, 48.20173 ], [ -3.93357, 48.1966 ], [ -3.93239, 48.19413 ], [ -3.9343, 48.19 ] ] } },
{ "type": "Feature", "properties": { "name": null, "weight_class": 2, "permanent": true, "length_km": 2.0 }, "geometry": { "type": "LineString", "coordinates": [ [ -3.77242, 48.21721 ], [ -3.76208, 48.21565 ], [ -3.76067, 48.21399 ], [ -3.76066, 48.21146 ], [ -3.75796, 48.20868 ], [ -3.75386, 48.20742 ] ] } },
{ "type": "Feature", "properties": { "name": null, "weight_class": 1, "permanent": true, "length_km": 6.2 }, "geometry": { "type": "LineString", "coordinates": [ [ -3.83557, 48.22118 ], [ -3.83817, 48.22164 ], [ -3.83983, 48.22102 ], [ -3.84236, 48.21832 ], [ -3.84885, 48.21604 ], [ -3.84851, 48.21351 ], [ -3.85147, 48.21305 ], [ -3.84387, 48.20542 ], [ -3.8466, 48.2024 ], [ -3.85012, 48.2014 ], [ -3.85237, 48.20166 ], [ -3.85665, 48.199 ], [ -3.86764, 48.19806 ], [ -3.87138, 48.19472 ], [ -3.87573, 48.1931 ] ] } },
{ "type": "Feature", "properties": { "name": null, "weight_class": 1, "permanent": false, "length_km": 2.2 }, "geometry": { "type": "LineString", "coordinates": [ [ -3.90211, 48.22006 ], [ -3.90241, 48.2181 ], [ -3.9004, 48.21674 ], [ -3.88896, 48.21672 ], [ -3.88562, 48.21577 ], [ -3.88129, 48.21704 ], [ -3.87885, 48.21626 ] ] } },
{ "type": "Feature", "properties": { "name": null, "weight_class": 1, "permanent": true, "length_km": 4.2 }, "geometry": { "type": "LineString", "coordinates": [ [ -3.8314, 48.19119 ], [ -3.83289, 48.18942 ], [ -3.82872, 48.18538 ], [ -3.83058, 48.18109 ], [ -3.83571, 48.17521 ], [ -3.84041, 48.17327 ], [ -3.8422, 48.1705 ], [ -3.84118, 48.16533 ], [ -3.84633, 48.16114 ] ] } },
{ "type": "Feature", "properties": { "name": null, "weight_class": 1, "permanent": true, "length_km": 2.3 }, "geometry": { "type": "LineString", "coordinates": [ [ -3.90843, 48.19675 ], [ -3.9113, 48.19473 ], [ -3.91202, 48.19288 ], [ -3.91652, 48.1922 ], [ -3.92177, 48.193 ], [ -3.92361, 48.19147 ], [ -3.93334, 48.19079 ] ] } },
{ "type": "Feature", "properties": { "name": null, "weight_class": 1, "permanent": true, "length_km": 2.1 }, "geometry": { "type": "LineString", "coordinates": [ [ -3.7894, 48.15528 ], [ -3.78492, 48.15766 ], [ -3.7827, 48.16006 ], [ -3.78044, 48.16042 ], [ -3.78087, 48.16147 ], [ -3.77625, 48.16487 ], [ -3.77423, 48.16875 ] ] } },
{ "type": "Feature", "properties": { "name": null, "weight_class": 1, "permanent": true, "length_km": 2.7 }, "geometry": { "type": "LineString", "coordinates": [ [ -3.90048, 48.16255 ], [ -3.89467, 48.16207 ], [ -3.89029, 48.16063 ], [ -3.88444, 48.1616 ], [ -3.87868, 48.16621 ], [ -3.87714, 48.1713 ] ] } },
{ "type": "Feature", "properties": { "name": null, "weight_class": 1, "permanent": true, "length_km": 3.9 }, "geometry": { "type": "LineString", "coordinates": [ [ -3.87492, 48.13742 ], [ -3.87938, 48.14004 ], [ -3.87693, 48.14597 ], [ -3.87725, 48.14802 ], [ -3.87295, 48.15118 ], [ -3.87343, 48.15575 ], [ -3.87138, 48.15769 ], [ -3.87126, 48.16139 ], [ -3.8684, 48.16347 ], [ -3.86713, 48.16637 ] ] } },
{ "type": "Feature", "properties": { "name": "le Pont ar C'hlaou", "weight_class": 1, "permanent": false, "length_km": 2.7 }, "geometry": { "type": "LineString", "coordinates": [ [ -3.93628, 48.1556 ], [ -3.92171, 48.15905 ], [ -3.92319, 48.16038 ], [ -3.92251, 48.16243 ], [ -3.92355, 48.16513 ], [ -3.92169, 48.17158 ] ] } },
{ "type": "Feature", "properties": { "name": "Ruisseau du Pont Neuf", "weight_class": 1, "permanent": true, "length_km": 9.0 }, "geometry": { "type": "LineString", "coordinates": [ [ -3.91489, 48.12616 ], [ -3.91076, 48.12516 ], [ -3.90991, 48.12273 ], [ -3.91295, 48.11689 ], [ -3.91476, 48.11599 ], [ -3.91431, 48.11043 ], [ -3.91288, 48.10915 ], [ -3.91254, 48.10626 ], [ -3.911, 48.10451 ], [ -3.90799, 48.10442 ], [ -3.90019, 48.09907 ], [ -3.90392, 48.09441 ], [ -3.90127, 48.09174 ], [ -3.90123, 48.0882 ], [ -3.89905, 48.08698 ], [ -3.89952, 48.08041 ], [ -3.89684, 48.07854 ], [ -3.9009, 48.07402 ], [ -3.89781, 48.07178 ], [ -3.89754, 48.06953 ], [ -3.89911, 48.06802 ], [ -3.89834, 48.06511 ] ] } },
{ "type": "Feature", "properties": { "name": "Ruisseau de Pont ar C'hlaon", "weight_class": 1, "permanent": true, "length_km": 4.4 }, "geometry": { "type": "LineString", "coordinates": [ [ -3.9387, 48.14041 ], [ -3.9309, 48.14143 ], [ -3.92393, 48.14355 ], [ -3.91354, 48.14344 ], [ -3.91115, 48.14449 ], [ -3.91024, 48.14721 ], [ -3.91469, 48.15174 ], [ -3.91484, 48.15375 ], [ -3.92171, 48.15905 ] ] } },
{ "type": "Feature", "properties": { "name": "ar Guip", "weight_class": 1, "permanent": true, "length_km": 6.7 }, "geometry": { "type": "LineString", "coordinates": [ [ -3.87157, 48.12657 ], [ -3.87531, 48.12424 ], [ -3.87635, 48.11799 ], [ -3.86963, 48.11269 ], [ -3.86847, 48.1082 ], [ -3.86981, 48.10592 ], [ -3.87379, 48.10514 ], [ -3.87802, 48.10116 ], [ -3.87342, 48.09379 ], [ -3.87376, 48.09107 ], [ -3.87575, 48.08914 ], [ -3.87446, 48.0877 ], [ -3.87469, 48.08578 ], [ -3.8722, 48.08402 ], [ -3.8707, 48.08081 ] ] } },
{ "type": "Feature", "properties": { "name": "Ruisseau Stêr Roudou", "weight_class": 1, "permanent": true, "length_km": 3.9 }, "geometry": { "type": "LineString", "coordinates": [ [ -3.77839, 48.10543 ], [ -3.78632, 48.10398 ], [ -3.78876, 48.10211 ], [ -3.79348, 48.10061 ], [ -3.80153, 48.10105 ], [ -3.80735, 48.10225 ], [ -3.81237, 48.10655 ], [ -3.81524, 48.10717 ], [ -3.81737, 48.10905 ], [ -3.82051, 48.10933 ] ] } },
{ "type": "Feature", "properties": { "name": "Ruisseau Dour Kerdréoret", "weight_class": 1, "permanent": true, "length_km": 3.7 }, "geometry": { "type": "LineString", "coordinates": [ [ -3.80713, 48.08118 ], [ -3.80885, 48.0822 ], [ -3.81607, 48.08314 ], [ -3.82177, 48.0865 ], [ -3.82349, 48.09183 ], [ -3.83032, 48.09573 ], [ -3.83101, 48.09863 ], [ -3.83578, 48.10299 ] ] } },
{ "type": "Feature", "properties": { "name": null, "weight_class": 1, "permanent": true, "length_km": 2.3 }, "geometry": { "type": "LineString", "coordinates": [ [ -3.76509, 48.10026 ], [ -3.76584, 48.10283 ], [ -3.76187, 48.1068 ], [ -3.76145, 48.109 ], [ -3.76614, 48.11365 ], [ -3.76819, 48.11755 ] ] } },
{ "type": "Feature", "properties": { "name": null, "weight_class": 1, "permanent": true, "length_km": 4.0 }, "geometry": { "type": "LineString", "coordinates": [ [ -3.73208, 48.12235 ], [ -3.73402, 48.12022 ], [ -3.74046, 48.11847 ], [ -3.75084, 48.11744 ], [ -3.75567, 48.11863 ], [ -3.76023, 48.11724 ], [ -3.7649, 48.11708 ], [ -3.77065, 48.11834 ], [ -3.77484, 48.12194 ] ] } },
{ "type": "Feature", "properties": { "name": null, "weight_class": 1, "permanent": false, "length_km": 2.2 }, "geometry": { "type": "LineString", "coordinates": [ [ -3.85477, 48.11766 ], [ -3.85405, 48.11148 ], [ -3.85256, 48.10709 ], [ -3.85004, 48.1045 ], [ -3.84879, 48.0996 ] ] } },
{ "type": "Feature", "properties": { "name": null, "weight_class": 1, "permanent": false, "length_km": 2.4 }, "geometry": { "type": "LineString", "coordinates": [ [ -3.89788, 48.11867 ], [ -3.89889, 48.11697 ], [ -3.8982, 48.11423 ], [ -3.90202, 48.10869 ], [ -3.90148, 48.107 ], [ -3.89909, 48.10546 ], [ -3.89935, 48.10353 ], [ -3.9018, 48.10141 ], [ -3.9012, 48.10036 ] ] } },
{ "type": "Feature", "properties": { "name": "le Stêr Goz", "weight_class": 1, "permanent": true, "length_km": 22.0 }, "geometry": { "type": "LineString", "coordinates": [ [ -3.7463, 48.03077 ], [ -3.74686, 48.02889 ], [ -3.75104, 48.02548 ], [ -3.74892, 48.01703 ], [ -3.74568, 48.01467 ], [ -3.75211, 48.00607 ], [ -3.75128, 48.00164 ], [ -3.75619, 47.99948 ], [ -3.75545, 47.99655 ], [ -3.75296, 47.99466 ], [ -3.75355, 47.98573 ], [ -3.75241, 47.98431 ], [ -3.75044, 47.98394 ], [ -3.74976, 47.98134 ], [ -3.75341, 47.97991 ], [ -3.75022, 47.97563 ], [ -3.75182, 47.97275 ], [ -3.75132, 47.96948 ], [ -3.75373, 47.96829 ], [ -3.75764, 47.96905 ], [ -3.76315, 47.96654 ], [ -3.76392, 47.96409 ], [ -3.76243, 47.962 ], [ -3.76329, 47.95933 ], [ -3.75967, 47.95659 ], [ -3.75989, 47.95385 ], [ -3.75685, 47.94976 ], [ -3.75282, 47.94779 ], [ -3.74943, 47.94795 ], [ -3.73645, 47.94446 ], [ -3.73109, 47.93974 ], [ -3.73249, 47.93737 ], [ -3.72823, 47.93637 ], [ -3.72833, 47.93277 ], [ -3.72552, 47.92833 ], [ -3.72605, 47.92464 ], [ -3.72802, 47.92298 ], [ -3.72609, 47.91896 ], [ -3.72791, 47.91714 ], [ -3.72819, 47.91413 ], [ -3.73161, 47.9143 ], [ -3.73064, 47.90885 ], [ -3.7314, 47.90736 ], [ -3.73275, 47.90702 ], [ -3.73564, 47.90834 ], [ -3.74018, 47.90693 ], [ -3.74181, 47.90909 ], [ -3.75126, 47.90808 ], [ -3.7536, 47.90669 ], [ -3.75392, 47.90521 ], [ -3.7519, 47.90249 ], [ -3.75506, 47.90224 ], [ -3.75654, 47.90098 ] ] } },
{ "type": "Feature", "properties": { "name": "le Jet", "weight_class": 1, "permanent": true, "length_km": 29.9 }, "geometry": { "type": "LineString", "coordinates": [ [ -3.8312, 48.05022 ], [ -3.83059, 48.04834 ], [ -3.83563, 48.04387 ], [ -3.84594, 48.04176 ], [ -3.84684, 48.03942 ], [ -3.84996, 48.03839 ], [ -3.85478, 48.03761 ], [ -3.85828, 48.03825 ], [ -3.86619, 48.03699 ], [ -3.87061, 48.03508 ], [ -3.87304, 48.0328 ], [ -3.87905, 48.03153 ], [ -3.88796, 48.02732 ], [ -3.891, 48.02335 ], [ -3.89255, 48.01892 ], [ -3.89611, 48.01598 ], [ -3.89263, 48.01094 ], [ -3.89201, 48.00808 ], [ -3.89458, 48.00365 ], [ -3.89455, 47.99902 ], [ -3.89322, 47.99762 ], [ -3.89383, 47.99679 ], [ -3.89611, 47.99752 ], [ -3.89837, 47.99707 ], [ -3.89931, 47.99532 ], [ -3.89166, 47.98685 ], [ -3.89323, 47.98435 ], [ -3.89571, 47.9837 ], [ -3.89617, 47.98053 ], [ -3.90113, 47.97953 ], [ -3.89979, 47.9768 ], [ -3.9013, 47.97605 ], [ -3.90614, 47.97624 ], [ -3.90971, 47.97471 ], [ -3.91279, 47.97643 ], [ -3.92118, 47.97553 ], [ -3.92582, 47.97696 ], [ -3.92859, 47.9766 ], [ -3.93208, 47.97844 ], [ -3.93391, 47.97757 ], [ -3.94309, 47.97833 ], [ -3.94657, 47.98043 ], [ -3.95145, 47.9813 ], [ -3.95607, 47.98118 ], [ -3.96473, 47.98341 ], [ -3.96877, 47.98297 ], [ -3.97874, 47.98401 ], [ -3.9818, 47.98345 ], [ -3.99253, 47.98664 ], [ -3.99647, 47.98871 ], [ -4.00259, 47.98695 ], [ -4.0139, 47.9887 ], [ -4.0206, 47.99158 ], [ -4.02498, 47.99137 ], [ -4.02536, 47.99217 ], [ -4.02962, 47.99284 ], [ -4.0391, 47.99141 ], [ -4.04104, 47.99307 ], [ -4.04594, 47.99266 ], [ -4.0468, 47.99352 ], [ -4.0483, 47.99257 ], [ -4.05006, 47.99328 ], [ -4.05131, 47.99247 ], [ -4.05201, 47.99334 ], [ -4.05336, 47.99259 ], [ -4.05602, 47.99376 ], [ -4.05915, 47.9938 ], [ -4.06666, 47.99171 ], [ -4.06862, 47.9918 ], [ -4.07171, 47.99393 ] ] } },
{ "type": "Feature", "properties": { "name": "Bras de l'Aven", "weight_class": 1, "permanent": true, "length_km": 2.2 }, "geometry": { "type": "MultiLineString", "coordinates": [ [ [ -3.81369, 47.99551 ], [ -3.81469, 47.99309 ] ], [ [ -3.806, 48.03079 ], [ -3.80798, 48.02568 ], [ -3.8058, 48.02398 ] ], [ [ -3.78362, 47.90545 ], [ -3.77686, 47.90204 ] ], [ [ -3.77193, 47.9017 ], [ -3.77037, 47.90304 ], [ -3.76854, 47.90229 ] ] ] } },
{ "type": "Feature", "properties": { "name": null, "weight_class": 1, "permanent": true, "length_km": 2.8 }, "geometry": { "type": "MultiLineString", "coordinates": [ [ [ -4.0391, 47.99141 ], [ -4.04213, 47.99033 ], [ -4.04702, 47.99069 ], [ -4.04708, 47.99349 ] ], [ [ -3.91695, 47.97615 ], [ -3.92283, 47.97618 ] ], [ [ -3.90383, 47.9764 ], [ -3.90571, 47.97685 ], [ -3.90788, 47.97569 ] ], [ [ -3.89102, 48.02331 ], [ -3.89609, 48.01602 ] ] ] } },
{ "type": "Feature", "properties": { "name": "Rivière le Stêr Goz", "weight_class": 1, "permanent": true, "length_km": 2.0 }, "geometry": { "type": "MultiLineString", "coordinates": [ [ [ -3.76262, 47.96676 ], [ -3.76314, 47.96464 ], [ -3.76123, 47.95985 ], [ -3.76232, 47.95907 ] ], [ [ -3.7532, 47.96837 ], [ -3.75927, 47.96825 ] ], [ [ -3.73109, 47.93974 ], [ -3.73164, 47.93856 ] ], [ [ -3.73122, 47.93869 ], [ -3.72754, 47.93705 ], [ -3.72821, 47.93633 ] ] ] } },
{ "type": "Feature", "properties": { "name": null, "weight_class": 1, "permanent": true, "length_km": 3.5 }, "geometry": { "type": "LineString", "coordinates": [ [ -3.85924, 48.14056 ], [ -3.84968, 48.14404 ], [ -3.84798, 48.14677 ], [ -3.84814, 48.14881 ], [ -3.85303, 48.15198 ], [ -3.85508, 48.15672 ], [ -3.85733, 48.15868 ], [ -3.85197, 48.16384 ] ] } },
{ "type": "Feature", "properties": { "name": null, "weight_class": 1, "permanent": false, "length_km": 3.3 }, "geometry": { "type": "LineString", "coordinates": [ [ -3.89252, 48.14074 ], [ -3.89206, 48.14571 ], [ -3.8867, 48.1492 ], [ -3.88668, 48.15189 ], [ -3.88207, 48.15845 ], [ -3.87126, 48.16139 ] ] } },
{ "type": "Feature", "properties": { "name": null, "weight_class": 1, "permanent": false, "length_km": 3.7 }, "geometry": { "type": "LineString", "coordinates": [ [ -3.81921, 48.13398 ], [ -3.82159, 48.13063 ], [ -3.82006, 48.12825 ], [ -3.82155, 48.12573 ], [ -3.82032, 48.11983 ], [ -3.8214, 48.11846 ], [ -3.82105, 48.11587 ], [ -3.82278, 48.11383 ], [ -3.82603, 48.11227 ], [ -3.82705, 48.11 ], [ -3.82961, 48.10899 ], [ -3.82769, 48.1059 ] ] } },
{ "type": "Feature", "properties": { "name": "Ruisseau Stêr Pont Herrou", "weight_class": 1, "permanent": false, "length_km": 5.0 }, "geometry": { "type": "LineString", "coordinates": [ [ -3.82537, 48.07289 ], [ -3.82733, 48.07398 ], [ -3.8332, 48.07493 ], [ -3.83636, 48.07414 ], [ -3.83748, 48.07249 ], [ -3.84658, 48.07199 ], [ -3.84739, 48.07255 ], [ -3.85114, 48.07123 ], [ -3.85594, 48.07169 ], [ -3.85949, 48.07327 ], [ -3.86524, 48.07427 ], [ -3.87035, 48.07331 ], [ -3.87455, 48.07372 ], [ -3.88146, 48.07654 ] ] } },
{ "type": "Feature", "properties": { "name": null, "weight_class": 1, "permanent": false, "length_km": 2.8 }, "geometry": { "type": "LineString", "coordinates": [ [ -3.80265, 48.09067 ], [ -3.81148, 48.09515 ], [ -3.81447, 48.09928 ], [ -3.82578, 48.10304 ], [ -3.82769, 48.1059 ] ] } },
{ "type": "Feature", "properties": { "name": null, "weight_class": 1, "permanent": true, "length_km": 2.2 }, "geometry": { "type": "LineString", "coordinates": [ [ -3.78241, 48.08888 ], [ -3.78111, 48.09072 ], [ -3.781, 48.09547 ], [ -3.79287, 48.09819 ], [ -3.7961, 48.10008 ], [ -3.79573, 48.10072 ] ] } },
{ "type": "Feature", "properties": { "name": "le Kerlan", "weight_class": 1, "permanent": true, "length_km": 6.6 }, "geometry": { "type": "LineString", "coordinates": [ [ -3.77792, 48.08008 ], [ -3.77054, 48.08133 ], [ -3.76415, 48.07952 ], [ -3.76052, 48.07748 ], [ -3.75671, 48.07339 ], [ -3.75681, 48.07225 ], [ -3.74945, 48.06843 ], [ -3.74528, 48.06372 ], [ -3.73843, 48.06192 ], [ -3.73757, 48.05999 ], [ -3.73315, 48.05748 ], [ -3.73031, 48.05686 ], [ -3.72436, 48.05833 ], [ -3.7223, 48.05771 ], [ -3.71904, 48.05422 ] ] } },
{ "type": "Feature", "properties": { "name": "le Pont ar C'hleudic", "weight_class": 1, "permanent": true, "length_km": 5.0 }, "geometry": { "type": "LineString", "coordinates": [ [ -3.79696, 48.0758 ], [ -3.79544, 48.07114 ], [ -3.79627, 48.06537 ], [ -3.79516, 48.06435 ], [ -3.7969, 48.06018 ], [ -3.79653, 48.05623 ], [ -3.79797, 48.05449 ], [ -3.79812, 48.04926 ], [ -3.79936, 48.0463 ], [ -3.80289, 48.04331 ], [ -3.80257, 48.04149 ], [ -3.80605, 48.03832 ] ] } },
{ "type": "Feature", "properties": { "name": "l'Aven", "weight_class": 1, "permanent": true, "length_km": 36.5 }, "geometry": { "type": "MultiLineString", "coordinates": [ [ [ -3.81221, 48.0666 ], [ -3.81214, 48.06392 ], [ -3.81616, 48.05717 ], [ -3.81703, 48.04829 ], [ -3.81453, 48.04414 ], [ -3.81098, 48.04163 ], [ -3.80796, 48.04116 ], [ -3.80598, 48.03882 ], [ -3.80598, 48.03495 ], [ -3.80472, 48.03395 ], [ -3.80643, 48.02601 ], [ -3.80526, 48.02517 ], [ -3.80665, 48.02142 ], [ -3.80979, 48.01987 ], [ -3.81157, 48.01735 ], [ -3.81049, 48.01098 ], [ -3.81209, 48.00534 ], [ -3.80963, 48.00123 ], [ -3.81098, 47.99969 ], [ -3.81325, 47.99906 ], [ -3.81527, 47.99084 ], [ -3.81982, 47.98705 ], [ -3.82216, 47.98249 ], [ -3.82082, 47.97833 ], [ -3.82596, 47.9718 ], [ -3.82483, 47.96455 ], [ -3.8264, 47.96367 ], [ -3.82574, 47.96141 ], [ -3.82713, 47.9601 ], [ -3.82558, 47.95787 ], [ -3.82811, 47.95579 ], [ -3.8269, 47.95457 ], [ -3.8229, 47.95375 ], [ -3.82492, 47.94885 ], [ -3.81726, 47.94508 ], [ -3.81664, 47.94229 ], [ -3.80834, 47.94075 ], [ -3.80663, 47.9366 ], [ -3.80431, 47.93472 ], [ -3.80196, 47.9345 ], [ -3.80101, 47.93237 ], [ -3.79781, 47.93133 ], [ -3.80006, 47.92521 ], [ -3.79764, 47.91966 ], [ -3.79331, 47.91503 ], [ -3.79307, 47.90892 ], [ -3.78611, 47.90628 ], [ -3.78533, 47.90524 ], [ -3.779, 47.90465 ], [ -3.77473, 47.90104 ], [ -3.76854, 47.90229 ], [ -3.76695, 47.90134 ], [ -3.75925, 47.90194 ], [ -3.75654, 47.90098 ], [ -3.74702, 47.89289 ], [ -3.73511, 47.88717 ], [ -3.7338, 47.88418 ], [ -3.73002, 47.88048 ], [ -3.7297, 47.87737 ], [ -3.72688, 47.87502 ], [ -3.72526, 47.8714 ], [ -3.72731, 47.86817 ], [ -3.72727, 47.86375 ], [ -3.73501, 47.86395 ], [ -3.73601, 47.86328 ], [ -3.73585, 47.86026 ], [ -3.74076, 47.8606 ], [ -3.74519, 47.85893 ], [ -3.74547, 47.85712 ], [ -3.74828, 47.8553 ], [ -3.74707, 47.85132 ], [ -3.74842, 47.84843 ], [ -3.75194, 47.84629 ], [ -3.75165, 47.84539 ], [ -3.74928, 47.84474 ], [ -3.74777, 47.84181 ], [ -3.74915, 47.83911 ] ], [ [ -3.75269, 47.83445 ], [ -3.75361, 47.83213 ], [ -3.74831, 47.82893 ] ] ] } },
{ "type": "Feature", "properties": { "name": null, "weight_class": 1, "permanent": false, "length_km": 3.6 }, "geometry": { "type": "LineString", "coordinates": [ [ -3.82453, 48.07675 ], [ -3.83553, 48.08045 ], [ -3.83583, 48.08178 ], [ -3.84204, 48.0843 ], [ -3.84251, 48.08704 ], [ -3.85827, 48.09391 ] ] } },
{ "type": "Feature", "properties": { "name": null, "weight_class": 1, "permanent": true, "length_km": 2.4 }, "geometry": { "type": "LineString", "coordinates": [ [ -3.86404, 48.05683 ], [ -3.86657, 48.05667 ], [ -3.87027, 48.05432 ], [ -3.87337, 48.05408 ], [ -3.87799, 48.06109 ], [ -3.8816, 48.06183 ], [ -3.88642, 48.06132 ] ] } },
{ "type": "Feature", "properties": { "name": null, "weight_class": 1, "permanent": true, "length_km": 4.9 }, "geometry": { "type": "LineString", "coordinates": [ [ -3.84244, 48.06059 ], [ -3.84473, 48.06126 ], [ -3.86254, 48.05955 ], [ -3.8674, 48.06041 ], [ -3.87131, 48.06006 ], [ -3.87438, 48.06125 ], [ -3.87643, 48.06077 ], [ -3.88006, 48.06221 ], [ -3.88573, 48.06159 ], [ -3.89008, 48.05988 ], [ -3.89837, 48.06072 ], [ -3.90078, 48.06286 ] ] } },
{ "type": "Feature", "properties": { "name": null, "weight_class": 1, "permanent": true, "length_km": 2.4 }, "geometry": { "type": "LineString", "coordinates": [ [ -3.75094, 48.04791 ], [ -3.74575, 48.04728 ], [ -3.74217, 48.04929 ], [ -3.73939, 48.04863 ], [ -3.73553, 48.04907 ], [ -3.72789, 48.0518 ], [ -3.72323, 48.05239 ] ] } },
{ "type": "Feature", "properties": { "name": null, "weight_class": 1, "permanent": true, "length_km": 2.4 }, "geometry": { "type": "LineString", "coordinates": [ [ -3.76426, 48.0577 ], [ -3.75898, 48.05805 ], [ -3.75479, 48.05558 ], [ -3.74813, 48.05507 ], [ -3.74028, 48.05928 ], [ -3.73698, 48.05953 ] ] } },
{ "type": "Feature", "properties": { "name": null, "weight_class": 1, "permanent": true, "length_km": 6.7 }, "geometry": { "type": "LineString", "coordinates": [ [ -3.76463, 48.04266 ], [ -3.76287, 48.04061 ], [ -3.77012, 48.0336 ], [ -3.77678, 48.03053 ], [ -3.77907, 48.02843 ], [ -3.78722, 48.02634 ], [ -3.79057, 48.0243 ], [ -3.79254, 48.02002 ], [ -3.79238, 48.01674 ], [ -3.79399, 48.01595 ], [ -3.79488, 48.01337 ], [ -3.79748, 48.01146 ], [ -3.80379, 48.00957 ], [ -3.80447, 48.0067 ], [ -3.81018, 48.00241 ] ] } },
{ "type": "Feature", "properties": { "name": null, "weight_class": 1, "permanent": true, "length_km": 2.6 }, "geometry": { "type": "LineString", "coordinates": [ [ -3.77646, 48.04108 ], [ -3.77792, 48.04052 ], [ -3.78082, 48.04254 ], [ -3.7871, 48.03911 ], [ -3.80533, 48.03569 ] ] } },
{ "type": "Feature", "properties": { "name": null, "weight_class": 1, "permanent": true, "length_km": 2.1 }, "geometry": { "type": "LineString", "coordinates": [ [ -3.81807, 48.03628 ], [ -3.81818, 48.03228 ], [ -3.81689, 48.03092 ], [ -3.81643, 48.02707 ], [ -3.81468, 48.02542 ], [ -3.81198, 48.02539 ], [ -3.80668, 48.02301 ] ] } },
{ "type": "Feature", "properties": { "name": null, "weight_class": 1, "permanent": true, "length_km": 7.2 }, "geometry": { "type": "LineString", "coordinates": [ [ -3.83518, 48.0373 ], [ -3.83601, 48.03416 ], [ -3.83455, 48.0316 ], [ -3.83788, 48.02765 ], [ -3.84156, 48.02002 ], [ -3.84963, 48.01814 ], [ -3.85761, 48.01841 ], [ -3.86084, 48.01764 ], [ -3.86427, 48.0149 ], [ -3.86996, 48.01405 ], [ -3.87816, 48.01386 ], [ -3.88252, 48.0167 ], [ -3.88505, 48.01669 ], [ -3.88897, 48.01824 ], [ -3.894, 48.01664 ], [ -3.89604, 48.01491 ] ] } },
{ "type": "Feature", "properties": { "name": null, "weight_class": 1, "permanent": false, "length_km": 2.2 }, "geometry": { "type": "LineString", "coordinates": [ [ -3.84791, 48.04935 ], [ -3.85177, 48.04899 ], [ -3.85669, 48.04534 ], [ -3.85888, 48.04519 ], [ -3.86324, 48.04268 ], [ -3.86682, 48.03975 ], [ -3.86619, 48.03699 ] ] } },
{ "type": "Feature", "properties": { "name": null, "weight_class": 1, "permanent": true, "length_km": 2.4 }, "geometry": { "type": "LineString", "coordinates": [ [ -3.86314, 48.0266 ], [ -3.87078, 48.02714 ], [ -3.87544, 48.02609 ], [ -3.88083, 48.02337 ], [ -3.88739, 48.01801 ] ] } },
{ "type": "Feature", "properties": { "name": null, "weight_class": 1, "permanent": true, "length_km": 2.5 }, "geometry": { "type": "LineString", "coordinates": [ [ -3.87134, 48.04411 ], [ -3.87709, 48.04373 ], [ -3.87966, 48.04207 ], [ -3.88565, 48.0347 ], [ -3.88649, 48.02826 ] ] } },
{ "type": "Feature", "properties": { "name": null, "weight_class": 1, "permanent": true, "length_km": 3.9 }, "geometry": { "type": "LineString", "coordinates": [ [ -3.8934, 48.04304 ], [ -3.90028, 48.03984 ], [ -3.90095, 48.03432 ], [ -3.90365, 48.03252 ], [ -3.90541, 48.02647 ], [ -3.90437, 48.02142 ], [ -3.9014, 48.01984 ], [ -3.90053, 48.01813 ], [ -3.89809, 48.01772 ], [ -3.89609, 48.01602 ] ] } },
{ "type": "Feature", "properties": { "name": "Ruisseau de Pont ar Bastard", "weight_class": 1, "permanent": true, "length_km": 4.8 }, "geometry": { "type": "LineString", "coordinates": [ [ -3.82992, 48.00844 ], [ -3.84351, 48.00794 ], [ -3.84463, 48.00645 ], [ -3.84293, 48.00002 ], [ -3.84114, 47.9986 ], [ -3.8375, 47.99774 ], [ -3.83755, 47.99592 ], [ -3.83445, 47.99306 ], [ -3.82703, 47.99391 ], [ -3.82075, 47.9912 ], [ -3.81847, 47.98819 ] ] } },
{ "type": "Feature", "properties": { "name": null, "weight_class": 1, "permanent": true, "length_km": 3.6 }, "geometry": { "type": "LineString", "coordinates": [ [ -3.76607, 48.02634 ], [ -3.76568, 48.0239 ], [ -3.7626, 48.02241 ], [ -3.76033, 48.01822 ], [ -3.76027, 48.01507 ], [ -3.7536, 48.01002 ], [ -3.75301, 48.00672 ], [ -3.75686, 48.00281 ], [ -3.75603, 47.99964 ] ] } },
{ "type": "Feature", "properties": { "name": null, "weight_class": 1, "permanent": true, "length_km": 4.6 }, "geometry": { "type": "LineString", "coordinates": [ [ -3.84771, 48.0002 ], [ -3.84814, 47.99782 ], [ -3.85162, 47.99351 ], [ -3.86195, 47.99192 ], [ -3.87081, 47.9933 ], [ -3.87488, 47.99129 ], [ -3.87647, 47.98766 ], [ -3.882, 47.98848 ], [ -3.89212, 47.98615 ] ] } },
{ "type": "Feature", "properties": { "name": null, "weight_class": 1, "permanent": true, "length_km": 4.4 }, "geometry": { "type": "LineString", "coordinates": [ [ -3.8531, 48.0102 ], [ -3.854, 48.00576 ], [ -3.85879, 48.00449 ], [ -3.86363, 48.00541 ], [ -3.86715, 48.00051 ], [ -3.87068, 47.99932 ], [ -3.87504, 48.00048 ], [ -3.8807, 47.99894 ], [ -3.88619, 47.99909 ], [ -3.8942, 48.00207 ] ] } },
{ "type": "Feature", "properties": { "name": null, "weight_class": 1, "permanent": true, "length_km": 3.5 }, "geometry": { "type": "LineString", "coordinates": [ [ -3.7266, 47.98673 ], [ -3.72704, 47.98301 ], [ -3.73175, 47.98063 ], [ -3.73199, 47.977 ], [ -3.73438, 47.97594 ], [ -3.73305, 47.97275 ], [ -3.73704, 47.97156 ], [ -3.74747, 47.97283 ], [ -3.75135, 47.97121 ] ] } },
{ "type": "Feature", "properties": { "name": "le Stêr Roudou", "weight_class": 1, "permanent": true, "length_km": 3.4 }, "geometry": { "type": "LineString", "coordinates": [ [ -3.78682, 47.9954 ], [ -3.78596, 47.99084 ], [ -3.78233, 47.98748 ], [ -3.77421, 47.98534 ], [ -3.76443, 47.9855 ], [ -3.75923, 47.98431 ], [ -3.75307, 47.98516 ] ] } },
{ "type": "Feature", "properties": { "name": null, "weight_class": 1, "permanent": true, "length_km": 3.6 }, "geometry": { "type": "LineString", "coordinates": [ [ -3.794, 47.99256 ], [ -3.79194, 47.99036 ], [ -3.79181, 47.9878 ], [ -3.79264, 47.98648 ], [ -3.79593, 47.98643 ], [ -3.79836, 47.98185 ], [ -3.81305, 47.982 ], [ -3.82027, 47.98015 ], [ -3.82089, 47.97817 ] ] } },
{ "type": "Feature", "properties": { "name": "Dour ar Paon", "weight_class": 1, "permanent": true, "length_km": 3.8 }, "geometry": { "type": "LineString", "coordinates": [ [ -3.80217, 47.97622 ], [ -3.78968, 47.97647 ], [ -3.78554, 47.97438 ], [ -3.77112, 47.97484 ], [ -3.7663, 47.97248 ], [ -3.76252, 47.97207 ], [ -3.75913, 47.96862 ] ] } },
{ "type": "Feature", "properties": { "name": null, "weight_class": 1, "permanent": true, "length_km": 2.7 }, "geometry": { "type": "LineString", "coordinates": [ [ -3.80913, 47.97245 ], [ -3.81532, 47.97074 ], [ -3.81271, 47.96363 ], [ -3.81392, 47.96149 ], [ -3.81747, 47.96056 ], [ -3.82669, 47.96056 ] ] } },
{ "type": "Feature", "properties": { "name": "le Roudou", "weight_class": 1, "permanent": true, "length_km": 2.6 }, "geometry": { "type": "LineString", "coordinates": [ [ -3.85297, 47.97001 ], [ -3.85201, 47.96614 ], [ -3.8432, 47.9639 ], [ -3.83898, 47.96419 ], [ -3.83478, 47.96269 ], [ -3.82964, 47.96241 ], [ -3.82608, 47.96089 ] ] } },
{ "type": "Feature", "properties": { "name": null, "weight_class": 1, "permanent": true, "length_km": 3.6 }, "geometry": { "type": "LineString", "coordinates": [ [ -3.8446, 47.97719 ], [ -3.8435, 47.97851 ], [ -3.84453, 47.98106 ], [ -3.85053, 47.98536 ], [ -3.85468, 47.98567 ], [ -3.85735, 47.98745 ], [ -3.85984, 47.98666 ], [ -3.86294, 47.98717 ], [ -3.86627, 47.98527 ], [ -3.86998, 47.98521 ], [ -3.8775, 47.98754 ] ] } },
{ "type": "Feature", "properties": { "name": null, "weight_class": 1, "permanent": true, "length_km": 4.3 }, "geometry": { "type": "LineString", "coordinates": [ [ -3.85889, 47.96884 ], [ -3.86062, 47.96763 ], [ -3.86631, 47.96782 ], [ -3.87038, 47.96955 ], [ -3.87226, 47.97152 ], [ -3.87828, 47.97068 ], [ -3.88344, 47.97296 ], [ -3.88847, 47.9727 ], [ -3.89138, 47.9739 ], [ -3.89732, 47.97273 ], [ -3.90333, 47.97334 ], [ -3.90833, 47.97525 ] ] } },
{ "type": "Feature", "properties": { "name": "Rivière l'Horn", "weight_class": 1, "permanent": true, "length_km": 2.6 }, "geometry": { "type": "MultiLineString", "coordinates": [ [ [ -4.03457, 48.57392 ], [ -4.02681, 48.57613 ], [ -4.02575, 48.57532 ] ], [ [ -4.03807, 48.627 ], [ -4.03375, 48.62561 ], [ -4.0332, 48.62755 ] ], [ [ -4.02575, 48.57532 ], [ -4.02431, 48.57781 ] ], [ [ -4.02575, 48.57532 ], [ -4.02575, 48.57727 ] ], [ [ -4.01777, 48.59462 ], [ -4.01647, 48.5977 ], [ -4.01317, 48.59884 ] ] ] } },
{ "type": "Feature", "properties": { "name": null, "weight_class": 1, "permanent": true, "length_km": 5.6 }, "geometry": { "type": "LineString", "coordinates": [ [ -4.1295, 48.58824 ], [ -4.12615, 48.59226 ], [ -4.12841, 48.59529 ], [ -4.12429, 48.59831 ], [ -4.11849, 48.59829 ], [ -4.11634, 48.59692 ], [ -4.11166, 48.59772 ], [ -4.10484, 48.6009 ], [ -4.10097, 48.60082 ], [ -4.09918, 48.59971 ], [ -4.08811, 48.60057 ], [ -4.07984, 48.59439 ] ] } },
{ "type": "Feature", "properties": { "name": null, "weight_class": 1, "permanent": false, "length_km": 3.3 }, "geometry": { "type": "LineString", "coordinates": [ [ -4.17042, 48.57766 ], [ -4.17009, 48.5807 ], [ -4.16567, 48.5858 ], [ -4.16774, 48.58878 ], [ -4.1663, 48.59274 ], [ -4.16432, 48.59384 ], [ -4.15439, 48.59563 ], [ -4.15146, 48.59741 ] ] } },
{ "type": "Feature", "properties": { "name": null, "weight_class": 1, "permanent": true, "length_km": 2.3 }, "geometry": { "type": "LineString", "coordinates": [ [ -4.16842, 48.56875 ], [ -4.16878, 48.56692 ], [ -4.16616, 48.56516 ], [ -4.16614, 48.56378 ], [ -4.16856, 48.56201 ], [ -4.17032, 48.55689 ], [ -4.17353, 48.55408 ], [ -4.17675, 48.55287 ] ] } },
{ "type": "Feature", "properties": { "name": null, "weight_class": 1, "permanent": true, "length_km": 3.5 }, "geometry": { "type": "LineString", "coordinates": [ [ -4.01258, 48.70929 ], [ -4.0103, 48.71113 ], [ -4.00425, 48.7114 ], [ -4.00084, 48.71261 ], [ -3.9976, 48.71687 ], [ -3.99808, 48.72653 ], [ -4.00295, 48.73193 ] ] } },
{ "type": "Feature", "properties": { "name": null, "weight_class": 1, "permanent": false, "length_km": 2.3 }, "geometry": { "type": "LineString", "coordinates": [ [ -4.02328, 48.69687 ], [ -4.02224, 48.698 ], [ -4.02678, 48.70122 ], [ -4.02637, 48.7054 ], [ -4.03249, 48.70811 ], [ -4.03143, 48.70969 ], [ -4.03675, 48.71097 ] ] } },
{ "type": "Feature", "properties": { "name": "l'Horn", "weight_class": 1, "permanent": true, "length_km": 29.2 }, "geometry": { "type": "MultiLineString", "coordinates": [ [ [ -4.05387, 48.5415 ], [ -4.05657, 48.54634 ], [ -4.0547, 48.54955 ], [ -4.05535, 48.55698 ], [ -4.0616, 48.55907 ], [ -4.06909, 48.55897 ], [ -4.06897, 48.56126 ], [ -4.06999, 48.56185 ], [ -4.0607, 48.56502 ], [ -4.05395, 48.56846 ], [ -4.05079, 48.56871 ], [ -4.04713, 48.57108 ], [ -4.03973, 48.5715 ], [ -4.03805, 48.57291 ], [ -4.02223, 48.57916 ], [ -4.02288, 48.58095 ], [ -4.01973, 48.58674 ], [ -4.01872, 48.59383 ], [ -4.01183, 48.60031 ], [ -4.01437, 48.60421 ], [ -4.01355, 48.60764 ], [ -4.00973, 48.61277 ], [ -4.00675, 48.61237 ], [ -4.0046, 48.61416 ], [ -4.00555, 48.61671 ], [ -4.00381, 48.61867 ], [ -4.00669, 48.62065 ], [ -4.00593, 48.62463 ], [ -4.00878, 48.62628 ], [ -4.01445, 48.62609 ], [ -4.01916, 48.62785 ], [ -4.02821, 48.62606 ], [ -4.03142, 48.62779 ], [ -4.03426, 48.62709 ], [ -4.04032, 48.62752 ], [ -4.04507, 48.63545 ], [ -4.04175, 48.63704 ], [ -4.04227, 48.63993 ], [ -4.04649, 48.64403 ], [ -4.03693, 48.64805 ], [ -4.03631, 48.64977 ], [ -4.03437, 48.65055 ] ], [ [ -4.03437, 48.65055 ], [ -4.03383, 48.65184 ] ], [ [ -4.03437, 48.65055 ], [ -4.03401, 48.65056 ], [ -4.03345, 48.65152 ], [ -4.03383, 48.65184 ] ], [ [ -4.03383, 48.65184 ], [ -4.03593, 48.653 ], [ -4.03459, 48.65454 ], [ -4.03047, 48.65481 ], [ -4.02897, 48.65713 ], [ -4.02678, 48.65728 ], [ -4.02775, 48.66013 ], [ -4.02511, 48.66138 ], [ -4.02539, 48.66537 ], [ -4.02223, 48.66684 ], [ -4.02359, 48.6699 ], [ -4.02231, 48.67084 ], [ -4.0218, 48.6742 ], [ -4.01931, 48.67447 ], [ -4.0188, 48.67719 ], [ -4.02477, 48.68681 ], [ -4.03143, 48.68813 ], [ -4.0361, 48.68778 ] ] ] } },
{ "type": "Feature", "properties": { "name": null, "weight_class": 1, "permanent": true, "length_km": 2.6 }, "geometry": { "type": "LineString", "coordinates": [ [ -4.08528, 48.65746 ], [ -4.08392, 48.66487 ], [ -4.08453, 48.66935 ], [ -4.09085, 48.67895 ] ] } },
{ "type": "Feature", "properties": { "name": null, "weight_class": 1, "permanent": false, "length_km": 4.7 }, "geometry": { "type": "LineString", "coordinates": [ [ -4.10625, 48.65562 ], [ -4.10411, 48.65616 ], [ -4.09797, 48.66374 ], [ -4.09548, 48.66482 ], [ -4.09561, 48.66642 ], [ -4.09727, 48.66738 ], [ -4.09754, 48.67221 ], [ -4.09404, 48.67781 ], [ -4.09085, 48.67895 ], [ -4.09187, 48.67953 ], [ -4.09072, 48.68085 ], [ -4.09109, 48.68244 ], [ -4.09564, 48.68439 ], [ -4.09453, 48.68784 ] ] } },
{ "type": "Feature", "properties": { "name": null, "weight_class": 1, "permanent": true, "length_km": 3.8 }, "geometry": { "type": "LineString", "coordinates": [ [ -4.14191, 48.66886 ], [ -4.14169, 48.67436 ], [ -4.14801, 48.67737 ], [ -4.14894, 48.67934 ], [ -4.15266, 48.68136 ], [ -4.15115, 48.68389 ], [ -4.14885, 48.68457 ], [ -4.14867, 48.68647 ], [ -4.14531, 48.69039 ], [ -4.15273, 48.69078 ], [ -4.15341, 48.69148 ] ] } },
{ "type": "Feature", "properties": { "name": null, "weight_class": 1, "permanent": false, "length_km": 4.7 }, "geometry": { "type": "LineString", "coordinates": [ [ -4.12453, 48.6509 ], [ -4.12331, 48.65457 ], [ -4.12558, 48.65828 ], [ -4.12412, 48.66072 ], [ -4.12829, 48.66707 ], [ -4.12276, 48.67495 ], [ -4.12334, 48.68089 ], [ -4.12213, 48.68517 ], [ -4.12, 48.68707 ] ] } },
{ "type": "Feature", "properties": { "name": null, "weight_class": 1, "permanent": false, "length_km": 4.8 }, "geometry": { "type": "LineString", "coordinates": [ [ -4.11545, 48.66015 ], [ -4.10826, 48.66727 ], [ -4.10571, 48.67133 ], [ -4.10507, 48.67843 ], [ -4.10787, 48.68005 ], [ -4.11194, 48.6849 ], [ -4.12, 48.68695 ], [ -4.11978, 48.6888 ], [ -4.11807, 48.68958 ], [ -4.11852, 48.69205 ], [ -4.11747, 48.69345 ] ] } },
{ "type": "Feature", "properties": { "name": null, "weight_class": 1, "permanent": false, "length_km": 3.0 }, "geometry": { "type": "LineString", "coordinates": [ [ -4.00819, 48.64339 ], [ -4.01012, 48.64916 ], [ -4.01486, 48.64889 ], [ -4.01662, 48.6476 ], [ -4.02111, 48.64759 ], [ -4.02487, 48.64615 ], [ -4.03095, 48.64571 ], [ -4.03407, 48.64598 ], [ -4.03667, 48.6482 ] ] } },
{ "type": "Feature", "properties": { "name": "le Guillec", "weight_class": 1, "permanent": true, "length_km": 27.8 }, "geometry": { "type": "MultiLineString", "coordinates": [ [ [ -4.14412, 48.5787 ], [ -4.13861, 48.57306 ], [ -4.13906, 48.57125 ], [ -4.14212, 48.56957 ], [ -4.14099, 48.56609 ], [ -4.13638, 48.56423 ], [ -4.13301, 48.56542 ], [ -4.12786, 48.56464 ], [ -4.12166, 48.56774 ], [ -4.12033, 48.5698 ], [ -4.11638, 48.57094 ], [ -4.11484, 48.57426 ], [ -4.11015, 48.57263 ], [ -4.10577, 48.57566 ], [ -4.09829, 48.57784 ], [ -4.09748, 48.57915 ], [ -4.09032, 48.58224 ], [ -4.08989, 48.58399 ], [ -4.0815, 48.58645 ], [ -4.08073, 48.58839 ], [ -4.07831, 48.58941 ], [ -4.0781, 48.59196 ], [ -4.08042, 48.59307 ], [ -4.07984, 48.59439 ], [ -4.07564, 48.59448 ], [ -4.07382, 48.59727 ], [ -4.07109, 48.59677 ], [ -4.07035, 48.59987 ], [ -4.0722, 48.60132 ], [ -4.07309, 48.6059 ], [ -4.07792, 48.60804 ], [ -4.07636, 48.61118 ], [ -4.07659, 48.61766 ], [ -4.07553, 48.6185 ], [ -4.07808, 48.62072 ], [ -4.07585, 48.62248 ], [ -4.07912, 48.62505 ], [ -4.07923, 48.62792 ], [ -4.07486, 48.63137 ], [ -4.06893, 48.6334 ], [ -4.0666, 48.63607 ], [ -4.06324, 48.63675 ], [ -4.06274, 48.63975 ], [ -4.06615, 48.64301 ], [ -4.06456, 48.64517 ], [ -4.06301, 48.64554 ], [ -4.05997, 48.64358 ], [ -4.05957, 48.64426 ], [ -4.05812, 48.64387 ], [ -4.05784, 48.64607 ], [ -4.05607, 48.64646 ], [ -4.0531, 48.64523 ], [ -4.05198, 48.64723 ], [ -4.04558, 48.64831 ], [ -4.04788, 48.65029 ], [ -4.04712, 48.65479 ], [ -4.05131, 48.65815 ], [ -4.05036, 48.66025 ], [ -4.05481, 48.66309 ] ], [ [ -4.05699, 48.67065 ], [ -4.05738, 48.6757 ], [ -4.06141, 48.6773 ], [ -4.06256, 48.67991 ], [ -4.06759, 48.6801 ], [ -4.06635, 48.68269 ], [ -4.069, 48.68491 ] ], [ [ -4.05736, 48.67008 ], [ -4.05699, 48.67065 ] ], [ [ -4.05552, 48.66933 ], [ -4.05705, 48.66951 ], [ -4.05736, 48.67008 ] ], [ [ -4.0565, 48.67018 ], [ -4.05698, 48.67006 ], [ -4.05736, 48.67008 ] ], [ [ -4.0565, 48.67018 ], [ -4.05699, 48.67065 ] ], [ [ -4.05552, 48.66933 ], [ -4.0565, 48.67018 ] ], [ [ -4.05481, 48.66309 ], [ -4.0542, 48.66519 ] ], [ [ -4.05481, 48.66309 ], [ -4.0553, 48.66398 ], [ -4.0542, 48.66519 ] ], [ [ -4.0542, 48.66519 ], [ -4.05379, 48.66767 ], [ -4.05552, 48.66933 ] ] ] } },
{ "type": "Feature", "properties": { "name": null, "weight_class": 1, "permanent": true, "length_km": 3.7 }, "geometry": { "type": "LineString", "coordinates": [ [ -4.11051, 48.64426 ], [ -4.08261, 48.63946 ], [ -4.07313, 48.64077 ], [ -4.06611, 48.64293 ] ] } },
{ "type": "Feature", "properties": { "name": "le Kerrus", "weight_class": 1, "permanent": true, "length_km": 10.8 }, "geometry": { "type": "LineString", "coordinates": [ [ -4.20039, 48.58043 ], [ -4.20251, 48.58174 ], [ -4.20226, 48.58272 ], [ -4.19946, 48.5851 ], [ -4.19452, 48.59361 ], [ -4.18743, 48.59666 ], [ -4.18715, 48.60384 ], [ -4.18525, 48.60603 ], [ -4.18613, 48.6066 ], [ -4.18246, 48.6085 ], [ -4.17966, 48.61152 ], [ -4.18216, 48.61449 ], [ -4.181, 48.6172 ], [ -4.18238, 48.62127 ], [ -4.18527, 48.62294 ], [ -4.18779, 48.62255 ], [ -4.18799, 48.62497 ], [ -4.19117, 48.62621 ], [ -4.19118, 48.62976 ], [ -4.18865, 48.63146 ], [ -4.18855, 48.63545 ], [ -4.18447, 48.63727 ], [ -4.18273, 48.63997 ], [ -4.17937, 48.64111 ], [ -4.17924, 48.64265 ], [ -4.18183, 48.64544 ], [ -4.18199, 48.64864 ], [ -4.18357, 48.64972 ], [ -4.18555, 48.64972 ] ] } },
{ "type": "Feature", "properties": { "name": null, "weight_class": 1, "permanent": true, "length_km": 4.6 }, "geometry": { "type": "MultiLineString", "coordinates": [ [ [ -4.12364, 48.63599 ], [ -4.12752, 48.63903 ], [ -4.13138, 48.6381 ], [ -4.13274, 48.63962 ], [ -4.13577, 48.63929 ], [ -4.13764, 48.64088 ], [ -4.14137, 48.64072 ], [ -4.14399, 48.63926 ], [ -4.14622, 48.64062 ], [ -4.14673, 48.64411 ], [ -4.14836, 48.6449 ], [ -4.16596, 48.64619 ], [ -4.16758, 48.64696 ] ], [ [ -4.14031, 48.64057 ], [ -4.14076, 48.64061 ] ] ] } },
{ "type": "Feature", "properties": { "name": null, "weight_class": 1, "permanent": true, "length_km": 3.6 }, "geometry": { "type": "LineString", "coordinates": [ [ -4.04326, 48.60157 ], [ -4.04357, 48.6065 ], [ -4.04593, 48.60782 ], [ -4.04501, 48.60918 ], [ -4.04576, 48.61182 ], [ -4.04349, 48.61558 ], [ -4.04173, 48.61551 ], [ -4.04398, 48.62111 ], [ -4.0408, 48.6224 ], [ -4.0402, 48.62743 ] ] } },
{ "type": "Feature", "properties": { "name": null, "weight_class": 1, "permanent": false, "length_km": 2.0 }, "geometry": { "type": "LineString", "coordinates": [ [ -4.05829, 48.62363 ], [ -4.05981, 48.62595 ], [ -4.05728, 48.63038 ], [ -4.05793, 48.63502 ], [ -4.06245, 48.63856 ] ] } },
{ "type": "Feature", "properties": { "name": null, "weight_class": 1, "permanent": true, "length_km": 2.0 }, "geometry": { "type": "LineString", "coordinates": [ [ -4.10479, 48.60898 ], [ -4.1027, 48.61498 ], [ -4.09955, 48.61728 ], [ -4.09824, 48.62036 ], [ -4.09603, 48.62139 ], [ -4.09397, 48.62441 ] ] } },
{ "type": "Feature", "properties": { "name": null, "weight_class": 1, "permanent": true, "length_km": 5.8 }, "geometry": { "type": "LineString", "coordinates": [ [ -4.12155, 48.61191 ], [ -4.12353, 48.6141 ], [ -4.12291, 48.61517 ], [ -4.12533, 48.61724 ], [ -4.12559, 48.62145 ], [ -4.12305, 48.62382 ], [ -4.11749, 48.62597 ], [ -4.11484, 48.62626 ], [ -4.10892, 48.62501 ], [ -4.10345, 48.62784 ], [ -4.10094, 48.62595 ], [ -4.09575, 48.62607 ], [ -4.09358, 48.62379 ], [ -4.0897, 48.62494 ], [ -4.08776, 48.6269 ], [ -4.08405, 48.626 ], [ -4.0836, 48.62669 ], [ -4.07945, 48.62679 ] ] } },
{ "type": "Feature", "properties": { "name": null, "weight_class": 1, "permanent": true, "length_km": 3.4 }, "geometry": { "type": "LineString", "coordinates": [ [ -4.16804, 48.60264 ], [ -4.16442, 48.60572 ], [ -4.16365, 48.6078 ], [ -4.16554, 48.61033 ], [ -4.16491, 48.6135 ], [ -4.16052, 48.61943 ], [ -4.1602, 48.62377 ], [ -4.15735, 48.62985 ] ] } },
{ "type": "Feature", "properties": { "name": null, "weight_class": 1, "permanent": true, "length_km": 2.4 }, "geometry": { "type": "LineString", "coordinates": [ [ -4.13187, 48.60844 ], [ -4.13682, 48.61737 ], [ -4.13808, 48.61841 ], [ -4.14206, 48.61915 ], [ -4.14866, 48.62405 ] ] } },
{ "type": "Feature", "properties": { "name": "Rivière l'Horn", "weight_class": 1, "permanent": true, "length_km": 6.6 }, "geometry": { "type": "LineString", "coordinates": [ [ -4.00211, 48.53056 ], [ -4.00776, 48.53352 ], [ -4.00961, 48.53601 ], [ -4.00911, 48.53986 ], [ -4.01202, 48.54307 ], [ -4.01139, 48.54506 ], [ -4.01272, 48.54701 ], [ -4.0118, 48.54883 ], [ -4.01588, 48.55532 ], [ -4.01412, 48.56382 ], [ -4.01724, 48.56739 ], [ -4.01771, 48.57301 ], [ -4.02223, 48.57916 ] ] } },
{ "type": "Feature", "properties": { "name": null, "weight_class": 1, "permanent": false, "length_km": 3.2 }, "geometry": { "type": "LineString", "coordinates": [ [ -3.99342, 48.60244 ], [ -3.99448, 48.60426 ], [ -3.99307, 48.61575 ], [ -3.99533, 48.62232 ], [ -3.99908, 48.62225 ], [ -4.0059, 48.62446 ] ] } },
{ "type": "Feature", "properties": { "name": null, "weight_class": 1, "permanent": true, "length_km": 2.9 }, "geometry": { "type": "LineString", "coordinates": [ [ -4.04099, 48.58905 ], [ -4.0384, 48.58966 ], [ -4.02964, 48.59846 ], [ -4.01476, 48.60068 ], [ -4.01247, 48.60188 ] ] } },
{ "type": "Feature", "properties": { "name": "le Stang", "weight_class": 1, "permanent": true, "length_km": 5.6 }, "geometry": { "type": "LineString", "coordinates": [ [ -4.1091, 48.53979 ], [ -4.10899, 48.54209 ], [ -4.11085, 48.54442 ], [ -4.11044, 48.54721 ], [ -4.10395, 48.54929 ], [ -4.09943, 48.55253 ], [ -4.09243, 48.55488 ], [ -4.09531, 48.55785 ], [ -4.09379, 48.5617 ], [ -4.09519, 48.56609 ], [ -4.09943, 48.56979 ], [ -4.10632, 48.57279 ], [ -4.10682, 48.57443 ] ] } },
{ "type": "Feature", "properties": { "name": null, "weight_class": 1, "permanent": false, "length_km": 2.3 }, "geometry": { "type": "LineString", "coordinates": [ [ -4.11993, 48.55155 ], [ -4.12185, 48.55522 ], [ -4.11687, 48.56433 ], [ -4.12101, 48.56867 ] ] } },
{ "type": "Feature", "properties": { "name": "Ruisseau le Stain", "weight_class": 1, "permanent": true, "length_km": 11.8 }, "geometry": { "type": "LineString", "coordinates": [ [ -3.97467, 48.41296 ], [ -3.97993, 48.41308 ], [ -3.98125, 48.41113 ], [ -3.98537, 48.40889 ], [ -3.99177, 48.40881 ], [ -4.00065, 48.41351 ], [ -4.00473, 48.4139 ], [ -4.00754, 48.41716 ], [ -4.01106, 48.41824 ], [ -4.02292, 48.41635 ], [ -4.02797, 48.41358 ], [ -4.03201, 48.41458 ], [ -4.04026, 48.41982 ], [ -4.0413, 48.41917 ], [ -4.04581, 48.41984 ], [ -4.05268, 48.41858 ], [ -4.05514, 48.41585 ], [ -4.05607, 48.41077 ], [ -4.05913, 48.4085 ], [ -4.06347, 48.40745 ], [ -4.07124, 48.41009 ], [ -4.08046, 48.41015 ], [ -4.09046, 48.4127 ] ] } },
{ "type": "Feature", "properties": { "name": "le Quillivaron", "weight_class": 1, "permanent": true, "length_km": 12.7 }, "geometry": { "type": "LineString", "coordinates": [ [ -3.99402, 48.45028 ], [ -3.99352, 48.4522 ], [ -3.99719, 48.45677 ], [ -3.9972, 48.46055 ], [ -4.00259, 48.46455 ], [ -4.0049, 48.46878 ], [ -4.00425, 48.47253 ], [ -4.00529, 48.47456 ], [ -4.00434, 48.47632 ], [ -4.00608, 48.47772 ], [ -4.00602, 48.48952 ], [ -4.01551, 48.4953 ], [ -4.016, 48.50026 ], [ -4.01739, 48.50223 ], [ -4.02294, 48.50316 ], [ -4.02488, 48.50511 ], [ -4.02876, 48.50637 ], [ -4.03239, 48.50637 ], [ -4.03997, 48.50535 ], [ -4.05434, 48.50145 ], [ -4.06162, 48.49728 ], [ -4.07343, 48.49773 ], [ -4.07962, 48.49467 ] ] } },
{ "type": "Feature", "properties": { "name": null, "weight_class": 1, "permanent": true, "length_km": 2.3 }, "geometry": { "type": "LineString", "coordinates": [ [ -4.12079, 48.45035 ], [ -4.12004, 48.44347 ], [ -4.12195, 48.44215 ], [ -4.12667, 48.44103 ], [ -4.129, 48.43908 ], [ -4.13039, 48.43391 ] ] } },
{ "type": "Feature", "properties": { "name": "la Boissière", "weight_class": 1, "permanent": true, "length_km": 8.6 }, "geometry": { "type": "LineString", "coordinates": [ [ -4.142, 48.45006 ], [ -4.14456, 48.44764 ], [ -4.14447, 48.44312 ], [ -4.14105, 48.44149 ], [ -4.13434, 48.43533 ], [ -4.13028, 48.43384 ], [ -4.13091, 48.42805 ], [ -4.12818, 48.42602 ], [ -4.12968, 48.42407 ], [ -4.13498, 48.42313 ], [ -4.13678, 48.42117 ], [ -4.1356, 48.41774 ], [ -4.13701, 48.41301 ], [ -4.144, 48.41216 ], [ -4.14864, 48.41051 ], [ -4.15082, 48.40852 ], [ -4.15199, 48.40511 ], [ -4.15703, 48.40304 ], [ -4.16053, 48.40005 ] ] } },
{ "type": "Feature", "properties": { "name": null, "weight_class": 1, "permanent": true, "length_km": 3.3 }, "geometry": { "type": "LineString", "coordinates": [ [ -3.96881, 48.4172 ], [ -3.9669, 48.41819 ], [ -3.96684, 48.4196 ], [ -3.96314, 48.42358 ], [ -3.95861, 48.42546 ], [ -3.95735, 48.42796 ], [ -3.96021, 48.43443 ], [ -3.95871, 48.4365 ], [ -3.95969, 48.4411 ] ] } },
{ "type": "Feature", "properties": { "name": null, "weight_class": 1, "permanent": true, "length_km": 3.6 }, "geometry": { "type": "LineString", "coordinates": [ [ -3.97204, 48.42509 ], [ -3.9739, 48.43124 ], [ -3.98236, 48.44028 ], [ -3.9723, 48.45071 ], [ -3.97263, 48.4526 ] ] } },
{ "type": "Feature", "properties": { "name": null, "weight_class": 1, "permanent": true, "length_km": 5.6 }, "geometry": { "type": "LineString", "coordinates": [ [ -4.09609, 48.39427 ], [ -4.09682, 48.39545 ], [ -4.10118, 48.39653 ], [ -4.101, 48.40074 ], [ -4.10419, 48.40362 ], [ -4.10986, 48.4032 ], [ -4.11078, 48.4042 ], [ -4.1206, 48.40602 ], [ -4.12657, 48.40565 ], [ -4.12774, 48.40428 ], [ -4.13117, 48.40377 ], [ -4.13198, 48.40264 ], [ -4.13446, 48.40202 ], [ -4.13562, 48.40027 ], [ -4.14276, 48.3999 ], [ -4.14844, 48.39751 ] ] } },
{ "type": "Feature", "properties": { "name": null, "weight_class": 1, "permanent": true, "length_km": 2.4 }, "geometry": { "type": "LineString", "coordinates": [ [ -4.1103, 48.41079 ], [ -4.1114, 48.41625 ], [ -4.11586, 48.41843 ], [ -4.11957, 48.42336 ], [ -4.12372, 48.42542 ], [ -4.12828, 48.42584 ] ] } },
{ "type": "Feature", "properties": { "name": null, "weight_class": 1, "permanent": true, "length_km": 3.4 }, "geometry": { "type": "LineString", "coordinates": [ [ -4.02707, 48.37406 ], [ -4.03434, 48.3741 ], [ -4.04202, 48.377 ], [ -4.05681, 48.37544 ], [ -4.06517, 48.37974 ] ] } },
{ "type": "Feature", "properties": { "name": "Kan an Ôd", "weight_class": 1, "permanent": true, "length_km": 7.4 }, "geometry": { "type": "LineString", "coordinates": [ [ -4.05581, 48.34681 ], [ -4.05941, 48.35222 ], [ -4.05891, 48.35484 ], [ -4.06016, 48.35751 ], [ -4.06443, 48.36265 ], [ -4.06375, 48.36484 ], [ -4.06496, 48.36958 ], [ -4.06282, 48.37272 ], [ -4.06367, 48.37643 ], [ -4.06759, 48.38301 ], [ -4.07265, 48.38544 ], [ -4.07374, 48.3918 ], [ -4.07992, 48.39668 ], [ -4.08035, 48.40196 ] ] } },
{ "type": "Feature", "properties": { "name": null, "weight_class": 1, "permanent": true, "length_km": 2.1 }, "geometry": { "type": "LineString", "coordinates": [ [ -4.11224, 48.36932 ], [ -4.11472, 48.36918 ], [ -4.11778, 48.37096 ], [ -4.11877, 48.37425 ], [ -4.12211, 48.37794 ], [ -4.12284, 48.38349 ] ] } },
{ "type": "Feature", "properties": { "name": null, "weight_class": 1, "permanent": false, "length_km": 5.2 }, "geometry": { "type": "LineString", "coordinates": [ [ -4.03793, 48.53482 ], [ -4.03625, 48.53322 ], [ -4.03735, 48.52897 ], [ -4.04534, 48.51993 ], [ -4.04659, 48.51604 ], [ -4.04551, 48.5145 ], [ -4.04771, 48.51388 ], [ -4.05017, 48.50973 ], [ -4.05272, 48.50909 ], [ -4.05555, 48.50477 ], [ -4.06011, 48.50238 ], [ -4.06162, 48.49728 ] ] } },
{ "type": "Feature", "properties": { "name": null, "weight_class": 1, "permanent": true, "length_km": 3.7 }, "geometry": { "type": "LineString", "coordinates": [ [ -4.00838, 48.5266 ], [ -4.0145, 48.52889 ], [ -4.01642, 48.52603 ], [ -4.02129, 48.5225 ], [ -4.02521, 48.51668 ], [ -4.0243, 48.51467 ], [ -4.0251, 48.51143 ], [ -4.02794, 48.50968 ], [ -4.02915, 48.50634 ] ] } },
{ "type": "Feature", "properties": { "name": null, "weight_class": 1, "permanent": false, "length_km": 2.7 }, "geometry": { "type": "LineString", "coordinates": [ [ -4.01911, 48.53447 ], [ -4.01999, 48.53775 ], [ -4.02483, 48.54202 ], [ -4.0184, 48.54861 ], [ -4.01763, 48.55528 ] ] } },
{ "type": "Feature", "properties": { "name": null, "weight_class": 1, "permanent": true, "length_km": 7.1 }, "geometry": { "type": "LineString", "coordinates": [ [ -4.07415, 48.53765 ], [ -4.07798, 48.53756 ], [ -4.08483, 48.53251 ], [ -4.08941, 48.53079 ], [ -4.09361, 48.52504 ], [ -4.09242, 48.52151 ], [ -4.09453, 48.5183 ], [ -4.09443, 48.51581 ], [ -4.09733, 48.51448 ], [ -4.10049, 48.51549 ], [ -4.10456, 48.51482 ], [ -4.10875, 48.51067 ], [ -4.10927, 48.50786 ], [ -4.11385, 48.50515 ], [ -4.11421, 48.50302 ], [ -4.11596, 48.50249 ], [ -4.116, 48.50044 ], [ -4.11556, 48.49558 ], [ -4.11359, 48.49388 ] ] } },
{ "type": "Feature", "properties": { "name": null, "weight_class": 1, "permanent": false, "length_km": 2.9 }, "geometry": { "type": "LineString", "coordinates": [ [ -4.05672, 48.53239 ], [ -4.05988, 48.52413 ], [ -4.06353, 48.52161 ], [ -4.06439, 48.51715 ], [ -4.06705, 48.51541 ], [ -4.07142, 48.51702 ], [ -4.07464, 48.51521 ] ] } },
{ "type": "Feature", "properties": { "name": null, "weight_class": 1, "permanent": true, "length_km": 4.5 }, "geometry": { "type": "LineString", "coordinates": [ [ -4.06747, 48.53039 ], [ -4.07127, 48.52815 ], [ -4.07222, 48.52434 ], [ -4.07404, 48.52298 ], [ -4.07418, 48.51584 ], [ -4.07614, 48.51024 ], [ -4.08095, 48.50651 ], [ -4.08673, 48.50426 ], [ -4.08637, 48.50265 ], [ -4.08864, 48.49908 ], [ -4.09037, 48.49822 ] ] } },
{ "type": "Feature", "properties": { "name": null, "weight_class": 1, "permanent": true, "length_km": 2.8 }, "geometry": { "type": "LineString", "coordinates": [ [ -4.11471, 48.52814 ], [ -4.11386, 48.51625 ], [ -4.11674, 48.51108 ], [ -4.11283, 48.50899 ], [ -4.1129, 48.50615 ] ] } },
{ "type": "Feature", "properties": { "name": null, "weight_class": 1, "permanent": false, "length_km": 2.2 }, "geometry": { "type": "LineString", "coordinates": [ [ -4.14821, 48.53292 ], [ -4.15147, 48.53491 ], [ -4.15682, 48.53454 ], [ -4.1605, 48.53333 ], [ -4.1659, 48.53579 ], [ -4.17421, 48.5373 ] ] } },
{ "type": "Feature", "properties": { "name": null, "weight_class": 1, "permanent": true, "length_km": 2.7 }, "geometry": { "type": "LineString", "coordinates": [ [ -4.16453, 48.51674 ], [ -4.16212, 48.51377 ], [ -4.15972, 48.51324 ], [ -4.15635, 48.50351 ], [ -4.16064, 48.49756 ] ] } },
{ "type": "Feature", "properties": { "name": null, "weight_class": 1, "permanent": false, "length_km": 2.2 }, "geometry": { "type": "LineString", "coordinates": [ [ -4.14012, 48.51945 ], [ -4.12712, 48.51872 ], [ -4.12348, 48.51598 ], [ -4.1207, 48.51596 ], [ -4.1154, 48.51387 ] ] } },
{ "type": "Feature", "properties": { "name": null, "weight_class": 1, "permanent": true, "length_km": 2.9 }, "geometry": { "type": "LineString", "coordinates": [ [ -3.99837, 48.51787 ], [ -3.99831, 48.51547 ], [ -4.00375, 48.51039 ], [ -4.0031, 48.50925 ], [ -4.02488, 48.50511 ] ] } },
{ "type": "Feature", "properties": { "name": null, "weight_class": 1, "permanent": true, "length_km": 2.4 }, "geometry": { "type": "LineString", "coordinates": [ [ -4.03286, 48.49087 ], [ -4.03578, 48.49327 ], [ -4.04153, 48.49584 ], [ -4.0485, 48.49543 ], [ -4.0585, 48.49911 ] ] } },
{ "type": "Feature", "properties": { "name": "l'Élorn", "weight_class": 3, "permanent": true, "length_km": 48.1 }, "geometry": { "type": "MultiLineString", "coordinates": [ [ [ -4.28362, 48.43563 ], [ -4.2881, 48.43557 ], [ -4.29078, 48.43442 ], [ -4.29847, 48.42694 ] ], [ [ -3.946, 48.38625 ], [ -3.95436, 48.38381 ], [ -3.97087, 48.37617 ], [ -3.97426, 48.37577 ], [ -3.97576, 48.37439 ], [ -3.97983, 48.37441 ], [ -3.98702, 48.37751 ], [ -3.98889, 48.37991 ], [ -3.99588, 48.38377 ], [ -4.00188, 48.38536 ], [ -4.00707, 48.38519 ], [ -4.00828, 48.38661 ], [ -4.00712, 48.38966 ], [ -4.01089, 48.39237 ], [ -4.01912, 48.38995 ], [ -4.0271, 48.38997 ], [ -4.02853, 48.39073 ], [ -4.03143, 48.38963 ], [ -4.03564, 48.39243 ], [ -4.03832, 48.39165 ], [ -4.03978, 48.38961 ], [ -4.04646, 48.39124 ], [ -4.05428, 48.38984 ], [ -4.05715, 48.39148 ], [ -4.06243, 48.39164 ], [ -4.06339, 48.39393 ], [ -4.06673, 48.39406 ], [ -4.07094, 48.39759 ], [ -4.07372, 48.39802 ], [ -4.07625, 48.4016 ], [ -4.08137, 48.40218 ], [ -4.08469, 48.40392 ], [ -4.09091, 48.41388 ], [ -4.10029, 48.41863 ], [ -4.10082, 48.42101 ], [ -4.10499, 48.42421 ], [ -4.10432, 48.42595 ], [ -4.10551, 48.42665 ], [ -4.10595, 48.43122 ], [ -4.10144, 48.43657 ], [ -4.09682, 48.43782 ], [ -4.08991, 48.44795 ], [ -4.0862, 48.45105 ], [ -4.08237, 48.45174 ], [ -4.08162, 48.45475 ], [ -4.07848, 48.45475 ], [ -4.07651, 48.45611 ], [ -4.07499, 48.46425 ], [ -4.07642, 48.46822 ], [ -4.07123, 48.47247 ], [ -4.07136, 48.47585 ], [ -4.07317, 48.47605 ], [ -4.07244, 48.4784 ], [ -4.07496, 48.48415 ], [ -4.07421, 48.48546 ], [ -4.07756, 48.48903 ], [ -4.07635, 48.49382 ], [ -4.0823, 48.49521 ], [ -4.08532, 48.49424 ], [ -4.08838, 48.49464 ], [ -4.09114, 48.49862 ], [ -4.0962, 48.49783 ], [ -4.10036, 48.49856 ], [ -4.10191, 48.49558 ], [ -4.10416, 48.4947 ], [ -4.11273, 48.49445 ], [ -4.11894, 48.49254 ], [ -4.12173, 48.49022 ], [ -4.13338, 48.48879 ], [ -4.14705, 48.48524 ], [ -4.15341, 48.48627 ], [ -4.1562, 48.48965 ], [ -4.17543, 48.48538 ], [ -4.17668, 48.48264 ], [ -4.1829, 48.47909 ], [ -4.18707, 48.47903 ], [ -4.18958, 48.4778 ], [ -4.19639, 48.47699 ], [ -4.20533, 48.47443 ], [ -4.2138, 48.47487 ], [ -4.21565, 48.46881 ], [ -4.21874, 48.46856 ], [ -4.22053, 48.46949 ], [ -4.22336, 48.46859 ], [ -4.22902, 48.46267 ], [ -4.23994, 48.45734 ], [ -4.24084, 48.45474 ], [ -4.24675, 48.45119 ], [ -4.25198, 48.44884 ], [ -4.27368, 48.4443 ], [ -4.27605, 48.44304 ], [ -4.27709, 48.44091 ] ] ] } },
{ "type": "Feature", "properties": { "name": null, "weight_class": 1, "permanent": true, "length_km": 5.8 }, "geometry": { "type": "LineString", "coordinates": [ [ -4.11139, 48.45098 ], [ -4.11316, 48.45345 ], [ -4.1124, 48.45469 ], [ -4.11418, 48.46218 ], [ -4.11717, 48.46498 ], [ -4.10968, 48.47378 ], [ -4.10741, 48.47428 ], [ -4.1048, 48.4784 ], [ -4.10862, 48.48193 ], [ -4.11118, 48.48625 ], [ -4.11595, 48.48669 ], [ -4.11813, 48.48786 ], [ -4.11937, 48.49144 ] ] } },
{ "type": "Feature", "properties": { "name": null, "weight_class": 1, "permanent": true, "length_km": 3.0 }, "geometry": { "type": "LineString", "coordinates": [ [ -4.14759, 48.5059 ], [ -4.15008, 48.50315 ], [ -4.14928, 48.49998 ], [ -4.15573, 48.49811 ], [ -4.15785, 48.49843 ], [ -4.16242, 48.49664 ], [ -4.16099, 48.49345 ], [ -4.16316, 48.49185 ], [ -4.16298, 48.48798 ] ] } },
{ "type": "Feature", "properties": { "name": null, "weight_class": 1, "permanent": true, "length_km": 2.7 }, "geometry": { "type": "LineString", "coordinates": [ [ -4.02883, 48.47521 ], [ -4.0315, 48.47127 ], [ -4.03773, 48.47411 ], [ -4.04717, 48.47678 ], [ -4.04996, 48.47601 ], [ -4.05353, 48.47331 ], [ -4.05546, 48.47315 ] ] } },
{ "type": "Feature", "properties": { "name": "an Dour Kamm", "weight_class": 1, "permanent": true, "length_km": 12.2 }, "geometry": { "type": "LineString", "coordinates": [ [ -3.97856, 48.42507 ], [ -3.98084, 48.42545 ], [ -3.98657, 48.42268 ], [ -3.98821, 48.42285 ], [ -3.99192, 48.4251 ], [ -3.99368, 48.42821 ], [ -3.99892, 48.42826 ], [ -4.00275, 48.43098 ], [ -4.00869, 48.42932 ], [ -4.01828, 48.43257 ], [ -4.01845, 48.43385 ], [ -4.0216, 48.43464 ], [ -4.02398, 48.43787 ], [ -4.02633, 48.43881 ], [ -4.02681, 48.44135 ], [ -4.02535, 48.44341 ], [ -4.02834, 48.44859 ], [ -4.02826, 48.455 ], [ -4.03168, 48.45696 ], [ -4.03498, 48.45717 ], [ -4.03817, 48.46358 ], [ -4.04136, 48.46585 ], [ -4.05278, 48.46872 ], [ -4.05497, 48.47048 ], [ -4.05617, 48.47407 ], [ -4.05968, 48.47441 ], [ -4.06185, 48.47608 ], [ -4.06805, 48.47581 ], [ -4.07312, 48.47678 ] ] } },
{ "type": "Feature", "properties": { "name": null, "weight_class": 1, "permanent": true, "length_km": 4.6 }, "geometry": { "type": "LineString", "coordinates": [ [ -4.15963, 48.45741 ], [ -4.1589, 48.46051 ], [ -4.15684, 48.46236 ], [ -4.15337, 48.46279 ], [ -4.15269, 48.46217 ], [ -4.14828, 48.46444 ], [ -4.15102, 48.47251 ], [ -4.14953, 48.47425 ], [ -4.15548, 48.47543 ], [ -4.15844, 48.47923 ], [ -4.15414, 48.4868 ] ] } },
{ "type": "Feature", "properties": { "name": null, "weight_class": 1, "permanent": true, "length_km": 2.9 }, "geometry": { "type": "LineString", "coordinates": [ [ -4.04271, 48.45604 ], [ -4.05059, 48.45675 ], [ -4.05834, 48.45584 ], [ -4.06354, 48.45752 ], [ -4.06784, 48.46102 ], [ -4.07514, 48.46345 ] ] } },
{ "type": "Feature", "properties": { "name": "Ruisseau Dour ar Men Glaz", "weight_class": 1, "permanent": true, "length_km": 5.5 }, "geometry": { "type": "LineString", "coordinates": [ [ -4.03932, 48.43591 ], [ -4.04226, 48.43208 ], [ -4.04483, 48.43172 ], [ -4.0486, 48.43271 ], [ -4.05453, 48.42985 ], [ -4.06171, 48.43036 ], [ -4.06563, 48.43136 ], [ -4.06841, 48.43375 ], [ -4.07285, 48.43562 ], [ -4.07506, 48.43612 ], [ -4.08047, 48.43527 ], [ -4.0861, 48.43846 ], [ -4.08689, 48.4435 ], [ -4.09095, 48.44654 ] ] } },
{ "type": "Feature", "properties": { "name": null, "weight_class": 1, "permanent": true, "length_km": 4.9 }, "geometry": { "type": "LineString", "coordinates": [ [ -3.96644, 48.40156 ], [ -3.9745, 48.403 ], [ -3.98008, 48.40137 ], [ -3.98302, 48.40255 ], [ -3.98524, 48.39999 ], [ -3.98781, 48.39931 ], [ -3.99105, 48.40162 ], [ -3.99271, 48.40169 ], [ -3.99431, 48.40058 ], [ -3.99434, 48.39622 ], [ -3.99739, 48.39559 ], [ -4.00136, 48.39678 ], [ -4.00253, 48.39631 ], [ -4.00329, 48.39356 ], [ -4.0084, 48.39059 ] ] } },
{ "type": "Feature", "properties": { "name": "Ruisseau le Rivoal", "weight_class": 1, "permanent": true, "length_km": 5.6 }, "geometry": { "type": "LineString", "coordinates": [ [ -3.9525, 48.34246 ], [ -3.96386, 48.34152 ], [ -3.97527, 48.34304 ], [ -3.98273, 48.34228 ], [ -3.9878, 48.34511 ], [ -3.99673, 48.34753 ], [ -4.00383, 48.3466 ], [ -4.00463, 48.34453 ], [ -4.01215, 48.33863 ] ] } },
{ "type": "Feature", "properties": { "name": "le Faou", "weight_class": 1, "permanent": true, "length_km": 16.1 }, "geometry": { "type": "LineString", "coordinates": [ [ -4.05933, 48.31957 ], [ -4.06174, 48.31795 ], [ -4.06189, 48.31474 ], [ -4.0661, 48.31143 ], [ -4.08115, 48.30943 ], [ -4.08537, 48.31074 ], [ -4.08949, 48.31005 ], [ -4.09368, 48.31126 ], [ -4.0982, 48.3141 ], [ -4.10406, 48.31604 ], [ -4.10833, 48.32035 ], [ -4.11644, 48.32198 ], [ -4.11885, 48.32096 ], [ -4.12165, 48.32123 ], [ -4.12586, 48.32267 ], [ -4.12749, 48.32432 ], [ -4.12966, 48.32421 ], [ -4.13069, 48.32321 ], [ -4.13527, 48.3226 ], [ -4.13785, 48.32034 ], [ -4.13994, 48.31992 ], [ -4.14126, 48.3209 ], [ -4.14417, 48.32007 ], [ -4.14653, 48.317 ], [ -4.14586, 48.3153 ], [ -4.15093, 48.3088 ], [ -4.15522, 48.30779 ], [ -4.15607, 48.30662 ], [ -4.15969, 48.30627 ], [ -4.16706, 48.29732 ], [ -4.1688, 48.29741 ], [ -4.1718, 48.2958 ], [ -4.173, 48.29693 ], [ -4.17452, 48.29588 ], [ -4.17854, 48.29682 ], [ -4.19444, 48.29593 ], [ -4.20145, 48.29652 ], [ -4.20582, 48.2956 ], [ -4.20672, 48.29446 ], [ -4.20817, 48.29467 ] ] } },
{ "type": "Feature", "properties": { "name": null, "weight_class": 1, "permanent": true, "length_km": 4.1 }, "geometry": { "type": "LineString", "coordinates": [ [ -3.9892, 48.25271 ], [ -3.99074, 48.25438 ], [ -3.99625, 48.25423 ], [ -3.99983, 48.25269 ], [ -4.00659, 48.25357 ], [ -4.00762, 48.25595 ], [ -4.01395, 48.25949 ], [ -4.01216, 48.262 ], [ -4.01379, 48.26516 ], [ -4.02015, 48.26501 ], [ -4.02367, 48.26645 ] ] } },
{ "type": "Feature", "properties": { "name": null, "weight_class": 1, "permanent": true, "length_km": 3.6 }, "geometry": { "type": "LineString", "coordinates": [ [ -3.96981, 48.35575 ], [ -3.97326, 48.35595 ], [ -3.97645, 48.35799 ], [ -3.98277, 48.35736 ], [ -3.98994, 48.3579 ], [ -3.99435, 48.35704 ], [ -3.99712, 48.35565 ], [ -4.0012, 48.34996 ], [ -4.00365, 48.34854 ], [ -4.00383, 48.3466 ] ] } },
{ "type": "Feature", "properties": { "name": null, "weight_class": 1, "permanent": true, "length_km": 3.3 }, "geometry": { "type": "LineString", "coordinates": [ [ -4.04249, 48.34159 ], [ -4.03029, 48.34261 ], [ -4.02856, 48.34129 ], [ -4.02854, 48.33644 ], [ -4.02444, 48.33198 ], [ -4.02002, 48.33223 ], [ -4.01566, 48.32956 ], [ -4.01358, 48.32953 ] ] } },
{ "type": "Feature", "properties": { "name": "Rivière de Saint-Rivoal", "weight_class": 1, "permanent": true, "length_km": 11.3 }, "geometry": { "type": "LineString", "coordinates": [ [ -4.04245, 48.35542 ], [ -4.03848, 48.35429 ], [ -4.03413, 48.35469 ], [ -4.02152, 48.35094 ], [ -4.0189, 48.34893 ], [ -4.0176, 48.34088 ], [ -4.012, 48.33881 ], [ -4.01229, 48.33678 ], [ -4.01092, 48.33531 ], [ -4.01448, 48.33157 ], [ -4.01301, 48.32807 ], [ -4.01122, 48.3272 ], [ -4.01115, 48.32312 ], [ -4.00787, 48.32117 ], [ -4.00634, 48.31893 ], [ -4.00402, 48.3185 ], [ -3.99951, 48.31335 ], [ -4.00218, 48.30691 ], [ -4.00115, 48.30479 ], [ -4.00188, 48.30096 ], [ -3.99971, 48.29676 ], [ -4.00071, 48.29367 ], [ -3.99942, 48.29074 ], [ -3.99994, 48.28847 ], [ -3.99778, 48.28525 ], [ -3.9981, 48.28269 ] ] } },
{ "type": "Feature", "properties": { "name": null, "weight_class": 1, "permanent": true, "length_km": 7.8 }, "geometry": { "type": "LineString", "coordinates": [ [ -4.08683, 48.34705 ], [ -4.09291, 48.34689 ], [ -4.10089, 48.34976 ], [ -4.10325, 48.35115 ], [ -4.10292, 48.35245 ], [ -4.10568, 48.3549 ], [ -4.11453, 48.35687 ], [ -4.11559, 48.35788 ], [ -4.12489, 48.35647 ], [ -4.12976, 48.35652 ], [ -4.13557, 48.35794 ], [ -4.14095, 48.35762 ], [ -4.14659, 48.35629 ], [ -4.14787, 48.35488 ], [ -4.15707, 48.35278 ], [ -4.16298, 48.34938 ], [ -4.16991, 48.34853 ], [ -4.17016, 48.34748 ] ] } },
{ "type": "Feature", "properties": { "name": null, "weight_class": 1, "permanent": true, "length_km": 4.0 }, "geometry": { "type": "LineString", "coordinates": [ [ -4.07411, 48.34201 ], [ -4.07733, 48.34328 ], [ -4.08044, 48.34323 ], [ -4.08867, 48.34051 ], [ -4.09442, 48.34051 ], [ -4.09751, 48.33811 ], [ -4.10645, 48.33934 ], [ -4.12078, 48.33834 ] ] } },
{ "type": "Feature", "properties": { "name": null, "weight_class": 1, "permanent": true, "length_km": 5.7 }, "geometry": { "type": "LineString", "coordinates": [ [ -3.98207, 48.32599 ], [ -3.98262, 48.31983 ], [ -3.98137, 48.31726 ], [ -3.97913, 48.31621 ], [ -3.97551, 48.31196 ], [ -3.97749, 48.30509 ], [ -3.97688, 48.29674 ], [ -3.97303, 48.29045 ], [ -3.96932, 48.2884 ], [ -3.96781, 48.28372 ] ] } },
{ "type": "Feature", "properties": { "name": null, "weight_class": 1, "permanent": true, "length_km": 3.0 }, "geometry": { "type": "LineString", "coordinates": [ [ -4.04885, 48.32403 ], [ -4.03322, 48.32262 ], [ -4.02788, 48.32314 ], [ -4.02463, 48.32382 ], [ -4.01897, 48.32771 ], [ -4.01301, 48.32807 ] ] } },
{ "type": "Feature", "properties": { "name": null, "weight_class": 1, "permanent": true, "length_km": 2.3 }, "geometry": { "type": "LineString", "coordinates": [ [ -4.12764, 48.31151 ], [ -4.13079, 48.31122 ], [ -4.13279, 48.31227 ], [ -4.13607, 48.31168 ], [ -4.1412, 48.30993 ], [ -4.14246, 48.30786 ], [ -4.14466, 48.30756 ], [ -4.1464, 48.30601 ], [ -4.149, 48.3062 ], [ -4.15212, 48.30838 ] ] } },
{ "type": "Feature", "properties": { "name": null, "weight_class": 1, "permanent": true, "length_km": 2.7 }, "geometry": { "type": "LineString", "coordinates": [ [ -3.96325, 48.31111 ], [ -3.96389, 48.31019 ], [ -3.95942, 48.30658 ], [ -3.96043, 48.30249 ], [ -3.95583, 48.2952 ], [ -3.95592, 48.28991 ] ] } },
{ "type": "Feature", "properties": { "name": null, "weight_class": 1, "permanent": true, "length_km": 2.2 }, "geometry": { "type": "LineString", "coordinates": [ [ -4.01825, 48.28614 ], [ -4.01993, 48.28568 ], [ -4.02219, 48.2825 ], [ -4.02653, 48.27939 ], [ -4.03374, 48.27937 ], [ -4.03773, 48.27794 ], [ -4.03981, 48.27853 ] ] } },
{ "type": "Feature", "properties": { "name": null, "weight_class": 1, "permanent": true, "length_km": 2.7 }, "geometry": { "type": "LineString", "coordinates": [ [ -4.03118, 48.30882 ], [ -4.03036, 48.3046 ], [ -4.03305, 48.30292 ], [ -4.03451, 48.29985 ], [ -4.03894, 48.29675 ], [ -4.03479, 48.28903 ] ] } },
{ "type": "Feature", "properties": { "name": null, "weight_class": 1, "permanent": false, "length_km": 8.1 }, "geometry": { "type": "LineString", "coordinates": [ [ -4.018, 48.31131 ], [ -4.01718, 48.3104 ], [ -4.01956, 48.30751 ], [ -4.01999, 48.30324 ], [ -4.0182, 48.29992 ], [ -4.01801, 48.29583 ], [ -4.01969, 48.29349 ], [ -4.02752, 48.29051 ], [ -4.03454, 48.28967 ], [ -4.03909, 48.2851 ], [ -4.03981, 48.27853 ], [ -4.04372, 48.27656 ], [ -4.05089, 48.27477 ], [ -4.05383, 48.27201 ], [ -4.05282, 48.27077 ], [ -4.05464, 48.26587 ], [ -4.05809, 48.26354 ], [ -4.06429, 48.26249 ] ] } },
{ "type": "Feature", "properties": { "name": null, "weight_class": 2, "permanent": true, "length_km": 4.2 }, "geometry": { "type": "LineString", "coordinates": [ [ -4.07677, 48.2886 ], [ -4.07837, 48.28195 ], [ -4.08104, 48.27886 ], [ -4.08801, 48.27637 ], [ -4.0873, 48.27267 ], [ -4.08577, 48.27117 ], [ -4.08354, 48.27073 ], [ -4.08239, 48.2685 ], [ -4.07981, 48.26737 ], [ -4.07795, 48.26786 ], [ -4.0753, 48.26698 ], [ -4.07735, 48.26383 ], [ -4.0759, 48.26297 ] ] } },
{ "type": "Feature", "properties": { "name": null, "weight_class": 1, "permanent": true, "length_km": 4.0 }, "geometry": { "type": "LineString", "coordinates": [ [ -4.06592, 48.29518 ], [ -4.06932, 48.28544 ], [ -4.06814, 48.28059 ], [ -4.06534, 48.27812 ], [ -4.0664, 48.27466 ], [ -4.06489, 48.27301 ], [ -4.0661, 48.26969 ], [ -4.0682, 48.26767 ], [ -4.07117, 48.26664 ], [ -4.07104, 48.2651 ], [ -4.07255, 48.26382 ] ] } },
{ "type": "Feature", "properties": { "name": null, "weight_class": 1, "permanent": true, "length_km": 7.0 }, "geometry": { "type": "LineString", "coordinates": [ [ -4.09043, 48.30799 ], [ -4.09182, 48.30689 ], [ -4.10026, 48.3062 ], [ -4.10413, 48.30865 ], [ -4.11066, 48.30884 ], [ -4.12224, 48.30154 ], [ -4.1377, 48.29971 ], [ -4.14856, 48.29644 ], [ -4.15262, 48.29625 ], [ -4.15937, 48.29784 ], [ -4.16027, 48.29885 ], [ -4.16546, 48.29849 ] ] } },
{ "type": "Feature", "properties": { "name": null, "weight_class": 1, "permanent": true, "length_km": 2.1 }, "geometry": { "type": "LineString", "coordinates": [ [ -4.10795, 48.28078 ], [ -4.10794, 48.27465 ], [ -4.10605, 48.27094 ], [ -4.11183, 48.26442 ] ] } },
{ "type": "Feature", "properties": { "name": null, "weight_class": 1, "permanent": true, "length_km": 4.8 }, "geometry": { "type": "LineString", "coordinates": [ [ -4.12923, 48.27696 ], [ -4.12261, 48.27563 ], [ -4.12474, 48.27123 ], [ -4.12221, 48.26662 ], [ -4.11058, 48.26417 ], [ -4.1094, 48.26285 ], [ -4.10975, 48.25999 ], [ -4.11558, 48.2509 ], [ -4.11209, 48.2478 ] ] } },
{ "type": "Feature", "properties": { "name": null, "weight_class": 1, "permanent": true, "length_km": 2.0 }, "geometry": { "type": "LineString", "coordinates": [ [ -4.10828, 48.28621 ], [ -4.10305, 48.28219 ], [ -4.09345, 48.27963 ], [ -4.08801, 48.27637 ] ] } },
{ "type": "Feature", "properties": { "name": null, "weight_class": 1, "permanent": true, "length_km": 2.2 }, "geometry": { "type": "LineString", "coordinates": [ [ -4.13179, 48.2869 ], [ -4.13621, 48.28607 ], [ -4.14017, 48.28664 ], [ -4.14361, 48.28951 ], [ -4.14873, 48.2906 ], [ -4.15168, 48.29247 ], [ -4.15257, 48.29626 ] ] } },
{ "type": "Feature", "properties": { "name": null, "weight_class": 1, "permanent": false, "length_km": 3.9 }, "geometry": { "type": "LineString", "coordinates": [ [ -3.97825, 48.25247 ], [ -3.98091, 48.25978 ], [ -3.97729, 48.26121 ], [ -3.97534, 48.26341 ], [ -3.97058, 48.26437 ], [ -3.97004, 48.26661 ], [ -3.9744, 48.27155 ], [ -3.97448, 48.27297 ], [ -3.97825, 48.27387 ], [ -3.98062, 48.27776 ] ] } },
{ "type": "Feature", "properties": { "name": null, "weight_class": 1, "permanent": false, "length_km": 2.2 }, "geometry": { "type": "LineString", "coordinates": [ [ -3.96783, 48.24801 ], [ -3.97542, 48.24359 ], [ -3.97335, 48.23975 ], [ -3.97565, 48.23621 ], [ -3.97481, 48.23173 ] ] } },
{ "type": "Feature", "properties": { "name": null, "weight_class": 1, "permanent": true, "length_km": 2.6 }, "geometry": { "type": "LineString", "coordinates": [ [ -4.02427, 48.24033 ], [ -4.03649, 48.243 ], [ -4.04265, 48.24715 ], [ -4.0466, 48.25476 ] ] } },
{ "type": "Feature", "properties": { "name": null, "weight_class": 1, "permanent": true, "length_km": 2.2 }, "geometry": { "type": "LineString", "coordinates": [ [ -4.02896, 48.23215 ], [ -4.03166, 48.23101 ], [ -4.03253, 48.22898 ], [ -4.03023, 48.22526 ], [ -4.02979, 48.22145 ], [ -4.03286, 48.21899 ], [ -4.03247, 48.21549 ] ] } },
{ "type": "Feature", "properties": { "name": null, "weight_class": 1, "permanent": true, "length_km": 3.4 }, "geometry": { "type": "LineString", "coordinates": [ [ -4.08427, 48.23397 ], [ -4.08474, 48.22893 ], [ -4.08337, 48.22604 ], [ -4.08668, 48.22291 ], [ -4.09123, 48.2221 ], [ -4.09442, 48.21767 ], [ -4.09868, 48.21501 ], [ -4.09977, 48.2128 ], [ -4.0976, 48.21075 ] ] } },
{ "type": "Feature", "properties": { "name": null, "weight_class": 1, "permanent": true, "length_km": 3.6 }, "geometry": { "type": "LineString", "coordinates": [ [ -4.06369, 48.23842 ], [ -4.06804, 48.23669 ], [ -4.06578, 48.23365 ], [ -4.06675, 48.23184 ], [ -4.06603, 48.23006 ], [ -4.06749, 48.22809 ], [ -4.06766, 48.22496 ], [ -4.0713, 48.22272 ], [ -4.0685, 48.21991 ], [ -4.06835, 48.2172 ], [ -4.06907, 48.21595 ], [ -4.0741, 48.21502 ] ] } },
{ "type": "Feature", "properties": { "name": null, "weight_class": 1, "permanent": false, "length_km": 2.1 }, "geometry": { "type": "LineString", "coordinates": [ [ -3.9459, 48.21088 ], [ -3.95203, 48.20922 ], [ -3.95609, 48.20707 ], [ -3.95788, 48.20548 ], [ -3.95794, 48.20051 ], [ -3.9596, 48.19908 ], [ -3.96142, 48.19894 ] ] } },
{ "type": "Feature", "properties": { "name": null, "weight_class": 1, "permanent": true, "length_km": 3.6 }, "geometry": { "type": "LineString", "coordinates": [ [ -4.11473, 48.17791 ], [ -4.11601, 48.17965 ], [ -4.115, 48.18302 ], [ -4.11071, 48.18616 ], [ -4.11006, 48.19194 ], [ -4.10671, 48.19346 ], [ -4.10338, 48.19333 ], [ -4.09754, 48.19724 ], [ -4.09394, 48.19784 ], [ -4.0922, 48.1968 ] ] } },
{ "type": "Feature", "properties": { "name": "Ruisseau du Moulin du Duc", "weight_class": 1, "permanent": true, "length_km": 8.9 }, "geometry": { "type": "LineString", "coordinates": [ [ -4.02214, 48.13805 ], [ -4.04145, 48.13631 ], [ -4.05, 48.13986 ], [ -4.05602, 48.13998 ], [ -4.06425, 48.13445 ], [ -4.06647, 48.13428 ], [ -4.07111, 48.12802 ], [ -4.07666, 48.12273 ], [ -4.08078, 48.12038 ], [ -4.08239, 48.11468 ], [ -4.08762, 48.11225 ], [ -4.09112, 48.11212 ], [ -4.09482, 48.1101 ], [ -4.09579, 48.11046 ], [ -4.10238, 48.10707 ] ] } },
{ "type": "Feature", "properties": { "name": "Ruisseau de Langelin", "weight_class": 1, "permanent": true, "length_km": 7.0 }, "geometry": { "type": "LineString", "coordinates": [ [ -3.94284, 48.08253 ], [ -3.94309, 48.07964 ], [ -3.94548, 48.07757 ], [ -3.9424, 48.07309 ], [ -3.94334, 48.07084 ], [ -3.9419, 48.06997 ], [ -3.94233, 48.06868 ], [ -3.94546, 48.06742 ], [ -3.94555, 48.06511 ], [ -3.95019, 48.0596 ], [ -3.95222, 48.05443 ], [ -3.96025, 48.05326 ], [ -3.97335, 48.05666 ], [ -3.97931, 48.05551 ], [ -3.98089, 48.05247 ], [ -3.98328, 48.05247 ] ] } },
{ "type": "Feature", "properties": { "name": "le Langevin", "weight_class": 1, "permanent": true, "length_km": 7.7 }, "geometry": { "type": "LineString", "coordinates": [ [ -3.97743, 48.12184 ], [ -3.98777, 48.11907 ], [ -3.98743, 48.11828 ], [ -3.99255, 48.11621 ], [ -3.99345, 48.11491 ], [ -3.99054, 48.11292 ], [ -3.98673, 48.10408 ], [ -3.98821, 48.09728 ], [ -3.98754, 48.09511 ], [ -3.99092, 48.09273 ], [ -3.99147, 48.08259 ], [ -3.99282, 48.08134 ], [ -3.99273, 48.07895 ], [ -3.99513, 48.07704 ], [ -3.99465, 48.07415 ], [ -3.99075, 48.07395 ], [ -3.98904, 48.07051 ] ] } },
{ "type": "Feature", "properties": { "name": null, "weight_class": 1, "permanent": false, "length_km": 3.1 }, "geometry": { "type": "LineString", "coordinates": [ [ -3.96743, 48.13061 ], [ -3.9657, 48.12803 ], [ -3.96085, 48.12697 ], [ -3.96057, 48.12474 ], [ -3.96405, 48.12199 ], [ -3.96309, 48.11667 ], [ -3.96063, 48.11409 ], [ -3.95529, 48.11161 ], [ -3.9553, 48.11073 ] ] } },
{ "type": "Feature", "properties": { "name": null, "weight_class": 1, "permanent": true, "length_km": 6.2 }, "geometry": { "type": "LineString", "coordinates": [ [ -4.02905, 48.10792 ], [ -4.03459, 48.10492 ], [ -4.04119, 48.10332 ], [ -4.05465, 48.09453 ], [ -4.05798, 48.09363 ], [ -4.06564, 48.09351 ], [ -4.07583, 48.09612 ], [ -4.08739, 48.09223 ], [ -4.09036, 48.09312 ], [ -4.09569, 48.0916 ] ] } },
{ "type": "Feature", "properties": { "name": null, "weight_class": 1, "permanent": true, "length_km": 6.5 }, "geometry": { "type": "LineString", "coordinates": [ [ -4.02793, 48.12253 ], [ -4.03149, 48.12178 ], [ -4.04335, 48.11432 ], [ -4.04576, 48.11409 ], [ -4.05858, 48.10832 ], [ -4.06181, 48.10531 ], [ -4.06733, 48.10296 ], [ -4.07172, 48.10228 ], [ -4.07692, 48.10487 ], [ -4.07898, 48.10494 ], [ -4.08218, 48.10359 ], [ -4.09672, 48.10143 ] ] } },
{ "type": "Feature", "properties": { "name": null, "weight_class": 1, "permanent": true, "length_km": 3.0 }, "geometry": { "type": "LineString", "coordinates": [ [ -4.13245, 48.0988 ], [ -4.13315, 48.10039 ], [ -4.12996, 48.10405 ], [ -4.12366, 48.10642 ], [ -4.12362, 48.10736 ], [ -4.11954, 48.10748 ], [ -4.10861, 48.11129 ], [ -4.10399, 48.11148 ] ] } },
{ "type": "Feature", "properties": { "name": null, "weight_class": 1, "permanent": true, "length_km": 2.8 }, "geometry": { "type": "LineString", "coordinates": [ [ -3.94834, 48.09938 ], [ -3.95143, 48.09485 ], [ -3.95176, 48.09172 ], [ -3.95359, 48.0905 ], [ -3.95813, 48.08844 ], [ -3.96234, 48.08801 ], [ -3.96351, 48.08671 ], [ -3.96589, 48.08707 ], [ -3.97172, 48.08581 ] ] } },
{ "type": "Feature", "properties": { "name": null, "weight_class": 1, "permanent": true, "length_km": 3.5 }, "geometry": { "type": "LineString", "coordinates": [ [ -4.01394, 48.10466 ], [ -4.02247, 48.10206 ], [ -4.02537, 48.10237 ], [ -4.03274, 48.09933 ], [ -4.04004, 48.09774 ], [ -4.04359, 48.09528 ], [ -4.05427, 48.09487 ] ] } },
{ "type": "Feature", "properties": { "name": null, "weight_class": 1, "permanent": true, "length_km": 2.9 }, "geometry": { "type": "LineString", "coordinates": [ [ -4.01213, 48.09623 ], [ -4.00742, 48.09257 ], [ -3.99976, 48.09052 ], [ -3.99714, 48.08755 ], [ -3.99792, 48.07961 ], [ -3.99479, 48.07778 ] ] } },
{ "type": "Feature", "properties": { "name": null, "weight_class": 1, "permanent": false, "length_km": 2.3 }, "geometry": { "type": "LineString", "coordinates": [ [ -4.10835, 48.08887 ], [ -4.10955, 48.08712 ], [ -4.10778, 48.07681 ], [ -4.10423, 48.07471 ], [ -4.09987, 48.07441 ], [ -4.10012, 48.07253 ] ] } },
{ "type": "Feature", "properties": { "name": "le Rozvéguen", "weight_class": 1, "permanent": true, "length_km": 6.2 }, "geometry": { "type": "LineString", "coordinates": [ [ -3.95464, 48.14106 ], [ -3.94527, 48.15154 ], [ -3.94649, 48.15982 ], [ -3.94862, 48.1634 ], [ -3.94729, 48.16853 ], [ -3.94985, 48.17569 ], [ -3.93995, 48.18178 ], [ -3.9367, 48.18278 ], [ -3.9345, 48.18499 ], [ -3.93171, 48.18565 ] ] } },
{ "type": "Feature", "properties": { "name": "Ruisseau des Trois Fontaines", "weight_class": 1, "permanent": true, "length_km": 11.1 }, "geometry": { "type": "LineString", "coordinates": [ [ -3.97138, 48.14762 ], [ -3.97886, 48.14537 ], [ -3.98095, 48.14575 ], [ -3.98824, 48.14419 ], [ -3.99229, 48.14467 ], [ -4.00547, 48.14149 ], [ -4.01084, 48.14471 ], [ -4.01191, 48.14945 ], [ -4.01466, 48.15206 ], [ -4.0145, 48.15595 ], [ -4.01756, 48.15896 ], [ -4.0166, 48.16032 ], [ -4.01784, 48.16255 ], [ -4.0144, 48.16441 ], [ -4.01505, 48.1675 ], [ -4.00914, 48.1719 ], [ -4.00688, 48.17503 ], [ -4.00288, 48.17639 ], [ -3.99984, 48.18152 ], [ -4.00064, 48.18536 ], [ -4.00238, 48.18596 ], [ -4.00469, 48.18539 ], [ -4.01005, 48.18933 ], [ -4.00793, 48.19584 ], [ -4.00916, 48.19754 ] ] } },
{ "type": "Feature", "properties": { "name": null, "weight_class": 1, "permanent": true, "length_km": 2.9 }, "geometry": { "type": "LineString", "coordinates": [ [ -4.06696, 48.17201 ], [ -4.07406, 48.17488 ], [ -4.07374, 48.17862 ], [ -4.07123, 48.18204 ], [ -4.07443, 48.18909 ], [ -4.07705, 48.19058 ], [ -4.08013, 48.18983 ] ] } },
{ "type": "Feature", "properties": { "name": null, "weight_class": 1, "permanent": true, "length_km": 2.1 }, "geometry": { "type": "LineString", "coordinates": [ [ -4.1005, 48.17461 ], [ -4.0988, 48.17552 ], [ -4.09801, 48.17866 ], [ -4.09916, 48.18146 ], [ -4.09818, 48.18338 ], [ -4.0952, 48.18425 ], [ -4.09465, 48.18792 ], [ -4.09144, 48.18954 ] ] } },
{ "type": "Feature", "properties": { "name": null, "weight_class": 1, "permanent": false, "length_km": 2.4 }, "geometry": { "type": "LineString", "coordinates": [ [ -4.07649, 48.14632 ], [ -4.07416, 48.14854 ], [ -4.07176, 48.14918 ], [ -4.06904, 48.14919 ], [ -4.06456, 48.14749 ], [ -4.06326, 48.146 ], [ -4.06424, 48.14304 ], [ -4.06224, 48.14066 ], [ -4.06161, 48.13736 ] ] } },
{ "type": "Feature", "properties": { "name": null, "weight_class": 1, "permanent": false, "length_km": 3.1 }, "geometry": { "type": "LineString", "coordinates": [ [ -4.09871, 48.15314 ], [ -4.10607, 48.14851 ], [ -4.10712, 48.14667 ], [ -4.11082, 48.145 ], [ -4.11228, 48.13987 ], [ -4.11786, 48.13551 ], [ -4.11925, 48.13206 ] ] } },
{ "type": "Feature", "properties": { "name": null, "weight_class": 1, "permanent": true, "length_km": 2.5 }, "geometry": { "type": "LineString", "coordinates": [ [ -4.10779, 48.15435 ], [ -4.11459, 48.15385 ], [ -4.11651, 48.1517 ], [ -4.12543, 48.14921 ], [ -4.12741, 48.14124 ] ] } },
{ "type": "Feature", "properties": { "name": "le Langelin", "weight_class": 1, "permanent": true, "length_km": 14.3 }, "geometry": { "type": "LineString", "coordinates": [ [ -3.93241, 48.12491 ], [ -3.94325, 48.12291 ], [ -3.94495, 48.12157 ], [ -3.9448, 48.11833 ], [ -3.95413, 48.11238 ], [ -3.95993, 48.10664 ], [ -3.96679, 48.10406 ], [ -3.97188, 48.10076 ], [ -3.97481, 48.09275 ], [ -3.97175, 48.08944 ], [ -3.97179, 48.0853 ], [ -3.97862, 48.08128 ], [ -3.9787, 48.07801 ], [ -3.98022, 48.07634 ], [ -3.98373, 48.07608 ], [ -3.98647, 48.07441 ], [ -3.98642, 48.07226 ], [ -3.98896, 48.07064 ], [ -3.98869, 48.06902 ], [ -3.98993, 48.06789 ], [ -3.98644, 48.06285 ], [ -3.98813, 48.06168 ], [ -3.98882, 48.05924 ], [ -3.98469, 48.05885 ], [ -3.98409, 48.05329 ], [ -3.98166, 48.05161 ], [ -3.98408, 48.04935 ], [ -3.98456, 48.04509 ], [ -3.98782, 48.04211 ], [ -3.99069, 48.0411 ], [ -3.99035, 48.03919 ] ] } },
{ "type": "Feature", "properties": { "name": null, "weight_class": 1, "permanent": true, "length_km": 2.1 }, "geometry": { "type": "LineString", "coordinates": [ [ -3.96681, 48.07492 ], [ -3.96902, 48.07972 ], [ -3.97139, 48.08077 ], [ -3.97688, 48.07981 ], [ -3.97986, 48.07597 ], [ -3.98435, 48.07507 ] ] } },
{ "type": "Feature", "properties": { "name": null, "weight_class": 1, "permanent": true, "length_km": 10.0 }, "geometry": { "type": "LineString", "coordinates": [ [ -4.02188, 48.0907 ], [ -4.01808, 48.08645 ], [ -4.02276, 48.07853 ], [ -4.02853, 48.07541 ], [ -4.03153, 48.07603 ], [ -4.03472, 48.07525 ], [ -4.04801, 48.0638 ], [ -4.06136, 48.06419 ], [ -4.06337, 48.06337 ], [ -4.06494, 48.06377 ], [ -4.06698, 48.06254 ], [ -4.07155, 48.06245 ], [ -4.07331, 48.06331 ], [ -4.07565, 48.06232 ], [ -4.0775, 48.06422 ], [ -4.0841, 48.06434 ], [ -4.08567, 48.06516 ], [ -4.09099, 48.06404 ], [ -4.09264, 48.06446 ], [ -4.09327, 48.06586 ], [ -4.0967, 48.066 ], [ -4.1031, 48.06378 ], [ -4.10654, 48.06474 ] ] } },
{ "type": "Feature", "properties": { "name": null, "weight_class": 1, "permanent": false, "length_km": 2.3 }, "geometry": { "type": "LineString", "coordinates": [ [ -4.05341, 48.08193 ], [ -4.05269, 48.07941 ], [ -4.05548, 48.07484 ], [ -4.06264, 48.06906 ], [ -4.06143, 48.06418 ] ] } },
{ "type": "Feature", "properties": { "name": null, "weight_class": 1, "permanent": true, "length_km": 3.2 }, "geometry": { "type": "LineString", "coordinates": [ [ -3.93061, 48.07493 ], [ -3.92099, 48.07471 ], [ -3.91475, 48.07557 ], [ -3.91125, 48.08062 ], [ -3.90825, 48.08081 ], [ -3.90645, 48.07983 ], [ -3.90643, 48.07775 ], [ -3.90317, 48.07587 ], [ -3.90294, 48.07435 ], [ -3.90076, 48.07409 ] ] } },
{ "type": "Feature", "properties": { "name": null, "weight_class": 1, "permanent": true, "length_km": 2.8 }, "geometry": { "type": "LineString", "coordinates": [ [ -4.01904, 48.05277 ], [ -4.00913, 48.04743 ], [ -4.00578, 48.04652 ], [ -4.00305, 48.04415 ], [ -3.99888, 48.04336 ], [ -3.99644, 48.04071 ], [ -3.99437, 48.04065 ], [ -3.99512, 48.03824 ] ] } },
{ "type": "Feature", "properties": { "name": null, "weight_class": 1, "permanent": true, "length_km": 2.1 }, "geometry": { "type": "LineString", "coordinates": [ [ -4.0128, 48.06462 ], [ -4.00649, 48.06525 ], [ -4.00171, 48.06376 ], [ -3.99505, 48.06333 ], [ -3.99162, 48.06536 ], [ -3.98876, 48.0654 ] ] } },
{ "type": "Feature", "properties": { "name": null, "weight_class": 1, "permanent": false, "length_km": 2.0 }, "geometry": { "type": "LineString", "coordinates": [ [ -4.03861, 48.04777 ], [ -4.04512, 48.046 ], [ -4.04892, 48.04325 ], [ -4.04924, 48.03655 ], [ -4.04789, 48.03426 ] ] } },
{ "type": "Feature", "properties": { "name": null, "weight_class": 1, "permanent": false, "length_km": 2.2 }, "geometry": { "type": "LineString", "coordinates": [ [ -4.02789, 48.05127 ], [ -4.02526, 48.0488 ], [ -4.02481, 48.04446 ], [ -4.02891, 48.03695 ], [ -4.0326, 48.03438 ] ] } },
{ "type": "Feature", "properties": { "name": null, "weight_class": 1, "permanent": true, "length_km": 4.6 }, "geometry": { "type": "LineString", "coordinates": [ [ -4.09173, 48.05488 ], [ -4.08432, 48.05125 ], [ -4.08373, 48.04639 ], [ -4.08667, 48.0428 ], [ -4.09654, 48.03975 ], [ -4.09828, 48.03971 ], [ -4.10165, 48.04148 ], [ -4.10303, 48.04426 ], [ -4.10555, 48.04516 ], [ -4.1059, 48.04852 ], [ -4.1112, 48.05056 ] ] } },
{ "type": "Feature", "properties": { "name": null, "weight_class": 1, "permanent": false, "length_km": 2.5 }, "geometry": { "type": "LineString", "coordinates": [ [ -3.93279, 48.02781 ], [ -3.9376, 48.02305 ], [ -3.94428, 48.02114 ], [ -3.9449, 48.01822 ], [ -3.94838, 48.01713 ], [ -3.95107, 48.0139 ], [ -3.9537, 48.01252 ] ] } },
{ "type": "Feature", "properties": { "name": null, "weight_class": 1, "permanent": true, "length_km": 2.3 }, "geometry": { "type": "LineString", "coordinates": [ [ -3.91296, 48.03968 ], [ -3.91121, 48.03603 ], [ -3.91212, 48.03152 ], [ -3.91052, 48.02902 ], [ -3.91061, 48.02625 ], [ -3.90845, 48.02348 ], [ -3.90499, 48.02214 ] ] } },
{ "type": "Feature", "properties": { "name": null, "weight_class": 1, "permanent": true, "length_km": 4.4 }, "geometry": { "type": "LineString", "coordinates": [ [ -3.9696, 48.02133 ], [ -3.9718, 48.02189 ], [ -3.97796, 48.01951 ], [ -3.98255, 48.01939 ], [ -3.98426, 48.01852 ], [ -3.98403, 48.01653 ], [ -3.98811, 48.01503 ], [ -3.99026, 48.01242 ], [ -3.99042, 48.00866 ], [ -3.99577, 48.00454 ], [ -3.99663, 48.00214 ], [ -3.99967, 48.00067 ], [ -4.0008, 47.99638 ] ] } },
{ "type": "Feature", "properties": { "name": null, "weight_class": 1, "permanent": false, "length_km": 2.9 }, "geometry": { "type": "LineString", "coordinates": [ [ -3.99588, 48.03011 ], [ -4.0045, 48.02551 ], [ -4.01064, 48.02526 ], [ -4.01334, 48.0225 ], [ -4.01704, 48.02347 ], [ -4.02359, 48.02955 ] ] } },
{ "type": "Feature", "properties": { "name": null, "weight_class": 1, "permanent": false, "length_km": 2.1 }, "geometry": { "type": "LineString", "coordinates": [ [ -4.03426, 48.0222 ], [ -4.03681, 48.01921 ], [ -4.0421, 48.01808 ], [ -4.04349, 48.01439 ], [ -4.0468, 48.01251 ], [ -4.04734, 48.01062 ], [ -4.04946, 48.00907 ] ] } },
{ "type": "Feature", "properties": { "name": null, "weight_class": 1, "permanent": true, "length_km": 3.2 }, "geometry": { "type": "LineString", "coordinates": [ [ -4.10367, 48.02979 ], [ -4.10514, 48.02407 ], [ -4.10316, 48.02223 ], [ -4.09974, 48.02115 ], [ -4.09855, 48.01706 ], [ -4.10878, 48.01343 ], [ -4.11575, 48.01369 ] ] } },
{ "type": "Feature", "properties": { "name": null, "weight_class": 1, "permanent": true, "length_km": 6.2 }, "geometry": { "type": "LineString", "coordinates": [ [ -4.07606, 48.03752 ], [ -4.0786, 48.03622 ], [ -4.07821, 48.0318 ], [ -4.08071, 48.02984 ], [ -4.08557, 48.02766 ], [ -4.08641, 48.02809 ], [ -4.08339, 48.01864 ], [ -4.07835, 48.01308 ], [ -4.07849, 48.01147 ], [ -4.08204, 48.00903 ], [ -4.08531, 48.00016 ], [ -4.09534, 47.99762 ], [ -4.09652, 47.99542 ] ] } },
{ "type": "Feature", "properties": { "name": null, "weight_class": 1, "permanent": true, "length_km": 10.3 }, "geometry": { "type": "LineString", "coordinates": [ [ -3.92023, 48.01231 ], [ -3.92497, 48.01079 ], [ -3.93818, 48.01056 ], [ -3.94957, 48.0124 ], [ -3.95682, 48.01254 ], [ -3.96106, 48.01068 ], [ -3.96321, 48.00859 ], [ -3.9606, 48.00393 ], [ -3.96272, 48.00135 ], [ -3.96211, 47.99653 ], [ -3.96413, 47.99471 ], [ -3.97272, 47.9957 ], [ -3.97547, 47.99463 ], [ -3.98021, 47.99448 ], [ -3.98591, 47.99753 ], [ -3.98961, 47.99652 ], [ -3.99831, 47.99697 ], [ -4.00295, 47.99531 ], [ -4.0046, 47.99325 ], [ -4.00957, 47.99075 ], [ -4.01078, 47.98864 ] ] } },
{ "type": "Feature", "properties": { "name": null, "weight_class": 1, "permanent": true, "length_km": 2.1 }, "geometry": { "type": "LineString", "coordinates": [ [ -3.96895, 48.00926 ], [ -3.9722, 48.00693 ], [ -3.97498, 48.00698 ], [ -3.97878, 48.00551 ], [ -3.98162, 47.9999 ], [ -3.98129, 47.99807 ], [ -3.98344, 47.99661 ] ] } },
{ "type": "Feature", "properties": { "name": null, "weight_class": 1, "permanent": true, "length_km": 4.0 }, "geometry": { "type": "LineString", "coordinates": [ [ -3.92031, 47.98747 ], [ -3.9222, 47.99152 ], [ -3.92989, 47.99317 ], [ -3.93692, 47.99337 ], [ -3.94169, 47.99532 ], [ -3.94585, 47.99464 ], [ -3.95034, 47.99504 ], [ -3.95397, 47.9938 ], [ -3.96413, 47.99471 ] ] } },
{ "type": "Feature", "properties": { "name": null, "weight_class": 1, "permanent": true, "length_km": 2.1 }, "geometry": { "type": "LineString", "coordinates": [ [ -4.01513, 47.99993 ], [ -4.01908, 48.00051 ], [ -4.03048, 47.99818 ], [ -4.03479, 47.99494 ], [ -4.03666, 47.99196 ] ] } },
{ "type": "Feature", "properties": { "name": null, "weight_class": 1, "permanent": true, "length_km": 4.9 }, "geometry": { "type": "LineString", "coordinates": [ [ -4.02092, 48.01499 ], [ -4.01914, 48.01284 ], [ -4.02652, 48.01083 ], [ -4.03359, 48.00523 ], [ -4.04011, 48.00539 ], [ -4.04498, 48.0084 ], [ -4.04992, 48.00908 ], [ -4.05531, 48.00606 ], [ -4.05602, 48.00331 ], [ -4.06276, 48.00238 ], [ -4.06458, 48.00134 ], [ -4.06601, 48.00183 ] ] } },
{ "type": "Feature", "properties": { "name": null, "weight_class": 1, "permanent": true, "length_km": 5.4 }, "geometry": { "type": "LineString", "coordinates": [ [ -3.85549, 47.95981 ], [ -3.85649, 47.96098 ], [ -3.86906, 47.9599 ], [ -3.87917, 47.96432 ], [ -3.89467, 47.96657 ], [ -3.90281, 47.96935 ], [ -3.9059, 47.96956 ], [ -3.91251, 47.97301 ], [ -3.91108, 47.97565 ] ] } },
{ "type": "Feature", "properties": { "name": "le Mur", "weight_class": 1, "permanent": true, "length_km": 11.7 }, "geometry": { "type": "LineString", "coordinates": [ [ -3.95345, 47.96718 ], [ -3.95698, 47.96672 ], [ -3.96051, 47.96769 ], [ -3.97025, 47.96777 ], [ -3.97851, 47.97036 ], [ -3.98646, 47.96976 ], [ -3.98577, 47.96436 ], [ -3.98382, 47.96157 ], [ -3.98454, 47.96001 ], [ -3.98705, 47.95952 ], [ -3.98748, 47.95778 ], [ -3.99028, 47.9569 ], [ -3.99549, 47.95797 ], [ -3.99682, 47.9552 ], [ -4.0022, 47.95421 ], [ -4.00431, 47.95508 ], [ -4.00806, 47.9539 ], [ -4.00721, 47.95219 ], [ -4.01419, 47.95032 ], [ -4.01516, 47.94662 ], [ -4.02204, 47.94522 ], [ -4.02475, 47.94175 ], [ -4.02837, 47.94136 ], [ -4.03267, 47.94355 ], [ -4.03468, 47.9433 ], [ -4.0354, 47.94432 ], [ -4.03978, 47.94409 ], [ -4.04195, 47.94584 ], [ -4.04489, 47.94574 ], [ -4.04478, 47.94352 ], [ -4.04711, 47.94123 ], [ -4.04714, 47.93773 ] ] } },
{ "type": "Feature", "properties": { "name": null, "weight_class": 1, "permanent": true, "length_km": 3.1 }, "geometry": { "type": "LineString", "coordinates": [ [ -3.94171, 47.97057 ], [ -3.94761, 47.97217 ], [ -3.94922, 47.97362 ], [ -3.95299, 47.97204 ], [ -3.9629, 47.97284 ], [ -3.96657, 47.97816 ], [ -3.96582, 47.98308 ] ] } },
{ "type": "Feature", "properties": { "name": "le Lendu", "weight_class": 1, "permanent": true, "length_km": 9.2 }, "geometry": { "type": "MultiLineString", "coordinates": [ [ [ -4.0918, 47.94455 ], [ -4.09647, 47.94181 ] ], [ [ -4.01398, 47.9766 ], [ -4.01886, 47.97415 ], [ -4.02421, 47.97424 ], [ -4.03278, 47.96546 ], [ -4.03844, 47.96643 ], [ -4.049, 47.96365 ], [ -4.05624, 47.95794 ], [ -4.05398, 47.95688 ], [ -4.05443, 47.95519 ], [ -4.05691, 47.9537 ], [ -4.05884, 47.95367 ], [ -4.05912, 47.95224 ], [ -4.06193, 47.95057 ], [ -4.06355, 47.95106 ], [ -4.06987, 47.94888 ], [ -4.0735, 47.94947 ], [ -4.07581, 47.94827 ], [ -4.07985, 47.95054 ], [ -4.0863, 47.95067 ], [ -4.0872, 47.94863 ], [ -4.08937, 47.94804 ], [ -4.09, 47.94606 ] ] ] } },
{ "type": "Feature", "properties": { "name": null, "weight_class": 1, "permanent": false, "length_km": 2.3 }, "geometry": { "type": "LineString", "coordinates": [ [ -4.00703, 47.97985 ], [ -3.99906, 47.97929 ], [ -3.9926, 47.9761 ], [ -3.98948, 47.97804 ], [ -3.98643, 47.97698 ], [ -3.98093, 47.9789 ] ] } },
{ "type": "Feature", "properties": { "name": null, "weight_class": 1, "permanent": true, "length_km": 4.0 }, "geometry": { "type": "LineString", "coordinates": [ [ -4.03796, 47.97919 ], [ -4.04521, 47.97833 ], [ -4.04924, 47.97997 ], [ -4.05035, 47.97817 ], [ -4.05283, 47.97808 ], [ -4.0575, 47.97498 ], [ -4.0556, 47.96955 ], [ -4.0573, 47.96382 ], [ -4.05385, 47.96035 ] ] } },
{ "type": "Feature", "properties": { "name": null, "weight_class": 1, "permanent": true, "length_km": 3.5 }, "geometry": { "type": "LineString", "coordinates": [ [ -4.08257, 47.97077 ], [ -4.0734, 47.96976 ], [ -4.07107, 47.96718 ], [ -4.07528, 47.96274 ], [ -4.07573, 47.95974 ], [ -4.08078, 47.95737 ], [ -4.08168, 47.95532 ], [ -4.08446, 47.95392 ], [ -4.08475, 47.9507 ] ] } },
{ "type": "Feature", "properties": { "name": null, "weight_class": 1, "permanent": false, "length_km": 2.9 }, "geometry": { "type": "LineString", "coordinates": [ [ -4.07947, 47.98184 ], [ -4.07678, 47.98034 ], [ -4.07709, 47.9794 ], [ -4.08505, 47.97986 ], [ -4.09386, 47.97915 ], [ -4.09561, 47.97663 ], [ -4.09896, 47.9764 ], [ -4.10249, 47.97276 ] ] } },
{ "type": "Feature", "properties": { "name": null, "weight_class": 1, "permanent": false, "length_km": 2.5 }, "geometry": { "type": "LineString", "coordinates": [ [ -4.1855, 48.66671 ], [ -4.1879, 48.66759 ], [ -4.18955, 48.66653 ], [ -4.19673, 48.66665 ], [ -4.20334, 48.67093 ], [ -4.20743, 48.67188 ], [ -4.21264, 48.67475 ] ] } },
{ "type": "Feature", "properties": { "name": "le Kerallé", "weight_class": 1, "permanent": true, "length_km": 15.9 }, "geometry": { "type": "LineString", "coordinates": [ [ -4.1601, 48.57169 ], [ -4.15666, 48.57365 ], [ -4.15744, 48.57737 ], [ -4.15436, 48.58125 ], [ -4.15516, 48.58317 ], [ -4.15221, 48.58426 ], [ -4.1485, 48.58787 ], [ -4.14815, 48.59258 ], [ -4.15153, 48.59598 ], [ -4.14931, 48.60124 ], [ -4.15185, 48.60445 ], [ -4.15006, 48.61185 ], [ -4.15109, 48.61486 ], [ -4.14775, 48.617 ], [ -4.14725, 48.61954 ], [ -4.14891, 48.62077 ], [ -4.147, 48.62167 ], [ -4.1471, 48.62302 ], [ -4.14911, 48.6243 ], [ -4.14986, 48.6267 ], [ -4.15435, 48.62693 ], [ -4.15605, 48.62925 ], [ -4.16022, 48.63065 ], [ -4.15957, 48.63499 ], [ -4.15811, 48.63627 ], [ -4.16192, 48.64009 ], [ -4.16726, 48.64181 ], [ -4.16566, 48.6435 ], [ -4.1679, 48.64726 ], [ -4.17539, 48.64848 ], [ -4.17662, 48.64944 ], [ -4.18595, 48.64972 ], [ -4.1884, 48.65127 ], [ -4.18919, 48.65073 ], [ -4.19263, 48.65197 ], [ -4.19428, 48.65159 ], [ -4.19909, 48.65318 ], [ -4.20379, 48.65162 ], [ -4.21221, 48.65087 ], [ -4.21345, 48.6526 ], [ -4.21193, 48.65491 ], [ -4.21428, 48.65515 ], [ -4.21495, 48.65624 ] ] } },
{ "type": "Feature", "properties": { "name": "le Frout", "weight_class": 1, "permanent": true, "length_km": 10.6 }, "geometry": { "type": "LineString", "coordinates": [ [ -4.22313, 48.58517 ], [ -4.22555, 48.58621 ], [ -4.22453, 48.58888 ], [ -4.22521, 48.59368 ], [ -4.22758, 48.5971 ], [ -4.23098, 48.59808 ], [ -4.23175, 48.60173 ], [ -4.22874, 48.60611 ], [ -4.228, 48.61024 ], [ -4.22949, 48.61101 ], [ -4.2296, 48.61579 ], [ -4.22696, 48.62171 ], [ -4.23067, 48.62354 ], [ -4.23101, 48.62575 ], [ -4.23337, 48.62641 ], [ -4.23664, 48.62599 ], [ -4.23777, 48.63128 ], [ -4.23943, 48.63279 ], [ -4.23922, 48.63544 ], [ -4.24158, 48.63952 ], [ -4.24453, 48.64079 ], [ -4.24875, 48.64046 ], [ -4.25127, 48.64189 ], [ -4.25622, 48.64141 ], [ -4.26228, 48.63661 ], [ -4.26376, 48.63237 ], [ -4.2672, 48.63083 ], [ -4.27122, 48.63105 ] ] } },
{ "type": "Feature", "properties": { "name": "la Flèche", "weight_class": 1, "permanent": true, "length_km": 25.3 }, "geometry": { "type": "MultiLineString", "coordinates": [ [ [ -4.27476, 48.59743 ], [ -4.27352, 48.59886 ], [ -4.27396, 48.60072 ], [ -4.27761, 48.60383 ], [ -4.27824, 48.60646 ], [ -4.27086, 48.61629 ], [ -4.27157, 48.61757 ], [ -4.27021, 48.6206 ], [ -4.27317, 48.62275 ], [ -4.27366, 48.62505 ], [ -4.27158, 48.62543 ], [ -4.2724, 48.62671 ], [ -4.26985, 48.62988 ], [ -4.27178, 48.63209 ], [ -4.27384, 48.63183 ], [ -4.27545, 48.63319 ], [ -4.2771, 48.63223 ], [ -4.27858, 48.63309 ], [ -4.2792, 48.63189 ], [ -4.28086, 48.63286 ], [ -4.28215, 48.6322 ], [ -4.28413, 48.6331 ], [ -4.28578, 48.6322 ], [ -4.28938, 48.63304 ], [ -4.29402, 48.63651 ] ], [ [ -4.27336, 48.59543 ], [ -4.27476, 48.59743 ] ], [ [ -4.27336, 48.59543 ], [ -4.27358, 48.59692 ], [ -4.27476, 48.59743 ] ], [ [ -4.1193, 48.53677 ], [ -4.12753, 48.53934 ], [ -4.13465, 48.53861 ], [ -4.13855, 48.54204 ], [ -4.14291, 48.54252 ], [ -4.14611, 48.54459 ], [ -4.15276, 48.54638 ], [ -4.16159, 48.54691 ], [ -4.16578, 48.54887 ], [ -4.16986, 48.54892 ], [ -4.17679, 48.55291 ], [ -4.17993, 48.55245 ], [ -4.18504, 48.55316 ], [ -4.18754, 48.5547 ], [ -4.19065, 48.55511 ], [ -4.1913, 48.55671 ], [ -4.19344, 48.55735 ], [ -4.21295, 48.5599 ], [ -4.21497, 48.56167 ], [ -4.21858, 48.5607 ], [ -4.22016, 48.56183 ], [ -4.22999, 48.56264 ], [ -4.23208, 48.56435 ], [ -4.23398, 48.56377 ], [ -4.23721, 48.5651 ], [ -4.24122, 48.56475 ], [ -4.24409, 48.56715 ], [ -4.24819, 48.56742 ], [ -4.24985, 48.56991 ], [ -4.25855, 48.57101 ], [ -4.26186, 48.57361 ], [ -4.26231, 48.57792 ], [ -4.26721, 48.58178 ], [ -4.27087, 48.583 ], [ -4.27128, 48.58551 ], [ -4.26976, 48.58974 ], [ -4.27466, 48.59307 ], [ -4.27336, 48.59543 ] ] ] } },
{ "type": "Feature", "properties": { "name": null, "weight_class": 1, "permanent": false, "length_km": 2.3 }, "geometry": { "type": "LineString", "coordinates": [ [ -4.29442, 48.61586 ], [ -4.29559, 48.61958 ], [ -4.29937, 48.62086 ], [ -4.30082, 48.62564 ], [ -4.29914, 48.62696 ], [ -4.29839, 48.62999 ], [ -4.29904, 48.63288 ] ] } },
{ "type": "Feature", "properties": { "name": null, "weight_class": 1, "permanent": true, "length_km": 2.7 }, "geometry": { "type": "LineString", "coordinates": [ [ -4.3297, 48.58139 ], [ -4.33094, 48.5858 ], [ -4.33246, 48.58683 ], [ -4.33259, 48.59091 ], [ -4.32636, 48.59593 ], [ -4.32413, 48.60336 ] ] } },
{ "type": "Feature", "properties": { "name": null, "weight_class": 1, "permanent": false, "length_km": 3.7 }, "geometry": { "type": "LineString", "coordinates": [ [ -4.31772, 48.57365 ], [ -4.32175, 48.58101 ], [ -4.31872, 48.58869 ], [ -4.32026, 48.59152 ], [ -4.31945, 48.59371 ], [ -4.32065, 48.59727 ], [ -4.31928, 48.59939 ], [ -4.32275, 48.60136 ], [ -4.32149, 48.60283 ] ] } },
{ "type": "Feature", "properties": { "name": null, "weight_class": 1, "permanent": false, "length_km": 2.1 }, "geometry": { "type": "LineString", "coordinates": [ [ -4.24707, 48.58689 ], [ -4.25144, 48.5871 ], [ -4.26461, 48.59005 ], [ -4.26766, 48.58645 ], [ -4.27094, 48.58602 ] ] } },
{ "type": "Feature", "properties": { "name": null, "weight_class": 1, "permanent": true, "length_km": 2.1 }, "geometry": { "type": "LineString", "coordinates": [ [ -4.23486, 48.58009 ], [ -4.23889, 48.57452 ], [ -4.2467, 48.57319 ], [ -4.24547, 48.56726 ] ] } },
{ "type": "Feature", "properties": { "name": null, "weight_class": 1, "permanent": false, "length_km": 2.3 }, "geometry": { "type": "LineString", "coordinates": [ [ -4.21946, 48.63489 ], [ -4.21797, 48.63826 ], [ -4.21849, 48.64104 ], [ -4.22125, 48.6439 ], [ -4.22272, 48.64367 ], [ -4.22504, 48.64655 ], [ -4.22259, 48.6487 ], [ -4.22198, 48.65149 ] ] } },
{ "type": "Feature", "properties": { "name": "ar Rest", "weight_class": 1, "permanent": true, "length_km": 8.5 }, "geometry": { "type": "MultiLineString", "coordinates": [ [ [ -4.21821, 48.58602 ], [ -4.21833, 48.58891 ], [ -4.21636, 48.59048 ], [ -4.21639, 48.59248 ], [ -4.20932, 48.60655 ], [ -4.2037, 48.61047 ], [ -4.20131, 48.61424 ], [ -4.20396, 48.61568 ], [ -4.20653, 48.61962 ], [ -4.20659, 48.6288 ], [ -4.21062, 48.63334 ], [ -4.20835, 48.63779 ] ], [ [ -4.20785, 48.6381 ], [ -4.20743, 48.64304 ], [ -4.20352, 48.64787 ], [ -4.2069, 48.65134 ] ] ] } },
{ "type": "Feature", "properties": { "name": null, "weight_class": 1, "permanent": true, "length_km": 3.3 }, "geometry": { "type": "LineString", "coordinates": [ [ -4.24955, 48.60318 ], [ -4.25099, 48.60702 ], [ -4.25362, 48.60992 ], [ -4.25339, 48.61605 ], [ -4.25571, 48.6189 ], [ -4.26899, 48.61716 ], [ -4.27149, 48.61775 ] ] } },
{ "type": "Feature", "properties": { "name": null, "weight_class": 1, "permanent": true, "length_km": 2.9 }, "geometry": { "type": "LineString", "coordinates": [ [ -4.25022, 48.59647 ], [ -4.26049, 48.60101 ], [ -4.26426, 48.60699 ], [ -4.26889, 48.61045 ], [ -4.27224, 48.61513 ] ] } },
{ "type": "Feature", "properties": { "name": null, "weight_class": 1, "permanent": false, "length_km": 4.6 }, "geometry": { "type": "LineString", "coordinates": [ [ -4.34992, 48.63421 ], [ -4.35238, 48.63997 ], [ -4.35875, 48.64244 ], [ -4.36606, 48.6438 ], [ -4.36909, 48.64732 ], [ -4.37416, 48.64761 ], [ -4.37919, 48.65133 ], [ -4.37888, 48.65495 ], [ -4.38003, 48.65645 ], [ -4.37757, 48.65877 ], [ -4.37803, 48.65964 ], [ -4.37959, 48.65968 ] ] } },
{ "type": "Feature", "properties": { "name": null, "weight_class": 1, "permanent": true, "length_km": 3.8 }, "geometry": { "type": "LineString", "coordinates": [ [ -4.35013, 48.57715 ], [ -4.35167, 48.58081 ], [ -4.35135, 48.58388 ], [ -4.35299, 48.58628 ], [ -4.35191, 48.58913 ], [ -4.35356, 48.59147 ], [ -4.35156, 48.5959 ], [ -4.3504, 48.60647 ], [ -4.34902, 48.60773 ] ] } },
{ "type": "Feature", "properties": { "name": null, "weight_class": 1, "permanent": true, "length_km": 6.7 }, "geometry": { "type": "LineString", "coordinates": [ [ -4.39108, 48.57614 ], [ -4.39089, 48.57535 ], [ -4.38911, 48.57529 ], [ -4.37982, 48.57747 ], [ -4.37639, 48.57713 ], [ -4.37478, 48.57818 ], [ -4.37306, 48.58475 ], [ -4.36911, 48.58671 ], [ -4.3676, 48.59205 ], [ -4.35794, 48.59901 ], [ -4.35593, 48.60443 ], [ -4.35157, 48.60525 ], [ -4.3427, 48.61289 ], [ -4.34315, 48.61459 ] ] } },
{ "type": "Feature", "properties": { "name": null, "weight_class": 1, "permanent": true, "length_km": 3.6 }, "geometry": { "type": "LineString", "coordinates": [ [ -4.38772, 48.58626 ], [ -4.38393, 48.58903 ], [ -4.37873, 48.5896 ], [ -4.37576, 48.59164 ], [ -4.37289, 48.5917 ], [ -4.37078, 48.59449 ], [ -4.36747, 48.59545 ], [ -4.36221, 48.60318 ], [ -4.35607, 48.60353 ] ] } },
{ "type": "Feature", "properties": { "name": null, "weight_class": 1, "permanent": false, "length_km": 2.1 }, "geometry": { "type": "LineString", "coordinates": [ [ -4.33798, 48.57012 ], [ -4.33779, 48.57153 ], [ -4.34004, 48.57365 ], [ -4.33955, 48.57796 ], [ -4.34796, 48.57924 ], [ -4.35142, 48.58193 ] ] } },
{ "type": "Feature", "properties": { "name": null, "weight_class": 1, "permanent": false, "length_km": 2.6 }, "geometry": { "type": "LineString", "coordinates": [ [ -4.36458, 48.5684 ], [ -4.36262, 48.56454 ], [ -4.36635, 48.5607 ], [ -4.36674, 48.5568 ], [ -4.35981, 48.55291 ], [ -4.36149, 48.5498 ] ] } },
{ "type": "Feature", "properties": { "name": "Fleuve l'Élorn", "weight_class": 1, "permanent": true, "length_km": 3.2 }, "geometry": { "type": "MultiLineString", "coordinates": [ [ [ -4.22409, 48.46742 ], [ -4.22548, 48.46503 ], [ -4.22888, 48.46284 ] ], [ [ -4.21094, 48.47495 ], [ -4.21415, 48.47375 ], [ -4.21428, 48.47044 ], [ -4.21554, 48.47002 ] ], [ [ -4.09819, 48.4177 ], [ -4.09924, 48.41981 ], [ -4.10053, 48.41962 ] ], [ [ -4.085, 48.40417 ], [ -4.08856, 48.40687 ], [ -4.08709, 48.40741 ] ], [ [ -4.07065, 48.3974 ], [ -4.07538, 48.40035 ] ] ] } },
{ "type": "Feature", "properties": { "name": null, "weight_class": 1, "permanent": true, "length_km": 5.4 }, "geometry": { "type": "LineString", "coordinates": [ [ -4.19419, 48.52276 ], [ -4.19764, 48.52481 ], [ -4.19773, 48.52909 ], [ -4.20032, 48.52936 ], [ -4.20499, 48.5331 ], [ -4.20715, 48.53662 ], [ -4.21671, 48.53995 ], [ -4.21715, 48.54303 ], [ -4.21543, 48.54509 ], [ -4.21339, 48.56042 ] ] } },
{ "type": "Feature", "properties": { "name": null, "weight_class": 1, "permanent": false, "length_km": 2.1 }, "geometry": { "type": "LineString", "coordinates": [ [ -4.18269, 48.56911 ], [ -4.18611, 48.56771 ], [ -4.19019, 48.56399 ], [ -4.19757, 48.56142 ], [ -4.20277, 48.55834 ] ] } },
{ "type": "Feature", "properties": { "name": null, "weight_class": 1, "permanent": true, "length_km": 4.6 }, "geometry": { "type": "LineString", "coordinates": [ [ -4.17475, 48.52036 ], [ -4.17632, 48.52176 ], [ -4.17692, 48.52463 ], [ -4.17331, 48.52903 ], [ -4.17342, 48.53146 ], [ -4.17555, 48.53336 ], [ -4.17399, 48.53697 ], [ -4.17614, 48.539 ], [ -4.17662, 48.5419 ], [ -4.18411, 48.54472 ], [ -4.18473, 48.54701 ], [ -4.18181, 48.55253 ], [ -4.18276, 48.5532 ] ] } },
{ "type": "Feature", "properties": { "name": null, "weight_class": 1, "permanent": false, "length_km": 3.6 }, "geometry": { "type": "LineString", "coordinates": [ [ -4.25383, 48.55255 ], [ -4.25547, 48.55518 ], [ -4.25903, 48.55674 ], [ -4.2629, 48.55688 ], [ -4.26482, 48.55993 ], [ -4.27065, 48.56185 ], [ -4.2706, 48.56678 ], [ -4.275, 48.56832 ], [ -4.28024, 48.57201 ], [ -4.28363, 48.57246 ] ] } },
{ "type": "Feature", "properties": { "name": null, "weight_class": 1, "permanent": true, "length_km": 4.3 }, "geometry": { "type": "LineString", "coordinates": [ [ -4.23142, 48.54003 ], [ -4.23508, 48.54225 ], [ -4.23531, 48.54451 ], [ -4.2419, 48.55178 ], [ -4.24377, 48.55657 ], [ -4.24729, 48.55789 ], [ -4.24825, 48.55946 ], [ -4.2528, 48.56097 ], [ -4.25089, 48.56595 ], [ -4.25318, 48.57054 ] ] } },
{ "type": "Feature", "properties": { "name": null, "weight_class": 1, "permanent": true, "length_km": 2.9 }, "geometry": { "type": "LineString", "coordinates": [ [ -4.2961, 48.54777 ], [ -4.29568, 48.55245 ], [ -4.29835, 48.55505 ], [ -4.2954, 48.56001 ], [ -4.29599, 48.56259 ], [ -4.29377, 48.56564 ], [ -4.28572, 48.56627 ] ] } },
{ "type": "Feature", "properties": { "name": null, "weight_class": 1, "permanent": true, "length_km": 2.7 }, "geometry": { "type": "LineString", "coordinates": [ [ -4.17429, 48.51491 ], [ -4.17601, 48.51135 ], [ -4.16782, 48.50637 ], [ -4.16913, 48.50153 ], [ -4.16242, 48.49664 ] ] } },
{ "type": "Feature", "properties": { "name": null, "weight_class": 1, "permanent": false, "length_km": 2.0 }, "geometry": { "type": "LineString", "coordinates": [ [ -4.21705, 48.51301 ], [ -4.21782, 48.51168 ], [ -4.22124, 48.51138 ], [ -4.2242, 48.5089 ], [ -4.22404, 48.50315 ], [ -4.22013, 48.49942 ] ] } },
{ "type": "Feature", "properties": { "name": null, "weight_class": 1, "permanent": true, "length_km": 2.9 }, "geometry": { "type": "LineString", "coordinates": [ [ -4.24281, 48.50926 ], [ -4.23494, 48.50521 ], [ -4.22928, 48.50471 ], [ -4.22732, 48.50169 ], [ -4.22013, 48.49942 ], [ -4.21851, 48.49661 ], [ -4.2158, 48.49581 ], [ -4.21638, 48.49473 ] ] } },
{ "type": "Feature", "properties": { "name": null, "weight_class": 1, "permanent": false, "length_km": 4.1 }, "geometry": { "type": "LineString", "coordinates": [ [ -4.20874, 48.52441 ], [ -4.21114, 48.5266 ], [ -4.21994, 48.53058 ], [ -4.22381, 48.53119 ], [ -4.22988, 48.53465 ], [ -4.2365, 48.53575 ], [ -4.24082, 48.53411 ], [ -4.24909, 48.53668 ], [ -4.25195, 48.53352 ] ] } },
{ "type": "Feature", "properties": { "name": null, "weight_class": 1, "permanent": true, "length_km": 3.2 }, "geometry": { "type": "LineString", "coordinates": [ [ -4.29416, 48.51494 ], [ -4.2969, 48.51797 ], [ -4.30042, 48.51924 ], [ -4.30259, 48.52764 ], [ -4.31475, 48.53262 ], [ -4.31944, 48.53322 ] ] } },
{ "type": "Feature", "properties": { "name": null, "weight_class": 1, "permanent": true, "length_km": 3.8 }, "geometry": { "type": "LineString", "coordinates": [ [ -4.28362, 48.48206 ], [ -4.28342, 48.48294 ], [ -4.28629, 48.48442 ], [ -4.28525, 48.49225 ], [ -4.28628, 48.49435 ], [ -4.28934, 48.4954 ], [ -4.29088, 48.4984 ], [ -4.29492, 48.50129 ], [ -4.2951, 48.50273 ], [ -4.29949, 48.50462 ], [ -4.3011, 48.50764 ], [ -4.30072, 48.50966 ] ] } },
{ "type": "Feature", "properties": { "name": null, "weight_class": 1, "permanent": true, "length_km": 2.7 }, "geometry": { "type": "LineString", "coordinates": [ [ -4.30267, 48.49068 ], [ -4.30312, 48.49339 ], [ -4.29975, 48.49653 ], [ -4.30495, 48.50314 ], [ -4.30526, 48.50486 ], [ -4.30362, 48.50664 ], [ -4.30402, 48.51114 ] ] } },
{ "type": "Feature", "properties": { "name": null, "weight_class": 1, "permanent": true, "length_km": 3.6 }, "geometry": { "type": "LineString", "coordinates": [ [ -4.2839, 48.46861 ], [ -4.28012, 48.46755 ], [ -4.27962, 48.46544 ], [ -4.2766, 48.46345 ], [ -4.27724, 48.46042 ], [ -4.27559, 48.45644 ], [ -4.26648, 48.45344 ], [ -4.26546, 48.45007 ], [ -4.26314, 48.45036 ], [ -4.261, 48.44816 ], [ -4.26242, 48.44747 ], [ -4.26156, 48.44678 ] ] } },
{ "type": "Feature", "properties": { "name": null, "weight_class": 1, "permanent": true, "length_km": 5.5 }, "geometry": { "type": "LineString", "coordinates": [ [ -4.30895, 48.47165 ], [ -4.30717, 48.46801 ], [ -4.30122, 48.46257 ], [ -4.30223, 48.46056 ], [ -4.30014, 48.45592 ], [ -4.30303, 48.45148 ], [ -4.30073, 48.44584 ], [ -4.29807, 48.44503 ], [ -4.29023, 48.44625 ], [ -4.28764, 48.44586 ], [ -4.2849, 48.44471 ], [ -4.28253, 48.44118 ], [ -4.27709, 48.44091 ] ] } },
{ "type": "Feature", "properties": { "name": null, "weight_class": 1, "permanent": true, "length_km": 7.2 }, "geometry": { "type": "LineString", "coordinates": [ [ -4.18373, 48.51835 ], [ -4.18763, 48.51811 ], [ -4.1899, 48.5143 ], [ -4.19171, 48.51342 ], [ -4.19561, 48.51339 ], [ -4.20058, 48.50276 ], [ -4.20716, 48.49807 ], [ -4.21018, 48.49748 ], [ -4.21437, 48.49505 ], [ -4.21741, 48.49464 ], [ -4.21643, 48.49087 ], [ -4.22239, 48.48792 ], [ -4.22123, 48.48046 ], [ -4.21443, 48.47447 ] ] } },
{ "type": "Feature", "properties": { "name": null, "weight_class": 1, "permanent": true, "length_km": 2.5 }, "geometry": { "type": "LineString", "coordinates": [ [ -4.19272, 48.49088 ], [ -4.19513, 48.49051 ], [ -4.19767, 48.48827 ], [ -4.19942, 48.488 ], [ -4.20224, 48.48522 ], [ -4.20042, 48.48328 ], [ -4.20091, 48.4821 ], [ -4.2059, 48.4784 ], [ -4.20387, 48.47695 ], [ -4.20359, 48.47488 ] ] } },
{ "type": "Feature", "properties": { "name": null, "weight_class": 1, "permanent": true, "length_km": 2.3 }, "geometry": { "type": "LineString", "coordinates": [ [ -4.2557, 48.48166 ], [ -4.25548, 48.48025 ], [ -4.25186, 48.47997 ], [ -4.24995, 48.47857 ], [ -4.24738, 48.47621 ], [ -4.24644, 48.47351 ], [ -4.23391, 48.47148 ] ] } },
{ "type": "Feature", "properties": { "name": null, "weight_class": 1, "permanent": true, "length_km": 3.1 }, "geometry": { "type": "LineString", "coordinates": [ [ -4.24329, 48.48569 ], [ -4.24132, 48.48588 ], [ -4.23385, 48.48198 ], [ -4.23344, 48.46981 ], [ -4.23141, 48.46815 ], [ -4.22942, 48.46835 ], [ -4.22476, 48.46655 ] ] } },
{ "type": "Feature", "properties": { "name": null, "weight_class": 1, "permanent": false, "length_km": 2.4 }, "geometry": { "type": "LineString", "coordinates": [ [ -4.24979, 48.50209 ], [ -4.25134, 48.506 ], [ -4.25561, 48.50799 ], [ -4.25626, 48.51214 ], [ -4.258, 48.51385 ], [ -4.26231, 48.51599 ], [ -4.26481, 48.51581 ], [ -4.26576, 48.51687 ] ] } },
{ "type": "Feature", "properties": { "name": null, "weight_class": 1, "permanent": true, "length_km": 3.9 }, "geometry": { "type": "LineString", "coordinates": [ [ -4.26765, 48.48128 ], [ -4.26649, 48.47607 ], [ -4.26393, 48.47335 ], [ -4.26023, 48.47313 ], [ -4.2583, 48.47043 ], [ -4.25605, 48.46976 ], [ -4.25643, 48.46751 ], [ -4.2489, 48.46079 ], [ -4.2407, 48.45888 ], [ -4.23956, 48.45749 ] ] } },
{ "type": "Feature", "properties": { "name": null, "weight_class": 1, "permanent": true, "length_km": 10.5 }, "geometry": { "type": "LineString", "coordinates": [ [ -4.26337, 48.49458 ], [ -4.26608, 48.49716 ], [ -4.27098, 48.49844 ], [ -4.27589, 48.50168 ], [ -4.27638, 48.5043 ], [ -4.282, 48.50709 ], [ -4.28781, 48.50755 ], [ -4.29184, 48.50594 ], [ -4.29308, 48.50699 ], [ -4.29736, 48.50778 ], [ -4.3095, 48.51414 ], [ -4.31102, 48.51799 ], [ -4.31503, 48.51914 ], [ -4.3168, 48.52643 ], [ -4.3194, 48.52714 ], [ -4.32019, 48.52828 ], [ -4.32013, 48.53411 ], [ -4.32151, 48.53543 ], [ -4.3267, 48.53688 ], [ -4.33431, 48.54438 ], [ -4.33469, 48.54719 ], [ -4.33708, 48.54708 ], [ -4.34312, 48.55014 ] ] } },
{ "type": "Feature", "properties": { "name": null, "weight_class": 1, "permanent": true, "length_km": 13.2 }, "geometry": { "type": "LineString", "coordinates": [ [ -4.33018, 48.45998 ], [ -4.32788, 48.46676 ], [ -4.33839, 48.48315 ], [ -4.341, 48.4841 ], [ -4.34801, 48.48431 ], [ -4.35227, 48.48641 ], [ -4.35349, 48.48934 ], [ -4.35294, 48.49128 ], [ -4.35247, 48.4922 ], [ -4.35043, 48.49255 ], [ -4.34976, 48.49897 ], [ -4.34692, 48.50023 ], [ -4.35314, 48.50585 ], [ -4.35361, 48.51035 ], [ -4.35623, 48.51306 ], [ -4.35526, 48.51485 ], [ -4.35891, 48.51707 ], [ -4.35982, 48.51976 ], [ -4.35874, 48.52262 ], [ -4.3621, 48.524 ], [ -4.36346, 48.52841 ], [ -4.3612, 48.52972 ], [ -4.36168, 48.53136 ], [ -4.36777, 48.53785 ], [ -4.37204, 48.53983 ], [ -4.37178, 48.5416 ], [ -4.37383, 48.54369 ], [ -4.37269, 48.54532 ] ] } },
{ "type": "Feature", "properties": { "name": null, "weight_class": 1, "permanent": false, "length_km": 3.6 }, "geometry": { "type": "LineString", "coordinates": [ [ -4.33628, 48.52803 ], [ -4.33826, 48.53159 ], [ -4.34243, 48.53394 ], [ -4.34471, 48.53433 ], [ -4.34749, 48.53348 ], [ -4.35554, 48.53539 ], [ -4.35544, 48.53979 ], [ -4.35767, 48.54309 ], [ -4.36221, 48.54339 ], [ -4.36493, 48.54624 ] ] } },
{ "type": "Feature", "properties": { "name": null, "weight_class": 1, "permanent": true, "length_km": 7.2 }, "geometry": { "type": "LineString", "coordinates": [ [ -4.32713, 48.48363 ], [ -4.32913, 48.48546 ], [ -4.32745, 48.48993 ], [ -4.32865, 48.49372 ], [ -4.32784, 48.49418 ], [ -4.33225, 48.49951 ], [ -4.33458, 48.49994 ], [ -4.3333, 48.50127 ], [ -4.33433, 48.50294 ], [ -4.33693, 48.50322 ], [ -4.34047, 48.50727 ], [ -4.34037, 48.516 ], [ -4.34537, 48.51713 ], [ -4.34667, 48.51914 ], [ -4.35089, 48.52098 ], [ -4.3521, 48.52322 ], [ -4.357, 48.52544 ], [ -4.35795, 48.52941 ], [ -4.3612, 48.52972 ] ] } },
{ "type": "Feature", "properties": { "name": null, "weight_class": 1, "permanent": true, "length_km": 3.0 }, "geometry": { "type": "LineString", "coordinates": [ [ -4.31605, 48.48843 ], [ -4.31529, 48.49064 ], [ -4.31206, 48.49148 ], [ -4.31128, 48.49418 ], [ -4.31485, 48.49818 ], [ -4.32125, 48.50091 ], [ -4.32611, 48.49967 ], [ -4.3333, 48.50127 ] ] } },
{ "type": "Feature", "properties": { "name": null, "weight_class": 1, "permanent": true, "length_km": 2.7 }, "geometry": { "type": "LineString", "coordinates": [ [ -4.32384, 48.46087 ], [ -4.3207, 48.46263 ], [ -4.32004, 48.46447 ], [ -4.31618, 48.46444 ], [ -4.31318, 48.46164 ], [ -4.30773, 48.461 ], [ -4.30463, 48.45831 ], [ -4.3042, 48.45578 ], [ -4.30188, 48.45308 ] ] } },
{ "type": "Feature", "properties": { "name": null, "weight_class": 1, "permanent": true, "length_km": 3.1 }, "geometry": { "type": "LineString", "coordinates": [ [ -4.35154, 48.45151 ], [ -4.35604, 48.44754 ], [ -4.35631, 48.44495 ], [ -4.36125, 48.44493 ], [ -4.36236, 48.4457 ], [ -4.36572, 48.44448 ], [ -4.36748, 48.44169 ], [ -4.37087, 48.44189 ], [ -4.37708, 48.43667 ] ] } },
{ "type": "Feature", "properties": { "name": "Ruisseau la Mignonne", "weight_class": 1, "permanent": true, "length_km": 2.7 }, "geometry": { "type": "MultiLineString", "coordinates": [ [ [ -4.22128, 48.38335 ], [ -4.22785, 48.3776 ], [ -4.23002, 48.37718 ], [ -4.23077, 48.37563 ], [ -4.23515, 48.37358 ], [ -4.2363, 48.37176 ] ], [ [ -4.20763, 48.39445 ], [ -4.21117, 48.39237 ], [ -4.21337, 48.38897 ] ] ] } },
{ "type": "Feature", "properties": { "name": null, "weight_class": 1, "permanent": true, "length_km": 5.7 }, "geometry": { "type": "LineString", "coordinates": [ [ -4.16695, 48.44439 ], [ -4.16894, 48.44288 ], [ -4.16763, 48.43562 ], [ -4.16591, 48.4344 ], [ -4.16737, 48.43054 ], [ -4.1633, 48.42974 ], [ -4.16192, 48.42556 ], [ -4.1604, 48.42421 ], [ -4.15634, 48.42342 ], [ -4.15406, 48.42056 ], [ -4.15422, 48.41745 ], [ -4.15703, 48.41536 ], [ -4.15797, 48.41161 ], [ -4.15303, 48.40482 ] ] } },
{ "type": "Feature", "properties": { "name": null, "weight_class": 1, "permanent": true, "length_km": 2.6 }, "geometry": { "type": "LineString", "coordinates": [ [ -4.25117, 48.4321 ], [ -4.25436, 48.43237 ], [ -4.25844, 48.4308 ], [ -4.261, 48.43125 ], [ -4.26422, 48.43524 ], [ -4.26876, 48.4381 ], [ -4.27124, 48.44474 ] ] } },
{ "type": "Feature", "properties": { "name": null, "weight_class": 1, "permanent": true, "length_km": 3.9 }, "geometry": { "type": "LineString", "coordinates": [ [ -4.19756, 48.42363 ], [ -4.19465, 48.42253 ], [ -4.19266, 48.41762 ], [ -4.19772, 48.41382 ], [ -4.19625, 48.40883 ], [ -4.20004, 48.40489 ], [ -4.19971, 48.40039 ], [ -4.20149, 48.39661 ], [ -4.20032, 48.39433 ] ] } },
{ "type": "Feature", "properties": { "name": null, "weight_class": 1, "permanent": true, "length_km": 2.4 }, "geometry": { "type": "LineString", "coordinates": [ [ -4.20357, 48.4313 ], [ -4.20314, 48.43499 ], [ -4.20102, 48.43652 ], [ -4.20128, 48.43921 ], [ -4.19887, 48.44464 ], [ -4.19966, 48.44979 ] ] } },
{ "type": "Feature", "properties": { "name": null, "weight_class": 1, "permanent": true, "length_km": 4.8 }, "geometry": { "type": "LineString", "coordinates": [ [ -4.21922, 48.42603 ], [ -4.21653, 48.4237 ], [ -4.21742, 48.42252 ], [ -4.2151, 48.42032 ], [ -4.21451, 48.41629 ], [ -4.21615, 48.41401 ], [ -4.22126, 48.41192 ], [ -4.2226, 48.40725 ], [ -4.21993, 48.40301 ], [ -4.21442, 48.40208 ], [ -4.21354, 48.39832 ], [ -4.21214, 48.39601 ], [ -4.21022, 48.39535 ], [ -4.21015, 48.39398 ] ] } },
{ "type": "Feature", "properties": { "name": null, "weight_class": 1, "permanent": false, "length_km": 5.9 }, "geometry": { "type": "LineString", "coordinates": [ [ -4.29501, 48.39549 ], [ -4.27842, 48.40287 ], [ -4.27596, 48.4057 ], [ -4.27268, 48.40605 ], [ -4.27178, 48.40705 ], [ -4.27233, 48.41573 ], [ -4.27483, 48.4177 ], [ -4.27596, 48.42336 ], [ -4.28076, 48.42583 ], [ -4.2834, 48.43522 ] ] } },
{ "type": "Feature", "properties": { "name": "la Mignonne", "weight_class": 1, "permanent": false, "length_km": 19.7 }, "geometry": { "type": "LineString", "coordinates": [ [ -4.08616, 48.36983 ], [ -4.09339, 48.37608 ], [ -4.09431, 48.37885 ], [ -4.09662, 48.37928 ], [ -4.10331, 48.38545 ], [ -4.11114, 48.38585 ], [ -4.1119, 48.38667 ], [ -4.11624, 48.38615 ], [ -4.1197, 48.38355 ], [ -4.12371, 48.38362 ], [ -4.12861, 48.38572 ], [ -4.13025, 48.38878 ], [ -4.13223, 48.38963 ], [ -4.13713, 48.38886 ], [ -4.13827, 48.39282 ], [ -4.14163, 48.39375 ], [ -4.14439, 48.39624 ], [ -4.15122, 48.39772 ], [ -4.15458, 48.39938 ], [ -4.16081, 48.40007 ], [ -4.16354, 48.3989 ], [ -4.1725, 48.39809 ], [ -4.17915, 48.39596 ], [ -4.18275, 48.39628 ], [ -4.18647, 48.39539 ], [ -4.19414, 48.39658 ], [ -4.19768, 48.39442 ], [ -4.20735, 48.39451 ], [ -4.21128, 48.39371 ], [ -4.21439, 48.39099 ], [ -4.21337, 48.38897 ], [ -4.21516, 48.38593 ], [ -4.22095, 48.38417 ], [ -4.22316, 48.37938 ], [ -4.22694, 48.37758 ], [ -4.22815, 48.37564 ], [ -4.23061, 48.37535 ], [ -4.23142, 48.37333 ], [ -4.23422, 48.37331 ], [ -4.23536, 48.37183 ], [ -4.23907, 48.37163 ], [ -4.24561, 48.36932 ], [ -4.26041, 48.36263 ], [ -4.26089, 48.36065 ] ] } },
{ "type": "Feature", "properties": { "name": null, "weight_class": 1, "permanent": true, "length_km": 7.7 }, "geometry": { "type": "LineString", "coordinates": [ [ -4.23694, 48.41521 ], [ -4.23725, 48.40728 ], [ -4.23461, 48.40471 ], [ -4.23327, 48.40031 ], [ -4.23444, 48.39765 ], [ -4.23648, 48.39683 ], [ -4.23604, 48.39334 ], [ -4.23873, 48.39062 ], [ -4.23817, 48.38869 ], [ -4.24178, 48.38663 ], [ -4.25556, 48.38366 ], [ -4.25725, 48.38214 ], [ -4.25859, 48.37962 ], [ -4.25743, 48.37607 ], [ -4.26009, 48.36994 ], [ -4.25777, 48.3658 ], [ -4.26041, 48.36263 ] ] } },
{ "type": "Feature", "properties": { "name": null, "weight_class": 1, "permanent": true, "length_km": 2.6 }, "geometry": { "type": "LineString", "coordinates": [ [ -4.25944, 48.39874 ], [ -4.25342, 48.39989 ], [ -4.24778, 48.39571 ], [ -4.24734, 48.39233 ], [ -4.24784, 48.39089 ], [ -4.2509, 48.38946 ], [ -4.25147, 48.3843 ] ] } },
{ "type": "Feature", "properties": { "name": null, "weight_class": 1, "permanent": true, "length_km": 4.3 }, "geometry": { "type": "LineString", "coordinates": [ [ -4.15211, 48.36652 ], [ -4.16397, 48.36493 ], [ -4.16693, 48.36381 ], [ -4.17729, 48.36397 ], [ -4.18219, 48.36282 ], [ -4.188, 48.35595 ], [ -4.19222, 48.35401 ], [ -4.19713, 48.35309 ] ] } },
{ "type": "Feature", "properties": { "name": null, "weight_class": 2, "permanent": true, "length_km": 10.0 }, "geometry": { "type": "LineString", "coordinates": [ [ -4.15385, 48.38207 ], [ -4.16293, 48.38313 ], [ -4.16742, 48.3798 ], [ -4.17957, 48.37571 ], [ -4.18319, 48.37323 ], [ -4.2012, 48.36952 ], [ -4.20392, 48.3672 ], [ -4.20667, 48.36702 ], [ -4.21316, 48.36447 ], [ -4.21644, 48.36451 ], [ -4.22017, 48.36192 ], [ -4.22039, 48.36074 ], [ -4.22621, 48.35907 ], [ -4.23006, 48.35895 ], [ -4.23195, 48.35775 ], [ -4.23635, 48.35813 ], [ -4.23942, 48.35701 ], [ -4.24127, 48.35753 ], [ -4.24453, 48.35683 ], [ -4.24867, 48.35726 ], [ -4.25382, 48.3591 ], [ -4.26157, 48.35977 ] ] } },
{ "type": "Feature", "properties": { "name": null, "weight_class": 1, "permanent": true, "length_km": 5.7 }, "geometry": { "type": "LineString", "coordinates": [ [ -4.28057, 48.39204 ], [ -4.28025, 48.38908 ], [ -4.27688, 48.38627 ], [ -4.27662, 48.38257 ], [ -4.28563, 48.3813 ], [ -4.2949, 48.37865 ], [ -4.29586, 48.3765 ], [ -4.29969, 48.37528 ], [ -4.3046, 48.37199 ], [ -4.30508, 48.36826 ], [ -4.30753, 48.36605 ], [ -4.31302, 48.36474 ], [ -4.31764, 48.36216 ] ] } },
{ "type": "Feature", "properties": { "name": "Rivière du Faou", "weight_class": 1, "permanent": true, "length_km": 5.2 }, "geometry": { "type": "MultiLineString", "coordinates": [ [ [ -4.2363, 48.31086 ], [ -4.24347, 48.30945 ], [ -4.24428, 48.30747 ] ], [ [ -4.24234, 48.30513 ], [ -4.23969, 48.30347 ], [ -4.23949, 48.30163 ] ], [ [ -4.20265, 48.32754 ], [ -4.21111, 48.32734 ], [ -4.2194, 48.3255 ], [ -4.22556, 48.32169 ], [ -4.23204, 48.31552 ], [ -4.2309, 48.31266 ], [ -4.22902, 48.31209 ], [ -4.23183, 48.31091 ], [ -4.23527, 48.31104 ] ] ] } },
{ "type": "Feature", "properties": { "name": null, "weight_class": 1, "permanent": true, "length_km": 3.7 }, "geometry": { "type": "LineString", "coordinates": [ [ -4.32859, 48.26811 ], [ -4.31264, 48.26979 ], [ -4.30892, 48.27176 ], [ -4.30062, 48.273 ], [ -4.28723, 48.27388 ], [ -4.28358, 48.27575 ] ] } },
{ "type": "Feature", "properties": { "name": null, "weight_class": 1, "permanent": true, "length_km": 3.7 }, "geometry": { "type": "LineString", "coordinates": [ [ -4.15294, 48.26939 ], [ -4.14979, 48.27035 ], [ -4.14776, 48.26977 ], [ -4.1407, 48.25889 ], [ -4.14575, 48.25511 ], [ -4.14653, 48.25252 ], [ -4.14861, 48.25065 ], [ -4.15363, 48.24802 ], [ -4.15364, 48.24694 ] ] } },
{ "type": "Feature", "properties": { "name": null, "weight_class": 1, "permanent": true, "length_km": 2.7 }, "geometry": { "type": "LineString", "coordinates": [ [ -4.23655, 48.22977 ], [ -4.23174, 48.23417 ], [ -4.22527, 48.23807 ], [ -4.22122, 48.23989 ], [ -4.21758, 48.24017 ], [ -4.21159, 48.24439 ] ] } },
{ "type": "Feature", "properties": { "name": null, "weight_class": 1, "permanent": true, "length_km": 4.2 }, "geometry": { "type": "LineString", "coordinates": [ [ -4.27114, 48.23656 ], [ -4.27584, 48.2384 ], [ -4.27825, 48.24523 ], [ -4.28069, 48.24847 ], [ -4.28035, 48.25627 ], [ -4.2756, 48.25743 ], [ -4.27169, 48.25738 ], [ -4.26132, 48.25996 ] ] } },
{ "type": "Feature", "properties": { "name": null, "weight_class": 1, "permanent": true, "length_km": 2.1 }, "geometry": { "type": "LineString", "coordinates": [ [ -4.24731, 48.23516 ], [ -4.24664, 48.23897 ], [ -4.24828, 48.24332 ], [ -4.24229, 48.24749 ], [ -4.24358, 48.25086 ] ] } },
{ "type": "Feature", "properties": { "name": "le Morbic", "weight_class": 2, "permanent": true, "length_km": 7.7 }, "geometry": { "type": "LineString", "coordinates": [ [ -4.22227, 48.43103 ], [ -4.22385, 48.43227 ], [ -4.2209, 48.43319 ], [ -4.21966, 48.43566 ], [ -4.20972, 48.43795 ], [ -4.20852, 48.43903 ], [ -4.20778, 48.4409 ], [ -4.20896, 48.44201 ], [ -4.20906, 48.44647 ], [ -4.20727, 48.44799 ], [ -4.19784, 48.45057 ], [ -4.19474, 48.45213 ], [ -4.19287, 48.455 ], [ -4.19254, 48.45995 ], [ -4.19391, 48.46297 ], [ -4.19716, 48.46517 ], [ -4.20359, 48.46597 ], [ -4.20476, 48.46855 ], [ -4.20394, 48.47108 ], [ -4.20945, 48.47339 ], [ -4.21058, 48.47486 ] ] } },
{ "type": "Feature", "properties": { "name": null, "weight_class": 1, "permanent": true, "length_km": 5.6 }, "geometry": { "type": "LineString", "coordinates": [ [ -4.15561, 48.32971 ], [ -4.16331, 48.33152 ], [ -4.16497, 48.33419 ], [ -4.16814, 48.33582 ], [ -4.18064, 48.33831 ], [ -4.18644, 48.34113 ], [ -4.19482, 48.34035 ], [ -4.20277, 48.34414 ], [ -4.21493, 48.34346 ], [ -4.21725, 48.34253 ], [ -4.21863, 48.34308 ] ] } },
{ "type": "Feature", "properties": { "name": "l'Hôpital Camfrout", "weight_class": 1, "permanent": true, "length_km": 21.6 }, "geometry": { "type": "MultiLineString", "coordinates": [ [ [ -4.25631, 48.3235 ], [ -4.25926, 48.32216 ], [ -4.26607, 48.32249 ], [ -4.26909, 48.3187 ], [ -4.27463, 48.31851 ], [ -4.27717, 48.31735 ] ], [ [ -4.0609, 48.33612 ], [ -4.06574, 48.33379 ], [ -4.07043, 48.33422 ], [ -4.07664, 48.33621 ], [ -4.09322, 48.33155 ], [ -4.09555, 48.33182 ], [ -4.1072, 48.32962 ], [ -4.1138, 48.33301 ], [ -4.12078, 48.33834 ], [ -4.12465, 48.3394 ], [ -4.12866, 48.33777 ], [ -4.13551, 48.33965 ], [ -4.14702, 48.3404 ], [ -4.15015, 48.34141 ], [ -4.15505, 48.34609 ], [ -4.16343, 48.34542 ], [ -4.1664, 48.34688 ], [ -4.1763, 48.34812 ], [ -4.18448, 48.34723 ], [ -4.19085, 48.34937 ], [ -4.19211, 48.3509 ], [ -4.19466, 48.3512 ], [ -4.19713, 48.35309 ], [ -4.20242, 48.35034 ], [ -4.20504, 48.35075 ], [ -4.20807, 48.34947 ], [ -4.21301, 48.34587 ], [ -4.21613, 48.34493 ], [ -4.21665, 48.34362 ], [ -4.22042, 48.34267 ], [ -4.2232, 48.34072 ], [ -4.22534, 48.34099 ], [ -4.23147, 48.33891 ], [ -4.23269, 48.33796 ], [ -4.2324, 48.33403 ], [ -4.23484, 48.33199 ], [ -4.24297, 48.32818 ], [ -4.24925, 48.32631 ], [ -4.25151, 48.32649 ], [ -4.25239, 48.32563 ] ] ] } },
{ "type": "Feature", "properties": { "name": "le Goasven", "weight_class": 1, "permanent": true, "length_km": 2.6 }, "geometry": { "type": "LineString", "coordinates": [ [ -4.25448, 48.33931 ], [ -4.25724, 48.338 ], [ -4.26221, 48.33209 ], [ -4.25502, 48.3304 ], [ -4.25418, 48.32979 ], [ -4.25501, 48.32671 ], [ -4.25282, 48.32509 ], [ -4.25242, 48.32561 ] ] } },
{ "type": "Feature", "properties": { "name": "le Porsguennou", "weight_class": 1, "permanent": true, "length_km": 2.5 }, "geometry": { "type": "LineString", "coordinates": [ [ -4.24888, 48.34628 ], [ -4.25909, 48.34237 ], [ -4.26134, 48.34364 ], [ -4.27123, 48.34259 ], [ -4.27792, 48.34463 ] ] } },
{ "type": "Feature", "properties": { "name": null, "weight_class": 1, "permanent": true, "length_km": 3.0 }, "geometry": { "type": "LineString", "coordinates": [ [ -4.16552, 48.31761 ], [ -4.1709, 48.31472 ], [ -4.17225, 48.30839 ], [ -4.17561, 48.30546 ], [ -4.17407, 48.30075 ], [ -4.177, 48.29747 ], [ -4.17325, 48.29686 ] ] } },
{ "type": "Feature", "properties": { "name": null, "weight_class": 1, "permanent": false, "length_km": 4.0 }, "geometry": { "type": "LineString", "coordinates": [ [ -4.16315, 48.3263 ], [ -4.16458, 48.32633 ], [ -4.16764, 48.32314 ], [ -4.17264, 48.32281 ], [ -4.17728, 48.31884 ], [ -4.18633, 48.31788 ], [ -4.19709, 48.31391 ], [ -4.20476, 48.31329 ], [ -4.20722, 48.31387 ] ] } },
{ "type": "Feature", "properties": { "name": null, "weight_class": 1, "permanent": true, "length_km": 5.4 }, "geometry": { "type": "LineString", "coordinates": [ [ -4.17083, 48.32978 ], [ -4.17336, 48.33025 ], [ -4.18814, 48.32532 ], [ -4.19087, 48.32202 ], [ -4.19797, 48.32024 ], [ -4.19911, 48.31844 ], [ -4.20508, 48.3164 ], [ -4.20751, 48.31356 ], [ -4.21866, 48.31397 ], [ -4.22891, 48.31244 ] ] } },
{ "type": "Feature", "properties": { "name": null, "weight_class": 1, "permanent": true, "length_km": 2.2 }, "geometry": { "type": "LineString", "coordinates": [ [ -4.15856, 48.27614 ], [ -4.16493, 48.27797 ], [ -4.16575, 48.28284 ], [ -4.1719, 48.28817 ], [ -4.17281, 48.29081 ] ] } },
{ "type": "Feature", "properties": { "name": null, "weight_class": 1, "permanent": true, "length_km": 3.6 }, "geometry": { "type": "LineString", "coordinates": [ [ -4.1478, 48.2768 ], [ -4.15009, 48.28092 ], [ -4.1527, 48.28308 ], [ -4.16218, 48.28701 ], [ -4.16445, 48.28928 ], [ -4.17196, 48.29024 ], [ -4.17808, 48.29603 ], [ -4.18003, 48.2966 ] ] } },
{ "type": "Feature", "properties": { "name": null, "weight_class": 1, "permanent": true, "length_km": 3.7 }, "geometry": { "type": "LineString", "coordinates": [ [ -4.21158, 48.26684 ], [ -4.21436, 48.27137 ], [ -4.21872, 48.2731 ], [ -4.22006, 48.27559 ], [ -4.22304, 48.27707 ], [ -4.22488, 48.27978 ], [ -4.22284, 48.28348 ], [ -4.22638, 48.28871 ], [ -4.22437, 48.29145 ], [ -4.22541, 48.2932 ] ] } },
{ "type": "Feature", "properties": { "name": null, "weight_class": 1, "permanent": true, "length_km": 4.3 }, "geometry": { "type": "LineString", "coordinates": [ [ -4.20457, 48.26583 ], [ -4.19872, 48.27028 ], [ -4.20167, 48.27356 ], [ -4.19905, 48.27581 ], [ -4.19911, 48.27802 ], [ -4.20203, 48.28157 ], [ -4.20386, 48.2867 ], [ -4.19597, 48.29158 ], [ -4.19678, 48.29364 ], [ -4.19575, 48.2938 ], [ -4.19503, 48.29602 ] ] } },
{ "type": "Feature", "properties": { "name": null, "weight_class": 1, "permanent": true, "length_km": 4.1 }, "geometry": { "type": "LineString", "coordinates": [ [ -4.16354, 48.27055 ], [ -4.16646, 48.27266 ], [ -4.17951, 48.27781 ], [ -4.18029, 48.28072 ], [ -4.17944, 48.2831 ], [ -4.18211, 48.28572 ], [ -4.18208, 48.2889 ], [ -4.18505, 48.29048 ], [ -4.18819, 48.2908 ], [ -4.18933, 48.29227 ], [ -4.18984, 48.29521 ], [ -4.18829, 48.29618 ] ] } },
{ "type": "Feature", "properties": { "name": null, "weight_class": 1, "permanent": false, "length_km": 2.8 }, "geometry": { "type": "LineString", "coordinates": [ [ -4.23549, 48.27062 ], [ -4.24117, 48.27204 ], [ -4.24288, 48.27402 ], [ -4.24136, 48.28555 ], [ -4.23995, 48.28595 ], [ -4.23867, 48.28821 ], [ -4.24024, 48.28934 ] ] } },
{ "type": "Feature", "properties": { "name": null, "weight_class": 1, "permanent": true, "length_km": 4.9 }, "geometry": { "type": "LineString", "coordinates": [ [ -4.3421, 48.44842 ], [ -4.34201, 48.44415 ], [ -4.34061, 48.44186 ], [ -4.34461, 48.43816 ], [ -4.34088, 48.43302 ], [ -4.34108, 48.42985 ], [ -4.33812, 48.4269 ], [ -4.33925, 48.42205 ], [ -4.33461, 48.41948 ], [ -4.32783, 48.41856 ], [ -4.32395, 48.41585 ] ] } },
{ "type": "Feature", "properties": { "name": null, "weight_class": 1, "permanent": true, "length_km": 2.3 }, "geometry": { "type": "LineString", "coordinates": [ [ -4.32374, 48.43491 ], [ -4.3198, 48.43415 ], [ -4.31719, 48.43487 ], [ -4.31226, 48.43314 ], [ -4.30896, 48.43296 ], [ -4.30655, 48.43028 ], [ -4.29984, 48.4272 ] ] } },
{ "type": "Feature", "properties": { "name": null, "weight_class": 1, "permanent": true, "length_km": 3.7 }, "geometry": { "type": "LineString", "coordinates": [ [ -4.33496, 48.3817 ], [ -4.33208, 48.38107 ], [ -4.32999, 48.3749 ], [ -4.32819, 48.37397 ], [ -4.33207, 48.36964 ], [ -4.33185, 48.36364 ], [ -4.34041, 48.35804 ] ] } },
{ "type": "Feature", "properties": { "name": null, "weight_class": 1, "permanent": true, "length_km": 3.0 }, "geometry": { "type": "LineString", "coordinates": [ [ -4.30076, 48.28555 ], [ -4.30308, 48.2854 ], [ -4.30797, 48.2878 ], [ -4.31296, 48.28636 ], [ -4.32152, 48.28737 ], [ -4.32988, 48.28542 ], [ -4.33743, 48.28551 ] ] } },
{ "type": "Feature", "properties": { "name": "le Loc'h", "weight_class": 1, "permanent": true, "length_km": 3.1 }, "geometry": { "type": "LineString", "coordinates": [ [ -4.3566, 48.26496 ], [ -4.35565, 48.26908 ], [ -4.34503, 48.27455 ], [ -4.34152, 48.27733 ], [ -4.33915, 48.28149 ], [ -4.33877, 48.285 ], [ -4.33747, 48.2854 ] ] } },
{ "type": "Feature", "properties": { "name": null, "weight_class": 1, "permanent": false, "length_km": 2.3 }, "geometry": { "type": "LineString", "coordinates": [ [ -4.31758, 48.24246 ], [ -4.32055, 48.2423 ], [ -4.32537, 48.24367 ], [ -4.33392, 48.24193 ], [ -4.34544, 48.2455 ] ] } },
{ "type": "Feature", "properties": { "name": "Ruisseau de Kerganape", "weight_class": 1, "permanent": true, "length_km": 6.4 }, "geometry": { "type": "LineString", "coordinates": [ [ -4.15441, 48.09394 ], [ -4.15119, 48.09165 ], [ -4.15113, 48.08927 ], [ -4.14921, 48.08919 ], [ -4.14803, 48.08527 ], [ -4.14471, 48.08317 ], [ -4.14488, 48.07953 ], [ -4.14119, 48.07872 ], [ -4.13401, 48.0733 ], [ -4.13023, 48.07279 ], [ -4.12766, 48.07075 ], [ -4.12132, 48.07033 ], [ -4.12087, 48.06811 ], [ -4.1178, 48.06639 ], [ -4.11783, 48.06044 ], [ -4.11255, 48.05897 ], [ -4.11074, 48.0571 ] ] } },
{ "type": "Feature", "properties": { "name": "Ruisseau de Kerharo", "weight_class": 1, "permanent": true, "length_km": 12.9 }, "geometry": { "type": "LineString", "coordinates": [ [ -4.13184, 48.17097 ], [ -4.1307, 48.16948 ], [ -4.13192, 48.1682 ], [ -4.13958, 48.1647 ], [ -4.15052, 48.16171 ], [ -4.15438, 48.16323 ], [ -4.16239, 48.16141 ], [ -4.16381, 48.16285 ], [ -4.17099, 48.165 ], [ -4.17324, 48.16451 ], [ -4.17868, 48.16649 ], [ -4.18503, 48.16569 ], [ -4.18577, 48.16692 ], [ -4.18973, 48.16762 ], [ -4.19323, 48.16732 ], [ -4.20055, 48.16848 ], [ -4.20847, 48.16799 ], [ -4.21147, 48.16959 ], [ -4.21706, 48.17052 ], [ -4.21861, 48.17249 ], [ -4.22039, 48.17238 ], [ -4.24542, 48.16484 ], [ -4.25445, 48.15822 ], [ -4.25827, 48.15643 ], [ -4.2634, 48.15598 ], [ -4.272, 48.15206 ] ] } },
{ "type": "Feature", "properties": { "name": "le Garvan", "weight_class": 1, "permanent": true, "length_km": 9.5 }, "geometry": { "type": "LineString", "coordinates": [ [ -4.14452, 48.20514 ], [ -4.1497, 48.2097 ], [ -4.15252, 48.21017 ], [ -4.16076, 48.21462 ], [ -4.16678, 48.21331 ], [ -4.16844, 48.2092 ], [ -4.17048, 48.20733 ], [ -4.179, 48.20667 ], [ -4.18499, 48.2084 ], [ -4.18513, 48.21002 ], [ -4.18954, 48.21141 ], [ -4.191, 48.21494 ], [ -4.19001, 48.2168 ], [ -4.19072, 48.21914 ], [ -4.19346, 48.22013 ], [ -4.19494, 48.22201 ], [ -4.19495, 48.22466 ], [ -4.20097, 48.2279 ], [ -4.20289, 48.23011 ], [ -4.20778, 48.24231 ], [ -4.21082, 48.24343 ], [ -4.21177, 48.24527 ] ] } },
{ "type": "Feature", "properties": { "name": null, "weight_class": 1, "permanent": true, "length_km": 4.9 }, "geometry": { "type": "LineString", "coordinates": [ [ -4.26435, 48.21893 ], [ -4.26804, 48.21775 ], [ -4.28136, 48.21676 ], [ -4.28751, 48.21545 ], [ -4.29017, 48.21401 ], [ -4.29249, 48.20697 ], [ -4.29213, 48.20329 ], [ -4.29407, 48.19965 ], [ -4.29623, 48.19811 ], [ -4.29771, 48.19854 ], [ -4.30153, 48.19771 ], [ -4.30328, 48.19581 ] ] } },
{ "type": "Feature", "properties": { "name": null, "weight_class": 1, "permanent": true, "length_km": 2.1 }, "geometry": { "type": "LineString", "coordinates": [ [ -4.23292, 48.19068 ], [ -4.23921, 48.18419 ], [ -4.24179, 48.18376 ], [ -4.24623, 48.18495 ], [ -4.25051, 48.18372 ], [ -4.25311, 48.18471 ] ] } },
{ "type": "Feature", "properties": { "name": null, "weight_class": 1, "permanent": true, "length_km": 6.0 }, "geometry": { "type": "LineString", "coordinates": [ [ -4.2446, 48.20513 ], [ -4.24436, 48.19992 ], [ -4.24624, 48.19597 ], [ -4.24484, 48.19075 ], [ -4.24546, 48.18813 ], [ -4.25311, 48.18471 ], [ -4.26388, 48.1836 ], [ -4.26922, 48.18129 ], [ -4.2751, 48.17648 ], [ -4.29104, 48.17552 ] ] } },
{ "type": "Feature", "properties": { "name": null, "weight_class": 1, "permanent": true, "length_km": 4.6 }, "geometry": { "type": "LineString", "coordinates": [ [ -4.23988, 48.20944 ], [ -4.23691, 48.2066 ], [ -4.23109, 48.20558 ], [ -4.2286, 48.20559 ], [ -4.21998, 48.20871 ], [ -4.21699, 48.20884 ], [ -4.21384, 48.20785 ], [ -4.20667, 48.21257 ], [ -4.20491, 48.21282 ], [ -4.19919, 48.21805 ], [ -4.19387, 48.22066 ] ] } },
{ "type": "Feature", "properties": { "name": null, "weight_class": 1, "permanent": false, "length_km": 2.2 }, "geometry": { "type": "LineString", "coordinates": [ [ -4.16295, 48.11084 ], [ -4.16013, 48.11378 ], [ -4.15667, 48.121 ], [ -4.15218, 48.12436 ], [ -4.14695, 48.12584 ] ] } },
{ "type": "Feature", "properties": { "name": null, "weight_class": 1, "permanent": true, "length_km": 2.9 }, "geometry": { "type": "LineString", "coordinates": [ [ -4.13732, 48.10757 ], [ -4.13591, 48.10778 ], [ -4.13327, 48.11355 ], [ -4.13009, 48.11625 ], [ -4.125, 48.11852 ], [ -4.12022, 48.12213 ], [ -4.11264, 48.12452 ] ] } },
{ "type": "Feature", "properties": { "name": null, "weight_class": 1, "permanent": true, "length_km": 2.0 }, "geometry": { "type": "LineString", "coordinates": [ [ -4.15146, 48.10965 ], [ -4.15191, 48.11201 ], [ -4.14724, 48.11463 ], [ -4.14312, 48.12556 ] ] } },
{ "type": "Feature", "properties": { "name": null, "weight_class": 1, "permanent": false, "length_km": 2.2 }, "geometry": { "type": "LineString", "coordinates": [ [ -4.19752, 48.11396 ], [ -4.19872, 48.11143 ], [ -4.20555, 48.11213 ], [ -4.20944, 48.11158 ], [ -4.22166, 48.11458 ] ] } },
{ "type": "Feature", "properties": { "name": "Dourig ar Briant", "weight_class": 1, "permanent": true, "length_km": 4.7 }, "geometry": { "type": "LineString", "coordinates": [ [ -4.23672, 48.09464 ], [ -4.24066, 48.09386 ], [ -4.25022, 48.09874 ], [ -4.25365, 48.10203 ], [ -4.25448, 48.1046 ], [ -4.25868, 48.1082 ], [ -4.26854, 48.10999 ], [ -4.27186, 48.10815 ], [ -4.2748, 48.10892 ], [ -4.27792, 48.10797 ], [ -4.28463, 48.10798 ] ] } },
{ "type": "Feature", "properties": { "name": "le Kerganapé", "weight_class": 1, "permanent": true, "length_km": 8.2 }, "geometry": { "type": "LineString", "coordinates": [ [ -4.16971, 48.0926 ], [ -4.16855, 48.08792 ], [ -4.1645, 48.08681 ], [ -4.16433, 48.08238 ], [ -4.16185, 48.08105 ], [ -4.16149, 48.07864 ], [ -4.16438, 48.07675 ], [ -4.16737, 48.07762 ], [ -4.16949, 48.07524 ], [ -4.15903, 48.07327 ], [ -4.15701, 48.0693 ], [ -4.15434, 48.06787 ], [ -4.15253, 48.0648 ], [ -4.13985, 48.06631 ], [ -4.13804, 48.06587 ], [ -4.13248, 48.06811 ], [ -4.12981, 48.06774 ], [ -4.12697, 48.06539 ], [ -4.12315, 48.06634 ], [ -4.11783, 48.06517 ] ] } },
{ "type": "Feature", "properties": { "name": "le Roudou Hir", "weight_class": 1, "permanent": false, "length_km": 4.5 }, "geometry": { "type": "LineString", "coordinates": [ [ -4.14865, 48.22158 ], [ -4.15284, 48.22234 ], [ -4.15402, 48.22361 ], [ -4.1564, 48.22323 ], [ -4.16097, 48.22452 ], [ -4.16281, 48.22595 ], [ -4.16326, 48.23014 ], [ -4.16626, 48.23176 ], [ -4.17152, 48.23201 ], [ -4.17711, 48.23373 ], [ -4.1798, 48.2375 ], [ -4.18017, 48.24655 ] ] } },
{ "type": "Feature", "properties": { "name": null, "weight_class": 1, "permanent": true, "length_km": 2.9 }, "geometry": { "type": "LineString", "coordinates": [ [ -4.14575, 48.19597 ], [ -4.15631, 48.19522 ], [ -4.1577, 48.1961 ], [ -4.1585, 48.19898 ], [ -4.16148, 48.20089 ], [ -4.16748, 48.20139 ], [ -4.17023, 48.20267 ], [ -4.17041, 48.20521 ], [ -4.17244, 48.20699 ] ] } },
{ "type": "Feature", "properties": { "name": null, "weight_class": 1, "permanent": true, "length_km": 2.4 }, "geometry": { "type": "LineString", "coordinates": [ [ -4.21161, 48.19437 ], [ -4.21069, 48.18975 ], [ -4.20789, 48.18757 ], [ -4.20823, 48.18582 ], [ -4.21094, 48.18197 ], [ -4.2185, 48.17762 ] ] } },
{ "type": "Feature", "properties": { "name": null, "weight_class": 1, "permanent": true, "length_km": 2.0 }, "geometry": { "type": "LineString", "coordinates": [ [ -4.26553, 48.19664 ], [ -4.27282, 48.18589 ], [ -4.27208, 48.18285 ], [ -4.269, 48.1814 ] ] } },
{ "type": "Feature", "properties": { "name": null, "weight_class": 1, "permanent": true, "length_km": 3.0 }, "geometry": { "type": "LineString", "coordinates": [ [ -4.15257, 48.18189 ], [ -4.15717, 48.18196 ], [ -4.16335, 48.18071 ], [ -4.16837, 48.17778 ], [ -4.16743, 48.16916 ], [ -4.17101, 48.165 ] ] } },
{ "type": "Feature", "properties": { "name": null, "weight_class": 1, "permanent": true, "length_km": 3.6 }, "geometry": { "type": "LineString", "coordinates": [ [ -4.18315, 48.1447 ], [ -4.18339, 48.14985 ], [ -4.18163, 48.15286 ], [ -4.18215, 48.15688 ], [ -4.18757, 48.15984 ], [ -4.19409, 48.16015 ], [ -4.19595, 48.16126 ], [ -4.19911, 48.16454 ], [ -4.19952, 48.16843 ] ] } },
{ "type": "Feature", "properties": { "name": "le Steïr", "weight_class": 1, "permanent": true, "length_km": 28.7 }, "geometry": { "type": "LineString", "coordinates": [ [ -4.14427, 48.14086 ], [ -4.13547, 48.14382 ], [ -4.1301, 48.14283 ], [ -4.12489, 48.14006 ], [ -4.1233, 48.13648 ], [ -4.1201, 48.13418 ], [ -4.11856, 48.12882 ], [ -4.11451, 48.12558 ], [ -4.11272, 48.12567 ], [ -4.1131, 48.12471 ], [ -4.10987, 48.12166 ], [ -4.10934, 48.12027 ], [ -4.11078, 48.1187 ], [ -4.10379, 48.11216 ], [ -4.1017, 48.10478 ], [ -4.09693, 48.1024 ], [ -4.09687, 48.0993 ], [ -4.0981, 48.09809 ], [ -4.09572, 48.09102 ], [ -4.09836, 48.09018 ], [ -4.09896, 48.08861 ], [ -4.09658, 48.0841 ], [ -4.099, 48.07614 ], [ -4.0985, 48.07361 ], [ -4.10129, 48.07064 ], [ -4.10272, 48.06595 ], [ -4.10743, 48.06458 ], [ -4.10797, 48.06363 ], [ -4.10743, 48.0613 ], [ -4.10508, 48.05911 ], [ -4.1122, 48.05633 ], [ -4.11112, 48.05489 ], [ -4.10456, 48.05527 ], [ -4.10342, 48.05458 ], [ -4.10479, 48.05234 ], [ -4.11, 48.0514 ], [ -4.11277, 48.04921 ], [ -4.10949, 48.04591 ], [ -4.1083, 48.04279 ], [ -4.10938, 48.04181 ], [ -4.11361, 48.04102 ], [ -4.11718, 48.04258 ], [ -4.12174, 48.0432 ], [ -4.12208, 48.04007 ], [ -4.12431, 48.03909 ], [ -4.12793, 48.04063 ], [ -4.12874, 48.04536 ], [ -4.13308, 48.04332 ], [ -4.13324, 48.0387 ], [ -4.139, 48.03643 ], [ -4.14132, 48.03333 ], [ -4.14645, 48.03312 ], [ -4.14881, 48.02969 ], [ -4.14375, 48.02485 ], [ -4.13868, 48.02269 ], [ -4.13614, 48.0229 ], [ -4.1319, 48.02154 ], [ -4.13115, 48.01874 ], [ -4.13362, 48.01615 ], [ -4.12996, 48.01368 ], [ -4.12335, 48.01424 ], [ -4.11953, 48.0157 ], [ -4.11657, 48.01496 ], [ -4.11546, 48.0132 ], [ -4.11659, 48.01034 ], [ -4.11431, 48.00797 ], [ -4.11573, 48.00387 ], [ -4.10769, 48.00133 ], [ -4.10567, 47.994 ] ] } },
{ "type": "Feature", "properties": { "name": null, "weight_class": 1, "permanent": true, "length_km": 4.4 }, "geometry": { "type": "LineString", "coordinates": [ [ -4.16511, 48.13577 ], [ -4.15719, 48.13442 ], [ -4.15699, 48.13253 ], [ -4.15246, 48.13044 ], [ -4.1518, 48.12859 ], [ -4.14568, 48.12518 ], [ -4.14328, 48.12546 ], [ -4.14013, 48.12788 ], [ -4.13414, 48.12848 ], [ -4.13222, 48.12764 ], [ -4.12716, 48.12947 ], [ -4.11896, 48.13001 ] ] } },
{ "type": "Feature", "properties": { "name": null, "weight_class": 1, "permanent": false, "length_km": 2.2 }, "geometry": { "type": "LineString", "coordinates": [ [ -4.16483, 48.14646 ], [ -4.16519, 48.14968 ], [ -4.16771, 48.15237 ], [ -4.16677, 48.15281 ], [ -4.16984, 48.16187 ], [ -4.16931, 48.16405 ] ] } },
{ "type": "Feature", "properties": { "name": null, "weight_class": 1, "permanent": true, "length_km": 5.9 }, "geometry": { "type": "LineString", "coordinates": [ [ -4.20421, 48.15012 ], [ -4.20697, 48.15128 ], [ -4.21472, 48.15203 ], [ -4.21698, 48.15434 ], [ -4.22625, 48.15573 ], [ -4.23593, 48.15281 ], [ -4.24301, 48.1532 ], [ -4.25175, 48.14949 ], [ -4.25245, 48.14835 ], [ -4.26449, 48.14913 ], [ -4.26871, 48.14704 ], [ -4.27209, 48.14723 ] ] } },
{ "type": "Feature", "properties": { "name": null, "weight_class": 1, "permanent": false, "length_km": 2.6 }, "geometry": { "type": "LineString", "coordinates": [ [ -4.23027, 48.13091 ], [ -4.23524, 48.12809 ], [ -4.23514, 48.1249 ], [ -4.23778, 48.12378 ], [ -4.24618, 48.12476 ], [ -4.25135, 48.12341 ], [ -4.25618, 48.12378 ] ] } },
{ "type": "Feature", "properties": { "name": null, "weight_class": 1, "permanent": true, "length_km": 2.4 }, "geometry": { "type": "LineString", "coordinates": [ [ -4.22537, 48.14516 ], [ -4.23487, 48.14816 ], [ -4.24509, 48.14619 ], [ -4.2482, 48.14771 ], [ -4.25245, 48.14835 ] ] } },
{ "type": "Feature", "properties": { "name": "le Lapic", "weight_class": 1, "permanent": true, "length_km": 7.5 }, "geometry": { "type": "LineString", "coordinates": [ [ -4.20867, 48.13283 ], [ -4.21106, 48.13047 ], [ -4.2125, 48.12404 ], [ -4.21593, 48.12283 ], [ -4.22104, 48.11869 ], [ -4.22097, 48.11554 ], [ -4.22234, 48.11333 ], [ -4.2283, 48.10948 ], [ -4.2374, 48.10937 ], [ -4.24471, 48.11264 ], [ -4.24712, 48.11507 ], [ -4.25411, 48.1188 ], [ -4.25743, 48.12545 ], [ -4.26511, 48.1281 ], [ -4.26835, 48.13037 ] ] } },
{ "type": "Feature", "properties": { "name": null, "weight_class": 1, "permanent": true, "length_km": 2.9 }, "geometry": { "type": "LineString", "coordinates": [ [ -4.30403, 48.22357 ], [ -4.30719, 48.21474 ], [ -4.31365, 48.21324 ], [ -4.31489, 48.20899 ], [ -4.31841, 48.20699 ], [ -4.32087, 48.20405 ] ] } },
{ "type": "Feature", "properties": { "name": null, "weight_class": 1, "permanent": true, "length_km": 2.5 }, "geometry": { "type": "LineString", "coordinates": [ [ -4.31942, 48.22029 ], [ -4.32067, 48.21465 ], [ -4.32506, 48.21078 ], [ -4.3311, 48.20889 ], [ -4.33202, 48.20553 ], [ -4.33628, 48.20414 ] ] } },
{ "type": "Feature", "properties": { "name": null, "weight_class": 1, "permanent": true, "length_km": 2.1 }, "geometry": { "type": "LineString", "coordinates": [ [ -4.26665, 48.09334 ], [ -4.27262, 48.09756 ], [ -4.27966, 48.09986 ], [ -4.28612, 48.10475 ] ] } },
{ "type": "Feature", "properties": { "name": "Rivière de Pont-l'Abbé", "weight_class": 1, "permanent": true, "length_km": 2.1 }, "geometry": { "type": "MultiLineString", "coordinates": [ [ [ -4.27432, 47.98028 ], [ -4.27885, 47.97818 ], [ -4.27615, 47.97592 ], [ -4.27506, 47.97613 ] ], [ [ -4.25817, 47.97085 ], [ -4.25831, 47.96692 ], [ -4.25682, 47.96446 ], [ -4.25522, 47.96386 ] ], [ [ -4.24383, 47.91118 ], [ -4.24275, 47.9091 ] ] ] } },
{ "type": "Feature", "properties": { "name": "le Névet", "weight_class": 1, "permanent": true, "length_km": 12.5 }, "geometry": { "type": "LineString", "coordinates": [ [ -4.20753, 48.08057 ], [ -4.20843, 48.0795 ], [ -4.2071, 48.07445 ], [ -4.21217, 48.07163 ], [ -4.21181, 48.07021 ], [ -4.21398, 48.06917 ], [ -4.21478, 48.06702 ], [ -4.21933, 48.06285 ], [ -4.22527, 48.06207 ], [ -4.22768, 48.06015 ], [ -4.226, 48.0586 ], [ -4.22828, 48.05694 ], [ -4.23144, 48.05704 ], [ -4.23302, 48.05901 ], [ -4.24007, 48.05749 ], [ -4.24443, 48.05975 ], [ -4.24506, 48.06146 ], [ -4.25084, 48.06324 ], [ -4.25815, 48.07574 ], [ -4.26366, 48.07508 ], [ -4.26963, 48.07836 ], [ -4.27154, 48.08507 ], [ -4.27363, 48.08431 ], [ -4.27667, 48.08571 ], [ -4.27851, 48.08516 ], [ -4.28423, 48.08818 ], [ -4.29227, 48.08941 ], [ -4.29702, 48.09213 ] ] } },
{ "type": "Feature", "properties": { "name": null, "weight_class": 1, "permanent": true, "length_km": 2.9 }, "geometry": { "type": "LineString", "coordinates": [ [ -4.29097, 48.07582 ], [ -4.30067, 48.07778 ], [ -4.30594, 48.07775 ], [ -4.30978, 48.07904 ], [ -4.31493, 48.07943 ], [ -4.31963, 48.07869 ], [ -4.32789, 48.0806 ] ] } },
{ "type": "Feature", "properties": { "name": "Ruisseau le Névet", "weight_class": 1, "permanent": true, "length_km": 2.8 }, "geometry": { "type": "LineString", "coordinates": [ [ -4.22346, 48.07996 ], [ -4.23316, 48.07864 ], [ -4.23717, 48.07694 ], [ -4.23914, 48.0748 ], [ -4.25008, 48.07149 ], [ -4.25596, 48.0717 ] ] } },
{ "type": "Feature", "properties": { "name": null, "weight_class": 1, "permanent": true, "length_km": 8.3 }, "geometry": { "type": "LineString", "coordinates": [ [ -4.19372, 48.06991 ], [ -4.19386, 48.06819 ], [ -4.19096, 48.06612 ], [ -4.19141, 48.06408 ], [ -4.19569, 48.0637 ], [ -4.20205, 48.05857 ], [ -4.19933, 48.05479 ], [ -4.19905, 48.0507 ], [ -4.1972, 48.05002 ], [ -4.19624, 48.04751 ], [ -4.19074, 48.04646 ], [ -4.18944, 48.04311 ], [ -4.18228, 48.04054 ], [ -4.17844, 48.04066 ], [ -4.16663, 48.03723 ], [ -4.16348, 48.03901 ], [ -4.16111, 48.03911 ], [ -4.15747, 48.03479 ], [ -4.15459, 48.03517 ], [ -4.14795, 48.03193 ] ] } },
{ "type": "Feature", "properties": { "name": null, "weight_class": 1, "permanent": false, "length_km": 2.1 }, "geometry": { "type": "LineString", "coordinates": [ [ -4.16537, 48.05473 ], [ -4.1761, 48.04955 ], [ -4.17691, 48.04601 ], [ -4.18, 48.04285 ], [ -4.17853, 48.04068 ] ] } },
{ "type": "Feature", "properties": { "name": "le Ris", "weight_class": 1, "permanent": false, "length_km": 4.0 }, "geometry": { "type": "LineString", "coordinates": [ [ -4.23976, 48.03899 ], [ -4.23386, 48.04185 ], [ -4.2311, 48.04429 ], [ -4.23034, 48.04869 ], [ -4.2321, 48.05169 ], [ -4.23749, 48.05277 ], [ -4.24307, 48.05538 ], [ -4.24606, 48.06068 ], [ -4.24985, 48.06199 ], [ -4.25048, 48.06303 ] ] } },
{ "type": "Feature", "properties": { "name": null, "weight_class": 1, "permanent": false, "length_km": 2.3 }, "geometry": { "type": "LineString", "coordinates": [ [ -4.26642, 48.05043 ], [ -4.26382, 48.04889 ], [ -4.2613, 48.04925 ], [ -4.25996, 48.05105 ], [ -4.25622, 48.05248 ], [ -4.25525, 48.05542 ], [ -4.25249, 48.05566 ], [ -4.25051, 48.05771 ], [ -4.24584, 48.05945 ] ] } },
{ "type": "Feature", "properties": { "name": null, "weight_class": 1, "permanent": true, "length_km": 6.4 }, "geometry": { "type": "LineString", "coordinates": [ [ -4.1821, 48.02129 ], [ -4.18172, 48.01864 ], [ -4.17247, 48.01369 ], [ -4.17152, 48.01104 ], [ -4.1646, 48.01036 ], [ -4.15815, 48.00762 ], [ -4.15615, 48.00814 ], [ -4.14112, 48.00543 ], [ -4.12205, 48.00009 ], [ -4.11606, 48.00124 ], [ -4.11441, 48.00309 ] ] } },
{ "type": "Feature", "properties": { "name": null, "weight_class": 1, "permanent": true, "length_km": 2.9 }, "geometry": { "type": "LineString", "coordinates": [ [ -4.16858, 48.0174 ], [ -4.15094, 48.01704 ], [ -4.14025, 48.01969 ], [ -4.13624, 48.01899 ], [ -4.13316, 48.01707 ] ] } },
{ "type": "Feature", "properties": { "name": null, "weight_class": 1, "permanent": false, "length_km": 3.8 }, "geometry": { "type": "LineString", "coordinates": [ [ -4.18869, 48.01918 ], [ -4.19127, 48.02188 ], [ -4.19094, 48.02443 ], [ -4.19214, 48.02626 ], [ -4.18976, 48.02943 ], [ -4.19084, 48.03194 ], [ -4.18353, 48.03233 ], [ -4.18089, 48.03139 ], [ -4.17606, 48.03233 ], [ -4.17142, 48.03388 ], [ -4.17171, 48.03616 ], [ -4.17066, 48.03776 ], [ -4.16898, 48.03799 ] ] } },
{ "type": "Feature", "properties": { "name": null, "weight_class": 1, "permanent": true, "length_km": 5.0 }, "geometry": { "type": "LineString", "coordinates": [ [ -4.23379, 48.03159 ], [ -4.22332, 48.02939 ], [ -4.21959, 48.02663 ], [ -4.21418, 48.02606 ], [ -4.21155, 48.0293 ], [ -4.21264, 48.0315 ], [ -4.20345, 48.03439 ], [ -4.20003, 48.03841 ], [ -4.20029, 48.03951 ], [ -4.19565, 48.04262 ], [ -4.19063, 48.04351 ], [ -4.19011, 48.04472 ] ] } },
{ "type": "Feature", "properties": { "name": null, "weight_class": 1, "permanent": true, "length_km": 4.1 }, "geometry": { "type": "LineString", "coordinates": [ [ -4.22843, 48.02214 ], [ -4.23416, 48.02401 ], [ -4.2347, 48.02594 ], [ -4.24106, 48.02679 ], [ -4.24615, 48.02642 ], [ -4.25044, 48.02492 ], [ -4.25243, 48.01551 ], [ -4.26084, 48.00949 ] ] } },
{ "type": "Feature", "properties": { "name": null, "weight_class": 1, "permanent": true, "length_km": 6.3 }, "geometry": { "type": "LineString", "coordinates": [ [ -4.18655, 47.97804 ], [ -4.18788, 47.97581 ], [ -4.18573, 47.97342 ], [ -4.1833, 47.973 ], [ -4.18431, 47.97073 ], [ -4.1763, 47.96243 ], [ -4.17495, 47.95939 ], [ -4.17761, 47.95597 ], [ -4.17747, 47.94864 ], [ -4.1836, 47.93825 ], [ -4.18397, 47.93103 ], [ -4.18582, 47.9292 ] ] } },
{ "type": "Feature", "properties": { "name": "le Keriner", "weight_class": 1, "permanent": true, "length_km": 5.9 }, "geometry": { "type": "LineString", "coordinates": [ [ -4.18267, 47.98789 ], [ -4.17212, 47.98418 ], [ -4.16638, 47.98494 ], [ -4.16194, 47.9844 ], [ -4.1582, 47.98586 ], [ -4.1545, 47.98569 ], [ -4.15273, 47.98725 ], [ -4.14864, 47.98353 ], [ -4.12948, 47.97868 ], [ -4.12566, 47.98066 ], [ -4.11756, 47.98036 ] ] } },
{ "type": "Feature", "properties": { "name": null, "weight_class": 1, "permanent": true, "length_km": 2.3 }, "geometry": { "type": "LineString", "coordinates": [ [ -4.18191, 48.00466 ], [ -4.17762, 48.00458 ], [ -4.17251, 48.00664 ], [ -4.1684, 48.00643 ], [ -4.16574, 48.0049 ], [ -4.15946, 48.00472 ], [ -4.15776, 48.00786 ] ] } },
{ "type": "Feature", "properties": { "name": null, "weight_class": 1, "permanent": true, "length_km": 3.3 }, "geometry": { "type": "LineString", "coordinates": [ [ -4.22349, 47.97996 ], [ -4.21479, 47.98044 ], [ -4.20977, 47.97963 ], [ -4.2068, 47.97422 ], [ -4.20105, 47.9689 ], [ -4.19783, 47.96248 ] ] } },
{ "type": "Feature", "properties": { "name": "le Corroac'h", "weight_class": 1, "permanent": true, "length_km": 15.6 }, "geometry": { "type": "MultiLineString", "coordinates": [ [ [ -4.20055, 47.99898 ], [ -4.2004, 47.995 ], [ -4.20191, 47.99372 ], [ -4.20089, 47.99177 ], [ -4.20194, 47.99113 ], [ -4.19996, 47.98741 ], [ -4.20463, 47.98319 ], [ -4.20164, 47.98247 ], [ -4.19931, 47.98067 ], [ -4.19822, 47.97869 ], [ -4.19868, 47.97576 ], [ -4.19456, 47.97322 ], [ -4.19219, 47.97008 ], [ -4.19326, 47.96744 ], [ -4.19244, 47.96406 ], [ -4.19537, 47.96378 ], [ -4.19639, 47.96227 ], [ -4.19783, 47.96248 ], [ -4.20096, 47.96103 ], [ -4.19856, 47.95577 ], [ -4.19568, 47.95388 ], [ -4.19182, 47.94824 ], [ -4.19579, 47.94311 ], [ -4.19586, 47.93854 ], [ -4.19345, 47.93721 ], [ -4.19304, 47.93533 ], [ -4.18856, 47.93027 ], [ -4.18623, 47.92976 ], [ -4.17592, 47.91973 ], [ -4.17515, 47.91716 ], [ -4.17291, 47.91644 ], [ -4.17221, 47.91343 ], [ -4.17581, 47.91148 ], [ -4.17653, 47.90918 ], [ -4.17411, 47.90494 ], [ -4.17455, 47.90253 ], [ -4.17289, 47.89948 ] ], [ [ -4.16805, 47.89553 ], [ -4.16665, 47.89446 ], [ -4.16358, 47.89496 ] ], [ [ -4.16329, 47.89509 ], [ -4.15911, 47.89365 ], [ -4.15626, 47.89568 ] ] ] } },
{ "type": "Feature", "properties": { "name": null, "weight_class": 1, "permanent": true, "length_km": 2.5 }, "geometry": { "type": "LineString", "coordinates": [ [ -4.24444, 47.98578 ], [ -4.24645, 47.98521 ], [ -4.24731, 47.98367 ], [ -4.25067, 47.98334 ], [ -4.25454, 47.98121 ], [ -4.26057, 47.97688 ], [ -4.2578, 47.9724 ], [ -4.25839, 47.97119 ] ] } },
{ "type": "Feature", "properties": { "name": null, "weight_class": 1, "permanent": false, "length_km": 5.0 }, "geometry": { "type": "LineString", "coordinates": [ [ -4.16816, 47.94956 ], [ -4.15259, 47.94925 ], [ -4.14782, 47.95181 ], [ -4.14256, 47.95259 ], [ -4.13587, 47.95502 ], [ -4.12904, 47.95376 ], [ -4.12261, 47.95384 ], [ -4.11623, 47.95213 ], [ -4.11524, 47.95357 ], [ -4.1116, 47.95448 ], [ -4.11013, 47.95404 ] ] } },
{ "type": "Feature", "properties": { "name": null, "weight_class": 1, "permanent": true, "length_km": 5.3 }, "geometry": { "type": "LineString", "coordinates": [ [ -4.16548, 47.96221 ], [ -4.16534, 47.96423 ], [ -4.16175, 47.96732 ], [ -4.15857, 47.96798 ], [ -4.15809, 47.96712 ], [ -4.1479, 47.96902 ], [ -4.13914, 47.96761 ], [ -4.13757, 47.966 ], [ -4.13216, 47.96547 ], [ -4.12983, 47.96409 ], [ -4.12065, 47.9654 ], [ -4.11603, 47.96422 ], [ -4.11298, 47.96568 ], [ -4.11144, 47.96506 ], [ -4.11057, 47.96307 ] ] } },
{ "type": "Feature", "properties": { "name": null, "weight_class": 1, "permanent": true, "length_km": 3.3 }, "geometry": { "type": "LineString", "coordinates": [ [ -4.2278, 47.95204 ], [ -4.2284, 47.94983 ], [ -4.22443, 47.94565 ], [ -4.21707, 47.94405 ], [ -4.21221, 47.94458 ], [ -4.20874, 47.94221 ], [ -4.20522, 47.94236 ], [ -4.19902, 47.94048 ], [ -4.19533, 47.94063 ] ] } },
{ "type": "Feature", "properties": { "name": null, "weight_class": 1, "permanent": true, "length_km": 5.3 }, "geometry": { "type": "LineString", "coordinates": [ [ -4.22728, 47.97555 ], [ -4.2253, 47.97599 ], [ -4.21645, 47.97437 ], [ -4.21486, 47.96642 ], [ -4.20842, 47.95937 ], [ -4.20722, 47.95575 ], [ -4.20546, 47.95422 ], [ -4.20607, 47.95172 ], [ -4.20495, 47.94835 ], [ -4.20234, 47.94678 ], [ -4.20024, 47.94706 ], [ -4.19961, 47.94421 ], [ -4.19566, 47.94328 ] ] } },
{ "type": "Feature", "properties": { "name": null, "weight_class": 1, "permanent": true, "length_km": 2.8 }, "geometry": { "type": "LineString", "coordinates": [ [ -4.23659, 47.97509 ], [ -4.2399, 47.97204 ], [ -4.23963, 47.96844 ], [ -4.24405, 47.96633 ], [ -4.24359, 47.95985 ], [ -4.25082, 47.95902 ], [ -4.2521, 47.95797 ] ] } },
{ "type": "Feature", "properties": { "name": null, "weight_class": 1, "permanent": true, "length_km": 2.0 }, "geometry": { "type": "LineString", "coordinates": [ [ -4.13559, 47.94488 ], [ -4.12557, 47.94522 ], [ -4.12375, 47.94624 ], [ -4.1192, 47.94552 ], [ -4.11611, 47.94703 ], [ -4.11141, 47.94776 ] ] } },
{ "type": "Feature", "properties": { "name": null, "weight_class": 1, "permanent": false, "length_km": 2.1 }, "geometry": { "type": "LineString", "coordinates": [ [ -4.28517, 48.06766 ], [ -4.28483, 48.06972 ], [ -4.27533, 48.0736 ], [ -4.27441, 48.07783 ], [ -4.26963, 48.07836 ] ] } },
{ "type": "Feature", "properties": { "name": null, "weight_class": 1, "permanent": true, "length_km": 4.7 }, "geometry": { "type": "LineString", "coordinates": [ [ -4.27922, 48.05616 ], [ -4.27905, 48.05987 ], [ -4.2804, 48.0607 ], [ -4.29611, 48.05979 ], [ -4.30017, 48.06354 ], [ -4.30243, 48.06397 ], [ -4.30312, 48.06563 ], [ -4.30728, 48.06662 ], [ -4.31052, 48.06954 ], [ -4.31952, 48.07011 ], [ -4.32175, 48.07246 ], [ -4.32373, 48.07246 ] ] } },
{ "type": "Feature", "properties": { "name": "le Stalas", "weight_class": 1, "permanent": true, "length_km": 6.1 }, "geometry": { "type": "LineString", "coordinates": [ [ -4.25869, 48.03745 ], [ -4.26498, 48.04151 ], [ -4.26909, 48.04008 ], [ -4.27511, 48.03945 ], [ -4.28236, 48.04534 ], [ -4.2855, 48.04528 ], [ -4.29276, 48.04741 ], [ -4.29542, 48.04705 ], [ -4.29756, 48.04853 ], [ -4.30237, 48.04862 ], [ -4.30661, 48.051 ], [ -4.30935, 48.05419 ], [ -4.31194, 48.05445 ], [ -4.31554, 48.0567 ], [ -4.31934, 48.05758 ], [ -4.31918, 48.0596 ] ] } },
{ "type": "Feature", "properties": { "name": null, "weight_class": 1, "permanent": false, "length_km": 2.8 }, "geometry": { "type": "LineString", "coordinates": [ [ -4.26928, 48.02454 ], [ -4.2692, 48.02322 ], [ -4.27399, 48.02227 ], [ -4.28525, 48.02167 ], [ -4.28805, 48.01571 ], [ -4.29354, 48.01428 ], [ -4.29367, 48.01338 ] ] } },
{ "type": "Feature", "properties": { "name": "le Pont l'Abbé", "weight_class": 1, "permanent": true, "length_km": 21.7 }, "geometry": { "type": "MultiLineString", "coordinates": [ [ [ -4.2954, 47.994 ], [ -4.28521, 47.98541 ], [ -4.28082, 47.98539 ], [ -4.27522, 47.9817 ], [ -4.27469, 47.97551 ], [ -4.27306, 47.97472 ], [ -4.26942, 47.97501 ], [ -4.26574, 47.9742 ], [ -4.26449, 47.9728 ], [ -4.25806, 47.97077 ], [ -4.2582, 47.96724 ], [ -4.25433, 47.96295 ], [ -4.24932, 47.95309 ], [ -4.25339, 47.94922 ], [ -4.25411, 47.94164 ], [ -4.25112, 47.939 ], [ -4.253, 47.93637 ], [ -4.25092, 47.93297 ], [ -4.25199, 47.93054 ], [ -4.24895, 47.92899 ], [ -4.24941, 47.9259 ], [ -4.24668, 47.92117 ], [ -4.24673, 47.91894 ], [ -4.24243, 47.91575 ], [ -4.24482, 47.91337 ], [ -4.24384, 47.9099 ], [ -4.23854, 47.90481 ], [ -4.24047, 47.8935 ], [ -4.23694, 47.88598 ], [ -4.2351, 47.88532 ], [ -4.23592, 47.88209 ], [ -4.23472, 47.8798 ], [ -4.22899, 47.87949 ], [ -4.22732, 47.87616 ], [ -4.22486, 47.8749 ], [ -4.22649, 47.86813 ], [ -4.21868, 47.86746 ], [ -4.21611, 47.86621 ], [ -4.21113, 47.86714 ] ], [ [ -4.20724, 47.86549 ], [ -4.20528, 47.864 ], [ -4.20431, 47.86124 ], [ -4.19963, 47.86013 ], [ -4.19763, 47.85746 ], [ -4.19448, 47.85712 ] ] ] } },
{ "type": "Feature", "properties": { "name": null, "weight_class": 1, "permanent": true, "length_km": 3.3 }, "geometry": { "type": "LineString", "coordinates": [ [ -4.27299, 47.96299 ], [ -4.26867, 47.95977 ], [ -4.26523, 47.95057 ], [ -4.26245, 47.94845 ], [ -4.26412, 47.94407 ], [ -4.26907, 47.94286 ], [ -4.27169, 47.93964 ] ] } },
{ "type": "Feature", "properties": { "name": null, "weight_class": 1, "permanent": false, "length_km": 9.7 }, "geometry": { "type": "LineString", "coordinates": [ [ -4.29167, 47.96227 ], [ -4.29138, 47.96079 ], [ -4.28641, 47.95675 ], [ -4.28403, 47.9531 ], [ -4.28053, 47.9504 ], [ -4.27775, 47.95052 ], [ -4.27743, 47.94819 ], [ -4.27549, 47.94617 ], [ -4.27563, 47.9439 ], [ -4.27356, 47.94044 ], [ -4.27038, 47.93868 ], [ -4.26777, 47.93207 ], [ -4.25968, 47.92529 ], [ -4.26063, 47.92063 ], [ -4.2554, 47.91955 ], [ -4.24984, 47.9082 ], [ -4.24864, 47.89978 ], [ -4.24047, 47.89514 ] ] } },
{ "type": "Feature", "properties": { "name": "Ruisseau l'Alanan", "weight_class": 1, "permanent": true, "length_km": 7.0 }, "geometry": { "type": "MultiLineString", "coordinates": [ [ [ -4.44791, 48.61326 ], [ -4.4424, 48.61184 ], [ -4.43882, 48.60965 ], [ -4.43412, 48.61007 ], [ -4.43032, 48.61225 ], [ -4.42619, 48.61219 ], [ -4.42653, 48.61307 ], [ -4.42256, 48.61595 ], [ -4.41804, 48.61728 ], [ -4.41727, 48.62149 ], [ -4.41257, 48.62728 ], [ -4.41417, 48.63007 ], [ -4.41724, 48.63078 ] ], [ [ -4.42024, 48.62975 ], [ -4.42291, 48.62918 ], [ -4.42614, 48.63006 ], [ -4.43175, 48.63391 ], [ -4.43322, 48.63397 ], [ -4.4329, 48.63524 ] ], [ [ -4.41724, 48.63078 ], [ -4.42024, 48.62975 ] ], [ [ -4.41724, 48.63078 ], [ -4.42052, 48.63025 ], [ -4.42024, 48.62975 ] ] ] } },
{ "type": "Feature", "properties": { "name": "Aber Bénouic", "weight_class": 2, "permanent": true, "length_km": 17.7 }, "geometry": { "type": "LineString", "coordinates": [ [ -4.51478, 48.45181 ], [ -4.51523, 48.45114 ], [ -4.52835, 48.45337 ], [ -4.53149, 48.45937 ], [ -4.5346, 48.46131 ], [ -4.53464, 48.46417 ], [ -4.53244, 48.46792 ], [ -4.53559, 48.47191 ], [ -4.53471, 48.47339 ], [ -4.52913, 48.47387 ], [ -4.52072, 48.47892 ], [ -4.51445, 48.47929 ], [ -4.50952, 48.48288 ], [ -4.50944, 48.48419 ], [ -4.5069, 48.48483 ], [ -4.50631, 48.48747 ], [ -4.50723, 48.48817 ], [ -4.50487, 48.49301 ], [ -4.5089, 48.49602 ], [ -4.50556, 48.49887 ], [ -4.50741, 48.49998 ], [ -4.50811, 48.5022 ], [ -4.50572, 48.50666 ], [ -4.50623, 48.50857 ], [ -4.5042, 48.50981 ], [ -4.49903, 48.51056 ], [ -4.49644, 48.51234 ], [ -4.49398, 48.51643 ], [ -4.49562, 48.51779 ], [ -4.49454, 48.51967 ], [ -4.49121, 48.51926 ], [ -4.49024, 48.51996 ], [ -4.48979, 48.52468 ], [ -4.49351, 48.5276 ], [ -4.49204, 48.52986 ], [ -4.49278, 48.53265 ], [ -4.487, 48.53358 ], [ -4.48445, 48.53782 ], [ -4.48447, 48.53908 ], [ -4.4862, 48.53987 ], [ -4.49058, 48.54014 ], [ -4.49382, 48.54215 ], [ -4.49739, 48.54217 ], [ -4.5002, 48.5439 ], [ -4.50374, 48.54456 ], [ -4.50621, 48.54724 ], [ -4.50861, 48.54752 ], [ -4.50898, 48.55015 ] ] } },
{ "type": "Feature", "properties": { "name": "Ruisseau du Moulin de Kerhuon", "weight_class": 1, "permanent": true, "length_km": 8.9 }, "geometry": { "type": "LineString", "coordinates": [ [ -4.39574, 48.45405 ], [ -4.39711, 48.45144 ], [ -4.39695, 48.44794 ], [ -4.39197, 48.44725 ], [ -4.38412, 48.43962 ], [ -4.37916, 48.43829 ], [ -4.3771, 48.43675 ], [ -4.37737, 48.43271 ], [ -4.37998, 48.42857 ], [ -4.38805, 48.42838 ], [ -4.3932, 48.42665 ], [ -4.38465, 48.40886 ], [ -4.37993, 48.40451 ], [ -4.37872, 48.40134 ], [ -4.37371, 48.39961 ], [ -4.37178, 48.39789 ] ] } },
{ "type": "Feature", "properties": { "name": "le Quillimadec", "weight_class": 1, "permanent": true, "length_km": 24.3 }, "geometry": { "type": "LineString", "coordinates": [ [ -4.22566, 48.51763 ], [ -4.23129, 48.51955 ], [ -4.23604, 48.52267 ], [ -4.24021, 48.52938 ], [ -4.24572, 48.53003 ], [ -4.25207, 48.53356 ], [ -4.25447, 48.53256 ], [ -4.25643, 48.53306 ], [ -4.26458, 48.53806 ], [ -4.27412, 48.54576 ], [ -4.2748, 48.5534 ], [ -4.27981, 48.55713 ], [ -4.28002, 48.55951 ], [ -4.28504, 48.56283 ], [ -4.28492, 48.57394 ], [ -4.28894, 48.57705 ], [ -4.28777, 48.58037 ], [ -4.28952, 48.58505 ], [ -4.29143, 48.58681 ], [ -4.30027, 48.59017 ], [ -4.30279, 48.59034 ], [ -4.30459, 48.59183 ], [ -4.30628, 48.59182 ], [ -4.30795, 48.59374 ], [ -4.30994, 48.59327 ], [ -4.31201, 48.59408 ], [ -4.31873, 48.60311 ], [ -4.32201, 48.6028 ], [ -4.32535, 48.60411 ], [ -4.33269, 48.60463 ], [ -4.33362, 48.60692 ], [ -4.33832, 48.61047 ], [ -4.34121, 48.61472 ], [ -4.34895, 48.61579 ], [ -4.34898, 48.61896 ], [ -4.35149, 48.6219 ], [ -4.35642, 48.62176 ], [ -4.36138, 48.6253 ], [ -4.37048, 48.62708 ], [ -4.37284, 48.62841 ], [ -4.37819, 48.62876 ], [ -4.37983, 48.62816 ], [ -4.38893, 48.63184 ], [ -4.39268, 48.63179 ], [ -4.39459, 48.63362 ], [ -4.39478, 48.63548 ], [ -4.39744, 48.63729 ] ] } },
{ "type": "Feature", "properties": { "name": null, "weight_class": 1, "permanent": true, "length_km": 2.7 }, "geometry": { "type": "LineString", "coordinates": [ [ -4.52004, 48.61024 ], [ -4.51977, 48.61543 ], [ -4.52237, 48.61847 ], [ -4.53496, 48.62279 ], [ -4.53763, 48.62232 ], [ -4.5418, 48.62454 ] ] } },
{ "type": "Feature", "properties": { "name": null, "weight_class": 1, "permanent": false, "length_km": 2.4 }, "geometry": { "type": "LineString", "coordinates": [ [ -4.4047, 48.61191 ], [ -4.40336, 48.61304 ], [ -4.40197, 48.61865 ], [ -4.40632, 48.62618 ], [ -4.40876, 48.62525 ], [ -4.41266, 48.62719 ] ] } },
{ "type": "Feature", "properties": { "name": null, "weight_class": 1, "permanent": true, "length_km": 4.4 }, "geometry": { "type": "LineString", "coordinates": [ [ -4.41196, 48.60048 ], [ -4.41177, 48.6023 ], [ -4.40861, 48.60397 ], [ -4.40682, 48.60699 ], [ -4.40379, 48.60753 ], [ -4.40244, 48.61076 ], [ -4.39688, 48.61435 ], [ -4.39491, 48.61884 ], [ -4.39748, 48.62514 ], [ -4.39547, 48.63106 ], [ -4.39286, 48.63223 ] ] } },
{ "type": "Feature", "properties": { "name": null, "weight_class": 1, "permanent": false, "length_km": 2.3 }, "geometry": { "type": "LineString", "coordinates": [ [ -4.40293, 48.5952 ], [ -4.40093, 48.59756 ], [ -4.40183, 48.59979 ], [ -4.40083, 48.60234 ], [ -4.3984, 48.60339 ], [ -4.39798, 48.60458 ], [ -4.39484, 48.60537 ], [ -4.39192, 48.60912 ], [ -4.38763, 48.6096 ] ] } },
{ "type": "Feature", "properties": { "name": null, "weight_class": 1, "permanent": true, "length_km": 6.9 }, "geometry": { "type": "LineString", "coordinates": [ [ -4.4018, 48.58845 ], [ -4.396, 48.59088 ], [ -4.3922, 48.59596 ], [ -4.38729, 48.59947 ], [ -4.38807, 48.60891 ], [ -4.38218, 48.6128 ], [ -4.373, 48.61451 ], [ -4.36707, 48.61104 ], [ -4.35412, 48.60982 ], [ -4.35213, 48.61095 ], [ -4.35175, 48.61351 ], [ -4.35017, 48.61627 ], [ -4.3492, 48.61623 ] ] } },
{ "type": "Feature", "properties": { "name": null, "weight_class": 1, "permanent": true, "length_km": 3.7 }, "geometry": { "type": "LineString", "coordinates": [ [ -4.41386, 48.58795 ], [ -4.41827, 48.5865 ], [ -4.42515, 48.58583 ], [ -4.42705, 48.58242 ], [ -4.42913, 48.58207 ], [ -4.43123, 48.57746 ], [ -4.43539, 48.57666 ], [ -4.44792, 48.5716 ], [ -4.44886, 48.57015 ] ] } },
{ "type": "Feature", "properties": { "name": null, "weight_class": 1, "permanent": true, "length_km": 6.2 }, "geometry": { "type": "LineString", "coordinates": [ [ -4.45795, 48.60447 ], [ -4.46141, 48.6031 ], [ -4.46498, 48.60499 ], [ -4.46832, 48.60522 ], [ -4.47178, 48.60501 ], [ -4.47759, 48.60269 ], [ -4.48414, 48.6023 ], [ -4.49382, 48.60397 ], [ -4.49794, 48.60317 ], [ -4.49945, 48.60182 ], [ -4.50423, 48.60266 ], [ -4.51064, 48.60085 ], [ -4.51168, 48.59513 ], [ -4.51517, 48.59374 ], [ -4.52001, 48.59423 ], [ -4.52283, 48.59332 ] ] } },
{ "type": "Feature", "properties": { "name": null, "weight_class": 1, "permanent": false, "length_km": 2.5 }, "geometry": { "type": "LineString", "coordinates": [ [ -4.53945, 48.58209 ], [ -4.5445, 48.58631 ], [ -4.54377, 48.58807 ], [ -4.54128, 48.58941 ], [ -4.53698, 48.58938 ], [ -4.53182, 48.5906 ], [ -4.52639, 48.59468 ] ] } },
{ "type": "Feature", "properties": { "name": null, "weight_class": 1, "permanent": true, "length_km": 5.7 }, "geometry": { "type": "LineString", "coordinates": [ [ -4.43666, 48.59225 ], [ -4.44854, 48.59149 ], [ -4.4521, 48.58956 ], [ -4.45785, 48.58884 ], [ -4.45978, 48.58938 ], [ -4.46382, 48.58702 ], [ -4.46866, 48.58695 ], [ -4.47481, 48.58514 ], [ -4.48196, 48.58801 ], [ -4.49338, 48.58881 ], [ -4.49544, 48.5898 ], [ -4.49695, 48.58913 ], [ -4.50048, 48.58942 ], [ -4.50149, 48.58848 ] ] } },
{ "type": "Feature", "properties": { "name": "Aber Wrac'h", "weight_class": 1, "permanent": true, "length_km": 29.2 }, "geometry": { "type": "MultiLineString", "coordinates": [ [ [ -4.52639, 48.59468 ], [ -4.53899, 48.59754 ], [ -4.54681, 48.60088 ], [ -4.55103, 48.60125 ], [ -4.55813, 48.60007 ] ], [ [ -4.4924, 48.58029 ], [ -4.49688, 48.58298 ], [ -4.50052, 48.58383 ], [ -4.50154, 48.58839 ] ], [ [ -4.24496, 48.51164 ], [ -4.2568, 48.5198 ], [ -4.26319, 48.51975 ], [ -4.2651, 48.51709 ], [ -4.26792, 48.51639 ], [ -4.27493, 48.51896 ], [ -4.27948, 48.52481 ], [ -4.28435, 48.52544 ], [ -4.28798, 48.53187 ], [ -4.29439, 48.53546 ], [ -4.30129, 48.53583 ], [ -4.30833, 48.53799 ], [ -4.30872, 48.54007 ], [ -4.31416, 48.54515 ], [ -4.31388, 48.54693 ], [ -4.31787, 48.54868 ], [ -4.31913, 48.55157 ], [ -4.32939, 48.55498 ], [ -4.33969, 48.55092 ], [ -4.34163, 48.55142 ], [ -4.34312, 48.55014 ], [ -4.34722, 48.55067 ], [ -4.34781, 48.54923 ], [ -4.35351, 48.54935 ], [ -4.35617, 48.5505 ], [ -4.3596, 48.54913 ], [ -4.36206, 48.54983 ], [ -4.36808, 48.54335 ], [ -4.37208, 48.54537 ], [ -4.3761, 48.54597 ], [ -4.38556, 48.54475 ], [ -4.38697, 48.54517 ], [ -4.38893, 48.54938 ], [ -4.39607, 48.55665 ], [ -4.4002, 48.5568 ], [ -4.40642, 48.55954 ], [ -4.41172, 48.55988 ], [ -4.41926, 48.56237 ], [ -4.42394, 48.56276 ], [ -4.42586, 48.56463 ], [ -4.4296, 48.56589 ], [ -4.43213, 48.56559 ], [ -4.43797, 48.56758 ], [ -4.44193, 48.56719 ], [ -4.44357, 48.56869 ], [ -4.44673, 48.56888 ], [ -4.44876, 48.57015 ], [ -4.44977, 48.56879 ], [ -4.45458, 48.57108 ], [ -4.46032, 48.57026 ], [ -4.47742, 48.57167 ], [ -4.48012, 48.57336 ], [ -4.48684, 48.57397 ], [ -4.48829, 48.57667 ] ] ] } },
{ "type": "Feature", "properties": { "name": null, "weight_class": 1, "permanent": false, "length_km": 3.4 }, "geometry": { "type": "LineString", "coordinates": [ [ -4.39733, 48.57933 ], [ -4.40387, 48.57487 ], [ -4.41066, 48.57275 ], [ -4.41391, 48.5678 ], [ -4.42503, 48.56758 ], [ -4.43004, 48.56686 ], [ -4.43095, 48.56563 ] ] } },
{ "type": "Feature", "properties": { "name": null, "weight_class": 1, "permanent": false, "length_km": 2.4 }, "geometry": { "type": "LineString", "coordinates": [ [ -4.48113, 48.56268 ], [ -4.48507, 48.56092 ], [ -4.48909, 48.56277 ], [ -4.49211, 48.56239 ], [ -4.49562, 48.55925 ], [ -4.49295, 48.55615 ], [ -4.49667, 48.5532 ] ] } },
{ "type": "Feature", "properties": { "name": null, "weight_class": 1, "permanent": true, "length_km": 2.6 }, "geometry": { "type": "LineString", "coordinates": [ [ -4.39277, 48.53796 ], [ -4.39992, 48.53542 ], [ -4.41209, 48.53337 ], [ -4.41699, 48.53104 ], [ -4.42351, 48.53061 ] ] } },
{ "type": "Feature", "properties": { "name": null, "weight_class": 1, "permanent": true, "length_km": 11.8 }, "geometry": { "type": "LineString", "coordinates": [ [ -4.39099, 48.46253 ], [ -4.39912, 48.46466 ], [ -4.40118, 48.46987 ], [ -4.40291, 48.4713 ], [ -4.40609, 48.4712 ], [ -4.40857, 48.47603 ], [ -4.41042, 48.47734 ], [ -4.41305, 48.47651 ], [ -4.41529, 48.47736 ], [ -4.41537, 48.47974 ], [ -4.41873, 48.48189 ], [ -4.42083, 48.48595 ], [ -4.42391, 48.48692 ], [ -4.42458, 48.4909 ], [ -4.42878, 48.49316 ], [ -4.43618, 48.50692 ], [ -4.43931, 48.50954 ], [ -4.43967, 48.51285 ], [ -4.43757, 48.51544 ], [ -4.43676, 48.51912 ], [ -4.43181, 48.52234 ], [ -4.43463, 48.52671 ], [ -4.4303, 48.52966 ], [ -4.43175, 48.53142 ], [ -4.42769, 48.53098 ], [ -4.42451, 48.53193 ] ] } },
{ "type": "Feature", "properties": { "name": null, "weight_class": 1, "permanent": true, "length_km": 4.6 }, "geometry": { "type": "LineString", "coordinates": [ [ -4.46088, 48.52303 ], [ -4.45504, 48.52519 ], [ -4.45413, 48.52669 ], [ -4.45514, 48.53546 ], [ -4.45617, 48.53589 ], [ -4.45484, 48.53774 ], [ -4.46621, 48.53869 ], [ -4.46735, 48.53788 ], [ -4.47473, 48.53817 ], [ -4.47963, 48.53927 ], [ -4.48251, 48.53801 ], [ -4.48445, 48.53897 ] ] } },
{ "type": "Feature", "properties": { "name": null, "weight_class": 1, "permanent": true, "length_km": 4.1 }, "geometry": { "type": "LineString", "coordinates": [ [ -4.52345, 48.51103 ], [ -4.52229, 48.51282 ], [ -4.51833, 48.51447 ], [ -4.51486, 48.51399 ], [ -4.51103, 48.51487 ], [ -4.50528, 48.5226 ], [ -4.50783, 48.52873 ], [ -4.51138, 48.52937 ], [ -4.51293, 48.53062 ], [ -4.51701, 48.53039 ], [ -4.51967, 48.53285 ] ] } },
{ "type": "Feature", "properties": { "name": null, "weight_class": 1, "permanent": true, "length_km": 7.5 }, "geometry": { "type": "LineString", "coordinates": [ [ -4.53075, 48.50699 ], [ -4.53063, 48.50831 ], [ -4.5349, 48.51237 ], [ -4.53559, 48.51544 ], [ -4.54021, 48.51717 ], [ -4.54059, 48.51837 ], [ -4.53613, 48.5234 ], [ -4.53339, 48.52293 ], [ -4.52663, 48.52556 ], [ -4.52351, 48.52526 ], [ -4.51879, 48.53446 ], [ -4.5203, 48.53677 ], [ -4.52646, 48.54043 ], [ -4.5263, 48.54286 ], [ -4.53079, 48.54667 ], [ -4.53119, 48.55003 ], [ -4.52968, 48.55133 ], [ -4.53276, 48.55284 ] ] } },
{ "type": "Feature", "properties": { "name": null, "weight_class": 1, "permanent": true, "length_km": 3.9 }, "geometry": { "type": "LineString", "coordinates": [ [ -4.48369, 48.49782 ], [ -4.48202, 48.49888 ], [ -4.48295, 48.50055 ], [ -4.48093, 48.50591 ], [ -4.47505, 48.50918 ], [ -4.47426, 48.51235 ], [ -4.47888, 48.51461 ], [ -4.48047, 48.51857 ], [ -4.48449, 48.51871 ], [ -4.48974, 48.52077 ] ] } },
{ "type": "Feature", "properties": { "name": null, "weight_class": 1, "permanent": true, "length_km": 3.2 }, "geometry": { "type": "LineString", "coordinates": [ [ -4.38101, 48.46509 ], [ -4.38213, 48.46836 ], [ -4.38137, 48.47062 ], [ -4.3839, 48.47328 ], [ -4.37556, 48.47929 ], [ -4.37559, 48.48108 ], [ -4.37321, 48.48234 ], [ -4.37439, 48.48436 ], [ -4.36996, 48.48604 ] ] } },
{ "type": "Feature", "properties": { "name": null, "weight_class": 1, "permanent": true, "length_km": 3.0 }, "geometry": { "type": "LineString", "coordinates": [ [ -4.48624, 48.45906 ], [ -4.48531, 48.46218 ], [ -4.48265, 48.46253 ], [ -4.47891, 48.4646 ], [ -4.47852, 48.46764 ], [ -4.49164, 48.47793 ] ] } },
{ "type": "Feature", "properties": { "name": null, "weight_class": 1, "permanent": true, "length_km": 7.3 }, "geometry": { "type": "LineString", "coordinates": [ [ -4.44784, 48.47032 ], [ -4.44997, 48.47237 ], [ -4.45207, 48.47195 ], [ -4.46473, 48.47582 ], [ -4.47071, 48.47961 ], [ -4.47238, 48.4791 ], [ -4.47502, 48.47517 ], [ -4.47866, 48.47588 ], [ -4.48381, 48.47974 ], [ -4.4879, 48.47968 ], [ -4.49164, 48.47793 ], [ -4.502, 48.48519 ], [ -4.50511, 48.48591 ], [ -4.50569, 48.48977 ], [ -4.50345, 48.49219 ], [ -4.5076, 48.49657 ] ] } },
{ "type": "Feature", "properties": { "name": null, "weight_class": 1, "permanent": true, "length_km": 3.9 }, "geometry": { "type": "LineString", "coordinates": [ [ -4.49719, 48.45504 ], [ -4.49892, 48.4556 ], [ -4.50262, 48.45483 ], [ -4.50547, 48.46044 ], [ -4.50286, 48.46663 ], [ -4.50374, 48.471 ], [ -4.50746, 48.4716 ], [ -4.50969, 48.47528 ], [ -4.51229, 48.47745 ], [ -4.51516, 48.47777 ], [ -4.51564, 48.47932 ] ] } },
{ "type": "Feature", "properties": { "name": null, "weight_class": 1, "permanent": true, "length_km": 3.3 }, "geometry": { "type": "LineString", "coordinates": [ [ -4.41837, 48.43869 ], [ -4.41774, 48.43534 ], [ -4.41548, 48.43292 ], [ -4.41609, 48.43164 ], [ -4.41428, 48.42954 ], [ -4.41253, 48.42923 ], [ -4.41059, 48.42533 ], [ -4.40508, 48.42447 ], [ -4.39796, 48.42608 ], [ -4.39662, 48.42741 ], [ -4.39318, 48.42667 ] ] } },
{ "type": "Feature", "properties": { "name": null, "weight_class": 1, "permanent": true, "length_km": 2.0 }, "geometry": { "type": "LineString", "coordinates": [ [ -4.38752, 48.45924 ], [ -4.38482, 48.45546 ], [ -4.38638, 48.4525 ], [ -4.38422, 48.44809 ], [ -4.38898, 48.4439 ] ] } },
{ "type": "Feature", "properties": { "name": null, "weight_class": 1, "permanent": false, "length_km": 3.3 }, "geometry": { "type": "LineString", "coordinates": [ [ -4.44796, 48.43626 ], [ -4.45676, 48.4373 ], [ -4.45879, 48.43924 ], [ -4.46339, 48.43867 ], [ -4.46819, 48.44145 ], [ -4.47354, 48.44226 ], [ -4.47693, 48.44171 ], [ -4.47771, 48.44311 ], [ -4.48093, 48.44456 ], [ -4.48335, 48.44317 ] ] } },
{ "type": "Feature", "properties": { "name": "la Penfeld", "weight_class": 1, "permanent": true, "length_km": 16.5 }, "geometry": { "type": "LineString", "coordinates": [ [ -4.43333, 48.4519 ], [ -4.43849, 48.45012 ], [ -4.44345, 48.45048 ], [ -4.4518, 48.44746 ], [ -4.45414, 48.44848 ], [ -4.45745, 48.44787 ], [ -4.46003, 48.44901 ], [ -4.46249, 48.4472 ], [ -4.46696, 48.44741 ], [ -4.47389, 48.44474 ], [ -4.48072, 48.4473 ], [ -4.48511, 48.44042 ], [ -4.48937, 48.43786 ], [ -4.49784, 48.43686 ], [ -4.50023, 48.43401 ], [ -4.5032, 48.43368 ], [ -4.50408, 48.43027 ], [ -4.50654, 48.42783 ], [ -4.50818, 48.42815 ], [ -4.512, 48.4241 ], [ -4.51509, 48.42321 ], [ -4.51457, 48.42005 ], [ -4.518, 48.41646 ], [ -4.51949, 48.41145 ], [ -4.51849, 48.41135 ], [ -4.52495, 48.40926 ], [ -4.52492, 48.4065 ], [ -4.52189, 48.40248 ], [ -4.51753, 48.40054 ], [ -4.51545, 48.39658 ], [ -4.51198, 48.39621 ], [ -4.50982, 48.39502 ], [ -4.50718, 48.39631 ], [ -4.5045, 48.3951 ], [ -4.4997, 48.3956 ], [ -4.50067, 48.3927 ], [ -4.49528, 48.38984 ], [ -4.49594, 48.38254 ], [ -4.49777, 48.38087 ], [ -4.49434, 48.37815 ] ] } },
{ "type": "Feature", "properties": { "name": null, "weight_class": 1, "permanent": false, "length_km": 2.9 }, "geometry": { "type": "LineString", "coordinates": [ [ -4.53588, 48.43996 ], [ -4.53396, 48.43982 ], [ -4.52985, 48.43536 ], [ -4.52636, 48.4349 ], [ -4.52637, 48.43408 ], [ -4.52292, 48.43315 ], [ -4.51955, 48.43014 ], [ -4.51631, 48.42877 ], [ -4.51757, 48.42568 ], [ -4.51501, 48.42326 ] ] } },
{ "type": "Feature", "properties": { "name": null, "weight_class": 1, "permanent": true, "length_km": 4.3 }, "geometry": { "type": "LineString", "coordinates": [ [ -4.54142, 48.44448 ], [ -4.54078, 48.44541 ], [ -4.53484, 48.44624 ], [ -4.53024, 48.44365 ], [ -4.5226, 48.44231 ], [ -4.5226, 48.43995 ], [ -4.51927, 48.43754 ], [ -4.52087, 48.43455 ], [ -4.51942, 48.43336 ], [ -4.51536, 48.43256 ], [ -4.5109, 48.43296 ], [ -4.51154, 48.43106 ], [ -4.50759, 48.42822 ] ] } },
{ "type": "Feature", "properties": { "name": null, "weight_class": 1, "permanent": false, "length_km": 2.1 }, "geometry": { "type": "LineString", "coordinates": [ [ -4.55228, 48.45035 ], [ -4.54957, 48.45289 ], [ -4.54585, 48.45376 ], [ -4.54351, 48.45678 ], [ -4.54118, 48.45789 ], [ -4.54151, 48.45996 ], [ -4.53462, 48.46169 ] ] } },
{ "type": "Feature", "properties": { "name": null, "weight_class": 1, "permanent": true, "length_km": 5.0 }, "geometry": { "type": "LineString", "coordinates": [ [ -4.45021, 48.42846 ], [ -4.45054, 48.42291 ], [ -4.44735, 48.4186 ], [ -4.44804, 48.41708 ], [ -4.44529, 48.41544 ], [ -4.44485, 48.41338 ], [ -4.45035, 48.40983 ], [ -4.44944, 48.40816 ], [ -4.45111, 48.40734 ], [ -4.4504, 48.40566 ], [ -4.44512, 48.40176 ], [ -4.43722, 48.39795 ], [ -4.4354, 48.39566 ], [ -4.43324, 48.39518 ] ] } },
{ "type": "Feature", "properties": { "name": null, "weight_class": 1, "permanent": true, "length_km": 7.1 }, "geometry": { "type": "LineString", "coordinates": [ [ -4.44337, 48.48368 ], [ -4.44346, 48.48607 ], [ -4.44703, 48.48823 ], [ -4.44848, 48.49167 ], [ -4.45266, 48.49245 ], [ -4.45676, 48.49644 ], [ -4.45784, 48.49929 ], [ -4.45679, 48.50228 ], [ -4.4575, 48.50464 ], [ -4.45262, 48.51039 ], [ -4.45508, 48.51266 ], [ -4.45461, 48.51496 ], [ -4.4533, 48.51471 ], [ -4.45045, 48.51694 ], [ -4.44969, 48.51963 ], [ -4.44731, 48.52196 ], [ -4.43809, 48.52443 ], [ -4.43632, 48.52738 ], [ -4.43457, 48.52681 ] ] } },
{ "type": "Feature", "properties": { "name": null, "weight_class": 1, "permanent": true, "length_km": 2.1 }, "geometry": { "type": "LineString", "coordinates": [ [ -4.38993, 48.48093 ], [ -4.39377, 48.48995 ], [ -4.39657, 48.49285 ], [ -4.39468, 48.49478 ], [ -4.39509, 48.49752 ] ] } },
{ "type": "Feature", "properties": { "name": null, "weight_class": 1, "permanent": false, "length_km": 3.9 }, "geometry": { "type": "LineString", "coordinates": [ [ -4.4377, 48.459 ], [ -4.44543, 48.46182 ], [ -4.45742, 48.46143 ], [ -4.46277, 48.46374 ], [ -4.46701, 48.46375 ], [ -4.47056, 48.46645 ], [ -4.47118, 48.4711 ], [ -4.47431, 48.4754 ] ] } },
{ "type": "Feature", "properties": { "name": null, "weight_class": 1, "permanent": true, "length_km": 6.8 }, "geometry": { "type": "LineString", "coordinates": [ [ -4.3976, 48.47468 ], [ -4.40062, 48.47609 ], [ -4.40448, 48.48122 ], [ -4.40197, 48.48452 ], [ -4.40595, 48.48694 ], [ -4.40745, 48.49021 ], [ -4.40621, 48.49139 ], [ -4.40558, 48.49604 ], [ -4.4027, 48.4968 ], [ -4.40061, 48.49573 ], [ -4.39826, 48.4958 ], [ -4.39399, 48.49904 ], [ -4.39474, 48.49983 ], [ -4.39346, 48.50148 ], [ -4.39636, 48.51265 ], [ -4.39635, 48.51723 ], [ -4.39492, 48.51873 ], [ -4.39563, 48.5209 ] ] } },
{ "type": "Feature", "properties": { "name": null, "weight_class": 1, "permanent": true, "length_km": 4.1 }, "geometry": { "type": "LineString", "coordinates": [ [ -4.47137, 48.42391 ], [ -4.47406, 48.42346 ], [ -4.47702, 48.42106 ], [ -4.48009, 48.42013 ], [ -4.49076, 48.41968 ], [ -4.4959, 48.41637 ], [ -4.50101, 48.416 ], [ -4.50441, 48.4141 ], [ -4.5182, 48.41343 ], [ -4.51893, 48.41406 ] ] } },
{ "type": "Feature", "properties": { "name": null, "weight_class": 1, "permanent": true, "length_km": 2.0 }, "geometry": { "type": "LineString", "coordinates": [ [ -4.40623, 48.4106 ], [ -4.40475, 48.4051 ], [ -4.40003, 48.40363 ], [ -4.39722, 48.39971 ], [ -4.3926, 48.39676 ] ] } },
{ "type": "Feature", "properties": { "name": null, "weight_class": 1, "permanent": true, "length_km": 6.0 }, "geometry": { "type": "LineString", "coordinates": [ [ -4.56309, 48.38358 ], [ -4.56288, 48.38613 ], [ -4.56879, 48.39361 ], [ -4.56594, 48.39744 ], [ -4.56182, 48.39832 ], [ -4.55398, 48.3971 ], [ -4.55077, 48.40124 ], [ -4.54534, 48.40198 ], [ -4.54501, 48.40286 ], [ -4.53785, 48.40166 ], [ -4.53439, 48.40207 ], [ -4.52974, 48.40531 ], [ -4.52598, 48.40432 ], [ -4.52358, 48.40474 ] ] } },
{ "type": "Feature", "properties": { "name": null, "weight_class": 1, "permanent": true, "length_km": 5.3 }, "geometry": { "type": "LineString", "coordinates": [ [ -4.3503, 48.36984 ], [ -4.35443, 48.367 ], [ -4.35372, 48.36649 ], [ -4.35603, 48.3639 ], [ -4.35508, 48.36212 ], [ -4.35832, 48.36177 ], [ -4.36945, 48.35609 ], [ -4.38086, 48.35275 ], [ -4.38487, 48.35062 ], [ -4.38796, 48.34752 ], [ -4.38745, 48.34646 ], [ -4.38944, 48.34524 ], [ -4.39072, 48.34203 ] ] } },
{ "type": "Feature", "properties": { "name": null, "weight_class": 1, "permanent": true, "length_km": 6.3 }, "geometry": { "type": "LineString", "coordinates": [ [ -4.37396, 48.36771 ], [ -4.38915, 48.36377 ], [ -4.39355, 48.36146 ], [ -4.40729, 48.35725 ], [ -4.41699, 48.35203 ], [ -4.4224, 48.35167 ], [ -4.4256, 48.35041 ], [ -4.42654, 48.34774 ], [ -4.43034, 48.34456 ], [ -4.43602, 48.34288 ], [ -4.43826, 48.34301 ] ] } },
{ "type": "Feature", "properties": { "name": null, "weight_class": 1, "permanent": true, "length_km": 2.8 }, "geometry": { "type": "LineString", "coordinates": [ [ -4.44765, 48.27093 ], [ -4.44413, 48.27079 ], [ -4.42997, 48.27418 ], [ -4.41811, 48.27826 ], [ -4.41452, 48.28123 ] ] } },
{ "type": "Feature", "properties": { "name": "l'Aber", "weight_class": 1, "permanent": true, "length_km": 12.5 }, "geometry": { "type": "MultiLineString", "coordinates": [ [ [ -4.36441, 48.2474 ], [ -4.38559, 48.24552 ], [ -4.39161, 48.24337 ], [ -4.39215, 48.24414 ], [ -4.39582, 48.24311 ], [ -4.39912, 48.24365 ], [ -4.40361, 48.24184 ], [ -4.41105, 48.24169 ], [ -4.41421, 48.24027 ], [ -4.4159, 48.24067 ], [ -4.4176, 48.23903 ], [ -4.42569, 48.23616 ], [ -4.42961, 48.23654 ], [ -4.43045, 48.23573 ], [ -4.42892, 48.23453 ], [ -4.43127, 48.2313 ] ], [ [ -4.35865, 48.24557 ], [ -4.36209, 48.24743 ], [ -4.36281, 48.24751 ], [ -4.36441, 48.2474 ] ], [ [ -4.35865, 48.24557 ], [ -4.36412, 48.24563 ], [ -4.36441, 48.2474 ] ], [ [ -4.29814, 48.24465 ], [ -4.30247, 48.24667 ], [ -4.30853, 48.24757 ], [ -4.30972, 48.24903 ], [ -4.31298, 48.24997 ], [ -4.32285, 48.25111 ], [ -4.33651, 48.25013 ], [ -4.34723, 48.24514 ], [ -4.35424, 48.24422 ], [ -4.35865, 48.24557 ] ] ] } },
{ "type": "Feature", "properties": { "name": "le Goyen", "weight_class": 1, "permanent": true, "length_km": 5.5 }, "geometry": { "type": "MultiLineString", "coordinates": [ [ [ -4.44827, 48.04165 ], [ -4.4542, 48.03965 ], [ -4.45556, 48.04021 ] ], [ [ -4.42397, 48.03982 ], [ -4.42681, 48.04069 ] ], [ [ -4.40663, 48.03681 ], [ -4.41427, 48.03801 ], [ -4.42155, 48.04055 ], [ -4.42402, 48.03985 ] ], [ [ -4.39221, 48.03153 ], [ -4.39557, 48.03411 ] ], [ [ -4.3447, 48.02392 ], [ -4.35098, 48.02537 ], [ -4.35726, 48.02477 ] ], [ [ -4.29403, 48.01302 ], [ -4.2956, 48.01247 ], [ -4.30174, 48.01447 ] ], [ [ -4.27453, 48.00915 ], [ -4.27548, 48.00976 ], [ -4.27867, 48.00886 ], [ -4.28664, 48.00922 ] ] ] } },
{ "type": "Feature", "properties": { "name": null, "weight_class": 1, "permanent": true, "length_km": 2.5 }, "geometry": { "type": "LineString", "coordinates": [ [ -4.33371, 48.22364 ], [ -4.34341, 48.22073 ], [ -4.34452, 48.21345 ], [ -4.34867, 48.20711 ] ] } },
{ "type": "Feature", "properties": { "name": null, "weight_class": 1, "permanent": true, "length_km": 3.6 }, "geometry": { "type": "LineString", "coordinates": [ [ -4.37524, 48.09558 ], [ -4.3718, 48.09272 ], [ -4.3709, 48.0903 ], [ -4.36686, 48.08953 ], [ -4.36171, 48.09138 ], [ -4.35979, 48.09363 ], [ -4.35632, 48.09424 ], [ -4.34983, 48.09362 ], [ -4.33799, 48.09788 ] ] } },
{ "type": "Feature", "properties": { "name": null, "weight_class": 1, "permanent": true, "length_km": 2.7 }, "geometry": { "type": "LineString", "coordinates": [ [ -4.44497, 48.08297 ], [ -4.44787, 48.08256 ], [ -4.45336, 48.08447 ], [ -4.4582, 48.08409 ], [ -4.46036, 48.08642 ], [ -4.45921, 48.0899 ], [ -4.4628, 48.09435 ], [ -4.46201, 48.09702 ] ] } },
{ "type": "Feature", "properties": { "name": "le Lochrist", "weight_class": 1, "permanent": true, "length_km": 10.5 }, "geometry": { "type": "LineString", "coordinates": [ [ -4.37761, 48.08147 ], [ -4.38396, 48.08 ], [ -4.38739, 48.07797 ], [ -4.40264, 48.07678 ], [ -4.40526, 48.07358 ], [ -4.40765, 48.0727 ], [ -4.41159, 48.07328 ], [ -4.42003, 48.07187 ], [ -4.43351, 48.06527 ], [ -4.43485, 48.06247 ], [ -4.44251, 48.06181 ], [ -4.44476, 48.05999 ], [ -4.45533, 48.05903 ], [ -4.45646, 48.05781 ], [ -4.46084, 48.05754 ], [ -4.46579, 48.05554 ], [ -4.46577, 48.05239 ], [ -4.46721, 48.05115 ], [ -4.46592, 48.04763 ], [ -4.46719, 48.04587 ], [ -4.46619, 48.04535 ], [ -4.46745, 48.04237 ], [ -4.4669, 48.03911 ] ] } },
{ "type": "Feature", "properties": { "name": null, "weight_class": 1, "permanent": true, "length_km": 6.5 }, "geometry": { "type": "LineString", "coordinates": [ [ -4.36375, 48.04995 ], [ -4.35917, 48.0466 ], [ -4.35318, 48.04643 ], [ -4.35193, 48.0519 ], [ -4.35547, 48.05437 ], [ -4.35772, 48.05891 ], [ -4.35637, 48.06151 ], [ -4.35315, 48.06332 ], [ -4.35139, 48.07 ], [ -4.3476, 48.07029 ], [ -4.33807, 48.07409 ], [ -4.33646, 48.07891 ], [ -4.32969, 48.07959 ] ] } },
{ "type": "Feature", "properties": { "name": "le Port Rhu", "weight_class": 1, "permanent": true, "length_km": 9.5 }, "geometry": { "type": "LineString", "coordinates": [ [ -4.27092, 48.03094 ], [ -4.27374, 48.03208 ], [ -4.27719, 48.0322 ], [ -4.28753, 48.03066 ], [ -4.28955, 48.03114 ], [ -4.29336, 48.03334 ], [ -4.29611, 48.0338 ], [ -4.30359, 48.03901 ], [ -4.30859, 48.03999 ], [ -4.30988, 48.04338 ], [ -4.31494, 48.04534 ], [ -4.32015, 48.04917 ], [ -4.32348, 48.05013 ], [ -4.32449, 48.05531 ], [ -4.32248, 48.05678 ], [ -4.32234, 48.05868 ], [ -4.31918, 48.0596 ], [ -4.31947, 48.06122 ], [ -4.32113, 48.06312 ], [ -4.32547, 48.06523 ], [ -4.32221, 48.06976 ], [ -4.32373, 48.07011 ], [ -4.32373, 48.07246 ], [ -4.32602, 48.07552 ], [ -4.32795, 48.07632 ], [ -4.32969, 48.07959 ] ] } },
{ "type": "Feature", "properties": { "name": null, "weight_class": 1, "permanent": false, "length_km": 3.1 }, "geometry": { "type": "LineString", "coordinates": [ [ -4.38495, 48.06784 ], [ -4.3827, 48.0653 ], [ -4.37735, 48.06318 ], [ -4.37063, 48.0647 ], [ -4.36707, 48.06663 ], [ -4.36351, 48.06622 ], [ -4.36113, 48.06758 ], [ -4.35134, 48.06824 ] ] } },
{ "type": "Feature", "properties": { "name": null, "weight_class": 1, "permanent": true, "length_km": 3.2 }, "geometry": { "type": "LineString", "coordinates": [ [ -4.39852, 48.0561 ], [ -4.40255, 48.05795 ], [ -4.40646, 48.05803 ], [ -4.41111, 48.05998 ], [ -4.4148, 48.06039 ], [ -4.41739, 48.06189 ], [ -4.42147, 48.06196 ], [ -4.42501, 48.06057 ], [ -4.42837, 48.06274 ], [ -4.43496, 48.06292 ] ] } },
{ "type": "Feature", "properties": { "name": null, "weight_class": 1, "permanent": true, "length_km": 6.4 }, "geometry": { "type": "LineString", "coordinates": [ [ -4.31798, 48.03342 ], [ -4.32126, 48.03557 ], [ -4.3322, 48.03661 ], [ -4.3341, 48.03516 ], [ -4.34031, 48.03453 ], [ -4.3633, 48.035 ], [ -4.36856, 48.03443 ], [ -4.38093, 48.03556 ], [ -4.38721, 48.03509 ], [ -4.39404, 48.03627 ], [ -4.39722, 48.03581 ] ] } },
{ "type": "Feature", "properties": { "name": null, "weight_class": 1, "permanent": true, "length_km": 3.9 }, "geometry": { "type": "LineString", "coordinates": [ [ -4.37755, 48.04367 ], [ -4.37953, 48.04219 ], [ -4.41406, 48.04563 ], [ -4.41675, 48.04356 ], [ -4.42169, 48.04263 ], [ -4.42292, 48.04048 ] ] } },
{ "type": "Feature", "properties": { "name": null, "weight_class": 1, "permanent": true, "length_km": 2.9 }, "geometry": { "type": "LineString", "coordinates": [ [ -4.31575, 48.00342 ], [ -4.32782, 48.01123 ], [ -4.3271, 48.01256 ], [ -4.3306, 48.01673 ], [ -4.32938, 48.01893 ], [ -4.33186, 48.024 ] ] } },
{ "type": "Feature", "properties": { "name": null, "weight_class": 1, "permanent": true, "length_km": 2.6 }, "geometry": { "type": "LineString", "coordinates": [ [ -4.40186, 48.00611 ], [ -4.40442, 48.00535 ], [ -4.40492, 48.00344 ], [ -4.41485, 48.00156 ], [ -4.41823, 48.00594 ], [ -4.4229, 48.00734 ], [ -4.42579, 48.00988 ] ] } },
{ "type": "Feature", "properties": { "name": null, "weight_class": 1, "permanent": true, "length_km": 11.0 }, "geometry": { "type": "LineString", "coordinates": [ [ -4.38948, 48.02226 ], [ -4.39539, 48.0185 ], [ -4.40664, 48.01709 ], [ -4.41938, 48.01681 ], [ -4.42296, 48.01472 ], [ -4.4266, 48.0146 ], [ -4.42535, 48.01007 ], [ -4.42806, 48.01022 ], [ -4.43395, 48.00826 ], [ -4.43711, 48.01031 ], [ -4.44673, 48.0128 ], [ -4.44851, 48.01439 ], [ -4.4492, 48.02269 ], [ -4.4537, 48.02637 ], [ -4.46293, 48.02952 ], [ -4.47355, 48.02883 ], [ -4.47607, 48.03191 ], [ -4.47634, 48.03421 ], [ -4.48073, 48.03698 ], [ -4.4807, 48.03911 ], [ -4.48258, 48.04113 ] ] } },
{ "type": "Feature", "properties": { "name": null, "weight_class": 1, "permanent": true, "length_km": 11.5 }, "geometry": { "type": "LineString", "coordinates": [ [ -4.30494, 47.98713 ], [ -4.30785, 47.98606 ], [ -4.31429, 47.98599 ], [ -4.31768, 47.98765 ], [ -4.32212, 47.9871 ], [ -4.3258, 47.98808 ], [ -4.33212, 47.98806 ], [ -4.33687, 47.98698 ], [ -4.33838, 47.98558 ], [ -4.34979, 47.98448 ], [ -4.35393, 47.98253 ], [ -4.35695, 47.9795 ], [ -4.36695, 47.97486 ], [ -4.36902, 47.97022 ], [ -4.38282, 47.97056 ], [ -4.38888, 47.96785 ], [ -4.39013, 47.96459 ], [ -4.39931, 47.96256 ], [ -4.40204, 47.96287 ], [ -4.40629, 47.96123 ], [ -4.41066, 47.96119 ], [ -4.41484, 47.96277 ], [ -4.4179, 47.96229 ], [ -4.41995, 47.96359 ], [ -4.4222, 47.96226 ], [ -4.422, 47.96133 ] ] } },
{ "type": "Feature", "properties": { "name": null, "weight_class": 1, "permanent": true, "length_km": 3.6 }, "geometry": { "type": "LineString", "coordinates": [ [ -4.29945, 47.97193 ], [ -4.30031, 47.97053 ], [ -4.30478, 47.96996 ], [ -4.31058, 47.97096 ], [ -4.31691, 47.97063 ], [ -4.32187, 47.97182 ], [ -4.33343, 47.97129 ], [ -4.33853, 47.97169 ], [ -4.34231, 47.9747 ] ] } },
{ "type": "Feature", "properties": { "name": null, "weight_class": 1, "permanent": true, "length_km": 5.1 }, "geometry": { "type": "LineString", "coordinates": [ [ -4.30258, 47.98038 ], [ -4.31658, 47.98046 ], [ -4.32034, 47.97837 ], [ -4.33071, 47.97737 ], [ -4.33383, 47.97658 ], [ -4.33557, 47.97509 ], [ -4.34079, 47.97455 ], [ -4.34425, 47.97453 ], [ -4.34693, 47.97585 ], [ -4.35343, 47.9753 ], [ -4.36242, 47.97673 ] ] } },
{ "type": "Feature", "properties": { "name": null, "weight_class": 1, "permanent": false, "length_km": 3.1 }, "geometry": { "type": "LineString", "coordinates": [ [ -4.36986, 47.99504 ], [ -4.37095, 47.99069 ], [ -4.37843, 47.9811 ], [ -4.37855, 47.97391 ], [ -4.38123, 47.97238 ], [ -4.38166, 47.97057 ] ] } },
{ "type": "Feature", "properties": { "name": null, "weight_class": 1, "permanent": false, "length_km": 4.3 }, "geometry": { "type": "LineString", "coordinates": [ [ -4.41222, 47.98794 ], [ -4.40947, 47.98814 ], [ -4.40748, 47.98687 ], [ -4.40099, 47.98614 ], [ -4.3973, 47.98348 ], [ -4.40044, 47.97295 ], [ -4.40383, 47.97183 ], [ -4.40815, 47.96832 ], [ -4.41256, 47.96681 ], [ -4.41556, 47.96276 ] ] } },
{ "type": "Feature", "properties": { "name": null, "weight_class": 1, "permanent": false, "length_km": 2.8 }, "geometry": { "type": "LineString", "coordinates": [ [ -4.42473, 47.98363 ], [ -4.42362, 47.98072 ], [ -4.41753, 47.97798 ], [ -4.41674, 47.97486 ], [ -4.42512, 47.96855 ], [ -4.42523, 47.96397 ] ] } },
{ "type": "Feature", "properties": { "name": null, "weight_class": 1, "permanent": false, "length_km": 2.5 }, "geometry": { "type": "LineString", "coordinates": [ [ -4.31365, 47.95258 ], [ -4.31049, 47.94857 ], [ -4.31261, 47.94676 ], [ -4.31356, 47.94394 ], [ -4.31923, 47.94428 ], [ -4.33087, 47.94311 ] ] } },
{ "type": "Feature", "properties": { "name": null, "weight_class": 1, "permanent": false, "length_km": 3.7 }, "geometry": { "type": "LineString", "coordinates": [ [ -4.31095, 47.95969 ], [ -4.3204, 47.95806 ], [ -4.32302, 47.95396 ], [ -4.32864, 47.95231 ], [ -4.32889, 47.94798 ], [ -4.33147, 47.94479 ], [ -4.33091, 47.94303 ], [ -4.33959, 47.93901 ] ] } },
{ "type": "Feature", "properties": { "name": null, "weight_class": 1, "permanent": false, "length_km": 3.9 }, "geometry": { "type": "LineString", "coordinates": [ [ -4.35946, 47.95138 ], [ -4.35913, 47.94708 ], [ -4.37711, 47.94213 ], [ -4.38052, 47.94322 ], [ -4.38773, 47.94282 ], [ -4.39399, 47.94058 ], [ -4.39904, 47.93736 ] ] } },
{ "type": "Feature", "properties": { "name": null, "weight_class": 1, "permanent": false, "length_km": 2.8 }, "geometry": { "type": "LineString", "coordinates": [ [ -4.36505, 47.95502 ], [ -4.36728, 47.95517 ], [ -4.37098, 47.95303 ], [ -4.38777, 47.94961 ], [ -4.39941, 47.94998 ] ] } },
{ "type": "Feature", "properties": { "name": null, "weight_class": 1, "permanent": true, "length_km": 6.5 }, "geometry": { "type": "LineString", "coordinates": [ [ -4.33966, 47.967 ], [ -4.35082, 47.96577 ], [ -4.35436, 47.96239 ], [ -4.36106, 47.96148 ], [ -4.36813, 47.96169 ], [ -4.37219, 47.95983 ], [ -4.38329, 47.95958 ], [ -4.38588, 47.95884 ], [ -4.39117, 47.95452 ], [ -4.39929, 47.95085 ], [ -4.39941, 47.94998 ], [ -4.41122, 47.94842 ] ] } },
{ "type": "Feature", "properties": { "name": null, "weight_class": 1, "permanent": true, "length_km": 10.7 }, "geometry": { "type": "LineString", "coordinates": [ [ -4.32836, 47.96343 ], [ -4.3304, 47.95781 ], [ -4.33452, 47.95748 ], [ -4.34011, 47.95435 ], [ -4.34592, 47.95353 ], [ -4.34561, 47.94751 ], [ -4.3486, 47.94463 ], [ -4.34775, 47.94311 ], [ -4.34868, 47.94152 ], [ -4.34603, 47.9394 ], [ -4.34068, 47.93844 ], [ -4.34209, 47.93336 ], [ -4.34023, 47.93174 ], [ -4.33896, 47.92821 ], [ -4.34, 47.9259 ], [ -4.34244, 47.9251 ], [ -4.34413, 47.9225 ], [ -4.34413, 47.91529 ], [ -4.35184, 47.91184 ], [ -4.35947, 47.91109 ], [ -4.36627, 47.90811 ], [ -4.36643, 47.90332 ], [ -4.36809, 47.89942 ], [ -4.36494, 47.89873 ], [ -4.36327, 47.89626 ] ] } },
{ "type": "Feature", "properties": { "name": null, "weight_class": 1, "permanent": false, "length_km": 2.3 }, "geometry": { "type": "LineString", "coordinates": [ [ -4.36234, 47.93368 ], [ -4.36319, 47.93206 ], [ -4.36648, 47.93038 ], [ -4.38548, 47.92306 ] ] } },
{ "type": "Feature", "properties": { "name": null, "weight_class": 1, "permanent": false, "length_km": 2.0 }, "geometry": { "type": "LineString", "coordinates": [ [ -4.36757, 47.93732 ], [ -4.37498, 47.93138 ], [ -4.38846, 47.92804 ] ] } },
{ "type": "Feature", "properties": { "name": "Ruisseau la Noguette", "weight_class": 1, "permanent": true, "length_km": 2.5 }, "geometry": { "type": "MultiLineString", "coordinates": [ [ [ -3.46265, 47.94879 ], [ -3.464, 47.94709 ], [ -3.46773, 47.94572 ] ], [ [ -3.46216, 47.95323 ], [ -3.46216, 47.95209 ] ], [ [ -3.46137, 47.95994 ], [ -3.4608, 47.95638 ], [ -3.46191, 47.95488 ] ], [ [ -3.45158, 47.95903 ], [ -3.45406, 47.95673 ], [ -3.45702, 47.95704 ], [ -3.46048, 47.96069 ] ] ] } },
{ "type": "Feature", "properties": { "name": "Ruisseau de Kernevez", "weight_class": 1, "permanent": true, "length_km": 7.1 }, "geometry": { "type": "LineString", "coordinates": [ [ -3.43257, 47.96464 ], [ -3.43416, 47.96031 ], [ -3.43174, 47.95836 ], [ -3.43, 47.95341 ], [ -3.42856, 47.9524 ], [ -3.42979, 47.94965 ], [ -3.42517, 47.94769 ], [ -3.42307, 47.94354 ], [ -3.42558, 47.9417 ], [ -3.42684, 47.93685 ], [ -3.42623, 47.93537 ], [ -3.42079, 47.93314 ], [ -3.42227, 47.92674 ], [ -3.42131, 47.92518 ], [ -3.40823, 47.91962 ], [ -3.40662, 47.91734 ] ] } },
{ "type": "Feature", "properties": { "name": null, "weight_class": 1, "permanent": false, "length_km": 2.2 }, "geometry": { "type": "LineString", "coordinates": [ [ -3.50903, 47.95875 ], [ -3.50572, 47.96079 ], [ -3.50282, 47.96037 ], [ -3.50109, 47.95903 ], [ -3.49586, 47.96125 ], [ -3.49297, 47.96131 ], [ -3.49138, 47.95997 ], [ -3.48518, 47.96043 ] ] } },
{ "type": "Feature", "properties": { "name": null, "weight_class": 1, "permanent": true, "length_km": 2.3 }, "geometry": { "type": "LineString", "coordinates": [ [ -3.5299, 47.9636 ], [ -3.52831, 47.96246 ], [ -3.52641, 47.96259 ], [ -3.52142, 47.96549 ], [ -3.52085, 47.96761 ], [ -3.51691, 47.96872 ], [ -3.51351, 47.97199 ], [ -3.51544, 47.97365 ], [ -3.51502, 47.97482 ] ] } },
{ "type": "Feature", "properties": { "name": null, "weight_class": 1, "permanent": false, "length_km": 2.5 }, "geometry": { "type": "LineString", "coordinates": [ [ -3.43979, 47.94611 ], [ -3.44135, 47.94744 ], [ -3.44805, 47.9493 ], [ -3.45361, 47.94377 ], [ -3.45736, 47.94235 ], [ -3.45827, 47.94027 ], [ -3.46253, 47.94013 ], [ -3.46308, 47.93935 ] ] } },
{ "type": "Feature", "properties": { "name": null, "weight_class": 1, "permanent": true, "length_km": 4.4 }, "geometry": { "type": "LineString", "coordinates": [ [ -3.49885, 47.94855 ], [ -3.51044, 47.94383 ], [ -3.51082, 47.93979 ], [ -3.51233, 47.93808 ], [ -3.51427, 47.93768 ], [ -3.51419, 47.93529 ], [ -3.51638, 47.93346 ], [ -3.52309, 47.93068 ], [ -3.53213, 47.93041 ], [ -3.53849, 47.92812 ] ] } },
{ "type": "Feature", "properties": { "name": null, "weight_class": 1, "permanent": true, "length_km": 5.3 }, "geometry": { "type": "LineString", "coordinates": [ [ -3.50283, 47.93579 ], [ -3.50446, 47.9315 ], [ -3.50791, 47.93039 ], [ -3.5079, 47.92774 ], [ -3.5116, 47.92627 ], [ -3.51236, 47.92348 ], [ -3.5098, 47.91828 ], [ -3.51029, 47.91552 ], [ -3.5072, 47.9135 ], [ -3.50776, 47.9122 ], [ -3.50567, 47.91039 ], [ -3.50292, 47.90901 ], [ -3.50166, 47.90939 ], [ -3.50112, 47.9075 ], [ -3.4975, 47.90558 ], [ -3.49737, 47.90431 ], [ -3.49554, 47.90462 ], [ -3.49384, 47.90384 ], [ -3.4936, 47.90217 ] ] } },
{ "type": "Feature", "properties": { "name": null, "weight_class": 1, "permanent": true, "length_km": 5.2 }, "geometry": { "type": "LineString", "coordinates": [ [ -3.49461, 47.93719 ], [ -3.49457, 47.93073 ], [ -3.48476, 47.92894 ], [ -3.48322, 47.92777 ], [ -3.48457, 47.92307 ], [ -3.47803, 47.92244 ], [ -3.47659, 47.92139 ], [ -3.4783, 47.91985 ], [ -3.4789, 47.91716 ], [ -3.47731, 47.91556 ], [ -3.47758, 47.91084 ], [ -3.47638, 47.90937 ], [ -3.47689, 47.90337 ] ] } },
{ "type": "Feature", "properties": { "name": null, "weight_class": 2, "permanent": true, "length_km": 2.0 }, "geometry": { "type": "LineString", "coordinates": [ [ -3.49599, 47.94475 ], [ -3.48486, 47.94211 ], [ -3.47916, 47.94271 ], [ -3.47482, 47.94133 ], [ -3.471, 47.94164 ] ] } },
{ "type": "Feature", "properties": { "name": null, "weight_class": 1, "permanent": false, "length_km": 2.9 }, "geometry": { "type": "LineString", "coordinates": [ [ -3.43823, 47.91793 ], [ -3.43799, 47.91565 ], [ -3.44166, 47.91253 ], [ -3.44029, 47.91138 ], [ -3.44218, 47.90982 ], [ -3.44074, 47.90832 ], [ -3.4413, 47.90717 ], [ -3.44445, 47.90721 ], [ -3.45169, 47.90547 ], [ -3.45862, 47.90629 ] ] } },
{ "type": "Feature", "properties": { "name": null, "weight_class": 1, "permanent": false, "length_km": 2.2 }, "geometry": { "type": "LineString", "coordinates": [ [ -3.49408, 47.91725 ], [ -3.49211, 47.91456 ], [ -3.49085, 47.90819 ], [ -3.48731, 47.90717 ], [ -3.48572, 47.90452 ], [ -3.48538, 47.90057 ] ] } },
{ "type": "Feature", "properties": { "name": null, "weight_class": 1, "permanent": true, "length_km": 2.7 }, "geometry": { "type": "LineString", "coordinates": [ [ -3.54229, 47.96541 ], [ -3.54467, 47.9622 ], [ -3.54103, 47.95672 ], [ -3.54094, 47.954 ], [ -3.54189, 47.95215 ], [ -3.54605, 47.95036 ], [ -3.54627, 47.94726 ], [ -3.54497, 47.94489 ] ] } },
{ "type": "Feature", "properties": { "name": null, "weight_class": 1, "permanent": true, "length_km": 7.7 }, "geometry": { "type": "LineString", "coordinates": [ [ -3.55163, 47.96123 ], [ -3.55293, 47.95953 ], [ -3.55042, 47.95519 ], [ -3.55184, 47.9535 ], [ -3.55252, 47.94801 ], [ -3.53962, 47.94337 ], [ -3.53924, 47.94142 ], [ -3.54144, 47.93979 ], [ -3.54127, 47.93773 ], [ -3.53932, 47.93554 ], [ -3.54078, 47.9329 ], [ -3.5382, 47.93147 ], [ -3.53844, 47.92803 ], [ -3.54181, 47.91733 ], [ -3.54581, 47.91458 ], [ -3.55156, 47.91529 ], [ -3.55397, 47.91398 ], [ -3.55709, 47.91395 ] ] } },
{ "type": "Feature", "properties": { "name": null, "weight_class": 1, "permanent": true, "length_km": 8.4 }, "geometry": { "type": "LineString", "coordinates": [ [ -3.58941, 47.97586 ], [ -3.58415, 47.97793 ], [ -3.57854, 47.97686 ], [ -3.57518, 47.97358 ], [ -3.57415, 47.96802 ], [ -3.57451, 47.96492 ], [ -3.57923, 47.96167 ], [ -3.58032, 47.95973 ], [ -3.57852, 47.95445 ], [ -3.57937, 47.95268 ], [ -3.58145, 47.95128 ], [ -3.58245, 47.94885 ], [ -3.58767, 47.94662 ], [ -3.58732, 47.94472 ], [ -3.58503, 47.94258 ], [ -3.57631, 47.93993 ], [ -3.57839, 47.93682 ], [ -3.5764, 47.93217 ], [ -3.57904, 47.92946 ], [ -3.57914, 47.92697 ], [ -3.58217, 47.92539 ] ] } },
{ "type": "Feature", "properties": { "name": null, "weight_class": 1, "permanent": true, "length_km": 6.6 }, "geometry": { "type": "LineString", "coordinates": [ [ -3.59857, 47.96798 ], [ -3.60358, 47.96531 ], [ -3.60519, 47.96316 ], [ -3.60983, 47.96126 ], [ -3.61016, 47.95871 ], [ -3.61309, 47.9562 ], [ -3.60645, 47.95029 ], [ -3.60239, 47.94823 ], [ -3.59863, 47.94823 ], [ -3.59622, 47.94702 ], [ -3.59679, 47.94468 ], [ -3.59923, 47.94418 ], [ -3.60009, 47.94267 ], [ -3.59945, 47.94169 ], [ -3.59682, 47.94133 ], [ -3.59589, 47.93981 ], [ -3.5958, 47.93845 ], [ -3.59748, 47.93726 ], [ -3.59694, 47.93528 ], [ -3.59828, 47.93415 ], [ -3.59564, 47.93064 ], [ -3.59678, 47.92734 ] ] } },
{ "type": "Feature", "properties": { "name": null, "weight_class": 1, "permanent": true, "length_km": 2.4 }, "geometry": { "type": "LineString", "coordinates": [ [ -3.62023, 47.94963 ], [ -3.61569, 47.94723 ], [ -3.618, 47.94379 ], [ -3.61786, 47.94129 ], [ -3.61401, 47.93572 ], [ -3.61289, 47.93149 ] ] } },
{ "type": "Feature", "properties": { "name": null, "weight_class": 1, "permanent": true, "length_km": 2.4 }, "geometry": { "type": "LineString", "coordinates": [ [ -3.61518, 47.97243 ], [ -3.61843, 47.96812 ], [ -3.62382, 47.9656 ], [ -3.62793, 47.96656 ], [ -3.62998, 47.96863 ], [ -3.63358, 47.96825 ], [ -3.63523, 47.96923 ], [ -3.63723, 47.96838 ] ] } },
{ "type": "Feature", "properties": { "name": null, "weight_class": 1, "permanent": true, "length_km": 2.6 }, "geometry": { "type": "LineString", "coordinates": [ [ -3.70648, 47.95613 ], [ -3.696, 47.95638 ], [ -3.69418, 47.95487 ], [ -3.69226, 47.95467 ], [ -3.68892, 47.95589 ], [ -3.68542, 47.95588 ], [ -3.68147, 47.9577 ], [ -3.67828, 47.95761 ], [ -3.67617, 47.95914 ] ] } },
{ "type": "Feature", "properties": { "name": null, "weight_class": 1, "permanent": true, "length_km": 2.3 }, "geometry": { "type": "LineString", "coordinates": [ [ -3.53422, 47.95183 ], [ -3.53788, 47.95079 ], [ -3.538, 47.94844 ], [ -3.53359, 47.94465 ], [ -3.53949, 47.93585 ] ] } },
{ "type": "Feature", "properties": { "name": null, "weight_class": 1, "permanent": true, "length_km": 2.2 }, "geometry": { "type": "LineString", "coordinates": [ [ -3.55859, 47.95031 ], [ -3.57056, 47.94958 ], [ -3.57331, 47.94666 ], [ -3.57351, 47.94445 ], [ -3.57641, 47.94302 ], [ -3.57753, 47.94064 ] ] } },
{ "type": "Feature", "properties": { "name": null, "weight_class": 1, "permanent": true, "length_km": 5.1 }, "geometry": { "type": "LineString", "coordinates": [ [ -3.68271, 47.93442 ], [ -3.68176, 47.93244 ], [ -3.67952, 47.93164 ], [ -3.6786, 47.92901 ], [ -3.67378, 47.92626 ], [ -3.666, 47.92689 ], [ -3.66542, 47.9278 ], [ -3.66064, 47.9288 ], [ -3.65973, 47.93007 ], [ -3.65555, 47.93154 ], [ -3.64279, 47.93295 ], [ -3.64159, 47.93404 ], [ -3.63639, 47.93524 ], [ -3.63365, 47.93405 ], [ -3.63163, 47.935 ] ] } },
{ "type": "Feature", "properties": { "name": null, "weight_class": 1, "permanent": true, "length_km": 2.4 }, "geometry": { "type": "LineString", "coordinates": [ [ -3.67493, 47.93869 ], [ -3.66448, 47.93685 ], [ -3.66045, 47.93709 ], [ -3.65145, 47.9358 ], [ -3.64673, 47.93658 ], [ -3.6467, 47.93756 ] ] } },
{ "type": "Feature", "properties": { "name": null, "weight_class": 1, "permanent": true, "length_km": 3.7 }, "geometry": { "type": "LineString", "coordinates": [ [ -3.68599, 47.94307 ], [ -3.67016, 47.9408 ], [ -3.6648, 47.94244 ], [ -3.66056, 47.94132 ], [ -3.65687, 47.94183 ], [ -3.65392, 47.94033 ], [ -3.65023, 47.94037 ], [ -3.64724, 47.93938 ], [ -3.64617, 47.93721 ], [ -3.64254, 47.93713 ] ] } },
{ "type": "Feature", "properties": { "name": null, "weight_class": 1, "permanent": true, "length_km": 2.9 }, "geometry": { "type": "LineString", "coordinates": [ [ -3.57174, 47.90085 ], [ -3.57288, 47.8966 ], [ -3.57067, 47.89264 ], [ -3.56856, 47.89124 ], [ -3.56951, 47.89003 ], [ -3.5683, 47.88747 ], [ -3.56271, 47.88113 ], [ -3.56239, 47.87777 ] ] } },
{ "type": "Feature", "properties": { "name": null, "weight_class": 1, "permanent": true, "length_km": 2.8 }, "geometry": { "type": "LineString", "coordinates": [ [ -3.60608, 47.90321 ], [ -3.59966, 47.89624 ], [ -3.60126, 47.89414 ], [ -3.59621, 47.8908 ], [ -3.59486, 47.88765 ], [ -3.58662, 47.88777 ] ] } },
{ "type": "Feature", "properties": { "name": "le Dourdu", "weight_class": 1, "permanent": true, "length_km": 10.8 }, "geometry": { "type": "LineString", "coordinates": [ [ -3.59882, 47.91571 ], [ -3.59632, 47.91496 ], [ -3.59602, 47.913 ], [ -3.59167, 47.91198 ], [ -3.59001, 47.91033 ], [ -3.58953, 47.90812 ], [ -3.59664, 47.9042 ], [ -3.59049, 47.89635 ], [ -3.5846, 47.89402 ], [ -3.5868, 47.88737 ], [ -3.58458, 47.88032 ], [ -3.57958, 47.87828 ], [ -3.57782, 47.87614 ], [ -3.57328, 47.87681 ], [ -3.571, 47.87514 ], [ -3.56815, 47.87588 ], [ -3.56592, 47.87531 ], [ -3.56465, 47.87715 ], [ -3.56226, 47.87717 ], [ -3.56239, 47.87777 ], [ -3.55918, 47.87702 ], [ -3.5577, 47.87747 ], [ -3.55182, 47.87246 ], [ -3.5514, 47.86929 ], [ -3.54903, 47.86808 ], [ -3.54774, 47.86593 ], [ -3.54442, 47.86498 ], [ -3.54277, 47.86733 ] ] } },
{ "type": "Feature", "properties": { "name": null, "weight_class": 1, "permanent": true, "length_km": 8.3 }, "geometry": { "type": "LineString", "coordinates": [ [ -3.63148, 47.90142 ], [ -3.63557, 47.89972 ], [ -3.63731, 47.89419 ], [ -3.63917, 47.89232 ], [ -3.6393, 47.88907 ], [ -3.64311, 47.88321 ], [ -3.64908, 47.88236 ], [ -3.65429, 47.87965 ], [ -3.6552, 47.87617 ], [ -3.65394, 47.87286 ], [ -3.6564, 47.86974 ], [ -3.65081, 47.86438 ], [ -3.646, 47.86464 ], [ -3.64491, 47.86059 ], [ -3.6432, 47.85984 ], [ -3.6391, 47.85468 ], [ -3.63549, 47.85254 ], [ -3.63537, 47.8494 ], [ -3.63265, 47.84857 ] ] } },
{ "type": "Feature", "properties": { "name": "le Dourdu", "weight_class": 1, "permanent": true, "length_km": 10.8 }, "geometry": { "type": "LineString", "coordinates": [ [ -3.67969, 47.89622 ], [ -3.68062, 47.89393 ], [ -3.69216, 47.89251 ], [ -3.69451, 47.88961 ], [ -3.69018, 47.8861 ], [ -3.6896, 47.88248 ], [ -3.6873, 47.88009 ], [ -3.68855, 47.8776 ], [ -3.69235, 47.87493 ], [ -3.69055, 47.87007 ], [ -3.69149, 47.86779 ], [ -3.68858, 47.86026 ], [ -3.69108, 47.85937 ], [ -3.69305, 47.85664 ], [ -3.6963, 47.85664 ], [ -3.69976, 47.85351 ], [ -3.70214, 47.8435 ], [ -3.70418, 47.84189 ], [ -3.70537, 47.83862 ], [ -3.70137, 47.83496 ], [ -3.70095, 47.83248 ], [ -3.69843, 47.83225 ], [ -3.69762, 47.83038 ], [ -3.69505, 47.83047 ], [ -3.69455, 47.82743 ] ] } },
{ "type": "Feature", "properties": { "name": null, "weight_class": 1, "permanent": true, "length_km": 4.2 }, "geometry": { "type": "LineString", "coordinates": [ [ -3.67191, 47.90333 ], [ -3.66541, 47.90361 ], [ -3.66167, 47.9011 ], [ -3.65456, 47.90064 ], [ -3.6521, 47.89934 ], [ -3.65054, 47.89661 ], [ -3.65358, 47.89351 ], [ -3.65319, 47.88815 ], [ -3.65116, 47.88608 ], [ -3.64828, 47.88636 ], [ -3.64256, 47.88515 ] ] } },
{ "type": "Feature", "properties": { "name": "le Bélon", "weight_class": 2, "permanent": true, "length_km": 22.9 }, "geometry": { "type": "MultiLineString", "coordinates": [ [ [ -3.70596, 47.81352 ], [ -3.70894, 47.81356 ], [ -3.71362, 47.8091 ], [ -3.71778, 47.80806 ] ], [ [ -3.65197, 47.82139 ], [ -3.65386, 47.82159 ], [ -3.65517, 47.82353 ], [ -3.65875, 47.82399 ], [ -3.66077, 47.8224 ], [ -3.66586, 47.8252 ], [ -3.67207, 47.82491 ] ], [ [ -3.67758, 47.9119 ], [ -3.67649, 47.91357 ], [ -3.67315, 47.91406 ], [ -3.65953, 47.91407 ], [ -3.65585, 47.9128 ], [ -3.6537, 47.91391 ], [ -3.65017, 47.91369 ], [ -3.64517, 47.91534 ], [ -3.62992, 47.91327 ], [ -3.6262, 47.91129 ], [ -3.62223, 47.91098 ], [ -3.61842, 47.90827 ], [ -3.61815, 47.90155 ], [ -3.61596, 47.89892 ], [ -3.613, 47.89744 ], [ -3.61437, 47.89437 ], [ -3.61702, 47.89416 ], [ -3.61908, 47.89219 ], [ -3.61755, 47.88871 ], [ -3.6182, 47.88518 ], [ -3.61585, 47.88037 ], [ -3.61184, 47.87948 ], [ -3.61299, 47.87659 ], [ -3.61132, 47.87573 ], [ -3.60922, 47.87216 ], [ -3.61383, 47.8701 ], [ -3.61725, 47.87068 ], [ -3.61968, 47.86849 ], [ -3.6217, 47.86869 ], [ -3.63044, 47.86562 ], [ -3.63271, 47.86093 ], [ -3.62815, 47.85442 ], [ -3.62992, 47.8532 ], [ -3.62874, 47.85237 ], [ -3.63122, 47.85115 ], [ -3.63106, 47.84949 ], [ -3.63267, 47.84854 ], [ -3.63111, 47.84602 ], [ -3.63393, 47.84352 ], [ -3.63299, 47.84039 ], [ -3.63558, 47.83679 ], [ -3.63458, 47.83573 ], [ -3.63511, 47.8317 ], [ -3.64155, 47.8281 ], [ -3.64194, 47.82672 ], [ -3.64747, 47.82366 ], [ -3.64694, 47.82282 ], [ -3.65003, 47.82318 ], [ -3.65067, 47.82178 ] ] ] } },
{ "type": "Feature", "properties": { "name": null, "weight_class": 1, "permanent": true, "length_km": 4.2 }, "geometry": { "type": "LineString", "coordinates": [ [ -3.70323, 47.96365 ], [ -3.6997, 47.96318 ], [ -3.69544, 47.96113 ], [ -3.68097, 47.96156 ], [ -3.67703, 47.95916 ], [ -3.67179, 47.95853 ], [ -3.66769, 47.95948 ], [ -3.66603, 47.95692 ], [ -3.66118, 47.95428 ], [ -3.65917, 47.9541 ], [ -3.65805, 47.95282 ] ] } },
{ "type": "Feature", "properties": { "name": null, "weight_class": 1, "permanent": true, "length_km": 3.5 }, "geometry": { "type": "LineString", "coordinates": [ [ -3.69716, 47.9503 ], [ -3.69843, 47.94407 ], [ -3.70108, 47.94251 ], [ -3.69957, 47.93986 ], [ -3.70279, 47.93699 ], [ -3.70312, 47.93445 ], [ -3.70801, 47.93272 ], [ -3.70885, 47.93105 ], [ -3.708, 47.92905 ], [ -3.71245, 47.92793 ], [ -3.714, 47.92615 ] ] } },
{ "type": "Feature", "properties": { "name": null, "weight_class": 1, "permanent": true, "length_km": 4.5 }, "geometry": { "type": "LineString", "coordinates": [ [ -3.69821, 47.90716 ], [ -3.70503, 47.9069 ], [ -3.70719, 47.90557 ], [ -3.70991, 47.90529 ], [ -3.71884, 47.90605 ], [ -3.7214, 47.90394 ], [ -3.72232, 47.90092 ], [ -3.7262, 47.89963 ], [ -3.7296, 47.89462 ], [ -3.7396, 47.89197 ], [ -3.74194, 47.89057 ] ] } },
{ "type": "Feature", "properties": { "name": "Ruisseau de Pont ar Marc'had", "weight_class": 1, "permanent": true, "length_km": 4.4 }, "geometry": { "type": "LineString", "coordinates": [ [ -3.81679, 47.95753 ], [ -3.81217, 47.95719 ], [ -3.80778, 47.9555 ], [ -3.8057, 47.94999 ], [ -3.79767, 47.94539 ], [ -3.79358, 47.94449 ], [ -3.79316, 47.9422 ], [ -3.79486, 47.94058 ], [ -3.79755, 47.94003 ], [ -3.80004, 47.93818 ], [ -3.80647, 47.93839 ], [ -3.80643, 47.93646 ] ] } },
{ "type": "Feature", "properties": { "name": null, "weight_class": 1, "permanent": true, "length_km": 3.9 }, "geometry": { "type": "LineString", "coordinates": [ [ -3.71594, 47.96285 ], [ -3.72579, 47.96496 ], [ -3.73182, 47.96475 ], [ -3.73522, 47.96245 ], [ -3.73604, 47.95907 ], [ -3.74035, 47.95648 ], [ -3.74529, 47.95135 ], [ -3.74568, 47.94689 ] ] } },
{ "type": "Feature", "properties": { "name": "le Sainte Véronique", "weight_class": 1, "permanent": true, "length_km": 5.7 }, "geometry": { "type": "LineString", "coordinates": [ [ -3.7678, 47.94194 ], [ -3.75856, 47.94045 ], [ -3.75392, 47.93595 ], [ -3.75389, 47.93429 ], [ -3.75585, 47.93375 ], [ -3.75669, 47.93239 ], [ -3.76051, 47.93196 ], [ -3.76461, 47.9287 ], [ -3.76103, 47.92551 ], [ -3.76265, 47.9202 ], [ -3.76209, 47.91722 ], [ -3.7604, 47.91508 ], [ -3.75529, 47.91222 ], [ -3.75194, 47.90757 ] ] } },
{ "type": "Feature", "properties": { "name": null, "weight_class": 1, "permanent": false, "length_km": 3.8 }, "geometry": { "type": "LineString", "coordinates": [ [ -3.79498, 47.96132 ], [ -3.7966, 47.96009 ], [ -3.79613, 47.9589 ], [ -3.79319, 47.95864 ], [ -3.78906, 47.95644 ], [ -3.7826, 47.95692 ], [ -3.77957, 47.95387 ], [ -3.77069, 47.95197 ], [ -3.76229, 47.95368 ], [ -3.7603, 47.95343 ], [ -3.75945, 47.95193 ], [ -3.75849, 47.95246 ] ] } },
{ "type": "Feature", "properties": { "name": "l'Hôpital", "weight_class": 1, "permanent": false, "length_km": 8.8 }, "geometry": { "type": "LineString", "coordinates": [ [ -3.85158, 47.93459 ], [ -3.85586, 47.93802 ], [ -3.85992, 47.93703 ], [ -3.86494, 47.93711 ], [ -3.8674, 47.93573 ], [ -3.86774, 47.93349 ], [ -3.86572, 47.93167 ], [ -3.86485, 47.92577 ], [ -3.8673, 47.92302 ], [ -3.86896, 47.91678 ], [ -3.87078, 47.91581 ], [ -3.87007, 47.91382 ], [ -3.87341, 47.91126 ], [ -3.87827, 47.9112 ], [ -3.8788, 47.90766 ], [ -3.88124, 47.90529 ], [ -3.88062, 47.90329 ], [ -3.88442, 47.90024 ], [ -3.88457, 47.89739 ], [ -3.87781, 47.89046 ], [ -3.87623, 47.88396 ] ] } },
{ "type": "Feature", "properties": { "name": "le Moros", "weight_class": 1, "permanent": true, "length_km": 17.2 }, "geometry": { "type": "LineString", "coordinates": [ [ -3.84508, 47.94435 ], [ -3.84726, 47.94326 ], [ -3.84733, 47.94194 ], [ -3.83932, 47.93887 ], [ -3.83455, 47.93375 ], [ -3.83413, 47.93027 ], [ -3.83078, 47.92913 ], [ -3.83075, 47.92702 ], [ -3.829, 47.92657 ], [ -3.82796, 47.92408 ], [ -3.82229, 47.92132 ], [ -3.82042, 47.91803 ], [ -3.81704, 47.91688 ], [ -3.81693, 47.9124 ], [ -3.81327, 47.90952 ], [ -3.81388, 47.90763 ], [ -3.81819, 47.9064 ], [ -3.82019, 47.90459 ], [ -3.8226, 47.90086 ], [ -3.82229, 47.89912 ], [ -3.82047, 47.89846 ], [ -3.82029, 47.89684 ], [ -3.81814, 47.895 ], [ -3.81887, 47.89152 ], [ -3.82635, 47.89194 ], [ -3.82916, 47.89075 ], [ -3.83011, 47.89152 ], [ -3.83286, 47.89148 ], [ -3.83423, 47.8927 ], [ -3.8444, 47.89302 ], [ -3.85142, 47.88755 ], [ -3.85516, 47.88671 ], [ -3.85625, 47.88488 ], [ -3.85441, 47.88392 ], [ -3.85457, 47.88302 ], [ -3.85667, 47.88146 ], [ -3.86257, 47.88198 ], [ -3.86909, 47.88458 ], [ -3.87346, 47.88459 ], [ -3.88061, 47.88226 ], [ -3.88949, 47.88252 ], [ -3.8968, 47.88171 ], [ -3.90018, 47.87898 ], [ -3.90327, 47.88052 ], [ -3.90651, 47.87747 ] ] } },
{ "type": "Feature", "properties": { "name": null, "weight_class": 1, "permanent": true, "length_km": 3.7 }, "geometry": { "type": "LineString", "coordinates": [ [ -3.69331, 47.91244 ], [ -3.69617, 47.91774 ], [ -3.70072, 47.91842 ], [ -3.70118, 47.92212 ], [ -3.7036, 47.92388 ], [ -3.70731, 47.92369 ], [ -3.71299, 47.92591 ], [ -3.71801, 47.92672 ], [ -3.72213, 47.92627 ], [ -3.72449, 47.92408 ], [ -3.72638, 47.9244 ] ] } },
{ "type": "Feature", "properties": { "name": null, "weight_class": 1, "permanent": true, "length_km": 2.0 }, "geometry": { "type": "LineString", "coordinates": [ [ -3.84724, 47.90966 ], [ -3.85694, 47.91021 ], [ -3.86041, 47.91144 ], [ -3.86244, 47.91082 ], [ -3.8724, 47.91191 ] ] } },
{ "type": "Feature", "properties": { "name": null, "weight_class": 1, "permanent": true, "length_km": 2.7 }, "geometry": { "type": "LineString", "coordinates": [ [ -3.84351, 47.92245 ], [ -3.84444, 47.9223 ], [ -3.84334, 47.92042 ], [ -3.84475, 47.91869 ], [ -3.8524, 47.91865 ], [ -3.8592, 47.91571 ], [ -3.86286, 47.91638 ], [ -3.87015, 47.91457 ] ] } },
{ "type": "Feature", "properties": { "name": null, "weight_class": 1, "permanent": true, "length_km": 2.3 }, "geometry": { "type": "LineString", "coordinates": [ [ -3.83823, 47.91701 ], [ -3.83351, 47.91705 ], [ -3.82641, 47.91566 ], [ -3.82306, 47.91029 ], [ -3.81976, 47.90903 ], [ -3.8185, 47.90582 ] ] } },
{ "type": "Feature", "properties": { "name": null, "weight_class": 1, "permanent": true, "length_km": 2.9 }, "geometry": { "type": "LineString", "coordinates": [ [ -3.71391, 47.89278 ], [ -3.7197, 47.89037 ], [ -3.72029, 47.88337 ], [ -3.71729, 47.88009 ], [ -3.71791, 47.87763 ], [ -3.72112, 47.87498 ], [ -3.72666, 47.87428 ] ] } },
{ "type": "Feature", "properties": { "name": null, "weight_class": 1, "permanent": true, "length_km": 5.2 }, "geometry": { "type": "LineString", "coordinates": [ [ -3.79055, 47.88398 ], [ -3.78397, 47.88432 ], [ -3.78172, 47.88171 ], [ -3.77204, 47.88072 ], [ -3.76989, 47.87925 ], [ -3.76586, 47.8788 ], [ -3.7606, 47.87662 ], [ -3.75511, 47.87742 ], [ -3.75042, 47.88019 ], [ -3.74117, 47.88015 ], [ -3.73926, 47.88276 ], [ -3.73277, 47.88374 ] ] } },
{ "type": "Feature", "properties": { "name": "le Kerrancez", "weight_class": 1, "permanent": true, "length_km": 3.2 }, "geometry": { "type": "LineString", "coordinates": [ [ -3.80745, 47.88393 ], [ -3.81958, 47.88154 ], [ -3.82141, 47.88052 ], [ -3.82115, 47.87843 ], [ -3.81559, 47.87352 ], [ -3.81393, 47.87043 ], [ -3.81743, 47.86561 ] ] } },
{ "type": "Feature", "properties": { "name": null, "weight_class": 1, "permanent": true, "length_km": 2.8 }, "geometry": { "type": "LineString", "coordinates": [ [ -3.84939, 47.89995 ], [ -3.85909, 47.89977 ], [ -3.8671, 47.90102 ], [ -3.87401, 47.89751 ], [ -3.88306, 47.89615 ] ] } },
{ "type": "Feature", "properties": { "name": "Ruisseau de Penlan", "weight_class": 1, "permanent": false, "length_km": 5.6 }, "geometry": { "type": "LineString", "coordinates": [ [ -3.45297, 47.88842 ], [ -3.45579, 47.88672 ], [ -3.45512, 47.88121 ], [ -3.44461, 47.87949 ], [ -3.43759, 47.87375 ], [ -3.42771, 47.87196 ], [ -3.42465, 47.86921 ], [ -3.4121, 47.86825 ], [ -3.41046, 47.86631 ], [ -3.41135, 47.86411 ] ] } },
{ "type": "Feature", "properties": { "name": null, "weight_class": 1, "permanent": true, "length_km": 5.6 }, "geometry": { "type": "LineString", "coordinates": [ [ -3.45025, 47.89918 ], [ -3.44534, 47.89904 ], [ -3.44303, 47.89667 ], [ -3.44352, 47.89421 ], [ -3.43293, 47.89212 ], [ -3.4325, 47.89072 ], [ -3.42426, 47.88732 ], [ -3.42488, 47.88647 ], [ -3.42032, 47.88579 ], [ -3.41773, 47.8837 ], [ -3.419, 47.88293 ], [ -3.41861, 47.88175 ], [ -3.41511, 47.88056 ], [ -3.41197, 47.87661 ], [ -3.40216, 47.87601 ] ] } },
{ "type": "Feature", "properties": { "name": null, "weight_class": 1, "permanent": true, "length_km": 5.4 }, "geometry": { "type": "LineString", "coordinates": [ [ -3.458, 47.87389 ], [ -3.45736, 47.87201 ], [ -3.45349, 47.87092 ], [ -3.45028, 47.86847 ], [ -3.45428, 47.86436 ], [ -3.45239, 47.86183 ], [ -3.44953, 47.86099 ], [ -3.45192, 47.85848 ], [ -3.44943, 47.85359 ], [ -3.44883, 47.84921 ], [ -3.44925, 47.84634 ], [ -3.45407, 47.84453 ], [ -3.45378, 47.8432 ], [ -3.45773, 47.83672 ] ] } },
{ "type": "Feature", "properties": { "name": "le Scaff", "weight_class": 1, "permanent": true, "length_km": 6.8 }, "geometry": { "type": "LineString", "coordinates": [ [ -3.46617, 47.87576 ], [ -3.46983, 47.87433 ], [ -3.47414, 47.87464 ], [ -3.47654, 47.87291 ], [ -3.47609, 47.87146 ], [ -3.47745, 47.86969 ], [ -3.47527, 47.86764 ], [ -3.47505, 47.86391 ], [ -3.47221, 47.86039 ], [ -3.47261, 47.85671 ], [ -3.46871, 47.8555 ], [ -3.47101, 47.85064 ], [ -3.46577, 47.84616 ], [ -3.46823, 47.84358 ], [ -3.46815, 47.84118 ], [ -3.46579, 47.83882 ], [ -3.46231, 47.8385 ], [ -3.45594, 47.83541 ] ] } },
{ "type": "Feature", "properties": { "name": null, "weight_class": 1, "permanent": false, "length_km": 2.7 }, "geometry": { "type": "LineString", "coordinates": [ [ -3.49524, 47.8448 ], [ -3.49691, 47.84355 ], [ -3.49615, 47.84206 ], [ -3.49891, 47.83966 ], [ -3.49776, 47.83773 ], [ -3.49414, 47.83658 ], [ -3.48987, 47.83736 ], [ -3.48783, 47.84112 ], [ -3.48301, 47.84439 ] ] } },
{ "type": "Feature", "properties": { "name": null, "weight_class": 1, "permanent": false, "length_km": 4.6 }, "geometry": { "type": "LineString", "coordinates": [ [ -3.49863, 47.86683 ], [ -3.50113, 47.85964 ], [ -3.50074, 47.85762 ], [ -3.49503, 47.85385 ], [ -3.49298, 47.85381 ], [ -3.49165, 47.85227 ], [ -3.48805, 47.85166 ], [ -3.48582, 47.84932 ], [ -3.48546, 47.84563 ], [ -3.48283, 47.84434 ], [ -3.47715, 47.84523 ], [ -3.46815, 47.84346 ] ] } },
{ "type": "Feature", "properties": { "name": null, "weight_class": 1, "permanent": false, "length_km": 2.5 }, "geometry": { "type": "LineString", "coordinates": [ [ -3.49004, 47.86845 ], [ -3.48945, 47.8669 ], [ -3.48451, 47.86316 ], [ -3.4852, 47.8614 ], [ -3.48405, 47.85829 ], [ -3.47898, 47.8565 ], [ -3.4709, 47.85591 ] ] } },
{ "type": "Feature", "properties": { "name": null, "weight_class": 1, "permanent": false, "length_km": 2.5 }, "geometry": { "type": "LineString", "coordinates": [ [ -3.50428, 47.86436 ], [ -3.50986, 47.86394 ], [ -3.51757, 47.86072 ], [ -3.52279, 47.8608 ], [ -3.52879, 47.85786 ], [ -3.53072, 47.85543 ] ] } },
{ "type": "Feature", "properties": { "name": "Ruisseau de Kerlouret", "weight_class": 1, "permanent": true, "length_km": 2.7 }, "geometry": { "type": "LineString", "coordinates": [ [ -3.60475, 47.85485 ], [ -3.6099, 47.8523 ], [ -3.6114, 47.85054 ], [ -3.61825, 47.85015 ], [ -3.62192, 47.84612 ], [ -3.62554, 47.84612 ], [ -3.62889, 47.84723 ], [ -3.6313, 47.84532 ] ] } },
{ "type": "Feature", "properties": { "name": "Ruisseau de la Fontaine au Loup", "weight_class": 1, "permanent": false, "length_km": 2.2 }, "geometry": { "type": "LineString", "coordinates": [ [ -3.56885, 47.81734 ], [ -3.56566, 47.81821 ], [ -3.55265, 47.81875 ], [ -3.54971, 47.82145 ], [ -3.55054, 47.82315 ], [ -3.54663, 47.82358 ] ] } },
{ "type": "Feature", "properties": { "name": "Ruisseau du Quinquis", "weight_class": 1, "permanent": true, "length_km": 4.7 }, "geometry": { "type": "LineString", "coordinates": [ [ -3.5706, 47.79754 ], [ -3.57131, 47.79373 ], [ -3.56971, 47.7914 ], [ -3.5617, 47.78962 ], [ -3.55873, 47.78576 ], [ -3.55519, 47.78648 ], [ -3.5524, 47.78924 ], [ -3.54698, 47.79062 ], [ -3.54527, 47.79078 ], [ -3.54381, 47.78944 ], [ -3.5415, 47.79116 ], [ -3.539, 47.79002 ], [ -3.53777, 47.791 ], [ -3.53026, 47.79103 ] ] } },
{ "type": "Feature", "properties": { "name": "Goaz Bihan", "weight_class": 1, "permanent": true, "length_km": 3.1 }, "geometry": { "type": "LineString", "coordinates": [ [ -3.57467, 47.80365 ], [ -3.56818, 47.80428 ], [ -3.56244, 47.80375 ], [ -3.56056, 47.80136 ], [ -3.56159, 47.79846 ], [ -3.55915, 47.7955 ], [ -3.55852, 47.79267 ], [ -3.5531, 47.79178 ], [ -3.55069, 47.78974 ] ] } },
{ "type": "Feature", "properties": { "name": "Ruisseau de Pont Sénéchal", "weight_class": 1, "permanent": true, "length_km": 3.2 }, "geometry": { "type": "LineString", "coordinates": [ [ -3.58555, 47.7979 ], [ -3.59549, 47.79718 ], [ -3.59681, 47.79372 ], [ -3.59451, 47.79065 ], [ -3.59826, 47.787 ], [ -3.59728, 47.78462 ], [ -3.60185, 47.77876 ] ] } },
{ "type": "Feature", "properties": { "name": null, "weight_class": 1, "permanent": true, "length_km": 3.5 }, "geometry": { "type": "LineString", "coordinates": [ [ -3.61581, 47.79827 ], [ -3.61816, 47.7963 ], [ -3.61935, 47.79214 ], [ -3.6212, 47.79113 ], [ -3.62198, 47.78871 ], [ -3.63054, 47.78617 ], [ -3.63537, 47.7837 ], [ -3.63879, 47.78004 ], [ -3.64015, 47.77538 ] ] } },
{ "type": "Feature", "properties": { "name": null, "weight_class": 1, "permanent": false, "length_km": 2.9 }, "geometry": { "type": "LineString", "coordinates": [ [ -3.49214, 47.87666 ], [ -3.50798, 47.87829 ], [ -3.51123, 47.87781 ], [ -3.51474, 47.87877 ], [ -3.51803, 47.87818 ], [ -3.52886, 47.88022 ] ] } },
{ "type": "Feature", "properties": { "name": null, "weight_class": 1, "permanent": true, "length_km": 4.2 }, "geometry": { "type": "LineString", "coordinates": [ [ -3.67656, 47.86608 ], [ -3.677, 47.85974 ], [ -3.67522, 47.8565 ], [ -3.67293, 47.85516 ], [ -3.65726, 47.85288 ], [ -3.64432, 47.85231 ], [ -3.63902, 47.85464 ] ] } },
{ "type": "Feature", "properties": { "name": null, "weight_class": 1, "permanent": true, "length_km": 2.2 }, "geometry": { "type": "LineString", "coordinates": [ [ -3.66678, 47.88753 ], [ -3.66571, 47.8869 ], [ -3.66739, 47.88328 ], [ -3.66766, 47.87814 ], [ -3.66361, 47.87731 ], [ -3.65788, 47.87826 ], [ -3.6552, 47.87701 ] ] } },
{ "type": "Feature", "properties": { "name": null, "weight_class": 1, "permanent": true, "length_km": 2.1 }, "geometry": { "type": "LineString", "coordinates": [ [ -3.5627, 47.85582 ], [ -3.55971, 47.85433 ], [ -3.55459, 47.85395 ], [ -3.54979, 47.85176 ], [ -3.5482, 47.85283 ], [ -3.54698, 47.85629 ], [ -3.54401, 47.85813 ] ] } },
{ "type": "Feature", "properties": { "name": "le Frout", "weight_class": 1, "permanent": true, "length_km": 8.0 }, "geometry": { "type": "LineString", "coordinates": [ [ -3.59718, 47.86092 ], [ -3.59463, 47.85941 ], [ -3.59038, 47.85927 ], [ -3.58778, 47.85365 ], [ -3.58505, 47.8526 ], [ -3.58347, 47.84886 ], [ -3.58092, 47.84644 ], [ -3.57819, 47.84555 ], [ -3.57755, 47.84408 ], [ -3.57381, 47.84547 ], [ -3.56993, 47.84453 ], [ -3.56478, 47.84157 ], [ -3.56282, 47.83876 ], [ -3.55841, 47.83853 ], [ -3.55525, 47.8369 ], [ -3.55287, 47.83697 ], [ -3.55054, 47.83541 ], [ -3.54834, 47.83568 ], [ -3.54471, 47.82916 ], [ -3.54505, 47.82588 ], [ -3.54695, 47.82377 ], [ -3.54369, 47.82345 ], [ -3.54274, 47.8215 ], [ -3.54116, 47.82219 ] ] } },
{ "type": "Feature", "properties": { "name": null, "weight_class": 2, "permanent": false, "length_km": 2.4 }, "geometry": { "type": "LineString", "coordinates": [ [ -3.61301, 47.84261 ], [ -3.61475, 47.83845 ], [ -3.62382, 47.83765 ], [ -3.62541, 47.835 ], [ -3.63139, 47.8338 ], [ -3.63514, 47.83165 ] ] } },
{ "type": "Feature", "properties": { "name": null, "weight_class": 1, "permanent": true, "length_km": 3.5 }, "geometry": { "type": "LineString", "coordinates": [ [ -3.66974, 47.84644 ], [ -3.67293, 47.84829 ], [ -3.67496, 47.84785 ], [ -3.67762, 47.84554 ], [ -3.67709, 47.84221 ], [ -3.68029, 47.83865 ], [ -3.67891, 47.83336 ], [ -3.67497, 47.83076 ], [ -3.67155, 47.82611 ], [ -3.67199, 47.82515 ] ] } },
{ "type": "Feature", "properties": { "name": null, "weight_class": 1, "permanent": false, "length_km": 3.9 }, "geometry": { "type": "LineString", "coordinates": [ [ -3.659, 47.84859 ], [ -3.65773, 47.84777 ], [ -3.65522, 47.84804 ], [ -3.65053, 47.84452 ], [ -3.65249, 47.84091 ], [ -3.64559, 47.83909 ], [ -3.64497, 47.83696 ], [ -3.64689, 47.83467 ], [ -3.64676, 47.83239 ], [ -3.65069, 47.82898 ], [ -3.64988, 47.82316 ] ] } },
{ "type": "Feature", "properties": { "name": "le Merrien", "weight_class": 1, "permanent": true, "length_km": 6.8 }, "geometry": { "type": "LineString", "coordinates": [ [ -3.58479, 47.81903 ], [ -3.58811, 47.81663 ], [ -3.58813, 47.81418 ], [ -3.58967, 47.81343 ], [ -3.60147, 47.81176 ], [ -3.60845, 47.80916 ], [ -3.61282, 47.80838 ], [ -3.61641, 47.80907 ], [ -3.62013, 47.80815 ], [ -3.62848, 47.81003 ], [ -3.62936, 47.80915 ], [ -3.63482, 47.80915 ], [ -3.63831, 47.80821 ], [ -3.63755, 47.80543 ], [ -3.64149, 47.80353 ], [ -3.63897, 47.80124 ], [ -3.63832, 47.79647 ], [ -3.6392, 47.79478 ], [ -3.63821, 47.79371 ] ] } },
{ "type": "Feature", "properties": { "name": null, "weight_class": 1, "permanent": false, "length_km": 2.1 }, "geometry": { "type": "LineString", "coordinates": [ [ -3.58739, 47.80425 ], [ -3.59635, 47.8053 ], [ -3.60358, 47.80479 ], [ -3.61282, 47.80838 ] ] } },
{ "type": "Feature", "properties": { "name": null, "weight_class": 1, "permanent": true, "length_km": 2.4 }, "geometry": { "type": "LineString", "coordinates": [ [ -3.65142, 47.79971 ], [ -3.65212, 47.78915 ], [ -3.65569, 47.78658 ], [ -3.65999, 47.78546 ], [ -3.66311, 47.78257 ] ] } },
{ "type": "Feature", "properties": { "name": "le Brigneau", "weight_class": 1, "permanent": true, "length_km": 3.1 }, "geometry": { "type": "LineString", "coordinates": [ [ -3.65097, 47.80671 ], [ -3.65545, 47.80481 ], [ -3.65819, 47.8022 ], [ -3.65888, 47.79948 ], [ -3.66207, 47.79835 ], [ -3.66873, 47.79281 ], [ -3.66841, 47.78705 ], [ -3.67037, 47.78463 ] ] } },
{ "type": "Feature", "properties": { "name": null, "weight_class": 1, "permanent": false, "length_km": 2.6 }, "geometry": { "type": "LineString", "coordinates": [ [ -3.61995, 47.82308 ], [ -3.62212, 47.82187 ], [ -3.62611, 47.82158 ], [ -3.63542, 47.82234 ], [ -3.64118, 47.81995 ], [ -3.64728, 47.82034 ], [ -3.64784, 47.8216 ], [ -3.65006, 47.82126 ] ] } },
{ "type": "Feature", "properties": { "name": null, "weight_class": 1, "permanent": true, "length_km": 2.5 }, "geometry": { "type": "LineString", "coordinates": [ [ -3.55295, 47.80289 ], [ -3.54589, 47.80257 ], [ -3.54249, 47.80436 ], [ -3.53961, 47.80367 ], [ -3.53149, 47.80458 ], [ -3.5237, 47.80415 ] ] } },
{ "type": "Feature", "properties": { "name": null, "weight_class": 1, "permanent": true, "length_km": 3.0 }, "geometry": { "type": "LineString", "coordinates": [ [ -3.6082, 47.79541 ], [ -3.61314, 47.79159 ], [ -3.61477, 47.78724 ], [ -3.62279, 47.78395 ], [ -3.62621, 47.78159 ], [ -3.62832, 47.77895 ], [ -3.62804, 47.7747 ] ] } },
{ "type": "Feature", "properties": { "name": null, "weight_class": 1, "permanent": true, "length_km": 2.3 }, "geometry": { "type": "LineString", "coordinates": [ [ -3.72353, 47.8503 ], [ -3.7238, 47.85435 ], [ -3.72619, 47.85558 ], [ -3.73678, 47.85537 ], [ -3.74414, 47.85711 ], [ -3.74614, 47.85655 ] ] } },
{ "type": "Feature", "properties": { "name": null, "weight_class": 1, "permanent": true, "length_km": 5.0 }, "geometry": { "type": "LineString", "coordinates": [ [ -3.78643, 47.87838 ], [ -3.78308, 47.87651 ], [ -3.77505, 47.87507 ], [ -3.77385, 47.87414 ], [ -3.77439, 47.87079 ], [ -3.77124, 47.86539 ], [ -3.77322, 47.86279 ], [ -3.77156, 47.8609 ], [ -3.76743, 47.86122 ], [ -3.75708, 47.85935 ], [ -3.75477, 47.85816 ], [ -3.75337, 47.85867 ], [ -3.74837, 47.85791 ], [ -3.74737, 47.85676 ], [ -3.74804, 47.85559 ] ] } },
{ "type": "Feature", "properties": { "name": null, "weight_class": 1, "permanent": true, "length_km": 2.3 }, "geometry": { "type": "LineString", "coordinates": [ [ -3.792, 47.86785 ], [ -3.79416, 47.86297 ], [ -3.79293, 47.85982 ], [ -3.79492, 47.8568 ], [ -3.79623, 47.849 ] ] } },
{ "type": "Feature", "properties": { "name": "le Pont Quoren", "weight_class": 1, "permanent": true, "length_km": 8.5 }, "geometry": { "type": "LineString", "coordinates": [ [ -3.8002, 47.85669 ], [ -3.80139, 47.85138 ], [ -3.79887, 47.84898 ], [ -3.79519, 47.84874 ], [ -3.79339, 47.84468 ], [ -3.78423, 47.83914 ], [ -3.78163, 47.83235 ], [ -3.78244, 47.82798 ], [ -3.78002, 47.82602 ], [ -3.77924, 47.82292 ], [ -3.77772, 47.82222 ], [ -3.779, 47.81691 ], [ -3.77825, 47.81426 ], [ -3.77634, 47.8137 ], [ -3.77538, 47.81166 ], [ -3.77396, 47.80117 ], [ -3.77165, 47.79947 ], [ -3.77213, 47.79793 ], [ -3.76675, 47.79469 ], [ -3.76673, 47.79382 ] ] } },
{ "type": "Feature", "properties": { "name": null, "weight_class": 1, "permanent": false, "length_km": 2.6 }, "geometry": { "type": "LineString", "coordinates": [ [ -3.83244, 47.85447 ], [ -3.84054, 47.85648 ], [ -3.84547, 47.86224 ], [ -3.84885, 47.86346 ], [ -3.85352, 47.87006 ] ] } },
{ "type": "Feature", "properties": { "name": "le Minaouët", "weight_class": 1, "permanent": true, "length_km": 10.3 }, "geometry": { "type": "LineString", "coordinates": [ [ -3.79638, 47.87256 ], [ -3.80521, 47.8664 ], [ -3.81145, 47.8645 ], [ -3.82118, 47.86663 ], [ -3.83251, 47.8661 ], [ -3.84356, 47.86858 ], [ -3.84693, 47.87046 ], [ -3.85132, 47.86946 ], [ -3.8598, 47.87069 ], [ -3.86193, 47.86915 ], [ -3.86338, 47.86587 ], [ -3.86781, 47.86549 ], [ -3.86966, 47.86385 ], [ -3.87069, 47.86023 ], [ -3.87386, 47.85963 ], [ -3.87627, 47.86066 ], [ -3.88072, 47.85889 ], [ -3.88456, 47.85881 ], [ -3.8877, 47.85522 ], [ -3.89209, 47.85343 ], [ -3.89613, 47.84933 ] ] } },
{ "type": "Feature", "properties": { "name": null, "weight_class": 1, "permanent": true, "length_km": 3.2 }, "geometry": { "type": "LineString", "coordinates": [ [ -3.72358, 47.83492 ], [ -3.72435, 47.82461 ], [ -3.72612, 47.82348 ], [ -3.72663, 47.82064 ], [ -3.72856, 47.81949 ], [ -3.74157, 47.81812 ], [ -3.74239, 47.8189 ], [ -3.74409, 47.81857 ] ] } },
{ "type": "Feature", "properties": { "name": "le Dourveil", "weight_class": 1, "permanent": true, "length_km": 4.5 }, "geometry": { "type": "LineString", "coordinates": [ [ -3.80112, 47.82763 ], [ -3.8063, 47.82285 ], [ -3.80639, 47.82029 ], [ -3.8036, 47.81922 ], [ -3.80379, 47.81749 ], [ -3.80539, 47.81653 ], [ -3.80512, 47.81015 ], [ -3.80872, 47.80683 ], [ -3.80865, 47.80221 ], [ -3.81018, 47.80005 ], [ -3.80913, 47.79647 ], [ -3.81288, 47.79271 ] ] } },
{ "type": "Feature", "properties": { "name": null, "weight_class": 1, "permanent": true, "length_km": 4.7 }, "geometry": { "type": "LineString", "coordinates": [ [ -3.81706, 47.82685 ], [ -3.82136, 47.82577 ], [ -3.82588, 47.82575 ], [ -3.82638, 47.82382 ], [ -3.83336, 47.81873 ], [ -3.84012, 47.81734 ], [ -3.84131, 47.81524 ], [ -3.84025, 47.81232 ], [ -3.84233, 47.80764 ], [ -3.8508, 47.799 ] ] } },
{ "type": "Feature", "properties": { "name": "le Dour Ruat", "weight_class": 1, "permanent": true, "length_km": 6.3 }, "geometry": { "type": "LineString", "coordinates": [ [ -3.81079, 47.82953 ], [ -3.81233, 47.83066 ], [ -3.81241, 47.83479 ], [ -3.81389, 47.83551 ], [ -3.81802, 47.83552 ], [ -3.82487, 47.83369 ], [ -3.82735, 47.834 ], [ -3.83369, 47.83224 ], [ -3.83585, 47.83042 ], [ -3.8433, 47.83126 ], [ -3.84707, 47.82949 ], [ -3.85154, 47.82904 ], [ -3.85374, 47.82739 ], [ -3.86032, 47.82646 ], [ -3.86534, 47.81967 ], [ -3.8742, 47.81823 ] ] } },
{ "type": "Feature", "properties": { "name": null, "weight_class": 1, "permanent": false, "length_km": 2.1 }, "geometry": { "type": "LineString", "coordinates": [ [ -3.83181, 47.8475 ], [ -3.83418, 47.84149 ], [ -3.839, 47.83794 ], [ -3.83392, 47.83418 ], [ -3.83321, 47.83241 ] ] } },
{ "type": "Feature", "properties": { "name": null, "weight_class": 1, "permanent": false, "length_km": 2.8 }, "geometry": { "type": "LineString", "coordinates": [ [ -3.67538, 47.81425 ], [ -3.67705, 47.81275 ], [ -3.68031, 47.81264 ], [ -3.68356, 47.80914 ], [ -3.68587, 47.80926 ], [ -3.69111, 47.80755 ], [ -3.69473, 47.80855 ], [ -3.7006, 47.80856 ], [ -3.70126, 47.81196 ] ] } },
{ "type": "Feature", "properties": { "name": null, "weight_class": 1, "permanent": true, "length_km": 3.3 }, "geometry": { "type": "LineString", "coordinates": [ [ -3.79336, 47.81608 ], [ -3.78843, 47.81058 ], [ -3.78748, 47.80679 ], [ -3.78439, 47.80486 ], [ -3.78384, 47.80018 ], [ -3.78955, 47.79756 ], [ -3.78805, 47.79108 ] ] } },
{ "type": "Feature", "properties": { "name": null, "weight_class": 1, "permanent": true, "length_km": 2.0 }, "geometry": { "type": "LineString", "coordinates": [ [ -3.81874, 47.81045 ], [ -3.81983, 47.80663 ], [ -3.82403, 47.80253 ], [ -3.82403, 47.79989 ], [ -3.82798, 47.79862 ], [ -3.83012, 47.79669 ] ] } },
{ "type": "Feature", "properties": { "name": null, "weight_class": 1, "permanent": true, "length_km": 3.3 }, "geometry": { "type": "LineString", "coordinates": [ [ -3.81356, 47.81909 ], [ -3.81841, 47.81747 ], [ -3.82096, 47.8141 ], [ -3.82993, 47.81097 ], [ -3.83776, 47.80319 ], [ -3.83898, 47.79842 ] ] } },
{ "type": "Feature", "properties": { "name": "le Zins", "weight_class": 1, "permanent": true, "length_km": 2.2 }, "geometry": { "type": "LineString", "coordinates": [ [ -3.91747, 47.89216 ], [ -3.92402, 47.88835 ], [ -3.927, 47.8811 ], [ -3.92622, 47.87945 ], [ -3.93055, 47.87749 ] ] } },
{ "type": "Feature", "properties": { "name": "le Saint Laurent", "weight_class": 1, "permanent": true, "length_km": 11.1 }, "geometry": { "type": "LineString", "coordinates": [ [ -3.8853, 47.95795 ], [ -3.88742, 47.95007 ], [ -3.893, 47.94641 ], [ -3.89592, 47.94069 ], [ -3.90005, 47.9399 ], [ -3.90134, 47.93879 ], [ -3.90652, 47.93918 ], [ -3.91338, 47.9381 ], [ -3.91335, 47.93649 ], [ -3.91059, 47.93379 ], [ -3.90956, 47.92723 ], [ -3.9164, 47.92549 ], [ -3.93239, 47.92698 ], [ -3.94002, 47.92449 ], [ -3.94539, 47.92458 ], [ -3.94646, 47.92536 ], [ -3.94922, 47.92436 ], [ -3.94941, 47.91609 ], [ -3.94877, 47.91499 ], [ -3.94588, 47.91481 ], [ -3.94807, 47.91221 ], [ -3.94827, 47.90927 ], [ -3.94602, 47.90511 ] ] } },
{ "type": "Feature", "properties": { "name": null, "weight_class": 1, "permanent": true, "length_km": 5.4 }, "geometry": { "type": "LineString", "coordinates": [ [ -3.93677, 47.95602 ], [ -3.93733, 47.9541 ], [ -3.94054, 47.9542 ], [ -3.951, 47.95174 ], [ -3.95401, 47.94666 ], [ -3.95705, 47.9458 ], [ -3.96013, 47.94153 ], [ -3.95872, 47.93639 ], [ -3.95522, 47.93194 ], [ -3.95615, 47.92997 ], [ -3.95429, 47.9287 ], [ -3.95487, 47.92559 ], [ -3.95369, 47.92472 ], [ -3.95105, 47.92519 ], [ -3.94934, 47.9241 ] ] } },
{ "type": "Feature", "properties": { "name": null, "weight_class": 1, "permanent": true, "length_km": 4.9 }, "geometry": { "type": "LineString", "coordinates": [ [ -3.97787, 47.9454 ], [ -3.98519, 47.94132 ], [ -3.98938, 47.93402 ], [ -3.98747, 47.93186 ], [ -3.98782, 47.92918 ], [ -3.98489, 47.92803 ], [ -3.98204, 47.92459 ], [ -3.98051, 47.92099 ], [ -3.98158, 47.91951 ], [ -3.98006, 47.9172 ], [ -3.98087, 47.91354 ], [ -3.97807, 47.90967 ] ] } },
{ "type": "Feature", "properties": { "name": "le Garlodic", "weight_class": 1, "permanent": true, "length_km": 3.2 }, "geometry": { "type": "LineString", "coordinates": [ [ -3.90557, 47.90709 ], [ -3.90141, 47.90231 ], [ -3.90151, 47.8984 ], [ -3.89082, 47.88675 ], [ -3.89027, 47.88359 ], [ -3.89174, 47.88238 ] ] } },
{ "type": "Feature", "properties": { "name": "le Val", "weight_class": 1, "permanent": true, "length_km": 5.5 }, "geometry": { "type": "LineString", "coordinates": [ [ -3.88649, 47.93327 ], [ -3.89157, 47.93271 ], [ -3.89278, 47.93102 ], [ -3.89045, 47.92941 ], [ -3.89084, 47.92855 ], [ -3.88621, 47.9269 ], [ -3.88061, 47.92147 ], [ -3.8919, 47.91508 ], [ -3.89468, 47.91085 ], [ -3.8923, 47.90872 ], [ -3.89111, 47.90548 ], [ -3.88708, 47.90234 ], [ -3.88701, 47.90106 ], [ -3.88444, 47.90007 ] ] } },
{ "type": "Feature", "properties": { "name": null, "weight_class": 1, "permanent": true, "length_km": 3.5 }, "geometry": { "type": "LineString", "coordinates": [ [ -3.92042, 47.915 ], [ -3.92003, 47.9125 ], [ -3.9219, 47.91167 ], [ -3.92385, 47.90863 ], [ -3.93049, 47.90912 ], [ -3.93483, 47.90789 ], [ -3.93543, 47.90575 ], [ -3.94027, 47.90033 ], [ -3.93966, 47.89823 ], [ -3.94131, 47.89445 ] ] } },
{ "type": "Feature", "properties": { "name": null, "weight_class": 1, "permanent": false, "length_km": 2.7 }, "geometry": { "type": "LineString", "coordinates": [ [ -3.99716, 47.92684 ], [ -4.00302, 47.92275 ], [ -4.00497, 47.91946 ], [ -4.00791, 47.91722 ], [ -4.00832, 47.91041 ], [ -4.01069, 47.90876 ], [ -4.01364, 47.9083 ] ] } },
{ "type": "Feature", "properties": { "name": null, "weight_class": 1, "permanent": true, "length_km": 3.2 }, "geometry": { "type": "LineString", "coordinates": [ [ -4.01866, 47.8802 ], [ -4.01768, 47.87811 ], [ -4.01886, 47.87475 ], [ -4.01727, 47.87337 ], [ -4.02002, 47.86941 ], [ -4.01834, 47.86573 ], [ -4.02052, 47.86446 ], [ -4.02106, 47.86289 ], [ -4.02019, 47.86087 ], [ -4.01674, 47.85866 ], [ -4.01589, 47.85594 ] ] } },
{ "type": "Feature", "properties": { "name": null, "weight_class": 1, "permanent": true, "length_km": 5.8 }, "geometry": { "type": "LineString", "coordinates": [ [ -4.01613, 47.88714 ], [ -4.00818, 47.8819 ], [ -4.00412, 47.87308 ], [ -4.00773, 47.87172 ], [ -4.0078, 47.86542 ], [ -4.01888, 47.85272 ], [ -4.02143, 47.85284 ], [ -4.02324, 47.8517 ], [ -4.02764, 47.85224 ], [ -4.02895, 47.85099 ], [ -4.03162, 47.85074 ] ] } },
{ "type": "Feature", "properties": { "name": null, "weight_class": 1, "permanent": true, "length_km": 2.9 }, "geometry": { "type": "LineString", "coordinates": [ [ -4.02501, 47.87776 ], [ -4.0307, 47.87463 ], [ -4.0318, 47.87274 ], [ -4.02982, 47.86598 ], [ -4.03048, 47.86086 ], [ -4.02873, 47.85815 ], [ -4.03079, 47.85445 ] ] } },
{ "type": "Feature", "properties": { "name": null, "weight_class": 1, "permanent": true, "length_km": 3.0 }, "geometry": { "type": "LineString", "coordinates": [ [ -4.02558, 47.88751 ], [ -4.02754, 47.88422 ], [ -4.03244, 47.88298 ], [ -4.03205, 47.8806 ], [ -4.03452, 47.87664 ], [ -4.03396, 47.87405 ], [ -4.03856, 47.86499 ] ] } },
{ "type": "Feature", "properties": { "name": null, "weight_class": 1, "permanent": true, "length_km": 2.7 }, "geometry": { "type": "LineString", "coordinates": [ [ -3.85547, 47.84671 ], [ -3.85943, 47.84668 ], [ -3.86225, 47.84866 ], [ -3.8661, 47.84874 ], [ -3.87213, 47.8554 ], [ -3.88072, 47.85799 ], [ -3.88148, 47.85899 ] ] } },
{ "type": "Feature", "properties": { "name": null, "weight_class": 1, "permanent": true, "length_km": 3.5 }, "geometry": { "type": "LineString", "coordinates": [ [ -3.99707, 47.86898 ], [ -3.99836, 47.86184 ], [ -4.00073, 47.85977 ], [ -3.99862, 47.85364 ], [ -4.00774, 47.85298 ], [ -4.01454, 47.85427 ], [ -4.01864, 47.85293 ] ] } },
{ "type": "Feature", "properties": { "name": null, "weight_class": 1, "permanent": true, "length_km": 2.9 }, "geometry": { "type": "LineString", "coordinates": [ [ -3.8613, 47.83987 ], [ -3.86305, 47.84077 ], [ -3.86912, 47.83936 ], [ -3.87479, 47.83966 ], [ -3.87876, 47.83479 ], [ -3.88065, 47.83428 ], [ -3.88102, 47.83272 ], [ -3.89082, 47.83139 ] ] } },
{ "type": "Feature", "properties": { "name": "Fleuve le Stêr", "weight_class": 1, "permanent": true, "length_km": 5.8 }, "geometry": { "type": "LineString", "coordinates": [ [ -4.2776, 47.84336 ], [ -4.27726, 47.84213 ], [ -4.27509, 47.84153 ], [ -4.26931, 47.83715 ], [ -4.26423, 47.83543 ], [ -4.26246, 47.83279 ], [ -4.25327, 47.83127 ], [ -4.24932, 47.82928 ], [ -4.24271, 47.82822 ], [ -4.2357, 47.82362 ], [ -4.22894, 47.82195 ], [ -4.22133, 47.81488 ] ] } },
{ "type": "Feature", "properties": { "name": "Ruisseau Dour Red", "weight_class": 1, "permanent": true, "length_km": 2.6 }, "geometry": { "type": "LineString", "coordinates": [ [ -4.2943, 47.81626 ], [ -4.29073, 47.81153 ], [ -4.29097, 47.81004 ], [ -4.2933, 47.80876 ], [ -4.29351, 47.80719 ], [ -4.29682, 47.80578 ], [ -4.29826, 47.80265 ], [ -4.30158, 47.80141 ], [ -4.30069, 47.80076 ], [ -4.30133, 47.7986 ] ] } },
{ "type": "Feature", "properties": { "name": null, "weight_class": 1, "permanent": false, "length_km": 2.1 }, "geometry": { "type": "LineString", "coordinates": [ [ -4.21003, 47.84642 ], [ -4.20733, 47.84612 ], [ -4.20594, 47.84727 ], [ -4.20228, 47.84685 ], [ -4.19963, 47.84751 ], [ -4.19129, 47.84713 ], [ -4.18903, 47.84532 ], [ -4.18648, 47.84585 ] ] } },
{ "type": "Feature", "properties": { "name": null, "weight_class": 3, "permanent": true, "length_km": 5.1 }, "geometry": { "type": "LineString", "coordinates": [ [ -4.28598, 47.83942 ], [ -4.28604, 47.83665 ], [ -4.28789, 47.833 ], [ -4.29117, 47.83011 ], [ -4.2915, 47.82678 ], [ -4.29014, 47.82474 ], [ -4.28695, 47.82326 ], [ -4.2849, 47.81895 ], [ -4.2851, 47.81674 ], [ -4.28099, 47.81465 ], [ -4.27672, 47.81004 ], [ -4.27456, 47.80285 ], [ -4.2725, 47.80077 ] ] } },
{ "type": "Feature", "properties": { "name": null, "weight_class": 1, "permanent": false, "length_km": 2.5 }, "geometry": { "type": "LineString", "coordinates": [ [ -4.35337, 47.80699 ], [ -4.35296, 47.80418 ], [ -4.35078, 47.80287 ], [ -4.34873, 47.80208 ], [ -4.34579, 47.80248 ], [ -4.33976, 47.80056 ], [ -4.33572, 47.79172 ] ] } },
{ "type": "Feature", "properties": { "name": null, "weight_class": 1, "permanent": false, "length_km": 2.7 }, "geometry": { "type": "LineString", "coordinates": [ [ -4.23581, 47.83505 ], [ -4.23049, 47.83008 ], [ -4.22663, 47.82457 ], [ -4.22014, 47.8191 ], [ -4.2182, 47.81504 ] ] } },
{ "type": "Feature", "properties": { "name": null, "weight_class": 1, "permanent": false, "length_km": 2.3 }, "geometry": { "type": "LineString", "coordinates": [ [ -4.04555, 47.91426 ], [ -4.04637, 47.91776 ], [ -4.05085, 47.92389 ], [ -4.05185, 47.92393 ], [ -4.05327, 47.92707 ], [ -4.05553, 47.92937 ], [ -4.05948, 47.93055 ] ] } },
{ "type": "Feature", "properties": { "name": "Anse de Saint-Cadou", "weight_class": 1, "permanent": false, "length_km": 10.5 }, "geometry": { "type": "MultiLineString", "coordinates": [ [ [ -4.0972, 47.94196 ], [ -4.10061, 47.94366 ], [ -4.1032, 47.94186 ] ], [ [ -3.99349, 47.947 ], [ -3.99686, 47.94429 ], [ -3.99954, 47.94351 ], [ -4.00239, 47.94002 ], [ -4.00481, 47.93969 ], [ -4.00751, 47.93565 ], [ -4.01809, 47.9301 ], [ -4.01889, 47.92843 ], [ -4.02772, 47.93021 ], [ -4.03421, 47.92803 ], [ -4.03645, 47.92988 ], [ -4.04105, 47.9301 ], [ -4.04228, 47.93064 ], [ -4.04404, 47.93715 ], [ -4.04613, 47.93799 ], [ -4.05176, 47.93493 ], [ -4.05228, 47.93365 ], [ -4.05802, 47.93195 ], [ -4.05948, 47.93055 ], [ -4.06312, 47.93025 ], [ -4.0684, 47.93302 ], [ -4.0727, 47.9329 ], [ -4.07686, 47.93427 ], [ -4.07905, 47.93676 ] ] ] } },
{ "type": "Feature", "properties": { "name": "le Roudaou", "weight_class": 1, "permanent": true, "length_km": 3.1 }, "geometry": { "type": "LineString", "coordinates": [ [ -4.17025, 47.93904 ], [ -4.16951, 47.93736 ], [ -4.16676, 47.9362 ], [ -4.16763, 47.9331 ], [ -4.16609, 47.93245 ], [ -4.16401, 47.9265 ], [ -4.16647, 47.9201 ], [ -4.17231, 47.91535 ] ] } },
{ "type": "Feature", "properties": { "name": null, "weight_class": 1, "permanent": true, "length_km": 2.3 }, "geometry": { "type": "LineString", "coordinates": [ [ -4.15376, 47.94039 ], [ -4.1533, 47.93933 ], [ -4.14993, 47.9381 ], [ -4.14579, 47.93822 ], [ -4.14357, 47.93737 ], [ -4.14333, 47.936 ], [ -4.1404, 47.93566 ], [ -4.13656, 47.93344 ], [ -4.13086, 47.93184 ], [ -4.12997, 47.93067 ] ] } },
{ "type": "Feature", "properties": { "name": "le Tréméoc", "weight_class": 1, "permanent": false, "length_km": 8.8 }, "geometry": { "type": "LineString", "coordinates": [ [ -4.21733, 47.93167 ], [ -4.21447, 47.9301 ], [ -4.21444, 47.92803 ], [ -4.21606, 47.92637 ], [ -4.21422, 47.92293 ], [ -4.21726, 47.92129 ], [ -4.21759, 47.9178 ], [ -4.22118, 47.91422 ], [ -4.22151, 47.91146 ], [ -4.22332, 47.90962 ], [ -4.22383, 47.90747 ], [ -4.22107, 47.9063 ], [ -4.22141, 47.90333 ], [ -4.21734, 47.90036 ], [ -4.20957, 47.89852 ], [ -4.20805, 47.8965 ], [ -4.20838, 47.89406 ], [ -4.20533, 47.89257 ], [ -4.20267, 47.8892 ], [ -4.19874, 47.88903 ], [ -4.19441, 47.88606 ], [ -4.19208, 47.88642 ], [ -4.19018, 47.88412 ], [ -4.18643, 47.88459 ], [ -4.18399, 47.88317 ], [ -4.18453, 47.88091 ], [ -4.18287, 47.87912 ], [ -4.18073, 47.87856 ] ] } },
{ "type": "Feature", "properties": { "name": null, "weight_class": 1, "permanent": true, "length_km": 5.7 }, "geometry": { "type": "LineString", "coordinates": [ [ -4.03965, 47.9098 ], [ -4.03395, 47.91397 ], [ -4.0295, 47.914 ], [ -4.02219, 47.91259 ], [ -4.01364, 47.9083 ], [ -4.01158, 47.90287 ], [ -4.00038, 47.90124 ], [ -4.00108, 47.89902 ], [ -3.9998, 47.89793 ], [ -3.99631, 47.89757 ], [ -3.99055, 47.89957 ], [ -3.99165, 47.89711 ] ] } },
{ "type": "Feature", "properties": { "name": null, "weight_class": 1, "permanent": false, "length_km": 6.0 }, "geometry": { "type": "MultiLineString", "coordinates": [ [ [ -4.08271, 47.86403 ], [ -4.0875, 47.86427 ], [ -4.08921, 47.86272 ] ], [ [ -4.0582, 47.90693 ], [ -4.06225, 47.90582 ], [ -4.06308, 47.90136 ], [ -4.06774, 47.90055 ], [ -4.06989, 47.90117 ], [ -4.07744, 47.89693 ], [ -4.07835, 47.89461 ], [ -4.07527, 47.89206 ], [ -4.07487, 47.88921 ], [ -4.07906, 47.8867 ], [ -4.08125, 47.88275 ], [ -4.08115, 47.88189 ], [ -4.07939, 47.8818 ], [ -4.07704, 47.87995 ], [ -4.0799, 47.87565 ] ] ] } },
{ "type": "Feature", "properties": { "name": null, "weight_class": 1, "permanent": true, "length_km": 7.2 }, "geometry": { "type": "LineString", "coordinates": [ [ -4.07232, 47.91808 ], [ -4.07881, 47.91887 ], [ -4.08261, 47.91768 ], [ -4.08842, 47.91786 ], [ -4.09284, 47.91649 ], [ -4.09289, 47.90665 ], [ -4.09186, 47.90537 ], [ -4.08803, 47.90403 ], [ -4.08754, 47.90273 ], [ -4.09719, 47.8987 ], [ -4.1063, 47.89946 ], [ -4.1095, 47.89781 ], [ -4.11545, 47.89784 ], [ -4.12026, 47.8936 ], [ -4.12578, 47.8916 ] ] } },
{ "type": "Feature", "properties": { "name": null, "weight_class": 1, "permanent": true, "length_km": 2.2 }, "geometry": { "type": "LineString", "coordinates": [ [ -4.10902, 47.91966 ], [ -4.11149, 47.9169 ], [ -4.105, 47.91085 ], [ -4.09996, 47.91104 ], [ -4.09317, 47.90967 ] ] } },
{ "type": "Feature", "properties": { "name": null, "weight_class": 1, "permanent": true, "length_km": 2.5 }, "geometry": { "type": "LineString", "coordinates": [ [ -4.20076, 47.91777 ], [ -4.19997, 47.91525 ], [ -4.20059, 47.91107 ], [ -4.20224, 47.90903 ], [ -4.20173, 47.9051 ], [ -4.20755, 47.90079 ], [ -4.20902, 47.89805 ] ] } },
{ "type": "Feature", "properties": { "name": null, "weight_class": 1, "permanent": true, "length_km": 4.7 }, "geometry": { "type": "LineString", "coordinates": [ [ -4.04221, 47.88049 ], [ -4.04431, 47.87924 ], [ -4.04331, 47.87398 ], [ -4.04523, 47.87238 ], [ -4.04473, 47.87114 ], [ -4.04065, 47.86884 ], [ -4.03819, 47.86437 ], [ -4.03778, 47.86015 ], [ -4.03396, 47.85799 ], [ -4.03002, 47.85224 ], [ -4.03219, 47.85043 ], [ -4.03601, 47.85031 ], [ -4.03578, 47.84781 ] ] } },
{ "type": "Feature", "properties": { "name": null, "weight_class": 1, "permanent": true, "length_km": 5.2 }, "geometry": { "type": "LineString", "coordinates": [ [ -4.02915, 47.89475 ], [ -4.03317, 47.89073 ], [ -4.03603, 47.89034 ], [ -4.0381, 47.8889 ], [ -4.04156, 47.88872 ], [ -4.04364, 47.88662 ], [ -4.04955, 47.88372 ], [ -4.05221, 47.88059 ], [ -4.05198, 47.8787 ], [ -4.0597, 47.87347 ], [ -4.06364, 47.8684 ], [ -4.06374, 47.86467 ], [ -4.06692, 47.86265 ] ] } },
{ "type": "Feature", "properties": { "name": null, "weight_class": 1, "permanent": true, "length_km": 5.3 }, "geometry": { "type": "LineString", "coordinates": [ [ -4.03486, 47.89606 ], [ -4.03811, 47.89528 ], [ -4.04144, 47.89264 ], [ -4.05367, 47.89123 ], [ -4.05842, 47.88771 ], [ -4.06069, 47.88719 ], [ -4.06234, 47.87526 ], [ -4.06931, 47.86849 ], [ -4.07256, 47.86764 ], [ -4.07397, 47.86576 ] ] } },
{ "type": "Feature", "properties": { "name": null, "weight_class": 1, "permanent": true, "length_km": 2.1 }, "geometry": { "type": "LineString", "coordinates": [ [ -4.09049, 47.87708 ], [ -4.09236, 47.8728 ], [ -4.09498, 47.87138 ], [ -4.09636, 47.86861 ], [ -4.09797, 47.86806 ], [ -4.1027, 47.86903 ], [ -4.10823, 47.86656 ] ] } },
{ "type": "Feature", "properties": { "name": null, "weight_class": 1, "permanent": true, "length_km": 2.0 }, "geometry": { "type": "LineString", "coordinates": [ [ -4.13119, 47.86511 ], [ -4.1362, 47.86557 ], [ -4.13682, 47.86407 ], [ -4.13938, 47.86326 ], [ -4.13983, 47.86071 ], [ -4.14516, 47.85886 ], [ -4.15073, 47.86048 ] ] } },
{ "type": "Feature", "properties": { "name": null, "weight_class": 1, "permanent": true, "length_km": 5.2 }, "geometry": { "type": "LineString", "coordinates": [ [ -4.16008, 47.88141 ], [ -4.16157, 47.87984 ], [ -4.1608, 47.87769 ], [ -4.15817, 47.87651 ], [ -4.15373, 47.87659 ], [ -4.15078, 47.87489 ], [ -4.14992, 47.87275 ], [ -4.14512, 47.8705 ], [ -4.14255, 47.86577 ], [ -4.14558, 47.86503 ], [ -4.14772, 47.86178 ], [ -4.15073, 47.86048 ], [ -4.15496, 47.86189 ], [ -4.15678, 47.86157 ], [ -4.16135, 47.85981 ], [ -4.16467, 47.85631 ], [ -4.16607, 47.85679 ], [ -4.1669, 47.85582 ] ] } },
{ "type": "Feature", "properties": { "name": null, "weight_class": 1, "permanent": true, "length_km": 4.7 }, "geometry": { "type": "LineString", "coordinates": [ [ -4.25886, 47.8441 ], [ -4.24436, 47.84533 ], [ -4.23194, 47.84813 ], [ -4.2265, 47.85446 ], [ -4.22885, 47.85792 ], [ -4.22628, 47.86674 ], [ -4.22489, 47.86785 ] ] } },
{ "type": "Feature", "properties": { "name": null, "weight_class": 1, "permanent": false, "length_km": 4.1 }, "geometry": { "type": "LineString", "coordinates": [ [ -4.22246, 47.83004 ], [ -4.21789, 47.83108 ], [ -4.21693, 47.83314 ], [ -4.20905, 47.83495 ], [ -4.20569, 47.83406 ], [ -4.20312, 47.83471 ], [ -4.1979, 47.83293 ], [ -4.19029, 47.83419 ], [ -4.1886, 47.83779 ], [ -4.18687, 47.83868 ], [ -4.17946, 47.83727 ] ] } },
{ "type": "Feature", "properties": { "name": null, "weight_class": 1, "permanent": false, "length_km": 2.1 }, "geometry": { "type": "LineString", "coordinates": [ [ -4.22258, 47.84419 ], [ -4.22053, 47.84453 ], [ -4.21875, 47.84295 ], [ -4.21433, 47.84238 ], [ -4.21021, 47.83983 ], [ -4.20734, 47.83937 ], [ -4.20438, 47.8378 ], [ -4.2032, 47.83472 ] ] } },
{ "type": "Feature", "properties": { "name": null, "weight_class": 1, "permanent": false, "length_km": 2.7 }, "geometry": { "type": "LineString", "coordinates": [ [ -4.18946, 47.82823 ], [ -4.19254, 47.82604 ], [ -4.19222, 47.82309 ], [ -4.18569, 47.81823 ], [ -4.18484, 47.81575 ], [ -4.18089, 47.81565 ], [ -4.17404, 47.81272 ] ] } },
{ "type": "Feature", "properties": { "name": null, "weight_class": 1, "permanent": false, "length_km": 4.5 }, "geometry": { "type": "LineString", "coordinates": [ [ -4.21195, 47.8273 ], [ -4.20634, 47.82718 ], [ -4.2033, 47.82548 ], [ -4.20017, 47.81911 ], [ -4.19594, 47.81603 ], [ -4.19262, 47.81114 ], [ -4.19333, 47.80729 ], [ -4.19568, 47.80449 ], [ -4.19723, 47.80384 ], [ -4.19935, 47.80465 ], [ -4.20249, 47.80438 ], [ -4.20806, 47.80151 ] ] } },
{ "type": "Feature", "properties": { "name": null, "weight_class": 1, "permanent": true, "length_km": 2.7 }, "geometry": { "type": "LineString", "coordinates": [ [ -4.2848, 47.91827 ], [ -4.30018, 47.91228 ], [ -4.3164, 47.91097 ] ] } },
{ "type": "Feature", "properties": { "name": null, "weight_class": 1, "permanent": true, "length_km": 2.7 }, "geometry": { "type": "LineString", "coordinates": [ [ -4.28842, 47.93304 ], [ -4.28894, 47.92587 ], [ -4.3002, 47.92205 ], [ -4.31058, 47.92119 ] ] } },
{ "type": "Feature", "properties": { "name": null, "weight_class": 1, "permanent": true, "length_km": 6.0 }, "geometry": { "type": "LineString", "coordinates": [ [ -4.29507, 47.93259 ], [ -4.29845, 47.93281 ], [ -4.30634, 47.93128 ], [ -4.31004, 47.92914 ], [ -4.31147, 47.92604 ], [ -4.31166, 47.9226 ], [ -4.31058, 47.92119 ], [ -4.31521, 47.91709 ], [ -4.31412, 47.91491 ], [ -4.31657, 47.91196 ], [ -4.31642, 47.90868 ], [ -4.31923, 47.90819 ], [ -4.32042, 47.90638 ], [ -4.3293, 47.90158 ], [ -4.33961, 47.89958 ] ] } },
{ "type": "Feature", "properties": { "name": null, "weight_class": 1, "permanent": false, "length_km": 2.3 }, "geometry": { "type": "LineString", "coordinates": [ [ -4.35335, 47.9221 ], [ -4.35831, 47.92181 ], [ -4.36266, 47.91996 ], [ -4.37523, 47.9181 ], [ -4.3802, 47.91629 ] ] } },
{ "type": "Feature", "properties": { "name": null, "weight_class": 1, "permanent": false, "length_km": 2.8 }, "geometry": { "type": "LineString", "coordinates": [ [ -4.27686, 47.90066 ], [ -4.27033, 47.89662 ], [ -4.26969, 47.89225 ], [ -4.26312, 47.89033 ], [ -4.26992, 47.88418 ] ] } },
{ "type": "Feature", "properties": { "name": null, "weight_class": 1, "permanent": false, "length_km": 2.3 }, "geometry": { "type": "LineString", "coordinates": [ [ -4.28649, 47.8873 ], [ -4.28438, 47.88413 ], [ -4.27798, 47.8795 ], [ -4.27469, 47.87963 ], [ -4.2716, 47.87807 ], [ -4.26413, 47.87696 ] ] } },
{ "type": "Feature", "properties": { "name": null, "weight_class": 1, "permanent": true, "length_km": 4.8 }, "geometry": { "type": "LineString", "coordinates": [ [ -4.28953, 47.89708 ], [ -4.28944, 47.89403 ], [ -4.28569, 47.89282 ], [ -4.274, 47.8853 ], [ -4.27016, 47.88442 ], [ -4.26742, 47.88254 ], [ -4.26413, 47.87696 ], [ -4.25336, 47.8753 ], [ -4.25145, 47.87253 ], [ -4.25272, 47.87056 ] ] } },
{ "type": "Feature", "properties": { "name": null, "weight_class": 1, "permanent": true, "length_km": 6.4 }, "geometry": { "type": "LineString", "coordinates": [ [ -4.30059, 47.89274 ], [ -4.29779, 47.8917 ], [ -4.29884, 47.88809 ], [ -4.29777, 47.88466 ], [ -4.30719, 47.87695 ], [ -4.33263, 47.86828 ], [ -4.34019, 47.86764 ], [ -4.34881, 47.86427 ], [ -4.35247, 47.86954 ] ] } },
{ "type": "Feature", "properties": { "name": null, "weight_class": 1, "permanent": true, "length_km": 5.7 }, "geometry": { "type": "LineString", "coordinates": [ [ -4.31056, 47.89384 ], [ -4.32515, 47.884 ], [ -4.33167, 47.88139 ], [ -4.33153, 47.87967 ], [ -4.33484, 47.87605 ], [ -4.33568, 47.87341 ], [ -4.34135, 47.87124 ], [ -4.34094, 47.86967 ], [ -4.34324, 47.86838 ], [ -4.35031, 47.86706 ], [ -4.35575, 47.87425 ], [ -4.35443, 47.8751 ] ] } },
{ "type": "Feature", "properties": { "name": null, "weight_class": 1, "permanent": true, "length_km": 2.9 }, "geometry": { "type": "LineString", "coordinates": [ [ -4.32302, 47.89296 ], [ -4.32744, 47.89073 ], [ -4.33037, 47.89074 ], [ -4.33285, 47.88878 ], [ -4.34621, 47.88595 ], [ -4.35153, 47.8858 ], [ -4.35628, 47.88329 ] ] } },
{ "type": "Feature", "properties": { "name": null, "weight_class": 1, "permanent": false, "length_km": 2.5 }, "geometry": { "type": "LineString", "coordinates": [ [ -4.30002, 47.89997 ], [ -4.30095, 47.90197 ], [ -4.3045, 47.90181 ], [ -4.31216, 47.90389 ], [ -4.31509, 47.90392 ], [ -4.32406, 47.90173 ], [ -4.32727, 47.90317 ] ] } },
{ "type": "Feature", "properties": { "name": null, "weight_class": 1, "permanent": true, "length_km": 3.9 }, "geometry": { "type": "LineString", "coordinates": [ [ -4.2668, 47.84831 ], [ -4.2647, 47.84738 ], [ -4.26007, 47.84796 ], [ -4.24827, 47.85157 ], [ -4.24514, 47.8555 ], [ -4.2469, 47.85867 ], [ -4.2461, 47.86077 ], [ -4.23939, 47.86357 ], [ -4.23852, 47.86614 ], [ -4.23555, 47.86765 ] ] } },
{ "type": "Feature", "properties": { "name": null, "weight_class": 1, "permanent": true, "length_km": 2.6 }, "geometry": { "type": "LineString", "coordinates": [ [ -4.30431, 47.86193 ], [ -4.29968, 47.86405 ], [ -4.28295, 47.86825 ], [ -4.27677, 47.86844 ], [ -4.27365, 47.86659 ] ] } },
{ "type": "Feature", "properties": { "name": null, "weight_class": 1, "permanent": false, "length_km": 2.2 }, "geometry": { "type": "LineString", "coordinates": [ [ -4.28618, 47.85423 ], [ -4.28602, 47.85602 ], [ -4.28905, 47.861 ], [ -4.28847, 47.86318 ], [ -4.28518, 47.86495 ], [ -4.27529, 47.86542 ] ] } },
{ "type": "Feature", "properties": { "name": "le Saint-Jean", "weight_class": 1, "permanent": true, "length_km": 5.8 }, "geometry": { "type": "LineString", "coordinates": [ [ -4.27303, 47.85424 ], [ -4.26984, 47.85609 ], [ -4.27154, 47.85902 ], [ -4.27303, 47.85921 ], [ -4.27557, 47.86466 ], [ -4.27198, 47.86727 ], [ -4.26235, 47.868 ], [ -4.25564, 47.87124 ], [ -4.23892, 47.867 ], [ -4.23393, 47.8684 ], [ -4.2293, 47.86704 ], [ -4.22661, 47.86824 ] ] } },
{ "type": "Feature", "properties": { "name": null, "weight_class": 1, "permanent": false, "length_km": 3.8 }, "geometry": { "type": "LineString", "coordinates": [ [ -4.30025, 47.87463 ], [ -4.31343, 47.8695 ], [ -4.32042, 47.86859 ], [ -4.33017, 47.86507 ], [ -4.33357, 47.8656 ], [ -4.33712, 47.86446 ], [ -4.34379, 47.86614 ] ] } },
{ "type": "Feature", "properties": { "name": null, "weight_class": 1, "permanent": true, "length_km": 2.4 }, "geometry": { "type": "LineString", "coordinates": [ [ -4.3123, 47.85859 ], [ -4.32739, 47.85473 ], [ -4.34081, 47.85404 ] ] } },
{ "type": "Feature", "properties": { "name": null, "weight_class": 1, "permanent": true, "length_km": 3.3 }, "geometry": { "type": "LineString", "coordinates": [ [ -4.3086, 47.8533 ], [ -4.32711, 47.85172 ], [ -4.32968, 47.85273 ], [ -4.34025, 47.85321 ], [ -4.34292, 47.85485 ], [ -4.34942, 47.85477 ] ] } },
{ "type": "Feature", "properties": { "name": null, "weight_class": 1, "permanent": true, "length_km": 8.3 }, "geometry": { "type": "LineString", "coordinates": [ [ -4.29386, 47.84959 ], [ -4.29703, 47.8492 ], [ -4.30035, 47.84582 ], [ -4.30075, 47.84397 ], [ -4.30632, 47.84256 ], [ -4.30784, 47.8396 ], [ -4.31099, 47.83703 ], [ -4.3131, 47.83259 ], [ -4.31694, 47.82921 ], [ -4.32344, 47.82874 ], [ -4.32914, 47.82571 ], [ -4.33672, 47.82553 ], [ -4.33899, 47.82439 ], [ -4.34229, 47.82038 ], [ -4.35035, 47.81895 ], [ -4.35727, 47.81505 ], [ -4.3679, 47.81358 ], [ -4.37485, 47.81478 ] ] } },
{ "type": "Feature", "properties": { "name": null, "weight_class": 1, "permanent": true, "length_km": 4.2 }, "geometry": { "type": "LineString", "coordinates": [ [ -4.26943, 47.82801 ], [ -4.26522, 47.82786 ], [ -4.26435, 47.82669 ], [ -4.25972, 47.82662 ], [ -4.2533, 47.82237 ], [ -4.24394, 47.82227 ], [ -4.23915, 47.81866 ], [ -4.23051, 47.81524 ], [ -4.22482, 47.81121 ] ] } },
{ "type": "Feature", "properties": { "name": null, "weight_class": 1, "permanent": true, "length_km": 3.0 }, "geometry": { "type": "LineString", "coordinates": [ [ -4.31343, 47.84419 ], [ -4.31538, 47.84413 ], [ -4.32366, 47.83976 ], [ -4.33147, 47.83906 ], [ -4.33297, 47.8398 ], [ -4.33941, 47.83951 ], [ -4.34007, 47.84075 ], [ -4.34258, 47.84095 ], [ -4.34621, 47.84021 ] ] } },
{ "type": "Feature", "properties": { "name": null, "weight_class": 1, "permanent": true, "length_km": 2.8 }, "geometry": { "type": "LineString", "coordinates": [ [ -4.25921, 47.81201 ], [ -4.25338, 47.81332 ], [ -4.23975, 47.80884 ], [ -4.23393, 47.8082 ], [ -4.22487, 47.80885 ] ] } },
{ "type": "Feature", "properties": { "name": null, "weight_class": 1, "permanent": true, "length_km": 2.2 }, "geometry": { "type": "LineString", "coordinates": [ [ -4.24684, 47.80365 ], [ -4.23604, 47.80266 ], [ -4.23195, 47.79779 ], [ -4.22677, 47.79462 ], [ -4.22718, 47.7935 ] ] } },
{ "type": "Feature", "properties": { "name": null, "weight_class": 1, "permanent": true, "length_km": 3.2 }, "geometry": { "type": "LineString", "coordinates": [ [ -4.30489, 47.82281 ], [ -4.3079, 47.8228 ], [ -4.31155, 47.82066 ], [ -4.31818, 47.82087 ], [ -4.32894, 47.81917 ], [ -4.3314, 47.81788 ], [ -4.3338, 47.81955 ], [ -4.34002, 47.82099 ], [ -4.34229, 47.82038 ] ] } },
{ "type": "Feature", "properties": { "name": null, "weight_class": 1, "permanent": true, "length_km": 2.8 }, "geometry": { "type": "LineString", "coordinates": [ [ -4.31165, 47.8167 ], [ -4.31391, 47.81545 ], [ -4.31581, 47.81128 ], [ -4.31966, 47.81018 ], [ -4.32013, 47.80664 ], [ -4.32223, 47.80564 ], [ -4.32447, 47.802 ], [ -4.32846, 47.79972 ], [ -4.32881, 47.79821 ] ] } },
{ "type": "Feature", "properties": { "name": null, "weight_class": 1, "permanent": true, "length_km": 2.6 }, "geometry": { "type": "LineString", "coordinates": [ [ -4.26893, 47.90214 ], [ -4.26844, 47.90146 ], [ -4.26358, 47.9014 ], [ -4.25511, 47.89614 ], [ -4.24905, 47.89505 ], [ -4.24047, 47.89514 ] ] } },
{ "type": "Feature", "properties": { "name": "l'Aber Benoît", "weight_class": 1, "permanent": true, "length_km": 2.1 }, "geometry": { "type": "MultiLineString", "coordinates": [ [ [ -4.40173, 48.52386 ], [ -4.40275, 48.52472 ], [ -4.40448, 48.52407 ] ], [ [ -4.37239, 48.49902 ], [ -4.37275, 48.50013 ], [ -4.3766, 48.50146 ], [ -4.37701, 48.50415 ], [ -4.37954, 48.50378 ], [ -4.38108, 48.50489 ], [ -4.3804, 48.51006 ] ] ] } },
{ "type": "Feature", "properties": { "name": "l'Aber Benoit", "weight_class": 1, "permanent": true, "length_km": 25.9 }, "geometry": { "type": "MultiLineString", "coordinates": [ [ [ -4.53784, 48.55481 ], [ -4.5399, 48.5554 ], [ -4.54112, 48.55835 ], [ -4.5427, 48.55919 ], [ -4.54442, 48.55886 ], [ -4.54508, 48.55686 ], [ -4.54787, 48.55657 ], [ -4.5538, 48.55823 ], [ -4.55425, 48.56124 ], [ -4.55724, 48.56138 ], [ -4.55956, 48.55977 ], [ -4.56399, 48.56069 ] ], [ [ -4.51435, 48.5498 ], [ -4.51747, 48.55164 ], [ -4.51752, 48.55335 ], [ -4.52238, 48.55356 ], [ -4.52448, 48.55466 ] ], [ [ -4.34504, 48.45865 ], [ -4.34744, 48.46921 ], [ -4.351, 48.4723 ], [ -4.35389, 48.47246 ], [ -4.35668, 48.47491 ], [ -4.35705, 48.47666 ], [ -4.35243, 48.47979 ], [ -4.36133, 48.48442 ], [ -4.36417, 48.48388 ], [ -4.36924, 48.48502 ], [ -4.37008, 48.48756 ], [ -4.37185, 48.48801 ], [ -4.3732, 48.4899 ], [ -4.37451, 48.49708 ], [ -4.37147, 48.49968 ], [ -4.37698, 48.50538 ], [ -4.3797, 48.50649 ], [ -4.38039, 48.512 ], [ -4.38389, 48.5146 ], [ -4.38376, 48.5165 ], [ -4.39415, 48.52124 ], [ -4.39746, 48.52116 ], [ -4.40225, 48.52425 ], [ -4.40624, 48.52402 ], [ -4.40988, 48.52489 ], [ -4.41349, 48.5241 ], [ -4.41457, 48.52541 ], [ -4.42006, 48.5255 ], [ -4.42357, 48.52826 ], [ -4.42481, 48.53349 ], [ -4.42963, 48.53455 ], [ -4.43116, 48.53662 ], [ -4.43678, 48.53838 ], [ -4.4378, 48.54027 ], [ -4.44224, 48.54164 ], [ -4.44554, 48.54457 ], [ -4.46139, 48.54432 ], [ -4.4675, 48.54613 ], [ -4.4716, 48.54543 ], [ -4.4859, 48.55149 ], [ -4.49586, 48.55251 ], [ -4.49695, 48.55328 ], [ -4.5046, 48.55224 ], [ -4.5084, 48.55295 ], [ -4.50796, 48.55119 ], [ -4.50911, 48.55108 ], [ -4.50902, 48.55016 ] ] ] } },
{ "type": "Feature", "properties": { "name": null, "weight_class": 1, "permanent": true, "length_km": 2.6 }, "geometry": { "type": "LineString", "coordinates": [ [ -4.61594, 48.55669 ], [ -4.61463, 48.55818 ], [ -4.60983, 48.55888 ], [ -4.60813, 48.5569 ], [ -4.60249, 48.55447 ], [ -4.59803, 48.55621 ], [ -4.59277, 48.55677 ], [ -4.59199, 48.55614 ], [ -4.58987, 48.55696 ] ] } },
{ "type": "Feature", "properties": { "name": null, "weight_class": 1, "permanent": true, "length_km": 17.2 }, "geometry": { "type": "MultiLineString", "coordinates": [ [ [ -4.59124, 48.54673 ], [ -4.59246, 48.54767 ], [ -4.59148, 48.54843 ], [ -4.59222, 48.54957 ], [ -4.59621, 48.55044 ], [ -4.59473, 48.55417 ], [ -4.58886, 48.55597 ] ], [ [ -4.57024, 48.45478 ], [ -4.56833, 48.45592 ], [ -4.56891, 48.46082 ], [ -4.56618, 48.46326 ], [ -4.56288, 48.46423 ], [ -4.55903, 48.46801 ], [ -4.55905, 48.47078 ], [ -4.55635, 48.47326 ], [ -4.55736, 48.4744 ], [ -4.55668, 48.47551 ], [ -4.55308, 48.47758 ], [ -4.55151, 48.47756 ], [ -4.54729, 48.48056 ], [ -4.54717, 48.48513 ], [ -4.55149, 48.48829 ], [ -4.55368, 48.49138 ], [ -4.55333, 48.49278 ], [ -4.55483, 48.49366 ], [ -4.55629, 48.49732 ], [ -4.5554, 48.5013 ], [ -4.55765, 48.50218 ], [ -4.56038, 48.50575 ], [ -4.56493, 48.50533 ], [ -4.5651, 48.50613 ], [ -4.56723, 48.50652 ], [ -4.57048, 48.50497 ], [ -4.57207, 48.50619 ], [ -4.57346, 48.51053 ], [ -4.5766, 48.51126 ], [ -4.57882, 48.51292 ], [ -4.5827, 48.51189 ], [ -4.58573, 48.51256 ], [ -4.58699, 48.51601 ], [ -4.5926, 48.51884 ], [ -4.58864, 48.52691 ], [ -4.58951, 48.53078 ], [ -4.5873, 48.53193 ], [ -4.58702, 48.53366 ], [ -4.5922, 48.54328 ], [ -4.58997, 48.5453 ], [ -4.59115, 48.54679 ] ] ] } },
{ "type": "Feature", "properties": { "name": null, "weight_class": 1, "permanent": true, "length_km": 4.6 }, "geometry": { "type": "LineString", "coordinates": [ [ -4.55049, 48.53688 ], [ -4.55257, 48.53773 ], [ -4.55197, 48.53987 ], [ -4.55581, 48.54455 ], [ -4.55519, 48.54746 ], [ -4.55881, 48.55147 ], [ -4.56526, 48.55349 ], [ -4.56972, 48.55303 ], [ -4.57133, 48.55413 ], [ -4.57456, 48.55403 ], [ -4.58233, 48.55602 ], [ -4.58673, 48.56051 ] ] } },
{ "type": "Feature", "properties": { "name": "le Ribl", "weight_class": 1, "permanent": true, "length_km": 5.8 }, "geometry": { "type": "LineString", "coordinates": [ [ -4.6286, 48.53189 ], [ -4.62628, 48.53459 ], [ -4.62679, 48.54032 ], [ -4.62876, 48.54277 ], [ -4.62992, 48.5486 ], [ -4.6311, 48.54984 ], [ -4.63574, 48.55093 ], [ -4.63787, 48.55275 ], [ -4.6441, 48.56427 ], [ -4.65332, 48.56706 ], [ -4.65525, 48.56918 ], [ -4.65438, 48.56988 ] ] } },
{ "type": "Feature", "properties": { "name": "le Kouer er Frout", "weight_class": 1, "permanent": true, "length_km": 9.8 }, "geometry": { "type": "LineString", "coordinates": [ [ -4.63062, 48.51067 ], [ -4.64011, 48.51313 ], [ -4.65795, 48.52105 ], [ -4.65062, 48.5242 ], [ -4.64205, 48.53274 ], [ -4.6444, 48.53544 ], [ -4.64363, 48.5392 ], [ -4.64467, 48.54069 ], [ -4.64899, 48.54372 ], [ -4.65609, 48.54472 ], [ -4.65758, 48.54563 ], [ -4.65975, 48.54816 ], [ -4.65933, 48.54969 ], [ -4.66089, 48.55012 ], [ -4.66115, 48.55311 ], [ -4.66424, 48.55589 ], [ -4.66389, 48.56171 ], [ -4.6661, 48.56498 ], [ -4.66327, 48.56737 ], [ -4.66316, 48.56911 ] ] } },
{ "type": "Feature", "properties": { "name": null, "weight_class": 1, "permanent": true, "length_km": 2.1 }, "geometry": { "type": "LineString", "coordinates": [ [ -4.6746, 48.55213 ], [ -4.67486, 48.55562 ], [ -4.67305, 48.5584 ], [ -4.67558, 48.56389 ], [ -4.67694, 48.5652 ], [ -4.6797, 48.56554 ], [ -4.67993, 48.56736 ] ] } },
{ "type": "Feature", "properties": { "name": null, "weight_class": 1, "permanent": false, "length_km": 3.7 }, "geometry": { "type": "LineString", "coordinates": [ [ -4.61406, 48.53469 ], [ -4.61531, 48.53802 ], [ -4.62036, 48.54148 ], [ -4.62234, 48.54442 ], [ -4.62151, 48.54725 ], [ -4.62232, 48.55009 ], [ -4.62574, 48.55215 ], [ -4.62926, 48.55293 ], [ -4.63272, 48.55553 ], [ -4.63724, 48.55528 ], [ -4.63969, 48.55656 ] ] } },
{ "type": "Feature", "properties": { "name": null, "weight_class": 1, "permanent": false, "length_km": 2.1 }, "geometry": { "type": "LineString", "coordinates": [ [ -4.6044, 48.52461 ], [ -4.59829, 48.53199 ], [ -4.5961, 48.53283 ], [ -4.59011, 48.53939 ] ] } },
{ "type": "Feature", "properties": { "name": null, "weight_class": 1, "permanent": true, "length_km": 3.1 }, "geometry": { "type": "LineString", "coordinates": [ [ -4.5571, 48.52581 ], [ -4.55956, 48.52939 ], [ -4.56478, 48.52865 ], [ -4.56686, 48.52698 ], [ -4.57047, 48.52997 ], [ -4.57495, 48.53132 ], [ -4.57969, 48.53049 ], [ -4.58362, 48.5313 ], [ -4.58458, 48.53372 ], [ -4.58682, 48.53463 ] ] } },
{ "type": "Feature", "properties": { "name": null, "weight_class": 1, "permanent": true, "length_km": 3.4 }, "geometry": { "type": "LineString", "coordinates": [ [ -4.619, 48.51946 ], [ -4.61526, 48.5236 ], [ -4.61632, 48.52556 ], [ -4.62133, 48.52599 ], [ -4.625, 48.52795 ], [ -4.63138, 48.5257 ], [ -4.63586, 48.52646 ], [ -4.6421, 48.53072 ], [ -4.64218, 48.53238 ] ] } },
{ "type": "Feature", "properties": { "name": null, "weight_class": 1, "permanent": true, "length_km": 3.1 }, "geometry": { "type": "LineString", "coordinates": [ [ -4.62072, 48.48703 ], [ -4.61814, 48.49088 ], [ -4.61025, 48.49226 ], [ -4.60814, 48.4935 ], [ -4.60696, 48.49648 ], [ -4.60422, 48.49652 ], [ -4.60232, 48.49784 ], [ -4.60163, 48.50222 ], [ -4.59655, 48.5043 ] ] } },
{ "type": "Feature", "properties": { "name": null, "weight_class": 1, "permanent": true, "length_km": 7.3 }, "geometry": { "type": "LineString", "coordinates": [ [ -4.59472, 48.47695 ], [ -4.59102, 48.47647 ], [ -4.58901, 48.47787 ], [ -4.58963, 48.48089 ], [ -4.59236, 48.48261 ], [ -4.59265, 48.48464 ], [ -4.59045, 48.48919 ], [ -4.58642, 48.49143 ], [ -4.58414, 48.49554 ], [ -4.58594, 48.50113 ], [ -4.59627, 48.4997 ], [ -4.59608, 48.50507 ], [ -4.59263, 48.50472 ], [ -4.59186, 48.50565 ], [ -4.59164, 48.50803 ], [ -4.59383, 48.51 ], [ -4.59196, 48.51316 ], [ -4.59385, 48.51628 ], [ -4.5923, 48.51865 ] ] } },
{ "type": "Feature", "properties": { "name": null, "weight_class": 1, "permanent": false, "length_km": 2.7 }, "geometry": { "type": "LineString", "coordinates": [ [ -4.64902, 48.48146 ], [ -4.65398, 48.48899 ], [ -4.65255, 48.49997 ], [ -4.65515, 48.5042 ] ] } },
{ "type": "Feature", "properties": { "name": null, "weight_class": 1, "permanent": true, "length_km": 2.5 }, "geometry": { "type": "LineString", "coordinates": [ [ -4.62706, 48.49702 ], [ -4.62589, 48.49808 ], [ -4.62181, 48.49842 ], [ -4.61469, 48.50218 ], [ -4.61128, 48.50136 ], [ -4.60704, 48.50371 ], [ -4.60505, 48.50246 ], [ -4.60153, 48.50228 ] ] } },
{ "type": "Feature", "properties": { "name": null, "weight_class": 1, "permanent": true, "length_km": 2.8 }, "geometry": { "type": "LineString", "coordinates": [ [ -4.59176, 48.46957 ], [ -4.58563, 48.46831 ], [ -4.57939, 48.469 ], [ -4.5782, 48.47111 ], [ -4.57425, 48.47178 ], [ -4.56965, 48.4706 ], [ -4.56201, 48.47148 ], [ -4.55905, 48.47073 ] ] } },
{ "type": "Feature", "properties": { "name": null, "weight_class": 1, "permanent": false, "length_km": 2.7 }, "geometry": { "type": "LineString", "coordinates": [ [ -4.63886, 48.46544 ], [ -4.64426, 48.46204 ], [ -4.64783, 48.46186 ], [ -4.64983, 48.4606 ], [ -4.65111, 48.46122 ], [ -4.65506, 48.45926 ], [ -4.65799, 48.45904 ], [ -4.65965, 48.45446 ], [ -4.66356, 48.45303 ] ] } },
{ "type": "Feature", "properties": { "name": null, "weight_class": 1, "permanent": true, "length_km": 4.8 }, "geometry": { "type": "LineString", "coordinates": [ [ -4.61087, 48.46857 ], [ -4.61147, 48.46528 ], [ -4.60873, 48.46253 ], [ -4.60582, 48.46137 ], [ -4.60785, 48.45842 ], [ -4.60645, 48.44832 ], [ -4.60905, 48.4428 ], [ -4.60843, 48.43992 ], [ -4.61082, 48.43254 ], [ -4.61299, 48.43244 ] ] } },
{ "type": "Feature", "properties": { "name": null, "weight_class": 1, "permanent": true, "length_km": 4.4 }, "geometry": { "type": "LineString", "coordinates": [ [ -4.54947, 48.44142 ], [ -4.54623, 48.43422 ], [ -4.53946, 48.43007 ], [ -4.53722, 48.42761 ], [ -4.53746, 48.42572 ], [ -4.53509, 48.42435 ], [ -4.53147, 48.41825 ], [ -4.53159, 48.416 ], [ -4.52495, 48.40926 ] ] } },
{ "type": "Feature", "properties": { "name": null, "weight_class": 1, "permanent": true, "length_km": 3.6 }, "geometry": { "type": "LineString", "coordinates": [ [ -4.56596, 48.44579 ], [ -4.56673, 48.44523 ], [ -4.57069, 48.4457 ], [ -4.57292, 48.44697 ], [ -4.58349, 48.44772 ], [ -4.58716, 48.4458 ], [ -4.59171, 48.44602 ], [ -4.59758, 48.44312 ], [ -4.60025, 48.44328 ], [ -4.60434, 48.44544 ], [ -4.60707, 48.44547 ] ] } },
{ "type": "Feature", "properties": { "name": null, "weight_class": 1, "permanent": true, "length_km": 3.2 }, "geometry": { "type": "LineString", "coordinates": [ [ -4.56725, 48.4239 ], [ -4.56842, 48.42234 ], [ -4.57148, 48.42114 ], [ -4.57664, 48.42038 ], [ -4.57954, 48.42094 ], [ -4.59, 48.42042 ], [ -4.59028, 48.41934 ], [ -4.59206, 48.41935 ], [ -4.59882, 48.42212 ], [ -4.60001, 48.4242 ], [ -4.60201, 48.42483 ] ] } },
{ "type": "Feature", "properties": { "name": null, "weight_class": 1, "permanent": true, "length_km": 2.8 }, "geometry": { "type": "LineString", "coordinates": [ [ -4.68951, 48.43567 ], [ -4.68505, 48.43832 ], [ -4.67055, 48.44163 ], [ -4.66996, 48.4425 ], [ -4.66696, 48.44255 ], [ -4.65815, 48.44581 ] ] } },
{ "type": "Feature", "properties": { "name": null, "weight_class": 1, "permanent": true, "length_km": 11.7 }, "geometry": { "type": "LineString", "coordinates": [ [ -4.6362, 48.36324 ], [ -4.63577, 48.36468 ], [ -4.63252, 48.3656 ], [ -4.62977, 48.36816 ], [ -4.62391, 48.37019 ], [ -4.62075, 48.37408 ], [ -4.62703, 48.3777 ], [ -4.62995, 48.38081 ], [ -4.63336, 48.38149 ], [ -4.63089, 48.38551 ], [ -4.63488, 48.38737 ], [ -4.63455, 48.39088 ], [ -4.63266, 48.39276 ], [ -4.63425, 48.39661 ], [ -4.63657, 48.40077 ], [ -4.64058, 48.40383 ], [ -4.64057, 48.40594 ], [ -4.64301, 48.40722 ], [ -4.65045, 48.41627 ], [ -4.65081, 48.41954 ], [ -4.64799, 48.42307 ], [ -4.64492, 48.42421 ], [ -4.64773, 48.42843 ], [ -4.6494, 48.42864 ], [ -4.64998, 48.43108 ], [ -4.64798, 48.43381 ], [ -4.6487, 48.4365 ], [ -4.64725, 48.4405 ] ] } },
{ "type": "Feature", "properties": { "name": null, "weight_class": 1, "permanent": true, "length_km": 3.1 }, "geometry": { "type": "LineString", "coordinates": [ [ -4.56589, 48.48106 ], [ -4.56953, 48.48459 ], [ -4.57039, 48.48973 ], [ -4.5696, 48.49245 ], [ -4.57021, 48.4948 ], [ -4.57246, 48.49643 ], [ -4.57202, 48.49964 ], [ -4.57338, 48.50156 ], [ -4.57121, 48.50546 ] ] } },
{ "type": "Feature", "properties": { "name": null, "weight_class": 1, "permanent": true, "length_km": 2.3 }, "geometry": { "type": "LineString", "coordinates": [ [ -4.55289, 48.41368 ], [ -4.55191, 48.41218 ], [ -4.5458, 48.41314 ], [ -4.53588, 48.40902 ], [ -4.53286, 48.40871 ], [ -4.52974, 48.40531 ] ] } },
{ "type": "Feature", "properties": { "name": null, "weight_class": 1, "permanent": true, "length_km": 2.4 }, "geometry": { "type": "LineString", "coordinates": [ [ -4.60829, 48.39407 ], [ -4.6023, 48.39823 ], [ -4.59602, 48.39981 ], [ -4.58561, 48.39943 ], [ -4.58391, 48.40187 ] ] } },
{ "type": "Feature", "properties": { "name": null, "weight_class": 1, "permanent": true, "length_km": 2.9 }, "geometry": { "type": "LineString", "coordinates": [ [ -4.56259, 48.4094 ], [ -4.56501, 48.408 ], [ -4.5702, 48.40743 ], [ -4.57865, 48.40479 ], [ -4.58147, 48.40628 ], [ -4.58484, 48.4103 ], [ -4.58781, 48.40904 ], [ -4.58874, 48.41084 ], [ -4.59102, 48.41195 ] ] } },
{ "type": "Feature", "properties": { "name": null, "weight_class": 1, "permanent": true, "length_km": 2.6 }, "geometry": { "type": "LineString", "coordinates": [ [ -4.7088, 48.43547 ], [ -4.71117, 48.44719 ], [ -4.70668, 48.45687 ] ] } },
{ "type": "Feature", "properties": { "name": null, "weight_class": 1, "permanent": true, "length_km": 12.2 }, "geometry": { "type": "LineString", "coordinates": [ [ -4.6389, 48.47801 ], [ -4.63711, 48.47997 ], [ -4.63735, 48.48291 ], [ -4.63271, 48.48585 ], [ -4.6394, 48.49136 ], [ -4.64276, 48.50262 ], [ -4.64482, 48.50358 ], [ -4.6561, 48.50429 ], [ -4.66111, 48.50606 ], [ -4.66528, 48.50839 ], [ -4.6683, 48.51589 ], [ -4.67099, 48.51758 ], [ -4.67531, 48.51872 ], [ -4.67781, 48.51773 ], [ -4.6847, 48.51988 ], [ -4.68465, 48.52292 ], [ -4.6912, 48.52649 ], [ -4.69637, 48.53297 ], [ -4.6992, 48.53903 ], [ -4.70101, 48.54022 ], [ -4.70457, 48.55009 ] ] } },
{ "type": "Feature", "properties": { "name": null, "weight_class": 1, "permanent": true, "length_km": 5.3 }, "geometry": { "type": "LineString", "coordinates": [ [ -4.70746, 48.49206 ], [ -4.71242, 48.49426 ], [ -4.71502, 48.49691 ], [ -4.72065, 48.49889 ], [ -4.72922, 48.50559 ], [ -4.74431, 48.51152 ], [ -4.74823, 48.51401 ], [ -4.75247, 48.51938 ], [ -4.75796, 48.52114 ] ] } },
{ "type": "Feature", "properties": { "name": null, "weight_class": 1, "permanent": true, "length_km": 3.9 }, "geometry": { "type": "LineString", "coordinates": [ [ -4.70319, 48.50324 ], [ -4.70331, 48.50561 ], [ -4.70501, 48.50693 ], [ -4.70344, 48.51046 ], [ -4.71787, 48.51927 ], [ -4.71496, 48.52423 ], [ -4.71838, 48.52696 ], [ -4.71875, 48.52982 ], [ -4.7201, 48.53083 ] ] } },
{ "type": "Feature", "properties": { "name": null, "weight_class": 1, "permanent": true, "length_km": 9.2 }, "geometry": { "type": "LineString", "coordinates": [ [ -4.6671, 48.49401 ], [ -4.67052, 48.49597 ], [ -4.67204, 48.499 ], [ -4.67464, 48.50098 ], [ -4.68906, 48.50511 ], [ -4.69313, 48.50725 ], [ -4.69622, 48.51238 ], [ -4.70627, 48.51815 ], [ -4.70874, 48.52342 ], [ -4.71108, 48.5248 ], [ -4.7145, 48.53103 ], [ -4.71662, 48.53165 ], [ -4.72035, 48.53076 ], [ -4.72509, 48.5334 ], [ -4.73507, 48.53394 ], [ -4.73585, 48.53288 ], [ -4.74399, 48.53096 ], [ -4.74665, 48.52904 ] ] } },
{ "type": "Feature", "properties": { "name": null, "weight_class": 1, "permanent": true, "length_km": 3.1 }, "geometry": { "type": "LineString", "coordinates": [ [ -4.7372, 48.4946 ], [ -4.74151, 48.49551 ], [ -4.74778, 48.49936 ], [ -4.75353, 48.50741 ], [ -4.75696, 48.50827 ], [ -4.76293, 48.50755 ], [ -4.76664, 48.51005 ] ] } },
{ "type": "Feature", "properties": { "name": null, "weight_class": 1, "permanent": true, "length_km": 5.5 }, "geometry": { "type": "LineString", "coordinates": [ [ -4.67296, 48.48556 ], [ -4.67779, 48.49012 ], [ -4.68393, 48.4917 ], [ -4.68908, 48.48813 ], [ -4.69387, 48.48852 ], [ -4.69818, 48.48585 ], [ -4.70697, 48.48415 ], [ -4.7122, 48.4808 ], [ -4.72409, 48.47916 ], [ -4.72518, 48.47523 ] ] } },
{ "type": "Feature", "properties": { "name": null, "weight_class": 1, "permanent": true, "length_km": 2.3 }, "geometry": { "type": "LineString", "coordinates": [ [ -4.74027, 48.48948 ], [ -4.75115, 48.4762 ], [ -4.7509, 48.47197 ] ] } },
{ "type": "Feature", "properties": { "name": null, "weight_class": 1, "permanent": false, "length_km": 2.6 }, "geometry": { "type": "LineString", "coordinates": [ [ -4.72901, 48.49076 ], [ -4.73353, 48.48427 ], [ -4.73656, 48.48217 ], [ -4.73706, 48.47317 ], [ -4.73969, 48.4729 ], [ -4.73997, 48.47198 ] ] } },
{ "type": "Feature", "properties": { "name": null, "weight_class": 1, "permanent": true, "length_km": 2.5 }, "geometry": { "type": "LineString", "coordinates": [ [ -4.74702, 48.49237 ], [ -4.74985, 48.49341 ], [ -4.75203, 48.49218 ], [ -4.75904, 48.49333 ], [ -4.76646, 48.48826 ], [ -4.76768, 48.48593 ], [ -4.77157, 48.48503 ] ] } },
{ "type": "Feature", "properties": { "name": null, "weight_class": 1, "permanent": true, "length_km": 4.3 }, "geometry": { "type": "LineString", "coordinates": [ [ -4.66673, 48.47835 ], [ -4.67825, 48.4747 ], [ -4.69423, 48.4761 ], [ -4.69875, 48.47394 ], [ -4.70368, 48.47394 ], [ -4.70738, 48.47237 ], [ -4.71366, 48.47277 ], [ -4.71632, 48.47188 ], [ -4.71843, 48.47245 ] ] } },
{ "type": "Feature", "properties": { "name": null, "weight_class": 1, "permanent": true, "length_km": 2.0 }, "geometry": { "type": "LineString", "coordinates": [ [ -4.66952, 48.47113 ], [ -4.67775, 48.46493 ], [ -4.68137, 48.4641 ], [ -4.68581, 48.45776 ] ] } },
{ "type": "Feature", "properties": { "name": "l'Aber Ildut", "weight_class": 1, "permanent": true, "length_km": 23.1 }, "geometry": { "type": "LineString", "coordinates": [ [ -4.59284, 48.3807 ], [ -4.58834, 48.38125 ], [ -4.5865, 48.38234 ], [ -4.58647, 48.38339 ], [ -4.58256, 48.38644 ], [ -4.58379, 48.38892 ], [ -4.58255, 48.39364 ], [ -4.57879, 48.39483 ], [ -4.58019, 48.40042 ], [ -4.58827, 48.40398 ], [ -4.58628, 48.40657 ], [ -4.59388, 48.41374 ], [ -4.59422, 48.41828 ], [ -4.60233, 48.42102 ], [ -4.60216, 48.42645 ], [ -4.60368, 48.42794 ], [ -4.60855, 48.42905 ], [ -4.61278, 48.43238 ], [ -4.62108, 48.4352 ], [ -4.62138, 48.43653 ], [ -4.62393, 48.43779 ], [ -4.63186, 48.43768 ], [ -4.63903, 48.44089 ], [ -4.64746, 48.44057 ], [ -4.65419, 48.44462 ], [ -4.66071, 48.44689 ], [ -4.66293, 48.44896 ], [ -4.66356, 48.45303 ], [ -4.66611, 48.45306 ], [ -4.66638, 48.45163 ], [ -4.67104, 48.45071 ], [ -4.6751, 48.45343 ], [ -4.68581, 48.45776 ], [ -4.69098, 48.456 ], [ -4.70411, 48.45573 ], [ -4.70795, 48.45815 ], [ -4.70788, 48.46002 ], [ -4.71112, 48.46066 ], [ -4.71038, 48.4653 ], [ -4.71369, 48.46668 ], [ -4.71499, 48.46898 ], [ -4.71752, 48.46928 ], [ -4.71919, 48.47547 ], [ -4.72269, 48.47526 ], [ -4.72353, 48.47368 ], [ -4.72562, 48.47527 ], [ -4.73414, 48.47359 ], [ -4.7378, 48.47199 ], [ -4.74366, 48.47255 ], [ -4.74665, 48.47182 ] ] } },
{ "type": "Feature", "properties": { "name": null, "weight_class": 1, "permanent": false, "length_km": 2.7 }, "geometry": { "type": "LineString", "coordinates": [ [ -4.75227, 48.44859 ], [ -4.75435, 48.44737 ], [ -4.7564, 48.44764 ], [ -4.7618, 48.45184 ], [ -4.75974, 48.45681 ], [ -4.75975, 48.46085 ], [ -4.75588, 48.46586 ] ] } },
{ "type": "Feature", "properties": { "name": null, "weight_class": 1, "permanent": true, "length_km": 6.9 }, "geometry": { "type": "LineString", "coordinates": [ [ -4.72283, 48.42322 ], [ -4.72687, 48.42865 ], [ -4.72565, 48.43212 ], [ -4.72701, 48.43712 ], [ -4.72807, 48.43816 ], [ -4.73132, 48.43829 ], [ -4.73449, 48.44049 ], [ -4.73428, 48.44159 ], [ -4.73206, 48.4424 ], [ -4.73398, 48.4449 ], [ -4.72667, 48.45275 ], [ -4.72754, 48.45931 ], [ -4.72542, 48.46029 ], [ -4.71996, 48.45988 ], [ -4.719, 48.46598 ], [ -4.71732, 48.4675 ], [ -4.71468, 48.46805 ] ] } },
{ "type": "Feature", "properties": { "name": null, "weight_class": 1, "permanent": true, "length_km": 3.9 }, "geometry": { "type": "LineString", "coordinates": [ [ -4.73914, 48.43161 ], [ -4.74402, 48.43412 ], [ -4.74392, 48.43823 ], [ -4.74595, 48.44032 ], [ -4.74788, 48.44056 ], [ -4.74942, 48.43925 ], [ -4.75199, 48.43908 ], [ -4.75655, 48.44152 ], [ -4.76473, 48.44103 ], [ -4.77116, 48.44355 ], [ -4.77619, 48.44381 ] ] } },
{ "type": "Feature", "properties": { "name": null, "weight_class": 1, "permanent": true, "length_km": 2.5 }, "geometry": { "type": "LineString", "coordinates": [ [ -4.73768, 48.42052 ], [ -4.74249, 48.42187 ], [ -4.75357, 48.41826 ], [ -4.75987, 48.41824 ], [ -4.76354, 48.41765 ], [ -4.76562, 48.41621 ], [ -4.76734, 48.41647 ] ] } },
{ "type": "Feature", "properties": { "name": null, "weight_class": 1, "permanent": false, "length_km": 3.8 }, "geometry": { "type": "LineString", "coordinates": [ [ -4.7499, 48.42641 ], [ -4.75559, 48.42579 ], [ -4.75946, 48.42708 ], [ -4.76859, 48.4225 ], [ -4.7699, 48.419 ], [ -4.76769, 48.41728 ], [ -4.76754, 48.41567 ], [ -4.77645, 48.40703 ] ] } },
{ "type": "Feature", "properties": { "name": null, "weight_class": 1, "permanent": true, "length_km": 7.5 }, "geometry": { "type": "LineString", "coordinates": [ [ -4.6743, 48.39672 ], [ -4.68245, 48.3956 ], [ -4.68543, 48.3932 ], [ -4.68481, 48.39151 ], [ -4.68729, 48.38963 ], [ -4.69603, 48.38827 ], [ -4.70008, 48.3899 ], [ -4.70566, 48.39052 ], [ -4.721, 48.38415 ], [ -4.72462, 48.38398 ], [ -4.73068, 48.37903 ], [ -4.73789, 48.37666 ], [ -4.73752, 48.37532 ], [ -4.7419, 48.37275 ], [ -4.74652, 48.3668 ] ] } },
{ "type": "Feature", "properties": { "name": null, "weight_class": 1, "permanent": true, "length_km": 3.3 }, "geometry": { "type": "LineString", "coordinates": [ [ -4.68493, 48.41421 ], [ -4.68258, 48.41398 ], [ -4.67768, 48.411 ], [ -4.67318, 48.41286 ], [ -4.66812, 48.41359 ], [ -4.66293, 48.41354 ], [ -4.66221, 48.41288 ], [ -4.6582, 48.41394 ], [ -4.65549, 48.41367 ], [ -4.65148, 48.41583 ], [ -4.65084, 48.4173 ] ] } },
{ "type": "Feature", "properties": { "name": null, "weight_class": 1, "permanent": true, "length_km": 2.7 }, "geometry": { "type": "LineString", "coordinates": [ [ -4.66445, 48.3988 ], [ -4.66067, 48.40025 ], [ -4.65627, 48.39974 ], [ -4.65372, 48.40074 ], [ -4.6493, 48.39964 ], [ -4.64425, 48.3963 ], [ -4.63586, 48.39896 ] ] } },
{ "type": "Feature", "properties": { "name": null, "weight_class": 1, "permanent": false, "length_km": 4.3 }, "geometry": { "type": "LineString", "coordinates": [ [ -4.73497, 48.40079 ], [ -4.73627, 48.40053 ], [ -4.73699, 48.39843 ], [ -4.73007, 48.3938 ], [ -4.73787, 48.39052 ], [ -4.74296, 48.3898 ], [ -4.74528, 48.38741 ], [ -4.75118, 48.38684 ], [ -4.75672, 48.38263 ], [ -4.76259, 48.38235 ] ] } },
{ "type": "Feature", "properties": { "name": null, "weight_class": 1, "permanent": false, "length_km": 3.3 }, "geometry": { "type": "LineString", "coordinates": [ [ -4.7343, 48.41252 ], [ -4.73634, 48.40731 ], [ -4.74263, 48.40692 ], [ -4.74984, 48.41156 ], [ -4.75272, 48.41122 ], [ -4.75989, 48.4124 ], [ -4.76562, 48.41621 ] ] } },
{ "type": "Feature", "properties": { "name": null, "weight_class": 1, "permanent": true, "length_km": 4.8 }, "geometry": { "type": "LineString", "coordinates": [ [ -4.67137, 48.38912 ], [ -4.68487, 48.38274 ], [ -4.6894, 48.37782 ], [ -4.69541, 48.37649 ], [ -4.69782, 48.37401 ], [ -4.70738, 48.36963 ], [ -4.71019, 48.36711 ], [ -4.72048, 48.36674 ] ] } },
{ "type": "Feature", "properties": { "name": null, "weight_class": 1, "permanent": true, "length_km": 6.6 }, "geometry": { "type": "MultiLineString", "coordinates": [ [ [ -4.73488, 48.36177 ], [ -4.73882, 48.36097 ], [ -4.74268, 48.35796 ], [ -4.746, 48.35776 ], [ -4.75067, 48.35992 ] ], [ [ -4.73286, 48.36165 ], [ -4.73427, 48.36188 ], [ -4.73488, 48.36177 ] ], [ [ -4.73286, 48.36165 ], [ -4.73488, 48.36177 ] ], [ [ -4.6904, 48.38583 ], [ -4.69617, 48.38478 ], [ -4.70022, 48.38172 ], [ -4.70387, 48.38091 ], [ -4.70549, 48.38174 ], [ -4.70858, 48.37671 ], [ -4.71232, 48.37478 ], [ -4.71682, 48.36936 ], [ -4.71931, 48.36852 ], [ -4.72051, 48.36668 ], [ -4.72789, 48.36195 ], [ -4.73286, 48.36165 ] ] ] } },
{ "type": "Feature", "properties": { "name": "Ruisseau Ragadal", "weight_class": 1, "permanent": true, "length_km": 3.6 }, "geometry": { "type": "LineString", "coordinates": [ [ -4.55384, 48.33133 ], [ -4.56344, 48.32556 ], [ -4.5659, 48.3225 ], [ -4.56597, 48.31928 ], [ -4.56177, 48.31661 ], [ -4.56163, 48.31541 ], [ -4.56578, 48.31139 ], [ -4.57236, 48.30727 ] ] } },
{ "type": "Feature", "properties": { "name": null, "weight_class": 1, "permanent": true, "length_km": 2.8 }, "geometry": { "type": "LineString", "coordinates": [ [ -4.66374, 48.38267 ], [ -4.65972, 48.38131 ], [ -4.65081, 48.38208 ], [ -4.64545, 48.38096 ], [ -4.63867, 48.38382 ], [ -4.63488, 48.38737 ] ] } },
{ "type": "Feature", "properties": { "name": null, "weight_class": 1, "permanent": false, "length_km": 2.3 }, "geometry": { "type": "LineString", "coordinates": [ [ -4.64836, 48.36574 ], [ -4.64514, 48.3692 ], [ -4.64477, 48.37224 ], [ -4.64153, 48.37353 ], [ -4.63948, 48.37608 ], [ -4.6354, 48.37812 ], [ -4.63336, 48.38149 ] ] } },
{ "type": "Feature", "properties": { "name": null, "weight_class": 1, "permanent": true, "length_km": 3.0 }, "geometry": { "type": "LineString", "coordinates": [ [ -4.60345, 48.36278 ], [ -4.60483, 48.36559 ], [ -4.60766, 48.36754 ], [ -4.60799, 48.3716 ], [ -4.60998, 48.37472 ], [ -4.61431, 48.37403 ], [ -4.62177, 48.37664 ], [ -4.62546, 48.37684 ] ] } },
{ "type": "Feature", "properties": { "name": null, "weight_class": 1, "permanent": false, "length_km": 2.0 }, "geometry": { "type": "LineString", "coordinates": [ [ -4.67479, 48.37934 ], [ -4.6763, 48.37574 ], [ -4.67538, 48.37163 ], [ -4.67697, 48.36854 ], [ -4.6809, 48.36497 ], [ -4.67995, 48.36295 ] ] } },
{ "type": "Feature", "properties": { "name": null, "weight_class": 1, "permanent": true, "length_km": 3.1 }, "geometry": { "type": "LineString", "coordinates": [ [ -4.65878, 48.37351 ], [ -4.66554, 48.37074 ], [ -4.66758, 48.36859 ], [ -4.67887, 48.36422 ], [ -4.68041, 48.36216 ], [ -4.67915, 48.36054 ], [ -4.68098, 48.35859 ], [ -4.67892, 48.35549 ] ] } },
{ "type": "Feature", "properties": { "name": null, "weight_class": 1, "permanent": true, "length_km": 2.4 }, "geometry": { "type": "LineString", "coordinates": [ [ -4.58217, 48.36873 ], [ -4.57969, 48.36717 ], [ -4.57486, 48.36729 ], [ -4.55388, 48.36146 ] ] } },
{ "type": "Feature", "properties": { "name": null, "weight_class": 1, "permanent": false, "length_km": 2.2 }, "geometry": { "type": "LineString", "coordinates": [ [ -4.60728, 48.35682 ], [ -4.60722, 48.35346 ], [ -4.61102, 48.35069 ], [ -4.61183, 48.34645 ], [ -4.61588, 48.33932 ] ] } },
{ "type": "Feature", "properties": { "name": null, "weight_class": 1, "permanent": true, "length_km": 2.6 }, "geometry": { "type": "LineString", "coordinates": [ [ -4.71087, 48.35921 ], [ -4.7219, 48.35575 ], [ -4.72815, 48.35551 ], [ -4.73407, 48.35632 ], [ -4.73725, 48.35821 ], [ -4.74194, 48.35832 ] ] } },
{ "type": "Feature", "properties": { "name": null, "weight_class": 1, "permanent": true, "length_km": 2.4 }, "geometry": { "type": "LineString", "coordinates": [ [ -4.72723, 48.3438 ], [ -4.72651, 48.34464 ], [ -4.72865, 48.34812 ], [ -4.73156, 48.34985 ], [ -4.73686, 48.35118 ], [ -4.73997, 48.35356 ], [ -4.7434, 48.35405 ], [ -4.74521, 48.35807 ] ] } },
{ "type": "Feature", "properties": { "name": null, "weight_class": 1, "permanent": false, "length_km": 2.5 }, "geometry": { "type": "LineString", "coordinates": [ [ -4.58703, 48.2604 ], [ -4.58669, 48.26164 ], [ -4.58304, 48.26324 ], [ -4.57603, 48.26196 ], [ -4.56837, 48.26296 ], [ -4.56245, 48.26165 ], [ -4.56131, 48.25972 ], [ -4.56009, 48.25963 ] ] } },
{ "type": "Feature", "properties": { "name": "le Kerloc'h", "weight_class": 1, "permanent": true, "length_km": 17.3 }, "geometry": { "type": "LineString", "coordinates": [ [ -4.36907, 48.26958 ], [ -4.37601, 48.26886 ], [ -4.38081, 48.2674 ], [ -4.38917, 48.26836 ], [ -4.39508, 48.26702 ], [ -4.39803, 48.26729 ], [ -4.40332, 48.26556 ], [ -4.40655, 48.26343 ], [ -4.41239, 48.26427 ], [ -4.41632, 48.26361 ], [ -4.41984, 48.26188 ], [ -4.42572, 48.26187 ], [ -4.43826, 48.25856 ], [ -4.44426, 48.25816 ], [ -4.45568, 48.26188 ], [ -4.45643, 48.26117 ], [ -4.45766, 48.26201 ], [ -4.4585, 48.26146 ], [ -4.46478, 48.26218 ], [ -4.46668, 48.26335 ], [ -4.4715, 48.26264 ], [ -4.47173, 48.26349 ], [ -4.47275, 48.26291 ], [ -4.47714, 48.26372 ], [ -4.485, 48.2624 ], [ -4.49024, 48.26071 ], [ -4.49182, 48.25924 ], [ -4.50483, 48.25798 ], [ -4.50604, 48.25692 ], [ -4.5121, 48.25642 ], [ -4.51847, 48.25443 ], [ -4.52135, 48.25629 ], [ -4.52777, 48.25767 ], [ -4.53302, 48.26139 ], [ -4.54113, 48.26132 ], [ -4.54606, 48.26313 ], [ -4.55489, 48.26127 ], [ -4.55651, 48.25922 ], [ -4.56019, 48.25911 ] ] } },
{ "type": "Feature", "properties": { "name": null, "weight_class": 1, "permanent": true, "length_km": 2.8 }, "geometry": { "type": "LineString", "coordinates": [ [ -5.06685, 48.46606 ], [ -5.07374, 48.46394 ], [ -5.07931, 48.46075 ], [ -5.08267, 48.46006 ], [ -5.08466, 48.46073 ], [ -5.09278, 48.45771 ], [ -5.09524, 48.45663 ], [ -5.09638, 48.45427 ] ] } },
{ "type": "Feature", "properties": { "name": null, "weight_class": 1, "permanent": true, "length_km": 2.4 }, "geometry": { "type": "LineString", "coordinates": [ [ -4.52655, 48.21217 ], [ -4.52819, 48.21505 ], [ -4.53058, 48.21655 ], [ -4.54327, 48.21515 ], [ -4.5489, 48.21199 ], [ -4.55268, 48.21124 ] ] } },
{ "type": "Feature", "properties": { "name": null, "weight_class": 1, "permanent": true, "length_km": 3.9 }, "geometry": { "type": "LineString", "coordinates": [ [ -4.50414, 48.0728 ], [ -4.50157, 48.07125 ], [ -4.50119, 48.06765 ], [ -4.5036, 48.06303 ], [ -4.50436, 48.05661 ], [ -4.5064, 48.0539 ], [ -4.50469, 48.05023 ], [ -4.50558, 48.04681 ], [ -4.50861, 48.04182 ], [ -4.50991, 48.04135 ] ] } },
{ "type": "Feature", "properties": { "name": null, "weight_class": 1, "permanent": true, "length_km": 2.8 }, "geometry": { "type": "LineString", "coordinates": [ [ -4.55034, 48.06599 ], [ -4.5463, 48.06439 ], [ -4.54381, 48.06064 ], [ -4.53818, 48.06002 ], [ -4.53408, 48.05641 ], [ -4.52927, 48.05514 ], [ -4.5271, 48.05333 ], [ -4.5236, 48.05302 ] ] } },
{ "type": "Feature", "properties": { "name": null, "weight_class": 1, "permanent": true, "length_km": 2.4 }, "geometry": { "type": "LineString", "coordinates": [ [ -4.53473, 48.06989 ], [ -4.53595, 48.06525 ], [ -4.53514, 48.06246 ], [ -4.53292, 48.06107 ], [ -4.52967, 48.06089 ], [ -4.52328, 48.05329 ] ] } },
{ "type": "Feature", "properties": { "name": null, "weight_class": 1, "permanent": true, "length_km": 4.4 }, "geometry": { "type": "LineString", "coordinates": [ [ -4.51508, 48.07237 ], [ -4.51565, 48.07064 ], [ -4.51348, 48.06748 ], [ -4.51424, 48.06491 ], [ -4.51664, 48.06384 ], [ -4.51814, 48.06093 ], [ -4.51704, 48.05837 ], [ -4.51909, 48.05742 ], [ -4.51939, 48.05598 ], [ -4.52446, 48.05158 ], [ -4.52419, 48.04463 ], [ -4.5224, 48.04215 ], [ -4.5241, 48.04026 ], [ -4.52341, 48.03863 ] ] } },
{ "type": "Feature", "properties": { "name": null, "weight_class": 1, "permanent": true, "length_km": 3.2 }, "geometry": { "type": "LineString", "coordinates": [ [ -4.59923, 48.06364 ], [ -4.60231, 48.06126 ], [ -4.60361, 48.05701 ], [ -4.60129, 48.05401 ], [ -4.60442, 48.04727 ], [ -4.602, 48.04171 ], [ -4.60364, 48.03809 ] ] } },
{ "type": "Feature", "properties": { "name": null, "weight_class": 1, "permanent": true, "length_km": 8.0 }, "geometry": { "type": "LineString", "coordinates": [ [ -4.55909, 48.0585 ], [ -4.56068, 48.05684 ], [ -4.56944, 48.05329 ], [ -4.57171, 48.04865 ], [ -4.58092, 48.04522 ], [ -4.58721, 48.03924 ], [ -4.59157, 48.0374 ], [ -4.61108, 48.038 ], [ -4.62515, 48.03959 ], [ -4.63451, 48.03836 ], [ -4.63292, 48.03497 ], [ -4.6341, 48.03184 ], [ -4.6332, 48.0294 ] ] } },
{ "type": "Feature", "properties": { "name": null, "weight_class": 1, "permanent": true, "length_km": 2.5 }, "geometry": { "type": "LineString", "coordinates": [ [ -4.6558, 48.05778 ], [ -4.65445, 48.05493 ], [ -4.64454, 48.04856 ], [ -4.64372, 48.03919 ] ] } },
{ "type": "Feature", "properties": { "name": null, "weight_class": 1, "permanent": false, "length_km": 2.9 }, "geometry": { "type": "LineString", "coordinates": [ [ -4.62106, 48.06129 ], [ -4.61787, 48.06109 ], [ -4.61706, 48.06029 ], [ -4.61657, 48.05685 ], [ -4.61821, 48.05412 ], [ -4.61749, 48.04753 ], [ -4.61849, 48.04463 ], [ -4.62389, 48.03955 ] ] } },
{ "type": "Feature", "properties": { "name": null, "weight_class": 1, "permanent": true, "length_km": 2.3 }, "geometry": { "type": "LineString", "coordinates": [ [ -4.55441, 48.05133 ], [ -4.55426, 48.04841 ], [ -4.55658, 48.04561 ], [ -4.55632, 48.04446 ], [ -4.54982, 48.04074 ], [ -4.54041, 48.03935 ] ] } },
{ "type": "Feature", "properties": { "name": "le Goyen", "weight_class": 1, "permanent": true, "length_km": 30.4 }, "geometry": { "type": "MultiLineString", "coordinates": [ [ [ -4.53275, 48.03391 ], [ -4.5346, 48.03198 ], [ -4.53253, 48.02795 ], [ -4.53438, 48.02544 ] ], [ [ -4.19979, 48.0103 ], [ -4.20666, 48.01011 ], [ -4.21016, 48.01135 ], [ -4.21821, 48.01194 ], [ -4.22423, 48.00911 ], [ -4.22875, 48.00905 ], [ -4.23199, 48.01179 ], [ -4.23703, 48.01048 ], [ -4.23812, 48.01185 ], [ -4.24105, 48.01138 ], [ -4.24325, 48.00957 ], [ -4.24794, 48.00903 ], [ -4.25218, 48.01013 ], [ -4.25669, 48.00865 ], [ -4.26788, 48.00976 ], [ -4.27896, 48.00845 ], [ -4.28662, 48.00882 ], [ -4.29149, 48.01082 ], [ -4.29367, 48.01338 ], [ -4.30581, 48.015 ], [ -4.3146, 48.02161 ], [ -4.32115, 48.02265 ], [ -4.32735, 48.02205 ], [ -4.33083, 48.02396 ], [ -4.33831, 48.02299 ], [ -4.34123, 48.0243 ], [ -4.3485, 48.02416 ], [ -4.35124, 48.02525 ], [ -4.35372, 48.02512 ], [ -4.35504, 48.02407 ], [ -4.35726, 48.02477 ], [ -4.36243, 48.02444 ], [ -4.36697, 48.02627 ], [ -4.38468, 48.02721 ], [ -4.39025, 48.02878 ], [ -4.39236, 48.03062 ], [ -4.3927, 48.03268 ], [ -4.40016, 48.03713 ], [ -4.41115, 48.0366 ], [ -4.4168, 48.03863 ], [ -4.42013, 48.03859 ], [ -4.42162, 48.03983 ], [ -4.42333, 48.03956 ], [ -4.42555, 48.04076 ], [ -4.43105, 48.04154 ], [ -4.43754, 48.04093 ], [ -4.43864, 48.0417 ], [ -4.44514, 48.04124 ], [ -4.44759, 48.042 ], [ -4.45035, 48.04088 ], [ -4.45376, 48.04125 ], [ -4.45871, 48.03962 ], [ -4.46538, 48.03958 ], [ -4.46919, 48.03818 ], [ -4.48187, 48.04134 ], [ -4.4878, 48.03797 ], [ -4.49061, 48.03834 ], [ -4.4924, 48.03971 ], [ -4.4956, 48.03987 ], [ -4.50531, 48.03598 ], [ -4.51007, 48.03618 ], [ -4.51084, 48.03671 ], [ -4.50988, 48.0375 ] ] ] } },
{ "type": "Feature", "properties": { "name": null, "weight_class": 1, "permanent": true, "length_km": 3.4 }, "geometry": { "type": "LineString", "coordinates": [ [ -4.56402, 48.02982 ], [ -4.5692, 48.02618 ], [ -4.56967, 48.02371 ], [ -4.57116, 48.02283 ], [ -4.58205, 48.02132 ], [ -4.58828, 48.02167 ], [ -4.59798, 48.01567 ] ] } },
{ "type": "Feature", "properties": { "name": null, "weight_class": 1, "permanent": true, "length_km": 2.3 }, "geometry": { "type": "LineString", "coordinates": [ [ -4.56107, 48.03473 ], [ -4.56082, 48.03556 ], [ -4.56312, 48.03717 ], [ -4.56676, 48.03793 ], [ -4.57254, 48.03706 ], [ -4.57689, 48.03874 ], [ -4.58721, 48.03924 ] ] } },
{ "type": "Feature", "properties": { "name": null, "weight_class": 1, "permanent": true, "length_km": 3.2 }, "geometry": { "type": "LineString", "coordinates": [ [ -4.67582, 48.04436 ], [ -4.66464, 48.04205 ], [ -4.63451, 48.03836 ] ] } }
]
}
