{
"type": "FeatureCollection",
"name": "dep34_overview.geojson",
"crs": { "type": "name", "properties": { "name": "urn:ogc:def:crs:OGC:1.3:CRS84" } },
"xy_coordinate_resolution": 1e-05,
"features": [
{ "type": "Feature", "properties": { "name": "Ruisseau de Combescure", "weight_class": 1, "permanent": true, "length_km": 3.7 }, "geometry": { "type": "LineString", "coordinates": [ [ 2.9061, 43.65362 ], [ 2.90305, 43.65179 ], [ 2.90224, 43.64887 ], [ 2.90641, 43.64616 ], [ 2.90695, 43.64322 ], [ 2.90884, 43.64074 ], [ 2.90718, 43.63702 ], [ 2.91073, 43.63455 ], [ 2.91087, 43.63315 ], [ 2.9133, 43.6323 ], [ 2.91226, 43.62982 ], [ 2.91293, 43.62827 ] ] } },
{ "type": "Feature", "properties": { "name": "Ruisseau des Cazalous", "weight_class": 1, "permanent": false, "length_km": 2.5 }, "geometry": { "type": "LineString", "coordinates": [ [ 2.94277, 43.65034 ], [ 2.93914, 43.64623 ], [ 2.93631, 43.63755 ], [ 2.92732, 43.63493 ] ] } },
{ "type": "Feature", "properties": { "name": "Ruisseau des Clèdes", "weight_class": 1, "permanent": false, "length_km": 3.1 }, "geometry": { "type": "LineString", "coordinates": [ [ 2.92783, 43.65362 ], [ 2.92493, 43.65591 ], [ 2.9262, 43.66688 ], [ 2.9248, 43.66824 ], [ 2.92465, 43.67173 ], [ 2.92132, 43.6778 ] ] } },
{ "type": "Feature", "properties": { "name": "Ruisseau de Pratenjalié", "weight_class": 1, "permanent": true, "length_km": 4.9 }, "geometry": { "type": "LineString", "coordinates": [ [ 2.89284, 43.65448 ], [ 2.89341, 43.65341 ], [ 2.88674, 43.64531 ], [ 2.88904, 43.64167 ], [ 2.88869, 43.63998 ], [ 2.89024, 43.63756 ], [ 2.89403, 43.63666 ], [ 2.89492, 43.63469 ], [ 2.89668, 43.6344 ], [ 2.90011, 43.63119 ], [ 2.90326, 43.63171 ], [ 2.90727, 43.62954 ], [ 2.90877, 43.62775 ], [ 2.90843, 43.62592 ] ] } },
{ "type": "Feature", "properties": { "name": "Ruisseau des Egerds", "weight_class": 1, "permanent": false, "length_km": 3.2 }, "geometry": { "type": "LineString", "coordinates": [ [ 2.83823, 43.63844 ], [ 2.84105, 43.63809 ], [ 2.84293, 43.63404 ], [ 2.83908, 43.62583 ], [ 2.84277, 43.62327 ], [ 2.84378, 43.61566 ] ] } },
{ "type": "Feature", "properties": { "name": "la Vèbre", "weight_class": 3, "permanent": true, "length_km": 6.7 }, "geometry": { "type": "LineString", "coordinates": [ [ 2.73971, 43.63316 ], [ 2.73884, 43.63173 ], [ 2.73038, 43.6286 ], [ 2.72643, 43.62544 ], [ 2.72447, 43.62133 ], [ 2.73024, 43.6213 ], [ 2.73027, 43.6178 ], [ 2.72859, 43.61605 ], [ 2.72715, 43.61627 ], [ 2.7246, 43.61918 ], [ 2.72209, 43.6183 ], [ 2.71812, 43.61837 ], [ 2.71298, 43.61697 ], [ 2.71076, 43.61467 ], [ 2.70732, 43.61511 ], [ 2.70294, 43.61075 ], [ 2.7017, 43.61062 ], [ 2.69951, 43.61219 ], [ 2.6938, 43.61079 ] ] } },
{ "type": "Feature", "properties": { "name": "Ruisseau de Valbonne", "weight_class": 1, "permanent": false, "length_km": 3.0 }, "geometry": { "type": "LineString", "coordinates": [ [ 2.86483, 43.64046 ], [ 2.864, 43.63918 ], [ 2.86604, 43.63406 ], [ 2.86361, 43.63265 ], [ 2.85994, 43.62729 ], [ 2.85961, 43.61866 ] ] } },
{ "type": "Feature", "properties": { "name": "Ruisseau de la Pansière", "weight_class": 2, "permanent": false, "length_km": 3.7 }, "geometry": { "type": "LineString", "coordinates": [ [ 2.87395, 43.63863 ], [ 2.87549, 43.63693 ], [ 2.87401, 43.6337 ], [ 2.87673, 43.63074 ], [ 2.87437, 43.62916 ], [ 2.87268, 43.62491 ], [ 2.86967, 43.62314 ], [ 2.8688, 43.62075 ], [ 2.86633, 43.61938 ], [ 2.86692, 43.61693 ], [ 2.86479, 43.61577 ], [ 2.86244, 43.61701 ] ] } },
{ "type": "Feature", "properties": { "name": "Ruisseau de Pérégas", "weight_class": 1, "permanent": false, "length_km": 2.9 }, "geometry": { "type": "LineString", "coordinates": [ [ 2.83533, 43.64479 ], [ 2.83608, 43.64319 ], [ 2.8339, 43.63866 ], [ 2.82814, 43.63735 ], [ 2.82534, 43.63831 ], [ 2.82359, 43.63783 ], [ 2.82183, 43.63929 ], [ 2.81593, 43.63999 ], [ 2.81294, 43.64141 ] ] } },
{ "type": "Feature", "properties": { "name": "Ruisseau de Cagalous", "weight_class": 1, "permanent": false, "length_km": 2.3 }, "geometry": { "type": "LineString", "coordinates": [ [ 2.80443, 43.62539 ], [ 2.80773, 43.63307 ], [ 2.8108, 43.63376 ], [ 2.81174, 43.63586 ], [ 2.81344, 43.63614 ], [ 2.81294, 43.64141 ] ] } },
{ "type": "Feature", "properties": { "name": "Rieu Tort", "weight_class": 1, "permanent": true, "length_km": 2.3 }, "geometry": { "type": "LineString", "coordinates": [ [ 2.89066, 43.63121 ], [ 2.8899, 43.62948 ], [ 2.8917, 43.62311 ], [ 2.89427, 43.62096 ], [ 2.89685, 43.62103 ], [ 2.90239, 43.61699 ], [ 2.90258, 43.61594 ] ] } },
{ "type": "Feature", "properties": { "name": "Ruisseau du Pioch", "weight_class": 1, "permanent": false, "length_km": 3.3 }, "geometry": { "type": "LineString", "coordinates": [ [ 2.78168, 43.62082 ], [ 2.77927, 43.61815 ], [ 2.77907, 43.61435 ], [ 2.78088, 43.6128 ], [ 2.77974, 43.61088 ], [ 2.78029, 43.60929 ], [ 2.78234, 43.60817 ], [ 2.78309, 43.60622 ], [ 2.78266, 43.60504 ], [ 2.78039, 43.60457 ], [ 2.78029, 43.60221 ], [ 2.77913, 43.60151 ], [ 2.78022, 43.59872 ], [ 2.77761, 43.5976 ] ] } },
{ "type": "Feature", "properties": { "name": "Ruisseau de Meynaud", "weight_class": 1, "permanent": false, "length_km": 2.6 }, "geometry": { "type": "LineString", "coordinates": [ [ 2.79186, 43.6236 ], [ 2.79281, 43.6176 ], [ 2.79004, 43.61546 ], [ 2.78829, 43.61101 ], [ 2.79284, 43.60441 ] ] } },
{ "type": "Feature", "properties": { "name": "Ruisseau de Flacheraud", "weight_class": 1, "permanent": false, "length_km": 2.6 }, "geometry": { "type": "LineString", "coordinates": [ [ 2.83896, 43.59939 ], [ 2.8333, 43.6024 ], [ 2.82388, 43.60101 ], [ 2.82188, 43.60215 ], [ 2.81638, 43.60251 ], [ 2.81499, 43.6019 ], [ 2.81189, 43.60311 ] ] } },
{ "type": "Feature", "properties": { "name": "Ruisseau d'Escandes", "weight_class": 1, "permanent": false, "length_km": 4.1 }, "geometry": { "type": "LineString", "coordinates": [ [ 2.80345, 43.58438 ], [ 2.807, 43.59089 ], [ 2.81086, 43.59261 ], [ 2.81377, 43.59609 ], [ 2.81388, 43.59783 ], [ 2.81157, 43.60123 ], [ 2.81254, 43.60222 ], [ 2.81121, 43.60401 ], [ 2.8076, 43.60489 ], [ 2.80474, 43.60458 ], [ 2.80433, 43.6054 ], [ 2.8017, 43.60489 ], [ 2.80145, 43.60571 ], [ 2.7988, 43.60551 ] ] } },
{ "type": "Feature", "properties": { "name": "Ruisseau de Gabaude", "weight_class": 1, "permanent": false, "length_km": 2.2 }, "geometry": { "type": "LineString", "coordinates": [ [ 2.79884, 43.58385 ], [ 2.79622, 43.58859 ], [ 2.79468, 43.58897 ], [ 2.79513, 43.59025 ], [ 2.79352, 43.59388 ], [ 2.78881, 43.59631 ], [ 2.7877, 43.5985 ] ] } },
{ "type": "Feature", "properties": { "name": "Ruisseau de Bec", "weight_class": 1, "permanent": false, "length_km": 3.9 }, "geometry": { "type": "LineString", "coordinates": [ [ 2.78804, 43.57643 ], [ 2.78632, 43.57759 ], [ 2.77687, 43.57946 ], [ 2.77556, 43.58047 ], [ 2.77496, 43.58338 ], [ 2.77736, 43.58627 ], [ 2.77783, 43.58866 ], [ 2.77468, 43.59103 ], [ 2.77468, 43.59269 ], [ 2.7708, 43.59453 ], [ 2.77199, 43.59839 ] ] } },
{ "type": "Feature", "properties": { "name": "le Dourdou de Camarès", "weight_class": 1, "permanent": true, "length_km": 3.8 }, "geometry": { "type": "MultiLineString", "coordinates": [ [ [ 2.90832, 43.65529 ], [ 2.91297, 43.65912 ], [ 2.9175, 43.66059 ], [ 2.91976, 43.66233 ], [ 2.91835, 43.66672 ] ], [ [ 2.91811, 43.67085 ], [ 2.92178, 43.67846 ], [ 2.91991, 43.68042 ] ], [ [ 2.9216, 43.68975 ], [ 2.92308, 43.68953 ], [ 2.92601, 43.69083 ], [ 2.92727, 43.69285 ] ] ] } },
{ "type": "Feature", "properties": { "name": "le Rieufrech", "weight_class": 1, "permanent": true, "length_km": 3.8 }, "geometry": { "type": "LineString", "coordinates": [ [ 2.71065, 43.64478 ], [ 2.71003, 43.64184 ], [ 2.71191, 43.6398 ], [ 2.71116, 43.63621 ], [ 2.71193, 43.63429 ], [ 2.70969, 43.63253 ], [ 2.71036, 43.63104 ], [ 2.7086, 43.63075 ], [ 2.70868, 43.62381 ], [ 2.71067, 43.62128 ], [ 2.71043, 43.61848 ], [ 2.71186, 43.61538 ] ] } },
{ "type": "Feature", "properties": { "name": "le Vernoubre", "weight_class": 1, "permanent": true, "length_km": 6.3 }, "geometry": { "type": "MultiLineString", "coordinates": [ [ [ 2.65237, 43.65505 ], [ 2.65163, 43.65369 ], [ 2.65271, 43.6458 ], [ 2.64974, 43.64207 ], [ 2.65017, 43.6403 ], [ 2.65392, 43.63672 ], [ 2.6537, 43.63342 ], [ 2.65641, 43.63174 ], [ 2.65664, 43.62787 ], [ 2.65941, 43.62584 ], [ 2.66002, 43.62193 ], [ 2.66197, 43.61894 ], [ 2.67056, 43.6124 ], [ 2.67451, 43.61153 ] ], [ [ 2.65287, 43.6575 ], [ 2.6519, 43.65725 ], [ 2.65237, 43.65572 ] ] ] } },
{ "type": "Feature", "properties": { "name": "Ruisseau de Peyre Male", "weight_class": 1, "permanent": true, "length_km": 5.1 }, "geometry": { "type": "LineString", "coordinates": [ [ 2.67688, 43.6515 ], [ 2.67951, 43.64963 ], [ 2.67863, 43.64623 ], [ 2.68194, 43.64477 ], [ 2.68408, 43.64131 ], [ 2.68402, 43.6323 ], [ 2.68548, 43.63014 ], [ 2.68468, 43.62863 ], [ 2.68594, 43.62746 ], [ 2.68504, 43.62508 ], [ 2.68593, 43.62352 ], [ 2.68514, 43.62258 ], [ 2.68644, 43.61918 ], [ 2.68656, 43.61557 ], [ 2.68516, 43.61355 ], [ 2.68616, 43.6129 ] ] } },
{ "type": "Feature", "properties": { "name": null, "weight_class": 1, "permanent": false, "length_km": 4.2 }, "geometry": { "type": "LineString", "coordinates": [ [ 2.6608, 43.57511 ], [ 2.65699, 43.57415 ], [ 2.65302, 43.57532 ], [ 2.64954, 43.57529 ], [ 2.64452, 43.57887 ], [ 2.64244, 43.58365 ], [ 2.63913, 43.58619 ], [ 2.63682, 43.58556 ], [ 2.63442, 43.58677 ], [ 2.63537, 43.58928 ], [ 2.62854, 43.59375 ] ] } },
{ "type": "Feature", "properties": { "name": "Ruisseau de Vertignol/Ruisseau de Nartaud", "weight_class": 1, "permanent": true, "length_km": 3.5 }, "geometry": { "type": "LineString", "coordinates": [ [ 2.65924, 43.51539 ], [ 2.66074, 43.50302 ], [ 2.66509, 43.49596 ], [ 2.66437, 43.49499 ], [ 2.65882, 43.49563 ], [ 2.65504, 43.49434 ] ] } },
{ "type": "Feature", "properties": { "name": null, "weight_class": 1, "permanent": true, "length_km": 4.3 }, "geometry": { "type": "LineString", "coordinates": [ [ 2.71373, 43.55805 ], [ 2.70752, 43.55758 ], [ 2.70606, 43.55496 ], [ 2.70204, 43.55366 ], [ 2.70202, 43.55112 ], [ 2.69677, 43.54964 ], [ 2.69529, 43.54556 ], [ 2.69224, 43.54583 ], [ 2.69102, 43.54462 ], [ 2.69, 43.54505 ], [ 2.69013, 43.54294 ], [ 2.69436, 43.53963 ] ] } },
{ "type": "Feature", "properties": { "name": null, "weight_class": 1, "permanent": true, "length_km": 3.4 }, "geometry": { "type": "LineString", "coordinates": [ [ 2.71065, 43.64478 ], [ 2.7122, 43.64284 ], [ 2.71698, 43.64207 ], [ 2.72215, 43.64472 ], [ 2.73655, 43.64263 ], [ 2.74849, 43.63831 ] ] } },
{ "type": "Feature", "properties": { "name": "Ruisseau de Besses", "weight_class": 1, "permanent": false, "length_km": 3.3 }, "geometry": { "type": "LineString", "coordinates": [ [ 2.72775, 43.57209 ], [ 2.7256, 43.57482 ], [ 2.72385, 43.58106 ], [ 2.72521, 43.5819 ], [ 2.72678, 43.58563 ], [ 2.72168, 43.58979 ], [ 2.72346, 43.59472 ], [ 2.72125, 43.59608 ] ] } },
{ "type": "Feature", "properties": { "name": null, "weight_class": 1, "permanent": true, "length_km": 8.8 }, "geometry": { "type": "LineString", "coordinates": [ [ 2.75745, 43.63416 ], [ 2.75688, 43.63258 ], [ 2.76352, 43.62554 ], [ 2.8062, 43.61271 ], [ 2.8531, 43.60192 ] ] } },
{ "type": "Feature", "properties": { "name": null, "weight_class": 1, "permanent": false, "length_km": 2.1 }, "geometry": { "type": "LineString", "coordinates": [ [ 2.65134, 43.58612 ], [ 2.64615, 43.58846 ], [ 2.64443, 43.59075 ], [ 2.6404, 43.59019 ], [ 2.6361, 43.59106 ], [ 2.63238, 43.59528 ] ] } },
{ "type": "Feature", "properties": { "name": null, "weight_class": 1, "permanent": false, "length_km": 2.7 }, "geometry": { "type": "LineString", "coordinates": [ [ 2.63944, 43.61824 ], [ 2.64407, 43.61631 ], [ 2.64444, 43.61434 ], [ 2.63913, 43.60877 ], [ 2.63835, 43.60259 ], [ 2.63999, 43.59855 ] ] } },
{ "type": "Feature", "properties": { "name": null, "weight_class": 1, "permanent": false, "length_km": 2.3 }, "geometry": { "type": "LineString", "coordinates": [ [ 2.63686, 43.6292 ], [ 2.64585, 43.62556 ], [ 2.65178, 43.62468 ], [ 2.659, 43.62081 ], [ 2.66068, 43.62073 ] ] } },
{ "type": "Feature", "properties": { "name": null, "weight_class": 1, "permanent": true, "length_km": 3.0 }, "geometry": { "type": "LineString", "coordinates": [ [ 2.72617, 43.60515 ], [ 2.72004, 43.60697 ], [ 2.71856, 43.60618 ], [ 2.71772, 43.60313 ], [ 2.71497, 43.60285 ], [ 2.70997, 43.60011 ], [ 2.70215, 43.60268 ], [ 2.6991, 43.60045 ] ] } },
{ "type": "Feature", "properties": { "name": "Ruisseau de Cas", "weight_class": 1, "permanent": false, "length_km": 4.0 }, "geometry": { "type": "LineString", "coordinates": [ [ 2.75483, 43.61284 ], [ 2.74934, 43.60877 ], [ 2.74462, 43.61016 ], [ 2.74311, 43.6085 ], [ 2.73902, 43.60753 ], [ 2.73702, 43.60568 ], [ 2.73605, 43.59942 ], [ 2.73274, 43.59907 ], [ 2.73228, 43.59729 ], [ 2.72724, 43.59667 ], [ 2.72654, 43.59584 ] ] } },
{ "type": "Feature", "properties": { "name": "Ruisseau des Planquettes", "weight_class": 1, "permanent": true, "length_km": 7.3 }, "geometry": { "type": "LineString", "coordinates": [ [ 2.72184, 43.56059 ], [ 2.71519, 43.5726 ], [ 2.71249, 43.57329 ], [ 2.70892, 43.57583 ], [ 2.70478, 43.57664 ], [ 2.70233, 43.57879 ], [ 2.69675, 43.57996 ], [ 2.69672, 43.58359 ], [ 2.69518, 43.58534 ], [ 2.68626, 43.58945 ], [ 2.68508, 43.59084 ], [ 2.68526, 43.59322 ], [ 2.68787, 43.59431 ], [ 2.68746, 43.59534 ], [ 2.68876, 43.59635 ], [ 2.69079, 43.59751 ], [ 2.69469, 43.59717 ], [ 2.69442, 43.59834 ], [ 2.6962, 43.60051 ], [ 2.69898, 43.60102 ] ] } },
{ "type": "Feature", "properties": { "name": "Ruisseau de Gieussels", "weight_class": 1, "permanent": false, "length_km": 2.7 }, "geometry": { "type": "LineString", "coordinates": [ [ 2.66977, 43.58901 ], [ 2.66752, 43.59192 ], [ 2.65987, 43.59476 ], [ 2.65886, 43.59664 ], [ 2.6546, 43.59925 ], [ 2.65331, 43.59906 ], [ 2.64655, 43.60199 ] ] } },
{ "type": "Feature", "properties": { "name": "Rec Rouge", "weight_class": 1, "permanent": false, "length_km": 2.8 }, "geometry": { "type": "MultiLineString", "coordinates": [ [ [ 2.62169, 43.60658 ], [ 2.6144, 43.59986 ], [ 2.61472, 43.59811 ] ], [ [ 2.62462, 43.61841 ], [ 2.62594, 43.61808 ], [ 2.62802, 43.61519 ], [ 2.62753, 43.61274 ], [ 2.62869, 43.61032 ], [ 2.62486, 43.6078 ] ] ] } },
{ "type": "Feature", "properties": { "name": "Ruisseau de Lignières", "weight_class": 1, "permanent": false, "length_km": 3.7 }, "geometry": { "type": "LineString", "coordinates": [ [ 2.77487, 43.57203 ], [ 2.77069, 43.5704 ], [ 2.76954, 43.56749 ], [ 2.76677, 43.56586 ], [ 2.76609, 43.56298 ], [ 2.76504, 43.5627 ], [ 2.7646, 43.55915 ], [ 2.76635, 43.55685 ], [ 2.76546, 43.55543 ], [ 2.76826, 43.54965 ], [ 2.76616, 43.54668 ], [ 2.76455, 43.54618 ] ] } },
{ "type": "Feature", "properties": { "name": "l'Arn", "weight_class": 1, "permanent": true, "length_km": 19.8 }, "geometry": { "type": "LineString", "coordinates": [ [ 2.77839, 43.57018 ], [ 2.78308, 43.56292 ], [ 2.77881, 43.55871 ], [ 2.77984, 43.55692 ], [ 2.77953, 43.55386 ], [ 2.77701, 43.55245 ], [ 2.77565, 43.54838 ], [ 2.77702, 43.54471 ], [ 2.77082, 43.54436 ], [ 2.7703, 43.54352 ], [ 2.76692, 43.5429 ], [ 2.76505, 43.54592 ], [ 2.76103, 43.54788 ], [ 2.7569, 43.54733 ], [ 2.7554, 43.54539 ], [ 2.75287, 43.54494 ], [ 2.74875, 43.54624 ], [ 2.74386, 43.54449 ], [ 2.73112, 43.54301 ], [ 2.72963, 43.54099 ], [ 2.73008, 43.53998 ], [ 2.72644, 43.53819 ], [ 2.72489, 43.53579 ], [ 2.71372, 43.53829 ], [ 2.70837, 43.53818 ], [ 2.70689, 43.53727 ], [ 2.70377, 43.53783 ], [ 2.70254, 43.53581 ], [ 2.69953, 43.53637 ], [ 2.69834, 43.53801 ], [ 2.69436, 43.53963 ], [ 2.68857, 43.5386 ], [ 2.68658, 43.5356 ], [ 2.67756, 43.53795 ], [ 2.6739, 43.53511 ], [ 2.67041, 43.53472 ], [ 2.66945, 43.53364 ], [ 2.66192, 43.53381 ], [ 2.66063, 43.53001 ], [ 2.6632, 43.52606 ], [ 2.65969, 43.52557 ], [ 2.65469, 43.52703 ], [ 2.64985, 43.53508 ], [ 2.64622, 43.53585 ], [ 2.64556, 43.53261 ], [ 2.64346, 43.53223 ] ] } },
{ "type": "Feature", "properties": { "name": "le Règue", "weight_class": 1, "permanent": true, "length_km": 3.2 }, "geometry": { "type": "LineString", "coordinates": [ [ 2.72468, 43.56165 ], [ 2.73075, 43.56172 ], [ 2.73644, 43.55912 ], [ 2.73858, 43.55599 ], [ 2.7389, 43.55341 ], [ 2.74635, 43.54555 ] ] } },
{ "type": "Feature", "properties": { "name": "Ruisseau de la Roussille", "weight_class": 1, "permanent": true, "length_km": 2.9 }, "geometry": { "type": "LineString", "coordinates": [ [ 2.74826, 43.56728 ], [ 2.75174, 43.56499 ], [ 2.75435, 43.56028 ], [ 2.75536, 43.55205 ], [ 2.75925, 43.55106 ], [ 2.7593, 43.54839 ], [ 2.75799, 43.5473 ] ] } },
{ "type": "Feature", "properties": { "name": "Ruisseau de la Combe", "weight_class": 2, "permanent": false, "length_km": 2.4 }, "geometry": { "type": "LineString", "coordinates": [ [ 2.74355, 43.57427 ], [ 2.74534, 43.58514 ], [ 2.74261, 43.58718 ], [ 2.73909, 43.58768 ], [ 2.73479, 43.59015 ] ] } },
{ "type": "Feature", "properties": { "name": "Ruisseau de Gauget", "weight_class": 2, "permanent": false, "length_km": 3.6 }, "geometry": { "type": "LineString", "coordinates": [ [ 2.76969, 43.5751 ], [ 2.76924, 43.5778 ], [ 2.76551, 43.5807 ], [ 2.76343, 43.58156 ], [ 2.75649, 43.58157 ], [ 2.75035, 43.58428 ], [ 2.74884, 43.58653 ], [ 2.74902, 43.591 ], [ 2.74679, 43.59458 ] ] } },
{ "type": "Feature", "properties": { "name": "Ruisseau de Réganard", "weight_class": 1, "permanent": false, "length_km": 6.2 }, "geometry": { "type": "LineString", "coordinates": [ [ 2.70464, 43.56424 ], [ 2.70307, 43.56561 ], [ 2.70014, 43.5654 ], [ 2.69828, 43.56639 ], [ 2.69413, 43.57111 ], [ 2.69009, 43.57213 ], [ 2.68802, 43.57564 ], [ 2.68202, 43.57392 ], [ 2.68162, 43.57285 ], [ 2.67838, 43.57174 ], [ 2.67346, 43.57654 ], [ 2.67432, 43.57876 ], [ 2.67794, 43.58133 ], [ 2.67974, 43.58627 ], [ 2.68108, 43.58674 ], [ 2.68085, 43.58827 ], [ 2.68289, 43.59057 ], [ 2.68522, 43.5914 ] ] } },
{ "type": "Feature", "properties": { "name": "Ruisseau de Banès de Cors", "weight_class": 1, "permanent": false, "length_km": 2.4 }, "geometry": { "type": "LineString", "coordinates": [ [ 2.64183, 43.56365 ], [ 2.63955, 43.56498 ], [ 2.63709, 43.56335 ], [ 2.63042, 43.5621 ], [ 2.62772, 43.55861 ], [ 2.62748, 43.55653 ], [ 2.62243, 43.55708 ] ] } },
{ "type": "Feature", "properties": { "name": "Ruisseau de Salavert", "weight_class": 1, "permanent": true, "length_km": 4.3 }, "geometry": { "type": "LineString", "coordinates": [ [ 2.61956, 43.5652 ], [ 2.61689, 43.56767 ], [ 2.62173, 43.57174 ], [ 2.62296, 43.57575 ], [ 2.62701, 43.57728 ], [ 2.62751, 43.5795 ], [ 2.62937, 43.58016 ], [ 2.63163, 43.58411 ], [ 2.63033, 43.58638 ], [ 2.62638, 43.58794 ], [ 2.62779, 43.59115 ], [ 2.62732, 43.59335 ] ] } },
{ "type": "Feature", "properties": { "name": "la Sème", "weight_class": 1, "permanent": true, "length_km": 8.5 }, "geometry": { "type": "MultiLineString", "coordinates": [ [ [ 2.69043, 43.56214 ], [ 2.6892, 43.56409 ], [ 2.68554, 43.56462 ], [ 2.68267, 43.56608 ], [ 2.67595, 43.56631 ], [ 2.67628, 43.56166 ], [ 2.67007, 43.56152 ], [ 2.6645, 43.55823 ], [ 2.66388, 43.55678 ], [ 2.66136, 43.55713 ], [ 2.66064, 43.55336 ], [ 2.65815, 43.55051 ], [ 2.65888, 43.54873 ], [ 2.65802, 43.54758 ], [ 2.65331, 43.54688 ], [ 2.64869, 43.54817 ], [ 2.6443, 43.54497 ], [ 2.64522, 43.54399 ], [ 2.64427, 43.54238 ], [ 2.64618, 43.54013 ], [ 2.64453, 43.53781 ], [ 2.64581, 43.53603 ] ], [ [ 2.64602, 43.53581 ], [ 2.64613, 43.53578 ] ] ] } },
{ "type": "Feature", "properties": { "name": "Ruisseau de Rieufrech", "weight_class": 1, "permanent": true, "length_km": 3.1 }, "geometry": { "type": "LineString", "coordinates": [ [ 2.69077, 43.51766 ], [ 2.67803, 43.51735 ], [ 2.67424, 43.51797 ], [ 2.67034, 43.52298 ], [ 2.66617, 43.52329 ], [ 2.66143, 43.52482 ], [ 2.6611, 43.52581 ] ] } },
{ "type": "Feature", "properties": { "name": null, "weight_class": 1, "permanent": true, "length_km": 2.2 }, "geometry": { "type": "LineString", "coordinates": [ [ 2.63151, 43.43619 ], [ 2.63007, 43.43742 ], [ 2.62608, 43.43784 ], [ 2.61605, 43.43642 ], [ 2.61039, 43.43878 ], [ 2.60872, 43.44048 ] ] } },
{ "type": "Feature", "properties": { "name": "Ruisseau de Galinier", "weight_class": 1, "permanent": true, "length_km": 5.1 }, "geometry": { "type": "LineString", "coordinates": [ [ 2.63374, 43.44076 ], [ 2.64101, 43.44097 ], [ 2.6431, 43.43821 ], [ 2.64526, 43.43813 ], [ 2.64755, 43.44015 ], [ 2.65044, 43.44057 ], [ 2.65313, 43.44229 ], [ 2.67366, 43.44313 ], [ 2.68093, 43.44459 ], [ 2.68613, 43.44658 ], [ 2.68538, 43.44809 ] ] } },
{ "type": "Feature", "properties": { "name": "Ruisseau d'Espinassier", "weight_class": 1, "permanent": true, "length_km": 2.1 }, "geometry": { "type": "LineString", "coordinates": [ [ 2.65975, 43.43465 ], [ 2.67251, 43.43781 ], [ 2.67461, 43.44028 ], [ 2.67682, 43.44001 ], [ 2.67654, 43.44367 ] ] } },
{ "type": "Feature", "properties": { "name": "Ruisseau de Candesoubre", "weight_class": 1, "permanent": true, "length_km": 4.7 }, "geometry": { "type": "MultiLineString", "coordinates": [ [ [ 2.56953, 43.42287 ], [ 2.57415, 43.42242 ], [ 2.58145, 43.42332 ], [ 2.58795, 43.42863 ] ], [ [ 2.59361, 43.42906 ], [ 2.59599, 43.42931 ], [ 2.59663, 43.43111 ], [ 2.59582, 43.43169 ] ], [ [ 2.60122, 43.43241 ], [ 2.60381, 43.43085 ], [ 2.60674, 43.43144 ], [ 2.60838, 43.43351 ], [ 2.60718, 43.43575 ], [ 2.60793, 43.43675 ], [ 2.60465, 43.43852 ], [ 2.60409, 43.43995 ], [ 2.60572, 43.44096 ], [ 2.60872, 43.44048 ] ] ] } },
{ "type": "Feature", "properties": { "name": "le Thoré", "weight_class": 1, "permanent": true, "length_km": 7.4 }, "geometry": { "type": "MultiLineString", "coordinates": [ [ [ 2.65255, 43.46698 ], [ 2.64862, 43.46704 ], [ 2.64786, 43.46948 ] ], [ [ 2.7204, 43.43901 ], [ 2.72064, 43.44229 ], [ 2.7177, 43.44512 ], [ 2.71378, 43.44367 ], [ 2.70796, 43.44295 ], [ 2.70216, 43.44357 ], [ 2.69542, 43.44684 ], [ 2.68549, 43.44797 ], [ 2.68045, 43.45128 ], [ 2.67756, 43.45193 ], [ 2.67568, 43.45436 ], [ 2.67252, 43.45566 ], [ 2.67199, 43.4576 ], [ 2.66624, 43.45942 ], [ 2.66641, 43.46177 ], [ 2.66209, 43.46256 ], [ 2.66078, 43.46424 ] ] ] } },
{ "type": "Feature", "properties": { "name": "l'Agout", "weight_class": 1, "permanent": true, "length_km": 42.3 }, "geometry": { "type": "LineString", "coordinates": [ [ 2.93371, 43.65417 ], [ 2.92914, 43.65213 ], [ 2.92139, 43.64374 ], [ 2.92422, 43.64156 ], [ 2.92706, 43.63728 ], [ 2.92732, 43.63493 ], [ 2.92181, 43.6314 ], [ 2.91955, 43.62834 ], [ 2.91783, 43.62804 ], [ 2.91533, 43.62946 ], [ 2.90522, 43.62418 ], [ 2.90355, 43.62071 ], [ 2.90589, 43.6197 ], [ 2.90597, 43.61789 ], [ 2.90322, 43.61698 ], [ 2.90065, 43.61448 ], [ 2.89728, 43.60916 ], [ 2.89212, 43.6102 ], [ 2.89193, 43.60881 ], [ 2.89022, 43.60811 ], [ 2.88685, 43.60869 ], [ 2.88269, 43.60727 ], [ 2.87558, 43.60995 ], [ 2.86781, 43.60896 ], [ 2.86469, 43.61298 ], [ 2.8618, 43.61459 ], [ 2.86228, 43.6178 ], [ 2.8582, 43.61878 ], [ 2.85437, 43.61667 ], [ 2.85046, 43.61648 ], [ 2.8486, 43.61757 ], [ 2.84546, 43.61502 ], [ 2.84145, 43.61543 ], [ 2.83878, 43.6173 ], [ 2.83556, 43.61459 ], [ 2.83514, 43.61204 ], [ 2.83023, 43.61311 ], [ 2.82825, 43.61212 ], [ 2.82239, 43.6156 ], [ 2.82161, 43.61845 ], [ 2.81921, 43.61622 ], [ 2.81639, 43.61691 ], [ 2.81728, 43.62008 ], [ 2.81634, 43.62077 ], [ 2.81267, 43.61926 ], [ 2.8076, 43.61498 ], [ 2.80479, 43.61459 ], [ 2.8064, 43.6132 ], [ 2.80521, 43.61136 ], [ 2.8054, 43.60876 ], [ 2.80186, 43.60936 ], [ 2.79823, 43.60504 ], [ 2.79576, 43.60416 ], [ 2.79288, 43.60445 ], [ 2.79131, 43.60184 ], [ 2.7856, 43.60185 ], [ 2.78862, 43.59933 ], [ 2.78805, 43.59859 ], [ 2.78544, 43.59763 ], [ 2.78061, 43.598 ], [ 2.77973, 43.59703 ], [ 2.77292, 43.59845 ], [ 2.75818, 43.59674 ], [ 2.75455, 43.59588 ], [ 2.7534, 43.59391 ], [ 2.74537, 43.59441 ], [ 2.74081, 43.5923 ], [ 2.73908, 43.58994 ], [ 2.73721, 43.59156 ], [ 2.73348, 43.58966 ], [ 2.73137, 43.59135 ], [ 2.73143, 43.5929 ], [ 2.72813, 43.59265 ], [ 2.72622, 43.59341 ], [ 2.72662, 43.59572 ], [ 2.7243, 43.59662 ], [ 2.72019, 43.59597 ], [ 2.71488, 43.59838 ], [ 2.71032, 43.59727 ], [ 2.70501, 43.60055 ], [ 2.70147, 43.59865 ], [ 2.69891, 43.60091 ], [ 2.70408, 43.60493 ], [ 2.69836, 43.60665 ], [ 2.6938, 43.61079 ], [ 2.69041, 43.60941 ], [ 2.68813, 43.61023 ], [ 2.69131, 43.61349 ], [ 2.69095, 43.61567 ], [ 2.68919, 43.61589 ], [ 2.68426, 43.61172 ], [ 2.67451, 43.61153 ], [ 2.6737, 43.60844 ], [ 2.67661, 43.60838 ], [ 2.67702, 43.60557 ], [ 2.67613, 43.60331 ], [ 2.67396, 43.60208 ], [ 2.66068, 43.60079 ], [ 2.6564, 43.6016 ], [ 2.65201, 43.60379 ], [ 2.64854, 43.60369 ], [ 2.64469, 43.6001 ], [ 2.63137, 43.59468 ], [ 2.61981, 43.59205 ] ] } },
{ "type": "Feature", "properties": { "name": "Canal du Midi", "weight_class": 3, "permanent": true, "length_km": 68.5 }, "geometry": { "type": "MultiLineString", "coordinates": [ [ [ 2.72738, 43.26979 ], [ 2.73696, 43.27012 ], [ 2.73988, 43.26937 ], [ 2.74044, 43.26678 ], [ 2.74924, 43.2618 ], [ 2.75408, 43.25475 ] ], [ [ 2.93857, 43.31634 ], [ 2.94391, 43.31613 ], [ 2.94657, 43.31259 ], [ 2.95171, 43.31259 ], [ 2.95585, 43.31444 ], [ 2.96293, 43.31354 ], [ 2.9703, 43.31765 ], [ 2.97591, 43.31673 ], [ 2.98845, 43.319 ], [ 2.99121, 43.32141 ], [ 2.98794, 43.32382 ], [ 2.99606, 43.32565 ], [ 3.00005, 43.32484 ], [ 3.01334, 43.31818 ], [ 3.01421, 43.31977 ], [ 3.01234, 43.32517 ], [ 3.00675, 43.32858 ], [ 3.0083, 43.32998 ], [ 3.01448, 43.32901 ], [ 3.01649, 43.33029 ], [ 3.01883, 43.32447 ], [ 3.02077, 43.32651 ], [ 3.02579, 43.32638 ], [ 3.03124, 43.32779 ], [ 3.02819, 43.33077 ], [ 3.02914, 43.33212 ], [ 3.03978, 43.33046 ], [ 3.04389, 43.33162 ], [ 3.05119, 43.3303 ], [ 3.06433, 43.3314 ], [ 3.0666, 43.33087 ], [ 3.0678, 43.3286 ], [ 3.07564, 43.32404 ], [ 3.0743, 43.31924 ], [ 3.07153, 43.31817 ], [ 3.06866, 43.31548 ], [ 3.07036, 43.31378 ], [ 3.0786, 43.3098 ], [ 3.07892, 43.30801 ], [ 3.07758, 43.30577 ], [ 3.08092, 43.30468 ], [ 3.084, 43.30571 ], [ 3.09143, 43.30438 ], [ 3.09342, 43.30545 ], [ 3.10962, 43.30556 ], [ 3.11549, 43.30371 ], [ 3.12177, 43.3043 ], [ 3.13043, 43.3088 ], [ 3.13468, 43.31214 ], [ 3.13661, 43.31539 ], [ 3.14008, 43.31546 ], [ 3.14352, 43.31419 ], [ 3.14731, 43.31521 ], [ 3.14953, 43.3166 ], [ 3.15047, 43.31951 ], [ 3.15318, 43.32017 ], [ 3.15622, 43.32286 ], [ 3.16263, 43.32178 ], [ 3.16535, 43.32322 ], [ 3.17091, 43.32433 ], [ 3.17079, 43.32707 ], [ 3.17715, 43.32819 ], [ 3.18808, 43.3267 ], [ 3.1924, 43.33048 ], [ 3.19762, 43.32996 ], [ 3.20089, 43.33104 ], [ 3.2047, 43.33062 ], [ 3.21452, 43.33545 ], [ 3.22728, 43.33213 ], [ 3.23391, 43.32854 ], [ 3.24299, 43.32732 ], [ 3.2481, 43.32352 ], [ 3.25818, 43.32352 ], [ 3.26717, 43.32229 ], [ 3.28865, 43.31551 ], [ 3.29344, 43.31532 ], [ 3.30396, 43.31706 ], [ 3.31095, 43.31565 ], [ 3.33016, 43.30417 ], [ 3.33474, 43.29676 ], [ 3.35164, 43.29102 ], [ 3.35702, 43.29064 ], [ 3.38789, 43.29501 ], [ 3.40586, 43.3013 ], [ 3.43373, 43.30332 ], [ 3.43641, 43.30507 ], [ 3.44123, 43.31574 ], [ 3.4727, 43.32047 ] ], [ [ 3.53847, 43.33976 ], [ 3.5307, 43.3183 ], [ 3.52858, 43.31617 ], [ 3.51387, 43.3139 ], [ 3.50006, 43.31565 ], [ 3.49825, 43.3131 ], [ 3.49671, 43.31292 ], [ 3.48856, 43.3163 ], [ 3.48227, 43.32283 ], [ 3.48017, 43.32676 ], [ 3.4762, 43.32554 ] ] ] } },
{ "type": "Feature", "properties": { "name": "la Rivièrette", "weight_class": 1, "permanent": false, "length_km": 5.0 }, "geometry": { "type": "LineString", "coordinates": [ [ 4.06274, 43.72868 ], [ 4.06598, 43.72967 ], [ 4.06993, 43.72514 ], [ 4.07385, 43.72393 ], [ 4.07622, 43.7217 ], [ 4.07733, 43.71779 ], [ 4.0885, 43.70617 ], [ 4.08736, 43.70238 ], [ 4.09257, 43.69695 ] ] } },
{ "type": "Feature", "properties": { "name": "Ruisseau des Roumanières", "weight_class": 1, "permanent": false, "length_km": 2.1 }, "geometry": { "type": "LineString", "coordinates": [ [ 4.03035, 43.79397 ], [ 4.03188, 43.79287 ], [ 4.0442, 43.78976 ], [ 4.04677, 43.78998 ], [ 4.05224, 43.7862 ] ] } },
{ "type": "Feature", "properties": { "name": "le Ribansol", "weight_class": 1, "permanent": false, "length_km": 5.3 }, "geometry": { "type": "LineString", "coordinates": [ [ 4.02163, 43.74819 ], [ 4.02398, 43.7504 ], [ 4.03145, 43.75196 ], [ 4.03512, 43.75412 ], [ 4.03902, 43.75847 ], [ 4.04173, 43.75917 ], [ 4.04379, 43.76243 ], [ 4.04282, 43.76385 ], [ 4.04534, 43.76558 ], [ 4.06005, 43.76601 ], [ 4.06513, 43.76359 ], [ 4.06907, 43.76458 ] ] } },
{ "type": "Feature", "properties": { "name": "Ruisseau de la Riène/Valat de la Rière", "weight_class": 1, "permanent": false, "length_km": 3.1 }, "geometry": { "type": "LineString", "coordinates": [ [ 4.04276, 43.73227 ], [ 4.04006, 43.73927 ], [ 4.03675, 43.74097 ], [ 4.03553, 43.7428 ], [ 4.03836, 43.75173 ], [ 4.03742, 43.75635 ] ] } },
{ "type": "Feature", "properties": { "name": "Ruisseau de Courchamp", "weight_class": 1, "permanent": false, "length_km": 4.7 }, "geometry": { "type": "LineString", "coordinates": [ [ 4.05572, 43.74349 ], [ 4.05764, 43.74251 ], [ 4.0618, 43.74325 ], [ 4.06865, 43.74123 ], [ 4.07035, 43.7418 ], [ 4.07224, 43.74032 ], [ 4.07353, 43.74069 ], [ 4.07549, 43.73944 ], [ 4.07874, 43.73914 ], [ 4.08412, 43.74115 ], [ 4.08583, 43.74061 ], [ 4.08711, 43.7418 ], [ 4.08935, 43.74198 ], [ 4.09169, 43.74502 ], [ 4.09217, 43.74761 ], [ 4.09791, 43.74786 ], [ 4.09946, 43.74947 ] ] } },
{ "type": "Feature", "properties": { "name": "l'Arrière/Ruisseau de l'Arrière", "weight_class": 1, "permanent": false, "length_km": 2.7 }, "geometry": { "type": "LineString", "coordinates": [ [ 4.04624, 43.7371 ], [ 4.04354, 43.73943 ], [ 4.04304, 43.74338 ], [ 4.04627, 43.74581 ], [ 4.0458, 43.75093 ], [ 4.04123, 43.75581 ], [ 4.03753, 43.75618 ] ] } },
{ "type": "Feature", "properties": { "name": "Ruisseau de la Vaque Folle", "weight_class": 1, "permanent": false, "length_km": 3.1 }, "geometry": { "type": "LineString", "coordinates": [ [ 4.05542, 43.72902 ], [ 4.0601, 43.72259 ], [ 4.06123, 43.71931 ], [ 4.06574, 43.71474 ], [ 4.06325, 43.71032 ], [ 4.05846, 43.70628 ] ] } },
{ "type": "Feature", "properties": { "name": "Ruisseau de la Laune", "weight_class": 1, "permanent": false, "length_km": 2.5 }, "geometry": { "type": "LineString", "coordinates": [ [ 4.1365, 43.6944 ], [ 4.13933, 43.69348 ], [ 4.14002, 43.69103 ], [ 4.14085, 43.69122 ], [ 4.14283, 43.68441 ], [ 4.14149, 43.67996 ], [ 4.13855, 43.67604 ] ] } },
{ "type": "Feature", "properties": { "name": "le Dardaillon", "weight_class": 1, "permanent": true, "length_km": 10.8 }, "geometry": { "type": "LineString", "coordinates": [ [ 4.09577, 43.72125 ], [ 4.09559, 43.71492 ], [ 4.09747, 43.70481 ], [ 4.09443, 43.69811 ], [ 4.09257, 43.69695 ], [ 4.093, 43.69465 ], [ 4.09675, 43.68937 ], [ 4.09636, 43.68643 ], [ 4.09991, 43.68275 ], [ 4.09845, 43.6795 ], [ 4.09996, 43.66832 ], [ 4.10494, 43.66344 ], [ 4.108, 43.66248 ], [ 4.11069, 43.6597 ], [ 4.11218, 43.65436 ], [ 4.11531, 43.65076 ], [ 4.11562, 43.64785 ], [ 4.12705, 43.64334 ], [ 4.13143, 43.64403 ], [ 4.13352, 43.64266 ] ] } },
{ "type": "Feature", "properties": { "name": "Ruisseau du Mas de Lauriol", "weight_class": 1, "permanent": false, "length_km": 3.8 }, "geometry": { "type": "LineString", "coordinates": [ [ 4.03515, 43.72375 ], [ 4.04164, 43.72046 ], [ 4.04812, 43.70683 ], [ 4.04918, 43.70728 ], [ 4.0518, 43.70624 ], [ 4.05939, 43.70052 ], [ 4.0623, 43.69968 ] ] } },
{ "type": "Feature", "properties": { "name": "le Dardaillon-Ouest/le Dardaillon Ouest", "weight_class": 1, "permanent": true, "length_km": 11.2 }, "geometry": { "type": "LineString", "coordinates": [ [ 4.04308, 43.72905 ], [ 4.04666, 43.72687 ], [ 4.04866, 43.7238 ], [ 4.05078, 43.72335 ], [ 4.05395, 43.71847 ], [ 4.05408, 43.71663 ], [ 4.05108, 43.71563 ], [ 4.05194, 43.71226 ], [ 4.05408, 43.7095 ], [ 4.05811, 43.70731 ], [ 4.06, 43.70224 ], [ 4.06322, 43.69826 ], [ 4.06632, 43.69736 ], [ 4.06939, 43.69479 ], [ 4.07143, 43.68901 ], [ 4.07452, 43.6869 ], [ 4.07717, 43.68218 ], [ 4.0811, 43.68021 ], [ 4.08578, 43.67373 ], [ 4.08871, 43.67239 ], [ 4.09024, 43.66742 ], [ 4.09892, 43.66108 ], [ 4.10286, 43.65973 ], [ 4.10528, 43.6571 ], [ 4.11263, 43.65385 ] ] } },
{ "type": "Feature", "properties": { "name": "Canal de Lansargues", "weight_class": 1, "permanent": false, "length_km": 14.6 }, "geometry": { "type": "LineString", "coordinates": [ [ 4.02986, 43.7166 ], [ 4.03403, 43.71316 ], [ 4.04229, 43.70274 ], [ 4.03864, 43.68641 ], [ 4.0427, 43.68369 ], [ 4.05449, 43.67046 ], [ 4.05953, 43.66824 ], [ 4.06244, 43.66507 ], [ 4.06821, 43.66287 ], [ 4.07114, 43.65637 ], [ 4.0697, 43.6526 ], [ 4.0702, 43.64794 ], [ 4.07439, 43.64075 ], [ 4.07748, 43.63234 ], [ 4.09126, 43.6256 ], [ 4.09366, 43.61711 ], [ 4.09249, 43.61138 ], [ 4.08824, 43.60825 ] ] } },
{ "type": "Feature", "properties": { "name": "Valat de Conque", "weight_class": 1, "permanent": false, "length_km": 4.3 }, "geometry": { "type": "LineString", "coordinates": [ [ 3.94705, 43.8159 ], [ 3.94877, 43.80995 ], [ 3.95322, 43.80539 ], [ 3.95312, 43.80331 ], [ 3.95487, 43.80276 ], [ 3.95438, 43.80057 ], [ 3.95554, 43.79992 ], [ 3.95408, 43.79972 ], [ 3.95332, 43.79788 ], [ 3.95673, 43.79554 ], [ 3.96211, 43.78843 ], [ 3.96623, 43.78633 ] ] } },
{ "type": "Feature", "properties": { "name": "Ruisseau du Canel", "weight_class": 2, "permanent": false, "length_km": 3.3 }, "geometry": { "type": "LineString", "coordinates": [ [ 4.01786, 43.78899 ], [ 4.02178, 43.7846 ], [ 4.02737, 43.78044 ], [ 4.03103, 43.78035 ], [ 4.03206, 43.77508 ], [ 4.03557, 43.77106 ], [ 4.03901, 43.77183 ], [ 4.04181, 43.77144 ] ] } },
{ "type": "Feature", "properties": { "name": "le Braou", "weight_class": 1, "permanent": false, "length_km": 7.0 }, "geometry": { "type": "LineString", "coordinates": [ [ 3.93937, 43.772 ], [ 3.94442, 43.76913 ], [ 3.95186, 43.76911 ], [ 3.95457, 43.76789 ], [ 3.96576, 43.76692 ], [ 3.96699, 43.76607 ], [ 3.97173, 43.7665 ], [ 3.97328, 43.76529 ], [ 3.98643, 43.76698 ], [ 3.98914, 43.76562 ], [ 3.99001, 43.76403 ], [ 3.99462, 43.76216 ], [ 3.99696, 43.76426 ], [ 4.006, 43.76551 ], [ 4.01136, 43.76835 ] ] } },
{ "type": "Feature", "properties": { "name": "Ruisseau du Gagarel", "weight_class": 1, "permanent": false, "length_km": 2.9 }, "geometry": { "type": "LineString", "coordinates": [ [ 3.90522, 43.87806 ], [ 3.90173, 43.86962 ], [ 3.9041, 43.86518 ], [ 3.907, 43.86357 ], [ 3.90598, 43.85804 ], [ 3.90709, 43.85709 ] ] } },
{ "type": "Feature", "properties": { "name": "Ruisseau des Leuzières", "weight_class": 1, "permanent": false, "length_km": 2.1 }, "geometry": { "type": "LineString", "coordinates": [ [ 3.90139, 43.87588 ], [ 3.90082, 43.87343 ], [ 3.89582, 43.87223 ], [ 3.89422, 43.86918 ], [ 3.89088, 43.86808 ], [ 3.88861, 43.8636 ] ] } },
{ "type": "Feature", "properties": { "name": "le Brestalou", "weight_class": 1, "permanent": true, "length_km": 9.2 }, "geometry": { "type": "MultiLineString", "coordinates": [ [ [ 3.89186, 43.85949 ], [ 3.89615, 43.85915 ], [ 3.89717, 43.85773 ], [ 3.90351, 43.85551 ], [ 3.91149, 43.85836 ], [ 3.91237, 43.85951 ], [ 3.91345, 43.85895 ], [ 3.91326, 43.85642 ], [ 3.92227, 43.8559 ], [ 3.92356, 43.85422 ], [ 3.93151, 43.85482 ], [ 3.93313, 43.85692 ] ], [ [ 3.9446, 43.8589 ], [ 3.94755, 43.85497 ], [ 3.94672, 43.85108 ], [ 3.94894, 43.8513 ], [ 3.94928, 43.84634 ], [ 3.95201, 43.84299 ], [ 3.95649, 43.84172 ], [ 3.95997, 43.84289 ], [ 3.96185, 43.84047 ], [ 3.9639, 43.84012 ], [ 3.96664, 43.84151 ], [ 3.96603, 43.83814 ], [ 3.96757, 43.83636 ], [ 3.96924, 43.83602 ], [ 3.97293, 43.83727 ] ] ] } },
{ "type": "Feature", "properties": { "name": "Ruisseau de la Font", "weight_class": 1, "permanent": false, "length_km": 2.1 }, "geometry": { "type": "LineString", "coordinates": [ [ 3.88223, 43.87368 ], [ 3.88077, 43.87215 ], [ 3.8802, 43.86827 ], [ 3.88825, 43.86402 ], [ 3.89186, 43.85949 ] ] } },
{ "type": "Feature", "properties": { "name": "Ruisseau de la Rouviérette", "weight_class": 1, "permanent": false, "length_km": 5.0 }, "geometry": { "type": "LineString", "coordinates": [ [ 3.87019, 43.85007 ], [ 3.87643, 43.85309 ], [ 3.88272, 43.85207 ], [ 3.88892, 43.85311 ], [ 3.89533, 43.84906 ], [ 3.90051, 43.85119 ], [ 3.90303, 43.85096 ], [ 3.9076, 43.85319 ], [ 3.90964, 43.85193 ], [ 3.91104, 43.85302 ], [ 3.91363, 43.85304 ], [ 3.91843, 43.85565 ] ] } },
{ "type": "Feature", "properties": { "name": "la Pascaye", "weight_class": 1, "permanent": false, "length_km": 2.7 }, "geometry": { "type": "LineString", "coordinates": [ [ 3.86503, 43.86017 ], [ 3.87051, 43.85841 ], [ 3.87369, 43.85938 ], [ 3.87664, 43.8591 ], [ 3.87717, 43.86022 ], [ 3.88161, 43.86016 ], [ 3.88517, 43.85805 ], [ 3.89186, 43.85949 ] ] } },
{ "type": "Feature", "properties": { "name": "Ruisseau des Demoiselles", "weight_class": 1, "permanent": false, "length_km": 2.1 }, "geometry": { "type": "LineString", "coordinates": [ [ 3.8653, 43.86428 ], [ 3.8702, 43.86545 ], [ 3.87878, 43.86335 ], [ 3.88885, 43.86308 ] ] } },
{ "type": "Feature", "properties": { "name": "Ruisseau du Pas Ferrié", "weight_class": 1, "permanent": false, "length_km": 3.5 }, "geometry": { "type": "LineString", "coordinates": [ [ 3.85199, 43.87001 ], [ 3.85482, 43.86753 ], [ 3.85953, 43.86868 ], [ 3.8666, 43.86789 ], [ 3.87367, 43.86831 ], [ 3.87633, 43.86623 ], [ 3.88715, 43.86425 ] ] } },
{ "type": "Feature", "properties": { "name": "Rieufrech", "weight_class": 1, "permanent": false, "length_km": 8.7 }, "geometry": { "type": "LineString", "coordinates": [ [ 3.86629, 43.81858 ], [ 3.86599, 43.81752 ], [ 3.87209, 43.81471 ], [ 3.87637, 43.81033 ], [ 3.87947, 43.81124 ], [ 3.88338, 43.80706 ], [ 3.88561, 43.80668 ], [ 3.88781, 43.80371 ], [ 3.89305, 43.80191 ], [ 3.89717, 43.80161 ], [ 3.89943, 43.80491 ], [ 3.90338, 43.80805 ], [ 3.90537, 43.81101 ], [ 3.90461, 43.81159 ], [ 3.90703, 43.81405 ], [ 3.90828, 43.81401 ], [ 3.91932, 43.82116 ], [ 3.92634, 43.82319 ], [ 3.92897, 43.8248 ], [ 3.93325, 43.82912 ], [ 3.9331, 43.83154 ] ] } },
{ "type": "Feature", "properties": { "name": "Ruisseau des Abéouradous", "weight_class": 1, "permanent": false, "length_km": 3.4 }, "geometry": { "type": "LineString", "coordinates": [ [ 3.95771, 43.81595 ], [ 3.95902, 43.81696 ], [ 3.96111, 43.81627 ], [ 3.96507, 43.8209 ], [ 3.96422, 43.82242 ], [ 3.96522, 43.82528 ], [ 3.96356, 43.82609 ], [ 3.96324, 43.82766 ], [ 3.9647, 43.82805 ], [ 3.96487, 43.82904 ], [ 3.96358, 43.83081 ], [ 3.96512, 43.83286 ], [ 3.96697, 43.83347 ], [ 3.96725, 43.83511 ], [ 3.96852, 43.83502 ], [ 3.96934, 43.83603 ] ] } },
{ "type": "Feature", "properties": { "name": "Ruisseau de Moulina", "weight_class": 2, "permanent": false, "length_km": 2.9 }, "geometry": { "type": "LineString", "coordinates": [ [ 3.94906, 43.82086 ], [ 3.95632, 43.82621 ], [ 3.95752, 43.82888 ], [ 3.95651, 43.83286 ], [ 3.95758, 43.83456 ], [ 3.96142, 43.83564 ], [ 3.96221, 43.83682 ], [ 3.96699, 43.83695 ] ] } },
{ "type": "Feature", "properties": { "name": "le Brestalou", "weight_class": 1, "permanent": false, "length_km": 9.3 }, "geometry": { "type": "LineString", "coordinates": [ [ 3.8725, 43.84731 ], [ 3.87556, 43.84464 ], [ 3.88265, 43.84252 ], [ 3.88264, 43.84009 ], [ 3.88647, 43.83531 ], [ 3.89503, 43.83351 ], [ 3.89591, 43.83188 ], [ 3.89797, 43.83132 ], [ 3.90093, 43.82877 ], [ 3.90649, 43.82884 ], [ 3.91435, 43.82696 ], [ 3.91656, 43.82794 ], [ 3.92332, 43.82853 ], [ 3.92364, 43.82983 ], [ 3.92752, 43.83006 ], [ 3.93019, 43.83232 ], [ 3.93373, 43.83155 ], [ 3.93951, 43.83515 ], [ 3.94122, 43.83464 ], [ 3.94477, 43.83658 ], [ 3.95248, 43.83797 ], [ 3.95649, 43.84172 ] ] } },
{ "type": "Feature", "properties": { "name": "Ruisseau de Rieutort", "weight_class": 1, "permanent": false, "length_km": 4.7 }, "geometry": { "type": "LineString", "coordinates": [ [ 3.8591, 43.83531 ], [ 3.86275, 43.83292 ], [ 3.8658, 43.83247 ], [ 3.86601, 43.8298 ], [ 3.87068, 43.8291 ], [ 3.87296, 43.82693 ], [ 3.87556, 43.827 ], [ 3.87785, 43.82553 ], [ 3.88497, 43.82509 ], [ 3.88922, 43.82754 ], [ 3.89051, 43.82645 ], [ 3.89174, 43.82707 ], [ 3.8939, 43.82614 ], [ 3.89796, 43.82911 ], [ 3.9006, 43.82919 ] ] } },
{ "type": "Feature", "properties": { "name": "le Terrieu", "weight_class": 1, "permanent": false, "length_km": 14.9 }, "geometry": { "type": "LineString", "coordinates": [ [ 3.86095, 43.82289 ], [ 3.86766, 43.80492 ], [ 3.86718, 43.80364 ], [ 3.86473, 43.80285 ], [ 3.86613, 43.80014 ], [ 3.86555, 43.79916 ], [ 3.86164, 43.79765 ], [ 3.85672, 43.79416 ], [ 3.85784, 43.79121 ], [ 3.86012, 43.79004 ], [ 3.86072, 43.78858 ], [ 3.85537, 43.78788 ], [ 3.85721, 43.78502 ], [ 3.85573, 43.7812 ], [ 3.85663, 43.78019 ], [ 3.85522, 43.77832 ], [ 3.85843, 43.77716 ], [ 3.85873, 43.77506 ], [ 3.86076, 43.77464 ], [ 3.86222, 43.77193 ], [ 3.86534, 43.77071 ], [ 3.86951, 43.77046 ], [ 3.86998, 43.76823 ], [ 3.87315, 43.76633 ], [ 3.87443, 43.76319 ], [ 3.86909, 43.75846 ], [ 3.86947, 43.75464 ], [ 3.86246, 43.7548 ], [ 3.86317, 43.75247 ], [ 3.86061, 43.75106 ], [ 3.86158, 43.74934 ], [ 3.85978, 43.74764 ], [ 3.86177, 43.74591 ], [ 3.85824, 43.74368 ], [ 3.86595, 43.73698 ], [ 3.86563, 43.73075 ], [ 3.86749, 43.72937 ] ] } },
{ "type": "Feature", "properties": { "name": "Ravin de Puits Bâtit", "weight_class": 1, "permanent": false, "length_km": 3.7 }, "geometry": { "type": "LineString", "coordinates": [ [ 3.85569, 43.82366 ], [ 3.84989, 43.82053 ], [ 3.8456, 43.82342 ], [ 3.84355, 43.82612 ], [ 3.84249, 43.82563 ], [ 3.83956, 43.82644 ], [ 3.83213, 43.82532 ], [ 3.82859, 43.82722 ], [ 3.82679, 43.82669 ], [ 3.81903, 43.82743 ] ] } },
{ "type": "Feature", "properties": { "name": "Ruisseau du Bois du Four", "weight_class": 1, "permanent": false, "length_km": 3.4 }, "geometry": { "type": "LineString", "coordinates": [ [ 4.00349, 43.78748 ], [ 4.0077, 43.78743 ], [ 4.00868, 43.78621 ], [ 4.01202, 43.78519 ], [ 4.01894, 43.7793 ], [ 4.02051, 43.77573 ], [ 4.02339, 43.7754 ], [ 4.02486, 43.77364 ], [ 4.02845, 43.77364 ], [ 4.02963, 43.77284 ], [ 4.03305, 43.774 ] ] } },
{ "type": "Feature", "properties": { "name": "Ruisseau du Roc/Ruisseau de la Conque", "weight_class": 1, "permanent": false, "length_km": 3.8 }, "geometry": { "type": "LineString", "coordinates": [ [ 4.02209, 43.80011 ], [ 4.02622, 43.79343 ], [ 4.0292, 43.79299 ], [ 4.03558, 43.78854 ], [ 4.0433, 43.78585 ], [ 4.05224, 43.7862 ], [ 4.05343, 43.78861 ], [ 4.05594, 43.7898 ] ] } },
{ "type": "Feature", "properties": { "name": "Valat le Grand", "weight_class": 1, "permanent": false, "length_km": 2.6 }, "geometry": { "type": "LineString", "coordinates": [ [ 4.0011, 43.81268 ], [ 4.01386, 43.80725 ], [ 4.0184, 43.80763 ], [ 4.02259, 43.80361 ], [ 4.02708, 43.80343 ] ] } },
{ "type": "Feature", "properties": { "name": "Ruisseau des Buis", "weight_class": 1, "permanent": false, "length_km": 3.2 }, "geometry": { "type": "LineString", "coordinates": [ [ 3.92046, 43.80986 ], [ 3.92279, 43.80704 ], [ 3.92075, 43.80431 ], [ 3.92056, 43.80093 ], [ 3.9267, 43.79796 ], [ 3.92741, 43.79589 ], [ 3.92627, 43.79522 ], [ 3.92596, 43.79236 ], [ 3.92694, 43.7907 ], [ 3.9309, 43.78845 ] ] } },
{ "type": "Feature", "properties": { "name": "la Bénovie", "weight_class": 1, "permanent": false, "length_km": 23.5 }, "geometry": { "type": "LineString", "coordinates": [ [ 3.90646, 43.76121 ], [ 3.90772, 43.76271 ], [ 3.90695, 43.76884 ], [ 3.90787, 43.76943 ], [ 3.90787, 43.77402 ], [ 3.90929, 43.77486 ], [ 3.90885, 43.77729 ], [ 3.91467, 43.78033 ], [ 3.91245, 43.78331 ], [ 3.90993, 43.7845 ], [ 3.90935, 43.78675 ], [ 3.91949, 43.78953 ], [ 3.92497, 43.78742 ], [ 3.9309, 43.78845 ], [ 3.93232, 43.78583 ], [ 3.93118, 43.78333 ], [ 3.93539, 43.78377 ], [ 3.93653, 43.78516 ], [ 3.9416, 43.78512 ], [ 3.94834, 43.78674 ], [ 3.95248, 43.78343 ], [ 3.95729, 43.7846 ], [ 3.96606, 43.78373 ], [ 3.96653, 43.78633 ], [ 3.96995, 43.78521 ], [ 3.9754, 43.78534 ], [ 3.98488, 43.781 ], [ 3.98984, 43.78208 ], [ 3.99848, 43.77876 ], [ 4.00561, 43.77178 ], [ 4.0087, 43.77077 ], [ 4.01379, 43.76663 ], [ 4.01848, 43.76551 ], [ 4.0183, 43.76374 ], [ 4.02347, 43.76567 ], [ 4.02869, 43.7693 ], [ 4.03394, 43.77066 ], [ 4.03592, 43.7693 ], [ 4.03664, 43.77023 ], [ 4.04118, 43.77081 ], [ 4.04687, 43.77479 ], [ 4.05127, 43.77629 ], [ 4.05226, 43.7758 ], [ 4.05145, 43.77422 ], [ 4.05406, 43.77212 ], [ 4.05931, 43.77344 ], [ 4.06111, 43.77233 ], [ 4.06329, 43.77229 ], [ 4.06532, 43.76929 ], [ 4.06505, 43.76719 ], [ 4.06775, 43.76464 ], [ 4.07363, 43.76526 ], [ 4.0757, 43.76304 ], [ 4.08242, 43.76141 ], [ 4.08677, 43.76251 ], [ 4.08798, 43.75999 ], [ 4.09147, 43.76041 ] ] } },
{ "type": "Feature", "properties": { "name": "Ruisseau de la Fontaine de Jeantou", "weight_class": 1, "permanent": false, "length_km": 3.4 }, "geometry": { "type": "LineString", "coordinates": [ [ 3.87506, 43.79575 ], [ 3.87502, 43.79126 ], [ 3.8729, 43.78893 ], [ 3.87361, 43.78651 ], [ 3.87095, 43.78393 ], [ 3.87041, 43.77932 ], [ 3.86707, 43.77862 ], [ 3.86368, 43.77555 ], [ 3.86453, 43.77332 ], [ 3.86813, 43.7709 ] ] } },
{ "type": "Feature", "properties": { "name": "Ravin des Vignes de Labau", "weight_class": 1, "permanent": false, "length_km": 2.1 }, "geometry": { "type": "LineString", "coordinates": [ [ 3.84758, 43.80867 ], [ 3.84906, 43.80597 ], [ 3.85259, 43.8044 ], [ 3.85541, 43.80121 ], [ 3.85808, 43.79533 ] ] } },
{ "type": "Feature", "properties": { "name": "le Terrieu", "weight_class": 1, "permanent": false, "length_km": 4.4 }, "geometry": { "type": "LineString", "coordinates": [ [ 3.81216, 43.78965 ], [ 3.81438, 43.78799 ], [ 3.81734, 43.78866 ], [ 3.8215, 43.78812 ], [ 3.82569, 43.78719 ], [ 3.82765, 43.78586 ], [ 3.83273, 43.78614 ], [ 3.834, 43.78522 ], [ 3.85123, 43.7894 ], [ 3.85439, 43.78919 ], [ 3.85555, 43.78822 ] ] } },
{ "type": "Feature", "properties": { "name": "le Budel", "weight_class": 1, "permanent": true, "length_km": 4.4 }, "geometry": { "type": "LineString", "coordinates": [ [ 3.97606, 43.7558 ], [ 3.97896, 43.75731 ], [ 3.98064, 43.76021 ], [ 3.98348, 43.76037 ], [ 3.99295, 43.7584 ], [ 3.99585, 43.75684 ], [ 4.00537, 43.75615 ], [ 4.01275, 43.75937 ], [ 4.01429, 43.76195 ], [ 4.01804, 43.76388 ] ] } },
{ "type": "Feature", "properties": { "name": "Ruisseau de la Lequette", "weight_class": 1, "permanent": false, "length_km": 3.8 }, "geometry": { "type": "LineString", "coordinates": [ [ 3.93871, 43.76215 ], [ 3.94437, 43.76025 ], [ 3.94694, 43.76082 ], [ 3.94896, 43.76024 ], [ 3.95378, 43.75666 ], [ 3.9574, 43.75593 ], [ 3.96187, 43.75714 ], [ 3.96994, 43.76176 ], [ 3.97278, 43.76181 ], [ 3.97406, 43.76525 ] ] } },
{ "type": "Feature", "properties": { "name": "Valat du Riou", "weight_class": 1, "permanent": false, "length_km": 2.4 }, "geometry": { "type": "LineString", "coordinates": [ [ 3.93459, 43.76393 ], [ 3.94276, 43.76558 ], [ 3.94937, 43.76222 ], [ 3.95064, 43.76256 ], [ 3.95472, 43.76122 ], [ 3.96039, 43.76259 ] ] } },
{ "type": "Feature", "properties": { "name": "Ruisseau de Cécélés", "weight_class": 1, "permanent": false, "length_km": 6.8 }, "geometry": { "type": "LineString", "coordinates": [ [ 3.92151, 43.76103 ], [ 3.92477, 43.75842 ], [ 3.92576, 43.75634 ], [ 3.92501, 43.75392 ], [ 3.92172, 43.75362 ], [ 3.9164, 43.75122 ], [ 3.91417, 43.75226 ], [ 3.90702, 43.75225 ], [ 3.90414, 43.75106 ], [ 3.90157, 43.75161 ], [ 3.90075, 43.74923 ], [ 3.89667, 43.74673 ], [ 3.89129, 43.75082 ], [ 3.88815, 43.75723 ], [ 3.88167, 43.7612 ], [ 3.88158, 43.76216 ], [ 3.87741, 43.76376 ], [ 3.87442, 43.76326 ] ] } },
{ "type": "Feature", "properties": { "name": "Ruisseau du Crouzet", "weight_class": 1, "permanent": false, "length_km": 2.9 }, "geometry": { "type": "LineString", "coordinates": [ [ 3.92813, 43.76337 ], [ 3.93423, 43.76795 ], [ 3.9354, 43.77036 ], [ 3.93473, 43.77583 ], [ 3.93584, 43.77937 ], [ 3.93319, 43.78353 ] ] } },
{ "type": "Feature", "properties": { "name": "Ruisseau des Plaines/Ruisseau de Valinière", "weight_class": 1, "permanent": false, "length_km": 2.6 }, "geometry": { "type": "LineString", "coordinates": [ [ 3.98197, 43.74418 ], [ 3.98749, 43.7489 ], [ 3.99135, 43.74772 ], [ 3.99383, 43.74894 ], [ 3.9961, 43.75187 ], [ 3.99586, 43.75305 ], [ 3.99904, 43.75354 ], [ 4.00019, 43.75675 ] ] } },
{ "type": "Feature", "properties": { "name": "Ruisseau de Courbessac", "weight_class": 1, "permanent": true, "length_km": 2.8 }, "geometry": { "type": "LineString", "coordinates": [ [ 3.96569, 43.73273 ], [ 3.97511, 43.73165 ], [ 3.97897, 43.72951 ], [ 3.9839, 43.73162 ], [ 3.99703, 43.72926 ] ] } },
{ "type": "Feature", "properties": { "name": "Ruisseau de Vallongue", "weight_class": 1, "permanent": false, "length_km": 3.1 }, "geometry": { "type": "LineString", "coordinates": [ [ 3.94837, 43.73517 ], [ 3.95334, 43.73736 ], [ 3.96361, 43.73867 ], [ 3.98335, 43.73576 ] ] } },
{ "type": "Feature", "properties": { "name": "le Bérange", "weight_class": 1, "permanent": true, "length_km": 18.0 }, "geometry": { "type": "LineString", "coordinates": [ [ 3.98335, 43.73576 ], [ 3.98415, 43.73489 ], [ 3.98996, 43.73402 ], [ 4.00124, 43.72654 ], [ 4.00219, 43.72029 ], [ 4.00747, 43.71754 ], [ 4.0097, 43.71429 ], [ 4.01248, 43.71352 ], [ 4.01198, 43.71199 ], [ 4.01355, 43.70793 ], [ 4.01079, 43.6996 ], [ 4.01309, 43.69342 ], [ 4.01256, 43.68607 ], [ 4.01962, 43.67968 ], [ 4.02347, 43.67011 ], [ 4.03038, 43.66016 ], [ 4.03576, 43.65458 ], [ 4.0441, 43.64945 ], [ 4.05002, 43.64206 ], [ 4.05409, 43.64032 ], [ 4.05776, 43.6404 ], [ 4.06063, 43.63883 ], [ 4.06642, 43.6328 ], [ 4.07233, 43.62989 ], [ 4.0808, 43.62308 ], [ 4.08234, 43.61902 ], [ 4.0825, 43.60975 ] ] } },
{ "type": "Feature", "properties": { "name": "la Cadoule", "weight_class": 2, "permanent": true, "length_km": 22.9 }, "geometry": { "type": "LineString", "coordinates": [ [ 3.92562, 43.74736 ], [ 3.93037, 43.74623 ], [ 3.93531, 43.73934 ], [ 3.93757, 43.73813 ], [ 3.93336, 43.73501 ], [ 3.93302, 43.73372 ], [ 3.93827, 43.73089 ], [ 3.93974, 43.72671 ], [ 3.93507, 43.71894 ], [ 3.93434, 43.71412 ], [ 3.93511, 43.71025 ], [ 3.94077, 43.70774 ], [ 3.9487, 43.70102 ], [ 3.94952, 43.69901 ], [ 3.95794, 43.69671 ], [ 3.95949, 43.69422 ], [ 3.96533, 43.69041 ], [ 3.96443, 43.68674 ], [ 3.9695, 43.68586 ], [ 3.97052, 43.68027 ], [ 3.9731, 43.67984 ], [ 3.97536, 43.67816 ], [ 3.97764, 43.67449 ], [ 3.98238, 43.67018 ], [ 3.98161, 43.66753 ], [ 3.98502, 43.66349 ], [ 3.98571, 43.66139 ], [ 3.9848, 43.65841 ], [ 3.98775, 43.65219 ], [ 3.99382, 43.6494 ], [ 3.99621, 43.64984 ], [ 4.00189, 43.6481 ], [ 4.0102, 43.64007 ], [ 4.02438, 43.63505 ], [ 4.02662, 43.63284 ], [ 4.02981, 43.62416 ], [ 4.04004, 43.61807 ], [ 4.059, 43.59866 ] ] } },
{ "type": "Feature", "properties": { "name": "le Salaison", "weight_class": 1, "permanent": true, "length_km": 25.2 }, "geometry": { "type": "LineString", "coordinates": [ [ 3.9279, 43.7438 ], [ 3.91527, 43.74437 ], [ 3.9124, 43.74247 ], [ 3.90997, 43.74238 ], [ 3.90948, 43.74105 ], [ 3.9111, 43.73946 ], [ 3.9116, 43.73638 ], [ 3.91341, 43.73564 ], [ 3.91253, 43.73484 ], [ 3.91393, 43.7274 ], [ 3.91286, 43.7239 ], [ 3.90895, 43.72005 ], [ 3.90649, 43.71395 ], [ 3.91407, 43.70884 ], [ 3.91466, 43.70447 ], [ 3.91369, 43.7031 ], [ 3.91503, 43.7002 ], [ 3.91412, 43.6972 ], [ 3.91086, 43.69371 ], [ 3.91126, 43.68734 ], [ 3.91706, 43.68723 ], [ 3.9192, 43.68375 ], [ 3.92455, 43.67888 ], [ 3.92398, 43.675 ], [ 3.92882, 43.66999 ], [ 3.92635, 43.66581 ], [ 3.92865, 43.66313 ], [ 3.92914, 43.66047 ], [ 3.93941, 43.65276 ], [ 3.94454, 43.65338 ], [ 3.94698, 43.65251 ], [ 3.94678, 43.64812 ], [ 3.95119, 43.64085 ], [ 3.95656, 43.63488 ], [ 3.96073, 43.62415 ], [ 3.96491, 43.62282 ], [ 3.97105, 43.61918 ], [ 3.97344, 43.61898 ], [ 3.98078, 43.61457 ], [ 3.98924, 43.61339 ], [ 3.9962, 43.6092 ], [ 4.00113, 43.60894 ], [ 4.00521, 43.60745 ], [ 4.00743, 43.6059 ], [ 4.01167, 43.59974 ], [ 4.01783, 43.59573 ], [ 4.01977, 43.5853 ] ] } },
{ "type": "Feature", "properties": { "name": "le Lirou", "weight_class": 1, "permanent": false, "length_km": 10.7 }, "geometry": { "type": "LineString", "coordinates": [ [ 3.80553, 43.73311 ], [ 3.80656, 43.73228 ], [ 3.80814, 43.7327 ], [ 3.8096, 43.72966 ], [ 3.8149, 43.73093 ], [ 3.81874, 43.72957 ], [ 3.82202, 43.72999 ], [ 3.82821, 43.72897 ], [ 3.83385, 43.72952 ], [ 3.8375, 43.72908 ], [ 3.84225, 43.72694 ], [ 3.844, 43.727 ], [ 3.85092, 43.73259 ], [ 3.85266, 43.73208 ], [ 3.85423, 43.73414 ], [ 3.85591, 43.73439 ], [ 3.85858, 43.73382 ], [ 3.85898, 43.73146 ], [ 3.86122, 43.72919 ], [ 3.86749, 43.72937 ], [ 3.86694, 43.72367 ], [ 3.86812, 43.72234 ], [ 3.86291, 43.71795 ], [ 3.86494, 43.7153 ], [ 3.86479, 43.70918 ], [ 3.86693, 43.70439 ], [ 3.86329, 43.70292 ], [ 3.85909, 43.70302 ], [ 3.85759, 43.70183 ] ] } },
{ "type": "Feature", "properties": { "name": "la Garonne", "weight_class": 1, "permanent": true, "length_km": 4.6 }, "geometry": { "type": "LineString", "coordinates": [ [ 3.97099, 43.70553 ], [ 3.97513, 43.70471 ], [ 3.9793, 43.70143 ], [ 3.98496, 43.69961 ], [ 3.99231, 43.70034 ], [ 3.99885, 43.69931 ], [ 4.00118, 43.69704 ], [ 4.00252, 43.69351 ], [ 4.00639, 43.69108 ], [ 4.00731, 43.6884 ], [ 4.01256, 43.68607 ] ] } },
{ "type": "Feature", "properties": { "name": "le Valentibus", "weight_class": 1, "permanent": false, "length_km": 6.2 }, "geometry": { "type": "LineString", "coordinates": [ [ 3.95664, 43.7167 ], [ 3.95999, 43.71749 ], [ 3.96507, 43.71607 ], [ 3.97596, 43.7174 ], [ 3.97973, 43.71654 ], [ 3.98473, 43.71297 ], [ 3.99233, 43.71396 ], [ 3.99833, 43.70756 ], [ 4.00086, 43.70638 ], [ 4.00738, 43.69731 ], [ 4.01231, 43.69459 ] ] } },
{ "type": "Feature", "properties": { "name": "Rieu Coullon", "weight_class": 1, "permanent": false, "length_km": 3.5 }, "geometry": { "type": "LineString", "coordinates": [ [ 3.89232, 43.71169 ], [ 3.89359, 43.71527 ], [ 3.88996, 43.71935 ], [ 3.88151, 43.72119 ], [ 3.87828, 43.72268 ], [ 3.878, 43.72382 ], [ 3.87531, 43.72399 ], [ 3.8728, 43.72679 ], [ 3.8701, 43.72713 ], [ 3.86749, 43.72532 ] ] } },
{ "type": "Feature", "properties": { "name": "Ruisseau de Cassagnoles", "weight_class": 1, "permanent": false, "length_km": 6.6 }, "geometry": { "type": "LineString", "coordinates": [ [ 3.88086, 43.70565 ], [ 3.87889, 43.70201 ], [ 3.88334, 43.69813 ], [ 3.88417, 43.69429 ], [ 3.88986, 43.69074 ], [ 3.89242, 43.68633 ], [ 3.89585, 43.68579 ], [ 3.90061, 43.68223 ], [ 3.90339, 43.68146 ], [ 3.90391, 43.67994 ], [ 3.90673, 43.67892 ], [ 3.90826, 43.67595 ], [ 3.9121, 43.6738 ], [ 3.91483, 43.6738 ], [ 3.91748, 43.67166 ], [ 3.92487, 43.67125 ], [ 3.92799, 43.66827 ] ] } },
{ "type": "Feature", "properties": { "name": "Ruisseau des Pendances/Ruisseau de Nouau", "weight_class": 1, "permanent": false, "length_km": 2.2 }, "geometry": { "type": "LineString", "coordinates": [ [ 3.87929, 43.69562 ], [ 3.87383, 43.69367 ], [ 3.87267, 43.69074 ], [ 3.86904, 43.68683 ], [ 3.86151, 43.68561 ] ] } },
{ "type": "Feature", "properties": { "name": "la Bénouide", "weight_class": 1, "permanent": false, "length_km": 5.9 }, "geometry": { "type": "LineString", "coordinates": [ [ 4.05094, 43.66961 ], [ 4.05203, 43.66816 ], [ 4.04979, 43.66655 ], [ 4.05917, 43.65859 ], [ 4.05746, 43.65112 ], [ 4.06163, 43.6468 ], [ 4.06748, 43.64292 ], [ 4.06921, 43.63966 ], [ 4.06869, 43.63706 ], [ 4.07194, 43.63229 ], [ 4.07705, 43.62944 ], [ 4.07939, 43.6308 ] ] } },
{ "type": "Feature", "properties": { "name": "Ruisseau de l'Aigue Vive", "weight_class": 1, "permanent": true, "length_km": 6.5 }, "geometry": { "type": "LineString", "coordinates": [ [ 4.01549, 43.65355 ], [ 4.01846, 43.65441 ], [ 4.01953, 43.65336 ], [ 4.02274, 43.65279 ], [ 4.028, 43.64658 ], [ 4.03353, 43.6428 ], [ 4.03737, 43.63841 ], [ 4.0385, 43.63541 ], [ 4.04683, 43.62522 ], [ 4.04817, 43.62245 ], [ 4.04696, 43.62064 ], [ 4.0492, 43.61898 ], [ 4.0518, 43.61471 ], [ 4.051, 43.61104 ], [ 4.04862, 43.60865 ] ] } },
{ "type": "Feature", "properties": { "name": "Ruisseau de la Mourre", "weight_class": 1, "permanent": false, "length_km": 4.3 }, "geometry": { "type": "LineString", "coordinates": [ [ 3.96643, 43.60888 ], [ 3.97448, 43.59837 ], [ 3.98063, 43.59238 ], [ 3.98234, 43.59216 ], [ 3.98725, 43.58713 ], [ 3.98883, 43.58808 ], [ 3.99188, 43.58464 ], [ 3.98843, 43.58037 ] ] } },
{ "type": "Feature", "properties": { "name": "Ruisseau du Nègue-Cats", "weight_class": 1, "permanent": true, "length_km": 5.6 }, "geometry": { "type": "LineString", "coordinates": [ [ 3.92358, 43.59811 ], [ 3.9287, 43.59377 ], [ 3.93335, 43.58614 ], [ 3.94037, 43.58298 ], [ 3.94612, 43.57612 ], [ 3.94868, 43.57697 ], [ 3.96214, 43.56913 ], [ 3.96225, 43.56629 ], [ 3.96602, 43.56308 ] ] } },
{ "type": "Feature", "properties": { "name": "Canal de Lunel", "weight_class": 3, "permanent": true, "length_km": 10.4 }, "geometry": { "type": "LineString", "coordinates": [ [ 4.12777, 43.66779 ], [ 4.12889, 43.66471 ], [ 4.12846, 43.6545 ], [ 4.12917, 43.6536 ], [ 4.13285, 43.65274 ], [ 4.13486, 43.65008 ], [ 4.13345, 43.64214 ], [ 4.13415, 43.63767 ], [ 4.1255, 43.62557 ], [ 4.12194, 43.62391 ], [ 4.11929, 43.62382 ], [ 4.11077, 43.61558 ], [ 4.11104, 43.61353 ], [ 4.10522, 43.60497 ], [ 4.10355, 43.58539 ] ] } },
{ "type": "Feature", "properties": { "name": "Ruisseau Vudier", "weight_class": 1, "permanent": false, "length_km": 2.6 }, "geometry": { "type": "LineString", "coordinates": [ [ 4.15403, 43.68149 ], [ 4.15258, 43.68059 ], [ 4.15187, 43.67678 ], [ 4.14864, 43.67314 ], [ 4.14128, 43.6671 ], [ 4.13863, 43.66673 ], [ 4.13612, 43.66447 ] ] } },
{ "type": "Feature", "properties": { "name": "Ruisseau des Cabanettes", "weight_class": 2, "permanent": false, "length_km": 2.3 }, "geometry": { "type": "LineString", "coordinates": [ [ 4.11581, 43.67086 ], [ 4.11811, 43.66945 ], [ 4.12569, 43.65999 ], [ 4.12846, 43.6545 ] ] } },
{ "type": "Feature", "properties": { "name": "le Berbian", "weight_class": 2, "permanent": true, "length_km": 6.3 }, "geometry": { "type": "LineString", "coordinates": [ [ 4.06426, 43.67099 ], [ 4.08357, 43.65818 ], [ 4.08655, 43.65423 ], [ 4.08799, 43.64829 ], [ 4.09159, 43.64545 ], [ 4.09178, 43.63887 ], [ 4.09402, 43.63543 ], [ 4.09232, 43.63219 ], [ 4.09362, 43.62682 ], [ 4.09126, 43.6256 ] ] } },
{ "type": "Feature", "properties": { "name": "Ruisseau des Courrens", "weight_class": 1, "permanent": false, "length_km": 3.9 }, "geometry": { "type": "LineString", "coordinates": [ [ 4.05491, 43.68544 ], [ 4.06609, 43.68231 ], [ 4.06823, 43.68065 ], [ 4.06829, 43.67736 ], [ 4.07134, 43.67459 ], [ 4.0764, 43.67452 ], [ 4.07877, 43.66891 ], [ 4.07803, 43.66204 ] ] } },
{ "type": "Feature", "properties": { "name": "Ruisseau du Chemin de la Prairie", "weight_class": 1, "permanent": false, "length_km": 2.1 }, "geometry": { "type": "LineString", "coordinates": [ [ 3.99494, 43.68319 ], [ 3.99921, 43.68196 ], [ 4.00387, 43.68437 ], [ 4.01005, 43.68107 ], [ 4.0172, 43.68218 ] ] } },
{ "type": "Feature", "properties": { "name": "la Maire/Ruisseau de Rouanis", "weight_class": 1, "permanent": false, "length_km": 3.0 }, "geometry": { "type": "LineString", "coordinates": [ [ 3.94834, 43.69114 ], [ 3.949, 43.68896 ], [ 3.95722, 43.68114 ], [ 3.95948, 43.68014 ], [ 3.96412, 43.68117 ], [ 3.97001, 43.67769 ], [ 3.97402, 43.67878 ] ] } },
{ "type": "Feature", "properties": { "name": "la Transide", "weight_class": 1, "permanent": false, "length_km": 2.8 }, "geometry": { "type": "LineString", "coordinates": [ [ 3.93601, 43.68246 ], [ 3.94226, 43.67525 ], [ 3.94305, 43.67259 ], [ 3.93894, 43.66894 ], [ 3.93147, 43.66917 ], [ 3.928, 43.66735 ] ] } },
{ "type": "Feature", "properties": { "name": "Ruisseau de la Mayre", "weight_class": 1, "permanent": false, "length_km": 3.3 }, "geometry": { "type": "LineString", "coordinates": [ [ 3.89248, 43.66916 ], [ 3.91037, 43.66578 ], [ 3.91489, 43.66604 ], [ 3.91757, 43.66442 ], [ 3.92593, 43.66253 ], [ 3.92899, 43.6607 ] ] } },
{ "type": "Feature", "properties": { "name": "Ruisseau de la Pissieirasse", "weight_class": 2, "permanent": false, "length_km": 2.4 }, "geometry": { "type": "LineString", "coordinates": [ [ 3.8789, 43.6701 ], [ 3.87265, 43.66503 ], [ 3.87282, 43.66109 ], [ 3.8709, 43.65918 ], [ 3.87229, 43.65767 ], [ 3.8716, 43.65565 ], [ 3.86744, 43.65449 ] ] } },
{ "type": "Feature", "properties": { "name": "Ruisseau de la Capouillère", "weight_class": 1, "permanent": false, "length_km": 4.3 }, "geometry": { "type": "LineString", "coordinates": [ [ 4.16509, 43.6635 ], [ 4.16542, 43.66141 ], [ 4.16249, 43.65805 ], [ 4.16421, 43.65432 ], [ 4.16211, 43.65204 ], [ 4.15521, 43.64923 ], [ 4.15622, 43.64716 ], [ 4.15556, 43.64066 ], [ 4.15475, 43.63986 ], [ 4.14271, 43.63741 ] ] } },
{ "type": "Feature", "properties": { "name": "Ruisseau de la Balaurie", "weight_class": 1, "permanent": false, "length_km": 6.4 }, "geometry": { "type": "LineString", "coordinates": [ [ 3.96957, 43.65382 ], [ 3.97441, 43.65132 ], [ 3.97593, 43.65172 ], [ 3.98018, 43.6461 ], [ 3.97944, 43.64417 ], [ 3.98214, 43.63882 ], [ 3.98218, 43.62924 ], [ 3.98503, 43.62347 ], [ 3.99135, 43.61645 ], [ 3.99781, 43.61297 ], [ 4.00314, 43.60842 ] ] } },
{ "type": "Feature", "properties": { "name": "Ruisseau de Courtarelles", "weight_class": 1, "permanent": false, "length_km": 2.2 }, "geometry": { "type": "LineString", "coordinates": [ [ 3.91436, 43.6509 ], [ 3.90297, 43.64517 ], [ 3.89548, 43.64408 ], [ 3.89271, 43.6414 ] ] } },
{ "type": "Feature", "properties": { "name": "Ruisseau de l'Arrière", "weight_class": 1, "permanent": false, "length_km": 4.0 }, "geometry": { "type": "LineString", "coordinates": [ [ 4.04979, 43.63523 ], [ 4.05432, 43.62878 ], [ 4.05591, 43.62413 ], [ 4.05491, 43.62315 ], [ 4.05561, 43.62037 ], [ 4.05345, 43.61799 ], [ 4.05508, 43.61442 ], [ 4.05301, 43.61209 ], [ 4.05317, 43.60845 ], [ 4.05458, 43.60687 ], [ 4.05785, 43.60799 ], [ 4.05913, 43.60745 ] ] } },
{ "type": "Feature", "properties": { "name": "Ruisseau de la Capoulière", "weight_class": 1, "permanent": false, "length_km": 2.4 }, "geometry": { "type": "LineString", "coordinates": [ [ 4.01246, 43.61397 ], [ 4.01563, 43.61164 ], [ 4.01651, 43.60893 ], [ 4.02233, 43.60543 ], [ 4.02729, 43.59664 ] ] } },
{ "type": "Feature", "properties": { "name": "Ruisseau de la Jasse", "weight_class": 2, "permanent": true, "length_km": 6.3 }, "geometry": { "type": "LineString", "coordinates": [ [ 3.93926, 43.61769 ], [ 3.95205, 43.61543 ], [ 3.95656, 43.61336 ], [ 3.95823, 43.60945 ], [ 3.96049, 43.60842 ], [ 3.96107, 43.6059 ], [ 3.9708, 43.59658 ], [ 3.97245, 43.5919 ], [ 3.97789, 43.5877 ], [ 3.98407, 43.57993 ], [ 3.98637, 43.57857 ] ] } },
{ "type": "Feature", "properties": { "name": "la Lironde", "weight_class": 1, "permanent": true, "length_km": 6.8 }, "geometry": { "type": "LineString", "coordinates": [ [ 3.91149, 43.60845 ], [ 3.90872, 43.60871 ], [ 3.90677, 43.60712 ], [ 3.90505, 43.60051 ], [ 3.90972, 43.59527 ], [ 3.91231, 43.59051 ], [ 3.91783, 43.5876 ], [ 3.91836, 43.58447 ], [ 3.91718, 43.57951 ], [ 3.92081, 43.57194 ], [ 3.9199, 43.56301 ], [ 3.92586, 43.55658 ] ] } },
{ "type": "Feature", "properties": { "name": "le Verdanson", "weight_class": 1, "permanent": true, "length_km": 7.3 }, "geometry": { "type": "LineString", "coordinates": [ [ 3.83465, 43.64916 ], [ 3.83561, 43.64204 ], [ 3.84386, 43.63726 ], [ 3.85319, 43.62716 ], [ 3.85567, 43.62271 ], [ 3.85928, 43.62084 ], [ 3.86518, 43.62113 ], [ 3.87013, 43.61776 ], [ 3.8773, 43.61533 ], [ 3.88931, 43.61355 ], [ 3.89263, 43.61489 ], [ 3.89486, 43.61371 ] ] } },
{ "type": "Feature", "properties": { "name": "Canal d'Irrigation du Bas Rhône-Languedoc ou Canal Philippe Lamour", "weight_class": 3, "permanent": true, "length_km": 22.3 }, "geometry": { "type": "LineString", "coordinates": [ [ 4.1613, 43.70773 ], [ 4.15802, 43.70452 ], [ 4.15666, 43.70087 ], [ 4.1526, 43.69818 ], [ 4.14383, 43.69544 ], [ 4.13693, 43.69569 ], [ 4.12916, 43.69384 ], [ 4.10642, 43.68352 ], [ 4.10015, 43.68402 ], [ 4.09142, 43.68135 ], [ 4.07815, 43.67887 ], [ 4.06167, 43.66144 ], [ 4.05314, 43.65688 ], [ 4.04172, 43.65372 ], [ 4.0331, 43.64978 ], [ 4.02429, 43.63823 ], [ 4.01298, 43.62982 ], [ 4.00582, 43.62563 ], [ 3.99213, 43.62239 ], [ 3.98093, 43.61692 ], [ 3.96698, 43.60579 ], [ 3.96064, 43.6031 ], [ 3.95213, 43.59717 ], [ 3.94802, 43.59611 ] ] } },
{ "type": "Feature", "properties": { "name": "Ruisseau de Gramenet", "weight_class": 1, "permanent": false, "length_km": 4.6 }, "geometry": { "type": "LineString", "coordinates": [ [ 3.87343, 43.58328 ], [ 3.8739, 43.57945 ], [ 3.88761, 43.57192 ], [ 3.89005, 43.56943 ], [ 3.88837, 43.56346 ], [ 3.88895, 43.55662 ], [ 3.88302, 43.55005 ] ] } },
{ "type": "Feature", "properties": { "name": "la Roubine", "weight_class": 1, "permanent": true, "length_km": 2.3 }, "geometry": { "type": "LineString", "coordinates": [ [ 3.9016, 43.56405 ], [ 3.90007, 43.55812 ], [ 3.9032, 43.54992 ], [ 3.90733, 43.54557 ] ] } },
{ "type": "Feature", "properties": { "name": "Canal du Rhône à Sète", "weight_class": 4, "permanent": true, "length_km": 41.7 }, "geometry": { "type": "MultiLineString", "coordinates": [ [ [ 4.09616, 43.58132 ], [ 4.07337, 43.57011 ], [ 3.97284, 43.5485 ], [ 3.94318, 43.54041 ], [ 3.91934, 43.53495 ], [ 3.89231, 43.52041 ], [ 3.88662, 43.51834 ], [ 3.88261, 43.51791 ], [ 3.87905, 43.5161 ], [ 3.84772, 43.49198 ], [ 3.81207, 43.45879 ], [ 3.79873, 43.45393 ], [ 3.78054, 43.44462 ], [ 3.76107, 43.44499 ], [ 3.7558, 43.44318 ], [ 3.75001, 43.43388 ], [ 3.73915, 43.42633 ], [ 3.73533, 43.42484 ], [ 3.72124, 43.42185 ], [ 3.7033, 43.42361 ] ], [ [ 4.14938, 43.58533 ], [ 4.14375, 43.58506 ], [ 4.13271, 43.58652 ], [ 4.12449, 43.58902 ], [ 4.10509, 43.58554 ] ] ] } },
{ "type": "Feature", "properties": { "name": "le Rieutord", "weight_class": 3, "permanent": true, "length_km": 4.9 }, "geometry": { "type": "LineString", "coordinates": [ [ 3.70769, 43.96223 ], [ 3.70617, 43.96053 ], [ 3.70901, 43.95882 ], [ 3.70828, 43.95595 ], [ 3.71022, 43.9538 ], [ 3.70815, 43.94958 ], [ 3.71152, 43.94641 ], [ 3.71047, 43.94036 ], [ 3.7083, 43.93761 ], [ 3.71244, 43.9365 ], [ 3.71402, 43.93483 ], [ 3.71309, 43.93283 ], [ 3.70801, 43.92921 ], [ 3.70822, 43.92724 ] ] } },
{ "type": "Feature", "properties": { "name": "le Vidourle", "weight_class": 4, "permanent": true, "length_km": 26.1 }, "geometry": { "type": "MultiLineString", "coordinates": [ [ [ 4.08503, 43.76851 ], [ 4.08755, 43.76545 ], [ 4.09315, 43.76282 ], [ 4.09239, 43.76182 ], [ 4.09021, 43.76167 ], [ 4.09188, 43.76027 ] ], [ [ 4.09282, 43.75722 ], [ 4.09203, 43.75452 ], [ 4.09279, 43.75268 ], [ 4.09946, 43.74947 ], [ 4.10608, 43.7479 ], [ 4.10869, 43.74246 ], [ 4.11535, 43.73717 ], [ 4.12193, 43.73684 ], [ 4.12508, 43.73954 ], [ 4.12907, 43.74067 ], [ 4.13947, 43.73905 ] ], [ [ 4.14333, 43.73631 ], [ 4.14624, 43.72625 ], [ 4.15005, 43.72367 ] ], [ [ 4.1512, 43.719 ], [ 4.15329, 43.71535 ], [ 4.15582, 43.71341 ] ], [ [ 4.15636, 43.59998 ], [ 4.1494, 43.59751 ], [ 4.15024, 43.58545 ] ], [ [ 4.1562, 43.7133 ], [ 4.16345, 43.70701 ], [ 4.16354, 43.7024 ], [ 4.16649, 43.6997 ], [ 4.1664, 43.69781 ], [ 4.1635, 43.69432 ], [ 4.16436, 43.69173 ], [ 4.16324, 43.68684 ], [ 4.17145, 43.68087 ], [ 4.17443, 43.67695 ], [ 4.17905, 43.67577 ], [ 4.17741, 43.67228 ], [ 4.18064, 43.67125 ], [ 4.18112, 43.66783 ], [ 4.18462, 43.66647 ], [ 4.18771, 43.65994 ], [ 4.19153, 43.65557 ], [ 4.19454, 43.65408 ], [ 4.19081, 43.64771 ], [ 4.19368, 43.64185 ], [ 4.18824, 43.63593 ], [ 4.16886, 43.60924 ], [ 4.16174, 43.604 ] ] ] } },
{ "type": "Feature", "properties": { "name": "le Merdanson", "weight_class": 2, "permanent": false, "length_km": 11.4 }, "geometry": { "type": "LineString", "coordinates": [ [ 3.78504, 43.96805 ], [ 3.78768, 43.96712 ], [ 3.78659, 43.95721 ], [ 3.78507, 43.95514 ], [ 3.78744, 43.95232 ], [ 3.7871, 43.94911 ], [ 3.78863, 43.94593 ], [ 3.78563, 43.94394 ], [ 3.7854, 43.9428 ], [ 3.78386, 43.94312 ], [ 3.78395, 43.94049 ], [ 3.78105, 43.94003 ], [ 3.77954, 43.93813 ], [ 3.77419, 43.93833 ], [ 3.7668, 43.93418 ], [ 3.76402, 43.935 ], [ 3.76379, 43.93249 ], [ 3.7627, 43.93196 ], [ 3.75951, 43.93167 ], [ 3.75835, 43.93336 ], [ 3.75556, 43.9316 ], [ 3.75197, 43.93227 ], [ 3.74952, 43.93076 ], [ 3.74335, 43.92925 ], [ 3.73871, 43.93041 ], [ 3.73718, 43.92896 ], [ 3.73364, 43.93084 ], [ 3.73118, 43.92936 ], [ 3.72813, 43.92892 ], [ 3.73072, 43.92711 ], [ 3.73059, 43.92454 ], [ 3.72228, 43.92325 ] ] } },
{ "type": "Feature", "properties": { "name": "Ruisseau de la Garenne", "weight_class": 1, "permanent": false, "length_km": 5.4 }, "geometry": { "type": "LineString", "coordinates": [ [ 3.73968, 43.9707 ], [ 3.74361, 43.96645 ], [ 3.75424, 43.96449 ], [ 3.75539, 43.95661 ], [ 3.75674, 43.95539 ], [ 3.75508, 43.9544 ], [ 3.75565, 43.95133 ], [ 3.7597, 43.94794 ], [ 3.76265, 43.94692 ], [ 3.76375, 43.94509 ], [ 3.76622, 43.94499 ], [ 3.76903, 43.94263 ], [ 3.77118, 43.93933 ], [ 3.77129, 43.93676 ] ] } },
{ "type": "Feature", "properties": { "name": "Ruisseau de la Frégère", "weight_class": 1, "permanent": false, "length_km": 2.8 }, "geometry": { "type": "LineString", "coordinates": [ [ 3.82922, 43.93813 ], [ 3.82455, 43.93657 ], [ 3.80976, 43.9351 ], [ 3.80894, 43.93269 ], [ 3.80116, 43.92921 ] ] } },
{ "type": "Feature", "properties": { "name": "l'Alzon", "weight_class": 1, "permanent": false, "length_km": 11.1 }, "geometry": { "type": "LineString", "coordinates": [ [ 3.82065, 43.94296 ], [ 3.8135, 43.9408 ], [ 3.80529, 43.94125 ], [ 3.80278, 43.93095 ], [ 3.80051, 43.92865 ], [ 3.7981, 43.9281 ], [ 3.79417, 43.92534 ], [ 3.79248, 43.92227 ], [ 3.7796, 43.91513 ], [ 3.77764, 43.91506 ], [ 3.77573, 43.91237 ], [ 3.7737, 43.91199 ], [ 3.77362, 43.91045 ], [ 3.77014, 43.90898 ], [ 3.76962, 43.90745 ], [ 3.76663, 43.9078 ], [ 3.76375, 43.90318 ], [ 3.7528, 43.89727 ], [ 3.74711, 43.89134 ], [ 3.74421, 43.89175 ], [ 3.74067, 43.89077 ], [ 3.74037, 43.88872 ], [ 3.73622, 43.88806 ], [ 3.73474, 43.88579 ], [ 3.73268, 43.88475 ] ] } },
{ "type": "Feature", "properties": { "name": "l'Aubanel", "weight_class": 1, "permanent": false, "length_km": 5.2 }, "geometry": { "type": "LineString", "coordinates": [ [ 3.75406, 43.94438 ], [ 3.74807, 43.94563 ], [ 3.74599, 43.94431 ], [ 3.73784, 43.94427 ], [ 3.73416, 43.94314 ], [ 3.72962, 43.94305 ], [ 3.72905, 43.94206 ], [ 3.72502, 43.94056 ], [ 3.72189, 43.93261 ], [ 3.72064, 43.9321 ], [ 3.72277, 43.92833 ], [ 3.72154, 43.92547 ], [ 3.72296, 43.92361 ] ] } },
{ "type": "Feature", "properties": { "name": "l'Hérault", "weight_class": 3, "permanent": true, "length_km": 114.7 }, "geometry": { "type": "LineString", "coordinates": [ [ 3.6867, 43.95992 ], [ 3.68503, 43.95865 ], [ 3.68483, 43.95612 ], [ 3.68609, 43.95428 ], [ 3.68273, 43.94684 ], [ 3.68332, 43.94602 ], [ 3.68876, 43.94476 ], [ 3.68839, 43.94282 ], [ 3.69033, 43.93824 ], [ 3.69458, 43.93731 ], [ 3.70133, 43.93289 ], [ 3.70453, 43.92844 ], [ 3.71236, 43.9253 ], [ 3.72228, 43.92325 ], [ 3.72295, 43.92178 ], [ 3.72526, 43.9212 ], [ 3.72496, 43.91968 ], [ 3.72744, 43.91781 ], [ 3.72696, 43.91542 ], [ 3.733, 43.91644 ], [ 3.73738, 43.91411 ], [ 3.73559, 43.9103 ], [ 3.73707, 43.90805 ], [ 3.73471, 43.89725 ], [ 3.731, 43.89247 ], [ 3.73247, 43.88361 ], [ 3.72954, 43.88183 ], [ 3.72447, 43.88112 ], [ 3.72174, 43.87919 ], [ 3.72161, 43.87776 ], [ 3.72302, 43.8773 ], [ 3.7239, 43.87532 ], [ 3.72108, 43.87099 ], [ 3.72116, 43.86378 ], [ 3.72002, 43.86306 ], [ 3.71669, 43.86516 ], [ 3.71431, 43.86411 ], [ 3.71649, 43.8595 ], [ 3.71586, 43.85799 ], [ 3.7143, 43.85763 ], [ 3.71178, 43.85868 ], [ 3.70892, 43.86183 ], [ 3.70657, 43.86129 ], [ 3.70853, 43.85809 ], [ 3.70783, 43.8494 ], [ 3.71053, 43.84878 ], [ 3.71071, 43.84599 ], [ 3.70723, 43.84368 ], [ 3.70326, 43.84456 ], [ 3.69821, 43.8435 ], [ 3.69618, 43.84173 ], [ 3.69255, 43.84202 ], [ 3.691, 43.83949 ], [ 3.68699, 43.83796 ], [ 3.69108, 43.83369 ], [ 3.68821, 43.83166 ], [ 3.68868, 43.8287 ], [ 3.68292, 43.82634 ], [ 3.68035, 43.82364 ], [ 3.67984, 43.81915 ], [ 3.68235, 43.81593 ], [ 3.68074, 43.81539 ], [ 3.6749, 43.81641 ], [ 3.67254, 43.81568 ], [ 3.67069, 43.80873 ], [ 3.66637, 43.80814 ], [ 3.66461, 43.80666 ], [ 3.66731, 43.79994 ], [ 3.6662, 43.79358 ], [ 3.66836, 43.79068 ], [ 3.66803, 43.78925 ], [ 3.66253, 43.78763 ], [ 3.65616, 43.7874 ], [ 3.64833, 43.78136 ], [ 3.64627, 43.77649 ], [ 3.64323, 43.77347 ], [ 3.64443, 43.77154 ], [ 3.64399, 43.77016 ], [ 3.64146, 43.76917 ], [ 3.63151, 43.76054 ], [ 3.62209, 43.75759 ], [ 3.62149, 43.75528 ], [ 3.62241, 43.7533 ], [ 3.62002, 43.7475 ], [ 3.61768, 43.74507 ], [ 3.61375, 43.74285 ], [ 3.61061, 43.74253 ], [ 3.60539, 43.74685 ], [ 3.59767, 43.74948 ], [ 3.59315, 43.74981 ], [ 3.58862, 43.7459 ], [ 3.57878, 43.74903 ], [ 3.56902, 43.74492 ], [ 3.56659, 43.74304 ], [ 3.56494, 43.74299 ], [ 3.56378, 43.74398 ], [ 3.56017, 43.74242 ], [ 3.55076, 43.72663 ], [ 3.55372, 43.72076 ], [ 3.55283, 43.71158 ], [ 3.55715, 43.70799 ], [ 3.55757, 43.70058 ], [ 3.56221, 43.69519 ], [ 3.56644, 43.69317 ], [ 3.57179, 43.69376 ], [ 3.57343, 43.69221 ], [ 3.57371, 43.68554 ], [ 3.56397, 43.67493 ], [ 3.5616, 43.67067 ], [ 3.56103, 43.66655 ], [ 3.55758, 43.6638 ], [ 3.54436, 43.66492 ], [ 3.54083, 43.66348 ], [ 3.53573, 43.6639 ], [ 3.53121, 43.66317 ], [ 3.53116, 43.66091 ], [ 3.53589, 43.65863 ], [ 3.53721, 43.65662 ], [ 3.5343, 43.64932 ], [ 3.52724, 43.64469 ], [ 3.5205, 43.64186 ], [ 3.51631, 43.63611 ], [ 3.51117, 43.63228 ], [ 3.50566, 43.62522 ], [ 3.49433, 43.62059 ], [ 3.49442, 43.61805 ], [ 3.50013, 43.61386 ], [ 3.50072, 43.61192 ], [ 3.4984, 43.60565 ], [ 3.49893, 43.59842 ], [ 3.48928, 43.59732 ], [ 3.48793, 43.59508 ], [ 3.49213, 43.5902 ], [ 3.49336, 43.58669 ], [ 3.49288, 43.58249 ], [ 3.48617, 43.58055 ], [ 3.48409, 43.58173 ], [ 3.48629, 43.5836 ], [ 3.48569, 43.58458 ], [ 3.47916, 43.58435 ], [ 3.47655, 43.57941 ], [ 3.48063, 43.57421 ], [ 3.47039, 43.57063 ], [ 3.4712, 43.56824 ], [ 3.4767, 43.56485 ], [ 3.48154, 43.55801 ], [ 3.48588, 43.55497 ], [ 3.48026, 43.54794 ], [ 3.48003, 43.54109 ], [ 3.47726, 43.53496 ], [ 3.47766, 43.53153 ], [ 3.48011, 43.52673 ], [ 3.47955, 43.52127 ], [ 3.47664, 43.51775 ], [ 3.46476, 43.5108 ], [ 3.46367, 43.50136 ], [ 3.4653, 43.49761 ], [ 3.46559, 43.49002 ], [ 3.45958, 43.48359 ], [ 3.45044, 43.48079 ], [ 3.44426, 43.47295 ], [ 3.44211, 43.46257 ], [ 3.43977, 43.4585 ], [ 3.44091, 43.45719 ], [ 3.44543, 43.45556 ], [ 3.4457, 43.45444 ], [ 3.44189, 43.45081 ], [ 3.43341, 43.44829 ], [ 3.43082, 43.44424 ], [ 3.42388, 43.43832 ], [ 3.42354, 43.43562 ], [ 3.42837, 43.43207 ], [ 3.42811, 43.42883 ], [ 3.43001, 43.42315 ], [ 3.42506, 43.42183 ], [ 3.42468, 43.4188 ], [ 3.42643, 43.41261 ], [ 3.42206, 43.40935 ], [ 3.42002, 43.40602 ], [ 3.42357, 43.40151 ], [ 3.42187, 43.39877 ], [ 3.42686, 43.39814 ], [ 3.43026, 43.39421 ], [ 3.43852, 43.39221 ], [ 3.44159, 43.3885 ], [ 3.44867, 43.3865 ], [ 3.44238, 43.38116 ], [ 3.43883, 43.38028 ], [ 3.43768, 43.37817 ], [ 3.43971, 43.37477 ], [ 3.44492, 43.37008 ], [ 3.44487, 43.36285 ], [ 3.44973, 43.36093 ], [ 3.45033, 43.35963 ], [ 3.44747, 43.35597 ], [ 3.44225, 43.35711 ], [ 3.43817, 43.35928 ], [ 3.43476, 43.35918 ], [ 3.43065, 43.353 ], [ 3.43108, 43.35098 ], [ 3.45008, 43.34393 ], [ 3.4514, 43.34271 ], [ 3.45054, 43.33773 ], [ 3.45797, 43.33624 ], [ 3.46215, 43.33159 ], [ 3.4741, 43.32859 ], [ 3.47606, 43.32654 ], [ 3.47606, 43.325 ], [ 3.4727, 43.32047 ], [ 3.47268, 43.3175 ], [ 3.46506, 43.31102 ], [ 3.46475, 43.30439 ], [ 3.46312, 43.30039 ], [ 3.45298, 43.29755 ], [ 3.44872, 43.29446 ], [ 3.44439, 43.2894 ], [ 3.44387, 43.28255 ] ] } },
{ "type": "Feature", "properties": { "name": "le Boulidou", "weight_class": 1, "permanent": true, "length_km": 2.5 }, "geometry": { "type": "LineString", "coordinates": [ [ 3.69736, 43.91974 ], [ 3.70079, 43.91809 ], [ 3.7019, 43.91618 ], [ 3.70361, 43.91598 ], [ 3.7097, 43.91884 ], [ 3.72332, 43.92168 ] ] } },
{ "type": "Feature", "properties": { "name": "Ruisseau du Carteyral", "weight_class": 1, "permanent": false, "length_km": 2.3 }, "geometry": { "type": "LineString", "coordinates": [ [ 3.63587, 43.91753 ], [ 3.63825, 43.91642 ], [ 3.63789, 43.91417 ], [ 3.63357, 43.91119 ], [ 3.63172, 43.90779 ], [ 3.62862, 43.90461 ], [ 3.6268, 43.90408 ], [ 3.62565, 43.90211 ] ] } },
{ "type": "Feature", "properties": { "name": "Ruisseau de Gasson", "weight_class": 1, "permanent": false, "length_km": 2.5 }, "geometry": { "type": "LineString", "coordinates": [ [ 3.6163, 43.90861 ], [ 3.62144, 43.90764 ], [ 3.62565, 43.90211 ], [ 3.62496, 43.89923 ], [ 3.62335, 43.8977 ], [ 3.6249, 43.89376 ], [ 3.6273, 43.89212 ] ] } },
{ "type": "Feature", "properties": { "name": "Ruisseau de Villaret/Ruisseau de Raynes", "weight_class": 1, "permanent": false, "length_km": 2.0 }, "geometry": { "type": "LineString", "coordinates": [ [ 3.60431, 43.89813 ], [ 3.60587, 43.89584 ], [ 3.61318, 43.89238 ], [ 3.62, 43.89257 ], [ 3.62497, 43.8937 ] ] } },
{ "type": "Feature", "properties": { "name": "l'Avèze", "weight_class": 1, "permanent": true, "length_km": 2.6 }, "geometry": { "type": "LineString", "coordinates": [ [ 3.70034, 43.87866 ], [ 3.70075, 43.87682 ], [ 3.70373, 43.87647 ], [ 3.70583, 43.87453 ], [ 3.70462, 43.87157 ], [ 3.70657, 43.8704 ], [ 3.70536, 43.86755 ], [ 3.70766, 43.86747 ], [ 3.70823, 43.86662 ], [ 3.70846, 43.86507 ], [ 3.707, 43.86448 ], [ 3.70753, 43.86204 ] ] } },
{ "type": "Feature", "properties": { "name": "Ruisseau des Mates", "weight_class": 1, "permanent": false, "length_km": 3.1 }, "geometry": { "type": "LineString", "coordinates": [ [ 3.74504, 43.86778 ], [ 3.74643, 43.87067 ], [ 3.74333, 43.87348 ], [ 3.74188, 43.87676 ], [ 3.74478, 43.8777 ], [ 3.746, 43.8791 ], [ 3.74347, 43.8828 ], [ 3.74097, 43.88411 ], [ 3.74154, 43.88822 ], [ 3.74039, 43.88874 ] ] } },
{ "type": "Feature", "properties": { "name": "Ruisseau de l'Ergue", "weight_class": 2, "permanent": false, "length_km": 3.6 }, "geometry": { "type": "LineString", "coordinates": [ [ 3.6959, 43.90003 ], [ 3.69941, 43.90049 ], [ 3.70231, 43.89948 ], [ 3.72448, 43.9033 ], [ 3.73315, 43.89871 ], [ 3.73424, 43.89669 ] ] } },
{ "type": "Feature", "properties": { "name": "Ruisseau des Euzes", "weight_class": 1, "permanent": false, "length_km": 2.1 }, "geometry": { "type": "LineString", "coordinates": [ [ 3.62895, 43.87068 ], [ 3.62883, 43.87318 ], [ 3.63074, 43.87725 ], [ 3.62479, 43.88776 ] ] } },
{ "type": "Feature", "properties": { "name": "Ruisseau des Igoningues", "weight_class": 1, "permanent": false, "length_km": 2.2 }, "geometry": { "type": "MultiLineString", "coordinates": [ [ [ 3.58167, 43.87587 ], [ 3.58553, 43.88023 ] ], [ [ 3.58579, 43.88065 ], [ 3.58871, 43.88113 ], [ 3.5899, 43.88312 ] ], [ [ 3.59506, 43.88541 ], [ 3.59896, 43.88647 ], [ 3.60101, 43.88852 ], [ 3.60015, 43.88925 ], [ 3.60225, 43.89075 ] ] ] } },
{ "type": "Feature", "properties": { "name": "Ruisseau de la Quisse", "weight_class": 1, "permanent": false, "length_km": 5.3 }, "geometry": { "type": "LineString", "coordinates": [ [ 3.83172, 43.84526 ], [ 3.83393, 43.84287 ], [ 3.83404, 43.83978 ], [ 3.82443, 43.83578 ], [ 3.82076, 43.83585 ], [ 3.81802, 43.83103 ], [ 3.81939, 43.82845 ], [ 3.81875, 43.82674 ], [ 3.81391, 43.82179 ], [ 3.81014, 43.82057 ], [ 3.806, 43.82238 ], [ 3.7966, 43.82168 ] ] } },
{ "type": "Feature", "properties": { "name": "la Tourguille/Ruisseau de Vallongue", "weight_class": 1, "permanent": false, "length_km": 13.2 }, "geometry": { "type": "LineString", "coordinates": [ [ 3.80776, 43.87489 ], [ 3.81013, 43.87238 ], [ 3.80914, 43.87032 ], [ 3.81233, 43.86508 ], [ 3.81089, 43.86241 ], [ 3.80553, 43.8628 ], [ 3.79782, 43.86196 ], [ 3.79422, 43.86301 ], [ 3.79283, 43.86193 ], [ 3.7901, 43.86277 ], [ 3.78703, 43.86097 ], [ 3.7842, 43.86059 ], [ 3.78312, 43.85881 ], [ 3.7794, 43.85819 ], [ 3.77885, 43.85708 ], [ 3.77713, 43.85727 ], [ 3.7741, 43.85392 ], [ 3.77425, 43.84981 ], [ 3.77232, 43.84857 ], [ 3.77253, 43.84598 ], [ 3.77032, 43.84394 ], [ 3.77246, 43.84305 ], [ 3.77139, 43.84115 ], [ 3.77373, 43.83866 ], [ 3.77369, 43.83692 ], [ 3.77547, 43.83647 ], [ 3.77241, 43.83467 ], [ 3.77506, 43.83243 ], [ 3.77373, 43.83078 ], [ 3.77899, 43.82683 ], [ 3.77961, 43.82422 ], [ 3.77757, 43.8228 ], [ 3.76757, 43.82252 ], [ 3.76463, 43.8214 ], [ 3.76551, 43.81983 ], [ 3.76387, 43.8196 ], [ 3.76304, 43.81776 ], [ 3.7611, 43.81734 ], [ 3.75476, 43.80756 ] ] } },
{ "type": "Feature", "properties": { "name": "Ruisseau du Saut des Banes", "weight_class": 1, "permanent": false, "length_km": 2.3 }, "geometry": { "type": "LineString", "coordinates": [ [ 3.68309, 43.86374 ], [ 3.68655, 43.86153 ], [ 3.68878, 43.86146 ], [ 3.69212, 43.86511 ], [ 3.69974, 43.8649 ], [ 3.70605, 43.86753 ] ] } },
{ "type": "Feature", "properties": { "name": "le Boisseron", "weight_class": 2, "permanent": false, "length_km": 4.6 }, "geometry": { "type": "LineString", "coordinates": [ [ 3.63328, 43.83737 ], [ 3.63176, 43.83878 ], [ 3.63185, 43.84063 ], [ 3.63648, 43.84178 ], [ 3.63915, 43.84446 ], [ 3.64346, 43.84521 ], [ 3.65097, 43.84996 ], [ 3.65964, 43.85183 ], [ 3.66172, 43.85155 ], [ 3.66459, 43.84773 ], [ 3.66806, 43.84564 ], [ 3.66862, 43.8424 ] ] } },
{ "type": "Feature", "properties": { "name": "Ruisseau de l'Avencas", "weight_class": 1, "permanent": false, "length_km": 2.4 }, "geometry": { "type": "LineString", "coordinates": [ [ 3.68991, 43.85801 ], [ 3.6968, 43.85591 ], [ 3.69666, 43.85053 ], [ 3.70189, 43.84844 ], [ 3.7011, 43.84611 ], [ 3.70267, 43.84474 ], [ 3.70201, 43.84427 ] ] } },
{ "type": "Feature", "properties": { "name": "Ruisseau de la Combe des Cors", "weight_class": 1, "permanent": false, "length_km": 2.5 }, "geometry": { "type": "LineString", "coordinates": [ [ 3.64752, 43.86642 ], [ 3.64807, 43.86094 ], [ 3.64667, 43.85832 ], [ 3.64822, 43.85524 ], [ 3.65022, 43.85435 ], [ 3.6515, 43.8521 ], [ 3.65918, 43.85171 ] ] } },
{ "type": "Feature", "properties": { "name": "Ruisseau de Fontenilles", "weight_class": 1, "permanent": false, "length_km": 2.0 }, "geometry": { "type": "LineString", "coordinates": [ [ 3.5311, 43.84109 ], [ 3.52976, 43.84564 ], [ 3.53412, 43.84714 ], [ 3.54346, 43.8524 ] ] } },
{ "type": "Feature", "properties": { "name": "le Lamalou", "weight_class": 1, "permanent": true, "length_km": 16.3 }, "geometry": { "type": "LineString", "coordinates": [ [ 3.79859, 43.82517 ], [ 3.79859, 43.82318 ], [ 3.79644, 43.8221 ], [ 3.79455, 43.81712 ], [ 3.78891, 43.81405 ], [ 3.78551, 43.80807 ], [ 3.78009, 43.80554 ], [ 3.77897, 43.80639 ], [ 3.77617, 43.80576 ], [ 3.77301, 43.80644 ], [ 3.77163, 43.80529 ], [ 3.76658, 43.80487 ], [ 3.75829, 43.80569 ], [ 3.75653, 43.80764 ], [ 3.7532, 43.80721 ], [ 3.75146, 43.80535 ], [ 3.74936, 43.80578 ], [ 3.74865, 43.80685 ], [ 3.746, 43.80709 ], [ 3.74663, 43.80838 ], [ 3.74223, 43.8124 ], [ 3.74279, 43.81505 ], [ 3.74125, 43.81635 ], [ 3.74142, 43.81776 ], [ 3.7391, 43.81749 ], [ 3.73682, 43.81901 ], [ 3.73574, 43.81821 ], [ 3.73383, 43.81906 ], [ 3.73144, 43.81833 ], [ 3.7278, 43.82086 ], [ 3.72792, 43.82292 ], [ 3.72558, 43.82413 ], [ 3.72492, 43.82672 ], [ 3.72236, 43.8248 ], [ 3.71784, 43.82585 ], [ 3.71585, 43.82905 ], [ 3.71748, 43.83139 ], [ 3.71544, 43.83252 ], [ 3.71405, 43.83057 ], [ 3.70987, 43.8296 ], [ 3.70996, 43.82596 ], [ 3.70643, 43.82404 ], [ 3.70425, 43.82448 ], [ 3.70081, 43.83011 ], [ 3.69958, 43.82952 ], [ 3.70015, 43.82385 ], [ 3.69875, 43.8231 ], [ 3.69342, 43.82531 ], [ 3.69219, 43.82743 ], [ 3.6892, 43.82711 ], [ 3.68686, 43.82784 ] ] } },
{ "type": "Feature", "properties": { "name": "le Garrel/las Canaus", "weight_class": 1, "permanent": false, "length_km": 2.0 }, "geometry": { "type": "LineString", "coordinates": [ [ 3.63011, 43.83811 ], [ 3.62462, 43.8374 ], [ 3.61772, 43.83328 ], [ 3.61838, 43.82675 ] ] } },
{ "type": "Feature", "properties": { "name": "la Buèges", "weight_class": 2, "permanent": true, "length_km": 12.3 }, "geometry": { "type": "LineString", "coordinates": [ [ 3.59164, 43.81368 ], [ 3.59798, 43.81271 ], [ 3.60434, 43.81481 ], [ 3.6057, 43.8144 ], [ 3.60699, 43.81637 ], [ 3.61037, 43.81747 ], [ 3.61159, 43.81925 ], [ 3.6157, 43.82013 ], [ 3.61506, 43.8215 ], [ 3.61799, 43.8225 ], [ 3.61857, 43.82696 ], [ 3.62146, 43.82693 ], [ 3.62247, 43.82799 ], [ 3.62546, 43.82642 ], [ 3.63029, 43.83059 ], [ 3.63443, 43.83145 ], [ 3.6363, 43.83082 ], [ 3.63816, 43.83319 ], [ 3.65353, 43.83302 ], [ 3.65365, 43.83839 ], [ 3.66187, 43.83732 ], [ 3.66396, 43.83892 ], [ 3.66211, 43.84288 ], [ 3.66503, 43.8419 ], [ 3.66778, 43.84257 ], [ 3.67202, 43.84159 ], [ 3.6704, 43.84011 ], [ 3.67021, 43.83783 ], [ 3.67349, 43.83734 ], [ 3.67568, 43.83446 ], [ 3.68437, 43.83691 ], [ 3.6895, 43.8356 ] ] } },
{ "type": "Feature", "properties": { "name": "Ruisseau du Saut du Loup", "weight_class": 1, "permanent": false, "length_km": 2.1 }, "geometry": { "type": "LineString", "coordinates": [ [ 3.58594, 43.84253 ], [ 3.57931, 43.84335 ], [ 3.57327, 43.84527 ], [ 3.57094, 43.84677 ], [ 3.56799, 43.8527 ] ] } },
{ "type": "Feature", "properties": { "name": "Ruisseau de Gouglaud", "weight_class": 1, "permanent": false, "length_km": 4.5 }, "geometry": { "type": "LineString", "coordinates": [ [ 3.78682, 43.77879 ], [ 3.78509, 43.7806 ], [ 3.7903, 43.78307 ], [ 3.79103, 43.78812 ], [ 3.79291, 43.78967 ], [ 3.78982, 43.793 ], [ 3.78927, 43.79546 ], [ 3.78673, 43.79721 ], [ 3.78778, 43.79847 ], [ 3.78524, 43.80351 ], [ 3.78117, 43.80496 ], [ 3.77794, 43.8042 ], [ 3.77617, 43.80576 ] ] } },
{ "type": "Feature", "properties": { "name": "Ruisseau de Bertau", "weight_class": 1, "permanent": false, "length_km": 3.8 }, "geometry": { "type": "LineString", "coordinates": [ [ 3.81135, 43.80196 ], [ 3.80994, 43.80476 ], [ 3.81019, 43.80826 ], [ 3.80684, 43.80936 ], [ 3.80348, 43.80842 ], [ 3.79769, 43.80299 ], [ 3.79458, 43.80379 ], [ 3.78937, 43.80367 ], [ 3.78072, 43.80584 ] ] } },
{ "type": "Feature", "properties": { "name": "Rieutort", "weight_class": 1, "permanent": false, "length_km": 4.6 }, "geometry": { "type": "LineString", "coordinates": [ [ 3.72592, 43.77992 ], [ 3.72629, 43.7813 ], [ 3.73149, 43.78419 ], [ 3.73323, 43.78629 ], [ 3.73345, 43.79223 ], [ 3.74136, 43.79599 ], [ 3.75746, 43.79951 ], [ 3.75971, 43.80408 ], [ 3.75848, 43.80565 ] ] } },
{ "type": "Feature", "properties": { "name": "Ruisseau de la Fontaine d'Azémar/Ruisseau des Vignes", "weight_class": 1, "permanent": false, "length_km": 3.3 }, "geometry": { "type": "LineString", "coordinates": [ [ 3.75327, 43.78163 ], [ 3.75265, 43.78464 ], [ 3.75368, 43.78871 ], [ 3.76097, 43.79413 ], [ 3.76144, 43.79765 ], [ 3.76377, 43.80114 ], [ 3.7644, 43.80346 ], [ 3.7612, 43.80547 ] ] } },
{ "type": "Feature", "properties": { "name": "Ruisseau du Pontel", "weight_class": 1, "permanent": false, "length_km": 5.4 }, "geometry": { "type": "LineString", "coordinates": [ [ 3.55035, 43.78519 ], [ 3.56054, 43.78855 ], [ 3.56808, 43.79322 ], [ 3.57158, 43.79357 ], [ 3.57547, 43.79707 ], [ 3.57838, 43.79703 ], [ 3.58099, 43.79853 ], [ 3.58245, 43.80034 ], [ 3.59237, 43.80638 ], [ 3.59156, 43.81245 ], [ 3.59412, 43.81346 ] ] } },
{ "type": "Feature", "properties": { "name": "Ravin de Beaume Truéjal", "weight_class": 1, "permanent": false, "length_km": 2.6 }, "geometry": { "type": "LineString", "coordinates": [ [ 3.56644, 43.81503 ], [ 3.56281, 43.8146 ], [ 3.56002, 43.81617 ], [ 3.55636, 43.81531 ], [ 3.55392, 43.81754 ], [ 3.55129, 43.81815 ], [ 3.55317, 43.82461 ], [ 3.55584, 43.8257 ] ] } },
{ "type": "Feature", "properties": { "name": "Ruisseau de Miège Sole", "weight_class": 1, "permanent": false, "length_km": 3.1 }, "geometry": { "type": "LineString", "coordinates": [ [ 3.79294, 43.68938 ], [ 3.79659, 43.68631 ], [ 3.79, 43.67934 ], [ 3.79019, 43.67729 ], [ 3.78816, 43.67406 ], [ 3.78843, 43.6677 ], [ 3.7874, 43.66762 ], [ 3.7872, 43.66647 ] ] } },
{ "type": "Feature", "properties": { "name": "Rieu Sec", "weight_class": 2, "permanent": true, "length_km": 3.8 }, "geometry": { "type": "LineString", "coordinates": [ [ 3.58221, 43.63952 ], [ 3.58063, 43.64389 ], [ 3.57655, 43.64907 ], [ 3.56764, 43.65443 ], [ 3.56585, 43.65654 ], [ 3.559, 43.6584 ], [ 3.55601, 43.66347 ] ] } },
{ "type": "Feature", "properties": { "name": "Ruisseau de la Bergerie", "weight_class": 1, "permanent": false, "length_km": 3.2 }, "geometry": { "type": "LineString", "coordinates": [ [ 3.69792, 43.78437 ], [ 3.6953, 43.78343 ], [ 3.69257, 43.78529 ], [ 3.69246, 43.78789 ], [ 3.68969, 43.78847 ], [ 3.68406, 43.79163 ], [ 3.6737, 43.78952 ], [ 3.6731, 43.79012 ], [ 3.66955, 43.78899 ], [ 3.66815, 43.78944 ] ] } },
{ "type": "Feature", "properties": { "name": "Ruisseau de la Croye", "weight_class": 1, "permanent": false, "length_km": 5.3 }, "geometry": { "type": "LineString", "coordinates": [ [ 3.82776, 43.77248 ], [ 3.8299, 43.77038 ], [ 3.83648, 43.76829 ], [ 3.84104, 43.7649 ], [ 3.84232, 43.76262 ], [ 3.84751, 43.76103 ], [ 3.84614, 43.75909 ], [ 3.84746, 43.75676 ], [ 3.84602, 43.75495 ], [ 3.84979, 43.74947 ], [ 3.85105, 43.74543 ], [ 3.85688, 43.74138 ], [ 3.86105, 43.74173 ] ] } },
{ "type": "Feature", "properties": { "name": "le Yorgues", "weight_class": 1, "permanent": false, "length_km": 7.0 }, "geometry": { "type": "LineString", "coordinates": [ [ 3.80846, 43.76868 ], [ 3.81138, 43.7682 ], [ 3.81491, 43.76557 ], [ 3.82132, 43.76603 ], [ 3.82341, 43.76457 ], [ 3.82708, 43.76393 ], [ 3.82676, 43.76057 ], [ 3.82981, 43.75879 ], [ 3.82887, 43.75691 ], [ 3.83069, 43.75536 ], [ 3.82879, 43.75471 ], [ 3.82839, 43.74969 ], [ 3.83282, 43.74826 ], [ 3.83519, 43.74533 ], [ 3.8358, 43.7419 ], [ 3.83793, 43.74207 ], [ 3.84394, 43.73814 ], [ 3.84666, 43.73752 ], [ 3.84855, 43.73423 ], [ 3.8513, 43.73323 ], [ 3.85187, 43.73217 ] ] } },
{ "type": "Feature", "properties": { "name": "la Déridière", "weight_class": 1, "permanent": false, "length_km": 5.9 }, "geometry": { "type": "LineString", "coordinates": [ [ 3.79888, 43.76388 ], [ 3.80117, 43.76074 ], [ 3.80695, 43.75835 ], [ 3.80913, 43.75265 ], [ 3.80611, 43.74758 ], [ 3.80304, 43.74555 ], [ 3.80294, 43.74223 ], [ 3.80087, 43.74156 ], [ 3.80218, 43.74013 ], [ 3.79843, 43.74 ], [ 3.79844, 43.73738 ], [ 3.80013, 43.73466 ], [ 3.79924, 43.73369 ], [ 3.80028, 43.73267 ], [ 3.7998, 43.73112 ], [ 3.80186, 43.73022 ], [ 3.80832, 43.73125 ] ] } },
{ "type": "Feature", "properties": { "name": "Ruisseau du Patus", "weight_class": 1, "permanent": false, "length_km": 4.9 }, "geometry": { "type": "LineString", "coordinates": [ [ 3.7569, 43.77595 ], [ 3.76002, 43.77701 ], [ 3.76591, 43.7766 ], [ 3.77178, 43.77746 ], [ 3.77476, 43.77815 ], [ 3.77606, 43.77968 ], [ 3.7764, 43.78192 ], [ 3.7739, 43.7845 ], [ 3.77337, 43.78922 ], [ 3.76922, 43.79337 ], [ 3.76912, 43.7963 ], [ 3.76436, 43.80299 ] ] } },
{ "type": "Feature", "properties": { "name": "Combe des Arboussets", "weight_class": 1, "permanent": false, "length_km": 2.7 }, "geometry": { "type": "LineString", "coordinates": [ [ 3.56545, 43.7711 ], [ 3.5724, 43.77566 ], [ 3.57753, 43.77611 ], [ 3.5796, 43.77387 ], [ 3.58376, 43.77252 ], [ 3.58633, 43.76916 ], [ 3.58558, 43.76858 ], [ 3.58669, 43.76656 ] ] } },
{ "type": "Feature", "properties": { "name": "le Verdus", "weight_class": 1, "permanent": true, "length_km": 9.2 }, "geometry": { "type": "LineString", "coordinates": [ [ 3.55526, 43.77058 ], [ 3.54852, 43.76906 ], [ 3.54432, 43.76623 ], [ 3.53642, 43.76524 ], [ 3.5312, 43.76317 ], [ 3.53084, 43.76149 ], [ 3.52649, 43.75716 ], [ 3.52417, 43.75688 ], [ 3.52303, 43.75267 ], [ 3.51936, 43.75061 ], [ 3.51575, 43.74237 ], [ 3.51808, 43.74083 ], [ 3.52357, 43.73953 ], [ 3.53079, 43.74056 ], [ 3.53212, 43.73899 ], [ 3.53516, 43.73784 ], [ 3.545, 43.73763 ], [ 3.54777, 43.73644 ], [ 3.54852, 43.73361 ], [ 3.55252, 43.73364 ], [ 3.55427, 43.7327 ] ] } },
{ "type": "Feature", "properties": { "name": "Combe Malafosse", "weight_class": 1, "permanent": false, "length_km": 4.1 }, "geometry": { "type": "LineString", "coordinates": [ [ 3.55734, 43.7663 ], [ 3.55489, 43.76502 ], [ 3.55578, 43.76254 ], [ 3.56207, 43.75994 ], [ 3.56686, 43.75996 ], [ 3.56745, 43.75921 ], [ 3.56597, 43.75559 ], [ 3.5623, 43.75343 ], [ 3.56081, 43.75046 ], [ 3.55816, 43.74952 ], [ 3.559, 43.74819 ], [ 3.56329, 43.74638 ], [ 3.56299, 43.74387 ] ] } },
{ "type": "Feature", "properties": { "name": "Combe du Bouis", "weight_class": 1, "permanent": false, "length_km": 9.2 }, "geometry": { "type": "LineString", "coordinates": [ [ 3.55548, 43.77185 ], [ 3.55884, 43.77302 ], [ 3.56094, 43.77492 ], [ 3.56404, 43.77507 ], [ 3.56485, 43.77658 ], [ 3.5686, 43.77693 ], [ 3.5758, 43.78269 ], [ 3.58114, 43.78391 ], [ 3.59029, 43.77606 ], [ 3.58866, 43.77402 ], [ 3.5896, 43.77211 ], [ 3.58822, 43.77071 ], [ 3.58943, 43.76975 ], [ 3.58809, 43.76954 ], [ 3.58818, 43.76698 ], [ 3.58647, 43.76652 ], [ 3.58501, 43.76301 ], [ 3.58345, 43.76331 ], [ 3.58231, 43.76204 ], [ 3.58305, 43.76056 ], [ 3.58216, 43.75921 ], [ 3.58335, 43.75853 ], [ 3.58236, 43.75743 ], [ 3.584, 43.75635 ], [ 3.58291, 43.75596 ], [ 3.58348, 43.75422 ], [ 3.58515, 43.75361 ], [ 3.5853, 43.7548 ], [ 3.58967, 43.7547 ], [ 3.59315, 43.74981 ] ] } },
{ "type": "Feature", "properties": { "name": "Ruisseau des Cambrettes", "weight_class": 1, "permanent": false, "length_km": 3.2 }, "geometry": { "type": "LineString", "coordinates": [ [ 3.65558, 43.75759 ], [ 3.65381, 43.7567 ], [ 3.65308, 43.75443 ], [ 3.65006, 43.75349 ], [ 3.6452, 43.75493 ], [ 3.64416, 43.75602 ], [ 3.64176, 43.75521 ], [ 3.63839, 43.75676 ], [ 3.63424, 43.75628 ], [ 3.62736, 43.75698 ], [ 3.62458, 43.75891 ] ] } },
{ "type": "Feature", "properties": { "name": "Combe de Carelles", "weight_class": 1, "permanent": false, "length_km": 2.3 }, "geometry": { "type": "LineString", "coordinates": [ [ 3.54009, 43.7495 ], [ 3.54178, 43.74728 ], [ 3.54857, 43.7438 ], [ 3.55124, 43.74477 ], [ 3.55521, 43.74249 ], [ 3.55534, 43.74124 ], [ 3.55961, 43.74122 ] ] } },
{ "type": "Feature", "properties": { "name": "le Lez", "weight_class": 3, "permanent": true, "length_km": 29.8 }, "geometry": { "type": "LineString", "coordinates": [ [ 3.83501, 43.71607 ], [ 3.8365, 43.71723 ], [ 3.8442, 43.71803 ], [ 3.85174, 43.71434 ], [ 3.85405, 43.71452 ], [ 3.85483, 43.71378 ], [ 3.85822, 43.70742 ], [ 3.85707, 43.70385 ], [ 3.85759, 43.70183 ], [ 3.85407, 43.69626 ], [ 3.8542, 43.69361 ], [ 3.85869, 43.69099 ], [ 3.86187, 43.68608 ], [ 3.86059, 43.68315 ], [ 3.86432, 43.68044 ], [ 3.86304, 43.67614 ], [ 3.86589, 43.67461 ], [ 3.86725, 43.6691 ], [ 3.86544, 43.66856 ], [ 3.86372, 43.66653 ], [ 3.8636, 43.66494 ], [ 3.86524, 43.66339 ], [ 3.86354, 43.66131 ], [ 3.86456, 43.65959 ], [ 3.86677, 43.65902 ], [ 3.86661, 43.65655 ], [ 3.86779, 43.65544 ], [ 3.86714, 43.65336 ], [ 3.87011, 43.65228 ], [ 3.87158, 43.65068 ], [ 3.87038, 43.64893 ], [ 3.87132, 43.64803 ], [ 3.8789, 43.64929 ], [ 3.88207, 43.64624 ], [ 3.8858, 43.64554 ], [ 3.8867, 43.64407 ], [ 3.88997, 43.64387 ], [ 3.8898, 43.64143 ], [ 3.89247, 43.64151 ], [ 3.89315, 43.64073 ], [ 3.89335, 43.63825 ], [ 3.88933, 43.63421 ], [ 3.8923, 43.63341 ], [ 3.89523, 43.62763 ], [ 3.89793, 43.6261 ], [ 3.89659, 43.61811 ], [ 3.89327, 43.61664 ], [ 3.89721, 43.60984 ], [ 3.89714, 43.60414 ], [ 3.8957, 43.6012 ], [ 3.90698, 43.59023 ], [ 3.90774, 43.58337 ], [ 3.90731, 43.58091 ], [ 3.90363, 43.57903 ], [ 3.89735, 43.57363 ], [ 3.89767, 43.57067 ], [ 3.89379, 43.55858 ], [ 3.89687, 43.55527 ], [ 3.896, 43.54942 ], [ 3.89725, 43.54236 ], [ 3.9024, 43.53895 ], [ 3.90642, 43.53479 ], [ 3.90844, 43.53561 ], [ 3.91299, 43.53569 ], [ 3.91977, 43.53356 ], [ 3.93394, 43.52586 ] ] } },
{ "type": "Feature", "properties": { "name": "Ruisseau de Roucayrol/Ruisseau de très Fonts", "weight_class": 1, "permanent": false, "length_km": 4.3 }, "geometry": { "type": "LineString", "coordinates": [ [ 3.79172, 43.71316 ], [ 3.79351, 43.71495 ], [ 3.79621, 43.71387 ], [ 3.8019, 43.71364 ], [ 3.81051, 43.71491 ], [ 3.81265, 43.71835 ], [ 3.81213, 43.7222 ], [ 3.81364, 43.72415 ], [ 3.82191, 43.72529 ], [ 3.82812, 43.72898 ] ] } },
{ "type": "Feature", "properties": { "name": "Ruisseau de Pézouillet", "weight_class": 1, "permanent": false, "length_km": 6.3 }, "geometry": { "type": "LineString", "coordinates": [ [ 3.7947, 43.7027 ], [ 3.79847, 43.69776 ], [ 3.81053, 43.69295 ], [ 3.81127, 43.69039 ], [ 3.81015, 43.68945 ], [ 3.81159, 43.68572 ], [ 3.81095, 43.68434 ], [ 3.80703, 43.68375 ], [ 3.80721, 43.67765 ], [ 3.8015, 43.67537 ], [ 3.79928, 43.66733 ], [ 3.79503, 43.66637 ], [ 3.79013, 43.66294 ] ] } },
{ "type": "Feature", "properties": { "name": "l'Arnède", "weight_class": 1, "permanent": false, "length_km": 8.0 }, "geometry": { "type": "LineString", "coordinates": [ [ 3.70058, 43.69794 ], [ 3.7012, 43.69931 ], [ 3.70313, 43.69973 ], [ 3.70193, 43.70112 ], [ 3.70292, 43.70291 ], [ 3.7052, 43.70293 ], [ 3.70384, 43.70449 ], [ 3.70593, 43.70547 ], [ 3.71355, 43.70337 ], [ 3.71395, 43.70181 ], [ 3.71831, 43.70015 ], [ 3.71906, 43.69348 ], [ 3.72123, 43.69399 ], [ 3.72224, 43.69216 ], [ 3.72125, 43.6902 ], [ 3.72965, 43.68745 ], [ 3.72898, 43.6839 ], [ 3.73129, 43.68206 ], [ 3.7292, 43.68124 ], [ 3.72948, 43.67957 ], [ 3.72705, 43.67609 ], [ 3.72832, 43.67199 ], [ 3.73276, 43.6719 ], [ 3.73437, 43.67112 ], [ 3.73315, 43.66886 ] ] } },
{ "type": "Feature", "properties": { "name": "Ruisseau de la Garonne", "weight_class": 1, "permanent": false, "length_km": 9.9 }, "geometry": { "type": "LineString", "coordinates": [ [ 3.66968, 43.70817 ], [ 3.673, 43.71068 ], [ 3.67951, 43.70885 ], [ 3.68202, 43.70389 ], [ 3.68183, 43.70019 ], [ 3.68557, 43.69621 ], [ 3.68872, 43.6878 ], [ 3.69426, 43.68513 ], [ 3.696, 43.68252 ], [ 3.6977, 43.67616 ], [ 3.69749, 43.67252 ], [ 3.69984, 43.66957 ], [ 3.69675, 43.66594 ], [ 3.69893, 43.66536 ], [ 3.69939, 43.66418 ], [ 3.69803, 43.66125 ], [ 3.69588, 43.66058 ], [ 3.69737, 43.65862 ], [ 3.69709, 43.65691 ], [ 3.70571, 43.65493 ], [ 3.70735, 43.65608 ], [ 3.71287, 43.65544 ], [ 3.71552, 43.65682 ] ] } },
{ "type": "Feature", "properties": { "name": "Ruisseau de Grigoulet", "weight_class": 1, "permanent": false, "length_km": 5.8 }, "geometry": { "type": "LineString", "coordinates": [ [ 3.63147, 43.72937 ], [ 3.63089, 43.72756 ], [ 3.62396, 43.72378 ], [ 3.62066, 43.71899 ], [ 3.62154, 43.71637 ], [ 3.62003, 43.71465 ], [ 3.62071, 43.71283 ], [ 3.61941, 43.7117 ], [ 3.61708, 43.71156 ], [ 3.61187, 43.70481 ], [ 3.6088, 43.70433 ], [ 3.60191, 43.69934 ], [ 3.60025, 43.69971 ], [ 3.60217, 43.69772 ], [ 3.60097, 43.69555 ], [ 3.60188, 43.69288 ] ] } },
{ "type": "Feature", "properties": { "name": "le Rieu", "weight_class": 1, "permanent": false, "length_km": 5.9 }, "geometry": { "type": "LineString", "coordinates": [ [ 3.58429, 43.72864 ], [ 3.58737, 43.72786 ], [ 3.59432, 43.72379 ], [ 3.59688, 43.72064 ], [ 3.59334, 43.71104 ], [ 3.59033, 43.70775 ], [ 3.58346, 43.70529 ], [ 3.58112, 43.70278 ], [ 3.58156, 43.7004 ], [ 3.57988, 43.69435 ], [ 3.57404, 43.69101 ] ] } },
{ "type": "Feature", "properties": { "name": "la Lironde", "weight_class": 1, "permanent": false, "length_km": 7.5 }, "geometry": { "type": "LineString", "coordinates": [ [ 3.81681, 43.69143 ], [ 3.82345, 43.69024 ], [ 3.8269, 43.68441 ], [ 3.82932, 43.68295 ], [ 3.83256, 43.68312 ], [ 3.8353, 43.68197 ], [ 3.83893, 43.67854 ], [ 3.84292, 43.66285 ], [ 3.8498, 43.65876 ], [ 3.85226, 43.65585 ], [ 3.85529, 43.65509 ], [ 3.85629, 43.65346 ], [ 3.86614, 43.65001 ], [ 3.86862, 43.64773 ], [ 3.8712, 43.64809 ] ] } },
{ "type": "Feature", "properties": { "name": "Ruisseau de la Balajade", "weight_class": 1, "permanent": false, "length_km": 2.6 }, "geometry": { "type": "LineString", "coordinates": [ [ 3.76609, 43.68301 ], [ 3.76866, 43.6767 ], [ 3.77563, 43.67115 ], [ 3.78056, 43.66929 ], [ 3.78162, 43.66595 ] ] } },
{ "type": "Feature", "properties": { "name": "Ruisseau de Saint-Jean", "weight_class": 1, "permanent": false, "length_km": 3.2 }, "geometry": { "type": "LineString", "coordinates": [ [ 3.74821, 43.68927 ], [ 3.74858, 43.68622 ], [ 3.74756, 43.68483 ], [ 3.74487, 43.68387 ], [ 3.74416, 43.68484 ], [ 3.74125, 43.68433 ], [ 3.73747, 43.68004 ], [ 3.73692, 43.67671 ], [ 3.73361, 43.67575 ], [ 3.7331, 43.67405 ], [ 3.73087, 43.67405 ], [ 3.73057, 43.67223 ], [ 3.73162, 43.67174 ] ] } },
{ "type": "Feature", "properties": { "name": "Ruisseau du Coulazou", "weight_class": 3, "permanent": true, "length_km": 29.1 }, "geometry": { "type": "LineString", "coordinates": [ [ 3.65443, 43.6748 ], [ 3.65522, 43.67222 ], [ 3.65297, 43.66985 ], [ 3.65299, 43.66641 ], [ 3.64921, 43.66321 ], [ 3.6489, 43.65951 ], [ 3.64998, 43.65732 ], [ 3.64889, 43.65464 ], [ 3.64985, 43.65257 ], [ 3.64945, 43.64832 ], [ 3.65115, 43.64602 ], [ 3.65091, 43.64022 ], [ 3.65328, 43.63895 ], [ 3.65273, 43.63615 ], [ 3.65661, 43.63424 ], [ 3.65482, 43.63134 ], [ 3.65818, 43.63044 ], [ 3.65833, 43.62733 ], [ 3.66104, 43.62784 ], [ 3.66094, 43.62521 ], [ 3.66541, 43.62327 ], [ 3.6633, 43.62295 ], [ 3.66435, 43.62173 ], [ 3.66975, 43.62099 ], [ 3.67301, 43.62243 ], [ 3.67955, 43.61719 ], [ 3.68362, 43.61665 ], [ 3.68469, 43.6149 ], [ 3.68263, 43.61439 ], [ 3.68234, 43.61251 ], [ 3.6855, 43.61065 ], [ 3.68546, 43.60511 ], [ 3.69074, 43.60323 ], [ 3.6871, 43.60197 ], [ 3.68914, 43.60101 ], [ 3.68992, 43.59886 ], [ 3.69228, 43.59945 ], [ 3.69502, 43.59726 ], [ 3.69358, 43.59663 ], [ 3.69294, 43.59446 ], [ 3.69491, 43.59364 ], [ 3.69832, 43.5939 ], [ 3.70032, 43.59221 ], [ 3.69718, 43.58999 ], [ 3.69712, 43.58876 ], [ 3.70027, 43.58779 ], [ 3.70343, 43.58499 ], [ 3.70332, 43.58278 ], [ 3.70564, 43.58066 ], [ 3.71292, 43.58101 ], [ 3.70816, 43.57802 ], [ 3.70901, 43.57461 ], [ 3.70689, 43.57105 ], [ 3.71012, 43.56929 ], [ 3.71315, 43.56477 ], [ 3.7135, 43.56178 ], [ 3.71925, 43.55922 ], [ 3.72062, 43.56014 ], [ 3.72086, 43.56223 ], [ 3.72347, 43.56164 ], [ 3.72384, 43.56046 ], [ 3.728, 43.56128 ], [ 3.72991, 43.56013 ], [ 3.73127, 43.56128 ], [ 3.73456, 43.56079 ], [ 3.73818, 43.56195 ], [ 3.74139, 43.55882 ], [ 3.74528, 43.55926 ], [ 3.74622, 43.55834 ], [ 3.74852, 43.55828 ], [ 3.75013, 43.55659 ], [ 3.75507, 43.55745 ], [ 3.76269, 43.55712 ], [ 3.76434, 43.55833 ], [ 3.7687, 43.55479 ], [ 3.77913, 43.55291 ], [ 3.78358, 43.55366 ], [ 3.78833, 43.55217 ], [ 3.79092, 43.55224 ], [ 3.7935, 43.5539 ], [ 3.79627, 43.55319 ], [ 3.80062, 43.5561 ], [ 3.80439, 43.55705 ], [ 3.80733, 43.55568 ], [ 3.80819, 43.5576 ] ] } },
{ "type": "Feature", "properties": { "name": "Ruisseau des Corrèges", "weight_class": 1, "permanent": false, "length_km": 3.6 }, "geometry": { "type": "LineString", "coordinates": [ [ 3.6765, 43.68206 ], [ 3.67921, 43.68556 ], [ 3.68636, 43.68556 ], [ 3.69086, 43.68067 ], [ 3.69027, 43.67466 ], [ 3.69207, 43.66919 ], [ 3.69678, 43.66608 ] ] } },
{ "type": "Feature", "properties": { "name": "Ruisseau des Corbières", "weight_class": 1, "permanent": true, "length_km": 12.0 }, "geometry": { "type": "LineString", "coordinates": [ [ 3.66711, 43.68131 ], [ 3.66342, 43.68293 ], [ 3.66422, 43.68521 ], [ 3.66223, 43.6901 ], [ 3.65735, 43.69431 ], [ 3.65462, 43.69522 ], [ 3.65272, 43.69822 ], [ 3.64974, 43.69841 ], [ 3.64783, 43.69955 ], [ 3.64636, 43.69869 ], [ 3.64472, 43.69959 ], [ 3.6381, 43.69965 ], [ 3.63602, 43.7009 ], [ 3.63475, 43.69949 ], [ 3.63252, 43.69934 ], [ 3.63053, 43.70186 ], [ 3.62587, 43.701 ], [ 3.62476, 43.70229 ], [ 3.61954, 43.7013 ], [ 3.61739, 43.70251 ], [ 3.61306, 43.70271 ], [ 3.60952, 43.69623 ], [ 3.60478, 43.69264 ], [ 3.60005, 43.69259 ], [ 3.59973, 43.68862 ], [ 3.5969, 43.68574 ], [ 3.59387, 43.68466 ], [ 3.59313, 43.68322 ], [ 3.58761, 43.68198 ], [ 3.58651, 43.68393 ], [ 3.58131, 43.68364 ], [ 3.57781, 43.68515 ], [ 3.57928, 43.68672 ], [ 3.57644, 43.68692 ], [ 3.57573, 43.68794 ], [ 3.57392, 43.68679 ] ] } },
{ "type": "Feature", "properties": { "name": "Ruisseau de Gassac", "weight_class": 1, "permanent": true, "length_km": 11.8 }, "geometry": { "type": "LineString", "coordinates": [ [ 3.63998, 43.6615 ], [ 3.64002, 43.66429 ], [ 3.63324, 43.67145 ], [ 3.63631, 43.67378 ], [ 3.63463, 43.67646 ], [ 3.63299, 43.67694 ], [ 3.63074, 43.68008 ], [ 3.62892, 43.67916 ], [ 3.62283, 43.68201 ], [ 3.61967, 43.68134 ], [ 3.61714, 43.68224 ], [ 3.61559, 43.68049 ], [ 3.61213, 43.67951 ], [ 3.61134, 43.67784 ], [ 3.60404, 43.6732 ], [ 3.60413, 43.67218 ], [ 3.60239, 43.67169 ], [ 3.60191, 43.6703 ], [ 3.59879, 43.67047 ], [ 3.59714, 43.66857 ], [ 3.59662, 43.66534 ], [ 3.59072, 43.66238 ], [ 3.58928, 43.65923 ], [ 3.58709, 43.65789 ], [ 3.58398, 43.65752 ], [ 3.58163, 43.6555 ], [ 3.57364, 43.6564 ], [ 3.5716, 43.66059 ], [ 3.56365, 43.66462 ], [ 3.56325, 43.66722 ], [ 3.56468, 43.66775 ], [ 3.56477, 43.66907 ], [ 3.5635, 43.66891 ], [ 3.56367, 43.66991 ], [ 3.5616, 43.67067 ] ] } },
{ "type": "Feature", "properties": { "name": "Ruisseau des Combarels", "weight_class": 1, "permanent": false, "length_km": 3.8 }, "geometry": { "type": "LineString", "coordinates": [ [ 3.54159, 43.68839 ], [ 3.54719, 43.68154 ], [ 3.54961, 43.68097 ], [ 3.55282, 43.68169 ], [ 3.55591, 43.67999 ], [ 3.55737, 43.67767 ], [ 3.55526, 43.67167 ], [ 3.55294, 43.66985 ], [ 3.55334, 43.66648 ], [ 3.54987, 43.66462 ] ] } },
{ "type": "Feature", "properties": { "name": "Rieu Massel", "weight_class": 1, "permanent": false, "length_km": 3.5 }, "geometry": { "type": "LineString", "coordinates": [ [ 3.81128, 43.66405 ], [ 3.81303, 43.64994 ], [ 3.80875, 43.64537 ], [ 3.80657, 43.64422 ], [ 3.80448, 43.64553 ], [ 3.80128, 43.64443 ], [ 3.79874, 43.64184 ] ] } },
{ "type": "Feature", "properties": { "name": "la Mosson", "weight_class": 1, "permanent": true, "length_km": 38.0 }, "geometry": { "type": "LineString", "coordinates": [ [ 3.68324, 43.65619 ], [ 3.68674, 43.65334 ], [ 3.6955, 43.64961 ], [ 3.69781, 43.65018 ], [ 3.70435, 43.64942 ], [ 3.71011, 43.65041 ], [ 3.71392, 43.65316 ], [ 3.71552, 43.65682 ], [ 3.7187, 43.65898 ], [ 3.72047, 43.66177 ], [ 3.72029, 43.66347 ], [ 3.72497, 43.6649 ], [ 3.72924, 43.6699 ], [ 3.73366, 43.66862 ], [ 3.73476, 43.66684 ], [ 3.73739, 43.66603 ], [ 3.74456, 43.66681 ], [ 3.74702, 43.66561 ], [ 3.74779, 43.66357 ], [ 3.75178, 43.6635 ], [ 3.75321, 43.6624 ], [ 3.75792, 43.66374 ], [ 3.76052, 43.6658 ], [ 3.76622, 43.66641 ], [ 3.76753, 43.66565 ], [ 3.77111, 43.66855 ], [ 3.77393, 43.66636 ], [ 3.77712, 43.66679 ], [ 3.77809, 43.66527 ], [ 3.78717, 43.66649 ], [ 3.78714, 43.66475 ], [ 3.7893, 43.66416 ], [ 3.7909, 43.66101 ], [ 3.78916, 43.65675 ], [ 3.7894, 43.65435 ], [ 3.78812, 43.65288 ], [ 3.79083, 43.64878 ], [ 3.79754, 43.64472 ], [ 3.79766, 43.64232 ], [ 3.80163, 43.63773 ], [ 3.80788, 43.6388 ], [ 3.80834, 43.63603 ], [ 3.80716, 43.63442 ], [ 3.81271, 43.63441 ], [ 3.81627, 43.63118 ], [ 3.81514, 43.62848 ], [ 3.80758, 43.62356 ], [ 3.80774, 43.62211 ], [ 3.81091, 43.6218 ], [ 3.81705, 43.61562 ], [ 3.81978, 43.60871 ], [ 3.8196, 43.60569 ], [ 3.81655, 43.6027 ], [ 3.81938, 43.59767 ], [ 3.81796, 43.59609 ], [ 3.81806, 43.59386 ], [ 3.81615, 43.59186 ], [ 3.81718, 43.58886 ], [ 3.81652, 43.58327 ], [ 3.81461, 43.57932 ], [ 3.81497, 43.57344 ], [ 3.80514, 43.56721 ], [ 3.80699, 43.56258 ], [ 3.80719, 43.55794 ], [ 3.80915, 43.55784 ], [ 3.81201, 43.55998 ], [ 3.81494, 43.5597 ], [ 3.82079, 43.55252 ], [ 3.82299, 43.55117 ], [ 3.83221, 43.55718 ], [ 3.83615, 43.55457 ], [ 3.8465, 43.55614 ], [ 3.84823, 43.55155 ], [ 3.85488, 43.54457 ], [ 3.86269, 43.54568 ], [ 3.86354, 43.54836 ], [ 3.86572, 43.54976 ], [ 3.8683, 43.54708 ], [ 3.87335, 43.5475 ], [ 3.87332, 43.5458 ], [ 3.87815, 43.54409 ], [ 3.87859, 43.54205 ], [ 3.88576, 43.53951 ], [ 3.88826, 43.54078 ], [ 3.89245, 43.54019 ], [ 3.89768, 43.54096 ], [ 3.89991, 43.54022 ] ] } },
{ "type": "Feature", "properties": { "name": "Ruisseau de la Fosse", "weight_class": 1, "permanent": false, "length_km": 8.5 }, "geometry": { "type": "LineString", "coordinates": [ [ 3.75846, 43.64184 ], [ 3.75998, 43.63943 ], [ 3.76433, 43.63895 ], [ 3.76532, 43.63534 ], [ 3.76913, 43.6355 ], [ 3.77597, 43.63228 ], [ 3.77442, 43.62881 ], [ 3.77564, 43.62724 ], [ 3.77902, 43.62847 ], [ 3.78106, 43.62823 ], [ 3.78104, 43.62676 ], [ 3.77823, 43.62576 ], [ 3.77814, 43.62483 ], [ 3.77921, 43.62382 ], [ 3.78259, 43.62455 ], [ 3.78306, 43.62059 ], [ 3.78839, 43.61515 ], [ 3.79049, 43.61597 ], [ 3.79598, 43.61422 ], [ 3.79692, 43.61192 ], [ 3.80004, 43.60925 ], [ 3.80316, 43.60807 ], [ 3.80611, 43.60864 ], [ 3.80908, 43.60765 ], [ 3.81657, 43.60259 ] ] } },
{ "type": "Feature", "properties": { "name": "Rieu de Querelle", "weight_class": 1, "permanent": false, "length_km": 4.2 }, "geometry": { "type": "LineString", "coordinates": [ [ 3.73955, 43.64369 ], [ 3.74039, 43.64474 ], [ 3.74739, 43.64645 ], [ 3.75195, 43.64966 ], [ 3.75388, 43.64913 ], [ 3.75661, 43.64971 ], [ 3.762, 43.6552 ], [ 3.76699, 43.65706 ], [ 3.76798, 43.66219 ], [ 3.7654, 43.6633 ], [ 3.76719, 43.66571 ] ] } },
{ "type": "Feature", "properties": { "name": "Ruisseau de la Combe de Laur/Ruisseau de la Prade", "weight_class": 1, "permanent": false, "length_km": 3.5 }, "geometry": { "type": "LineString", "coordinates": [ [ 3.73995, 43.6408 ], [ 3.73558, 43.63936 ], [ 3.72978, 43.63955 ], [ 3.72434, 43.64093 ], [ 3.72331, 43.64172 ], [ 3.72285, 43.64534 ], [ 3.71732, 43.6492 ], [ 3.71856, 43.65066 ], [ 3.71621, 43.65707 ] ] } },
{ "type": "Feature", "properties": { "name": "Ruisseau de Valcrose", "weight_class": 1, "permanent": false, "length_km": 2.4 }, "geometry": { "type": "LineString", "coordinates": [ [ 3.62222, 43.66042 ], [ 3.61588, 43.66497 ], [ 3.61353, 43.66785 ], [ 3.60916, 43.66924 ], [ 3.60435, 43.66757 ], [ 3.6023, 43.66862 ], [ 3.60163, 43.67018 ] ] } },
{ "type": "Feature", "properties": { "name": "Ruisseau de Saint-Jean", "weight_class": 1, "permanent": false, "length_km": 3.0 }, "geometry": { "type": "LineString", "coordinates": [ [ 3.59822, 43.63865 ], [ 3.59375, 43.63877 ], [ 3.59104, 43.64007 ], [ 3.5893, 43.64216 ], [ 3.5886, 43.64913 ], [ 3.584, 43.65135 ], [ 3.58365, 43.65241 ], [ 3.57929, 43.65366 ], [ 3.57828, 43.65544 ] ] } },
{ "type": "Feature", "properties": { "name": "Ruisseau de Besombes", "weight_class": 1, "permanent": false, "length_km": 2.2 }, "geometry": { "type": "LineString", "coordinates": [ [ 3.51286, 43.67182 ], [ 3.52233, 43.6656 ], [ 3.5251, 43.66223 ], [ 3.53136, 43.66078 ] ] } },
{ "type": "Feature", "properties": { "name": "Ruisseau de Lasséderon", "weight_class": 1, "permanent": true, "length_km": 13.4 }, "geometry": { "type": "LineString", "coordinates": [ [ 3.70859, 43.6249 ], [ 3.71002, 43.62644 ], [ 3.71148, 43.62659 ], [ 3.7179, 43.6252 ], [ 3.71948, 43.62404 ], [ 3.72644, 43.62394 ], [ 3.73445, 43.62528 ], [ 3.74149, 43.62433 ], [ 3.74316, 43.62387 ], [ 3.74464, 43.62142 ], [ 3.75009, 43.62028 ], [ 3.75267, 43.61654 ], [ 3.75598, 43.61834 ], [ 3.75656, 43.62169 ], [ 3.75794, 43.62182 ], [ 3.75915, 43.62036 ], [ 3.75864, 43.61917 ], [ 3.76248, 43.61589 ], [ 3.76662, 43.61021 ], [ 3.77146, 43.60605 ], [ 3.77783, 43.60331 ], [ 3.78394, 43.59908 ], [ 3.78436, 43.59714 ], [ 3.79256, 43.59229 ], [ 3.79424, 43.58973 ], [ 3.79601, 43.58899 ], [ 3.79653, 43.58571 ], [ 3.79335, 43.58407 ], [ 3.79374, 43.58188 ], [ 3.79883, 43.57716 ], [ 3.80027, 43.57377 ], [ 3.80559, 43.57112 ], [ 3.80719, 43.5691 ], [ 3.80648, 43.568 ] ] } },
{ "type": "Feature", "properties": { "name": "Rieu Tord", "weight_class": 1, "permanent": true, "length_km": 7.6 }, "geometry": { "type": "LineString", "coordinates": [ [ 3.60715, 43.62295 ], [ 3.60435, 43.62416 ], [ 3.59905, 43.6247 ], [ 3.58913, 43.62875 ], [ 3.57921, 43.62883 ], [ 3.57529, 43.6306 ], [ 3.57387, 43.6324 ], [ 3.56916, 43.63257 ], [ 3.56582, 43.63409 ], [ 3.55728, 43.63518 ], [ 3.55508, 43.6366 ], [ 3.55364, 43.63993 ], [ 3.55014, 43.64129 ], [ 3.54968, 43.64292 ], [ 3.5483, 43.64281 ], [ 3.54519, 43.64587 ], [ 3.53423, 43.64642 ], [ 3.53289, 43.64832 ] ] } },
{ "type": "Feature", "properties": { "name": "Ruisseau de la Combe du Renard", "weight_class": 1, "permanent": false, "length_km": 4.9 }, "geometry": { "type": "LineString", "coordinates": [ [ 3.77624, 43.6419 ], [ 3.77893, 43.6385 ], [ 3.7839, 43.63603 ], [ 3.78475, 43.63169 ], [ 3.78312, 43.62911 ], [ 3.78728, 43.62542 ], [ 3.78627, 43.62456 ], [ 3.78703, 43.62348 ], [ 3.78937, 43.62375 ], [ 3.7931, 43.62038 ], [ 3.80063, 43.61832 ], [ 3.80239, 43.61844 ], [ 3.80514, 43.62155 ], [ 3.80779, 43.62208 ] ] } },
{ "type": "Feature", "properties": { "name": "Ruisseau du Valladas", "weight_class": 1, "permanent": false, "length_km": 5.3 }, "geometry": { "type": "LineString", "coordinates": [ [ 3.62234, 43.60294 ], [ 3.62566, 43.60255 ], [ 3.62645, 43.60167 ], [ 3.63004, 43.60246 ], [ 3.63259, 43.60527 ], [ 3.63669, 43.60611 ], [ 3.63742, 43.60925 ], [ 3.64061, 43.61108 ], [ 3.64093, 43.61322 ], [ 3.64408, 43.61225 ], [ 3.64438, 43.61355 ], [ 3.64598, 43.61382 ], [ 3.64815, 43.61281 ], [ 3.64788, 43.61405 ], [ 3.65286, 43.61698 ], [ 3.65142, 43.61926 ], [ 3.65241, 43.62252 ], [ 3.65565, 43.62364 ], [ 3.65592, 43.62505 ] ] } },
{ "type": "Feature", "properties": { "name": "Ruisseau de Prade/Ruisseau des Baisses", "weight_class": 1, "permanent": false, "length_km": 3.9 }, "geometry": { "type": "LineString", "coordinates": [ [ 3.62116, 43.61115 ], [ 3.62361, 43.61417 ], [ 3.62865, 43.61753 ], [ 3.63673, 43.61932 ], [ 3.64491, 43.62339 ], [ 3.6508, 43.62456 ], [ 3.65458, 43.6243 ], [ 3.65639, 43.62555 ], [ 3.66033, 43.6262 ] ] } },
{ "type": "Feature", "properties": { "name": "Ruisseau de l'Aurelle", "weight_class": 1, "permanent": true, "length_km": 3.8 }, "geometry": { "type": "LineString", "coordinates": [ [ 3.54047, 43.61546 ], [ 3.5361, 43.61531 ], [ 3.53648, 43.61751 ], [ 3.53158, 43.62134 ], [ 3.52685, 43.62265 ], [ 3.5235, 43.62708 ], [ 3.51888, 43.63002 ], [ 3.51897, 43.63175 ], [ 3.51718, 43.63296 ], [ 3.51381, 43.63152 ], [ 3.51117, 43.63228 ] ] } },
{ "type": "Feature", "properties": { "name": "Ruisseau des Dourmettes", "weight_class": 1, "permanent": true, "length_km": 4.2 }, "geometry": { "type": "LineString", "coordinates": [ [ 3.55843, 43.62175 ], [ 3.55413, 43.62085 ], [ 3.55106, 43.62234 ], [ 3.54962, 43.62378 ], [ 3.54971, 43.62694 ], [ 3.54638, 43.63118 ], [ 3.53891, 43.63498 ], [ 3.53718, 43.63719 ], [ 3.5348, 43.63712 ], [ 3.52754, 43.64026 ], [ 3.52376, 43.64314 ] ] } },
{ "type": "Feature", "properties": { "name": "le Rieu Salat", "weight_class": 1, "permanent": false, "length_km": 5.2 }, "geometry": { "type": "LineString", "coordinates": [ [ 3.60503, 43.61164 ], [ 3.60045, 43.61311 ], [ 3.59485, 43.61273 ], [ 3.58479, 43.61617 ], [ 3.57898, 43.6204 ], [ 3.57666, 43.62056 ], [ 3.5737, 43.62227 ], [ 3.56532, 43.63286 ], [ 3.55736, 43.63516 ] ] } },
{ "type": "Feature", "properties": { "name": "Ruisseau de Bouisset", "weight_class": 1, "permanent": true, "length_km": 3.2 }, "geometry": { "type": "LineString", "coordinates": [ [ 3.57062, 43.61142 ], [ 3.5667, 43.61281 ], [ 3.56282, 43.61623 ], [ 3.56023, 43.61688 ], [ 3.56398, 43.62151 ], [ 3.56054, 43.63382 ] ] } },
{ "type": "Feature", "properties": { "name": "Ruisseau de Lussac", "weight_class": 1, "permanent": false, "length_km": 5.4 }, "geometry": { "type": "LineString", "coordinates": [ [ 3.54824, 43.59559 ], [ 3.53984, 43.60703 ], [ 3.53436, 43.60951 ], [ 3.5257, 43.61084 ], [ 3.52009, 43.61423 ], [ 3.50908, 43.6164 ], [ 3.50589, 43.61512 ], [ 3.506, 43.61396 ], [ 3.50416, 43.61229 ], [ 3.50072, 43.61192 ] ] } },
{ "type": "Feature", "properties": { "name": "Fossé des Gousses", "weight_class": 1, "permanent": false, "length_km": 2.9 }, "geometry": { "type": "LineString", "coordinates": [ [ 3.79311, 43.60281 ], [ 3.79415, 43.60096 ], [ 3.79732, 43.59968 ], [ 3.80395, 43.59893 ], [ 3.81511, 43.59995 ], [ 3.81576, 43.59475 ], [ 3.81418, 43.59204 ] ] } },
{ "type": "Feature", "properties": { "name": "Ruisseau de Révirades", "weight_class": 1, "permanent": false, "length_km": 3.6 }, "geometry": { "type": "LineString", "coordinates": [ [ 3.70926, 43.60977 ], [ 3.71156, 43.60134 ], [ 3.70975, 43.59999 ], [ 3.71135, 43.59815 ], [ 3.71014, 43.59556 ], [ 3.7107, 43.59435 ], [ 3.7083, 43.59268 ], [ 3.70909, 43.59046 ], [ 3.70453, 43.58941 ], [ 3.70466, 43.58832 ], [ 3.70277, 43.58838 ], [ 3.70246, 43.58585 ] ] } },
{ "type": "Feature", "properties": { "name": "Ruisseau de Pallas", "weight_class": 1, "permanent": false, "length_km": 12.9 }, "geometry": { "type": "LineString", "coordinates": [ [ 3.55921, 43.51103 ], [ 3.5622, 43.51062 ], [ 3.56412, 43.51206 ], [ 3.56663, 43.51211 ], [ 3.57516, 43.51483 ], [ 3.58343, 43.5115 ], [ 3.58318, 43.50863 ], [ 3.58477, 43.5052 ], [ 3.58143, 43.5022 ], [ 3.58223, 43.49814 ], [ 3.58008, 43.49766 ], [ 3.57965, 43.49628 ], [ 3.5819, 43.48997 ], [ 3.58093, 43.48824 ], [ 3.58176, 43.48401 ], [ 3.58713, 43.47921 ], [ 3.58806, 43.47633 ], [ 3.5936, 43.47184 ], [ 3.5963, 43.46819 ], [ 3.59662, 43.45661 ], [ 3.59938, 43.44952 ], [ 3.60378, 43.44104 ], [ 3.60633, 43.43881 ], [ 3.60725, 43.43547 ], [ 3.60935, 43.43242 ], [ 3.61222, 43.43092 ], [ 3.61547, 43.43086 ] ] } },
{ "type": "Feature", "properties": { "name": "Ruisseau de Barbière", "weight_class": 1, "permanent": false, "length_km": 5.4 }, "geometry": { "type": "LineString", "coordinates": [ [ 3.73459, 43.48288 ], [ 3.73749, 43.4849 ], [ 3.73853, 43.48836 ], [ 3.73574, 43.49059 ], [ 3.73457, 43.49446 ], [ 3.72904, 43.49603 ], [ 3.72213, 43.49477 ], [ 3.72076, 43.49531 ], [ 3.71134, 43.49224 ], [ 3.70772, 43.48999 ], [ 3.701, 43.49027 ], [ 3.69445, 43.48801 ] ] } },
{ "type": "Feature", "properties": { "name": "Ruisseau des Cauquillades", "weight_class": 1, "permanent": false, "length_km": 6.9 }, "geometry": { "type": "LineString", "coordinates": [ [ 3.54711, 43.49152 ], [ 3.55784, 43.48117 ], [ 3.56043, 43.48225 ], [ 3.56328, 43.48206 ], [ 3.56442, 43.47953 ], [ 3.57452, 43.47377 ], [ 3.57701, 43.47483 ], [ 3.57859, 43.47741 ], [ 3.5809, 43.47731 ], [ 3.58343, 43.4753 ], [ 3.58429, 43.472 ], [ 3.5905, 43.46181 ], [ 3.59662, 43.45661 ] ] } },
{ "type": "Feature", "properties": { "name": "Ruisseau de Nègue-Vaques", "weight_class": 1, "permanent": false, "length_km": 9.2 }, "geometry": { "type": "LineString", "coordinates": [ [ 3.5335, 43.47041 ], [ 3.53538, 43.46753 ], [ 3.53462, 43.46195 ], [ 3.53538, 43.46165 ], [ 3.53106, 43.45635 ], [ 3.53204, 43.45356 ], [ 3.53079, 43.45116 ], [ 3.53409, 43.44558 ], [ 3.53509, 43.44124 ], [ 3.53679, 43.44002 ], [ 3.53958, 43.43486 ], [ 3.54794, 43.42707 ], [ 3.56867, 43.41102 ], [ 3.57029, 43.41 ], [ 3.57158, 43.41075 ], [ 3.57533, 43.40636 ], [ 3.57472, 43.40335 ] ] } },
{ "type": "Feature", "properties": { "name": "Ruisseau de Marinesque", "weight_class": 1, "permanent": false, "length_km": 2.5 }, "geometry": { "type": "LineString", "coordinates": [ [ 3.61531, 43.46224 ], [ 3.61147, 43.46345 ], [ 3.60675, 43.46156 ], [ 3.59826, 43.46475 ], [ 3.59653, 43.45824 ] ] } },
{ "type": "Feature", "properties": { "name": "Ruisseau de Peyroulés", "weight_class": 1, "permanent": false, "length_km": 2.1 }, "geometry": { "type": "LineString", "coordinates": [ [ 3.68422, 43.57031 ], [ 3.68727, 43.56559 ], [ 3.6984, 43.56505 ], [ 3.70145, 43.56296 ], [ 3.70376, 43.56259 ] ] } },
{ "type": "Feature", "properties": { "name": "Rieu Coulon", "weight_class": 1, "permanent": false, "length_km": 8.2 }, "geometry": { "type": "LineString", "coordinates": [ [ 3.84179, 43.59801 ], [ 3.83808, 43.59438 ], [ 3.83821, 43.59288 ], [ 3.84226, 43.58779 ], [ 3.84828, 43.58409 ], [ 3.85461, 43.57494 ], [ 3.85856, 43.5714 ], [ 3.86187, 43.56524 ], [ 3.87073, 43.55587 ], [ 3.88302, 43.55005 ], [ 3.89367, 43.54042 ] ] } },
{ "type": "Feature", "properties": { "name": "Ruisseau de Pignarel", "weight_class": 1, "permanent": false, "length_km": 3.8 }, "geometry": { "type": "LineString", "coordinates": [ [ 3.74211, 43.5985 ], [ 3.74556, 43.59528 ], [ 3.74628, 43.5921 ], [ 3.75047, 43.59037 ], [ 3.75273, 43.58672 ], [ 3.75507, 43.58624 ], [ 3.75698, 43.58087 ], [ 3.76236, 43.57696 ], [ 3.76475, 43.5727 ] ] } },
{ "type": "Feature", "properties": { "name": "Ruisseau de la Garonne", "weight_class": 1, "permanent": false, "length_km": 2.6 }, "geometry": { "type": "LineString", "coordinates": [ [ 3.74034, 43.58745 ], [ 3.74164, 43.58442 ], [ 3.74971, 43.58167 ], [ 3.74986, 43.57907 ], [ 3.75265, 43.57738 ], [ 3.75218, 43.57688 ], [ 3.75761, 43.57174 ] ] } },
{ "type": "Feature", "properties": { "name": "Ruisseau de Vertoublanc", "weight_class": 1, "permanent": false, "length_km": 6.6 }, "geometry": { "type": "LineString", "coordinates": [ [ 3.72872, 43.5994 ], [ 3.73052, 43.59878 ], [ 3.73358, 43.5993 ], [ 3.74029, 43.60246 ], [ 3.74891, 43.60272 ], [ 3.75313, 43.59752 ], [ 3.75633, 43.596 ], [ 3.75631, 43.59428 ], [ 3.76074, 43.59271 ], [ 3.76009, 43.59142 ], [ 3.76135, 43.59096 ], [ 3.7649, 43.59212 ], [ 3.76814, 43.58964 ], [ 3.76896, 43.58269 ], [ 3.77384, 43.57875 ], [ 3.77504, 43.57922 ], [ 3.77653, 43.57373 ] ] } },
{ "type": "Feature", "properties": { "name": "Ruisseau du Boulidou", "weight_class": 1, "permanent": false, "length_km": 3.6 }, "geometry": { "type": "LineString", "coordinates": [ [ 3.72742, 43.58722 ], [ 3.72804, 43.58546 ], [ 3.73308, 43.5816 ], [ 3.73545, 43.58279 ], [ 3.73684, 43.58248 ], [ 3.73781, 43.58034 ], [ 3.74054, 43.57927 ], [ 3.74026, 43.57828 ], [ 3.74965, 43.57329 ], [ 3.75084, 43.56919 ], [ 3.74998, 43.56913 ], [ 3.75116, 43.56793 ], [ 3.75173, 43.56836 ] ] } },
{ "type": "Feature", "properties": { "name": "Ruisseau des Hubats", "weight_class": 1, "permanent": false, "length_km": 2.2 }, "geometry": { "type": "LineString", "coordinates": [ [ 3.66395, 43.60114 ], [ 3.66783, 43.60222 ], [ 3.67582, 43.59932 ], [ 3.68124, 43.60098 ], [ 3.68228, 43.60254 ], [ 3.68627, 43.60463 ] ] } },
{ "type": "Feature", "properties": { "name": "Ruisseau de la Grande Combe", "weight_class": 1, "permanent": false, "length_km": 3.3 }, "geometry": { "type": "LineString", "coordinates": [ [ 3.65885, 43.58906 ], [ 3.66811, 43.58978 ], [ 3.6712, 43.58812 ], [ 3.67414, 43.58828 ], [ 3.67579, 43.58746 ], [ 3.68677, 43.58746 ], [ 3.69699, 43.58914 ] ] } },
{ "type": "Feature", "properties": { "name": "Ruisseau de la Fare", "weight_class": 1, "permanent": false, "length_km": 6.4 }, "geometry": { "type": "LineString", "coordinates": [ [ 3.62027, 43.59466 ], [ 3.61652, 43.592 ], [ 3.61626, 43.58977 ], [ 3.61158, 43.58802 ], [ 3.61016, 43.58514 ], [ 3.60682, 43.58607 ], [ 3.60602, 43.58519 ], [ 3.60295, 43.58509 ], [ 3.60147, 43.58718 ], [ 3.60043, 43.58523 ], [ 3.59613, 43.58413 ], [ 3.59723, 43.58216 ], [ 3.59348, 43.58184 ], [ 3.5933, 43.58004 ], [ 3.59092, 43.58125 ], [ 3.59079, 43.5803 ], [ 3.58587, 43.58101 ], [ 3.58193, 43.57946 ], [ 3.57664, 43.58018 ], [ 3.57486, 43.57914 ], [ 3.57114, 43.5803 ] ] } },
{ "type": "Feature", "properties": { "name": "Ruisseau de Paravel", "weight_class": 1, "permanent": false, "length_km": 7.0 }, "geometry": { "type": "LineString", "coordinates": [ [ 3.6001, 43.59112 ], [ 3.59261, 43.58656 ], [ 3.58363, 43.58514 ], [ 3.5817, 43.58565 ], [ 3.57858, 43.58452 ], [ 3.57662, 43.5855 ], [ 3.57584, 43.58478 ], [ 3.57436, 43.58518 ], [ 3.57161, 43.58334 ], [ 3.57114, 43.5803 ], [ 3.56416, 43.57817 ], [ 3.56333, 43.57685 ], [ 3.55624, 43.57273 ], [ 3.54642, 43.57515 ], [ 3.54042, 43.57524 ], [ 3.53906, 43.57433 ], [ 3.53657, 43.57453 ], [ 3.53577, 43.57598 ], [ 3.53223, 43.57573 ] ] } },
{ "type": "Feature", "properties": { "name": "le Rouviège", "weight_class": 1, "permanent": false, "length_km": 14.8 }, "geometry": { "type": "LineString", "coordinates": [ [ 3.60168, 43.6046 ], [ 3.59936, 43.60207 ], [ 3.59513, 43.60148 ], [ 3.58976, 43.59714 ], [ 3.58575, 43.5974 ], [ 3.58295, 43.59922 ], [ 3.58229, 43.59803 ], [ 3.58068, 43.59885 ], [ 3.58005, 43.59851 ], [ 3.58197, 43.5962 ], [ 3.58112, 43.59544 ], [ 3.5769, 43.59764 ], [ 3.56602, 43.58727 ], [ 3.56362, 43.58748 ], [ 3.56245, 43.5863 ], [ 3.55449, 43.5879 ], [ 3.5486, 43.58708 ], [ 3.54361, 43.58797 ], [ 3.54056, 43.58644 ], [ 3.53716, 43.58297 ], [ 3.53576, 43.58287 ], [ 3.53544, 43.58042 ], [ 3.53285, 43.5784 ], [ 3.53216, 43.57537 ], [ 3.52692, 43.57332 ], [ 3.52148, 43.57365 ], [ 3.51852, 43.57163 ], [ 3.51904, 43.56916 ], [ 3.51724, 43.56788 ], [ 3.5159, 43.56246 ], [ 3.50921, 43.56274 ], [ 3.50518, 43.5557 ], [ 3.49646, 43.55365 ], [ 3.49364, 43.55517 ], [ 3.48594, 43.55457 ] ] } },
{ "type": "Feature", "properties": { "name": "Ruisseau de Brue", "weight_class": 1, "permanent": true, "length_km": 5.0 }, "geometry": { "type": "LineString", "coordinates": [ [ 3.75503, 43.56764 ], [ 3.75923, 43.56926 ], [ 3.76383, 43.57259 ], [ 3.76526, 43.57236 ], [ 3.769, 43.57431 ], [ 3.77177, 43.57469 ], [ 3.7775, 43.57361 ], [ 3.78063, 43.57421 ], [ 3.78349, 43.57138 ], [ 3.80265, 43.56387 ], [ 3.80432, 43.56375 ], [ 3.80606, 43.56533 ] ] } },
{ "type": "Feature", "properties": { "name": "Ruisseau de Pisse-Saumes", "weight_class": 1, "permanent": false, "length_km": 2.5 }, "geometry": { "type": "LineString", "coordinates": [ [ 3.73746, 43.55517 ], [ 3.73772, 43.55392 ], [ 3.74131, 43.55374 ], [ 3.74557, 43.55148 ], [ 3.75126, 43.55373 ], [ 3.76126, 43.5558 ], [ 3.76276, 43.55713 ] ] } },
{ "type": "Feature", "properties": { "name": "Ruisseau de Sainte-Cécile", "weight_class": 1, "permanent": false, "length_km": 2.6 }, "geometry": { "type": "LineString", "coordinates": [ [ 3.71668, 43.5814 ], [ 3.72036, 43.57697 ], [ 3.7274, 43.57524 ], [ 3.7296, 43.57349 ], [ 3.73357, 43.57293 ], [ 3.74015, 43.56782 ] ] } },
{ "type": "Feature", "properties": { "name": "Ruisseau de Combe Escure", "weight_class": 1, "permanent": false, "length_km": 5.2 }, "geometry": { "type": "LineString", "coordinates": [ [ 3.66676, 43.57958 ], [ 3.67027, 43.58065 ], [ 3.67272, 43.57918 ], [ 3.67791, 43.5797 ], [ 3.67969, 43.57823 ], [ 3.68852, 43.57486 ], [ 3.69514, 43.57013 ], [ 3.6992, 43.56943 ], [ 3.70138, 43.57063 ], [ 3.70318, 43.57026 ], [ 3.70685, 43.56577 ], [ 3.70895, 43.56569 ], [ 3.70868, 43.56395 ], [ 3.71014, 43.56175 ], [ 3.71336, 43.562 ] ] } },
{ "type": "Feature", "properties": { "name": "Ruisseau de la Billière", "weight_class": 1, "permanent": false, "length_km": 8.1 }, "geometry": { "type": "LineString", "coordinates": [ [ 3.65109, 43.55904 ], [ 3.65451, 43.55642 ], [ 3.66006, 43.55582 ], [ 3.66637, 43.55722 ], [ 3.67264, 43.56428 ], [ 3.68011, 43.56473 ], [ 3.6825, 43.56426 ], [ 3.68407, 43.56258 ], [ 3.68729, 43.56297 ], [ 3.68821, 43.56144 ], [ 3.69025, 43.56182 ], [ 3.69575, 43.56008 ], [ 3.69757, 43.56077 ], [ 3.69909, 43.55827 ], [ 3.70316, 43.55562 ], [ 3.70812, 43.55358 ], [ 3.71049, 43.55369 ], [ 3.71637, 43.55018 ], [ 3.72431, 43.55176 ], [ 3.72983, 43.5506 ] ] } },
{ "type": "Feature", "properties": { "name": "Ruisseau de la Combe des Verriers", "weight_class": 1, "permanent": false, "length_km": 4.2 }, "geometry": { "type": "LineString", "coordinates": [ [ 3.61737, 43.55897 ], [ 3.61468, 43.55836 ], [ 3.61257, 43.55892 ], [ 3.6061, 43.55703 ], [ 3.60236, 43.55721 ], [ 3.60056, 43.5588 ], [ 3.5933, 43.55958 ], [ 3.59248, 43.55827 ], [ 3.58705, 43.55686 ], [ 3.58551, 43.55736 ], [ 3.58449, 43.55664 ], [ 3.5849, 43.5544 ], [ 3.57859, 43.55089 ] ] } },
{ "type": "Feature", "properties": { "name": "le Rec", "weight_class": 1, "permanent": false, "length_km": 2.9 }, "geometry": { "type": "LineString", "coordinates": [ [ 3.53352, 43.56679 ], [ 3.53041, 43.56154 ], [ 3.53035, 43.55598 ], [ 3.52775, 43.55406 ], [ 3.5287, 43.55339 ], [ 3.52749, 43.5522 ], [ 3.52832, 43.55147 ], [ 3.52555, 43.55089 ], [ 3.52682, 43.54814 ], [ 3.52428, 43.54629 ] ] } },
{ "type": "Feature", "properties": { "name": "l'Aigarelle", "weight_class": 1, "permanent": false, "length_km": 5.8 }, "geometry": { "type": "LineString", "coordinates": [ [ 3.74674, 43.53786 ], [ 3.75584, 43.53031 ], [ 3.75728, 43.53031 ], [ 3.76323, 43.53232 ], [ 3.76429, 43.53397 ], [ 3.76859, 43.5356 ], [ 3.77858, 43.53803 ], [ 3.77851, 43.54227 ], [ 3.78018, 43.54347 ], [ 3.78692, 43.54493 ], [ 3.79627, 43.55319 ] ] } },
{ "type": "Feature", "properties": { "name": "Ruisseau de la Canabiere", "weight_class": 1, "permanent": false, "length_km": 2.8 }, "geometry": { "type": "LineString", "coordinates": [ [ 3.80401, 43.5346 ], [ 3.80523, 43.52625 ], [ 3.80372, 43.52384 ], [ 3.80428, 43.5187 ], [ 3.80812, 43.51343 ], [ 3.81082, 43.51297 ] ] } },
{ "type": "Feature", "properties": { "name": "Ruisseau du Pontel", "weight_class": 1, "permanent": false, "length_km": 2.8 }, "geometry": { "type": "LineString", "coordinates": [ [ 3.72265, 43.54377 ], [ 3.72807, 43.54172 ], [ 3.73354, 43.54499 ], [ 3.73856, 43.54339 ], [ 3.74766, 43.54739 ], [ 3.74959, 43.55049 ] ] } },
{ "type": "Feature", "properties": { "name": "Ruisseau du Merdanson", "weight_class": 1, "permanent": false, "length_km": 4.9 }, "geometry": { "type": "LineString", "coordinates": [ [ 3.72983, 43.5506 ], [ 3.73085, 43.5512 ], [ 3.74537, 43.54909 ], [ 3.74827, 43.55052 ], [ 3.75121, 43.55057 ], [ 3.75567, 43.54993 ], [ 3.75677, 43.54901 ], [ 3.7579, 43.55161 ], [ 3.76147, 43.55419 ], [ 3.76449, 43.55362 ], [ 3.76762, 43.55033 ], [ 3.77086, 43.55095 ], [ 3.77535, 43.55363 ] ] } },
{ "type": "Feature", "properties": { "name": "Ruisseau de Vire", "weight_class": 1, "permanent": false, "length_km": 2.3 }, "geometry": { "type": "LineString", "coordinates": [ [ 3.733, 43.52544 ], [ 3.72519, 43.51816 ], [ 3.72012, 43.51152 ], [ 3.71618, 43.5107 ] ] } },
{ "type": "Feature", "properties": { "name": "la Vène", "weight_class": 1, "permanent": true, "length_km": 16.5 }, "geometry": { "type": "LineString", "coordinates": [ [ 3.69492, 43.53401 ], [ 3.69709, 43.53295 ], [ 3.69748, 43.53142 ], [ 3.70386, 43.53046 ], [ 3.7042, 43.52943 ], [ 3.69964, 43.5253 ], [ 3.69626, 43.52404 ], [ 3.69404, 43.5246 ], [ 3.69148, 43.52312 ], [ 3.69333, 43.52162 ], [ 3.69225, 43.51921 ], [ 3.6932, 43.51749 ], [ 3.69258, 43.51547 ], [ 3.69867, 43.51235 ], [ 3.7036, 43.50417 ], [ 3.70295, 43.50113 ], [ 3.70143, 43.50021 ], [ 3.70145, 43.49799 ], [ 3.6991, 43.49681 ], [ 3.69711, 43.49374 ], [ 3.69743, 43.49225 ], [ 3.69494, 43.49087 ], [ 3.69407, 43.48917 ], [ 3.69421, 43.48677 ], [ 3.69598, 43.48559 ], [ 3.69895, 43.47978 ], [ 3.69201, 43.47467 ], [ 3.68996, 43.47068 ], [ 3.68503, 43.46706 ], [ 3.68045, 43.46465 ], [ 3.67503, 43.46405 ], [ 3.67091, 43.45982 ], [ 3.67317, 43.45581 ], [ 3.66552, 43.44222 ], [ 3.66198, 43.42475 ] ] } },
{ "type": "Feature", "properties": { "name": "Ruisseau des Oulettes", "weight_class": 1, "permanent": true, "length_km": 6.2 }, "geometry": { "type": "LineString", "coordinates": [ [ 3.66484, 43.53051 ], [ 3.6674, 43.52551 ], [ 3.66766, 43.51954 ], [ 3.67043, 43.5154 ], [ 3.6747, 43.51222 ], [ 3.67399, 43.51088 ], [ 3.67487, 43.50879 ], [ 3.68073, 43.5072 ], [ 3.68178, 43.50592 ], [ 3.68225, 43.50124 ], [ 3.68391, 43.49875 ], [ 3.68295, 43.49383 ], [ 3.68731, 43.49003 ], [ 3.69433, 43.48862 ] ] } },
{ "type": "Feature", "properties": { "name": "Ruisseau de la Calade/Ruisseau de la Combe des Marouch", "weight_class": 1, "permanent": false, "length_km": 10.6 }, "geometry": { "type": "LineString", "coordinates": [ [ 3.58162, 43.53088 ], [ 3.57693, 43.52923 ], [ 3.5781, 43.52767 ], [ 3.57882, 43.52162 ], [ 3.58665, 43.51915 ], [ 3.58921, 43.51741 ], [ 3.59428, 43.51766 ], [ 3.59771, 43.51687 ], [ 3.60261, 43.51381 ], [ 3.61268, 43.51122 ], [ 3.61844, 43.50602 ], [ 3.6192, 43.50343 ], [ 3.61702, 43.502 ], [ 3.61445, 43.49806 ], [ 3.61336, 43.49792 ], [ 3.6126, 43.49524 ], [ 3.61029, 43.49433 ], [ 3.60736, 43.48872 ], [ 3.60475, 43.48755 ], [ 3.59607, 43.47871 ], [ 3.59599, 43.46868 ] ] } },
{ "type": "Feature", "properties": { "name": "Ruisseau de Bagiscles", "weight_class": 1, "permanent": false, "length_km": 2.8 }, "geometry": { "type": "LineString", "coordinates": [ [ 3.5976, 43.53689 ], [ 3.59641, 43.53917 ], [ 3.59235, 43.54123 ], [ 3.59251, 43.54351 ], [ 3.59099, 43.5437 ], [ 3.58797, 43.54184 ], [ 3.58719, 43.54427 ], [ 3.5859, 43.54441 ], [ 3.58563, 43.54605 ], [ 3.58428, 43.54667 ], [ 3.58429, 43.55072 ], [ 3.58295, 43.55107 ] ] } },
{ "type": "Feature", "properties": { "name": "le Dardaillon", "weight_class": 1, "permanent": false, "length_km": 14.9 }, "geometry": { "type": "LineString", "coordinates": [ [ 3.6329, 43.54471 ], [ 3.62933, 43.54677 ], [ 3.61825, 43.54467 ], [ 3.61421, 43.54795 ], [ 3.61235, 43.54722 ], [ 3.6124, 43.54625 ], [ 3.61062, 43.54658 ], [ 3.61006, 43.5458 ], [ 3.60694, 43.54572 ], [ 3.60666, 43.54717 ], [ 3.60591, 43.54651 ], [ 3.60304, 43.54681 ], [ 3.6021, 43.54571 ], [ 3.59793, 43.54686 ], [ 3.5966, 43.54812 ], [ 3.59545, 43.54778 ], [ 3.59538, 43.54893 ], [ 3.59406, 43.54944 ], [ 3.5891, 43.54971 ], [ 3.58356, 43.55123 ], [ 3.57761, 43.55082 ], [ 3.57337, 43.55286 ], [ 3.56933, 43.55115 ], [ 3.56288, 43.55239 ], [ 3.55391, 43.54909 ], [ 3.54808, 43.55015 ], [ 3.54001, 43.54983 ], [ 3.53927, 43.54833 ], [ 3.53338, 43.54765 ], [ 3.53076, 43.54563 ], [ 3.52728, 43.54665 ], [ 3.51238, 43.54581 ], [ 3.51029, 43.54745 ], [ 3.50242, 43.5471 ], [ 3.49746, 43.5486 ], [ 3.48714, 43.54822 ], [ 3.48456, 43.55012 ], [ 3.48373, 43.54946 ], [ 3.48293, 43.55044 ], [ 3.48164, 43.54999 ] ] } },
{ "type": "Feature", "properties": { "name": "Ruisseau des Contours", "weight_class": 1, "permanent": false, "length_km": 3.5 }, "geometry": { "type": "LineString", "coordinates": [ [ 3.56204, 43.535 ], [ 3.55988, 43.53635 ], [ 3.55475, 43.53634 ], [ 3.54831, 43.53398 ], [ 3.54669, 43.53449 ], [ 3.54312, 43.54033 ], [ 3.54092, 43.54155 ], [ 3.5411, 43.54317 ], [ 3.5398, 43.54456 ], [ 3.53544, 43.5465 ], [ 3.53204, 43.54678 ] ] } },
{ "type": "Feature", "properties": { "name": "Ruisseau de la Combe de Sagné", "weight_class": 1, "permanent": false, "length_km": 4.2 }, "geometry": { "type": "LineString", "coordinates": [ [ 3.56484, 43.53063 ], [ 3.56617, 43.53276 ], [ 3.57304, 43.53354 ], [ 3.57423, 43.5377 ], [ 3.5719, 43.54137 ], [ 3.56899, 43.54456 ], [ 3.56594, 43.54507 ], [ 3.56467, 43.54394 ], [ 3.55923, 43.54425 ], [ 3.55505, 43.54782 ], [ 3.55053, 43.54943 ] ] } },
{ "type": "Feature", "properties": { "name": "la Robine", "weight_class": 2, "permanent": true, "length_km": 2.9 }, "geometry": { "type": "LineString", "coordinates": [ [ 3.78084, 43.4966 ], [ 3.7918, 43.49238 ], [ 3.79695, 43.49279 ], [ 3.80042, 43.49534 ], [ 3.80437, 43.49575 ], [ 3.81213, 43.49362 ] ] } },
{ "type": "Feature", "properties": { "name": "Ruisseau des Combes", "weight_class": 1, "permanent": false, "length_km": 5.2 }, "geometry": { "type": "LineString", "coordinates": [ [ 3.74576, 43.48985 ], [ 3.74142, 43.49679 ], [ 3.73508, 43.49992 ], [ 3.73585, 43.50137 ], [ 3.73503, 43.50215 ], [ 3.73096, 43.50411 ], [ 3.727, 43.50406 ], [ 3.72049, 43.50952 ], [ 3.71352, 43.51143 ], [ 3.71029, 43.5111 ], [ 3.70296, 43.50624 ] ] } },
{ "type": "Feature", "properties": { "name": "Fossé de Reille/Fossé de Reylha", "weight_class": 1, "permanent": false, "length_km": 2.1 }, "geometry": { "type": "LineString", "coordinates": [ [ 3.68692, 43.51104 ], [ 3.69262, 43.50586 ], [ 3.69447, 43.49817 ], [ 3.69606, 43.49662 ], [ 3.6988, 43.49611 ] ] } },
{ "type": "Feature", "properties": { "name": "Ruisseau de la Combe Rouge", "weight_class": 1, "permanent": false, "length_km": 2.2 }, "geometry": { "type": "LineString", "coordinates": [ [ 3.62867, 43.52307 ], [ 3.62833, 43.52217 ], [ 3.62246, 43.51998 ], [ 3.62206, 43.51696 ], [ 3.61834, 43.51404 ], [ 3.61588, 43.50798 ] ] } },
{ "type": "Feature", "properties": { "name": "Ruisseau des Prés Bas", "weight_class": 1, "permanent": true, "length_km": 3.9 }, "geometry": { "type": "LineString", "coordinates": [ [ 3.5958, 43.50657 ], [ 3.59801, 43.50333 ], [ 3.597, 43.50256 ], [ 3.59887, 43.49643 ], [ 3.59819, 43.49346 ], [ 3.59056, 43.48895 ], [ 3.58898, 43.48535 ], [ 3.59186, 43.48316 ], [ 3.59591, 43.47765 ] ] } },
{ "type": "Feature", "properties": { "name": "Ruisseau de Marcouine", "weight_class": 1, "permanent": false, "length_km": 2.7 }, "geometry": { "type": "LineString", "coordinates": [ [ 3.55372, 43.50193 ], [ 3.55493, 43.50389 ], [ 3.56767, 43.50371 ], [ 3.5723, 43.50265 ], [ 3.57965, 43.49628 ] ] } },
{ "type": "Feature", "properties": { "name": "Rivière de Gourdouman", "weight_class": 1, "permanent": false, "length_km": 5.9 }, "geometry": { "type": "LineString", "coordinates": [ [ 3.52999, 43.49962 ], [ 3.52638, 43.50347 ], [ 3.52099, 43.5067 ], [ 3.51256, 43.50843 ], [ 3.50851, 43.51073 ], [ 3.50575, 43.51103 ], [ 3.50302, 43.50951 ], [ 3.49941, 43.50927 ], [ 3.49818, 43.51021 ], [ 3.49564, 43.5102 ], [ 3.49346, 43.50895 ], [ 3.49279, 43.50704 ], [ 3.49, 43.50592 ], [ 3.48682, 43.50635 ], [ 3.4859, 43.50543 ], [ 3.48414, 43.50098 ], [ 3.48448, 43.49841 ], [ 3.48216, 43.49432 ] ] } },
{ "type": "Feature", "properties": { "name": "Ruisseau de Saint-Julien", "weight_class": 1, "permanent": false, "length_km": 4.2 }, "geometry": { "type": "LineString", "coordinates": [ [ 3.5475, 43.50703 ], [ 3.54237, 43.50607 ], [ 3.53939, 43.50691 ], [ 3.53793, 43.50585 ], [ 3.52458, 43.50926 ], [ 3.52245, 43.51128 ], [ 3.51756, 43.51338 ], [ 3.51583, 43.51746 ], [ 3.51249, 43.51952 ], [ 3.51212, 43.52219 ] ] } },
{ "type": "Feature", "properties": { "name": "Ruisseau du Mouchas", "weight_class": 1, "permanent": false, "length_km": 2.2 }, "geometry": { "type": "LineString", "coordinates": [ [ 3.72708, 43.48019 ], [ 3.72581, 43.47729 ], [ 3.72358, 43.47594 ], [ 3.72393, 43.47381 ], [ 3.72019, 43.4698 ], [ 3.71587, 43.46708 ], [ 3.71265, 43.46745 ] ] } },
{ "type": "Feature", "properties": { "name": "Ruisseau de la Lauze", "weight_class": 1, "permanent": false, "length_km": 2.1 }, "geometry": { "type": "LineString", "coordinates": [ [ 3.66951, 43.48786 ], [ 3.6758, 43.47769 ], [ 3.67867, 43.47448 ], [ 3.67954, 43.47472 ], [ 3.68064, 43.47214 ] ] } },
{ "type": "Feature", "properties": { "name": "Ruisseau de Valaury", "weight_class": 1, "permanent": false, "length_km": 2.0 }, "geometry": { "type": "LineString", "coordinates": [ [ 3.66333, 43.48566 ], [ 3.66514, 43.48325 ], [ 3.66562, 43.47918 ], [ 3.66842, 43.47717 ], [ 3.66821, 43.4754 ], [ 3.67526, 43.47285 ] ] } },
{ "type": "Feature", "properties": { "name": "Ruisseau des Aiguilles", "weight_class": 1, "permanent": false, "length_km": 4.6 }, "geometry": { "type": "LineString", "coordinates": [ [ 3.63599, 43.46677 ], [ 3.64202, 43.46811 ], [ 3.64526, 43.46571 ], [ 3.64855, 43.46536 ], [ 3.65096, 43.46403 ], [ 3.65202, 43.45774 ], [ 3.65491, 43.45758 ], [ 3.65595, 43.4559 ], [ 3.65907, 43.45476 ], [ 3.65754, 43.45089 ], [ 3.65919, 43.44647 ], [ 3.66552, 43.44222 ] ] } },
{ "type": "Feature", "properties": { "name": "Ruisseau de Font Frats", "weight_class": 1, "permanent": false, "length_km": 7.4 }, "geometry": { "type": "LineString", "coordinates": [ [ 3.56663, 43.47186 ], [ 3.56866, 43.46984 ], [ 3.56502, 43.46567 ], [ 3.56564, 43.46067 ], [ 3.56419, 43.45557 ], [ 3.56939, 43.4544 ], [ 3.57139, 43.45289 ], [ 3.5736, 43.44849 ], [ 3.5753, 43.44774 ], [ 3.58146, 43.44076 ], [ 3.58347, 43.43752 ], [ 3.58293, 43.43324 ], [ 3.5937, 43.4174 ] ] } },
{ "type": "Feature", "properties": { "name": "Ruisseau des Sacristains", "weight_class": 1, "permanent": false, "length_km": 5.2 }, "geometry": { "type": "LineString", "coordinates": [ [ 3.54163, 43.48394 ], [ 3.54509, 43.48375 ], [ 3.54492, 43.48146 ], [ 3.54785, 43.47975 ], [ 3.54922, 43.47756 ], [ 3.55429, 43.47579 ], [ 3.54993, 43.46546 ], [ 3.54783, 43.46408 ], [ 3.54608, 43.46073 ], [ 3.54195, 43.45964 ], [ 3.54272, 43.4579 ], [ 3.54056, 43.45391 ], [ 3.54072, 43.45045 ] ] } },
{ "type": "Feature", "properties": { "name": "Ruisseau de Bessille", "weight_class": 1, "permanent": false, "length_km": 2.2 }, "geometry": { "type": "LineString", "coordinates": [ [ 3.53551, 43.48219 ], [ 3.54022, 43.47756 ], [ 3.54086, 43.47462 ], [ 3.54673, 43.47227 ], [ 3.55052, 43.46723 ] ] } },
{ "type": "Feature", "properties": { "name": "Ruisseau du Joncastre", "weight_class": 1, "permanent": false, "length_km": 4.9 }, "geometry": { "type": "LineString", "coordinates": [ [ 3.54134, 43.4989 ], [ 3.5433, 43.49612 ], [ 3.5351, 43.49263 ], [ 3.53382, 43.49024 ], [ 3.53132, 43.49103 ], [ 3.529, 43.49036 ], [ 3.52461, 43.4916 ], [ 3.52138, 43.49554 ], [ 3.51428, 43.50085 ], [ 3.51289, 43.507 ], [ 3.5101, 43.50964 ] ] } },
{ "type": "Feature", "properties": { "name": "Ruisseau du Joncas", "weight_class": 1, "permanent": false, "length_km": 4.3 }, "geometry": { "type": "LineString", "coordinates": [ [ 3.63656, 43.45374 ], [ 3.64088, 43.45469 ], [ 3.64869, 43.44937 ], [ 3.64891, 43.44695 ], [ 3.66198, 43.42475 ] ] } },
{ "type": "Feature", "properties": { "name": "Ruisseau du Sesquier", "weight_class": 1, "permanent": false, "length_km": 2.7 }, "geometry": { "type": "LineString", "coordinates": [ [ 3.59258, 43.4441 ], [ 3.59588, 43.4441 ], [ 3.59855, 43.442 ], [ 3.60286, 43.44072 ], [ 3.60475, 43.43901 ], [ 3.60534, 43.43603 ], [ 3.61031, 43.42842 ], [ 3.61213, 43.42743 ] ] } },
{ "type": "Feature", "properties": { "name": "Ruisseau de la Font des Putes", "weight_class": 1, "permanent": false, "length_km": 2.9 }, "geometry": { "type": "LineString", "coordinates": [ [ 3.55993, 43.44359 ], [ 3.56191, 43.44121 ], [ 3.57191, 43.43491 ], [ 3.57477, 43.43171 ], [ 3.57836, 43.43019 ], [ 3.58354, 43.42619 ] ] } },
{ "type": "Feature", "properties": { "name": "Ruisseau de la Coulette", "weight_class": 1, "permanent": false, "length_km": 2.1 }, "geometry": { "type": "LineString", "coordinates": [ [ 3.51569, 43.44584 ], [ 3.51772, 43.44487 ], [ 3.52065, 43.4412 ], [ 3.52609, 43.43842 ], [ 3.53021, 43.43892 ], [ 3.53197, 43.4412 ], [ 3.53509, 43.44124 ] ] } },
{ "type": "Feature", "properties": { "name": "Canal de la Peyrade", "weight_class": 1, "permanent": true, "length_km": 3.0 }, "geometry": { "type": "LineString", "coordinates": [ [ 3.72183, 43.4222 ], [ 3.72333, 43.41874 ], [ 3.7227, 43.41751 ], [ 3.69679, 43.40563 ] ] } },
{ "type": "Feature", "properties": { "name": "Ruisseau de Mayroual", "weight_class": 1, "permanent": true, "length_km": 4.1 }, "geometry": { "type": "LineString", "coordinates": [ [ 3.52672, 43.41632 ], [ 3.55322, 43.39725 ], [ 3.56337, 43.39341 ] ] } },
{ "type": "Feature", "properties": { "name": "la Vis", "weight_class": 3, "permanent": true, "length_km": 24.6 }, "geometry": { "type": "MultiLineString", "coordinates": [ [ [ 3.49509, 43.89046 ], [ 3.49674, 43.88919 ], [ 3.49817, 43.89215 ] ], [ [ 3.49822, 43.89215 ], [ 3.50299, 43.89113 ], [ 3.50369, 43.89269 ], [ 3.5016, 43.89383 ], [ 3.50383, 43.89594 ], [ 3.50238, 43.8969 ] ], [ [ 3.50246, 43.89705 ], [ 3.50553, 43.89727 ], [ 3.50821, 43.89524 ], [ 3.51185, 43.89472 ], [ 3.51267, 43.89622 ], [ 3.51556, 43.894 ], [ 3.51531, 43.89186 ], [ 3.51811, 43.89253 ] ], [ [ 3.51899, 43.89204 ], [ 3.51595, 43.88999 ], [ 3.51588, 43.88879 ], [ 3.51935, 43.88718 ], [ 3.52226, 43.88889 ] ], [ [ 3.52271, 43.88867 ], [ 3.52276, 43.8873 ], [ 3.52075, 43.8854 ], [ 3.52362, 43.88561 ] ], [ [ 3.52416, 43.87677 ], [ 3.52193, 43.87505 ], [ 3.52313, 43.8733 ], [ 3.51979, 43.87137 ], [ 3.52323, 43.86954 ] ], [ [ 3.52322, 43.86748 ], [ 3.52177, 43.86562 ], [ 3.51855, 43.86501 ], [ 3.51849, 43.86374 ], [ 3.51948, 43.86325 ], [ 3.52443, 43.86416 ], [ 3.52751, 43.86057 ], [ 3.52569, 43.85801 ], [ 3.5282, 43.85412 ], [ 3.53056, 43.85482 ], [ 3.53216, 43.85728 ], [ 3.53502, 43.85468 ], [ 3.53702, 43.85472 ] ], [ [ 3.52345, 43.88364 ], [ 3.52057, 43.88344 ], [ 3.52076, 43.88157 ], [ 3.52179, 43.88081 ], [ 3.52415, 43.88113 ] ], [ [ 3.52406, 43.8803 ], [ 3.52152, 43.87836 ], [ 3.52421, 43.87712 ] ], [ [ 3.54106, 43.85322 ], [ 3.55167, 43.85136 ], [ 3.55424, 43.8518 ], [ 3.55498, 43.8537 ] ], [ [ 3.55738, 43.85648 ], [ 3.5589, 43.85645 ] ], [ [ 3.5838, 43.85882 ], [ 3.58635, 43.86003 ], [ 3.58717, 43.8647 ], [ 3.58899, 43.86617 ], [ 3.60165, 43.86868 ], [ 3.60413, 43.87063 ], [ 3.60531, 43.87382 ], [ 3.60832, 43.87521 ], [ 3.61027, 43.87926 ], [ 3.61579, 43.88339 ], [ 3.61877, 43.88731 ], [ 3.62595, 43.88816 ], [ 3.62592, 43.89025 ], [ 3.62776, 43.89245 ], [ 3.62994, 43.89269 ], [ 3.63364, 43.89026 ], [ 3.63621, 43.89222 ], [ 3.6412, 43.89117 ], [ 3.64329, 43.89354 ], [ 3.64594, 43.89388 ], [ 3.64913, 43.8971 ], [ 3.6543, 43.89809 ], [ 3.65378, 43.90177 ], [ 3.65771, 43.90366 ], [ 3.65504, 43.90703 ], [ 3.65616, 43.91301 ] ], [ [ 3.68363, 43.94046 ], [ 3.68574, 43.93915 ], [ 3.68978, 43.93937 ] ] ] } },
{ "type": "Feature", "properties": { "name": "la Virenque", "weight_class": 1, "permanent": true, "length_km": 10.7 }, "geometry": { "type": "MultiLineString", "coordinates": [ [ [ 3.35589, 43.91446 ], [ 3.35859, 43.91439 ], [ 3.35708, 43.91198 ], [ 3.36198, 43.91016 ], [ 3.36428, 43.91253 ], [ 3.36899, 43.91391 ], [ 3.3669, 43.91418 ], [ 3.36683, 43.91686 ], [ 3.3701, 43.91726 ], [ 3.3726, 43.91626 ], [ 3.37269, 43.91448 ], [ 3.376, 43.91394 ], [ 3.37526, 43.91278 ], [ 3.37887, 43.91213 ], [ 3.37957, 43.91083 ], [ 3.38146, 43.91226 ], [ 3.38322, 43.91033 ], [ 3.38752, 43.91083 ], [ 3.38799, 43.91155 ], [ 3.39029, 43.91119 ], [ 3.39126, 43.91024 ], [ 3.38992, 43.90995 ], [ 3.39016, 43.90894 ], [ 3.3931, 43.91069 ], [ 3.3949, 43.90906 ], [ 3.39653, 43.90987 ], [ 3.39788, 43.91384 ], [ 3.40077, 43.91475 ], [ 3.40222, 43.9139 ], [ 3.40324, 43.91498 ], [ 3.40586, 43.9147 ], [ 3.40789, 43.91353 ], [ 3.40902, 43.9153 ], [ 3.41064, 43.91319 ], [ 3.41217, 43.91379 ] ], [ [ 3.4235, 43.91239 ], [ 3.42427, 43.9104 ], [ 3.42692, 43.90932 ], [ 3.42687, 43.90733 ], [ 3.43262, 43.90435 ] ], [ [ 3.43295, 43.90416 ], [ 3.43405, 43.90267 ] ], [ [ 3.4379, 43.90001 ], [ 3.44026, 43.89684 ] ] ] } },
{ "type": "Feature", "properties": { "name": "la Catarenque", "weight_class": 1, "permanent": true, "length_km": 4.9 }, "geometry": { "type": "LineString", "coordinates": [ [ 3.45344, 43.74625 ], [ 3.45071, 43.74389 ], [ 3.44249, 43.74031 ], [ 3.43991, 43.73748 ], [ 3.43904, 43.73449 ], [ 3.4345, 43.73074 ], [ 3.43438, 43.72513 ], [ 3.42805, 43.71957 ], [ 3.42861, 43.71703 ], [ 3.42571, 43.71585 ], [ 3.42525, 43.71328 ] ] } },
{ "type": "Feature", "properties": { "name": "Ruisseau de Sorbs", "weight_class": 1, "permanent": false, "length_km": 7.4 }, "geometry": { "type": "LineString", "coordinates": [ [ 3.39568, 43.86522 ], [ 3.39918, 43.86751 ], [ 3.40043, 43.87169 ], [ 3.39946, 43.87304 ], [ 3.40194, 43.88165 ], [ 3.40536, 43.88254 ], [ 3.40584, 43.88407 ], [ 3.40804, 43.88407 ], [ 3.40886, 43.88505 ], [ 3.4108, 43.8851 ], [ 3.41117, 43.88381 ], [ 3.41395, 43.88439 ], [ 3.41332, 43.88575 ], [ 3.41529, 43.88774 ], [ 3.41278, 43.88935 ], [ 3.41418, 43.89053 ], [ 3.41379, 43.89205 ], [ 3.41919, 43.89239 ], [ 3.42206, 43.89534 ], [ 3.42358, 43.89373 ], [ 3.42805, 43.89501 ], [ 3.43248, 43.89388 ], [ 3.43384, 43.89569 ], [ 3.44026, 43.89684 ] ] } },
{ "type": "Feature", "properties": { "name": "Ruisseau des Valachs", "weight_class": 1, "permanent": false, "length_km": 3.5 }, "geometry": { "type": "LineString", "coordinates": [ [ 3.37783, 43.86971 ], [ 3.37876, 43.87239 ], [ 3.38046, 43.87152 ], [ 3.38132, 43.87202 ], [ 3.38089, 43.87309 ], [ 3.38251, 43.87565 ], [ 3.38618, 43.87617 ], [ 3.3866, 43.87957 ], [ 3.38944, 43.8808 ], [ 3.39162, 43.8795 ], [ 3.39553, 43.88142 ], [ 3.39833, 43.88041 ], [ 3.40096, 43.88215 ], [ 3.40276, 43.88186 ] ] } },
{ "type": "Feature", "properties": { "name": "Ruisseau de Mas Audran/Ruisseau du Mas Audran", "weight_class": 1, "permanent": true, "length_km": 3.5 }, "geometry": { "type": "LineString", "coordinates": [ [ 3.33437, 43.83979 ], [ 3.33214, 43.8426 ], [ 3.32941, 43.84224 ], [ 3.32753, 43.84402 ], [ 3.32423, 43.84352 ], [ 3.32132, 43.83886 ], [ 3.31704, 43.83588 ], [ 3.31324, 43.83537 ], [ 3.30979, 43.8337 ], [ 3.30744, 43.83188 ], [ 3.30764, 43.83021 ] ] } },
{ "type": "Feature", "properties": { "name": "Ruisseau de Neuf Font", "weight_class": 1, "permanent": false, "length_km": 2.3 }, "geometry": { "type": "LineString", "coordinates": [ [ 3.31392, 43.85083 ], [ 3.3122, 43.84945 ], [ 3.31146, 43.84648 ], [ 3.31372, 43.84102 ], [ 3.30838, 43.83592 ], [ 3.30972, 43.83362 ] ] } },
{ "type": "Feature", "properties": { "name": "la Lergue", "weight_class": 1, "permanent": true, "length_km": 48.0 }, "geometry": { "type": "MultiLineString", "coordinates": [ [ [ 3.24539, 43.81904 ], [ 3.24688, 43.81741 ], [ 3.24554, 43.815 ], [ 3.24634, 43.81424 ], [ 3.25419, 43.81448 ], [ 3.25775, 43.8176 ], [ 3.26454, 43.81949 ], [ 3.2651, 43.82215 ], [ 3.26769, 43.82287 ], [ 3.26818, 43.82487 ], [ 3.27056, 43.82581 ], [ 3.27683, 43.82587 ], [ 3.28028, 43.82808 ], [ 3.28683, 43.82979 ], [ 3.28875, 43.83204 ], [ 3.29897, 43.83173 ], [ 3.3004, 43.82968 ], [ 3.30586, 43.82987 ], [ 3.30671, 43.83065 ], [ 3.30773, 43.83015 ], [ 3.31399, 43.82245 ], [ 3.3141, 43.81634 ], [ 3.31605, 43.81264 ], [ 3.32218, 43.80652 ], [ 3.32213, 43.80268 ], [ 3.32456, 43.80079 ], [ 3.32193, 43.7988 ], [ 3.32411, 43.79753 ], [ 3.32507, 43.7948 ], [ 3.3235, 43.7923 ], [ 3.32492, 43.79094 ], [ 3.32457, 43.78652 ], [ 3.3265, 43.7824 ], [ 3.32837, 43.78123 ], [ 3.32793, 43.7799 ], [ 3.3291, 43.77903 ], [ 3.32798, 43.77697 ], [ 3.33113, 43.76957 ], [ 3.33384, 43.76766 ], [ 3.3302, 43.76503 ], [ 3.32985, 43.76081 ], [ 3.32663, 43.75948 ], [ 3.32808, 43.75345 ], [ 3.32695, 43.75068 ], [ 3.32784, 43.74516 ], [ 3.32925, 43.74524 ], [ 3.32972, 43.74436 ], [ 3.32936, 43.73949 ], [ 3.32619, 43.73864 ], [ 3.32107, 43.73285 ], [ 3.32338, 43.73196 ], [ 3.32451, 43.7288 ], [ 3.32087, 43.72434 ], [ 3.32379, 43.72133 ], [ 3.32114, 43.71505 ], [ 3.32261, 43.71461 ], [ 3.3216, 43.71317 ], [ 3.32355, 43.71166 ], [ 3.3243, 43.70394 ], [ 3.32913, 43.70128 ], [ 3.33087, 43.69802 ], [ 3.34027, 43.69601 ], [ 3.34207, 43.69365 ], [ 3.34207, 43.69122 ], [ 3.34561, 43.69197 ], [ 3.34784, 43.69153 ], [ 3.34933, 43.69049 ], [ 3.35017, 43.68781 ], [ 3.35512, 43.68694 ], [ 3.35542, 43.68284 ], [ 3.35837, 43.68243 ], [ 3.36228, 43.68396 ], [ 3.36755, 43.68125 ], [ 3.37459, 43.68173 ], [ 3.38079, 43.67773 ], [ 3.38388, 43.67771 ], [ 3.38565, 43.67911 ], [ 3.39223, 43.67939 ], [ 3.39749, 43.67723 ], [ 3.40309, 43.67674 ], [ 3.40478, 43.67444 ], [ 3.41566, 43.67412 ], [ 3.41802, 43.67337 ] ], [ [ 3.41802, 43.67337 ], [ 3.41904, 43.67134 ], [ 3.42113, 43.67065 ] ], [ [ 3.41802, 43.67337 ], [ 3.42113, 43.67065 ] ], [ [ 3.42113, 43.67065 ], [ 3.42519, 43.66674 ], [ 3.43641, 43.66618 ], [ 3.43574, 43.66436 ], [ 3.43198, 43.66248 ], [ 3.43125, 43.66095 ], [ 3.43468, 43.66023 ], [ 3.43632, 43.65837 ] ], [ [ 3.43602, 43.65894 ], [ 3.43847, 43.65835 ] ], [ [ 3.43632, 43.65837 ], [ 3.43862, 43.65637 ], [ 3.4414, 43.65622 ] ], [ [ 3.43632, 43.65837 ], [ 3.43842, 43.65828 ], [ 3.4414, 43.65622 ] ], [ [ 3.4414, 43.65622 ], [ 3.444, 43.65325 ], [ 3.44412, 43.65069 ], [ 3.44773, 43.64815 ], [ 3.45181, 43.64107 ], [ 3.45324, 43.64073 ], [ 3.45341, 43.64186 ], [ 3.45562, 43.64305 ], [ 3.45859, 43.64292 ], [ 3.46124, 43.64206 ], [ 3.46148, 43.64051 ], [ 3.46495, 43.63706 ], [ 3.47267, 43.63863 ], [ 3.47406, 43.63654 ] ], [ [ 3.47406, 43.63654 ], [ 3.47541, 43.63445 ], [ 3.4771, 43.63382 ] ], [ [ 3.47406, 43.63654 ], [ 3.4771, 43.63382 ] ], [ [ 3.4771, 43.63382 ], [ 3.47431, 43.63069 ], [ 3.47755, 43.62942 ], [ 3.47866, 43.62493 ], [ 3.4778, 43.62363 ], [ 3.47933, 43.62153 ], [ 3.48431, 43.621 ], [ 3.48534, 43.61751 ], [ 3.48813, 43.61581 ], [ 3.49259, 43.61545 ], [ 3.49597, 43.617 ] ] ] } },
{ "type": "Feature", "properties": { "name": "le Rec du Cassé", "weight_class": 1, "permanent": true, "length_km": 2.8 }, "geometry": { "type": "LineString", "coordinates": [ [ 3.26723, 43.84339 ], [ 3.26969, 43.84377 ], [ 3.27448, 43.84199 ], [ 3.27777, 43.83948 ], [ 3.27928, 43.83679 ], [ 3.28449, 43.83507 ], [ 3.2874, 43.83581 ], [ 3.28934, 43.8337 ], [ 3.29273, 43.83222 ] ] } },
{ "type": "Feature", "properties": { "name": "Ravin des Tours", "weight_class": 1, "permanent": false, "length_km": 2.1 }, "geometry": { "type": "LineString", "coordinates": [ [ 3.2992, 43.79597 ], [ 3.2969, 43.79604 ], [ 3.2943, 43.79447 ], [ 3.29083, 43.79489 ], [ 3.28843, 43.79411 ], [ 3.28714, 43.79241 ], [ 3.28779, 43.78972 ], [ 3.28425, 43.78644 ] ] } },
{ "type": "Feature", "properties": { "name": "le Bousquet", "weight_class": 1, "permanent": true, "length_km": 2.5 }, "geometry": { "type": "LineString", "coordinates": [ [ 3.29693, 43.80775 ], [ 3.30019, 43.80362 ], [ 3.30279, 43.80217 ], [ 3.30701, 43.80196 ], [ 3.31521, 43.79904 ], [ 3.32193, 43.79868 ] ] } },
{ "type": "Feature", "properties": { "name": "le Laurounet", "weight_class": 1, "permanent": true, "length_km": 8.2 }, "geometry": { "type": "LineString", "coordinates": [ [ 3.27307, 43.80709 ], [ 3.27054, 43.80391 ], [ 3.27094, 43.798 ], [ 3.27274, 43.79717 ], [ 3.27428, 43.79409 ], [ 3.2774, 43.79305 ], [ 3.28292, 43.78681 ], [ 3.28425, 43.78644 ], [ 3.28917, 43.77821 ], [ 3.29407, 43.77672 ], [ 3.29561, 43.77498 ], [ 3.30013, 43.7738 ], [ 3.30199, 43.77119 ], [ 3.30821, 43.76849 ], [ 3.31153, 43.76487 ], [ 3.31445, 43.76476 ], [ 3.3239, 43.76022 ], [ 3.32707, 43.76056 ], [ 3.32663, 43.75948 ] ] } },
{ "type": "Feature", "properties": { "name": "Ruisseau de Sainte-Marguerite", "weight_class": 1, "permanent": true, "length_km": 14.5 }, "geometry": { "type": "LineString", "coordinates": [ [ 3.44798, 43.77417 ], [ 3.44652, 43.77231 ], [ 3.4425, 43.77031 ], [ 3.44252, 43.76481 ], [ 3.43994, 43.76059 ], [ 3.43625, 43.75737 ], [ 3.43199, 43.74963 ], [ 3.43021, 43.73598 ], [ 3.42645, 43.7306 ], [ 3.4251, 43.72572 ], [ 3.42559, 43.7232 ], [ 3.42446, 43.72205 ], [ 3.42612, 43.71832 ], [ 3.42458, 43.71555 ], [ 3.42571, 43.70803 ], [ 3.42206, 43.70555 ], [ 3.42319, 43.70418 ], [ 3.42031, 43.70299 ], [ 3.42125, 43.69883 ], [ 3.41914, 43.69637 ], [ 3.41646, 43.69383 ], [ 3.41195, 43.69366 ], [ 3.4124, 43.68879 ], [ 3.41515, 43.68768 ], [ 3.41824, 43.68467 ], [ 3.41772, 43.68299 ], [ 3.4235, 43.67954 ], [ 3.42303, 43.67258 ], [ 3.42764, 43.66643 ] ] } },
{ "type": "Feature", "properties": { "name": "Ruisseau de la Tour", "weight_class": 1, "permanent": false, "length_km": 3.2 }, "geometry": { "type": "LineString", "coordinates": [ [ 3.45187, 43.77011 ], [ 3.45339, 43.77061 ], [ 3.45341, 43.76455 ], [ 3.44977, 43.75896 ], [ 3.44218, 43.75454 ], [ 3.43377, 43.75267 ] ] } },
{ "type": "Feature", "properties": { "name": "le Maro", "weight_class": 1, "permanent": true, "length_km": 11.3 }, "geometry": { "type": "LineString", "coordinates": [ [ 3.44304, 43.77515 ], [ 3.43782, 43.7728 ], [ 3.43763, 43.76811 ], [ 3.43332, 43.76561 ], [ 3.43271, 43.76371 ], [ 3.43024, 43.76172 ], [ 3.43041, 43.75559 ], [ 3.4203, 43.74745 ], [ 3.41754, 43.74347 ], [ 3.41654, 43.73986 ], [ 3.41299, 43.73735 ], [ 3.41464, 43.72715 ], [ 3.41334, 43.72471 ], [ 3.40964, 43.72258 ], [ 3.41504, 43.71557 ], [ 3.41474, 43.71126 ], [ 3.41719, 43.70996 ], [ 3.41609, 43.70943 ], [ 3.41433, 43.70237 ], [ 3.40993, 43.69912 ], [ 3.41061, 43.69554 ], [ 3.4094, 43.6954 ], [ 3.40846, 43.69342 ] ] } },
{ "type": "Feature", "properties": { "name": "la Primelle/Rivière de Primelle", "weight_class": 1, "permanent": true, "length_km": 6.0 }, "geometry": { "type": "LineString", "coordinates": [ [ 3.4374, 43.78334 ], [ 3.43119, 43.781 ], [ 3.42755, 43.78128 ], [ 3.41568, 43.77816 ], [ 3.41083, 43.77531 ], [ 3.40402, 43.77628 ], [ 3.39762, 43.77364 ], [ 3.39143, 43.77348 ], [ 3.39046, 43.77202 ], [ 3.38832, 43.77191 ], [ 3.3807, 43.76861 ], [ 3.37683, 43.76847 ], [ 3.37392, 43.76937 ] ] } },
{ "type": "Feature", "properties": { "name": "Ruisseau de la Fagette", "weight_class": 1, "permanent": false, "length_km": 3.1 }, "geometry": { "type": "LineString", "coordinates": [ [ 3.43512, 43.78585 ], [ 3.43396, 43.78649 ], [ 3.43043, 43.78623 ], [ 3.42679, 43.78755 ], [ 3.42343, 43.78695 ], [ 3.41975, 43.78924 ], [ 3.41751, 43.78934 ], [ 3.41613, 43.78824 ], [ 3.41728, 43.78567 ], [ 3.41489, 43.78254 ], [ 3.41552, 43.77805 ] ] } },
{ "type": "Feature", "properties": { "name": "Ruisseau de Subrebet", "weight_class": 1, "permanent": true, "length_km": 2.5 }, "geometry": { "type": "LineString", "coordinates": [ [ 3.35868, 43.78067 ], [ 3.35481, 43.7774 ], [ 3.35358, 43.77454 ], [ 3.35039, 43.773 ], [ 3.34854, 43.77 ], [ 3.34574, 43.76804 ], [ 3.34138, 43.76709 ] ] } },
{ "type": "Feature", "properties": { "name": "la Brèze", "weight_class": 2, "permanent": true, "length_km": 7.1 }, "geometry": { "type": "LineString", "coordinates": [ [ 3.37158, 43.78501 ], [ 3.37592, 43.78191 ], [ 3.38055, 43.7816 ], [ 3.38184, 43.78013 ], [ 3.38135, 43.77884 ], [ 3.38054, 43.77772 ], [ 3.3759, 43.77688 ], [ 3.37564, 43.77043 ], [ 3.36178, 43.76276 ], [ 3.35865, 43.76197 ], [ 3.35281, 43.76591 ], [ 3.34636, 43.76504 ], [ 3.34461, 43.76562 ], [ 3.34382, 43.7646 ], [ 3.33999, 43.76794 ], [ 3.33634, 43.76692 ], [ 3.3335, 43.76829 ] ] } },
{ "type": "Feature", "properties": { "name": "Ruisseau de Canet", "weight_class": 1, "permanent": false, "length_km": 3.1 }, "geometry": { "type": "LineString", "coordinates": [ [ 3.34166, 43.79143 ], [ 3.34363, 43.78422 ], [ 3.34129, 43.78055 ], [ 3.34334, 43.77768 ], [ 3.33738, 43.772 ], [ 3.33099, 43.77066 ] ] } },
{ "type": "Feature", "properties": { "name": "le Ricardenc", "weight_class": 1, "permanent": false, "length_km": 3.2 }, "geometry": { "type": "LineString", "coordinates": [ [ 3.30386, 43.78921 ], [ 3.30772, 43.78845 ], [ 3.31159, 43.78158 ], [ 3.31293, 43.77676 ], [ 3.31941, 43.7754 ], [ 3.3285, 43.7759 ] ] } },
{ "type": "Feature", "properties": { "name": "Ruisseau de Rauzet", "weight_class": 1, "permanent": false, "length_km": 3.1 }, "geometry": { "type": "LineString", "coordinates": [ [ 3.25676, 43.78129 ], [ 3.26544, 43.77773 ], [ 3.26793, 43.7779 ], [ 3.27857, 43.77513 ], [ 3.29009, 43.77759 ] ] } },
{ "type": "Feature", "properties": { "name": "le Rouvignous", "weight_class": 1, "permanent": false, "length_km": 7.0 }, "geometry": { "type": "LineString", "coordinates": [ [ 3.46227, 43.74005 ], [ 3.46992, 43.74102 ], [ 3.47186, 43.7399 ], [ 3.47164, 43.73767 ], [ 3.47377, 43.73611 ], [ 3.47366, 43.73474 ], [ 3.4806, 43.72938 ], [ 3.48377, 43.72267 ], [ 3.48507, 43.72327 ], [ 3.49214, 43.71801 ], [ 3.49216, 43.71545 ], [ 3.4905, 43.71301 ], [ 3.49151, 43.71088 ], [ 3.48989, 43.70989 ], [ 3.49077, 43.70889 ], [ 3.48854, 43.70821 ], [ 3.4867, 43.70287 ], [ 3.48474, 43.70053 ] ] } },
{ "type": "Feature", "properties": { "name": "Ruisseau de l'Avenc", "weight_class": 1, "permanent": true, "length_km": 5.4 }, "geometry": { "type": "LineString", "coordinates": [ [ 3.52224, 43.697 ], [ 3.52488, 43.69236 ], [ 3.52958, 43.68922 ], [ 3.53065, 43.68743 ], [ 3.53293, 43.68726 ], [ 3.53281, 43.68623 ], [ 3.54183, 43.6787 ], [ 3.54341, 43.67596 ], [ 3.54573, 43.67633 ], [ 3.54551, 43.67488 ], [ 3.54835, 43.67533 ], [ 3.54877, 43.67364 ], [ 3.55069, 43.67233 ], [ 3.55007, 43.67034 ], [ 3.55124, 43.66863 ], [ 3.54756, 43.66689 ], [ 3.54668, 43.66493 ] ] } },
{ "type": "Feature", "properties": { "name": "Ruisseau du Vent", "weight_class": 1, "permanent": false, "length_km": 2.3 }, "geometry": { "type": "LineString", "coordinates": [ [ 3.49798, 43.73828 ], [ 3.49, 43.73123 ], [ 3.49052, 43.72941 ], [ 3.48782, 43.72601 ], [ 3.4886, 43.72334 ], [ 3.48766, 43.72148 ] ] } },
{ "type": "Feature", "properties": { "name": "Ruisseau de Lagamas", "weight_class": 1, "permanent": true, "length_km": 12.6 }, "geometry": { "type": "LineString", "coordinates": [ [ 3.46234, 43.73637 ], [ 3.45984, 43.73514 ], [ 3.45889, 43.73259 ], [ 3.45504, 43.72988 ], [ 3.45465, 43.72739 ], [ 3.4632, 43.72363 ], [ 3.46772, 43.71812 ], [ 3.47103, 43.71629 ], [ 3.47207, 43.71439 ], [ 3.48091, 43.70689 ], [ 3.4815, 43.70396 ], [ 3.4847, 43.7007 ], [ 3.48574, 43.69398 ], [ 3.48736, 43.6916 ], [ 3.49108, 43.68973 ], [ 3.49334, 43.68582 ], [ 3.49502, 43.68518 ], [ 3.49513, 43.68231 ], [ 3.49681, 43.68194 ], [ 3.49746, 43.68061 ], [ 3.50132, 43.67962 ], [ 3.50206, 43.67843 ], [ 3.50978, 43.67673 ], [ 3.51276, 43.67379 ], [ 3.5193, 43.67277 ], [ 3.52355, 43.669 ], [ 3.52893, 43.66736 ], [ 3.5291, 43.66599 ], [ 3.53361, 43.66531 ], [ 3.53449, 43.66382 ] ] } },
{ "type": "Feature", "properties": { "name": "la Bouire", "weight_class": 1, "permanent": false, "length_km": 5.5 }, "geometry": { "type": "LineString", "coordinates": [ [ 3.37576, 43.74161 ], [ 3.37588, 43.74028 ], [ 3.38008, 43.73687 ], [ 3.37869, 43.72795 ], [ 3.38596, 43.72544 ], [ 3.38815, 43.72353 ], [ 3.38785, 43.72056 ], [ 3.3909, 43.71898 ], [ 3.39327, 43.71459 ], [ 3.39157, 43.71211 ], [ 3.39209, 43.70853 ], [ 3.39877, 43.70237 ] ] } },
{ "type": "Feature", "properties": { "name": "le Merdanson", "weight_class": 1, "permanent": true, "length_km": 8.2 }, "geometry": { "type": "LineString", "coordinates": [ [ 3.38014, 43.74248 ], [ 3.38746, 43.73802 ], [ 3.39458, 43.73879 ], [ 3.3985, 43.73825 ], [ 3.39918, 43.73358 ], [ 3.40167, 43.73185 ], [ 3.40122, 43.72958 ], [ 3.4057, 43.72327 ], [ 3.40442, 43.72103 ], [ 3.40265, 43.72057 ], [ 3.40256, 43.7162 ], [ 3.39957, 43.71513 ], [ 3.39836, 43.71132 ], [ 3.39774, 43.70825 ], [ 3.39922, 43.69905 ], [ 3.40161, 43.69554 ], [ 3.40417, 43.69555 ], [ 3.40687, 43.69432 ], [ 3.41159, 43.69039 ] ] } },
{ "type": "Feature", "properties": { "name": "Ruisseau d'Aubaigues", "weight_class": 1, "permanent": true, "length_km": 3.4 }, "geometry": { "type": "LineString", "coordinates": [ [ 3.41071, 43.76264 ], [ 3.39525, 43.76 ], [ 3.39012, 43.76198 ], [ 3.38617, 43.76152 ], [ 3.38181, 43.76308 ], [ 3.37806, 43.76869 ] ] } },
{ "type": "Feature", "properties": { "name": "Ruisseau de Rivernous", "weight_class": 1, "permanent": false, "length_km": 8.4 }, "geometry": { "type": "LineString", "coordinates": [ [ 3.36336, 43.74016 ], [ 3.36183, 43.73481 ], [ 3.36434, 43.73025 ], [ 3.36603, 43.72925 ], [ 3.36527, 43.72637 ], [ 3.36678, 43.72407 ], [ 3.3664, 43.7217 ], [ 3.36898, 43.72088 ], [ 3.37093, 43.71741 ], [ 3.37287, 43.70646 ], [ 3.37474, 43.70288 ], [ 3.37344, 43.70073 ], [ 3.37416, 43.69595 ], [ 3.37584, 43.69372 ], [ 3.37495, 43.69176 ], [ 3.37708, 43.69149 ], [ 3.37915, 43.68984 ], [ 3.38032, 43.68538 ], [ 3.38432, 43.6842 ], [ 3.3842, 43.68221 ], [ 3.39077, 43.68072 ], [ 3.39223, 43.67939 ] ] } },
{ "type": "Feature", "properties": { "name": "Ruisseau des Baumelles", "weight_class": 1, "permanent": false, "length_km": 2.1 }, "geometry": { "type": "LineString", "coordinates": [ [ 3.35077, 43.73399 ], [ 3.34643, 43.73401 ], [ 3.34094, 43.73882 ], [ 3.34052, 43.74131 ], [ 3.3367, 43.74284 ], [ 3.33458, 43.74508 ] ] } },
{ "type": "Feature", "properties": { "name": "Ruisseau de Fozières", "weight_class": 1, "permanent": true, "length_km": 4.2 }, "geometry": { "type": "LineString", "coordinates": [ [ 3.3702, 43.74526 ], [ 3.36705, 43.74512 ], [ 3.36156, 43.74686 ], [ 3.35449, 43.7519 ], [ 3.3511, 43.75259 ], [ 3.34255, 43.74994 ], [ 3.34084, 43.74816 ], [ 3.33716, 43.74746 ], [ 3.33552, 43.74544 ], [ 3.33249, 43.74517 ], [ 3.33229, 43.74409 ], [ 3.3299, 43.74292 ] ] } },
{ "type": "Feature", "properties": { "name": "Ruisseau d'Agaras", "weight_class": 1, "permanent": false, "length_km": 2.2 }, "geometry": { "type": "LineString", "coordinates": [ [ 3.46588, 43.70792 ], [ 3.46471, 43.70512 ], [ 3.46275, 43.70466 ], [ 3.46093, 43.70232 ], [ 3.44926, 43.69748 ] ] } },
{ "type": "Feature", "properties": { "name": "Ruisseau de Lagarel", "weight_class": 1, "permanent": false, "length_km": 5.4 }, "geometry": { "type": "LineString", "coordinates": [ [ 3.44985, 43.70065 ], [ 3.45051, 43.69984 ], [ 3.44855, 43.69846 ], [ 3.44933, 43.69775 ], [ 3.44823, 43.69481 ], [ 3.44448, 43.69237 ], [ 3.44554, 43.69176 ], [ 3.44364, 43.68994 ], [ 3.44156, 43.68327 ], [ 3.43873, 43.68246 ], [ 3.43434, 43.67945 ], [ 3.43277, 43.68022 ], [ 3.43098, 43.67497 ], [ 3.43595, 43.66938 ], [ 3.43622, 43.66768 ], [ 3.43349, 43.6678 ], [ 3.43434, 43.66676 ] ] } },
{ "type": "Feature", "properties": { "name": "Ruisseau de l'Argenteille", "weight_class": 1, "permanent": false, "length_km": 7.6 }, "geometry": { "type": "LineString", "coordinates": [ [ 3.47222, 43.70954 ], [ 3.47283, 43.70651 ], [ 3.46902, 43.6998 ], [ 3.46896, 43.69695 ], [ 3.47133, 43.695 ], [ 3.47487, 43.69495 ], [ 3.47773, 43.69262 ], [ 3.47687, 43.68656 ], [ 3.47892, 43.68215 ], [ 3.47726, 43.67623 ], [ 3.48066, 43.6701 ], [ 3.47919, 43.66522 ], [ 3.48053, 43.65708 ], [ 3.48149, 43.65637 ], [ 3.47726, 43.65054 ] ] } },
{ "type": "Feature", "properties": { "name": "Ruisseau du Plan de l'Olm", "weight_class": 1, "permanent": false, "length_km": 3.2 }, "geometry": { "type": "LineString", "coordinates": [ [ 3.44051, 43.70449 ], [ 3.43479, 43.70022 ], [ 3.43369, 43.69714 ], [ 3.43433, 43.6954 ], [ 3.43718, 43.69443 ], [ 3.43859, 43.69139 ], [ 3.4373, 43.6899 ], [ 3.4386, 43.68713 ], [ 3.43683, 43.68129 ] ] } },
{ "type": "Feature", "properties": { "name": "Ruisseau de Puech Moula", "weight_class": 1, "permanent": false, "length_km": 2.5 }, "geometry": { "type": "LineString", "coordinates": [ [ 3.44797, 43.71538 ], [ 3.44683, 43.71332 ], [ 3.43846, 43.71049 ], [ 3.43782, 43.70953 ], [ 3.4298, 43.71133 ], [ 3.42705, 43.71019 ], [ 3.42573, 43.70849 ] ] } },
{ "type": "Feature", "properties": { "name": "Ruisseau de Rivièral", "weight_class": 1, "permanent": true, "length_km": 5.5 }, "geometry": { "type": "LineString", "coordinates": [ [ 3.35342, 43.72764 ], [ 3.35707, 43.71299 ], [ 3.3613, 43.709 ], [ 3.363, 43.70516 ], [ 3.36519, 43.70405 ], [ 3.36292, 43.70167 ], [ 3.36312, 43.69881 ], [ 3.36618, 43.69642 ], [ 3.367, 43.69408 ], [ 3.36971, 43.69327 ], [ 3.37, 43.69198 ], [ 3.37407, 43.69106 ], [ 3.37507, 43.68951 ], [ 3.37785, 43.69023 ] ] } },
{ "type": "Feature", "properties": { "name": "Ruisseau d'Aumelas", "weight_class": 1, "permanent": false, "length_km": 3.9 }, "geometry": { "type": "LineString", "coordinates": [ [ 3.28514, 43.71549 ], [ 3.28834, 43.71446 ], [ 3.2933, 43.7145 ], [ 3.29666, 43.70728 ], [ 3.29841, 43.69695 ], [ 3.30149, 43.69408 ], [ 3.30282, 43.69476 ], [ 3.30744, 43.69441 ] ] } },
{ "type": "Feature", "properties": { "name": "Ruisseau du Mas de Mérou", "weight_class": 1, "permanent": true, "length_km": 5.3 }, "geometry": { "type": "LineString", "coordinates": [ [ 3.2534, 43.71602 ], [ 3.25776, 43.71878 ], [ 3.26053, 43.71943 ], [ 3.26968, 43.71713 ], [ 3.27209, 43.7204 ], [ 3.27491, 43.72161 ], [ 3.27778, 43.72611 ], [ 3.28358, 43.73021 ], [ 3.28765, 43.73044 ], [ 3.28946, 43.72945 ], [ 3.29094, 43.73034 ], [ 3.29149, 43.72923 ], [ 3.29623, 43.73145 ], [ 3.30047, 43.73197 ] ] } },
{ "type": "Feature", "properties": { "name": "le Rieutord", "weight_class": 1, "permanent": false, "length_km": 3.4 }, "geometry": { "type": "LineString", "coordinates": [ [ 3.27499, 43.7107 ], [ 3.28151, 43.70722 ], [ 3.28364, 43.70494 ], [ 3.28971, 43.70388 ], [ 3.29149, 43.70165 ], [ 3.29213, 43.6981 ], [ 3.29666, 43.69688 ], [ 3.29812, 43.69494 ], [ 3.30149, 43.69408 ] ] } },
{ "type": "Feature", "properties": { "name": "Ruisseau de la Grange", "weight_class": 1, "permanent": false, "length_km": 2.0 }, "geometry": { "type": "LineString", "coordinates": [ [ 3.26992, 43.70845 ], [ 3.27214, 43.70714 ], [ 3.27404, 43.6982 ], [ 3.27363, 43.69451 ], [ 3.27506, 43.6919 ] ] } },
{ "type": "Feature", "properties": { "name": "Ruisseau de Tieulade/Ruisseau de l'Armous", "weight_class": 1, "permanent": false, "length_km": 10.3 }, "geometry": { "type": "LineString", "coordinates": [ [ 3.46369, 43.6997 ], [ 3.46346, 43.69285 ], [ 3.46678, 43.68976 ], [ 3.46506, 43.68832 ], [ 3.46666, 43.68272 ], [ 3.46427, 43.67941 ], [ 3.46518, 43.67775 ], [ 3.46383, 43.67398 ], [ 3.46456, 43.67159 ], [ 3.46622, 43.67044 ], [ 3.46925, 43.664 ], [ 3.4729, 43.66072 ], [ 3.47401, 43.66091 ], [ 3.47476, 43.65812 ], [ 3.47351, 43.65641 ], [ 3.47456, 43.65317 ], [ 3.47782, 43.64959 ], [ 3.47739, 43.64674 ], [ 3.48413, 43.64124 ], [ 3.48553, 43.63736 ], [ 3.48941, 43.63454 ], [ 3.49138, 43.6301 ], [ 3.49453, 43.62865 ], [ 3.49742, 43.6252 ], [ 3.49792, 43.62242 ] ] } },
{ "type": "Feature", "properties": { "name": "Ruisseau de Trénols", "weight_class": 1, "permanent": false, "length_km": 2.5 }, "geometry": { "type": "LineString", "coordinates": [ [ 3.44852, 43.67164 ], [ 3.45107, 43.66858 ], [ 3.45109, 43.66396 ], [ 3.44728, 43.65772 ], [ 3.44496, 43.65614 ], [ 3.444, 43.65325 ] ] } },
{ "type": "Feature", "properties": { "name": "le Roubieu", "weight_class": 1, "permanent": false, "length_km": 5.3 }, "geometry": { "type": "LineString", "coordinates": [ [ 3.30493, 43.67765 ], [ 3.30919, 43.67592 ], [ 3.31434, 43.67602 ], [ 3.32314, 43.67926 ], [ 3.32352, 43.67818 ], [ 3.32546, 43.67912 ], [ 3.32685, 43.67829 ], [ 3.32746, 43.67927 ], [ 3.33154, 43.67973 ], [ 3.33512, 43.67808 ], [ 3.34464, 43.679 ], [ 3.34556, 43.68019 ], [ 3.3546, 43.68094 ], [ 3.35818, 43.68242 ] ] } },
{ "type": "Feature", "properties": { "name": "le Ronel", "weight_class": 1, "permanent": false, "length_km": 3.6 }, "geometry": { "type": "LineString", "coordinates": [ [ 3.31991, 43.69065 ], [ 3.32069, 43.69134 ], [ 3.32579, 43.68979 ], [ 3.32927, 43.69032 ], [ 3.32987, 43.68963 ], [ 3.33379, 43.68972 ], [ 3.34148, 43.68721 ], [ 3.3434, 43.68445 ], [ 3.34563, 43.68415 ], [ 3.34641, 43.68291 ], [ 3.3508, 43.68482 ], [ 3.35508, 43.68316 ] ] } },
{ "type": "Feature", "properties": { "name": "l'Aubaygues", "weight_class": 1, "permanent": true, "length_km": 9.0 }, "geometry": { "type": "LineString", "coordinates": [ [ 3.26017, 43.68415 ], [ 3.26107, 43.68743 ], [ 3.26602, 43.68985 ], [ 3.26774, 43.68983 ], [ 3.2711, 43.69261 ], [ 3.27255, 43.69262 ], [ 3.28031, 43.68889 ], [ 3.28343, 43.68524 ], [ 3.28601, 43.68462 ], [ 3.28704, 43.6852 ], [ 3.29382, 43.67965 ], [ 3.30024, 43.6824 ], [ 3.30154, 43.68644 ], [ 3.30349, 43.68758 ], [ 3.30473, 43.6939 ], [ 3.30684, 43.69332 ], [ 3.30792, 43.69481 ], [ 3.31005, 43.69506 ], [ 3.31281, 43.69734 ], [ 3.31493, 43.69709 ], [ 3.31633, 43.69799 ], [ 3.32066, 43.69726 ], [ 3.32177, 43.69959 ], [ 3.32418, 43.69993 ], [ 3.3265, 43.69882 ], [ 3.32941, 43.70023 ] ] } },
{ "type": "Feature", "properties": { "name": "Ruisseau des Courtinals", "weight_class": 1, "permanent": true, "length_km": 2.0 }, "geometry": { "type": "LineString", "coordinates": [ [ 3.25865, 43.68284 ], [ 3.26414, 43.68217 ], [ 3.27095, 43.67805 ], [ 3.27003, 43.67122 ] ] } },
{ "type": "Feature", "properties": { "name": "la Marette", "weight_class": 1, "permanent": true, "length_km": 8.5 }, "geometry": { "type": "LineString", "coordinates": [ [ 3.25609, 43.67852 ], [ 3.25458, 43.67607 ], [ 3.25839, 43.6732 ], [ 3.26997, 43.67127 ], [ 3.2703, 43.67001 ], [ 3.28026, 43.6664 ], [ 3.28437, 43.66221 ], [ 3.29101, 43.66063 ], [ 3.29775, 43.65548 ], [ 3.30407, 43.65296 ], [ 3.30514, 43.6512 ], [ 3.30394, 43.64757 ], [ 3.30487, 43.64555 ], [ 3.31163, 43.64392 ], [ 3.31712, 43.64527 ], [ 3.32107, 43.64365 ], [ 3.32757, 43.64455 ] ] } },
{ "type": "Feature", "properties": { "name": "Ruisseau de Lagarel", "weight_class": 2, "permanent": false, "length_km": 4.1 }, "geometry": { "type": "LineString", "coordinates": [ [ 3.50109, 43.66996 ], [ 3.50237, 43.66868 ], [ 3.50097, 43.66423 ], [ 3.50259, 43.66348 ], [ 3.50484, 43.66008 ], [ 3.5047, 43.65834 ], [ 3.50886, 43.65054 ], [ 3.51352, 43.6468 ], [ 3.51452, 43.64406 ], [ 3.51886, 43.63983 ] ] } },
{ "type": "Feature", "properties": { "name": "Ruisseau du Valen", "weight_class": 1, "permanent": false, "length_km": 3.4 }, "geometry": { "type": "LineString", "coordinates": [ [ 3.50637, 43.66876 ], [ 3.50781, 43.66747 ], [ 3.50802, 43.66529 ], [ 3.51594, 43.65748 ], [ 3.51575, 43.65031 ], [ 3.51906, 43.64452 ], [ 3.52173, 43.6425 ] ] } },
{ "type": "Feature", "properties": { "name": "Ruisseau de Ricazouls", "weight_class": 1, "permanent": false, "length_km": 2.0 }, "geometry": { "type": "LineString", "coordinates": [ [ 3.31872, 43.66982 ], [ 3.32188, 43.66455 ], [ 3.32188, 43.65793 ], [ 3.32057, 43.65307 ] ] } },
{ "type": "Feature", "properties": { "name": "le Révérignès/Ruisseau de Toucou", "weight_class": 1, "permanent": false, "length_km": 5.0 }, "geometry": { "type": "LineString", "coordinates": [ [ 3.28304, 43.66992 ], [ 3.29412, 43.6669 ], [ 3.29965, 43.66704 ], [ 3.30408, 43.66241 ], [ 3.30663, 43.65744 ], [ 3.30851, 43.65602 ], [ 3.30813, 43.65513 ], [ 3.31537, 43.65231 ], [ 3.3178, 43.65208 ], [ 3.32076, 43.65309 ], [ 3.32798, 43.65132 ] ] } },
{ "type": "Feature", "properties": { "name": "Rieu Frech", "weight_class": 1, "permanent": false, "length_km": 2.3 }, "geometry": { "type": "LineString", "coordinates": [ [ 3.25529, 43.61527 ], [ 3.25374, 43.62002 ], [ 3.25544, 43.62107 ], [ 3.25804, 43.62564 ], [ 3.26378, 43.62722 ], [ 3.26644, 43.63083 ] ] } },
{ "type": "Feature", "properties": { "name": "Ruisseau d'Hortous", "weight_class": 1, "permanent": false, "length_km": 3.6 }, "geometry": { "type": "LineString", "coordinates": [ [ 3.35059, 43.55256 ], [ 3.35205, 43.5501 ], [ 3.35612, 43.54976 ], [ 3.36004, 43.5473 ], [ 3.36467, 43.54724 ], [ 3.36506, 43.5482 ], [ 3.37086, 43.54929 ], [ 3.3737, 43.55152 ], [ 3.37758, 43.54968 ], [ 3.38163, 43.55018 ], [ 3.38454, 43.54799 ] ] } },
{ "type": "Feature", "properties": { "name": "Ruisseau de Rives Prés", "weight_class": 1, "permanent": true, "length_km": 4.7 }, "geometry": { "type": "LineString", "coordinates": [ [ 3.48629, 43.66008 ], [ 3.48756, 43.65467 ], [ 3.49043, 43.65298 ], [ 3.48786, 43.64815 ], [ 3.48873, 43.64543 ], [ 3.49794, 43.63698 ], [ 3.50608, 43.63293 ], [ 3.50564, 43.62907 ], [ 3.50831, 43.62785 ] ] } },
{ "type": "Feature", "properties": { "name": "Ruisseau du Passant", "weight_class": 1, "permanent": false, "length_km": 4.0 }, "geometry": { "type": "LineString", "coordinates": [ [ 3.41886, 43.64888 ], [ 3.42124, 43.64697 ], [ 3.42417, 43.64709 ], [ 3.42513, 43.64609 ], [ 3.43033, 43.6451 ], [ 3.43327, 43.64036 ], [ 3.43684, 43.63786 ], [ 3.4406, 43.63722 ], [ 3.44193, 43.63757 ], [ 3.4438, 43.64121 ], [ 3.44427, 43.6445 ], [ 3.44626, 43.64605 ], [ 3.44872, 43.64558 ] ] } },
{ "type": "Feature", "properties": { "name": "Ruisseau de Creissels", "weight_class": 1, "permanent": true, "length_km": 5.5 }, "geometry": { "type": "LineString", "coordinates": [ [ 3.37805, 43.63023 ], [ 3.38037, 43.62947 ], [ 3.38353, 43.63017 ], [ 3.38649, 43.62974 ], [ 3.38997, 43.6308 ], [ 3.39356, 43.63283 ], [ 3.39401, 43.63516 ], [ 3.39929, 43.63777 ], [ 3.39868, 43.63974 ], [ 3.39325, 43.64572 ], [ 3.38678, 43.64783 ], [ 3.38159, 43.64768 ], [ 3.3806, 43.65224 ], [ 3.38352, 43.65718 ] ] } },
{ "type": "Feature", "properties": { "name": "Ruisseau du Lavadou", "weight_class": 1, "permanent": true, "length_km": 3.5 }, "geometry": { "type": "LineString", "coordinates": [ [ 3.35087, 43.63428 ], [ 3.35548, 43.63509 ], [ 3.35508, 43.63846 ], [ 3.35842, 43.6445 ], [ 3.36002, 43.6462 ], [ 3.36961, 43.65073 ], [ 3.37358, 43.6573 ] ] } },
{ "type": "Feature", "properties": { "name": "le Salagou", "weight_class": 1, "permanent": true, "length_km": 21.4 }, "geometry": { "type": "LineString", "coordinates": [ [ 3.23322, 43.65068 ], [ 3.23742, 43.64813 ], [ 3.23745, 43.64718 ], [ 3.24176, 43.64583 ], [ 3.24334, 43.64414 ], [ 3.24479, 43.64475 ], [ 3.24495, 43.64324 ], [ 3.24833, 43.64354 ], [ 3.25109, 43.64295 ], [ 3.25176, 43.6417 ], [ 3.25513, 43.64134 ], [ 3.25671, 43.63917 ], [ 3.2573, 43.63548 ], [ 3.26058, 43.63417 ], [ 3.26345, 43.62947 ], [ 3.26619, 43.63102 ], [ 3.27053, 43.62892 ], [ 3.27468, 43.62965 ], [ 3.2798, 43.62816 ], [ 3.28153, 43.6297 ], [ 3.29097, 43.62817 ], [ 3.29429, 43.63045 ], [ 3.29942, 43.62656 ], [ 3.30358, 43.62788 ], [ 3.30865, 43.63191 ], [ 3.31151, 43.6309 ], [ 3.31422, 43.63192 ], [ 3.32271, 43.64016 ], [ 3.3269, 43.64206 ], [ 3.32911, 43.64685 ], [ 3.32786, 43.64997 ], [ 3.32839, 43.6519 ], [ 3.33897, 43.65843 ], [ 3.35494, 43.6632 ], [ 3.3647, 43.66084 ], [ 3.3708, 43.65768 ], [ 3.38843, 43.65736 ], [ 3.39418, 43.65532 ], [ 3.39997, 43.655 ], [ 3.40412, 43.65749 ], [ 3.40933, 43.65818 ], [ 3.41301, 43.66261 ], [ 3.41133, 43.66811 ], [ 3.41904, 43.67134 ] ] } },
{ "type": "Feature", "properties": { "name": "Ruisseau de Rieupeyre", "weight_class": 1, "permanent": true, "length_km": 3.1 }, "geometry": { "type": "LineString", "coordinates": [ [ 3.27041, 43.65083 ], [ 3.27226, 43.64681 ], [ 3.2708, 43.6417 ], [ 3.27196, 43.63805 ], [ 3.27994, 43.63002 ], [ 3.28136, 43.62963 ] ] } },
{ "type": "Feature", "properties": { "name": "le Lignous", "weight_class": 1, "permanent": true, "length_km": 6.5 }, "geometry": { "type": "LineString", "coordinates": [ [ 3.25243, 43.66261 ], [ 3.25605, 43.66059 ], [ 3.2622, 43.65915 ], [ 3.26432, 43.65717 ], [ 3.26957, 43.65655 ], [ 3.27291, 43.65411 ], [ 3.28212, 43.65118 ], [ 3.28452, 43.64865 ], [ 3.2859, 43.64423 ], [ 3.28856, 43.64331 ], [ 3.29411, 43.63513 ], [ 3.29997, 43.63176 ], [ 3.30713, 43.63066 ] ] } },
{ "type": "Feature", "properties": { "name": "Ruisseau du Lieutre", "weight_class": 2, "permanent": false, "length_km": 7.3 }, "geometry": { "type": "LineString", "coordinates": [ [ 3.42313, 43.61645 ], [ 3.42743, 43.61549 ], [ 3.43454, 43.61132 ], [ 3.4404, 43.6118 ], [ 3.44238, 43.61324 ], [ 3.44768, 43.61293 ], [ 3.45255, 43.60932 ], [ 3.45898, 43.60777 ], [ 3.46654, 43.60179 ], [ 3.46986, 43.6 ], [ 3.47343, 43.59942 ], [ 3.47798, 43.59583 ], [ 3.47875, 43.59609 ], [ 3.47958, 43.59176 ], [ 3.48531, 43.5871 ], [ 3.48569, 43.58458 ] ] } },
{ "type": "Feature", "properties": { "name": "le Garel", "weight_class": 1, "permanent": false, "length_km": 6.1 }, "geometry": { "type": "LineString", "coordinates": [ [ 3.43048, 43.61872 ], [ 3.43968, 43.61806 ], [ 3.44445, 43.61898 ], [ 3.45829, 43.61485 ], [ 3.46061, 43.61554 ], [ 3.4664, 43.61132 ], [ 3.48094, 43.60318 ], [ 3.48562, 43.59922 ], [ 3.49016, 43.59981 ], [ 3.48928, 43.59732 ] ] } },
{ "type": "Feature", "properties": { "name": "Ruisseau de Cabrié", "weight_class": 1, "permanent": false, "length_km": 2.2 }, "geometry": { "type": "LineString", "coordinates": [ [ 3.40836, 43.63507 ], [ 3.40965, 43.63597 ], [ 3.40899, 43.63866 ], [ 3.42241, 43.64328 ], [ 3.42513, 43.64609 ] ] } },
{ "type": "Feature", "properties": { "name": "le Ronel", "weight_class": 1, "permanent": false, "length_km": 8.7 }, "geometry": { "type": "LineString", "coordinates": [ [ 3.39278, 43.62687 ], [ 3.39701, 43.62721 ], [ 3.4046, 43.63028 ], [ 3.41485, 43.6255 ], [ 3.41914, 43.62681 ], [ 3.42538, 43.62585 ], [ 3.43148, 43.62677 ], [ 3.43361, 43.62581 ], [ 3.43534, 43.62662 ], [ 3.43817, 43.63048 ], [ 3.45266, 43.63155 ], [ 3.45364, 43.6307 ], [ 3.45583, 43.63127 ], [ 3.45761, 43.63003 ], [ 3.45724, 43.63338 ], [ 3.45862, 43.63349 ], [ 3.46018, 43.63511 ], [ 3.4688, 43.63189 ], [ 3.47564, 43.63345 ], [ 3.47531, 43.63181 ] ] } },
{ "type": "Feature", "properties": { "name": "Rec de Joly", "weight_class": 1, "permanent": false, "length_km": 2.3 }, "geometry": { "type": "LineString", "coordinates": [ [ 3.38847, 43.62017 ], [ 3.3929, 43.61945 ], [ 3.40292, 43.61311 ], [ 3.40568, 43.6104 ], [ 3.40549, 43.60608 ] ] } },
{ "type": "Feature", "properties": { "name": "Ruisseau du Mas Crémat", "weight_class": 1, "permanent": true, "length_km": 3.5 }, "geometry": { "type": "LineString", "coordinates": [ [ 3.3746, 43.62954 ], [ 3.37527, 43.63269 ], [ 3.3797, 43.63516 ], [ 3.38109, 43.63844 ], [ 3.38054, 43.64342 ], [ 3.37825, 43.64512 ], [ 3.37758, 43.6487 ], [ 3.38123, 43.65714 ] ] } },
{ "type": "Feature", "properties": { "name": "Ruisseau de l'Ariole", "weight_class": 1, "permanent": false, "length_km": 2.3 }, "geometry": { "type": "LineString", "coordinates": [ [ 3.38825, 43.63279 ], [ 3.38324, 43.63316 ], [ 3.38212, 43.63445 ], [ 3.38476, 43.64173 ], [ 3.38439, 43.64419 ], [ 3.38159, 43.64768 ] ] } },
{ "type": "Feature", "properties": { "name": "la Nougarède", "weight_class": 1, "permanent": false, "length_km": 3.2 }, "geometry": { "type": "LineString", "coordinates": [ [ 3.34332, 43.63051 ], [ 3.34126, 43.62487 ], [ 3.34456, 43.62041 ], [ 3.34524, 43.61756 ], [ 3.35014, 43.61597 ], [ 3.35302, 43.61642 ], [ 3.35632, 43.61536 ], [ 3.36028, 43.6153 ], [ 3.36232, 43.61663 ] ] } },
{ "type": "Feature", "properties": { "name": "la Dourbie", "weight_class": 1, "permanent": true, "length_km": 15.5 }, "geometry": { "type": "LineString", "coordinates": [ [ 3.34607, 43.63211 ], [ 3.35035, 43.62868 ], [ 3.34915, 43.62449 ], [ 3.35045, 43.62201 ], [ 3.35397, 43.62065 ], [ 3.35554, 43.61847 ], [ 3.35851, 43.61729 ], [ 3.36232, 43.61663 ], [ 3.36389, 43.61745 ], [ 3.37345, 43.61618 ], [ 3.37784, 43.61457 ], [ 3.38172, 43.61125 ], [ 3.38649, 43.60932 ], [ 3.38793, 43.61101 ], [ 3.39547, 43.61142 ], [ 3.39702, 43.60921 ], [ 3.40329, 43.60888 ], [ 3.40765, 43.60464 ], [ 3.40637, 43.60248 ], [ 3.4067, 43.60004 ], [ 3.41168, 43.59929 ], [ 3.41371, 43.59635 ], [ 3.41846, 43.59472 ], [ 3.41928, 43.59352 ], [ 3.42378, 43.59359 ], [ 3.42552, 43.59178 ], [ 3.43266, 43.59246 ], [ 3.43822, 43.59082 ], [ 3.43903, 43.58928 ], [ 3.44618, 43.5906 ], [ 3.44939, 43.58864 ], [ 3.45121, 43.5885 ], [ 3.45208, 43.58984 ], [ 3.45451, 43.58779 ], [ 3.45619, 43.5894 ], [ 3.4595, 43.58589 ], [ 3.46297, 43.58483 ], [ 3.46852, 43.58461 ], [ 3.47006, 43.58256 ], [ 3.47311, 43.58092 ], [ 3.47702, 43.58062 ] ] } },
{ "type": "Feature", "properties": { "name": "Ruisseau du Jonquier", "weight_class": 1, "permanent": true, "length_km": 3.2 }, "geometry": { "type": "LineString", "coordinates": [ [ 3.3593, 43.63363 ], [ 3.36368, 43.63877 ], [ 3.36271, 43.64163 ], [ 3.36349, 43.64298 ], [ 3.37482, 43.65347 ], [ 3.37701, 43.65713 ] ] } },
{ "type": "Feature", "properties": { "name": "Ruisseau de Planès", "weight_class": 1, "permanent": false, "length_km": 2.1 }, "geometry": { "type": "LineString", "coordinates": [ [ 3.29604, 43.63829 ], [ 3.29947, 43.63528 ], [ 3.30375, 43.63532 ], [ 3.3098, 43.63366 ], [ 3.31358, 43.63362 ], [ 3.31767, 43.63581 ] ] } },
{ "type": "Feature", "properties": { "name": "Ru de la Tour d'Olivier", "weight_class": 1, "permanent": false, "length_km": 2.6 }, "geometry": { "type": "LineString", "coordinates": [ [ 3.29215, 43.6425 ], [ 3.29622, 43.64118 ], [ 3.29737, 43.64211 ], [ 3.29988, 43.64129 ], [ 3.30386, 43.64148 ], [ 3.31083, 43.635 ], [ 3.31568, 43.63465 ] ] } },
{ "type": "Feature", "properties": { "name": "Ruisseau de la Frille", "weight_class": 1, "permanent": true, "length_km": 2.8 }, "geometry": { "type": "LineString", "coordinates": [ [ 3.32551, 43.6131 ], [ 3.31702, 43.61492 ], [ 3.31636, 43.6186 ], [ 3.31357, 43.62102 ], [ 3.31031, 43.62203 ], [ 3.30592, 43.62945 ] ] } },
{ "type": "Feature", "properties": { "name": "Ruisseau de la Grange", "weight_class": 1, "permanent": false, "length_km": 3.7 }, "geometry": { "type": "LineString", "coordinates": [ [ 3.45181, 43.60646 ], [ 3.46012, 43.60077 ], [ 3.46452, 43.59913 ], [ 3.46843, 43.59489 ], [ 3.46976, 43.59509 ], [ 3.47315, 43.59298 ], [ 3.47465, 43.5908 ], [ 3.48031, 43.58721 ], [ 3.48115, 43.58589 ], [ 3.47999, 43.58458 ] ] } },
{ "type": "Feature", "properties": { "name": "Ruisseau de la Carrierasse", "weight_class": 1, "permanent": false, "length_km": 3.9 }, "geometry": { "type": "LineString", "coordinates": [ [ 3.42257, 43.60577 ], [ 3.42904, 43.60509 ], [ 3.43233, 43.60572 ], [ 3.44075, 43.59954 ], [ 3.43923, 43.59763 ], [ 3.44437, 43.5964 ], [ 3.45109, 43.59214 ], [ 3.45349, 43.58931 ], [ 3.45607, 43.58941 ] ] } },
{ "type": "Feature", "properties": { "name": "Ruisseau de la Combe", "weight_class": 1, "permanent": false, "length_km": 2.7 }, "geometry": { "type": "LineString", "coordinates": [ [ 3.41778, 43.60559 ], [ 3.41852, 43.60285 ], [ 3.42077, 43.60329 ], [ 3.42541, 43.60249 ], [ 3.42742, 43.60312 ], [ 3.43374, 43.60003 ], [ 3.4333, 43.59766 ], [ 3.42913, 43.5922 ] ] } },
{ "type": "Feature", "properties": { "name": "Ruisseau de Néburelles/Ruisseau du Broun", "weight_class": 1, "permanent": false, "length_km": 3.2 }, "geometry": { "type": "LineString", "coordinates": [ [ 3.39639, 43.589 ], [ 3.38861, 43.58639 ], [ 3.38588, 43.58662 ], [ 3.37525, 43.58234 ], [ 3.37446, 43.58092 ], [ 3.37233, 43.58049 ], [ 3.37008, 43.57703 ], [ 3.36507, 43.57734 ] ] } },
{ "type": "Feature", "properties": { "name": "Ruisseau de Valat Grand", "weight_class": 1, "permanent": false, "length_km": 3.4 }, "geometry": { "type": "LineString", "coordinates": [ [ 3.38257, 43.59694 ], [ 3.38271, 43.59939 ], [ 3.37857, 43.60022 ], [ 3.37131, 43.59698 ], [ 3.3631, 43.58858 ], [ 3.36168, 43.58593 ], [ 3.36264, 43.58339 ] ] } },
{ "type": "Feature", "properties": { "name": "Ruisseau du Mas Gabel/Ruisseau de la Plaine", "weight_class": 1, "permanent": false, "length_km": 4.5 }, "geometry": { "type": "LineString", "coordinates": [ [ 3.34047, 43.61157 ], [ 3.3425, 43.61048 ], [ 3.35022, 43.61203 ], [ 3.35286, 43.61118 ], [ 3.36039, 43.61107 ], [ 3.36307, 43.61007 ], [ 3.36543, 43.60675 ], [ 3.36938, 43.6059 ], [ 3.37073, 43.60719 ], [ 3.37623, 43.60578 ], [ 3.37656, 43.60682 ], [ 3.37892, 43.60736 ], [ 3.37963, 43.60928 ], [ 3.38178, 43.60866 ], [ 3.38411, 43.61024 ] ] } },
{ "type": "Feature", "properties": { "name": "Ruisseau de Vissounel", "weight_class": 1, "permanent": false, "length_km": 2.3 }, "geometry": { "type": "LineString", "coordinates": [ [ 3.3445, 43.60633 ], [ 3.34146, 43.60463 ], [ 3.34308, 43.60204 ], [ 3.34259, 43.59978 ], [ 3.33542, 43.59557 ], [ 3.33724, 43.59195 ] ] } },
{ "type": "Feature", "properties": { "name": "Ruisseau de Liotard", "weight_class": 1, "permanent": false, "length_km": 2.1 }, "geometry": { "type": "LineString", "coordinates": [ [ 3.30084, 43.61227 ], [ 3.29929, 43.60403 ], [ 3.30562, 43.59691 ] ] } },
{ "type": "Feature", "properties": { "name": "Ruisseau de la Margaride", "weight_class": 1, "permanent": false, "length_km": 4.3 }, "geometry": { "type": "LineString", "coordinates": [ [ 3.26611, 43.61273 ], [ 3.26714, 43.61002 ], [ 3.26564, 43.60377 ], [ 3.26764, 43.60118 ], [ 3.26806, 43.59725 ], [ 3.27347, 43.59222 ], [ 3.27361, 43.58896 ], [ 3.27177, 43.58651 ], [ 3.27286, 43.58275 ], [ 3.2714, 43.58217 ], [ 3.26975, 43.57921 ] ] } },
{ "type": "Feature", "properties": { "name": "la Peyne", "weight_class": 2, "permanent": true, "length_km": 33.0 }, "geometry": { "type": "LineString", "coordinates": [ [ 3.25528, 43.61183 ], [ 3.25666, 43.60478 ], [ 3.25527, 43.60101 ], [ 3.24855, 43.59379 ], [ 3.2497, 43.59105 ], [ 3.25245, 43.58787 ], [ 3.25419, 43.58951 ], [ 3.2571, 43.58752 ], [ 3.26213, 43.58765 ], [ 3.26019, 43.58403 ], [ 3.26587, 43.58165 ], [ 3.26572, 43.57921 ], [ 3.26883, 43.57985 ], [ 3.27074, 43.57811 ], [ 3.27237, 43.5779 ], [ 3.27263, 43.57536 ], [ 3.27371, 43.57472 ], [ 3.2782, 43.5763 ], [ 3.28099, 43.57294 ], [ 3.28555, 43.57222 ], [ 3.28496, 43.57021 ], [ 3.28652, 43.57007 ], [ 3.28868, 43.57216 ], [ 3.28939, 43.5688 ], [ 3.29399, 43.56862 ], [ 3.29538, 43.56363 ], [ 3.30106, 43.56264 ], [ 3.30034, 43.5604 ], [ 3.29604, 43.55746 ], [ 3.29844, 43.55052 ], [ 3.2962, 43.54936 ], [ 3.29572, 43.54714 ], [ 3.30087, 43.5462 ], [ 3.30565, 43.54037 ], [ 3.31144, 43.53819 ], [ 3.30739, 43.53337 ], [ 3.30261, 43.53244 ], [ 3.30347, 43.52864 ], [ 3.30272, 43.52519 ], [ 3.30465, 43.52314 ], [ 3.30612, 43.52427 ], [ 3.30933, 43.52247 ], [ 3.31333, 43.51648 ], [ 3.31639, 43.5172 ], [ 3.31783, 43.51536 ], [ 3.32097, 43.51408 ], [ 3.32092, 43.51231 ], [ 3.32344, 43.50909 ], [ 3.32216, 43.50695 ], [ 3.3241, 43.50595 ], [ 3.32613, 43.50253 ], [ 3.32903, 43.50303 ], [ 3.33169, 43.50016 ], [ 3.33497, 43.50015 ], [ 3.33396, 43.49931 ], [ 3.33471, 43.49764 ], [ 3.33865, 43.49797 ], [ 3.34377, 43.49412 ], [ 3.34935, 43.49348 ], [ 3.35185, 43.48972 ], [ 3.35674, 43.4893 ], [ 3.35982, 43.48438 ], [ 3.36532, 43.48579 ], [ 3.36548, 43.48462 ], [ 3.37019, 43.48138 ], [ 3.37142, 43.47716 ], [ 3.37403, 43.47638 ], [ 3.37569, 43.47458 ], [ 3.38064, 43.47385 ], [ 3.3846, 43.47119 ], [ 3.39069, 43.47093 ], [ 3.39363, 43.46817 ], [ 3.39949, 43.46724 ], [ 3.40232, 43.46579 ], [ 3.40651, 43.46621 ], [ 3.41244, 43.46443 ], [ 3.42239, 43.46464 ], [ 3.43091, 43.45725 ], [ 3.43892, 43.45277 ], [ 3.4384, 43.44986 ] ] } },
{ "type": "Feature", "properties": { "name": "la Boyne", "weight_class": 1, "permanent": true, "length_km": 25.2 }, "geometry": { "type": "LineString", "coordinates": [ [ 3.28308, 43.60885 ], [ 3.28561, 43.6098 ], [ 3.28951, 43.60807 ], [ 3.29047, 43.60381 ], [ 3.28948, 43.60016 ], [ 3.2918, 43.59831 ], [ 3.29621, 43.59806 ], [ 3.30187, 43.59633 ], [ 3.30535, 43.597 ], [ 3.30667, 43.5961 ], [ 3.31038, 43.59804 ], [ 3.31909, 43.59803 ], [ 3.32164, 43.59757 ], [ 3.32509, 43.59518 ], [ 3.32899, 43.59445 ], [ 3.32884, 43.59231 ], [ 3.33162, 43.59303 ], [ 3.33454, 43.59187 ], [ 3.33637, 43.59237 ], [ 3.34661, 43.58792 ], [ 3.34823, 43.58845 ], [ 3.34904, 43.59079 ], [ 3.35141, 43.59135 ], [ 3.35691, 43.58882 ], [ 3.36283, 43.58327 ], [ 3.36473, 43.57933 ], [ 3.36446, 43.56724 ], [ 3.36927, 43.56375 ], [ 3.37741, 43.56289 ], [ 3.37836, 43.55982 ], [ 3.38107, 43.558 ], [ 3.3847, 43.55228 ], [ 3.38474, 43.54834 ], [ 3.38131, 43.54665 ], [ 3.38193, 43.54516 ], [ 3.38863, 43.54309 ], [ 3.3893, 43.53911 ], [ 3.39273, 43.53663 ], [ 3.40066, 43.53445 ], [ 3.40301, 43.53505 ], [ 3.405, 43.53403 ], [ 3.4072, 43.53448 ], [ 3.41199, 43.52861 ], [ 3.41764, 43.52857 ], [ 3.41507, 43.52551 ], [ 3.41809, 43.52398 ], [ 3.42303, 43.52334 ], [ 3.42549, 43.51742 ], [ 3.42924, 43.51826 ], [ 3.43265, 43.5147 ], [ 3.4365, 43.51273 ], [ 3.43941, 43.51389 ], [ 3.4458, 43.5079 ], [ 3.4497, 43.50741 ], [ 3.45232, 43.50433 ], [ 3.45747, 43.50233 ], [ 3.46038, 43.4986 ], [ 3.46526, 43.49669 ] ] } },
{ "type": "Feature", "properties": { "name": "Ruisseau des Grottes", "weight_class": 1, "permanent": false, "length_km": 2.7 }, "geometry": { "type": "LineString", "coordinates": [ [ 3.27689, 43.61144 ], [ 3.27607, 43.61529 ], [ 3.28582, 43.61828 ], [ 3.28631, 43.62108 ], [ 3.28796, 43.62204 ], [ 3.28949, 43.62687 ], [ 3.29097, 43.62817 ] ] } },
{ "type": "Feature", "properties": { "name": "la Garelle", "weight_class": 1, "permanent": true, "length_km": 2.4 }, "geometry": { "type": "LineString", "coordinates": [ [ 3.44676, 43.57092 ], [ 3.44798, 43.57123 ], [ 3.45226, 43.56811 ], [ 3.45362, 43.56964 ], [ 3.45827, 43.56974 ], [ 3.46128, 43.57113 ], [ 3.47039, 43.57063 ] ] } },
{ "type": "Feature", "properties": { "name": "Ruisseau de Merdols", "weight_class": 1, "permanent": true, "length_km": 6.3 }, "geometry": { "type": "LineString", "coordinates": [ [ 3.40566, 43.58019 ], [ 3.40829, 43.5789 ], [ 3.40946, 43.57706 ], [ 3.40953, 43.57435 ], [ 3.4085, 43.57389 ], [ 3.40997, 43.57078 ], [ 3.40905, 43.56906 ], [ 3.41281, 43.56726 ], [ 3.41642, 43.56185 ], [ 3.4131, 43.55476 ], [ 3.4076, 43.5515 ], [ 3.40432, 43.55094 ], [ 3.4054, 43.54256 ], [ 3.40452, 43.53639 ], [ 3.40655, 43.53448 ] ] } },
{ "type": "Feature", "properties": { "name": "le Rieu", "weight_class": 1, "permanent": false, "length_km": 2.9 }, "geometry": { "type": "LineString", "coordinates": [ [ 3.43287, 43.55723 ], [ 3.43493, 43.55733 ], [ 3.44502, 43.55274 ], [ 3.4512, 43.5519 ], [ 3.46029, 43.5443 ] ] } },
{ "type": "Feature", "properties": { "name": "Ruisseau de Cancaval", "weight_class": 1, "permanent": false, "length_km": 2.4 }, "geometry": { "type": "LineString", "coordinates": [ [ 3.39179, 43.56412 ], [ 3.39284, 43.56302 ], [ 3.40051, 43.56239 ], [ 3.404, 43.56031 ], [ 3.40421, 43.55769 ], [ 3.40289, 43.55701 ], [ 3.40226, 43.55459 ], [ 3.40448, 43.55121 ] ] } },
{ "type": "Feature", "properties": { "name": "Ruisseau de l'Argelas", "weight_class": 1, "permanent": false, "length_km": 2.4 }, "geometry": { "type": "LineString", "coordinates": [ [ 3.38671, 43.57976 ], [ 3.39138, 43.57789 ], [ 3.39306, 43.57407 ], [ 3.39816, 43.57286 ], [ 3.40172, 43.56956 ], [ 3.40905, 43.56906 ] ] } },
{ "type": "Feature", "properties": { "name": "Ruisseau d'Izarne", "weight_class": 1, "permanent": false, "length_km": 2.5 }, "geometry": { "type": "LineString", "coordinates": [ [ 3.34306, 43.55659 ], [ 3.35113, 43.55706 ], [ 3.35637, 43.55872 ], [ 3.36431, 43.55978 ], [ 3.36907, 43.56164 ], [ 3.37068, 43.56346 ] ] } },
{ "type": "Feature", "properties": { "name": "Ruisseau des Caviès/Ruisseau d'Autimergues", "weight_class": 1, "permanent": false, "length_km": 3.4 }, "geometry": { "type": "LineString", "coordinates": [ [ 3.3299, 43.58044 ], [ 3.33939, 43.57525 ], [ 3.34229, 43.57522 ], [ 3.34715, 43.57305 ], [ 3.35016, 43.57296 ], [ 3.358, 43.57567 ], [ 3.36113, 43.57537 ], [ 3.36386, 43.57338 ] ] } },
{ "type": "Feature", "properties": { "name": "Ruisseau de la Font de Garot", "weight_class": 1, "permanent": false, "length_km": 3.7 }, "geometry": { "type": "LineString", "coordinates": [ [ 3.31837, 43.55778 ], [ 3.32487, 43.5558 ], [ 3.3292, 43.55613 ], [ 3.33383, 43.55371 ], [ 3.33322, 43.55002 ], [ 3.3359, 43.54578 ], [ 3.33437, 43.54166 ], [ 3.33716, 43.53916 ], [ 3.341, 43.5379 ] ] } },
{ "type": "Feature", "properties": { "name": "Ruisseau de la Charette", "weight_class": 1, "permanent": false, "length_km": 2.1 }, "geometry": { "type": "LineString", "coordinates": [ [ 3.31045, 43.57714 ], [ 3.31064, 43.5688 ], [ 3.30958, 43.56543 ], [ 3.30417, 43.56437 ], [ 3.30106, 43.56264 ] ] } },
{ "type": "Feature", "properties": { "name": "Ruisseau de Malacombe", "weight_class": 1, "permanent": false, "length_km": 2.4 }, "geometry": { "type": "LineString", "coordinates": [ [ 3.30338, 43.58373 ], [ 3.30987, 43.58637 ], [ 3.3123, 43.59095 ], [ 3.3162, 43.59267 ], [ 3.31832, 43.59477 ], [ 3.324, 43.59613 ] ] } },
{ "type": "Feature", "properties": { "name": "les Pitrous", "weight_class": 1, "permanent": true, "length_km": 6.6 }, "geometry": { "type": "LineString", "coordinates": [ [ 3.30742, 43.58378 ], [ 3.31362, 43.5842 ], [ 3.31859, 43.5788 ], [ 3.32131, 43.57786 ], [ 3.32433, 43.57396 ], [ 3.32526, 43.56893 ], [ 3.32803, 43.56392 ], [ 3.33005, 43.56265 ], [ 3.33965, 43.56383 ], [ 3.34218, 43.56208 ], [ 3.34843, 43.56234 ], [ 3.36085, 43.56658 ], [ 3.36487, 43.56678 ] ] } },
{ "type": "Feature", "properties": { "name": "Rieu Paders", "weight_class": 1, "permanent": true, "length_km": 4.7 }, "geometry": { "type": "LineString", "coordinates": [ [ 3.27207, 43.57004 ], [ 3.27891, 43.56698 ], [ 3.28485, 43.56555 ], [ 3.28703, 43.56224 ], [ 3.28678, 43.55993 ], [ 3.28189, 43.55439 ], [ 3.27978, 43.54841 ], [ 3.27598, 43.54684 ], [ 3.27756, 43.545 ], [ 3.27232, 43.54058 ] ] } },
{ "type": "Feature", "properties": { "name": "Ruisseau de Fontaube et de la Borie", "weight_class": 1, "permanent": true, "length_km": 4.7 }, "geometry": { "type": "LineString", "coordinates": [ [ 3.26492, 43.56868 ], [ 3.26484, 43.56295 ], [ 3.26128, 43.55639 ], [ 3.26236, 43.55563 ], [ 3.26252, 43.54922 ], [ 3.25946, 43.54757 ], [ 3.25764, 43.5445 ], [ 3.258, 43.54319 ], [ 3.25543, 43.54182 ], [ 3.24892, 43.53401 ] ] } },
{ "type": "Feature", "properties": { "name": "Ruisseau de Lène", "weight_class": 1, "permanent": true, "length_km": 6.7 }, "geometry": { "type": "LineString", "coordinates": [ [ 3.27656, 43.56222 ], [ 3.2656, 43.55511 ], [ 3.26682, 43.55209 ], [ 3.2696, 43.55059 ], [ 3.26998, 43.54702 ], [ 3.27173, 43.54561 ], [ 3.27048, 43.54244 ], [ 3.27341, 43.53905 ], [ 3.27318, 43.53342 ], [ 3.27574, 43.52978 ], [ 3.27884, 43.52761 ], [ 3.28022, 43.52452 ], [ 3.27922, 43.52023 ], [ 3.27631, 43.51854 ], [ 3.27354, 43.51519 ] ] } },
{ "type": "Feature", "properties": { "name": "Ruisseau de Ruchac", "weight_class": 1, "permanent": false, "length_km": 3.3 }, "geometry": { "type": "LineString", "coordinates": [ [ 3.42754, 43.55111 ], [ 3.43926, 43.54528 ], [ 3.44346, 43.53958 ], [ 3.44804, 43.53789 ], [ 3.45136, 43.53765 ], [ 3.45901, 43.53457 ] ] } },
{ "type": "Feature", "properties": { "name": "Ruisseau de Candaurade", "weight_class": 1, "permanent": false, "length_km": 2.4 }, "geometry": { "type": "LineString", "coordinates": [ [ 3.43447, 43.55537 ], [ 3.43969, 43.55037 ], [ 3.44552, 43.54783 ], [ 3.44849, 43.54301 ], [ 3.45368, 43.53995 ] ] } },
{ "type": "Feature", "properties": { "name": "Ruisseau de Vareille", "weight_class": 1, "permanent": false, "length_km": 5.7 }, "geometry": { "type": "LineString", "coordinates": [ [ 3.4207, 43.544 ], [ 3.42449, 43.53938 ], [ 3.42473, 43.53733 ], [ 3.42272, 43.53653 ], [ 3.42509, 43.53345 ], [ 3.42965, 43.53186 ], [ 3.43469, 43.52836 ], [ 3.43925, 43.52709 ], [ 3.4471, 43.52225 ], [ 3.45798, 43.51885 ], [ 3.46476, 43.5108 ] ] } },
{ "type": "Feature", "properties": { "name": "Ruisseau de Bayèle", "weight_class": 1, "permanent": true, "length_km": 8.7 }, "geometry": { "type": "LineString", "coordinates": [ [ 3.34801, 43.5496 ], [ 3.34996, 43.54445 ], [ 3.34127, 43.53904 ], [ 3.34222, 43.53443 ], [ 3.33928, 43.53104 ], [ 3.34103, 43.52918 ], [ 3.33873, 43.52765 ], [ 3.33851, 43.52547 ], [ 3.34007, 43.5239 ], [ 3.33932, 43.5227 ], [ 3.34388, 43.51851 ], [ 3.3443, 43.51319 ], [ 3.34662, 43.51075 ], [ 3.34699, 43.509 ], [ 3.3447, 43.50272 ], [ 3.34648, 43.50161 ], [ 3.34894, 43.49639 ], [ 3.35109, 43.4954 ], [ 3.35324, 43.49205 ], [ 3.3541, 43.49167 ], [ 3.35479, 43.49285 ], [ 3.35563, 43.4926 ], [ 3.35722, 43.48848 ] ] } },
{ "type": "Feature", "properties": { "name": "Ruisseau de Ribouyrel", "weight_class": 1, "permanent": false, "length_km": 3.1 }, "geometry": { "type": "LineString", "coordinates": [ [ 3.28845, 43.5531 ], [ 3.2863, 43.55064 ], [ 3.28696, 43.54699 ], [ 3.29109, 43.54634 ], [ 3.29307, 43.54427 ], [ 3.29309, 43.54127 ], [ 3.29592, 43.53684 ], [ 3.30292, 43.53268 ] ] } },
{ "type": "Feature", "properties": { "name": "Ruisseau de la Fontaine", "weight_class": 2, "permanent": false, "length_km": 3.8 }, "geometry": { "type": "LineString", "coordinates": [ [ 3.48464, 43.4636 ], [ 3.47881, 43.46326 ], [ 3.47232, 43.46527 ], [ 3.46828, 43.4639 ], [ 3.45524, 43.46447 ], [ 3.44644, 43.47131 ], [ 3.44435, 43.47179 ] ] } },
{ "type": "Feature", "properties": { "name": "Ruisseau d'Aires", "weight_class": 1, "permanent": false, "length_km": 6.3 }, "geometry": { "type": "LineString", "coordinates": [ [ 3.37842, 43.42798 ], [ 3.38278, 43.42813 ], [ 3.38605, 43.43094 ], [ 3.38899, 43.43114 ], [ 3.38832, 43.43603 ], [ 3.38968, 43.43779 ], [ 3.39419, 43.4379 ], [ 3.39535, 43.4391 ], [ 3.39762, 43.43944 ], [ 3.39918, 43.44047 ], [ 3.40171, 43.44591 ], [ 3.41407, 43.45163 ], [ 3.43123, 43.44484 ] ] } },
{ "type": "Feature", "properties": { "name": "Ruisseau de Vareilhes", "weight_class": 1, "permanent": false, "length_km": 3.9 }, "geometry": { "type": "LineString", "coordinates": [ [ 3.35865, 43.54063 ], [ 3.36387, 43.54052 ], [ 3.36918, 43.53664 ], [ 3.36998, 43.53458 ], [ 3.37938, 43.52938 ], [ 3.38216, 43.52999 ], [ 3.38668, 43.53291 ], [ 3.38744, 43.53704 ], [ 3.39034, 43.53813 ] ] } },
{ "type": "Feature", "properties": { "name": "Ruisseau de Puisseilhan", "weight_class": 1, "permanent": false, "length_km": 3.8 }, "geometry": { "type": "LineString", "coordinates": [ [ 3.30782, 43.49898 ], [ 3.30921, 43.49954 ], [ 3.31052, 43.49844 ], [ 3.31121, 43.49391 ], [ 3.30734, 43.49048 ], [ 3.30386, 43.48435 ], [ 3.29798, 43.48106 ], [ 3.29823, 43.47957 ], [ 3.29636, 43.47939 ], [ 3.29333, 43.47381 ] ] } },
{ "type": "Feature", "properties": { "name": "Ruisseau de Peilhan", "weight_class": 1, "permanent": false, "length_km": 3.3 }, "geometry": { "type": "LineString", "coordinates": [ [ 3.29945, 43.5074 ], [ 3.30137, 43.50099 ], [ 3.29958, 43.49789 ], [ 3.30026, 43.49392 ], [ 3.29869, 43.49022 ], [ 3.29579, 43.48755 ], [ 3.29548, 43.48544 ], [ 3.29853, 43.48134 ] ] } },
{ "type": "Feature", "properties": { "name": "Ruisseau de Rièges", "weight_class": 2, "permanent": true, "length_km": 10.3 }, "geometry": { "type": "LineString", "coordinates": [ [ 3.31307, 43.48319 ], [ 3.32027, 43.47742 ], [ 3.3246, 43.47027 ], [ 3.33363, 43.46206 ], [ 3.34493, 43.45443 ], [ 3.35425, 43.45113 ], [ 3.35962, 43.45272 ], [ 3.36631, 43.45662 ], [ 3.36861, 43.45677 ], [ 3.36626, 43.46067 ], [ 3.369, 43.46364 ], [ 3.36918, 43.46815 ], [ 3.37121, 43.46783 ], [ 3.37436, 43.47025 ], [ 3.37584, 43.4695 ], [ 3.37831, 43.47065 ], [ 3.38112, 43.46954 ], [ 3.39363, 43.46817 ] ] } },
{ "type": "Feature", "properties": { "name": "le Rieutort/Rieu Tort", "weight_class": 1, "permanent": false, "length_km": 8.8 }, "geometry": { "type": "LineString", "coordinates": [ [ 3.5593, 43.52721 ], [ 3.55733, 43.52469 ], [ 3.55395, 43.52377 ], [ 3.55231, 43.52231 ], [ 3.55034, 43.52202 ], [ 3.55047, 43.52329 ], [ 3.54837, 43.52446 ], [ 3.5471, 43.52417 ], [ 3.54583, 43.52582 ], [ 3.54252, 43.52423 ], [ 3.53983, 43.52465 ], [ 3.53338, 43.52022 ], [ 3.52627, 43.51848 ], [ 3.52368, 43.51965 ], [ 3.52103, 43.51907 ], [ 3.51684, 43.5218 ], [ 3.50197, 43.52392 ], [ 3.50246, 43.52591 ], [ 3.49999, 43.52687 ], [ 3.49922, 43.52842 ], [ 3.4955, 43.52883 ], [ 3.49017, 43.53116 ], [ 3.48815, 43.53144 ], [ 3.47914, 43.5295 ] ] } },
{ "type": "Feature", "properties": { "name": "Ruisseau de la Marelle", "weight_class": 1, "permanent": true, "length_km": 2.4 }, "geometry": { "type": "LineString", "coordinates": [ [ 3.32708, 43.54208 ], [ 3.33064, 43.53653 ], [ 3.32911, 43.53211 ], [ 3.3327, 43.52996 ], [ 3.33647, 43.53006 ], [ 3.33845, 43.52679 ] ] } },
{ "type": "Feature", "properties": { "name": "le Rieu", "weight_class": 1, "permanent": false, "length_km": 2.8 }, "geometry": { "type": "LineString", "coordinates": [ [ 3.3602, 43.544 ], [ 3.36593, 43.54542 ], [ 3.37204, 43.5455 ], [ 3.37402, 43.54484 ], [ 3.37664, 43.54198 ], [ 3.38921, 43.54044 ] ] } },
{ "type": "Feature", "properties": { "name": "Ruisseau de la Lande/Ruisseau des Geissières", "weight_class": 1, "permanent": false, "length_km": 5.0 }, "geometry": { "type": "LineString", "coordinates": [ [ 3.31814, 43.53635 ], [ 3.32013, 43.5343 ], [ 3.31966, 43.53282 ], [ 3.32179, 43.52957 ], [ 3.31821, 43.52663 ], [ 3.31748, 43.52258 ], [ 3.32279, 43.51789 ], [ 3.33262, 43.51332 ], [ 3.33811, 43.50925 ], [ 3.33942, 43.50692 ], [ 3.34474, 43.50346 ] ] } },
{ "type": "Feature", "properties": { "name": "Ruisseau de la Garrigue", "weight_class": 1, "permanent": false, "length_km": 2.1 }, "geometry": { "type": "LineString", "coordinates": [ [ 3.41588, 43.50005 ], [ 3.41417, 43.49982 ], [ 3.41333, 43.49713 ], [ 3.41036, 43.49692 ], [ 3.40909, 43.49451 ], [ 3.40389, 43.49247 ], [ 3.39746, 43.492 ] ] } },
{ "type": "Feature", "properties": { "name": "Ruisseau de Tartuguier/Ruisseau de Tartuyo", "weight_class": 1, "permanent": true, "length_km": 7.7 }, "geometry": { "type": "LineString", "coordinates": [ [ 3.37887, 43.51934 ], [ 3.37773, 43.51724 ], [ 3.37965, 43.51381 ], [ 3.37947, 43.51044 ], [ 3.38344, 43.50578 ], [ 3.3964, 43.49515 ], [ 3.39706, 43.49125 ], [ 3.4002, 43.48772 ], [ 3.40976, 43.48319 ], [ 3.41211, 43.47738 ], [ 3.41366, 43.47691 ], [ 3.41837, 43.47157 ], [ 3.41897, 43.46789 ], [ 3.42226, 43.4647 ] ] } },
{ "type": "Feature", "properties": { "name": "Ruisseau du Rieutord/Ruisseau de la Prairie", "weight_class": 1, "permanent": false, "length_km": 6.9 }, "geometry": { "type": "LineString", "coordinates": [ [ 3.37076, 43.51654 ], [ 3.36967, 43.5152 ], [ 3.37178, 43.51369 ], [ 3.37122, 43.51073 ], [ 3.37643, 43.50183 ], [ 3.38458, 43.49294 ], [ 3.38921, 43.4894 ], [ 3.39075, 43.48451 ], [ 3.39396, 43.4814 ], [ 3.40053, 43.46865 ], [ 3.4045, 43.4677 ], [ 3.40618, 43.46625 ] ] } },
{ "type": "Feature", "properties": { "name": "Ruisseau de Merderic", "weight_class": 1, "permanent": false, "length_km": 8.2 }, "geometry": { "type": "LineString", "coordinates": [ [ 3.39928, 43.51627 ], [ 3.4002, 43.5144 ], [ 3.41822, 43.50607 ], [ 3.42472, 43.50693 ], [ 3.42487, 43.50913 ], [ 3.42788, 43.51095 ], [ 3.43359, 43.5102 ], [ 3.44655, 43.49954 ], [ 3.45343, 43.49656 ], [ 3.45347, 43.49399 ], [ 3.44986, 43.48831 ], [ 3.45477, 43.48555 ], [ 3.45041, 43.48319 ], [ 3.45052, 43.48085 ] ] } },
{ "type": "Feature", "properties": { "name": "Ruisseau de Verloronne", "weight_class": 1, "permanent": false, "length_km": 2.5 }, "geometry": { "type": "LineString", "coordinates": [ [ 3.28763, 43.49956 ], [ 3.29209, 43.4952 ], [ 3.29252, 43.49158 ], [ 3.29126, 43.49165 ], [ 3.28909, 43.48997 ], [ 3.28858, 43.48711 ], [ 3.28574, 43.48753 ], [ 3.28247, 43.48647 ] ] } },
{ "type": "Feature", "properties": { "name": "Ruisseau de Rounel", "weight_class": 1, "permanent": false, "length_km": 2.8 }, "geometry": { "type": "LineString", "coordinates": [ [ 3.28391, 43.51293 ], [ 3.28482, 43.51428 ], [ 3.29583, 43.51652 ], [ 3.29851, 43.51835 ], [ 3.30054, 43.51771 ], [ 3.31026, 43.51915 ], [ 3.31231, 43.51774 ] ] } },
{ "type": "Feature", "properties": { "name": "Ruisseau d'Ensigaud", "weight_class": 1, "permanent": true, "length_km": 7.8 }, "geometry": { "type": "LineString", "coordinates": [ [ 3.52939, 43.48018 ], [ 3.52686, 43.48166 ], [ 3.52428, 43.48166 ], [ 3.52014, 43.48595 ], [ 3.51801, 43.48639 ], [ 3.51093, 43.48419 ], [ 3.50394, 43.48356 ], [ 3.4926, 43.48675 ], [ 3.49095, 43.48637 ], [ 3.48775, 43.48229 ], [ 3.48721, 43.47971 ], [ 3.4836, 43.47778 ], [ 3.47959, 43.4793 ], [ 3.47358, 43.48001 ], [ 3.46656, 43.47907 ], [ 3.46273, 43.48121 ], [ 3.46138, 43.48011 ], [ 3.45693, 43.47965 ], [ 3.45352, 43.48143 ] ] } },
{ "type": "Feature", "properties": { "name": "Ruisseau de la Font du Loup/Ruisseau de Sainte-Camelle", "weight_class": 1, "permanent": false, "length_km": 5.2 }, "geometry": { "type": "LineString", "coordinates": [ [ 3.5165, 43.48879 ], [ 3.51037, 43.49427 ], [ 3.50099, 43.49294 ], [ 3.49559, 43.49428 ], [ 3.48845, 43.4927 ], [ 3.48216, 43.49432 ], [ 3.4801, 43.49262 ], [ 3.47701, 43.49389 ], [ 3.47544, 43.49338 ], [ 3.47238, 43.49601 ], [ 3.46984, 43.49531 ], [ 3.46834, 43.49318 ], [ 3.46567, 43.49227 ] ] } },
{ "type": "Feature", "properties": { "name": "Ruisseau de l'Arnet", "weight_class": 1, "permanent": false, "length_km": 5.0 }, "geometry": { "type": "LineString", "coordinates": [ [ 3.41618, 43.49614 ], [ 3.41742, 43.49584 ], [ 3.41872, 43.49296 ], [ 3.42385, 43.4875 ], [ 3.42342, 43.48089 ], [ 3.42976, 43.47458 ], [ 3.43182, 43.47014 ], [ 3.43489, 43.46991 ], [ 3.43815, 43.46757 ], [ 3.43873, 43.46557 ], [ 3.43752, 43.46349 ], [ 3.4415, 43.46148 ] ] } },
{ "type": "Feature", "properties": { "name": "le Vallat", "weight_class": 2, "permanent": false, "length_km": 2.2 }, "geometry": { "type": "LineString", "coordinates": [ [ 3.35555, 43.47695 ], [ 3.36347, 43.47297 ], [ 3.36689, 43.47337 ], [ 3.37529, 43.4717 ], [ 3.37728, 43.47229 ], [ 3.37715, 43.47424 ] ] } },
{ "type": "Feature", "properties": { "name": "Ruisseau de Boudic", "weight_class": 1, "permanent": false, "length_km": 4.2 }, "geometry": { "type": "LineString", "coordinates": [ [ 3.31735, 43.49841 ], [ 3.31905, 43.49692 ], [ 3.32249, 43.49655 ], [ 3.32741, 43.49308 ], [ 3.32994, 43.49363 ], [ 3.33348, 43.49296 ], [ 3.341, 43.48861 ], [ 3.3528, 43.48796 ], [ 3.35469, 43.48568 ], [ 3.3592, 43.48505 ] ] } },
{ "type": "Feature", "properties": { "name": "Ruisseau de Reynemaltre", "weight_class": 1, "permanent": true, "length_km": 2.4 }, "geometry": { "type": "LineString", "coordinates": [ [ 3.25995, 43.49312 ], [ 3.267, 43.48856 ], [ 3.2671, 43.4871 ], [ 3.27035, 43.48357 ], [ 3.27522, 43.48451 ], [ 3.28005, 43.482 ] ] } },
{ "type": "Feature", "properties": { "name": "Ruisseau de Saint-Martin", "weight_class": 1, "permanent": false, "length_km": 3.9 }, "geometry": { "type": "LineString", "coordinates": [ [ 3.49615, 43.45556 ], [ 3.50104, 43.45378 ], [ 3.50555, 43.4534 ], [ 3.50957, 43.45566 ], [ 3.52385, 43.45042 ], [ 3.52859, 43.44558 ], [ 3.53414, 43.44373 ] ] } },
{ "type": "Feature", "properties": { "name": "Ruisseau du Trou du Renard", "weight_class": 1, "permanent": false, "length_km": 3.1 }, "geometry": { "type": "LineString", "coordinates": [ [ 3.50352, 43.4668 ], [ 3.50494, 43.46524 ], [ 3.51285, 43.46135 ], [ 3.51407, 43.45922 ], [ 3.52032, 43.4551 ], [ 3.5244, 43.45486 ], [ 3.52846, 43.45331 ], [ 3.531, 43.45017 ] ] } },
{ "type": "Feature", "properties": { "name": "Ruisseau de Soupié", "weight_class": 1, "permanent": true, "length_km": 10.9 }, "geometry": { "type": "LineString", "coordinates": [ [ 3.47681, 43.44515 ], [ 3.48046, 43.44343 ], [ 3.49267, 43.44054 ], [ 3.49528, 43.43884 ], [ 3.50135, 43.43114 ], [ 3.50059, 43.42791 ], [ 3.50258, 43.42601 ], [ 3.5029, 43.42388 ], [ 3.50115, 43.42183 ], [ 3.50253, 43.41822 ], [ 3.50813, 43.41186 ], [ 3.51765, 43.40423 ], [ 3.51919, 43.39529 ], [ 3.52467, 43.39056 ], [ 3.53056, 43.38859 ], [ 3.53792, 43.38438 ], [ 3.5377, 43.38351 ], [ 3.5484, 43.37623 ] ] } },
{ "type": "Feature", "properties": { "name": "Ruisseau de Vignes-Vieilles", "weight_class": 1, "permanent": false, "length_km": 3.1 }, "geometry": { "type": "LineString", "coordinates": [ [ 3.47335, 43.45656 ], [ 3.46414, 43.45349 ], [ 3.45928, 43.44596 ], [ 3.45645, 43.44426 ], [ 3.45093, 43.43741 ] ] } },
{ "type": "Feature", "properties": { "name": "Ruisseau de Saint-Antoine", "weight_class": 1, "permanent": false, "length_km": 2.6 }, "geometry": { "type": "LineString", "coordinates": [ [ 3.45015, 43.44287 ], [ 3.44653, 43.44416 ], [ 3.44193, 43.44346 ], [ 3.43325, 43.43562 ], [ 3.43106, 43.43474 ], [ 3.42526, 43.43442 ] ] } },
{ "type": "Feature", "properties": { "name": "Ruisseau du Rieutord/Rieu Tort", "weight_class": 1, "permanent": false, "length_km": 3.9 }, "geometry": { "type": "LineString", "coordinates": [ [ 3.37116, 43.43992 ], [ 3.37017, 43.43862 ], [ 3.36705, 43.43767 ], [ 3.36332, 43.43831 ], [ 3.35515, 43.43723 ], [ 3.35307, 43.43111 ], [ 3.35353, 43.42935 ], [ 3.35044, 43.42611 ], [ 3.35218, 43.42209 ], [ 3.34731, 43.42019 ] ] } },
{ "type": "Feature", "properties": { "name": "Ruisseau d'Elis", "weight_class": 1, "permanent": false, "length_km": 2.6 }, "geometry": { "type": "LineString", "coordinates": [ [ 3.38461, 43.45731 ], [ 3.39875, 43.45009 ], [ 3.41281, 43.45101 ] ] } },
{ "type": "Feature", "properties": { "name": "Ruisseau de la Matte", "weight_class": 1, "permanent": false, "length_km": 2.3 }, "geometry": { "type": "LineString", "coordinates": [ [ 3.34184, 43.44211 ], [ 3.34434, 43.43865 ], [ 3.33979, 43.43695 ], [ 3.34079, 43.43245 ], [ 3.33973, 43.42986 ], [ 3.34423, 43.42638 ] ] } },
{ "type": "Feature", "properties": { "name": "Ruisseau du Rieutord/Ruisseau de la Garrigue", "weight_class": 1, "permanent": false, "length_km": 3.2 }, "geometry": { "type": "LineString", "coordinates": [ [ 3.32953, 43.45248 ], [ 3.33385, 43.45093 ], [ 3.33826, 43.4457 ], [ 3.33883, 43.4393 ], [ 3.33509, 43.43589 ], [ 3.33973, 43.42986 ] ] } },
{ "type": "Feature", "properties": { "name": "Ruisseau de Combas", "weight_class": 2, "permanent": false, "length_km": 3.9 }, "geometry": { "type": "LineString", "coordinates": [ [ 3.32528, 43.45418 ], [ 3.32437, 43.45295 ], [ 3.32526, 43.45079 ], [ 3.32881, 43.44812 ], [ 3.3294, 43.44143 ], [ 3.33086, 43.43908 ], [ 3.32963, 43.43813 ], [ 3.32805, 43.43208 ], [ 3.32653, 43.43075 ], [ 3.32135, 43.43044 ], [ 3.31875, 43.42887 ] ] } },
{ "type": "Feature", "properties": { "name": "Ruisseau de Tourouzeau", "weight_class": 1, "permanent": false, "length_km": 2.7 }, "geometry": { "type": "LineString", "coordinates": [ [ 3.29385, 43.44131 ], [ 3.30507, 43.43442 ], [ 3.31, 43.4346 ], [ 3.31086, 43.43369 ], [ 3.31334, 43.43442 ], [ 3.31505, 43.43147 ], [ 3.31819, 43.43154 ] ] } },
{ "type": "Feature", "properties": { "name": "Ruisseau de Saint-Pierre", "weight_class": 1, "permanent": false, "length_km": 2.4 }, "geometry": { "type": "LineString", "coordinates": [ [ 3.23633, 43.47506 ], [ 3.23806, 43.47232 ], [ 3.24796, 43.46644 ], [ 3.25072, 43.46635 ], [ 3.25243, 43.46535 ], [ 3.25454, 43.46628 ], [ 3.25643, 43.46523 ], [ 3.25728, 43.46665 ] ] } },
{ "type": "Feature", "properties": { "name": "Rec de Pontil", "weight_class": 1, "permanent": false, "length_km": 2.9 }, "geometry": { "type": "LineString", "coordinates": [ [ 3.27378, 43.464 ], [ 3.27838, 43.46325 ], [ 3.28238, 43.4656 ], [ 3.28521, 43.46901 ], [ 3.28849, 43.46832 ], [ 3.2989, 43.4623 ], [ 3.30099, 43.46292 ] ] } },
{ "type": "Feature", "properties": { "name": "le Merdanson", "weight_class": 1, "permanent": false, "length_km": 5.8 }, "geometry": { "type": "LineString", "coordinates": [ [ 3.26284, 43.44423 ], [ 3.2669, 43.44191 ], [ 3.26642, 43.43889 ], [ 3.27034, 43.4367 ], [ 3.27083, 43.43438 ], [ 3.27854, 43.43061 ], [ 3.28079, 43.42674 ], [ 3.30696, 43.41553 ], [ 3.30855, 43.41667 ], [ 3.31223, 43.41602 ] ] } },
{ "type": "Feature", "properties": { "name": "Ruisseau des Prats", "weight_class": 2, "permanent": false, "length_km": 5.0 }, "geometry": { "type": "LineString", "coordinates": [ [ 3.48849, 43.42384 ], [ 3.48441, 43.42334 ], [ 3.47075, 43.42709 ], [ 3.46129, 43.42374 ], [ 3.45365, 43.42417 ], [ 3.4461, 43.42286 ], [ 3.42978, 43.42358 ] ] } },
{ "type": "Feature", "properties": { "name": "Ruisseau de Marcoui", "weight_class": 1, "permanent": false, "length_km": 4.9 }, "geometry": { "type": "LineString", "coordinates": [ [ 3.47733, 43.44027 ], [ 3.47506, 43.43998 ], [ 3.47012, 43.43687 ], [ 3.45893, 43.43617 ], [ 3.45095, 43.43742 ], [ 3.44566, 43.43595 ], [ 3.44266, 43.43463 ], [ 3.44269, 43.43161 ], [ 3.43797, 43.43018 ], [ 3.43918, 43.42751 ], [ 3.43628, 43.42314 ] ] } },
{ "type": "Feature", "properties": { "name": "Ruisseau du Joncas", "weight_class": 1, "permanent": false, "length_km": 4.2 }, "geometry": { "type": "LineString", "coordinates": [ [ 3.3821, 43.42253 ], [ 3.37908, 43.42382 ], [ 3.37839, 43.4217 ], [ 3.38, 43.41781 ], [ 3.38294, 43.41608 ], [ 3.38937, 43.41557 ], [ 3.39405, 43.41296 ], [ 3.39748, 43.41221 ], [ 3.39911, 43.41206 ], [ 3.39976, 43.41288 ], [ 3.40335, 43.41218 ], [ 3.41066, 43.41247 ], [ 3.41441, 43.41011 ] ] } },
{ "type": "Feature", "properties": { "name": "Ruisseau de Saint-Michel", "weight_class": 2, "permanent": false, "length_km": 4.9 }, "geometry": { "type": "LineString", "coordinates": [ [ 3.3487, 43.43639 ], [ 3.34785, 43.4354 ], [ 3.34472, 43.43512 ], [ 3.34844, 43.42873 ], [ 3.34487, 43.4271 ], [ 3.34419, 43.42574 ], [ 3.34769, 43.42139 ], [ 3.34735, 43.41361 ], [ 3.35372, 43.40964 ], [ 3.35332, 43.40705 ], [ 3.35723, 43.40145 ] ] } },
{ "type": "Feature", "properties": { "name": "Ruisseau de Rendolse", "weight_class": 1, "permanent": true, "length_km": 10.2 }, "geometry": { "type": "LineString", "coordinates": [ [ 3.25591, 43.42474 ], [ 3.25792, 43.42269 ], [ 3.26421, 43.42006 ], [ 3.26616, 43.41761 ], [ 3.27994, 43.4118 ], [ 3.28897, 43.40633 ], [ 3.29221, 43.40198 ], [ 3.29475, 43.39545 ], [ 3.30384, 43.38569 ], [ 3.30657, 43.3805 ], [ 3.31257, 43.37593 ], [ 3.31332, 43.37126 ], [ 3.31655, 43.36811 ], [ 3.32085, 43.36734 ], [ 3.32791, 43.35799 ] ] } },
{ "type": "Feature", "properties": { "name": "Ruisseau de Marcou", "weight_class": 1, "permanent": false, "length_km": 2.9 }, "geometry": { "type": "LineString", "coordinates": [ [ 3.27066, 43.42418 ], [ 3.27803, 43.41966 ], [ 3.28431, 43.41997 ], [ 3.29026, 43.41748 ], [ 3.29575, 43.41647 ], [ 3.30012, 43.41686 ], [ 3.30139, 43.4181 ] ] } },
{ "type": "Feature", "properties": { "name": "Ruisseau de Tartégnié", "weight_class": 1, "permanent": true, "length_km": 2.9 }, "geometry": { "type": "LineString", "coordinates": [ [ 3.35864, 43.39091 ], [ 3.37209, 43.38086 ], [ 3.38019, 43.37113 ] ] } },
{ "type": "Feature", "properties": { "name": "Ruisseau de Mazel", "weight_class": 2, "permanent": false, "length_km": 2.3 }, "geometry": { "type": "LineString", "coordinates": [ [ 3.33814, 43.41962 ], [ 3.34364, 43.4147 ], [ 3.34148, 43.41352 ], [ 3.34067, 43.40887 ], [ 3.34291, 43.40641 ], [ 3.34636, 43.40554 ], [ 3.34547, 43.40493 ] ] } },
{ "type": "Feature", "properties": { "name": "Ruisseau de l'Ardaillou", "weight_class": 1, "permanent": true, "length_km": 6.3 }, "geometry": { "type": "LineString", "coordinates": [ [ 3.26031, 43.40925 ], [ 3.25685, 43.40447 ], [ 3.25891, 43.3984 ], [ 3.25742, 43.39429 ], [ 3.25895, 43.39099 ], [ 3.26194, 43.38933 ], [ 3.26559, 43.38929 ], [ 3.26837, 43.38764 ], [ 3.27178, 43.38488 ], [ 3.27549, 43.37968 ], [ 3.29102, 43.37104 ], [ 3.2929, 43.36766 ] ] } },
{ "type": "Feature", "properties": { "name": "Rec de Rieux", "weight_class": 1, "permanent": false, "length_km": 3.7 }, "geometry": { "type": "LineString", "coordinates": [ [ 3.48407, 43.40485 ], [ 3.48476, 43.40031 ], [ 3.48293, 43.39728 ], [ 3.48601, 43.38689 ], [ 3.48198, 43.38158 ], [ 3.48052, 43.37586 ], [ 3.47833, 43.37576 ] ] } },
{ "type": "Feature", "properties": { "name": "Ruisseau de Brougidoux", "weight_class": 1, "permanent": false, "length_km": 3.2 }, "geometry": { "type": "LineString", "coordinates": [ [ 3.498, 43.39562 ], [ 3.50224, 43.39304 ], [ 3.50084, 43.38886 ], [ 3.50168, 43.38438 ], [ 3.5051, 43.3823 ], [ 3.50515, 43.37987 ], [ 3.50713, 43.37791 ], [ 3.51355, 43.37329 ] ] } },
{ "type": "Feature", "properties": { "name": "Ruisseau des Fontanilles", "weight_class": 1, "permanent": true, "length_km": 4.0 }, "geometry": { "type": "LineString", "coordinates": [ [ 3.49649, 43.38178 ], [ 3.50734, 43.3756 ], [ 3.53262, 43.36577 ], [ 3.53718, 43.36304 ] ] } },
{ "type": "Feature", "properties": { "name": "Ruisseau des Courredous", "weight_class": 2, "permanent": true, "length_km": 8.7 }, "geometry": { "type": "LineString", "coordinates": [ [ 3.45291, 43.3978 ], [ 3.46035, 43.38449 ], [ 3.45951, 43.38308 ], [ 3.46068, 43.3805 ], [ 3.46462, 43.37963 ], [ 3.46492, 43.3693 ], [ 3.46684, 43.36771 ], [ 3.46887, 43.36165 ], [ 3.47145, 43.35989 ], [ 3.47542, 43.3458 ], [ 3.4741, 43.34055 ], [ 3.47594, 43.3381 ], [ 3.47583, 43.33403 ], [ 3.47778, 43.33039 ], [ 3.47496, 43.32927 ], [ 3.47458, 43.32822 ] ] } },
{ "type": "Feature", "properties": { "name": "Ruisseau du Grès/Rec des Cugnols", "weight_class": 1, "permanent": false, "length_km": 3.3 }, "geometry": { "type": "LineString", "coordinates": [ [ 3.37598, 43.3918 ], [ 3.38046, 43.39289 ], [ 3.38236, 43.39463 ], [ 3.38274, 43.39671 ], [ 3.39063, 43.39496 ], [ 3.39205, 43.39363 ], [ 3.40919, 43.39332 ] ] } },
{ "type": "Feature", "properties": { "name": "Ruisseau Mère", "weight_class": 1, "permanent": false, "length_km": 2.4 }, "geometry": { "type": "LineString", "coordinates": [ [ 3.38448, 43.40149 ], [ 3.4047, 43.39772 ], [ 3.41094, 43.39776 ] ] } },
{ "type": "Feature", "properties": { "name": "Ruisseau de Laval", "weight_class": 1, "permanent": true, "length_km": 8.3 }, "geometry": { "type": "LineString", "coordinates": [ [ 3.33857, 43.38692 ], [ 3.34271, 43.38597 ], [ 3.34762, 43.38059 ], [ 3.34994, 43.38098 ], [ 3.35851, 43.37619 ], [ 3.35939, 43.3748 ], [ 3.35968, 43.37556 ], [ 3.36126, 43.37559 ], [ 3.36772, 43.37275 ], [ 3.38024, 43.37112 ], [ 3.38255, 43.36915 ], [ 3.38575, 43.36757 ], [ 3.38843, 43.36776 ], [ 3.39413, 43.36392 ], [ 3.40447, 43.35894 ], [ 3.41323, 43.3555 ], [ 3.41694, 43.35522 ] ] } },
{ "type": "Feature", "properties": { "name": "Ruisseau de Mangats/Ruisseau de Saint-Adrien", "weight_class": 1, "permanent": false, "length_km": 3.2 }, "geometry": { "type": "LineString", "coordinates": [ [ 3.31132, 43.40655 ], [ 3.32524, 43.39934 ], [ 3.33156, 43.39756 ], [ 3.33523, 43.39768 ], [ 3.34435, 43.40205 ] ] } },
{ "type": "Feature", "properties": { "name": "Ruisseau des Champs Noirs", "weight_class": 1, "permanent": false, "length_km": 2.1 }, "geometry": { "type": "LineString", "coordinates": [ [ 3.33306, 43.38438 ], [ 3.32755, 43.38659 ], [ 3.32675, 43.39031 ], [ 3.33224, 43.39421 ], [ 3.33339, 43.39748 ] ] } },
{ "type": "Feature", "properties": { "name": "Ruisseau d'Amilhac", "weight_class": 1, "permanent": false, "length_km": 2.2 }, "geometry": { "type": "LineString", "coordinates": [ [ 3.30744, 43.39847 ], [ 3.31235, 43.39741 ], [ 3.31434, 43.39574 ], [ 3.31782, 43.3952 ], [ 3.31972, 43.39396 ], [ 3.3239, 43.39423 ], [ 3.33071, 43.39309 ] ] } },
{ "type": "Feature", "properties": { "name": "Ruisseau de Perpignan", "weight_class": 1, "permanent": false, "length_km": 3.7 }, "geometry": { "type": "LineString", "coordinates": [ [ 3.26921, 43.40081 ], [ 3.28001, 43.39444 ], [ 3.28544, 43.39254 ], [ 3.28815, 43.39249 ], [ 3.29243, 43.38865 ], [ 3.30301, 43.38494 ], [ 3.30452, 43.38353 ] ] } },
{ "type": "Feature", "properties": { "name": "Ruisseau de Combe d'Enguines/Ruisseau de la Massolle", "weight_class": 1, "permanent": false, "length_km": 2.1 }, "geometry": { "type": "LineString", "coordinates": [ [ 3.26636, 43.39747 ], [ 3.2702, 43.39674 ], [ 3.27291, 43.39479 ], [ 3.27555, 43.39076 ], [ 3.27068, 43.38835 ], [ 3.27052, 43.38532 ] ] } },
{ "type": "Feature", "properties": { "name": "Ruisseau Saint-Michel", "weight_class": 1, "permanent": true, "length_km": 4.4 }, "geometry": { "type": "LineString", "coordinates": [ [ 3.4866, 43.36382 ], [ 3.48952, 43.3621 ], [ 3.4952, 43.34787 ], [ 3.50141, 43.34257 ], [ 3.50377, 43.33683 ], [ 3.51209, 43.33184 ] ] } },
{ "type": "Feature", "properties": { "name": "Ruisseau de Fontbourranes", "weight_class": 1, "permanent": true, "length_km": 2.6 }, "geometry": { "type": "LineString", "coordinates": [ [ 3.48763, 43.36708 ], [ 3.47833, 43.37576 ], [ 3.47266, 43.37672 ], [ 3.47031, 43.37896 ], [ 3.46653, 43.37963 ], [ 3.4647, 43.37882 ] ] } },
{ "type": "Feature", "properties": { "name": "Ruisseau de l'Ardaillou", "weight_class": 2, "permanent": true, "length_km": 9.8 }, "geometry": { "type": "LineString", "coordinates": [ [ 3.4083, 43.37191 ], [ 3.40662, 43.36958 ], [ 3.40985, 43.36525 ], [ 3.41047, 43.36262 ], [ 3.41693, 43.35833 ], [ 3.41973, 43.35174 ], [ 3.42716, 43.34913 ], [ 3.42893, 43.34546 ], [ 3.42881, 43.34167 ], [ 3.43127, 43.33947 ], [ 3.43019, 43.33867 ], [ 3.43072, 43.3319 ], [ 3.43506, 43.32913 ], [ 3.43605, 43.32686 ], [ 3.43475, 43.32395 ], [ 3.43844, 43.31977 ], [ 3.43879, 43.31702 ], [ 3.4369, 43.31533 ], [ 3.43756, 43.31053 ], [ 3.43558, 43.3078 ], [ 3.43676, 43.30162 ], [ 3.43904, 43.299 ] ] } },
{ "type": "Feature", "properties": { "name": "Ruisseau du Roy", "weight_class": 1, "permanent": false, "length_km": 2.5 }, "geometry": { "type": "LineString", "coordinates": [ [ 3.37665, 43.35374 ], [ 3.38174, 43.35012 ], [ 3.38597, 43.34883 ], [ 3.39152, 43.34558 ], [ 3.39148, 43.33753 ] ] } },
{ "type": "Feature", "properties": { "name": "Ruisseau de Montimas", "weight_class": 1, "permanent": false, "length_km": 2.9 }, "geometry": { "type": "LineString", "coordinates": [ [ 3.29306, 43.35302 ], [ 3.30679, 43.35595 ], [ 3.30873, 43.35767 ], [ 3.31517, 43.35494 ], [ 3.31657, 43.35541 ], [ 3.31855, 43.35873 ], [ 3.3214, 43.35964 ] ] } },
{ "type": "Feature", "properties": { "name": "Ruisseau de l'Ardaillou", "weight_class": 1, "permanent": false, "length_km": 11.7 }, "geometry": { "type": "LineString", "coordinates": [ [ 3.28501, 43.35553 ], [ 3.28882, 43.35335 ], [ 3.28831, 43.35083 ], [ 3.29306, 43.348 ], [ 3.29446, 43.34597 ], [ 3.297, 43.34548 ], [ 3.2991, 43.34325 ], [ 3.30014, 43.34082 ], [ 3.29873, 43.34049 ], [ 3.30144, 43.33852 ], [ 3.30128, 43.3364 ], [ 3.30275, 43.33609 ], [ 3.30291, 43.33477 ], [ 3.30135, 43.33375 ], [ 3.30275, 43.33252 ], [ 3.3138, 43.32981 ], [ 3.31492, 43.33039 ], [ 3.31686, 43.32955 ], [ 3.31973, 43.3298 ], [ 3.32451, 43.32669 ], [ 3.3265, 43.32668 ], [ 3.32782, 43.32427 ], [ 3.33336, 43.32238 ], [ 3.33458, 43.32069 ], [ 3.34372, 43.31971 ], [ 3.34987, 43.31424 ], [ 3.35416, 43.31244 ], [ 3.35688, 43.30921 ], [ 3.35887, 43.30436 ], [ 3.3593, 43.29681 ], [ 3.36394, 43.29144 ] ] } },
{ "type": "Feature", "properties": { "name": "Ruisseau de Saint-Victor", "weight_class": 1, "permanent": false, "length_km": 5.0 }, "geometry": { "type": "LineString", "coordinates": [ [ 3.26621, 43.35879 ], [ 3.26732, 43.35699 ], [ 3.26612, 43.3558 ], [ 3.26666, 43.35327 ], [ 3.27562, 43.34335 ], [ 3.27787, 43.33321 ], [ 3.27753, 43.33145 ], [ 3.2745, 43.32856 ], [ 3.26961, 43.32657 ], [ 3.26203, 43.325 ] ] } },
{ "type": "Feature", "properties": { "name": "Ancien Lit de l'Orb/Ruisseau de Mazeran", "weight_class": 1, "permanent": true, "length_km": 8.9 }, "geometry": { "type": "LineString", "coordinates": [ [ 3.26008, 43.36386 ], [ 3.25947, 43.35839 ], [ 3.25739, 43.35596 ], [ 3.25859, 43.35233 ], [ 3.25808, 43.34508 ], [ 3.26336, 43.33555 ], [ 3.26168, 43.32777 ], [ 3.26217, 43.32291 ], [ 3.2741, 43.31358 ], [ 3.27964, 43.31116 ], [ 3.27838, 43.30848 ], [ 3.27348, 43.30568 ], [ 3.27243, 43.30311 ], [ 3.27547, 43.30012 ], [ 3.2704, 43.29956 ], [ 3.26943, 43.29859 ] ] } },
{ "type": "Feature", "properties": { "name": "Fossé Maïre", "weight_class": 1, "permanent": false, "length_km": 5.1 }, "geometry": { "type": "LineString", "coordinates": [ [ 3.37272, 43.342 ], [ 3.37423, 43.33894 ], [ 3.38298, 43.33467 ], [ 3.40431, 43.32824 ], [ 3.40603, 43.32458 ], [ 3.40479, 43.3167 ], [ 3.401, 43.31168 ] ] } },
{ "type": "Feature", "properties": { "name": "Maïre des Palus", "weight_class": 1, "permanent": true, "length_km": 4.6 }, "geometry": { "type": "LineString", "coordinates": [ [ 3.3477, 43.32245 ], [ 3.35034, 43.32122 ], [ 3.34997, 43.31937 ], [ 3.35269, 43.31697 ], [ 3.35283, 43.3148 ], [ 3.35918, 43.30807 ], [ 3.3606, 43.29756 ], [ 3.36363, 43.29699 ], [ 3.36545, 43.29796 ], [ 3.37072, 43.29684 ], [ 3.37663, 43.29789 ] ] } },
{ "type": "Feature", "properties": { "name": "Rieu Mort", "weight_class": 1, "permanent": true, "length_km": 3.6 }, "geometry": { "type": "LineString", "coordinates": [ [ 3.47952, 43.32553 ], [ 3.48582, 43.31936 ], [ 3.4889, 43.31474 ], [ 3.50009, 43.31188 ], [ 3.50065, 43.31072 ], [ 3.51096, 43.31377 ] ] } },
{ "type": "Feature", "properties": { "name": "Ruisseau des Crémats", "weight_class": 1, "permanent": false, "length_km": 2.8 }, "geometry": { "type": "LineString", "coordinates": [ [ 3.31103, 43.34928 ], [ 3.31206, 43.34739 ], [ 3.31593, 43.34575 ], [ 3.31704, 43.34207 ], [ 3.32037, 43.34069 ], [ 3.32102, 43.33881 ], [ 3.31888, 43.33433 ], [ 3.31973, 43.3298 ] ] } },
{ "type": "Feature", "properties": { "name": "Ruisseau de la Maïre Vieille", "weight_class": 1, "permanent": true, "length_km": 6.4 }, "geometry": { "type": "LineString", "coordinates": [ [ 3.2966, 43.29897 ], [ 3.29943, 43.29337 ], [ 3.30559, 43.2915 ], [ 3.31193, 43.29222 ], [ 3.31801, 43.29643 ], [ 3.32374, 43.29612 ], [ 3.32812, 43.29425 ], [ 3.33176, 43.29037 ], [ 3.33303, 43.28443 ], [ 3.34116, 43.27622 ], [ 3.34407, 43.27029 ] ] } },
{ "type": "Feature", "properties": { "name": "Ruisseau de Serviès", "weight_class": 1, "permanent": true, "length_km": 2.6 }, "geometry": { "type": "LineString", "coordinates": [ [ 3.32056, 43.27775 ], [ 3.32406, 43.27655 ], [ 3.33025, 43.27777 ], [ 3.33115, 43.27602 ], [ 3.33915, 43.26924 ], [ 3.34122, 43.26932 ], [ 3.34198, 43.27079 ], [ 3.3439, 43.27082 ] ] } },
{ "type": "Feature", "properties": { "name": "Ruisseau de Guitou", "weight_class": 1, "permanent": false, "length_km": 2.9 }, "geometry": { "type": "LineString", "coordinates": [ [ 3.25444, 43.26326 ], [ 3.26141, 43.2604 ], [ 3.26297, 43.25857 ], [ 3.27075, 43.25653 ], [ 3.27501, 43.25416 ], [ 3.28189, 43.25206 ], [ 3.28129, 43.25161 ], [ 3.28256, 43.25063 ] ] } },
{ "type": "Feature", "properties": { "name": "Ruisseau de Tirronnan", "weight_class": 1, "permanent": false, "length_km": 5.9 }, "geometry": { "type": "LineString", "coordinates": [ [ 3.24171, 43.78785 ], [ 3.24113, 43.78989 ], [ 3.23149, 43.7903 ], [ 3.22849, 43.79303 ], [ 3.22147, 43.79483 ], [ 3.20342, 43.79277 ], [ 3.19512, 43.78829 ], [ 3.18664, 43.78745 ], [ 3.18305, 43.78461 ] ] } },
{ "type": "Feature", "properties": { "name": "Ruisseau d'Arnoilhe", "weight_class": 1, "permanent": false, "length_km": 8.4 }, "geometry": { "type": "LineString", "coordinates": [ [ 3.15969, 43.7722 ], [ 3.16361, 43.77066 ], [ 3.16595, 43.76805 ], [ 3.16593, 43.76661 ], [ 3.16158, 43.7608 ], [ 3.15505, 43.75589 ], [ 3.15385, 43.75282 ], [ 3.15516, 43.74797 ], [ 3.15474, 43.74457 ], [ 3.15203, 43.73987 ], [ 3.15445, 43.73758 ], [ 3.1532, 43.73635 ], [ 3.15736, 43.73408 ], [ 3.15547, 43.73368 ], [ 3.15697, 43.73267 ], [ 3.15678, 43.72995 ], [ 3.15884, 43.7272 ], [ 3.15913, 43.72353 ], [ 3.16139, 43.72252 ], [ 3.16087, 43.72093 ], [ 3.16313, 43.72013 ], [ 3.16155, 43.7186 ], [ 3.15965, 43.719 ], [ 3.16022, 43.71528 ] ] } },
{ "type": "Feature", "properties": { "name": "l'Orb", "weight_class": 3, "permanent": true, "length_km": 132.7 }, "geometry": { "type": "MultiLineString", "coordinates": [ [ [ 3.15202, 43.81495 ], [ 3.14881, 43.81165 ], [ 3.1483, 43.80942 ], [ 3.14339, 43.80875 ], [ 3.14076, 43.80592 ], [ 3.13697, 43.80538 ], [ 3.13179, 43.80293 ], [ 3.12557, 43.80478 ], [ 3.11982, 43.80184 ], [ 3.10759, 43.8012 ], [ 3.10386, 43.79932 ], [ 3.10084, 43.80065 ], [ 3.09918, 43.7988 ], [ 3.09563, 43.79862 ], [ 3.09442, 43.79648 ], [ 3.09087, 43.79562 ], [ 3.09209, 43.79419 ], [ 3.08909, 43.79198 ], [ 3.08853, 43.78879 ], [ 3.08675, 43.78855 ], [ 3.08582, 43.78625 ], [ 3.08579, 43.78476 ], [ 3.08904, 43.78199 ], [ 3.08922, 43.78006 ], [ 3.08338, 43.77645 ], [ 3.08839, 43.77437 ], [ 3.08528, 43.77006 ], [ 3.09273, 43.76585 ], [ 3.09427, 43.76359 ], [ 3.09859, 43.76367 ], [ 3.1009, 43.75919 ], [ 3.09835, 43.75787 ], [ 3.09805, 43.75678 ], [ 3.10273, 43.75719 ], [ 3.10307, 43.75613 ], [ 3.10124, 43.75382 ], [ 3.10261, 43.752 ], [ 3.10525, 43.75104 ], [ 3.10736, 43.75131 ], [ 3.1113, 43.75544 ], [ 3.11455, 43.75544 ], [ 3.11611, 43.75454 ], [ 3.11308, 43.74804 ], [ 3.10864, 43.74665 ], [ 3.10794, 43.74454 ], [ 3.11009, 43.74149 ], [ 3.11157, 43.74341 ], [ 3.1139, 43.74238 ], [ 3.11343, 43.74116 ], [ 3.1105, 43.73975 ], [ 3.1152, 43.73635 ], [ 3.11234, 43.73655 ], [ 3.11034, 43.73572 ], [ 3.10978, 43.73414 ], [ 3.1117, 43.7343 ], [ 3.1125, 43.73302 ], [ 3.10944, 43.73132 ], [ 3.11442, 43.72865 ], [ 3.11526, 43.72614 ], [ 3.1196, 43.7236 ], [ 3.12294, 43.72426 ], [ 3.12385, 43.72235 ], [ 3.12512, 43.7254 ], [ 3.12815, 43.72604 ], [ 3.1314, 43.72261 ], [ 3.13436, 43.72171 ], [ 3.14175, 43.72183 ], [ 3.14797, 43.72406 ], [ 3.15222, 43.71892 ], [ 3.15224, 43.71613 ], [ 3.15375, 43.71497 ], [ 3.1579, 43.71484 ], [ 3.16782, 43.71678 ], [ 3.1722, 43.71416 ], [ 3.17118, 43.71158 ], [ 3.16783, 43.70896 ], [ 3.16952, 43.7029 ], [ 3.16797, 43.69599 ], [ 3.17101, 43.69338 ], [ 3.17197, 43.69028 ], [ 3.17635, 43.68672 ], [ 3.17807, 43.68338 ], [ 3.17721, 43.68028 ], [ 3.17102, 43.67764 ], [ 3.17513, 43.66952 ], [ 3.16975, 43.66699 ], [ 3.16436, 43.66664 ], [ 3.16206, 43.66295 ], [ 3.15396, 43.65957 ], [ 3.1507, 43.65407 ], [ 3.1523, 43.65086 ], [ 3.16574, 43.64796 ], [ 3.16964, 43.64571 ], [ 3.17072, 43.64359 ], [ 3.16952, 43.64129 ], [ 3.16432, 43.63803 ], [ 3.16343, 43.63584 ], [ 3.16604, 43.62348 ], [ 3.16416, 43.62183 ], [ 3.15629, 43.61877 ], [ 3.15705, 43.61521 ], [ 3.15233, 43.61045 ], [ 3.15374, 43.60475 ], [ 3.14896, 43.60246 ], [ 3.14735, 43.59861 ], [ 3.13848, 43.59525 ], [ 3.13463, 43.59154 ], [ 3.12865, 43.59318 ], [ 3.12556, 43.59274 ], [ 3.11528, 43.58632 ], [ 3.10347, 43.58742 ], [ 3.08954, 43.58471 ], [ 3.07759, 43.58567 ], [ 3.0729, 43.58178 ], [ 3.06772, 43.57945 ], [ 3.06828, 43.57701 ], [ 3.06685, 43.57539 ], [ 3.05919, 43.57545 ], [ 3.0508, 43.57391 ], [ 3.04529, 43.57496 ], [ 3.03528, 43.57899 ], [ 3.02789, 43.57654 ], [ 3.02652, 43.57216 ], [ 3.02292, 43.57074 ], [ 3.01823, 43.57037 ], [ 3.0119, 43.57366 ], [ 3.005, 43.57203 ], [ 2.99936, 43.57296 ], [ 2.99611, 43.57105 ], [ 2.99377, 43.57139 ], [ 2.99151, 43.56813 ], [ 2.98896, 43.56891 ], [ 2.98758, 43.56848 ], [ 2.98512, 43.56397 ], [ 2.97741, 43.56787 ], [ 2.97528, 43.56453 ], [ 2.97297, 43.5639 ], [ 2.97043, 43.56119 ], [ 2.97329, 43.56064 ], [ 2.97461, 43.55821 ], [ 2.98224, 43.55792 ], [ 2.98266, 43.55717 ], [ 2.97798, 43.55327 ], [ 2.9725, 43.55298 ], [ 2.97184, 43.55064 ], [ 2.97556, 43.54758 ], [ 2.98016, 43.54638 ], [ 2.98104, 43.54517 ], [ 2.9775, 43.54293 ], [ 2.96731, 43.54163 ], [ 2.96575, 43.5394 ], [ 2.96786, 43.53802 ], [ 2.97457, 43.53717 ], [ 2.97937, 43.53844 ], [ 2.98222, 43.53768 ], [ 2.98638, 43.53372 ], [ 2.99143, 43.53294 ], [ 2.99283, 43.52804 ], [ 2.99873, 43.52526 ], [ 2.99903, 43.52337 ], [ 2.99502, 43.52239 ], [ 2.99308, 43.52056 ], [ 2.99057, 43.51234 ], [ 2.98484, 43.50921 ], [ 2.98679, 43.50451 ], [ 2.99663, 43.50339 ], [ 2.99849, 43.50118 ], [ 3.00235, 43.49981 ], [ 3.00641, 43.50142 ], [ 3.01016, 43.50133 ], [ 3.01476, 43.49813 ], [ 3.01748, 43.49736 ], [ 3.02322, 43.49773 ], [ 3.0299, 43.4996 ], [ 3.03123, 43.49857 ], [ 3.03136, 43.49651 ], [ 3.02795, 43.48771 ], [ 3.02921, 43.48586 ], [ 3.03995, 43.48717 ], [ 3.04398, 43.48592 ], [ 3.04281, 43.47874 ], [ 3.04818, 43.47333 ], [ 3.04425, 43.4715 ], [ 3.03884, 43.47121 ], [ 3.03186, 43.4685 ], [ 3.02976, 43.46685 ], [ 3.02598, 43.46056 ], [ 3.03118, 43.45493 ], [ 3.0375, 43.45119 ], [ 3.04441, 43.4501 ], [ 3.05019, 43.45282 ], [ 3.05362, 43.45625 ], [ 3.05762, 43.45667 ], [ 3.06258, 43.45476 ], [ 3.06771, 43.44887 ], [ 3.07513, 43.44499 ], [ 3.08126, 43.43972 ], [ 3.0888, 43.43713 ], [ 3.09183, 43.43838 ], [ 3.09938, 43.43864 ], [ 3.10156, 43.43776 ], [ 3.10178, 43.43648 ], [ 3.1077, 43.43115 ], [ 3.11483, 43.42942 ], [ 3.11633, 43.42741 ], [ 3.12039, 43.42578 ], [ 3.13581, 43.42209 ], [ 3.13973, 43.4191 ], [ 3.13959, 43.41664 ], [ 3.13735, 43.41491 ], [ 3.13326, 43.41386 ], [ 3.13103, 43.4112 ], [ 3.1298, 43.40798 ], [ 3.13084, 43.40471 ], [ 3.13801, 43.403 ], [ 3.13823, 43.39988 ], [ 3.13973, 43.39809 ], [ 3.14851, 43.39806 ], [ 3.15072, 43.39359 ], [ 3.15856, 43.39273 ], [ 3.16161, 43.39042 ], [ 3.16438, 43.38644 ], [ 3.16658, 43.37313 ], [ 3.17012, 43.37276 ], [ 3.17638, 43.36951 ], [ 3.17898, 43.36512 ], [ 3.17939, 43.36094 ], [ 3.18172, 43.35762 ], [ 3.1881, 43.35742 ], [ 3.19267, 43.36013 ], [ 3.19503, 43.35901 ], [ 3.2024, 43.34893 ], [ 3.20539, 43.34662 ], [ 3.20837, 43.33907 ], [ 3.21152, 43.33592 ], [ 3.21738, 43.33201 ], [ 3.22805, 43.33005 ], [ 3.23019, 43.32891 ], [ 3.23113, 43.32705 ], [ 3.23084, 43.32271 ], [ 3.23306, 43.31924 ], [ 3.24257, 43.31702 ], [ 3.25025, 43.31401 ], [ 3.25534, 43.30964 ], [ 3.26141, 43.30908 ], [ 3.26268, 43.30622 ], [ 3.27124, 43.29678 ], [ 3.27709, 43.29428 ], [ 3.27646, 43.29004 ], [ 3.28327, 43.28275 ], [ 3.28846, 43.28076 ], [ 3.30667, 43.28194 ], [ 3.3115, 43.27988 ], [ 3.31296, 43.26696 ], [ 3.30945, 43.26148 ], [ 3.29854, 43.25339 ], [ 3.2977, 43.24792 ], [ 3.29984, 43.24525 ] ], [ [ 3.18354, 43.81303 ], [ 3.18066, 43.8127 ], [ 3.17492, 43.81439 ], [ 3.16505, 43.8153 ], [ 3.1575, 43.81753 ] ], [ [ 3.23217, 43.82581 ], [ 3.22936, 43.82473 ], [ 3.2227, 43.81764 ], [ 3.21296, 43.81347 ], [ 3.20728, 43.81237 ], [ 3.20172, 43.81416 ] ] ] } },
{ "type": "Feature", "properties": { "name": "Ruisseau de l'Engayère", "weight_class": 1, "permanent": true, "length_km": 2.8 }, "geometry": { "type": "LineString", "coordinates": [ [ 3.243, 43.80128 ], [ 3.24052, 43.80483 ], [ 3.23702, 43.80557 ], [ 3.23422, 43.80799 ], [ 3.23001, 43.81446 ], [ 3.22497, 43.81776 ], [ 3.2227, 43.81764 ] ] } },
{ "type": "Feature", "properties": { "name": "Ruisseau d'Engabelle", "weight_class": 1, "permanent": true, "length_km": 2.2 }, "geometry": { "type": "LineString", "coordinates": [ [ 3.20663, 43.80056 ], [ 3.19988, 43.79917 ], [ 3.19395, 43.79904 ], [ 3.18138, 43.79587 ] ] } },
{ "type": "Feature", "properties": { "name": "Ruisseau de Granouillet", "weight_class": 1, "permanent": false, "length_km": 3.4 }, "geometry": { "type": "LineString", "coordinates": [ [ 3.24206, 43.79587 ], [ 3.24917, 43.79021 ], [ 3.25992, 43.78893 ], [ 3.27109, 43.7903 ], [ 3.27337, 43.79117 ], [ 3.27389, 43.79252 ], [ 3.27668, 43.7932 ] ] } },
{ "type": "Feature", "properties": { "name": "Ruisseau de Combe Longue", "weight_class": 1, "permanent": false, "length_km": 2.6 }, "geometry": { "type": "LineString", "coordinates": [ [ 3.15199, 43.79672 ], [ 3.15709, 43.79427 ], [ 3.15935, 43.79374 ], [ 3.16054, 43.79442 ], [ 3.16122, 43.80287 ], [ 3.16251, 43.80588 ], [ 3.1658, 43.80884 ] ] } },
{ "type": "Feature", "properties": { "name": "la Tès", "weight_class": 1, "permanent": true, "length_km": 9.3 }, "geometry": { "type": "LineString", "coordinates": [ [ 3.20937, 43.78906 ], [ 3.20408, 43.78603 ], [ 3.2051, 43.78231 ], [ 3.20287, 43.77891 ], [ 3.19403, 43.77653 ], [ 3.18792, 43.77668 ], [ 3.18496, 43.77881 ], [ 3.1853, 43.78175 ], [ 3.18163, 43.78551 ], [ 3.18478, 43.78835 ], [ 3.1819, 43.78954 ], [ 3.18061, 43.79131 ], [ 3.18137, 43.79623 ], [ 3.17915, 43.80148 ], [ 3.16953, 43.80406 ], [ 3.16775, 43.80753 ], [ 3.16516, 43.80937 ], [ 3.1584, 43.80986 ], [ 3.15344, 43.81242 ], [ 3.1488, 43.81004 ] ] } },
{ "type": "Feature", "properties": { "name": "Rec de l'Escandorgue", "weight_class": 1, "permanent": false, "length_km": 3.5 }, "geometry": { "type": "LineString", "coordinates": [ [ 3.23202, 43.78547 ], [ 3.22942, 43.78249 ], [ 3.22914, 43.77843 ], [ 3.22544, 43.77775 ], [ 3.22119, 43.77526 ], [ 3.21544, 43.77363 ], [ 3.2131, 43.77387 ], [ 3.20281, 43.77888 ] ] } },
{ "type": "Feature", "properties": { "name": "la Soulondres", "weight_class": 1, "permanent": true, "length_km": 10.3 }, "geometry": { "type": "LineString", "coordinates": [ [ 3.24486, 43.77297 ], [ 3.24977, 43.77468 ], [ 3.25444, 43.77371 ], [ 3.25573, 43.7708 ], [ 3.26371, 43.76408 ], [ 3.26622, 43.75726 ], [ 3.27185, 43.75238 ], [ 3.27678, 43.74989 ], [ 3.27851, 43.74694 ], [ 3.28091, 43.74614 ], [ 3.28167, 43.74429 ], [ 3.2829, 43.74442 ], [ 3.28281, 43.74322 ], [ 3.28456, 43.74322 ], [ 3.28453, 43.74119 ], [ 3.28637, 43.74118 ], [ 3.28708, 43.73957 ], [ 3.29032, 43.73879 ], [ 3.29329, 43.73582 ], [ 3.2966, 43.73523 ], [ 3.30047, 43.73197 ], [ 3.30418, 43.73044 ], [ 3.30763, 43.73219 ], [ 3.30855, 43.73033 ], [ 3.31337, 43.73061 ], [ 3.31575, 43.72975 ], [ 3.31844, 43.7303 ], [ 3.32081, 43.7292 ], [ 3.32333, 43.73017 ] ] } },
{ "type": "Feature", "properties": { "name": "Ruisseau des Abencals", "weight_class": 1, "permanent": false, "length_km": 2.2 }, "geometry": { "type": "LineString", "coordinates": [ [ 3.16353, 43.78288 ], [ 3.1632, 43.7876 ], [ 3.18062, 43.79369 ] ] } },
{ "type": "Feature", "properties": { "name": "Ruisseau de Vinette", "weight_class": 1, "permanent": true, "length_km": 5.7 }, "geometry": { "type": "LineString", "coordinates": [ [ 3.13994, 43.76666 ], [ 3.13976, 43.75966 ], [ 3.14344, 43.75396 ], [ 3.14149, 43.75018 ], [ 3.13527, 43.74488 ], [ 3.13086, 43.74456 ], [ 3.1266, 43.74715 ], [ 3.12542, 43.74622 ], [ 3.12437, 43.74652 ], [ 3.1225, 43.74462 ], [ 3.12054, 43.74482 ], [ 3.11892, 43.74621 ], [ 3.1179, 43.74482 ], [ 3.11521, 43.74767 ], [ 3.113, 43.74795 ] ] } },
{ "type": "Feature", "properties": { "name": "Ruisseau de Cugnet", "weight_class": 1, "permanent": false, "length_km": 2.0 }, "geometry": { "type": "LineString", "coordinates": [ [ 3.13179, 43.76601 ], [ 3.12772, 43.76397 ], [ 3.12475, 43.76041 ], [ 3.1219, 43.75955 ], [ 3.11995, 43.75697 ], [ 3.11568, 43.75501 ] ] } },
{ "type": "Feature", "properties": { "name": "Ruisseau de la Beauro", "weight_class": 1, "permanent": true, "length_km": 2.1 }, "geometry": { "type": "LineString", "coordinates": [ [ 3.14759, 43.76899 ], [ 3.15163, 43.76968 ], [ 3.15492, 43.77403 ], [ 3.15215, 43.7811 ], [ 3.1484, 43.78299 ] ] } },
{ "type": "Feature", "properties": { "name": "Ruisseau de Lamalou", "weight_class": 1, "permanent": true, "length_km": 6.3 }, "geometry": { "type": "LineString", "coordinates": [ [ 3.11932, 43.77562 ], [ 3.12487, 43.77701 ], [ 3.12936, 43.77713 ], [ 3.13277, 43.77886 ], [ 3.13543, 43.77824 ], [ 3.13925, 43.77993 ], [ 3.14447, 43.78029 ], [ 3.1484, 43.78299 ], [ 3.13888, 43.79205 ], [ 3.13101, 43.79403 ], [ 3.12531, 43.79679 ], [ 3.12272, 43.79827 ], [ 3.11999, 43.8019 ] ] } },
{ "type": "Feature", "properties": { "name": "Ruisseau de Vasplongues/Ruisseau de Sotmalnet", "weight_class": 1, "permanent": false, "length_km": 6.1 }, "geometry": { "type": "LineString", "coordinates": [ [ 3.24971, 43.74463 ], [ 3.24684, 43.74292 ], [ 3.24521, 43.7391 ], [ 3.2477, 43.73604 ], [ 3.24823, 43.73039 ], [ 3.25169, 43.72561 ], [ 3.25146, 43.72371 ], [ 3.24956, 43.72204 ], [ 3.24072, 43.72069 ], [ 3.23389, 43.7174 ], [ 3.22461, 43.71443 ], [ 3.21527, 43.71522 ] ] } },
{ "type": "Feature", "properties": { "name": "Ruisseau de l'Ambeyran/Ruisseau de Font Rougette", "weight_class": 1, "permanent": false, "length_km": 4.0 }, "geometry": { "type": "LineString", "coordinates": [ [ 3.25035, 43.74006 ], [ 3.25278, 43.73999 ], [ 3.25787, 43.73726 ], [ 3.26932, 43.73381 ], [ 3.2844, 43.73562 ], [ 3.28707, 43.73438 ], [ 3.29014, 43.73023 ] ] } },
{ "type": "Feature", "properties": { "name": "Ruisseau de Mélac", "weight_class": 1, "permanent": true, "length_km": 4.9 }, "geometry": { "type": "LineString", "coordinates": [ [ 3.23587, 43.76177 ], [ 3.22605, 43.75367 ], [ 3.22254, 43.75423 ], [ 3.217, 43.75108 ], [ 3.21729, 43.74946 ], [ 3.21373, 43.74764 ], [ 3.21342, 43.74429 ], [ 3.20958, 43.73635 ], [ 3.20125, 43.73327 ] ] } },
{ "type": "Feature", "properties": { "name": "Ruisseau de Veyrières", "weight_class": 1, "permanent": false, "length_km": 5.2 }, "geometry": { "type": "LineString", "coordinates": [ [ 3.24147, 43.73721 ], [ 3.23745, 43.73513 ], [ 3.23274, 43.73438 ], [ 3.22731, 43.72775 ], [ 3.2216, 43.72501 ], [ 3.22101, 43.72215 ], [ 3.21679, 43.71563 ], [ 3.20731, 43.71189 ], [ 3.20286, 43.71173 ], [ 3.19783, 43.71314 ] ] } },
{ "type": "Feature", "properties": { "name": "Ruisseau de Sourlan", "weight_class": 1, "permanent": true, "length_km": 6.6 }, "geometry": { "type": "LineString", "coordinates": [ [ 3.23872, 43.75999 ], [ 3.23845, 43.75815 ], [ 3.23606, 43.75676 ], [ 3.23675, 43.75297 ], [ 3.2388, 43.75212 ], [ 3.23788, 43.74926 ], [ 3.22736, 43.74127 ], [ 3.21611, 43.73766 ], [ 3.21147, 43.7261 ], [ 3.20593, 43.7222 ], [ 3.20078, 43.72117 ], [ 3.20029, 43.71947 ] ] } },
{ "type": "Feature", "properties": { "name": "le Graveson", "weight_class": 1, "permanent": true, "length_km": 13.4 }, "geometry": { "type": "LineString", "coordinates": [ [ 3.2328, 43.76217 ], [ 3.2278, 43.76714 ], [ 3.21963, 43.76552 ], [ 3.21623, 43.76627 ], [ 3.20093, 43.76318 ], [ 3.19505, 43.75858 ], [ 3.19276, 43.75489 ], [ 3.19402, 43.75362 ], [ 3.19379, 43.74982 ], [ 3.19682, 43.74535 ], [ 3.19938, 43.73498 ], [ 3.20129, 43.73301 ], [ 3.20017, 43.73203 ], [ 3.20113, 43.73024 ], [ 3.19926, 43.7273 ], [ 3.2007, 43.72245 ], [ 3.19889, 43.72029 ], [ 3.20117, 43.7184 ], [ 3.19887, 43.71789 ], [ 3.19983, 43.71508 ], [ 3.19568, 43.71194 ], [ 3.19532, 43.70769 ], [ 3.18768, 43.70446 ], [ 3.18651, 43.70543 ], [ 3.18415, 43.70397 ], [ 3.18174, 43.70423 ], [ 3.17422, 43.69888 ], [ 3.1683, 43.69835 ] ] } },
{ "type": "Feature", "properties": { "name": "Ruisseau de Sauclet", "weight_class": 1, "permanent": true, "length_km": 2.2 }, "geometry": { "type": "LineString", "coordinates": [ [ 3.17343, 43.75251 ], [ 3.17817, 43.75825 ], [ 3.18163, 43.7593 ], [ 3.18959, 43.75712 ], [ 3.19276, 43.75489 ] ] } },
{ "type": "Feature", "properties": { "name": "Ruisseau de Valayrac", "weight_class": 1, "permanent": true, "length_km": 4.0 }, "geometry": { "type": "LineString", "coordinates": [ [ 3.17182, 43.74914 ], [ 3.17084, 43.74268 ], [ 3.17376, 43.73877 ], [ 3.17228, 43.73427 ], [ 3.17305, 43.73122 ], [ 3.17209, 43.72977 ], [ 3.17221, 43.72291 ], [ 3.16935, 43.71846 ], [ 3.16932, 43.71628 ] ] } },
{ "type": "Feature", "properties": { "name": "Ruisseau de Bascaut", "weight_class": 1, "permanent": true, "length_km": 2.6 }, "geometry": { "type": "LineString", "coordinates": [ [ 3.1313, 43.74226 ], [ 3.12821, 43.74229 ], [ 3.12493, 43.73686 ], [ 3.11955, 43.73386 ], [ 3.11863, 43.73124 ], [ 3.11974, 43.72975 ], [ 3.11614, 43.72932 ], [ 3.11499, 43.72806 ] ] } },
{ "type": "Feature", "properties": { "name": "Ruisseau du Duc", "weight_class": 1, "permanent": false, "length_km": 2.6 }, "geometry": { "type": "LineString", "coordinates": [ [ 3.14097, 43.73617 ], [ 3.13843, 43.73578 ], [ 3.13102, 43.73682 ], [ 3.12801, 43.73182 ], [ 3.12288, 43.73363 ], [ 3.11948, 43.73139 ], [ 3.11957, 43.73055 ] ] } },
{ "type": "Feature", "properties": { "name": "Ruisseau de Nize", "weight_class": 1, "permanent": true, "length_km": 6.1 }, "geometry": { "type": "LineString", "coordinates": [ [ 3.25577, 43.71137 ], [ 3.25722, 43.70844 ], [ 3.25633, 43.70661 ], [ 3.25217, 43.7059 ], [ 3.24931, 43.7042 ], [ 3.23954, 43.70725 ], [ 3.23751, 43.70893 ], [ 3.22779, 43.71027 ], [ 3.22079, 43.70998 ], [ 3.21404, 43.70808 ], [ 3.20807, 43.70916 ], [ 3.20341, 43.70688 ], [ 3.19876, 43.70754 ], [ 3.198, 43.70844 ], [ 3.19562, 43.70795 ] ] } },
{ "type": "Feature", "properties": { "name": "Ruisseau de Mendic", "weight_class": 1, "permanent": false, "length_km": 3.4 }, "geometry": { "type": "LineString", "coordinates": [ [ 3.13415, 43.70403 ], [ 3.14101, 43.70986 ], [ 3.14435, 43.7097 ], [ 3.14549, 43.71069 ], [ 3.14819, 43.71092 ], [ 3.15417, 43.70969 ], [ 3.16028, 43.70624 ], [ 3.16563, 43.70577 ], [ 3.16836, 43.70646 ] ] } },
{ "type": "Feature", "properties": { "name": "le Vernoubrel", "weight_class": 1, "permanent": true, "length_km": 10.5 }, "geometry": { "type": "LineString", "coordinates": [ [ 3.25198, 43.6846 ], [ 3.25269, 43.68085 ], [ 3.2495, 43.67688 ], [ 3.24817, 43.67327 ], [ 3.24891, 43.6704 ], [ 3.246, 43.66494 ], [ 3.24118, 43.6616 ], [ 3.23771, 43.66089 ], [ 3.23417, 43.65888 ], [ 3.23059, 43.65334 ], [ 3.22275, 43.65294 ], [ 3.21294, 43.65534 ], [ 3.20538, 43.65267 ], [ 3.20091, 43.65271 ], [ 3.19955, 43.65162 ], [ 3.19565, 43.65109 ], [ 3.19442, 43.65197 ], [ 3.18913, 43.65237 ], [ 3.18055, 43.65173 ], [ 3.17903, 43.6527 ], [ 3.17675, 43.65088 ], [ 3.17539, 43.65123 ], [ 3.17404, 43.64927 ], [ 3.17034, 43.64904 ], [ 3.16929, 43.64595 ] ] } },
{ "type": "Feature", "properties": { "name": "Ruisseau de Brayou", "weight_class": 1, "permanent": false, "length_km": 4.0 }, "geometry": { "type": "LineString", "coordinates": [ [ 3.22832, 43.68229 ], [ 3.22824, 43.67715 ], [ 3.22624, 43.67476 ], [ 3.22271, 43.67371 ], [ 3.21968, 43.66751 ], [ 3.22139, 43.66477 ], [ 3.22128, 43.66023 ], [ 3.21294, 43.65534 ] ] } },
{ "type": "Feature", "properties": { "name": "Ruisseau de Saint-Georges", "weight_class": 1, "permanent": false, "length_km": 4.1 }, "geometry": { "type": "LineString", "coordinates": [ [ 3.2085, 43.67692 ], [ 3.20918, 43.67884 ], [ 3.20698, 43.6809 ], [ 3.20684, 43.68521 ], [ 3.20498, 43.6881 ], [ 3.20565, 43.69149 ], [ 3.20376, 43.70167 ], [ 3.2031, 43.70284 ], [ 3.19921, 43.70433 ], [ 3.1979, 43.70634 ], [ 3.19607, 43.7061 ], [ 3.19397, 43.70726 ] ] } },
{ "type": "Feature", "properties": { "name": "Ruisseau des Vayssières/Ruisseau de Clapeyrols", "weight_class": 1, "permanent": false, "length_km": 3.8 }, "geometry": { "type": "LineString", "coordinates": [ [ 3.244, 43.68342 ], [ 3.23846, 43.68523 ], [ 3.23403, 43.68898 ], [ 3.22962, 43.68908 ], [ 3.22369, 43.68773 ], [ 3.21501, 43.69306 ], [ 3.20956, 43.69479 ], [ 3.20493, 43.69508 ] ] } },
{ "type": "Feature", "properties": { "name": "Ruisseau de Gours", "weight_class": 1, "permanent": false, "length_km": 3.8 }, "geometry": { "type": "LineString", "coordinates": [ [ 3.24297, 43.69644 ], [ 3.23748, 43.69494 ], [ 3.2342, 43.69598 ], [ 3.21825, 43.69723 ], [ 3.21332, 43.70011 ], [ 3.20854, 43.70916 ] ] } },
{ "type": "Feature", "properties": { "name": "Ruisseau de Serres", "weight_class": 1, "permanent": false, "length_km": 2.1 }, "geometry": { "type": "LineString", "coordinates": [ [ 3.23572, 43.70059 ], [ 3.23265, 43.70002 ], [ 3.22918, 43.70092 ], [ 3.22693, 43.70265 ], [ 3.22102, 43.70301 ], [ 3.21566, 43.70704 ], [ 3.21534, 43.70834 ] ] } },
{ "type": "Feature", "properties": { "name": "Ruisseau de Longagnol", "weight_class": 2, "permanent": false, "length_km": 2.5 }, "geometry": { "type": "LineString", "coordinates": [ [ 3.19919, 43.67998 ], [ 3.19989, 43.68223 ], [ 3.19487, 43.68407 ], [ 3.18741, 43.68295 ], [ 3.18419, 43.68096 ], [ 3.17946, 43.68158 ], [ 3.17721, 43.68028 ] ] } },
{ "type": "Feature", "properties": { "name": "Ruisseau de Fialhomme", "weight_class": 1, "permanent": false, "length_km": 2.4 }, "geometry": { "type": "LineString", "coordinates": [ [ 3.12794, 43.67556 ], [ 3.12916, 43.67608 ], [ 3.1327, 43.6728 ], [ 3.1344, 43.66658 ], [ 3.13181, 43.66255 ], [ 3.12569, 43.66395 ] ] } },
{ "type": "Feature", "properties": { "name": "Ruisseau de la Roumégouse", "weight_class": 1, "permanent": true, "length_km": 3.5 }, "geometry": { "type": "LineString", "coordinates": [ [ 3.13064, 43.70308 ], [ 3.13086, 43.69828 ], [ 3.124, 43.69692 ], [ 3.12356, 43.69513 ], [ 3.12224, 43.69457 ], [ 3.12299, 43.69072 ], [ 3.12075, 43.69029 ], [ 3.11653, 43.68661 ], [ 3.11288, 43.68031 ] ] } },
{ "type": "Feature", "properties": { "name": "Ruisseau de Frangouille/Ruisseau de Rigaussels", "weight_class": 1, "permanent": false, "length_km": 4.7 }, "geometry": { "type": "LineString", "coordinates": [ [ 3.1346, 43.69456 ], [ 3.138, 43.68991 ], [ 3.13922, 43.68505 ], [ 3.13813, 43.68176 ], [ 3.14239, 43.67893 ], [ 3.14476, 43.67476 ], [ 3.1484, 43.67133 ], [ 3.14944, 43.66938 ], [ 3.14911, 43.66381 ], [ 3.15346, 43.65866 ] ] } },
{ "type": "Feature", "properties": { "name": "Ruisseau de la Croix Blanche", "weight_class": 2, "permanent": false, "length_km": 2.4 }, "geometry": { "type": "LineString", "coordinates": [ [ 3.15539, 43.68378 ], [ 3.16026, 43.67963 ], [ 3.16264, 43.67369 ], [ 3.16601, 43.66903 ], [ 3.16631, 43.66789 ], [ 3.16436, 43.66664 ] ] } },
{ "type": "Feature", "properties": { "name": "Ruisseau de Rouffiac/Ruisseau de Grésas", "weight_class": 1, "permanent": true, "length_km": 2.6 }, "geometry": { "type": "LineString", "coordinates": [ [ 3.13897, 43.69534 ], [ 3.14224, 43.69418 ], [ 3.14882, 43.69616 ], [ 3.15524, 43.69601 ], [ 3.15734, 43.69496 ], [ 3.15921, 43.69542 ], [ 3.16373, 43.69434 ], [ 3.16867, 43.69471 ] ] } },
{ "type": "Feature", "properties": { "name": "Ruisseau de Coutelou", "weight_class": 1, "permanent": false, "length_km": 2.0 }, "geometry": { "type": "LineString", "coordinates": [ [ 3.14497, 43.70117 ], [ 3.15027, 43.69987 ], [ 3.15599, 43.70088 ], [ 3.16844, 43.69982 ] ] } },
{ "type": "Feature", "properties": { "name": "le Garel", "weight_class": 1, "permanent": false, "length_km": 2.5 }, "geometry": { "type": "LineString", "coordinates": [ [ 3.24145, 43.67399 ], [ 3.23684, 43.66667 ], [ 3.22119, 43.66018 ] ] } },
{ "type": "Feature", "properties": { "name": "Ruisseau de Nombringuières", "weight_class": 1, "permanent": true, "length_km": 4.1 }, "geometry": { "type": "LineString", "coordinates": [ [ 3.21009, 43.66896 ], [ 3.20922, 43.66494 ], [ 3.19741, 43.66037 ], [ 3.18234, 43.6627 ], [ 3.1796, 43.6682 ], [ 3.17502, 43.66971 ] ] } },
{ "type": "Feature", "properties": { "name": "Ruisseau de Courbezou", "weight_class": 1, "permanent": false, "length_km": 4.6 }, "geometry": { "type": "LineString", "coordinates": [ [ 3.20522, 43.6224 ], [ 3.20531, 43.62011 ], [ 3.20341, 43.62 ], [ 3.20169, 43.61865 ], [ 3.19625, 43.6181 ], [ 3.19473, 43.61498 ], [ 3.1915, 43.61649 ], [ 3.19055, 43.61488 ], [ 3.18848, 43.61413 ], [ 3.18792, 43.61242 ], [ 3.18342, 43.61317 ], [ 3.17617, 43.61259 ], [ 3.16693, 43.61035 ], [ 3.16476, 43.60867 ] ] } },
{ "type": "Feature", "properties": { "name": "Ruisseau de Gournio", "weight_class": 1, "permanent": false, "length_km": 3.9 }, "geometry": { "type": "LineString", "coordinates": [ [ 3.23215, 43.63645 ], [ 3.23165, 43.63926 ], [ 3.22816, 43.64139 ], [ 3.20983, 43.64114 ], [ 3.20835, 43.64282 ], [ 3.2044, 43.64394 ], [ 3.19879, 43.65155 ] ] } },
{ "type": "Feature", "properties": { "name": "Ruisseau de las-Moles", "weight_class": 1, "permanent": false, "length_km": 2.4 }, "geometry": { "type": "LineString", "coordinates": [ [ 3.23572, 43.63151 ], [ 3.23642, 43.63233 ], [ 3.24091, 43.63261 ], [ 3.24252, 43.63111 ], [ 3.24596, 43.63051 ], [ 3.25, 43.63199 ], [ 3.25825, 43.63173 ], [ 3.26119, 43.63332 ] ] } },
{ "type": "Feature", "properties": { "name": "Ruisseau des Canals", "weight_class": 1, "permanent": false, "length_km": 2.7 }, "geometry": { "type": "LineString", "coordinates": [ [ 3.18829, 43.63668 ], [ 3.18778, 43.63448 ], [ 3.18584, 43.63355 ], [ 3.18618, 43.63184 ], [ 3.18252, 43.62955 ], [ 3.1741, 43.6306 ], [ 3.17212, 43.6296 ], [ 3.16496, 43.62951 ] ] } },
{ "type": "Feature", "properties": { "name": "Ruisseau de las Vals", "weight_class": 1, "permanent": false, "length_km": 3.5 }, "geometry": { "type": "LineString", "coordinates": [ [ 3.13684, 43.63261 ], [ 3.1382, 43.62752 ], [ 3.13678, 43.62165 ], [ 3.14017, 43.61802 ], [ 3.13968, 43.61667 ], [ 3.14158, 43.61356 ], [ 3.14828, 43.60943 ], [ 3.15034, 43.61082 ], [ 3.15254, 43.61096 ] ] } },
{ "type": "Feature", "properties": { "name": "Ruisseau de Font Ricoux", "weight_class": 1, "permanent": false, "length_km": 2.8 }, "geometry": { "type": "LineString", "coordinates": [ [ 3.1278, 43.63188 ], [ 3.12856, 43.63306 ], [ 3.13331, 43.63501 ], [ 3.13581, 43.63782 ], [ 3.13566, 43.64181 ], [ 3.14123, 43.64655 ], [ 3.14404, 43.65042 ] ] } },
{ "type": "Feature", "properties": { "name": "Ruisseau de Pouzes", "weight_class": 1, "permanent": false, "length_km": 4.4 }, "geometry": { "type": "LineString", "coordinates": [ [ 3.21176, 43.58452 ], [ 3.20923, 43.58688 ], [ 3.20891, 43.58934 ], [ 3.21317, 43.58975 ], [ 3.21909, 43.59298 ], [ 3.22149, 43.59194 ], [ 3.22515, 43.59417 ], [ 3.23163, 43.59323 ], [ 3.23411, 43.59412 ], [ 3.23963, 43.5928 ], [ 3.24925, 43.59242 ] ] } },
{ "type": "Feature", "properties": { "name": "Ruisseau de Levers", "weight_class": 1, "permanent": false, "length_km": 4.9 }, "geometry": { "type": "LineString", "coordinates": [ [ 3.22803, 43.61395 ], [ 3.22724, 43.612 ], [ 3.22323, 43.60975 ], [ 3.21885, 43.60455 ], [ 3.21906, 43.60202 ], [ 3.22172, 43.59983 ], [ 3.23034, 43.59793 ], [ 3.23728, 43.59959 ], [ 3.24895, 43.59884 ], [ 3.25137, 43.59629 ] ] } },
{ "type": "Feature", "properties": { "name": "Ruisseau de Vèbre", "weight_class": 1, "permanent": true, "length_km": 5.1 }, "geometry": { "type": "LineString", "coordinates": [ [ 3.19585, 43.59589 ], [ 3.19489, 43.59897 ], [ 3.19555, 43.6015 ], [ 3.1945, 43.60266 ], [ 3.19239, 43.60254 ], [ 3.19162, 43.60393 ], [ 3.18224, 43.60582 ], [ 3.17552, 43.60546 ], [ 3.17143, 43.60377 ], [ 3.16993, 43.60458 ], [ 3.16863, 43.60398 ], [ 3.16536, 43.60648 ], [ 3.16536, 43.60818 ], [ 3.16369, 43.60924 ], [ 3.16272, 43.61203 ], [ 3.16088, 43.61232 ], [ 3.15705, 43.61521 ] ] } },
{ "type": "Feature", "properties": { "name": "Ruisseau du Saut de Canis", "weight_class": 1, "permanent": false, "length_km": 2.2 }, "geometry": { "type": "LineString", "coordinates": [ [ 3.13344, 43.61399 ], [ 3.13822, 43.61059 ], [ 3.14116, 43.60269 ], [ 3.14452, 43.60071 ], [ 3.14596, 43.59813 ] ] } },
{ "type": "Feature", "properties": { "name": "Ruisseau des Abeuradous", "weight_class": 1, "permanent": false, "length_km": 2.2 }, "geometry": { "type": "LineString", "coordinates": [ [ 3.23453, 43.57173 ], [ 3.23423, 43.56964 ], [ 3.23702, 43.56465 ], [ 3.23471, 43.56223 ], [ 3.23486, 43.56086 ], [ 3.23724, 43.55702 ], [ 3.23499, 43.55525 ] ] } },
{ "type": "Feature", "properties": { "name": "la Thongue", "weight_class": 1, "permanent": true, "length_km": 33.5 }, "geometry": { "type": "LineString", "coordinates": [ [ 3.25725, 43.58093 ], [ 3.25822, 43.5786 ], [ 3.25402, 43.57668 ], [ 3.25308, 43.57378 ], [ 3.25436, 43.57096 ], [ 3.24761, 43.56561 ], [ 3.24598, 43.55953 ], [ 3.24306, 43.55699 ], [ 3.24444, 43.55278 ], [ 3.2393, 43.55092 ], [ 3.23935, 43.54794 ], [ 3.24343, 43.54536 ], [ 3.24254, 43.5418 ], [ 3.24441, 43.53687 ], [ 3.24892, 43.53401 ], [ 3.24958, 43.53011 ], [ 3.25401, 43.52247 ], [ 3.25663, 43.52125 ], [ 3.26663, 43.51955 ], [ 3.2717, 43.51541 ], [ 3.2736, 43.51516 ], [ 3.27571, 43.51281 ], [ 3.27662, 43.51073 ], [ 3.27598, 43.50845 ], [ 3.27886, 43.50294 ], [ 3.27641, 43.49837 ], [ 3.28001, 43.49595 ], [ 3.27854, 43.49247 ], [ 3.27869, 43.48883 ], [ 3.28286, 43.48558 ], [ 3.28003, 43.48153 ], [ 3.28494, 43.47933 ], [ 3.28563, 43.47626 ], [ 3.28851, 43.47774 ], [ 3.29061, 43.47729 ], [ 3.28923, 43.47341 ], [ 3.29394, 43.47387 ], [ 3.2945, 43.47192 ], [ 3.29855, 43.46866 ], [ 3.29785, 43.46605 ], [ 3.29907, 43.46415 ], [ 3.30112, 43.46289 ], [ 3.30259, 43.46395 ], [ 3.30397, 43.46278 ], [ 3.30182, 43.4542 ], [ 3.30382, 43.45196 ], [ 3.30346, 43.44928 ], [ 3.31065, 43.44079 ], [ 3.3144, 43.44033 ], [ 3.31372, 43.43591 ], [ 3.31826, 43.43212 ], [ 3.31893, 43.42772 ], [ 3.31804, 43.4253 ], [ 3.32085, 43.42276 ], [ 3.32602, 43.41458 ], [ 3.33321, 43.40795 ], [ 3.33726, 43.40749 ], [ 3.33971, 43.40565 ], [ 3.34547, 43.40493 ], [ 3.35623, 43.40151 ], [ 3.36306, 43.4017 ], [ 3.36861, 43.39996 ], [ 3.37078, 43.40112 ], [ 3.37634, 43.40106 ], [ 3.40463, 43.39638 ], [ 3.41769, 43.39928 ], [ 3.42203, 43.3987 ] ] } },
{ "type": "Feature", "properties": { "name": "Ruisseau de Valinière", "weight_class": 1, "permanent": false, "length_km": 3.8 }, "geometry": { "type": "LineString", "coordinates": [ [ 3.21066, 43.56202 ], [ 3.21006, 43.55824 ], [ 3.20736, 43.55575 ], [ 3.20686, 43.55286 ], [ 3.20363, 43.54993 ], [ 3.20122, 43.54505 ], [ 3.20242, 43.53093 ] ] } },
{ "type": "Feature", "properties": { "name": "Ruisseau de Pas de Lièvre", "weight_class": 1, "permanent": false, "length_km": 4.0 }, "geometry": { "type": "LineString", "coordinates": [ [ 3.21511, 43.56416 ], [ 3.21539, 43.56281 ], [ 3.21362, 43.5604 ], [ 3.21593, 43.55672 ], [ 3.22026, 43.55438 ], [ 3.22395, 43.55465 ], [ 3.22623, 43.55299 ], [ 3.22514, 43.54963 ], [ 3.22684, 43.54781 ], [ 3.22698, 43.54464 ], [ 3.22945, 43.54235 ], [ 3.22797, 43.5404 ], [ 3.22898, 43.53813 ], [ 3.22781, 43.53761 ] ] } },
{ "type": "Feature", "properties": { "name": "Ruisseau de Peyre Négadouire", "weight_class": 1, "permanent": false, "length_km": 5.0 }, "geometry": { "type": "LineString", "coordinates": [ [ 3.2356, 43.58502 ], [ 3.23705, 43.58305 ], [ 3.237, 43.57859 ], [ 3.23431, 43.57586 ], [ 3.23172, 43.57535 ], [ 3.23027, 43.5725 ], [ 3.22994, 43.56486 ], [ 3.23137, 43.56366 ], [ 3.23002, 43.56261 ], [ 3.23182, 43.56052 ], [ 3.2311, 43.5597 ], [ 3.23497, 43.55545 ], [ 3.23346, 43.55263 ], [ 3.23383, 43.5505 ], [ 3.23902, 43.54885 ] ] } },
{ "type": "Feature", "properties": { "name": "la Rivière", "weight_class": 1, "permanent": true, "length_km": 3.1 }, "geometry": { "type": "LineString", "coordinates": [ [ 3.18991, 43.55977 ], [ 3.19179, 43.55297 ], [ 3.19043, 43.54594 ], [ 3.1938, 43.54156 ], [ 3.19204, 43.53734 ], [ 3.19007, 43.53624 ], [ 3.19047, 43.53472 ] ] } },
{ "type": "Feature", "properties": { "name": "le Taurou", "weight_class": 1, "permanent": true, "length_km": 25.2 }, "geometry": { "type": "LineString", "coordinates": [ [ 3.13931, 43.56496 ], [ 3.13496, 43.56305 ], [ 3.13404, 43.56149 ], [ 3.13323, 43.55733 ], [ 3.13438, 43.55341 ], [ 3.13773, 43.55197 ], [ 3.13798, 43.55098 ], [ 3.14295, 43.54988 ], [ 3.14469, 43.54802 ], [ 3.14786, 43.54767 ], [ 3.14874, 43.5457 ], [ 3.15387, 43.54125 ], [ 3.15501, 43.53838 ], [ 3.15415, 43.5342 ], [ 3.15125, 43.53343 ], [ 3.14855, 43.53134 ], [ 3.14897, 43.52638 ], [ 3.15123, 43.52492 ], [ 3.15309, 43.52169 ], [ 3.15318, 43.51392 ], [ 3.15622, 43.50883 ], [ 3.15571, 43.50751 ], [ 3.15278, 43.50719 ], [ 3.15212, 43.50624 ], [ 3.15373, 43.50449 ], [ 3.15353, 43.49944 ], [ 3.14989, 43.49917 ], [ 3.14829, 43.49786 ], [ 3.14963, 43.49256 ], [ 3.15317, 43.48843 ], [ 3.15137, 43.48544 ], [ 3.16019, 43.48167 ], [ 3.15997, 43.47692 ], [ 3.16304, 43.47716 ], [ 3.16438, 43.4782 ], [ 3.16533, 43.47772 ], [ 3.16361, 43.47398 ], [ 3.16426, 43.47173 ], [ 3.16197, 43.46951 ], [ 3.16282, 43.46668 ], [ 3.16148, 43.46569 ], [ 3.16035, 43.46188 ], [ 3.16165, 43.46113 ], [ 3.16525, 43.46258 ], [ 3.16457, 43.46011 ], [ 3.16669, 43.45897 ], [ 3.16752, 43.45684 ], [ 3.16522, 43.45589 ], [ 3.16586, 43.45395 ], [ 3.16395, 43.45325 ], [ 3.16601, 43.44679 ], [ 3.16365, 43.43915 ], [ 3.16158, 43.4366 ], [ 3.15833, 43.43706 ], [ 3.15916, 43.43373 ], [ 3.1556, 43.43185 ], [ 3.15755, 43.42956 ], [ 3.15238, 43.42746 ], [ 3.15396, 43.42355 ], [ 3.15116, 43.42219 ], [ 3.14911, 43.42282 ], [ 3.14539, 43.4207 ], [ 3.14605, 43.41631 ], [ 3.14052, 43.41343 ], [ 3.14261, 43.41065 ], [ 3.14207, 43.40865 ], [ 3.14053, 43.40729 ], [ 3.13651, 43.40684 ], [ 3.13516, 43.40404 ] ] } },
{ "type": "Feature", "properties": { "name": "Ruisseau de Sainte-Nathalie", "weight_class": 1, "permanent": false, "length_km": 2.2 }, "geometry": { "type": "LineString", "coordinates": [ [ 3.24885, 43.5577 ], [ 3.25038, 43.55608 ], [ 3.25018, 43.55402 ], [ 3.25228, 43.55023 ], [ 3.25427, 43.54019 ] ] } },
{ "type": "Feature", "properties": { "name": "le Libron", "weight_class": 1, "permanent": true, "length_km": 44.4 }, "geometry": { "type": "LineString", "coordinates": [ [ 3.21394, 43.55447 ], [ 3.21101, 43.54964 ], [ 3.21203, 43.54497 ], [ 3.21027, 43.54049 ], [ 3.21202, 43.53857 ], [ 3.21223, 43.5365 ], [ 3.21118, 43.53345 ], [ 3.20778, 43.53213 ], [ 3.20662, 43.53248 ], [ 3.20359, 43.53058 ], [ 3.2016, 43.5311 ], [ 3.19881, 43.5286 ], [ 3.19706, 43.52489 ], [ 3.19779, 43.523 ], [ 3.19589, 43.52237 ], [ 3.19113, 43.51438 ], [ 3.18993, 43.5073 ], [ 3.19135, 43.50161 ], [ 3.18909, 43.49952 ], [ 3.1891, 43.49765 ], [ 3.19025, 43.49482 ], [ 3.19297, 43.49427 ], [ 3.19158, 43.49106 ], [ 3.19468, 43.49056 ], [ 3.19552, 43.48859 ], [ 3.19998, 43.48769 ], [ 3.20246, 43.48593 ], [ 3.20331, 43.48166 ], [ 3.20728, 43.48257 ], [ 3.20966, 43.47728 ], [ 3.20837, 43.47428 ], [ 3.21334, 43.47388 ], [ 3.21539, 43.47282 ], [ 3.21384, 43.46939 ], [ 3.21732, 43.46649 ], [ 3.2171, 43.4639 ], [ 3.21966, 43.46005 ], [ 3.21895, 43.45285 ], [ 3.22048, 43.45014 ], [ 3.21775, 43.44749 ], [ 3.21854, 43.44676 ], [ 3.2216, 43.44767 ], [ 3.22109, 43.44419 ], [ 3.22476, 43.44304 ], [ 3.22373, 43.44066 ], [ 3.221, 43.4388 ], [ 3.22111, 43.43694 ], [ 3.22273, 43.43712 ], [ 3.22357, 43.43627 ], [ 3.22173, 43.43392 ], [ 3.2248, 43.43324 ], [ 3.22524, 43.43214 ], [ 3.22762, 43.43253 ], [ 3.22908, 43.42725 ], [ 3.23146, 43.42517 ], [ 3.23106, 43.42304 ], [ 3.23341, 43.42135 ], [ 3.23335, 43.42012 ], [ 3.23564, 43.41841 ], [ 3.23832, 43.41388 ], [ 3.23832, 43.41234 ], [ 3.23619, 43.41105 ], [ 3.23724, 43.4071 ], [ 3.23518, 43.40247 ], [ 3.23661, 43.39892 ], [ 3.23436, 43.38989 ], [ 3.23517, 43.38506 ], [ 3.24355, 43.37722 ], [ 3.24953, 43.37669 ], [ 3.26464, 43.3725 ], [ 3.27705, 43.37164 ], [ 3.29172, 43.36807 ], [ 3.29711, 43.36524 ], [ 3.30447, 43.36508 ], [ 3.31526, 43.36042 ], [ 3.32497, 43.3593 ], [ 3.3425, 43.34947 ], [ 3.34524, 43.34667 ], [ 3.35962, 43.34377 ], [ 3.36816, 43.33854 ], [ 3.37152, 43.33536 ], [ 3.37401, 43.3351 ], [ 3.38465, 43.33042 ], [ 3.38921, 43.32674 ], [ 3.40109, 43.3115 ], [ 3.40762, 43.28791 ] ] } },
{ "type": "Feature", "properties": { "name": "la Vérenne", "weight_class": 2, "permanent": true, "length_km": 2.5 }, "geometry": { "type": "MultiLineString", "coordinates": [ [ [ 3.06497, 43.83033 ], [ 3.07216, 43.83358 ], [ 3.07947, 43.83286 ], [ 3.08172, 43.83554 ] ], [ [ 3.14582, 43.81942 ], [ 3.15044, 43.81662 ], [ 3.15145, 43.81429 ] ] ] } },
{ "type": "Feature", "properties": { "name": "Ruisseau de Sebestrières", "weight_class": 1, "permanent": true, "length_km": 6.0 }, "geometry": { "type": "LineString", "coordinates": [ [ 3.06979, 43.82576 ], [ 3.07747, 43.82169 ], [ 3.0839, 43.81346 ], [ 3.08254, 43.80847 ], [ 3.08122, 43.80915 ], [ 3.07846, 43.80827 ], [ 3.0791, 43.80592 ], [ 3.07815, 43.80319 ], [ 3.07501, 43.80228 ], [ 3.07536, 43.80033 ], [ 3.07928, 43.7978 ], [ 3.0808, 43.7935 ], [ 3.08488, 43.79389 ], [ 3.08503, 43.79084 ], [ 3.08708, 43.78877 ] ] } },
{ "type": "Feature", "properties": { "name": "Ruisseau de Jure", "weight_class": 1, "permanent": true, "length_km": 3.6 }, "geometry": { "type": "LineString", "coordinates": [ [ 3.08861, 43.82393 ], [ 3.09255, 43.82204 ], [ 3.09472, 43.81722 ], [ 3.10296, 43.81527 ], [ 3.10619, 43.81297 ], [ 3.11294, 43.8033 ], [ 3.11263, 43.80142 ] ] } },
{ "type": "Feature", "properties": { "name": "Ruisseau de Merdous", "weight_class": 1, "permanent": false, "length_km": 2.5 }, "geometry": { "type": "LineString", "coordinates": [ [ 3.11579, 43.77315 ], [ 3.11561, 43.77017 ], [ 3.11173, 43.76784 ], [ 3.11114, 43.76533 ], [ 3.1074, 43.76404 ], [ 3.10816, 43.75862 ], [ 3.11105, 43.75537 ] ] } },
{ "type": "Feature", "properties": { "name": "Ruisseau de Bouïsse", "weight_class": 1, "permanent": true, "length_km": 2.7 }, "geometry": { "type": "LineString", "coordinates": [ [ 3.11735, 43.77503 ], [ 3.1158, 43.77496 ], [ 3.11336, 43.77663 ], [ 3.10484, 43.77884 ], [ 3.10397, 43.77973 ], [ 3.09921, 43.78043 ], [ 3.09819, 43.78184 ], [ 3.09601, 43.7825 ], [ 3.08904, 43.78199 ] ] } },
{ "type": "Feature", "properties": { "name": "Ruisseau de Corbières", "weight_class": 1, "permanent": true, "length_km": 3.3 }, "geometry": { "type": "LineString", "coordinates": [ [ 3.07257, 43.76426 ], [ 3.07363, 43.76312 ], [ 3.07641, 43.76326 ], [ 3.07977, 43.76174 ], [ 3.08192, 43.76249 ], [ 3.0829, 43.75909 ], [ 3.08558, 43.75805 ], [ 3.08454, 43.75651 ], [ 3.08739, 43.75561 ], [ 3.0954, 43.75732 ], [ 3.09705, 43.75921 ], [ 3.09891, 43.7582 ] ] } },
{ "type": "Feature", "properties": { "name": "le Riou", "weight_class": 1, "permanent": true, "length_km": 4.5 }, "geometry": { "type": "LineString", "coordinates": [ [ 3.04936, 43.60941 ], [ 3.04996, 43.60241 ], [ 3.04879, 43.60081 ], [ 3.04859, 43.5942 ], [ 3.04693, 43.59211 ], [ 3.04689, 43.58988 ], [ 3.05771, 43.58012 ], [ 3.05799, 43.57517 ] ] } },
{ "type": "Feature", "properties": { "name": "Ruisseau de Sarailhau", "weight_class": 1, "permanent": false, "length_km": 2.2 }, "geometry": { "type": "LineString", "coordinates": [ [ 3.03032, 43.62894 ], [ 3.0308, 43.63107 ], [ 3.03398, 43.63175 ], [ 3.03358, 43.63517 ], [ 3.03105, 43.63884 ], [ 3.0312, 43.64138 ], [ 3.03275, 43.64373 ], [ 3.03514, 43.64463 ] ] } },
{ "type": "Feature", "properties": { "name": "Ruisseau du Coural", "weight_class": 1, "permanent": false, "length_km": 3.8 }, "geometry": { "type": "LineString", "coordinates": [ [ 3.08125, 43.72555 ], [ 3.07964, 43.72911 ], [ 3.08097, 43.73126 ], [ 3.0913, 43.73818 ], [ 3.10119, 43.741 ], [ 3.10208, 43.73985 ], [ 3.10446, 43.74057 ], [ 3.10557, 43.74269 ], [ 3.10815, 43.74396 ] ] } },
{ "type": "Feature", "properties": { "name": "Ruisseau de Frayssinet", "weight_class": 1, "permanent": false, "length_km": 2.4 }, "geometry": { "type": "LineString", "coordinates": [ [ 3.05922, 43.74262 ], [ 3.067, 43.74458 ], [ 3.07029, 43.74797 ], [ 3.0736, 43.74834 ], [ 3.07392, 43.75085 ], [ 3.07991, 43.75484 ] ] } },
{ "type": "Feature", "properties": { "name": "Ruisseau de Thabillau", "weight_class": 1, "permanent": false, "length_km": 2.1 }, "geometry": { "type": "MultiLineString", "coordinates": [ [ [ 3.05924, 43.7386 ], [ 3.05329, 43.74297 ], [ 3.05246, 43.74585 ], [ 3.05368, 43.7466 ], [ 3.05421, 43.75007 ] ], [ [ 3.0548, 43.75148 ], [ 3.05697, 43.75358 ], [ 3.05625, 43.75494 ] ] ] } },
{ "type": "Feature", "properties": { "name": "le Rieu Sec", "weight_class": 3, "permanent": false, "length_km": 8.6 }, "geometry": { "type": "LineString", "coordinates": [ [ 3.0735, 43.70831 ], [ 3.07451, 43.70941 ], [ 3.07385, 43.7114 ], [ 3.06299, 43.72 ], [ 3.0616, 43.72796 ], [ 3.0639, 43.73054 ], [ 3.06875, 43.73302 ], [ 3.08077, 43.7362 ], [ 3.08404, 43.73882 ], [ 3.08652, 43.73926 ], [ 3.08828, 43.7429 ], [ 3.08782, 43.74919 ], [ 3.08457, 43.75044 ], [ 3.08492, 43.75444 ], [ 3.0813, 43.75319 ], [ 3.07985, 43.75501 ], [ 3.0813, 43.75668 ], [ 3.08446, 43.7567 ] ] } },
{ "type": "Feature", "properties": { "name": "Ruisseau de Vernazoubres", "weight_class": 1, "permanent": true, "length_km": 5.4 }, "geometry": { "type": "LineString", "coordinates": [ [ 3.07944, 43.71909 ], [ 3.08528, 43.72034 ], [ 3.089, 43.72016 ], [ 3.0919, 43.72146 ], [ 3.09486, 43.72054 ], [ 3.09696, 43.72105 ], [ 3.101, 43.71985 ], [ 3.10594, 43.71689 ], [ 3.11259, 43.71506 ], [ 3.11521, 43.71519 ], [ 3.11623, 43.71386 ], [ 3.11896, 43.7139 ], [ 3.1218, 43.7146 ], [ 3.12599, 43.71743 ], [ 3.12785, 43.72185 ], [ 3.13125, 43.72273 ] ] } },
{ "type": "Feature", "properties": { "name": "Ruisseau de Parroujo", "weight_class": 1, "permanent": false, "length_km": 2.2 }, "geometry": { "type": "LineString", "coordinates": [ [ 3.08762, 43.72695 ], [ 3.09369, 43.72512 ], [ 3.09818, 43.72735 ], [ 3.09997, 43.72785 ], [ 3.10317, 43.72716 ], [ 3.11128, 43.73028 ] ] } },
{ "type": "Feature", "properties": { "name": "Ruisseau de Riols", "weight_class": 1, "permanent": false, "length_km": 2.6 }, "geometry": { "type": "LineString", "coordinates": [ [ 3.07914, 43.69973 ], [ 3.08641, 43.69478 ], [ 3.08916, 43.69148 ], [ 3.08929, 43.68979 ], [ 3.09156, 43.68812 ], [ 3.09213, 43.68419 ], [ 3.09099, 43.68095 ] ] } },
{ "type": "Feature", "properties": { "name": "Ruisseau d'Espaze", "weight_class": 1, "permanent": true, "length_km": 9.3 }, "geometry": { "type": "LineString", "coordinates": [ [ 3.07887, 43.70201 ], [ 3.07909, 43.70375 ], [ 3.08145, 43.70505 ], [ 3.08789, 43.70424 ], [ 3.09054, 43.7049 ], [ 3.09332, 43.70388 ], [ 3.09912, 43.70414 ], [ 3.1059, 43.69739 ], [ 3.11054, 43.6908 ], [ 3.11233, 43.68626 ], [ 3.11165, 43.68243 ], [ 3.1131, 43.67925 ], [ 3.11952, 43.67425 ], [ 3.12058, 43.6724 ], [ 3.12005, 43.67084 ], [ 3.12409, 43.66943 ], [ 3.12621, 43.66479 ], [ 3.12376, 43.66298 ], [ 3.11795, 43.66247 ], [ 3.11581, 43.6605 ], [ 3.11518, 43.65809 ], [ 3.10979, 43.6552 ] ] } },
{ "type": "Feature", "properties": { "name": "le Clédou/Ruisseau de Provères", "weight_class": 1, "permanent": false, "length_km": 6.8 }, "geometry": { "type": "LineString", "coordinates": [ [ 3.06951, 43.70607 ], [ 3.07034, 43.69813 ], [ 3.07234, 43.6901 ], [ 3.07444, 43.68836 ], [ 3.0743, 43.68625 ], [ 3.08122, 43.68419 ], [ 3.08238, 43.68504 ], [ 3.09421, 43.67924 ], [ 3.09571, 43.67581 ], [ 3.09798, 43.67546 ], [ 3.10263, 43.67033 ], [ 3.10794, 43.66656 ], [ 3.10892, 43.66235 ] ] } },
{ "type": "Feature", "properties": { "name": "Ruisseau des Salles", "weight_class": 1, "permanent": false, "length_km": 3.4 }, "geometry": { "type": "LineString", "coordinates": [ [ 3.05979, 43.68686 ], [ 3.05938, 43.68395 ], [ 3.06438, 43.6779 ], [ 3.06546, 43.67351 ], [ 3.06764, 43.6715 ], [ 3.07306, 43.66925 ], [ 3.07259, 43.66476 ], [ 3.07501, 43.66231 ] ] } },
{ "type": "Feature", "properties": { "name": "Ruisseau de Bédès", "weight_class": 1, "permanent": false, "length_km": 4.2 }, "geometry": { "type": "LineString", "coordinates": [ [ 3.04529, 43.69445 ], [ 3.04888, 43.69015 ], [ 3.05072, 43.68475 ], [ 3.04963, 43.68106 ], [ 3.05061, 43.67782 ], [ 3.0495, 43.67493 ], [ 3.05119, 43.67072 ], [ 3.05134, 43.66652 ], [ 3.0529, 43.66426 ], [ 3.05726, 43.66221 ] ] } },
{ "type": "Feature", "properties": { "name": "Ruisseau de Mècle", "weight_class": 1, "permanent": false, "length_km": 5.3 }, "geometry": { "type": "LineString", "coordinates": [ [ 3.03836, 43.69308 ], [ 3.03748, 43.69162 ], [ 3.03787, 43.68508 ], [ 3.03429, 43.68266 ], [ 3.03224, 43.67838 ], [ 3.03572, 43.6742 ], [ 3.03669, 43.67009 ], [ 3.041, 43.66209 ], [ 3.05015, 43.65959 ], [ 3.0555, 43.66004 ] ] } },
{ "type": "Feature", "properties": { "name": "Ruisseau de Seilhes", "weight_class": 1, "permanent": false, "length_km": 4.5 }, "geometry": { "type": "LineString", "coordinates": [ [ 3.01753, 43.69484 ], [ 3.02019, 43.6943 ], [ 3.02344, 43.69062 ], [ 3.02375, 43.68273 ], [ 3.02554, 43.67926 ], [ 3.02919, 43.67662 ], [ 3.03089, 43.67109 ], [ 3.03064, 43.66749 ], [ 3.02874, 43.66653 ], [ 3.02612, 43.66659 ], [ 3.02435, 43.66401 ] ] } },
{ "type": "Feature", "properties": { "name": "Ruisseau des Combals", "weight_class": 1, "permanent": false, "length_km": 4.1 }, "geometry": { "type": "LineString", "coordinates": [ [ 3.01258, 43.69522 ], [ 3.01174, 43.69273 ], [ 3.00727, 43.68849 ], [ 3.00721, 43.68557 ], [ 3.00927, 43.68383 ], [ 3.01108, 43.68406 ], [ 3.01326, 43.68273 ], [ 3.01531, 43.68056 ], [ 3.01544, 43.67791 ], [ 3.02146, 43.67183 ], [ 3.02255, 43.66839 ], [ 3.02074, 43.66591 ] ] } },
{ "type": "Feature", "properties": { "name": "Ruisseau d'Albès", "weight_class": 1, "permanent": true, "length_km": 2.8 }, "geometry": { "type": "LineString", "coordinates": [ [ 3.00282, 43.70392 ], [ 2.99643, 43.70348 ], [ 2.9922, 43.70183 ], [ 2.99074, 43.69619 ], [ 2.9853, 43.69126 ], [ 2.98762, 43.68749 ] ] } },
{ "type": "Feature", "properties": { "name": "Ruisseau des Hortes", "weight_class": 1, "permanent": false, "length_km": 2.4 }, "geometry": { "type": "LineString", "coordinates": [ [ 3.13153, 43.65695 ], [ 3.13152, 43.65214 ], [ 3.13723, 43.65011 ], [ 3.14215, 43.65138 ], [ 3.14404, 43.65042 ], [ 3.15122, 43.65181 ] ] } },
{ "type": "Feature", "properties": { "name": "le Galigné", "weight_class": 1, "permanent": true, "length_km": 2.7 }, "geometry": { "type": "LineString", "coordinates": [ [ 3.01244, 43.65639 ], [ 3.01787, 43.65835 ], [ 3.02224, 43.65766 ], [ 3.02602, 43.65592 ], [ 3.02782, 43.65368 ], [ 3.02864, 43.65005 ], [ 3.03163, 43.64892 ], [ 3.03712, 43.64865 ] ] } },
{ "type": "Feature", "properties": { "name": "le Casselouvre", "weight_class": 1, "permanent": true, "length_km": 9.9 }, "geometry": { "type": "LineString", "coordinates": [ [ 2.99065, 43.6315 ], [ 2.99007, 43.63308 ], [ 2.98645, 43.63436 ], [ 2.98436, 43.63767 ], [ 2.9899, 43.64191 ], [ 2.99285, 43.64727 ], [ 2.99465, 43.64696 ], [ 3.00172, 43.65032 ], [ 3.00417, 43.64778 ], [ 3.0047, 43.64875 ], [ 3.00647, 43.64812 ], [ 3.00944, 43.64993 ], [ 3.01218, 43.64995 ], [ 3.01305, 43.64783 ], [ 3.01488, 43.648 ], [ 3.01655, 43.64677 ], [ 3.01832, 43.64739 ], [ 3.01814, 43.64832 ], [ 3.02124, 43.64791 ], [ 3.01997, 43.64593 ], [ 3.02097, 43.64616 ], [ 3.02185, 43.6449 ], [ 3.0247, 43.64565 ], [ 3.02515, 43.64426 ], [ 3.02396, 43.64245 ], [ 3.02532, 43.64165 ], [ 3.0278, 43.64178 ], [ 3.03004, 43.64397 ], [ 3.03537, 43.64468 ], [ 3.03717, 43.64577 ], [ 3.03712, 43.64883 ], [ 3.03903, 43.65163 ], [ 3.04394, 43.655 ], [ 3.04358, 43.6572 ] ] } },
{ "type": "Feature", "properties": { "name": "Ruisseau des Terriès", "weight_class": 1, "permanent": true, "length_km": 2.2 }, "geometry": { "type": "LineString", "coordinates": [ [ 3.07547, 43.62774 ], [ 3.07534, 43.6264 ], [ 3.08049, 43.62163 ], [ 3.08105, 43.6185 ], [ 3.0792, 43.61707 ], [ 3.07415, 43.6188 ], [ 3.07248, 43.61677 ] ] } },
{ "type": "Feature", "properties": { "name": "Ruisseau de Cabausse", "weight_class": 1, "permanent": true, "length_km": 2.1 }, "geometry": { "type": "LineString", "coordinates": [ [ 3.04973, 43.63811 ], [ 3.0532, 43.63553 ], [ 3.05436, 43.63044 ], [ 3.05978, 43.6275 ], [ 3.0618, 43.62292 ] ] } },
{ "type": "Feature", "properties": { "name": "le Bitoulet", "weight_class": 1, "permanent": true, "length_km": 9.3 }, "geometry": { "type": "LineString", "coordinates": [ [ 3.02305, 43.61985 ], [ 3.03186, 43.62216 ], [ 3.03369, 43.62405 ], [ 3.0367, 43.62329 ], [ 3.03967, 43.62498 ], [ 3.04513, 43.6254 ], [ 3.0473, 43.62512 ], [ 3.0487, 43.62274 ], [ 3.0618, 43.62292 ], [ 3.0633, 43.62065 ], [ 3.06678, 43.6208 ], [ 3.07038, 43.61889 ], [ 3.07245, 43.61685 ], [ 3.0722, 43.61525 ], [ 3.07356, 43.61507 ], [ 3.07411, 43.61058 ], [ 3.08116, 43.6044 ], [ 3.08202, 43.60098 ], [ 3.08058, 43.59973 ], [ 3.08454, 43.59584 ], [ 3.08333, 43.59115 ], [ 3.08464, 43.58965 ], [ 3.08319, 43.58783 ], [ 3.08303, 43.58526 ] ] } },
{ "type": "Feature", "properties": { "name": "le Rieu Pourquié/Rieu Pourquié", "weight_class": 1, "permanent": true, "length_km": 8.3 }, "geometry": { "type": "LineString", "coordinates": [ [ 3.07202, 43.64578 ], [ 3.07328, 43.63812 ], [ 3.07583, 43.63334 ], [ 3.09135, 43.62733 ], [ 3.09144, 43.62614 ], [ 3.09516, 43.62382 ], [ 3.09965, 43.61865 ], [ 3.09832, 43.61494 ], [ 3.10165, 43.60939 ], [ 3.10334, 43.60834 ], [ 3.10876, 43.59652 ], [ 3.10898, 43.58653 ] ] } },
{ "type": "Feature", "properties": { "name": "la Canalette", "weight_class": 1, "permanent": false, "length_km": 2.2 }, "geometry": { "type": "LineString", "coordinates": [ [ 3.05599, 43.63955 ], [ 3.05412, 43.64052 ], [ 3.05375, 43.6433 ], [ 3.05134, 43.64617 ], [ 3.04817, 43.64792 ], [ 3.04404, 43.64869 ], [ 3.04137, 43.65289 ] ] } },
{ "type": "Feature", "properties": { "name": "Ruisseau de Banissou", "weight_class": 1, "permanent": true, "length_km": 2.6 }, "geometry": { "type": "LineString", "coordinates": [ [ 3.01903, 43.62529 ], [ 3.01836, 43.62664 ], [ 3.01999, 43.62915 ], [ 3.02456, 43.6311 ], [ 3.02319, 43.63321 ], [ 3.02424, 43.63409 ], [ 3.02389, 43.63595 ], [ 3.02734, 43.63854 ], [ 3.02936, 43.64148 ], [ 3.02874, 43.64256 ] ] } },
{ "type": "Feature", "properties": { "name": "Ruisseau de Madale", "weight_class": 1, "permanent": true, "length_km": 9.2 }, "geometry": { "type": "LineString", "coordinates": [ [ 3.0, 43.63139 ], [ 3.00066, 43.62402 ], [ 3.00357, 43.62257 ], [ 3.00481, 43.62008 ], [ 3.01132, 43.61996 ], [ 3.0119, 43.61882 ], [ 3.02013, 43.61791 ], [ 3.02231, 43.61594 ], [ 3.025, 43.61557 ], [ 3.02326, 43.61367 ], [ 3.02712, 43.61035 ], [ 3.02642, 43.60639 ], [ 3.02535, 43.60582 ], [ 3.02518, 43.60134 ], [ 3.02753, 43.59161 ], [ 3.02527, 43.58784 ], [ 3.02699, 43.58434 ], [ 3.02558, 43.58409 ], [ 3.02562, 43.5827 ], [ 3.02302, 43.58104 ], [ 3.02371, 43.57935 ], [ 3.02248, 43.57649 ], [ 3.02296, 43.57396 ], [ 3.0251, 43.5716 ] ] } },
{ "type": "Feature", "properties": { "name": "Ruisseau de Longare", "weight_class": 1, "permanent": false, "length_km": 2.1 }, "geometry": { "type": "LineString", "coordinates": [ [ 3.00041, 43.63395 ], [ 3.00263, 43.63608 ], [ 3.00572, 43.63714 ], [ 3.00934, 43.63654 ], [ 3.01356, 43.63306 ], [ 3.02008, 43.63339 ] ] } },
{ "type": "Feature", "properties": { "name": "Ruisseau des Arénasses", "weight_class": 1, "permanent": false, "length_km": 7.4 }, "geometry": { "type": "LineString", "coordinates": [ [ 3.1939, 43.59093 ], [ 3.18343, 43.58868 ], [ 3.17993, 43.58642 ], [ 3.17487, 43.58526 ], [ 3.17332, 43.58272 ], [ 3.1709, 43.58326 ], [ 3.16827, 43.58132 ], [ 3.16241, 43.58016 ], [ 3.15473, 43.58216 ], [ 3.14928, 43.58143 ], [ 3.14584, 43.5824 ], [ 3.14165, 43.58013 ], [ 3.1367, 43.58007 ], [ 3.13171, 43.58242 ], [ 3.12968, 43.58522 ], [ 3.12484, 43.58578 ], [ 3.11923, 43.58901 ] ] } },
{ "type": "Feature", "properties": { "name": "Ruisseau de la Borie", "weight_class": 1, "permanent": false, "length_km": 2.5 }, "geometry": { "type": "LineString", "coordinates": [ [ 3.06324, 43.59897 ], [ 3.06558, 43.59828 ], [ 3.06643, 43.5966 ], [ 3.06501, 43.59321 ], [ 3.06597, 43.58869 ], [ 3.06458, 43.5875 ], [ 3.06449, 43.58522 ], [ 3.07008, 43.58088 ] ] } },
{ "type": "Feature", "properties": { "name": "Ruisseau de Combes", "weight_class": 1, "permanent": false, "length_km": 2.0 }, "geometry": { "type": "LineString", "coordinates": [ [ 3.06015, 43.60121 ], [ 3.06666, 43.60368 ], [ 3.07014, 43.60288 ], [ 3.07233, 43.60389 ], [ 3.08177, 43.60228 ] ] } },
{ "type": "Feature", "properties": { "name": "Ruisseau de Saint-Vital", "weight_class": 1, "permanent": true, "length_km": 2.7 }, "geometry": { "type": "LineString", "coordinates": [ [ 3.05, 43.61058 ], [ 3.054, 43.61029 ], [ 3.05562, 43.60835 ], [ 3.06261, 43.6059 ], [ 3.06586, 43.60551 ], [ 3.06941, 43.60626 ], [ 3.07243, 43.60557 ], [ 3.07899, 43.60625 ] ] } },
{ "type": "Feature", "properties": { "name": "Ruisseau de la Borie Basse", "weight_class": 1, "permanent": true, "length_km": 5.3 }, "geometry": { "type": "LineString", "coordinates": [ [ 3.04033, 43.61258 ], [ 3.04122, 43.61151 ], [ 3.04005, 43.60799 ], [ 3.04078, 43.60689 ], [ 3.03863, 43.6002 ], [ 3.03932, 43.59764 ], [ 3.03776, 43.59589 ], [ 3.03922, 43.59261 ], [ 3.0412, 43.59154 ], [ 3.04114, 43.58901 ], [ 3.04466, 43.58652 ], [ 3.044, 43.58439 ], [ 3.04565, 43.58309 ], [ 3.04585, 43.58047 ], [ 3.04765, 43.58006 ], [ 3.04895, 43.57702 ], [ 3.05201, 43.57566 ], [ 3.05174, 43.57397 ] ] } },
{ "type": "Feature", "properties": { "name": "Ruisseau de Violes", "weight_class": 1, "permanent": false, "length_km": 3.9 }, "geometry": { "type": "LineString", "coordinates": [ [ 3.1019, 43.56133 ], [ 3.10052, 43.56384 ], [ 3.09786, 43.56481 ], [ 3.09763, 43.57104 ], [ 3.09492, 43.57222 ], [ 3.08918, 43.57202 ], [ 3.08701, 43.57332 ], [ 3.08498, 43.57808 ], [ 3.0818, 43.58034 ], [ 3.07961, 43.58581 ] ] } },
{ "type": "Feature", "properties": { "name": "Ruisseau de Camp Redon", "weight_class": 1, "permanent": false, "length_km": 4.2 }, "geometry": { "type": "LineString", "coordinates": [ [ 3.05621, 43.55383 ], [ 3.05693, 43.55521 ], [ 3.06412, 43.55644 ], [ 3.06993, 43.55901 ], [ 3.07564, 43.56021 ], [ 3.07633, 43.56371 ], [ 3.07894, 43.56422 ], [ 3.07892, 43.56547 ], [ 3.08043, 43.56508 ], [ 3.08278, 43.56628 ], [ 3.08291, 43.56947 ], [ 3.08697, 43.57336 ] ] } },
{ "type": "Feature", "properties": { "name": "Ruisseau du Bois Nègre", "weight_class": 1, "permanent": false, "length_km": 2.6 }, "geometry": { "type": "LineString", "coordinates": [ [ 3.10371, 43.55558 ], [ 3.10246, 43.55924 ], [ 3.09549, 43.55975 ], [ 3.09123, 43.56488 ], [ 3.09141, 43.56642 ], [ 3.08873, 43.5702 ], [ 3.08931, 43.57203 ] ] } },
{ "type": "Feature", "properties": { "name": "Ruisseau des Aires", "weight_class": 1, "permanent": false, "length_km": 3.8 }, "geometry": { "type": "LineString", "coordinates": [ [ 3.11623, 43.56009 ], [ 3.11365, 43.56246 ], [ 3.11057, 43.56355 ], [ 3.10998, 43.56616 ], [ 3.10521, 43.56921 ], [ 3.10433, 43.57515 ], [ 3.10216, 43.57635 ], [ 3.10108, 43.5794 ], [ 3.10291, 43.58073 ], [ 3.10109, 43.58266 ], [ 3.10091, 43.58688 ] ] } },
{ "type": "Feature", "properties": { "name": "la Crouzette", "weight_class": 1, "permanent": false, "length_km": 3.8 }, "geometry": { "type": "LineString", "coordinates": [ [ 3.12126, 43.56201 ], [ 3.12207, 43.56421 ], [ 3.12619, 43.5669 ], [ 3.12491, 43.57024 ], [ 3.1217, 43.57215 ], [ 3.1177, 43.57287 ], [ 3.11341, 43.57545 ], [ 3.10975, 43.58154 ], [ 3.10941, 43.5862 ], [ 3.10814, 43.58662 ] ] } },
{ "type": "Feature", "properties": { "name": "Ruisseau du Sénal", "weight_class": 1, "permanent": false, "length_km": 2.2 }, "geometry": { "type": "LineString", "coordinates": [ [ 3.05884, 43.56 ], [ 3.06358, 43.56402 ], [ 3.06404, 43.56558 ], [ 3.06267, 43.56612 ], [ 3.06143, 43.56981 ], [ 3.05801, 43.57167 ], [ 3.05733, 43.57401 ], [ 3.05528, 43.57427 ] ] } },
{ "type": "Feature", "properties": { "name": "Ruisseau de Peilhan", "weight_class": 1, "permanent": false, "length_km": 4.4 }, "geometry": { "type": "LineString", "coordinates": [ [ 3.05646, 43.54944 ], [ 3.05454, 43.55031 ], [ 3.05153, 43.54979 ], [ 3.04487, 43.55088 ], [ 3.04181, 43.55442 ], [ 3.04471, 43.56047 ], [ 3.04281, 43.56396 ], [ 3.04488, 43.56751 ], [ 3.05442, 43.57304 ], [ 3.05456, 43.57408 ] ] } },
{ "type": "Feature", "properties": { "name": "Ruisseau de Roquessels", "weight_class": 1, "permanent": true, "length_km": 4.4 }, "geometry": { "type": "LineString", "coordinates": [ [ 3.21843, 43.54859 ], [ 3.21878, 43.54524 ], [ 3.22613, 43.54138 ], [ 3.22793, 43.53748 ], [ 3.23343, 43.53407 ], [ 3.23516, 43.53446 ], [ 3.23806, 43.53037 ], [ 3.24489, 43.52775 ], [ 3.24638, 43.52573 ], [ 3.24951, 43.52796 ], [ 3.25093, 43.52766 ] ] } },
{ "type": "Feature", "properties": { "name": "Ruisseau de la Maurelle", "weight_class": 1, "permanent": false, "length_km": 2.0 }, "geometry": { "type": "LineString", "coordinates": [ [ 3.1701, 43.53859 ], [ 3.17819, 43.53042 ], [ 3.17962, 43.52323 ] ] } },
{ "type": "Feature", "properties": { "name": "Ruisseau de Naubine", "weight_class": 1, "permanent": true, "length_km": 4.4 }, "geometry": { "type": "LineString", "coordinates": [ [ 3.17191, 43.55278 ], [ 3.17145, 43.54979 ], [ 3.17792, 43.54513 ], [ 3.1808, 43.54431 ], [ 3.18877, 43.53589 ], [ 3.19354, 43.53249 ], [ 3.19307, 43.52566 ], [ 3.19375, 43.5246 ], [ 3.19599, 43.52414 ], [ 3.19589, 43.52237 ] ] } },
{ "type": "Feature", "properties": { "name": "le Tauroussel", "weight_class": 1, "permanent": false, "length_km": 7.1 }, "geometry": { "type": "LineString", "coordinates": [ [ 3.15815, 43.53326 ], [ 3.15765, 43.52868 ], [ 3.15978, 43.52564 ], [ 3.16173, 43.5193 ], [ 3.16034, 43.51692 ], [ 3.16091, 43.5136 ], [ 3.163, 43.51079 ], [ 3.16061, 43.50879 ], [ 3.16229, 43.50626 ], [ 3.16054, 43.499 ], [ 3.1617, 43.49411 ], [ 3.15944, 43.49299 ], [ 3.16061, 43.49112 ], [ 3.16186, 43.4909 ], [ 3.16113, 43.48905 ], [ 3.1656, 43.4837 ], [ 3.16258, 43.48156 ], [ 3.16445, 43.47819 ] ] } },
{ "type": "Feature", "properties": { "name": "Ruisseau des Canarils", "weight_class": 1, "permanent": true, "length_km": 2.1 }, "geometry": { "type": "LineString", "coordinates": [ [ 3.12572, 43.54202 ], [ 3.12728, 43.54021 ], [ 3.12588, 43.53766 ], [ 3.12628, 43.53491 ], [ 3.1231, 43.53311 ], [ 3.12418, 43.52991 ], [ 3.12362, 43.52559 ] ] } },
{ "type": "Feature", "properties": { "name": "Ruisseau de Rebault", "weight_class": 1, "permanent": true, "length_km": 2.9 }, "geometry": { "type": "LineString", "coordinates": [ [ 3.12801, 43.54286 ], [ 3.13374, 43.53871 ], [ 3.13681, 43.53274 ], [ 3.13573, 43.53137 ], [ 3.14085, 43.52895 ], [ 3.1436, 43.52981 ], [ 3.14879, 43.52846 ] ] } },
{ "type": "Feature", "properties": { "name": "Ruisseau du Mas d'Azil", "weight_class": 1, "permanent": true, "length_km": 4.1 }, "geometry": { "type": "LineString", "coordinates": [ [ 3.15893, 43.54283 ], [ 3.16148, 43.53823 ], [ 3.17451, 43.52995 ], [ 3.17612, 43.52824 ], [ 3.17587, 43.52481 ], [ 3.1792, 43.52362 ], [ 3.18625, 43.5162 ] ] } },
{ "type": "Feature", "properties": { "name": "Ruisseau de Gournautuc", "weight_class": 1, "permanent": true, "length_km": 6.4 }, "geometry": { "type": "LineString", "coordinates": [ [ 3.15931, 43.54823 ], [ 3.15983, 43.54673 ], [ 3.16241, 43.54665 ], [ 3.16444, 43.54492 ], [ 3.16888, 43.54337 ], [ 3.17699, 43.54166 ], [ 3.18271, 43.53854 ], [ 3.18594, 43.53107 ], [ 3.18499, 43.52429 ], [ 3.18796, 43.5222 ], [ 3.18929, 43.51852 ], [ 3.1877, 43.5165 ], [ 3.18625, 43.5162 ], [ 3.18467, 43.51258 ], [ 3.19003, 43.50769 ] ] } },
{ "type": "Feature", "properties": { "name": "Ruisseau de Valignières", "weight_class": 1, "permanent": true, "length_km": 6.7 }, "geometry": { "type": "LineString", "coordinates": [ [ 3.11572, 43.53945 ], [ 3.11421, 43.53932 ], [ 3.11334, 43.53794 ], [ 3.12116, 43.53013 ], [ 3.11995, 43.52679 ], [ 3.12362, 43.52559 ], [ 3.12432, 43.52348 ], [ 3.12786, 43.52026 ], [ 3.13341, 43.52116 ], [ 3.13654, 43.51877 ], [ 3.13975, 43.5178 ], [ 3.14335, 43.51449 ], [ 3.14517, 43.51015 ], [ 3.14562, 43.50493 ], [ 3.14775, 43.50261 ], [ 3.1491, 43.50351 ], [ 3.15015, 43.50306 ], [ 3.15166, 43.49941 ] ] } },
{ "type": "Feature", "properties": { "name": "le Rieutort", "weight_class": 1, "permanent": true, "length_km": 18.1 }, "geometry": { "type": "LineString", "coordinates": [ [ 3.09, 43.55129 ], [ 3.0906, 43.54302 ], [ 3.09209, 43.54037 ], [ 3.09694, 43.53821 ], [ 3.10109, 43.53814 ], [ 3.10355, 43.53696 ], [ 3.10459, 43.53313 ], [ 3.10753, 43.53186 ], [ 3.10845, 43.52944 ], [ 3.11433, 43.52457 ], [ 3.11425, 43.51898 ], [ 3.11864, 43.51704 ], [ 3.11789, 43.51222 ], [ 3.12295, 43.50799 ], [ 3.12259, 43.50286 ], [ 3.1245, 43.4987 ], [ 3.11569, 43.48899 ], [ 3.11533, 43.48508 ], [ 3.11648, 43.48205 ], [ 3.11419, 43.47976 ], [ 3.11055, 43.479 ], [ 3.10961, 43.47447 ], [ 3.11165, 43.4673 ], [ 3.11095, 43.46455 ], [ 3.11337, 43.46417 ], [ 3.11375, 43.46237 ], [ 3.1178, 43.45902 ], [ 3.118, 43.45255 ], [ 3.12246, 43.44808 ], [ 3.1208, 43.44374 ], [ 3.12477, 43.44329 ], [ 3.12555, 43.44205 ], [ 3.12476, 43.43812 ], [ 3.1281, 43.43784 ], [ 3.12821, 43.43552 ], [ 3.13054, 43.43446 ], [ 3.13247, 43.4317 ], [ 3.12878, 43.42528 ], [ 3.12996, 43.42357 ] ] } },
{ "type": "Feature", "properties": { "name": "Ruisseau de Landeyran", "weight_class": 1, "permanent": true, "length_km": 12.5 }, "geometry": { "type": "LineString", "coordinates": [ [ 3.08565, 43.53844 ], [ 3.08334, 43.53647 ], [ 3.08554, 43.53054 ], [ 3.08186, 43.52332 ], [ 3.08198, 43.5205 ], [ 3.08466, 43.51827 ], [ 3.08463, 43.51199 ], [ 3.0831, 43.51068 ], [ 3.07646, 43.51013 ], [ 3.07337, 43.50451 ], [ 3.07376, 43.50156 ], [ 3.07848, 43.49933 ], [ 3.07866, 43.49715 ], [ 3.07661, 43.49557 ], [ 3.07679, 43.49277 ], [ 3.07568, 43.49102 ], [ 3.07323, 43.49009 ], [ 3.06977, 43.48583 ], [ 3.06368, 43.48352 ], [ 3.06298, 43.4824 ], [ 3.06282, 43.4805 ], [ 3.0647, 43.47818 ], [ 3.0715, 43.47618 ], [ 3.07165, 43.4731 ], [ 3.07358, 43.47108 ], [ 3.07213, 43.46952 ], [ 3.07003, 43.46948 ], [ 3.06943, 43.46837 ], [ 3.07122, 43.46795 ], [ 3.07075, 43.46723 ], [ 3.06752, 43.46628 ], [ 3.06748, 43.46467 ], [ 3.06519, 43.46218 ], [ 3.06609, 43.46052 ], [ 3.06156, 43.45529 ] ] } },
{ "type": "Feature", "properties": { "name": "Ruisseau de la Vernède", "weight_class": 1, "permanent": true, "length_km": 3.6 }, "geometry": { "type": "LineString", "coordinates": [ [ 3.06211, 43.53288 ], [ 3.06136, 43.53142 ], [ 3.06382, 43.52866 ], [ 3.07074, 43.5246 ], [ 3.07508, 43.52421 ], [ 3.07677, 43.52287 ], [ 3.07684, 43.51884 ], [ 3.07449, 43.51591 ], [ 3.07562, 43.50827 ] ] } },
{ "type": "Feature", "properties": { "name": "Ruisseau de Souydou", "weight_class": 1, "permanent": true, "length_km": 2.8 }, "geometry": { "type": "LineString", "coordinates": [ [ 3.05238, 43.53947 ], [ 3.05124, 43.5384 ], [ 3.05463, 43.53481 ], [ 3.05513, 43.53196 ], [ 3.05267, 43.5302 ], [ 3.052, 43.5281 ], [ 3.03988, 43.52299 ] ] } },
{ "type": "Feature", "properties": { "name": "Ruisseau du Pin", "weight_class": 1, "permanent": true, "length_km": 4.4 }, "geometry": { "type": "LineString", "coordinates": [ [ 3.01837, 43.5456 ], [ 3.02434, 43.53731 ], [ 3.02403, 43.53345 ], [ 3.00942, 43.53202 ], [ 3.00598, 43.53244 ], [ 3.00438, 43.53154 ], [ 2.99849, 43.53248 ], [ 2.99431, 43.53061 ], [ 2.99209, 43.53129 ] ] } },
{ "type": "Feature", "properties": { "name": "Ruisseau du Pontil", "weight_class": 1, "permanent": true, "length_km": 5.3 }, "geometry": { "type": "LineString", "coordinates": [ [ 3.02943, 43.55202 ], [ 3.02626, 43.55045 ], [ 3.01388, 43.55015 ], [ 3.01006, 43.5524 ], [ 3.0057, 43.55348 ], [ 3.00185, 43.55261 ], [ 2.99615, 43.54977 ], [ 2.99405, 43.54804 ], [ 2.99432, 43.54648 ], [ 2.993, 43.54596 ], [ 2.99032, 43.54755 ], [ 2.98759, 43.54823 ], [ 2.98587, 43.54746 ], [ 2.98271, 43.54876 ], [ 2.97843, 43.54657 ] ] } },
{ "type": "Feature", "properties": { "name": "Ruisseau de Laurenque", "weight_class": 1, "permanent": false, "length_km": 6.7 }, "geometry": { "type": "LineString", "coordinates": [ [ 3.03485, 43.54273 ], [ 3.0364, 43.54112 ], [ 3.03962, 43.5413 ], [ 3.04121, 43.5403 ], [ 3.0406, 43.53658 ], [ 3.03748, 43.53359 ], [ 3.03729, 43.5258 ], [ 3.03991, 43.52289 ], [ 3.03863, 43.52047 ], [ 3.03558, 43.51865 ], [ 3.03471, 43.51534 ], [ 3.03312, 43.51499 ], [ 3.03371, 43.51345 ], [ 3.03066, 43.51323 ], [ 3.02935, 43.51123 ], [ 3.03015, 43.5101 ], [ 3.02881, 43.50807 ], [ 3.03178, 43.50598 ], [ 3.03216, 43.50268 ], [ 3.03121, 43.50168 ], [ 3.03261, 43.50015 ], [ 3.03094, 43.49906 ] ] } },
{ "type": "Feature", "properties": { "name": "Ruisseau de Badeaussou", "weight_class": 1, "permanent": false, "length_km": 7.2 }, "geometry": { "type": "LineString", "coordinates": [ [ 3.2287, 43.51701 ], [ 3.22891, 43.51463 ], [ 3.2303, 43.51437 ], [ 3.22847, 43.50602 ], [ 3.23062, 43.50371 ], [ 3.23058, 43.50106 ], [ 3.22891, 43.49931 ], [ 3.23105, 43.4939 ], [ 3.22919, 43.49152 ], [ 3.23171, 43.48858 ], [ 3.22984, 43.48792 ], [ 3.22828, 43.48513 ], [ 3.23069, 43.48412 ], [ 3.2324, 43.4787 ], [ 3.23017, 43.47656 ], [ 3.22799, 43.47671 ], [ 3.22524, 43.47374 ], [ 3.22334, 43.4743 ], [ 3.21759, 43.47249 ], [ 3.21572, 43.47087 ], [ 3.21518, 43.47148 ] ] } },
{ "type": "Feature", "properties": { "name": "Ruisseau de Mayroune", "weight_class": 1, "permanent": true, "length_km": 4.3 }, "geometry": { "type": "LineString", "coordinates": [ [ 3.21449, 43.51701 ], [ 3.21311, 43.51688 ], [ 3.21129, 43.51144 ], [ 3.20979, 43.51021 ], [ 3.20755, 43.50198 ], [ 3.20947, 43.49825 ], [ 3.2083, 43.4967 ], [ 3.20836, 43.48813 ], [ 3.2053, 43.48448 ], [ 3.20631, 43.48281 ] ] } },
{ "type": "Feature", "properties": { "name": "la Lène", "weight_class": 1, "permanent": false, "length_km": 17.4 }, "geometry": { "type": "LineString", "coordinates": [ [ 3.23436, 43.5086 ], [ 3.24338, 43.50277 ], [ 3.24508, 43.49919 ], [ 3.24499, 43.4967 ], [ 3.24336, 43.4952 ], [ 3.24744, 43.49426 ], [ 3.24709, 43.49197 ], [ 3.24957, 43.48975 ], [ 3.24977, 43.48459 ], [ 3.25168, 43.48236 ], [ 3.25709, 43.47958 ], [ 3.25867, 43.47741 ], [ 3.25897, 43.47377 ], [ 3.26699, 43.46818 ], [ 3.26874, 43.46126 ], [ 3.2685, 43.45628 ], [ 3.27358, 43.4508 ], [ 3.27554, 43.44996 ], [ 3.27771, 43.44666 ], [ 3.28509, 43.44251 ], [ 3.29048, 43.4368 ], [ 3.29661, 43.43226 ], [ 3.29629, 43.43102 ], [ 3.29804, 43.42914 ], [ 3.29674, 43.42671 ], [ 3.30164, 43.42462 ], [ 3.31006, 43.41683 ], [ 3.31613, 43.41559 ], [ 3.32831, 43.4104 ], [ 3.32877, 43.40902 ], [ 3.3356, 43.40397 ], [ 3.34307, 43.40211 ], [ 3.34965, 43.40323 ] ] } },
{ "type": "Feature", "properties": { "name": "Ruisseau de Tabernole", "weight_class": 1, "permanent": false, "length_km": 2.8 }, "geometry": { "type": "LineString", "coordinates": [ [ 3.17123, 43.51537 ], [ 3.17384, 43.51359 ], [ 3.17421, 43.51126 ], [ 3.18294, 43.50645 ], [ 3.18923, 43.49719 ] ] } },
{ "type": "Feature", "properties": { "name": "Ruisseau de Nissau", "weight_class": 1, "permanent": false, "length_km": 2.4 }, "geometry": { "type": "LineString", "coordinates": [ [ 3.16764, 43.52644 ], [ 3.17306, 43.51897 ], [ 3.17918, 43.51469 ], [ 3.18342, 43.51535 ], [ 3.18465, 43.51281 ] ] } },
{ "type": "Feature", "properties": { "name": "Ruisseau de Saint-Ouyres", "weight_class": 1, "permanent": true, "length_km": 10.9 }, "geometry": { "type": "LineString", "coordinates": [ [ 3.12711, 43.51664 ], [ 3.12695, 43.51522 ], [ 3.12891, 43.51442 ], [ 3.12926, 43.51204 ], [ 3.1315, 43.50964 ], [ 3.1324, 43.50315 ], [ 3.13088, 43.49805 ], [ 3.13339, 43.49327 ], [ 3.13294, 43.48703 ], [ 3.1338, 43.48593 ], [ 3.1326, 43.4825 ], [ 3.13413, 43.48182 ], [ 3.13588, 43.47617 ], [ 3.13289, 43.47027 ], [ 3.13425, 43.46805 ], [ 3.13305, 43.46639 ], [ 3.13579, 43.46046 ], [ 3.13488, 43.45582 ], [ 3.13705, 43.45432 ], [ 3.13551, 43.45356 ], [ 3.13319, 43.4493 ], [ 3.13555, 43.44831 ], [ 3.13318, 43.44625 ], [ 3.1347, 43.4445 ], [ 3.1335, 43.44334 ], [ 3.13459, 43.44127 ], [ 3.13385, 43.43762 ], [ 3.13531, 43.43506 ], [ 3.13247, 43.4317 ] ] } },
{ "type": "Feature", "properties": { "name": "Ruisseau de Barrac", "weight_class": 1, "permanent": true, "length_km": 3.9 }, "geometry": { "type": "LineString", "coordinates": [ [ 3.09039, 43.50455 ], [ 3.08862, 43.50749 ], [ 3.0907, 43.50837 ], [ 3.10194, 43.5072 ], [ 3.10463, 43.50555 ], [ 3.10616, 43.50312 ], [ 3.1095, 43.50235 ], [ 3.11507, 43.49931 ], [ 3.11983, 43.49274 ] ] } },
{ "type": "Feature", "properties": { "name": "Ruisseau des Estibérèdes", "weight_class": 1, "permanent": true, "length_km": 2.6 }, "geometry": { "type": "LineString", "coordinates": [ [ 3.09724, 43.52654 ], [ 3.0978, 43.52395 ], [ 3.10304, 43.51762 ], [ 3.1031, 43.51399 ], [ 3.10569, 43.51 ], [ 3.10463, 43.50555 ] ] } },
{ "type": "Feature", "properties": { "name": "Ruisseau de Vanières", "weight_class": 1, "permanent": false, "length_km": 2.0 }, "geometry": { "type": "LineString", "coordinates": [ [ 3.05493, 43.51656 ], [ 3.06043, 43.51392 ], [ 3.06278, 43.51123 ], [ 3.06856, 43.51083 ], [ 3.07555, 43.50846 ] ] } },
{ "type": "Feature", "properties": { "name": "Ruisseau de Cabrillo", "weight_class": 1, "permanent": false, "length_km": 3.4 }, "geometry": { "type": "LineString", "coordinates": [ [ 3.04811, 43.51025 ], [ 3.04997, 43.50887 ], [ 3.0504, 43.50604 ], [ 3.0535, 43.50449 ], [ 3.05478, 43.50208 ], [ 3.05315, 43.50098 ], [ 3.05199, 43.49789 ], [ 3.04733, 43.49614 ], [ 3.04331, 43.48647 ] ] } },
{ "type": "Feature", "properties": { "name": "Ruisseau de la Prade/Ruisseau de la Bartasse", "weight_class": 1, "permanent": false, "length_km": 2.8 }, "geometry": { "type": "LineString", "coordinates": [ [ 3.24924, 43.47525 ], [ 3.25139, 43.47495 ], [ 3.25184, 43.47275 ], [ 3.25472, 43.47062 ], [ 3.25728, 43.46665 ], [ 3.26527, 43.46101 ], [ 3.2685, 43.45628 ] ] } },
{ "type": "Feature", "properties": { "name": "Ruisseau de Verdols", "weight_class": 1, "permanent": false, "length_km": 3.2 }, "geometry": { "type": "LineString", "coordinates": [ [ 3.2382, 43.49313 ], [ 3.23819, 43.48967 ], [ 3.24153, 43.48699 ], [ 3.24337, 43.48285 ], [ 3.2521, 43.47896 ], [ 3.25749, 43.47309 ], [ 3.25929, 43.47349 ] ] } },
{ "type": "Feature", "properties": { "name": "Ruisseau de Courtilloles", "weight_class": 1, "permanent": false, "length_km": 2.1 }, "geometry": { "type": "LineString", "coordinates": [ [ 3.1265, 43.47147 ], [ 3.12731, 43.46781 ], [ 3.12545, 43.46709 ], [ 3.12275, 43.46345 ], [ 3.12279, 43.46004 ], [ 3.11735, 43.45749 ] ] } },
{ "type": "Feature", "properties": { "name": "Ruisseau de Ricounels", "weight_class": 1, "permanent": false, "length_km": 2.3 }, "geometry": { "type": "LineString", "coordinates": [ [ 3.09289, 43.48647 ], [ 3.09637, 43.4836 ], [ 3.09818, 43.48045 ], [ 3.1022, 43.47919 ], [ 3.10303, 43.47764 ], [ 3.1066, 43.47706 ], [ 3.10962, 43.47444 ] ] } },
{ "type": "Feature", "properties": { "name": "Ruisseau de Setso", "weight_class": 1, "permanent": false, "length_km": 3.3 }, "geometry": { "type": "LineString", "coordinates": [ [ 3.05932, 43.49635 ], [ 3.06227, 43.49346 ], [ 3.06144, 43.49231 ], [ 3.06234, 43.48931 ], [ 3.04783, 43.48189 ], [ 3.04799, 43.4778 ], [ 3.04547, 43.47605 ] ] } },
{ "type": "Feature", "properties": { "name": "Ruisseau de l'Estrade", "weight_class": 1, "permanent": false, "length_km": 2.9 }, "geometry": { "type": "LineString", "coordinates": [ [ 3.00274, 43.4897 ], [ 3.00267, 43.49245 ], [ 3.00516, 43.49445 ], [ 3.01307, 43.49239 ], [ 3.01468, 43.49118 ], [ 3.02156, 43.49076 ], [ 3.02808, 43.48798 ] ] } },
{ "type": "Feature", "properties": { "name": "Ruisseau de Saint-Pierre", "weight_class": 1, "permanent": false, "length_km": 3.5 }, "geometry": { "type": "LineString", "coordinates": [ [ 3.18831, 43.4632 ], [ 3.1813, 43.45816 ], [ 3.17858, 43.45966 ], [ 3.17268, 43.4573 ], [ 3.17217, 43.45528 ], [ 3.17394, 43.4524 ], [ 3.17366, 43.451 ], [ 3.17086, 43.44898 ], [ 3.16732, 43.44877 ], [ 3.16733, 43.4469 ], [ 3.16589, 43.44643 ] ] } },
{ "type": "Feature", "properties": { "name": "Ruisseau de la Rigaille", "weight_class": 1, "permanent": false, "length_km": 2.9 }, "geometry": { "type": "LineString", "coordinates": [ [ 3.09487, 43.4549 ], [ 3.09843, 43.45573 ], [ 3.10032, 43.45533 ], [ 3.09912, 43.45142 ], [ 3.09981, 43.44809 ], [ 3.10179, 43.44595 ], [ 3.10237, 43.4416 ], [ 3.10372, 43.44115 ], [ 3.10282, 43.43994 ], [ 3.10362, 43.43844 ], [ 3.10161, 43.43695 ] ] } },
{ "type": "Feature", "properties": { "name": "Ruisseau de Bouisset", "weight_class": 1, "permanent": false, "length_km": 4.4 }, "geometry": { "type": "LineString", "coordinates": [ [ 3.08522, 43.4666 ], [ 3.09126, 43.46596 ], [ 3.09554, 43.46402 ], [ 3.09026, 43.46039 ], [ 3.08957, 43.45759 ], [ 3.0878, 43.45757 ], [ 3.08706, 43.45338 ], [ 3.08524, 43.45247 ], [ 3.0845, 43.45042 ], [ 3.08609, 43.44811 ], [ 3.08143, 43.44556 ], [ 3.0825, 43.44332 ], [ 3.0797, 43.44065 ] ] } },
{ "type": "Feature", "properties": { "name": "Ruisseau de Pavel", "weight_class": 1, "permanent": false, "length_km": 2.7 }, "geometry": { "type": "LineString", "coordinates": [ [ 3.07709, 43.46678 ], [ 3.08119, 43.45767 ], [ 3.07919, 43.45495 ], [ 3.0782, 43.45085 ], [ 3.07573, 43.4497 ], [ 3.07302, 43.44619 ] ] } },
{ "type": "Feature", "properties": { "name": "Ruisseau de la Borio", "weight_class": 1, "permanent": false, "length_km": 2.7 }, "geometry": { "type": "LineString", "coordinates": [ [ 3.00149, 43.47097 ], [ 3.0054, 43.46948 ], [ 3.0072, 43.46513 ], [ 3.01365, 43.46486 ], [ 3.02158, 43.46277 ], [ 3.02359, 43.46096 ], [ 3.02606, 43.46116 ] ] } },
{ "type": "Feature", "properties": { "name": "Ruisseau de Cruveilhé", "weight_class": 1, "permanent": false, "length_km": 4.4 }, "geometry": { "type": "LineString", "coordinates": [ [ 3.20622, 43.39527 ], [ 3.20324, 43.39657 ], [ 3.1966, 43.39607 ], [ 3.19383, 43.39466 ], [ 3.19034, 43.39611 ], [ 3.18514, 43.39499 ], [ 3.18309, 43.39346 ], [ 3.18021, 43.3934 ], [ 3.1781, 43.39126 ], [ 3.17395, 43.39121 ], [ 3.16962, 43.3882 ], [ 3.16889, 43.38588 ], [ 3.16446, 43.38592 ] ] } },
{ "type": "Feature", "properties": { "name": "Ruisseau de Nègue Fédes/la Mayral", "weight_class": 1, "permanent": true, "length_km": 4.7 }, "geometry": { "type": "LineString", "coordinates": [ [ 2.98148, 43.36542 ], [ 2.99, 43.36202 ], [ 2.99268, 43.35585 ], [ 3.00184, 43.35347 ], [ 3.00999, 43.35497 ], [ 3.01011, 43.35612 ], [ 3.01302, 43.35842 ], [ 3.01825, 43.35763 ], [ 3.02012, 43.3607 ], [ 3.01897, 43.36365 ] ] } },
{ "type": "Feature", "properties": { "name": "Ruisseau de la Lirande", "weight_class": 1, "permanent": false, "length_km": 2.7 }, "geometry": { "type": "LineString", "coordinates": [ [ 3.2372, 43.45079 ], [ 3.24029, 43.45247 ], [ 3.2423, 43.45245 ], [ 3.24364, 43.45405 ], [ 3.25507, 43.45962 ], [ 3.26477, 43.46141 ] ] } },
{ "type": "Feature", "properties": { "name": "Ruisseau de Pécan", "weight_class": 1, "permanent": false, "length_km": 2.1 }, "geometry": { "type": "LineString", "coordinates": [ [ 3.0903, 43.45164 ], [ 3.08901, 43.44837 ], [ 3.09116, 43.44662 ], [ 3.09836, 43.44405 ], [ 3.10043, 43.44004 ], [ 3.09938, 43.43864 ] ] } },
{ "type": "Feature", "properties": { "name": "Ruisseau de Vallongue", "weight_class": 1, "permanent": false, "length_km": 3.7 }, "geometry": { "type": "LineString", "coordinates": [ [ 3.02611, 43.43587 ], [ 3.02914, 43.43583 ], [ 3.03443, 43.4374 ], [ 3.04266, 43.43737 ], [ 3.04832, 43.43924 ], [ 3.04723, 43.44192 ], [ 3.04308, 43.44317 ], [ 3.04193, 43.44445 ], [ 3.04561, 43.44623 ], [ 3.04587, 43.45071 ] ] } },
{ "type": "Feature", "properties": { "name": "Ruisseau de la Plaine", "weight_class": 1, "permanent": false, "length_km": 2.4 }, "geometry": { "type": "LineString", "coordinates": [ [ 2.98307, 43.45074 ], [ 2.98634, 43.4486 ], [ 2.9917, 43.44722 ], [ 2.99682, 43.44727 ], [ 3.0013, 43.4488 ], [ 3.00398, 43.45257 ], [ 3.00674, 43.45301 ] ] } },
{ "type": "Feature", "properties": { "name": "le Vernazobre", "weight_class": 2, "permanent": true, "length_km": 24.6 }, "geometry": { "type": "LineString", "coordinates": [ [ 2.80339, 43.44844 ], [ 2.80708, 43.44584 ], [ 2.81119, 43.44556 ], [ 2.81579, 43.44218 ], [ 2.82522, 43.44334 ], [ 2.82954, 43.44496 ], [ 2.8322, 43.44457 ], [ 2.84251, 43.44808 ], [ 2.85169, 43.44831 ], [ 2.85674, 43.45037 ], [ 2.8643, 43.4507 ], [ 2.87154, 43.44714 ], [ 2.87744, 43.44638 ], [ 2.87813, 43.44573 ], [ 2.87675, 43.44372 ], [ 2.87906, 43.44273 ], [ 2.88146, 43.43976 ], [ 2.89536, 43.44076 ], [ 2.9008, 43.43785 ], [ 2.90231, 43.43807 ], [ 2.90215, 43.4371 ], [ 2.90372, 43.4364 ], [ 2.91226, 43.43462 ], [ 2.91319, 43.43369 ], [ 2.91718, 43.43371 ], [ 2.91773, 43.43077 ], [ 2.92217, 43.42768 ], [ 2.92436, 43.42203 ], [ 2.93044, 43.41826 ], [ 2.93077, 43.41586 ], [ 2.93246, 43.4152 ], [ 2.94011, 43.41784 ], [ 2.94176, 43.42093 ], [ 2.95048, 43.42448 ], [ 2.9553, 43.42546 ], [ 2.95967, 43.42865 ], [ 2.96218, 43.42822 ], [ 2.96616, 43.42977 ], [ 2.9734, 43.43072 ], [ 2.97247, 43.4338 ], [ 2.97581, 43.43741 ], [ 2.99106, 43.44197 ], [ 2.99609, 43.44268 ], [ 3.01396, 43.45115 ], [ 3.01651, 43.45153 ], [ 3.01973, 43.44932 ], [ 3.02429, 43.44904 ], [ 3.02708, 43.45131 ], [ 3.02713, 43.45397 ], [ 3.0309, 43.45522 ] ] } },
{ "type": "Feature", "properties": { "name": "Ruisseau de Riels/Rec de Riels", "weight_class": 1, "permanent": false, "length_km": 2.8 }, "geometry": { "type": "LineString", "coordinates": [ [ 3.24299, 43.43714 ], [ 3.24719, 43.43387 ], [ 3.24969, 43.42998 ], [ 3.24418, 43.42451 ], [ 3.23553, 43.41853 ] ] } },
{ "type": "Feature", "properties": { "name": "Ruisseau del Basth", "weight_class": 1, "permanent": false, "length_km": 2.7 }, "geometry": { "type": "LineString", "coordinates": [ [ 3.21347, 43.42405 ], [ 3.23065, 43.42108 ], [ 3.23782, 43.41205 ] ] } },
{ "type": "Feature", "properties": { "name": "Ruisseau de la Sèbe", "weight_class": 1, "permanent": false, "length_km": 2.1 }, "geometry": { "type": "LineString", "coordinates": [ [ 3.20597, 43.42982 ], [ 3.22193, 43.42482 ], [ 3.22504, 43.42267 ], [ 3.22669, 43.42275 ], [ 3.2271, 43.42179 ] ] } },
{ "type": "Feature", "properties": { "name": "Ruisseau de la Garenne/Ruisseau de la Grane", "weight_class": 1, "permanent": false, "length_km": 3.4 }, "geometry": { "type": "LineString", "coordinates": [ [ 3.20609, 43.41426 ], [ 3.21276, 43.4108 ], [ 3.21713, 43.41077 ], [ 3.22373, 43.40814 ], [ 3.22608, 43.40826 ], [ 3.23208, 43.40481 ], [ 3.23276, 43.40191 ], [ 3.23654, 43.39878 ] ] } },
{ "type": "Feature", "properties": { "name": "Ruisseau de la Grane", "weight_class": 1, "permanent": false, "length_km": 2.4 }, "geometry": { "type": "LineString", "coordinates": [ [ 3.18249, 43.42955 ], [ 3.18011, 43.43137 ], [ 3.17, 43.43499 ], [ 3.16014, 43.43464 ], [ 3.15889, 43.43353 ] ] } },
{ "type": "Feature", "properties": { "name": "Ruisseau de Vinassac/Ruisseau de Font d'Oulette", "weight_class": 1, "permanent": false, "length_km": 4.3 }, "geometry": { "type": "LineString", "coordinates": [ [ 3.1986, 43.43079 ], [ 3.20504, 43.42757 ], [ 3.20717, 43.42195 ], [ 3.20915, 43.42028 ], [ 3.21645, 43.41622 ], [ 3.23048, 43.41266 ], [ 3.23166, 43.41093 ], [ 3.23531, 43.40928 ], [ 3.23667, 43.40951 ] ] } },
{ "type": "Feature", "properties": { "name": "Ruisseau de l'Aire/Ruisseau du Pré Long", "weight_class": 1, "permanent": false, "length_km": 4.7 }, "geometry": { "type": "LineString", "coordinates": [ [ 3.19623, 43.41757 ], [ 3.20159, 43.4121 ], [ 3.20084, 43.41057 ], [ 3.20182, 43.40936 ], [ 3.20595, 43.40721 ], [ 3.20742, 43.40533 ], [ 3.2243, 43.39955 ], [ 3.23007, 43.39849 ], [ 3.23494, 43.39317 ] ] } },
{ "type": "Feature", "properties": { "name": "Ruisseau de Roucans", "weight_class": 2, "permanent": true, "length_km": 7.2 }, "geometry": { "type": "LineString", "coordinates": [ [ 3.06334, 43.42136 ], [ 3.07295, 43.41548 ], [ 3.08182, 43.41303 ], [ 3.08906, 43.41276 ], [ 3.09312, 43.41136 ], [ 3.09657, 43.41181 ], [ 3.09901, 43.41097 ], [ 3.10187, 43.41263 ], [ 3.1035, 43.41206 ], [ 3.10864, 43.41318 ], [ 3.10996, 43.41511 ], [ 3.11285, 43.41612 ], [ 3.1144, 43.41519 ], [ 3.12262, 43.41562 ], [ 3.12554, 43.4125 ], [ 3.12526, 43.40971 ], [ 3.1268, 43.40707 ], [ 3.12798, 43.40563 ], [ 3.13011, 43.40597 ] ] } },
{ "type": "Feature", "properties": { "name": "Ruisseau de Fontcaude", "weight_class": 1, "permanent": false, "length_km": 3.2 }, "geometry": { "type": "LineString", "coordinates": [ [ 3.05097, 43.41979 ], [ 3.05557, 43.41794 ], [ 3.05832, 43.41489 ], [ 3.06193, 43.41421 ], [ 3.06741, 43.41072 ], [ 3.07122, 43.4097 ], [ 3.0787, 43.40256 ] ] } },
{ "type": "Feature", "properties": { "name": "Ruisseau de Ronnel", "weight_class": 1, "permanent": true, "length_km": 7.4 }, "geometry": { "type": "LineString", "coordinates": [ [ 3.00578, 43.42135 ], [ 3.01558, 43.42479 ], [ 3.02024, 43.42197 ], [ 3.0245, 43.42122 ], [ 3.02707, 43.41981 ], [ 3.03065, 43.42155 ], [ 3.0312, 43.42296 ], [ 3.03518, 43.42291 ], [ 3.03729, 43.42439 ], [ 3.04487, 43.42668 ], [ 3.05269, 43.43162 ], [ 3.05587, 43.43169 ], [ 3.05792, 43.43349 ], [ 3.06952, 43.43583 ], [ 3.07224, 43.43834 ], [ 3.07549, 43.43858 ], [ 3.07947, 43.44083 ] ] } },
{ "type": "Feature", "properties": { "name": "Ruisseau de Coste Bonne", "weight_class": 1, "permanent": false, "length_km": 2.5 }, "geometry": { "type": "LineString", "coordinates": [ [ 3.01656, 43.43579 ], [ 3.01703, 43.434 ], [ 3.02203, 43.43256 ], [ 3.02412, 43.43028 ], [ 3.03543, 43.42814 ], [ 3.04065, 43.42543 ] ] } },
{ "type": "Feature", "properties": { "name": "Ruisseau des Mourgues", "weight_class": 1, "permanent": false, "length_km": 4.2 }, "geometry": { "type": "LineString", "coordinates": [ [ 3.00765, 43.43177 ], [ 3.002, 43.43018 ], [ 3.00208, 43.42804 ], [ 2.99876, 43.42725 ], [ 2.9928, 43.42402 ], [ 2.9827, 43.42197 ], [ 2.97892, 43.42273 ], [ 2.97279, 43.42652 ], [ 2.97178, 43.42932 ], [ 2.97296, 43.43059 ] ] } },
{ "type": "Feature", "properties": { "name": "Ruisseau de Boute Sirvain", "weight_class": 1, "permanent": false, "length_km": 2.2 }, "geometry": { "type": "LineString", "coordinates": [ [ 3.24218, 43.39836 ], [ 3.25175, 43.3887 ], [ 3.25679, 43.38921 ], [ 3.25895, 43.39099 ] ] } },
{ "type": "Feature", "properties": { "name": "Ruisseau de Rounel", "weight_class": 1, "permanent": true, "length_km": 9.5 }, "geometry": { "type": "LineString", "coordinates": [ [ 3.03478, 43.41123 ], [ 3.04659, 43.40996 ], [ 3.0499, 43.41039 ], [ 3.05661, 43.40679 ], [ 3.07172, 43.40245 ], [ 3.07767, 43.40281 ], [ 3.0894, 43.40022 ], [ 3.09056, 43.40101 ], [ 3.0936, 43.3987 ], [ 3.09842, 43.39875 ], [ 3.10089, 43.39706 ], [ 3.10336, 43.39691 ], [ 3.10968, 43.39393 ], [ 3.11398, 43.39418 ], [ 3.12118, 43.39674 ], [ 3.12231, 43.40015 ], [ 3.13209, 43.40405 ] ] } },
{ "type": "Feature", "properties": { "name": "Ruisseau de Bagnols", "weight_class": 1, "permanent": false, "length_km": 6.4 }, "geometry": { "type": "LineString", "coordinates": [ [ 3.2054, 43.39155 ], [ 3.21031, 43.38918 ], [ 3.21323, 43.38176 ], [ 3.21177, 43.37539 ], [ 3.20904, 43.37397 ], [ 3.20973, 43.37091 ], [ 3.21225, 43.36982 ], [ 3.21364, 43.36434 ], [ 3.2139, 43.3629 ], [ 3.21269, 43.36174 ], [ 3.21343, 43.3537 ], [ 3.2114, 43.3512 ], [ 3.21067, 43.34708 ], [ 3.20787, 43.3455 ], [ 3.20718, 43.3435 ] ] } },
{ "type": "Feature", "properties": { "name": "Ruisseau de Sagnes", "weight_class": 1, "permanent": false, "length_km": 2.3 }, "geometry": { "type": "LineString", "coordinates": [ [ 3.20861, 43.39225 ], [ 3.21406, 43.3918 ], [ 3.21845, 43.3937 ], [ 3.23436, 43.38989 ] ] } },
{ "type": "Feature", "properties": { "name": "Ruisseau de Cantéranes", "weight_class": 1, "permanent": false, "length_km": 3.6 }, "geometry": { "type": "LineString", "coordinates": [ [ 3.18666, 43.40972 ], [ 3.1833, 43.40814 ], [ 3.18294, 43.40662 ], [ 3.18024, 43.40443 ], [ 3.17478, 43.40426 ], [ 3.17195, 43.40246 ], [ 3.17225, 43.39882 ], [ 3.17114, 43.39678 ], [ 3.16388, 43.39476 ], [ 3.16214, 43.39284 ], [ 3.16199, 43.39007 ] ] } },
{ "type": "Feature", "properties": { "name": "Rieu Sec", "weight_class": 1, "permanent": false, "length_km": 3.6 }, "geometry": { "type": "LineString", "coordinates": [ [ 3.12071, 43.38175 ], [ 3.12634, 43.38878 ], [ 3.1331, 43.39075 ], [ 3.13451, 43.39023 ], [ 3.14186, 43.39141 ], [ 3.14637, 43.39698 ], [ 3.1483, 43.39696 ], [ 3.15043, 43.39409 ] ] } },
{ "type": "Feature", "properties": { "name": "Ruisseau des Mouchères", "weight_class": 1, "permanent": false, "length_km": 2.3 }, "geometry": { "type": "LineString", "coordinates": [ [ 3.10774, 43.4063 ], [ 3.11025, 43.40862 ], [ 3.11229, 43.4085 ], [ 3.11651, 43.40632 ], [ 3.11842, 43.40388 ], [ 3.12116, 43.40313 ], [ 3.12859, 43.40397 ], [ 3.12883, 43.40552 ] ] } },
{ "type": "Feature", "properties": { "name": "Ruisseau de Millau", "weight_class": 1, "permanent": false, "length_km": 2.0 }, "geometry": { "type": "LineString", "coordinates": [ [ 3.07486, 43.38379 ], [ 3.08497, 43.3679 ] ] } },
{ "type": "Feature", "properties": { "name": "Ruisseau de la Prade", "weight_class": 1, "permanent": true, "length_km": 8.3 }, "geometry": { "type": "LineString", "coordinates": [ [ 3.04082, 43.40383 ], [ 3.04397, 43.40302 ], [ 3.04711, 43.40068 ], [ 3.0662, 43.39385 ], [ 3.0705, 43.39439 ], [ 3.07335, 43.39293 ], [ 3.07545, 43.39299 ], [ 3.07985, 43.39037 ], [ 3.08839, 43.38881 ], [ 3.09711, 43.38548 ], [ 3.10032, 43.38168 ], [ 3.10215, 43.38154 ], [ 3.10722, 43.37845 ], [ 3.10721, 43.37477 ], [ 3.10937, 43.3705 ], [ 3.11527, 43.36538 ] ] } },
{ "type": "Feature", "properties": { "name": "Ruisseau de la Guiraude", "weight_class": 1, "permanent": false, "length_km": 8.1 }, "geometry": { "type": "LineString", "coordinates": [ [ 3.04319, 43.39064 ], [ 3.0493, 43.38745 ], [ 3.05046, 43.38135 ], [ 3.05463, 43.37856 ], [ 3.05836, 43.37802 ], [ 3.065, 43.37868 ], [ 3.07316, 43.37646 ], [ 3.0856, 43.36751 ], [ 3.09213, 43.3679 ], [ 3.09486, 43.36669 ], [ 3.10173, 43.36586 ], [ 3.10638, 43.36723 ], [ 3.11633, 43.3652 ], [ 3.12099, 43.36336 ] ] } },
{ "type": "Feature", "properties": { "name": "Ruisseau de Fichoux", "weight_class": 1, "permanent": false, "length_km": 3.4 }, "geometry": { "type": "LineString", "coordinates": [ [ 3.00825, 43.39568 ], [ 3.0088, 43.3933 ], [ 3.01334, 43.39096 ], [ 3.01423, 43.38839 ], [ 3.0256, 43.3798 ], [ 3.0238, 43.37822 ], [ 3.02386, 43.37467 ], [ 3.02148, 43.37358 ] ] } },
{ "type": "Feature", "properties": { "name": "Ruisseau de la Baume", "weight_class": 1, "permanent": false, "length_km": 2.3 }, "geometry": { "type": "LineString", "coordinates": [ [ 3.03233, 43.40164 ], [ 3.0305, 43.39886 ], [ 3.02632, 43.3958 ], [ 3.02327, 43.39513 ], [ 3.02093, 43.39315 ], [ 3.01664, 43.39335 ], [ 3.01334, 43.39096 ] ] } },
{ "type": "Feature", "properties": { "name": "Ruisseau de Pech-Rascas/Ruisseau des Galosses", "weight_class": 1, "permanent": false, "length_km": 2.9 }, "geometry": { "type": "LineString", "coordinates": [ [ 3.02042, 43.40672 ], [ 3.01099, 43.40688 ], [ 3.00818, 43.40319 ], [ 3.00971, 43.402 ], [ 3.01038, 43.39952 ], [ 3.01263, 43.39845 ], [ 3.01238, 43.39699 ], [ 3.01379, 43.39617 ], [ 3.01331, 43.39234 ], [ 3.01461, 43.39202 ] ] } },
{ "type": "Feature", "properties": { "name": "le Merdenson", "weight_class": 2, "permanent": false, "length_km": 2.0 }, "geometry": { "type": "LineString", "coordinates": [ [ 3.14995, 43.36655 ], [ 3.15535, 43.36694 ], [ 3.17295, 43.37123 ] ] } },
{ "type": "Feature", "properties": { "name": "Ruisseau de Rouvignac", "weight_class": 1, "permanent": false, "length_km": 3.9 }, "geometry": { "type": "LineString", "coordinates": [ [ 3.1277, 43.3819 ], [ 3.14309, 43.37765 ], [ 3.14777, 43.37802 ], [ 3.14825, 43.37909 ], [ 3.15284, 43.38003 ], [ 3.16055, 43.37749 ], [ 3.16313, 43.37307 ], [ 3.16704, 43.37271 ] ] } },
{ "type": "Feature", "properties": { "name": "Ruisseau de Savignol", "weight_class": 1, "permanent": false, "length_km": 2.1 }, "geometry": { "type": "LineString", "coordinates": [ [ 3.04255, 43.36698 ], [ 3.04874, 43.36486 ], [ 3.05675, 43.35987 ], [ 3.06188, 43.35798 ], [ 3.06324, 43.35649 ] ] } },
{ "type": "Feature", "properties": { "name": "Ruisseau de Merdols", "weight_class": 1, "permanent": false, "length_km": 6.2 }, "geometry": { "type": "LineString", "coordinates": [ [ 3.03509, 43.35613 ], [ 3.03852, 43.35388 ], [ 3.04505, 43.35277 ], [ 3.05661, 43.35265 ], [ 3.05881, 43.35381 ], [ 3.06955, 43.35136 ], [ 3.07392, 43.35259 ], [ 3.08102, 43.35298 ], [ 3.08922, 43.35079 ], [ 3.0966, 43.3509 ], [ 3.10295, 43.35567 ] ] } },
{ "type": "Feature", "properties": { "name": "Fossé de la Grande Maïre", "weight_class": 1, "permanent": false, "length_km": 3.9 }, "geometry": { "type": "LineString", "coordinates": [ [ 3.11807, 43.35264 ], [ 3.11898, 43.35158 ], [ 3.12199, 43.35143 ], [ 3.13872, 43.34401 ], [ 3.13995, 43.3448 ], [ 3.14721, 43.34473 ], [ 3.15176, 43.34381 ], [ 3.15764, 43.34814 ] ] } },
{ "type": "Feature", "properties": { "name": "Ruisseau des Meulières", "weight_class": 1, "permanent": true, "length_km": 2.4 }, "geometry": { "type": "LineString", "coordinates": [ [ 2.9977, 43.34682 ], [ 3.00088, 43.34423 ], [ 3.00156, 43.34169 ], [ 3.00809, 43.33786 ], [ 3.00938, 43.33607 ], [ 3.00957, 43.33289 ], [ 3.00653, 43.33038 ] ] } },
{ "type": "Feature", "properties": { "name": "Ruisseau de la Mayre", "weight_class": 1, "permanent": false, "length_km": 7.4 }, "geometry": { "type": "LineString", "coordinates": [ [ 3.15122, 43.28881 ], [ 3.14867, 43.29051 ], [ 3.14934, 43.29396 ], [ 3.14663, 43.29871 ], [ 3.14428, 43.2993 ], [ 3.14044, 43.29799 ], [ 3.13707, 43.29832 ], [ 3.12898, 43.29988 ], [ 3.12589, 43.3016 ], [ 3.11871, 43.30007 ], [ 3.11548, 43.29804 ], [ 3.09433, 43.29403 ], [ 3.08256, 43.29427 ], [ 3.07919, 43.29593 ] ] } },
{ "type": "Feature", "properties": { "name": "Fossé de Ceinture", "weight_class": 1, "permanent": true, "length_km": 2.0 }, "geometry": { "type": "LineString", "coordinates": [ [ 3.12617, 43.31071 ], [ 3.13082, 43.31555 ], [ 3.13151, 43.3178 ], [ 3.13373, 43.31737 ], [ 3.13503, 43.32369 ], [ 3.13684, 43.32367 ] ] } },
{ "type": "Feature", "properties": { "name": "Ruisseau de Navaret", "weight_class": 2, "permanent": true, "length_km": 9.5 }, "geometry": { "type": "LineString", "coordinates": [ [ 3.19528, 43.30266 ], [ 3.20202, 43.3032 ], [ 3.20177, 43.30582 ], [ 3.20431, 43.30664 ], [ 3.20183, 43.30811 ], [ 3.20524, 43.30837 ], [ 3.21182, 43.31224 ], [ 3.22024, 43.31272 ], [ 3.22559, 43.31536 ], [ 3.22833, 43.31486 ], [ 3.2354, 43.31091 ], [ 3.24951, 43.30069 ], [ 3.25515, 43.29811 ], [ 3.26491, 43.29598 ], [ 3.27665, 43.28679 ], [ 3.2803, 43.28443 ], [ 3.28155, 43.28466 ] ] } },
{ "type": "Feature", "properties": { "name": "Ruisseau de la Dure", "weight_class": 1, "permanent": true, "length_km": 4.3 }, "geometry": { "type": "LineString", "coordinates": [ [ 3.16551, 43.29531 ], [ 3.16459, 43.29302 ], [ 3.17361, 43.2902 ], [ 3.18003, 43.28678 ], [ 3.18544, 43.28567 ], [ 3.19275, 43.28032 ], [ 3.19307, 43.27872 ], [ 3.20352, 43.27698 ] ] } },
{ "type": "Feature", "properties": { "name": "Ruisseau de la Carriérasse", "weight_class": 1, "permanent": false, "length_km": 5.2 }, "geometry": { "type": "LineString", "coordinates": [ [ 3.18339, 43.29887 ], [ 3.18544, 43.29881 ], [ 3.18787, 43.29526 ], [ 3.193, 43.29259 ], [ 3.1973, 43.28588 ], [ 3.20174, 43.28505 ], [ 3.20173, 43.28074 ], [ 3.20352, 43.27698 ], [ 3.21719, 43.27395 ], [ 3.2219, 43.26844 ] ] } },
{ "type": "Feature", "properties": { "name": "Canal du Passot", "weight_class": 1, "permanent": true, "length_km": 2.4 }, "geometry": { "type": "LineString", "coordinates": [ [ 3.07151, 43.298 ], [ 3.06326, 43.29682 ], [ 3.06016, 43.29393 ], [ 3.05843, 43.29009 ], [ 3.05885, 43.28207 ] ] } },
{ "type": "Feature", "properties": { "name": "Ruisseau de la Font", "weight_class": 1, "permanent": true, "length_km": 3.7 }, "geometry": { "type": "LineString", "coordinates": [ [ 3.01807, 43.29645 ], [ 3.02337, 43.2954 ], [ 3.05876, 43.2822 ] ] } },
{ "type": "Feature", "properties": { "name": "le Brasset", "weight_class": 1, "permanent": true, "length_km": 2.6 }, "geometry": { "type": "LineString", "coordinates": [ [ 3.14059, 43.26749 ], [ 3.14421, 43.26594 ], [ 3.14976, 43.26719 ], [ 3.15244, 43.26639 ], [ 3.15499, 43.26462 ], [ 3.16047, 43.25491 ] ] } },
{ "type": "Feature", "properties": { "name": "Ruisseau de Rieux", "weight_class": 1, "permanent": false, "length_km": 3.3 }, "geometry": { "type": "LineString", "coordinates": [ [ 3.15069, 43.28687 ], [ 3.15565, 43.28456 ], [ 3.15699, 43.28284 ], [ 3.16366, 43.28012 ], [ 3.16556, 43.27765 ], [ 3.16278, 43.27559 ], [ 3.16278, 43.27259 ], [ 3.15528, 43.26585 ] ] } },
{ "type": "Feature", "properties": { "name": "Ruisseau de Périès", "weight_class": 1, "permanent": true, "length_km": 3.0 }, "geometry": { "type": "LineString", "coordinates": [ [ 3.09602, 43.27194 ], [ 3.08937, 43.27161 ], [ 3.08315, 43.27421 ], [ 3.0741, 43.27617 ], [ 3.06553, 43.27579 ], [ 3.06363, 43.27365 ] ] } },
{ "type": "Feature", "properties": { "name": "Ruisseau de la Bastide", "weight_class": 1, "permanent": false, "length_km": 5.4 }, "geometry": { "type": "LineString", "coordinates": [ [ 3.14658, 43.28044 ], [ 3.14314, 43.28399 ], [ 3.13396, 43.28568 ], [ 3.12255, 43.29017 ], [ 3.11088, 43.28997 ], [ 3.10627, 43.2888 ], [ 3.10132, 43.29301 ], [ 3.09586, 43.29253 ], [ 3.09584, 43.29341 ], [ 3.09093, 43.2938 ] ] } },
{ "type": "Feature", "properties": { "name": "Ruisseau de la Galine", "weight_class": 1, "permanent": false, "length_km": 2.8 }, "geometry": { "type": "LineString", "coordinates": [ [ 3.25065, 43.26034 ], [ 3.25451, 43.2579 ], [ 3.25946, 43.25687 ], [ 3.25878, 43.25628 ], [ 3.2626, 43.25117 ], [ 3.26907, 43.24643 ], [ 3.27328, 43.24537 ] ] } },
{ "type": "Feature", "properties": { "name": "le Bouissou", "weight_class": 2, "permanent": true, "length_km": 10.6 }, "geometry": { "type": "LineString", "coordinates": [ [ 2.93209, 43.67454 ], [ 2.93051, 43.67975 ], [ 2.93163, 43.68234 ], [ 2.93357, 43.68351 ], [ 2.94208, 43.6828 ], [ 2.94533, 43.68437 ], [ 2.95105, 43.68445 ], [ 2.96197, 43.68729 ], [ 2.96302, 43.68848 ], [ 2.96564, 43.68806 ], [ 2.96636, 43.68614 ], [ 2.97286, 43.68665 ], [ 2.97562, 43.68576 ], [ 2.97729, 43.68707 ], [ 2.97897, 43.6865 ], [ 2.98886, 43.68754 ], [ 2.98999, 43.68669 ], [ 2.9918, 43.68712 ], [ 2.99413, 43.68568 ], [ 2.99541, 43.6826 ], [ 2.99904, 43.68282 ], [ 3.00132, 43.68139 ], [ 3.00302, 43.68215 ], [ 3.00448, 43.68103 ], [ 3.00465, 43.67733 ], [ 3.00793, 43.67502 ], [ 3.00766, 43.67255 ], [ 3.00516, 43.67172 ], [ 3.00457, 43.67021 ], [ 3.00839, 43.66808 ], [ 3.01243, 43.66836 ], [ 3.01293, 43.66767 ] ] } },
{ "type": "Feature", "properties": { "name": "Ruisseau de Capials", "weight_class": 1, "permanent": false, "length_km": 2.4 }, "geometry": { "type": "LineString", "coordinates": [ [ 2.9597, 43.68283 ], [ 2.96447, 43.67802 ], [ 2.96343, 43.67665 ], [ 2.96404, 43.67555 ], [ 2.96717, 43.6738 ], [ 2.9677, 43.67165 ], [ 2.97067, 43.67038 ], [ 2.97356, 43.66742 ] ] } },
{ "type": "Feature", "properties": { "name": "Ruisseau du Pas de la Lauze", "weight_class": 1, "permanent": false, "length_km": 2.8 }, "geometry": { "type": "LineString", "coordinates": [ [ 2.96178, 43.64549 ], [ 2.95939, 43.64791 ], [ 2.95853, 43.65066 ], [ 2.96097, 43.65605 ], [ 2.96208, 43.66333 ], [ 2.96547, 43.66769 ] ] } },
{ "type": "Feature", "properties": { "name": "Ruisseau d'Héric/Ruisseau du Vialais", "weight_class": 1, "permanent": true, "length_km": 14.1 }, "geometry": { "type": "LineString", "coordinates": [ [ 2.94686, 43.65127 ], [ 2.94776, 43.64704 ], [ 2.95096, 43.64187 ], [ 2.95719, 43.64215 ], [ 2.96164, 43.64137 ], [ 2.96419, 43.63969 ], [ 2.96486, 43.63774 ], [ 2.96168, 43.63347 ], [ 2.96201, 43.63195 ], [ 2.95902, 43.62703 ], [ 2.95495, 43.62625 ], [ 2.9541, 43.6252 ], [ 2.95469, 43.62349 ], [ 2.95253, 43.62361 ], [ 2.95082, 43.62206 ], [ 2.95026, 43.61917 ], [ 2.95131, 43.618 ], [ 2.94924, 43.61652 ], [ 2.94979, 43.61547 ], [ 2.94847, 43.61546 ], [ 2.95102, 43.60998 ], [ 2.94948, 43.60588 ], [ 2.95092, 43.60509 ], [ 2.95094, 43.60293 ], [ 2.94922, 43.60027 ], [ 2.95095, 43.59827 ], [ 2.94959, 43.59646 ], [ 2.95083, 43.59374 ], [ 2.94911, 43.59266 ], [ 2.95094, 43.59068 ], [ 2.95141, 43.58781 ], [ 2.95392, 43.58763 ], [ 2.95696, 43.58924 ], [ 2.95703, 43.58683 ], [ 2.95974, 43.58421 ], [ 2.96416, 43.58269 ], [ 2.96456, 43.57929 ], [ 2.96647, 43.5778 ], [ 2.96564, 43.57705 ], [ 2.96656, 43.57506 ], [ 2.97591, 43.56602 ] ] } },
{ "type": "Feature", "properties": { "name": "Ruisseau de Fontaillet", "weight_class": 1, "permanent": true, "length_km": 2.4 }, "geometry": { "type": "LineString", "coordinates": [ [ 2.94472, 43.65364 ], [ 2.94346, 43.65582 ], [ 2.94653, 43.66348 ], [ 2.95025, 43.66439 ], [ 2.9561, 43.66766 ], [ 2.95731, 43.66948 ] ] } },
{ "type": "Feature", "properties": { "name": "la Mare", "weight_class": 3, "permanent": true, "length_km": 30.2 }, "geometry": { "type": "LineString", "coordinates": [ [ 2.93737, 43.65775 ], [ 2.93704, 43.65923 ], [ 2.94283, 43.66607 ], [ 2.94455, 43.67052 ], [ 2.94722, 43.67137 ], [ 2.95185, 43.67052 ], [ 2.95382, 43.67095 ], [ 2.9564, 43.66932 ], [ 2.95874, 43.67026 ], [ 2.96186, 43.66978 ], [ 2.96519, 43.66772 ], [ 2.96662, 43.66818 ], [ 2.9709, 43.6668 ], [ 2.97603, 43.66768 ], [ 2.98294, 43.66739 ], [ 2.98601, 43.66556 ], [ 2.98938, 43.66628 ], [ 2.99262, 43.66587 ], [ 2.99469, 43.66698 ], [ 3.0008, 43.66541 ], [ 3.01293, 43.66767 ], [ 3.01457, 43.66636 ], [ 3.01655, 43.66641 ], [ 3.01877, 43.66839 ], [ 3.02287, 43.66449 ], [ 3.03409, 43.66258 ], [ 3.03843, 43.65816 ], [ 3.04226, 43.65607 ], [ 3.04474, 43.65811 ], [ 3.05517, 43.65639 ], [ 3.05567, 43.6612 ], [ 3.05853, 43.66272 ], [ 3.07126, 43.65938 ], [ 3.07491, 43.66227 ], [ 3.07771, 43.66155 ], [ 3.08075, 43.6627 ], [ 3.08087, 43.66155 ], [ 3.08359, 43.66117 ], [ 3.08543, 43.65956 ], [ 3.08583, 43.65756 ], [ 3.09002, 43.65408 ], [ 3.09154, 43.65487 ], [ 3.09275, 43.65889 ], [ 3.09984, 43.66017 ], [ 3.10817, 43.66305 ], [ 3.11134, 43.66066 ], [ 3.10676, 43.65743 ], [ 3.1105, 43.65427 ], [ 3.10596, 43.64949 ], [ 3.10769, 43.64885 ], [ 3.11334, 43.64943 ], [ 3.11576, 43.64672 ], [ 3.11372, 43.64554 ], [ 3.10918, 43.64613 ], [ 3.10632, 43.64505 ], [ 3.10516, 43.63897 ], [ 3.10697, 43.63834 ], [ 3.10745, 43.63274 ], [ 3.10966, 43.63075 ], [ 3.11198, 43.62579 ], [ 3.11402, 43.62447 ], [ 3.11915, 43.62531 ], [ 3.12287, 43.62229 ], [ 3.12297, 43.62 ], [ 3.11934, 43.61406 ], [ 3.12155, 43.61001 ], [ 3.12067, 43.6049 ], [ 3.12373, 43.60375 ], [ 3.12415, 43.59936 ], [ 3.12226, 43.59107 ] ] } },
{ "type": "Feature", "properties": { "name": "Ruisseau de Rouselle", "weight_class": 1, "permanent": true, "length_km": 2.1 }, "geometry": { "type": "LineString", "coordinates": [ [ 2.96997, 43.62529 ], [ 2.97082, 43.62229 ], [ 2.96988, 43.62092 ], [ 2.97193, 43.6189 ], [ 2.9758, 43.61702 ], [ 2.97622, 43.61566 ], [ 2.98038, 43.61396 ], [ 2.983, 43.61533 ] ] } },
{ "type": "Feature", "properties": { "name": "Ruisseau d'Arles", "weight_class": 1, "permanent": true, "length_km": 9.9 }, "geometry": { "type": "LineString", "coordinates": [ [ 2.97135, 43.63318 ], [ 2.97802, 43.62963 ], [ 2.97935, 43.62642 ], [ 2.97841, 43.6242 ], [ 2.97967, 43.62329 ], [ 2.98039, 43.61894 ], [ 2.98266, 43.61783 ], [ 2.982, 43.61666 ], [ 2.98347, 43.61502 ], [ 2.9864, 43.61397 ], [ 2.99109, 43.61573 ], [ 2.99685, 43.61406 ], [ 3.00317, 43.6146 ], [ 3.00618, 43.6135 ], [ 3.00879, 43.61079 ], [ 3.00782, 43.60735 ], [ 3.00943, 43.60525 ], [ 3.00869, 43.60383 ], [ 3.00976, 43.60196 ], [ 3.0095, 43.59764 ], [ 3.01089, 43.59521 ], [ 3.00905, 43.59179 ], [ 3.00942, 43.58743 ], [ 3.01226, 43.58041 ], [ 3.00935, 43.57795 ], [ 3.01033, 43.57652 ], [ 3.00904, 43.57498 ], [ 3.0095, 43.57277 ] ] } },
{ "type": "Feature", "properties": { "name": "Ruisseau de la Roque", "weight_class": 1, "permanent": true, "length_km": 4.5 }, "geometry": { "type": "LineString", "coordinates": [ [ 2.92367, 43.61962 ], [ 2.92601, 43.61443 ], [ 2.92485, 43.61252 ], [ 2.92239, 43.61198 ], [ 2.92263, 43.60929 ], [ 2.92107, 43.60731 ], [ 2.92903, 43.6021 ], [ 2.93125, 43.59937 ], [ 2.93282, 43.59382 ], [ 2.9344, 43.59284 ], [ 2.9347, 43.59031 ], [ 2.93725, 43.58871 ] ] } },
{ "type": "Feature", "properties": { "name": "Ruisseau des Paillargues", "weight_class": 1, "permanent": true, "length_km": 2.5 }, "geometry": { "type": "LineString", "coordinates": [ [ 2.93956, 43.6321 ], [ 2.93861, 43.62911 ], [ 2.94107, 43.62606 ], [ 2.93996, 43.62441 ], [ 2.9411, 43.62352 ], [ 2.94086, 43.62198 ], [ 2.94354, 43.62034 ], [ 2.94321, 43.61739 ], [ 2.94847, 43.61544 ] ] } },
{ "type": "Feature", "properties": { "name": "le Rieu Tort", "weight_class": 1, "permanent": true, "length_km": 2.9 }, "geometry": { "type": "LineString", "coordinates": [ [ 2.97437, 43.60237 ], [ 2.97157, 43.60172 ], [ 2.97164, 43.59954 ], [ 2.96685, 43.59635 ], [ 2.96569, 43.59306 ], [ 2.96667, 43.58632 ], [ 2.96473, 43.58644 ], [ 2.96408, 43.58274 ] ] } },
{ "type": "Feature", "properties": { "name": "Ruisseau du Soumal", "weight_class": 1, "permanent": true, "length_km": 2.0 }, "geometry": { "type": "LineString", "coordinates": [ [ 2.96542, 43.60883 ], [ 2.96143, 43.6084 ], [ 2.95617, 43.59951 ], [ 2.95094, 43.598 ] ] } },
{ "type": "Feature", "properties": { "name": "Ruisseau du Fréjo/Ruisseau de Saint-Martin", "weight_class": 1, "permanent": false, "length_km": 2.6 }, "geometry": { "type": "LineString", "coordinates": [ [ 2.97633, 43.5882 ], [ 2.9799, 43.58493 ], [ 2.98243, 43.5774 ], [ 2.9774, 43.56787 ] ] } },
{ "type": "Feature", "properties": { "name": "Ruisseau d'Albine", "weight_class": 1, "permanent": true, "length_km": 4.6 }, "geometry": { "type": "LineString", "coordinates": [ [ 2.98163, 43.60337 ], [ 2.98517, 43.60029 ], [ 2.9844, 43.59715 ], [ 2.9916, 43.5911 ], [ 2.99237, 43.58884 ], [ 2.99136, 43.58739 ], [ 2.99252, 43.58569 ], [ 2.99473, 43.58364 ], [ 2.99689, 43.58376 ], [ 2.9996, 43.58207 ], [ 2.99979, 43.57792 ], [ 2.99799, 43.57775 ], [ 2.99763, 43.57557 ], [ 2.99903, 43.574 ], [ 2.99857, 43.57271 ] ] } },
{ "type": "Feature", "properties": { "name": "le Rec Grand", "weight_class": 1, "permanent": true, "length_km": 6.0 }, "geometry": { "type": "LineString", "coordinates": [ [ 2.93874, 43.60468 ], [ 2.93966, 43.59863 ], [ 2.94224, 43.59551 ], [ 2.93972, 43.59362 ], [ 2.93701, 43.58914 ], [ 2.93966, 43.58432 ], [ 2.93834, 43.58427 ], [ 2.93885, 43.58349 ], [ 2.93686, 43.58136 ], [ 2.93884, 43.57852 ], [ 2.9412, 43.57968 ], [ 2.94213, 43.57764 ], [ 2.93979, 43.57545 ], [ 2.94095, 43.57401 ], [ 2.93959, 43.57052 ], [ 2.94122, 43.56801 ], [ 2.94, 43.56624 ], [ 2.94083, 43.56371 ] ] } },
{ "type": "Feature", "properties": { "name": "Ruisseau de Chavardès/Ruisseau du Sécadou", "weight_class": 1, "permanent": true, "length_km": 6.8 }, "geometry": { "type": "LineString", "coordinates": [ [ 2.90793, 43.60228 ], [ 2.91021, 43.60091 ], [ 2.91018, 43.59641 ], [ 2.91489, 43.59405 ], [ 2.92276, 43.59258 ], [ 2.92422, 43.58966 ], [ 2.92665, 43.58788 ], [ 2.9272, 43.58562 ], [ 2.93234, 43.58481 ], [ 2.9307, 43.58195 ], [ 2.93252, 43.57669 ], [ 2.93405, 43.57673 ], [ 2.9336, 43.5727 ], [ 2.93139, 43.57217 ], [ 2.9314, 43.56915 ], [ 2.93499, 43.56777 ], [ 2.93467, 43.56639 ], [ 2.93902, 43.56362 ] ] } },
{ "type": "Feature", "properties": { "name": "Ruisseau des Castagnès", "weight_class": 2, "permanent": true, "length_km": 4.2 }, "geometry": { "type": "LineString", "coordinates": [ [ 2.91408, 43.58925 ], [ 2.91747, 43.58638 ], [ 2.91841, 43.58266 ], [ 2.92545, 43.57481 ], [ 2.92367, 43.57137 ], [ 2.92498, 43.56982 ], [ 2.92455, 43.56882 ], [ 2.92729, 43.56716 ], [ 2.92626, 43.56647 ], [ 2.92858, 43.56333 ], [ 2.93436, 43.56159 ] ] } },
{ "type": "Feature", "properties": { "name": "Ruisseau de la Tourre", "weight_class": 1, "permanent": true, "length_km": 3.2 }, "geometry": { "type": "LineString", "coordinates": [ [ 2.89976, 43.60133 ], [ 2.89788, 43.59991 ], [ 2.89214, 43.59867 ], [ 2.88607, 43.59588 ], [ 2.88314, 43.59138 ], [ 2.87859, 43.58826 ], [ 2.87809, 43.58252 ] ] } },
{ "type": "Feature", "properties": { "name": "Ruisseau de Mauroul", "weight_class": 2, "permanent": true, "length_km": 8.3 }, "geometry": { "type": "LineString", "coordinates": [ [ 2.85601, 43.60071 ], [ 2.85561, 43.59761 ], [ 2.85879, 43.59623 ], [ 2.86219, 43.59596 ], [ 2.86269, 43.59446 ], [ 2.87181, 43.5899 ], [ 2.8728, 43.58913 ], [ 2.87239, 43.58683 ], [ 2.87834, 43.582 ], [ 2.88756, 43.57764 ], [ 2.88909, 43.5747 ], [ 2.89331, 43.57363 ], [ 2.89357, 43.5713 ], [ 2.8962, 43.5698 ], [ 2.89681, 43.56495 ], [ 2.89832, 43.56371 ], [ 2.89737, 43.56217 ], [ 2.89859, 43.56093 ], [ 2.89764, 43.55922 ], [ 2.8991, 43.5521 ], [ 2.89585, 43.55017 ], [ 2.89525, 43.54806 ] ] } },
{ "type": "Feature", "properties": { "name": "Ruisseau du Cros", "weight_class": 1, "permanent": false, "length_km": 8.2 }, "geometry": { "type": "LineString", "coordinates": [ [ 2.84046, 43.59867 ], [ 2.84878, 43.5942 ], [ 2.84933, 43.59152 ], [ 2.85586, 43.58567 ], [ 2.85772, 43.58515 ], [ 2.86076, 43.58574 ], [ 2.86541, 43.58258 ], [ 2.86747, 43.57897 ], [ 2.868, 43.57478 ], [ 2.87193, 43.56502 ], [ 2.87458, 43.56188 ], [ 2.87259, 43.55772 ], [ 2.87313, 43.55341 ], [ 2.87226, 43.55141 ], [ 2.87001, 43.55081 ], [ 2.87202, 43.54923 ], [ 2.8703, 43.5479 ], [ 2.87026, 43.54331 ] ] } },
{ "type": "Feature", "properties": { "name": "le Jaur", "weight_class": 3, "permanent": true, "length_km": 30.6 }, "geometry": { "type": "LineString", "coordinates": [ [ 2.75744, 43.48716 ], [ 2.76086, 43.48771 ], [ 2.76334, 43.48677 ], [ 2.77249, 43.48695 ], [ 2.77542, 43.48429 ], [ 2.7772, 43.48613 ], [ 2.78041, 43.48624 ], [ 2.78146, 43.4852 ], [ 2.78341, 43.48654 ], [ 2.78261, 43.48859 ], [ 2.7865, 43.48931 ], [ 2.78707, 43.49244 ], [ 2.79001, 43.49356 ], [ 2.79205, 43.4957 ], [ 2.79012, 43.49989 ], [ 2.79307, 43.50184 ], [ 2.79395, 43.50671 ], [ 2.79863, 43.50982 ], [ 2.79923, 43.51304 ], [ 2.80241, 43.51391 ], [ 2.80379, 43.51532 ], [ 2.80943, 43.51599 ], [ 2.81266, 43.51763 ], [ 2.81832, 43.51814 ], [ 2.82059, 43.51647 ], [ 2.82264, 43.51689 ], [ 2.82748, 43.52318 ], [ 2.83221, 43.52298 ], [ 2.83201, 43.5276 ], [ 2.83368, 43.52849 ], [ 2.83539, 43.52785 ], [ 2.83822, 43.52279 ], [ 2.84254, 43.52232 ], [ 2.8449, 43.52554 ], [ 2.84666, 43.52474 ], [ 2.848, 43.52526 ], [ 2.85094, 43.53016 ], [ 2.85529, 43.53049 ], [ 2.85993, 43.53314 ], [ 2.86108, 43.53457 ], [ 2.86004, 43.53957 ], [ 2.86671, 43.53942 ], [ 2.86679, 43.54407 ], [ 2.8727, 43.54262 ], [ 2.87333, 43.54104 ], [ 2.87473, 43.54062 ], [ 2.87635, 43.54199 ], [ 2.87564, 43.54418 ], [ 2.88153, 43.54725 ], [ 2.8918, 43.54707 ], [ 2.89443, 43.54819 ], [ 2.89785, 43.54591 ], [ 2.90011, 43.55089 ], [ 2.90454, 43.55065 ], [ 2.90651, 43.55301 ], [ 2.91031, 43.5538 ], [ 2.91174, 43.55662 ], [ 2.91065, 43.56036 ], [ 2.91234, 43.56055 ], [ 2.91465, 43.55805 ], [ 2.91695, 43.55812 ], [ 2.92179, 43.55575 ], [ 2.92344, 43.55582 ], [ 2.92617, 43.55702 ], [ 2.93123, 43.55749 ], [ 2.93467, 43.56184 ], [ 2.93902, 43.56362 ], [ 2.94149, 43.56341 ], [ 2.943, 43.56169 ], [ 2.94801, 43.56611 ], [ 2.9501, 43.56471 ], [ 2.95581, 43.56316 ], [ 2.95424, 43.56163 ], [ 2.9557, 43.55758 ], [ 2.95766, 43.55821 ], [ 2.95928, 43.56045 ], [ 2.96698, 43.55832 ], [ 2.96706, 43.5567 ], [ 2.96376, 43.55572 ], [ 2.96455, 43.55388 ], [ 2.96632, 43.55413 ], [ 2.97025, 43.55894 ], [ 2.97238, 43.55935 ], [ 2.97427, 43.55843 ] ] } },
{ "type": "Feature", "properties": { "name": "Ruisseau du Cros", "weight_class": 1, "permanent": true, "length_km": 3.8 }, "geometry": { "type": "LineString", "coordinates": [ [ 2.90694, 43.58765 ], [ 2.90867, 43.58288 ], [ 2.90594, 43.58043 ], [ 2.90653, 43.57786 ], [ 2.90974, 43.5731 ], [ 2.91254, 43.57202 ], [ 2.91739, 43.56673 ], [ 2.91584, 43.56179 ], [ 2.9125, 43.5601 ] ] } },
{ "type": "Feature", "properties": { "name": "Ruisseau des Tours/Ruisseau des Cazalets", "weight_class": 1, "permanent": true, "length_km": 2.7 }, "geometry": { "type": "LineString", "coordinates": [ [ 2.90215, 43.58944 ], [ 2.89225, 43.5852 ], [ 2.89253, 43.58292 ], [ 2.89484, 43.58207 ], [ 2.89534, 43.58003 ], [ 2.89206, 43.57929 ], [ 2.88978, 43.57771 ], [ 2.88969, 43.5745 ] ] } },
{ "type": "Feature", "properties": { "name": "Rec de Bélégou", "weight_class": 1, "permanent": true, "length_km": 3.0 }, "geometry": { "type": "LineString", "coordinates": [ [ 2.88025, 43.56825 ], [ 2.88482, 43.56232 ], [ 2.89349, 43.55781 ], [ 2.89406, 43.55315 ], [ 2.89246, 43.54865 ] ] } },
{ "type": "Feature", "properties": { "name": "Ruisseau de Violgues", "weight_class": 1, "permanent": false, "length_km": 3.9 }, "geometry": { "type": "LineString", "coordinates": [ [ 2.83974, 43.56944 ], [ 2.86283, 43.56385 ], [ 2.86351, 43.56006 ], [ 2.8627, 43.55918 ], [ 2.86433, 43.55714 ], [ 2.86429, 43.55501 ], [ 2.86825, 43.55264 ], [ 2.87223, 43.55219 ] ] } },
{ "type": "Feature", "properties": { "name": "Ruisseau de Cabriol", "weight_class": 1, "permanent": false, "length_km": 2.3 }, "geometry": { "type": "LineString", "coordinates": [ [ 2.84404, 43.57562 ], [ 2.8523, 43.57495 ], [ 2.87019, 43.57025 ] ] } },
{ "type": "Feature", "properties": { "name": "Ruisseau de Saillens", "weight_class": 1, "permanent": false, "length_km": 7.2 }, "geometry": { "type": "LineString", "coordinates": [ [ 2.82406, 43.58148 ], [ 2.82771, 43.58068 ], [ 2.8282, 43.57683 ], [ 2.83273, 43.57553 ], [ 2.83596, 43.57194 ], [ 2.83597, 43.56912 ], [ 2.83759, 43.56806 ], [ 2.83769, 43.56663 ], [ 2.84758, 43.55879 ], [ 2.84589, 43.55695 ], [ 2.84826, 43.55359 ], [ 2.8465, 43.55195 ], [ 2.8501, 43.55122 ], [ 2.85009, 43.54809 ], [ 2.85156, 43.54698 ], [ 2.85381, 43.547 ], [ 2.85565, 43.54561 ], [ 2.86062, 43.54459 ], [ 2.86351, 43.54252 ], [ 2.86231, 43.54203 ], [ 2.86251, 43.53966 ] ] } },
{ "type": "Feature", "properties": { "name": "Ruisseau de Bolbès", "weight_class": 1, "permanent": true, "length_km": 5.2 }, "geometry": { "type": "LineString", "coordinates": [ [ 2.82129, 43.56039 ], [ 2.8225, 43.55301 ], [ 2.82569, 43.55126 ], [ 2.82697, 43.5467 ], [ 2.83028, 43.5431 ], [ 2.83009, 43.53757 ], [ 2.83208, 43.53602 ], [ 2.83383, 43.5365 ], [ 2.83567, 43.53257 ], [ 2.83838, 43.53162 ], [ 2.83842, 43.53007 ], [ 2.84527, 43.52557 ] ] } },
{ "type": "Feature", "properties": { "name": "Ruisseau de Bureau", "weight_class": 1, "permanent": true, "length_km": 12.3 }, "geometry": { "type": "LineString", "coordinates": [ [ 2.82025, 43.56445 ], [ 2.81685, 43.56583 ], [ 2.81718, 43.57085 ], [ 2.81512, 43.57277 ], [ 2.8086, 43.57397 ], [ 2.80692, 43.57552 ], [ 2.80328, 43.57349 ], [ 2.80188, 43.57359 ], [ 2.8021, 43.5709 ], [ 2.7999, 43.56456 ], [ 2.79711, 43.56143 ], [ 2.79762, 43.55831 ], [ 2.79457, 43.55542 ], [ 2.79392, 43.54837 ], [ 2.79187, 43.54701 ], [ 2.79208, 43.54611 ], [ 2.79675, 43.5448 ], [ 2.79651, 43.54291 ], [ 2.79897, 43.54196 ], [ 2.80046, 43.54263 ], [ 2.80132, 43.54094 ], [ 2.80317, 43.54093 ], [ 2.80564, 43.53931 ], [ 2.80311, 43.53444 ], [ 2.80556, 43.53195 ], [ 2.80475, 43.52952 ], [ 2.80569, 43.52922 ], [ 2.80698, 43.53048 ], [ 2.8077, 43.52847 ], [ 2.81309, 43.52748 ], [ 2.81438, 43.52797 ], [ 2.81475, 43.52665 ], [ 2.81751, 43.52623 ], [ 2.8183, 43.52477 ], [ 2.81754, 43.52314 ], [ 2.81906, 43.52272 ], [ 2.82016, 43.5203 ], [ 2.81878, 43.51804 ] ] } },
{ "type": "Feature", "properties": { "name": "Ruisseau de Terrosse", "weight_class": 1, "permanent": false, "length_km": 2.3 }, "geometry": { "type": "LineString", "coordinates": [ [ 2.99909, 43.55484 ], [ 2.98982, 43.55328 ], [ 2.98912, 43.55168 ], [ 2.98686, 43.5504 ], [ 2.98127, 43.55074 ], [ 2.97916, 43.54963 ], [ 2.97741, 43.54687 ] ] } },
{ "type": "Feature", "properties": { "name": "Ruisseau de Mézeilles", "weight_class": 1, "permanent": true, "length_km": 4.2 }, "geometry": { "type": "LineString", "coordinates": [ [ 2.94004, 43.53413 ], [ 2.94539, 43.53009 ], [ 2.94778, 43.52965 ], [ 2.94861, 43.52834 ], [ 2.95442, 43.52641 ], [ 2.95954, 43.52582 ], [ 2.96497, 43.52179 ], [ 2.96439, 43.51993 ], [ 2.9658, 43.51617 ], [ 2.96482, 43.51448 ], [ 2.96656, 43.51335 ], [ 2.96718, 43.51025 ] ] } },
{ "type": "Feature", "properties": { "name": "Ruisseau de Pesse/Ruisseau de Pesso", "weight_class": 1, "permanent": false, "length_km": 4.2 }, "geometry": { "type": "LineString", "coordinates": [ [ 2.95458, 43.53394 ], [ 2.96096, 43.52965 ], [ 2.96375, 43.5292 ], [ 2.96562, 43.5263 ], [ 2.97212, 43.5241 ], [ 2.97334, 43.52154 ], [ 2.97203, 43.51981 ], [ 2.97339, 43.51877 ], [ 2.97452, 43.51489 ], [ 2.97714, 43.51249 ], [ 2.98493, 43.50931 ] ] } },
{ "type": "Feature", "properties": { "name": "Ruisseau de Courbou", "weight_class": 1, "permanent": true, "length_km": 2.7 }, "geometry": { "type": "LineString", "coordinates": [ [ 2.94918, 43.53869 ], [ 2.95289, 43.54413 ], [ 2.95708, 43.54666 ], [ 2.95531, 43.54907 ], [ 2.95507, 43.55244 ], [ 2.95811, 43.5562 ], [ 2.95809, 43.55871 ] ] } },
{ "type": "Feature", "properties": { "name": "Ruisseau de Fenouillède", "weight_class": 2, "permanent": true, "length_km": 2.7 }, "geometry": { "type": "LineString", "coordinates": [ [ 2.94239, 43.54192 ], [ 2.9407, 43.54593 ], [ 2.94097, 43.54981 ], [ 2.94449, 43.55377 ], [ 2.94547, 43.5565 ], [ 2.94718, 43.55797 ], [ 2.95479, 43.55811 ] ] } },
{ "type": "Feature", "properties": { "name": "Ruisseau des Sauclières", "weight_class": 1, "permanent": true, "length_km": 2.7 }, "geometry": { "type": "LineString", "coordinates": [ [ 2.92839, 43.53419 ], [ 2.92729, 43.53694 ], [ 2.92145, 43.54034 ], [ 2.92155, 43.54214 ], [ 2.92002, 43.54308 ], [ 2.91462, 43.54298 ], [ 2.91022, 43.53984 ], [ 2.90595, 43.53893 ] ] } },
{ "type": "Feature", "properties": { "name": "Ruisseau du Col Fumat", "weight_class": 1, "permanent": true, "length_km": 2.4 }, "geometry": { "type": "LineString", "coordinates": [ [ 2.93408, 43.53213 ], [ 2.93273, 43.52894 ], [ 2.92961, 43.52719 ], [ 2.92484, 43.5289 ], [ 2.91735, 43.52798 ], [ 2.91585, 43.52854 ], [ 2.91358, 43.52655 ], [ 2.91287, 43.52692 ] ] } },
{ "type": "Feature", "properties": { "name": "Ruisseau de Caudéjo", "weight_class": 1, "permanent": true, "length_km": 3.8 }, "geometry": { "type": "LineString", "coordinates": [ [ 2.89043, 43.52489 ], [ 2.88831, 43.52517 ], [ 2.88768, 43.52638 ], [ 2.8866, 43.53358 ], [ 2.87924, 43.53339 ], [ 2.87744, 43.53455 ], [ 2.87419, 43.53309 ], [ 2.86119, 43.53082 ], [ 2.85858, 43.53224 ] ] } },
{ "type": "Feature", "properties": { "name": "Ruisseau de Rautely", "weight_class": 1, "permanent": true, "length_km": 5.7 }, "geometry": { "type": "LineString", "coordinates": [ [ 2.9042, 43.51722 ], [ 2.90348, 43.52131 ], [ 2.91044, 43.52314 ], [ 2.91041, 43.52566 ], [ 2.91129, 43.52691 ], [ 2.91287, 43.52692 ], [ 2.90897, 43.53526 ], [ 2.90634, 43.53569 ], [ 2.90541, 43.53923 ], [ 2.90105, 43.53938 ], [ 2.89891, 43.53845 ], [ 2.89512, 43.53927 ], [ 2.89332, 43.54156 ], [ 2.88985, 43.54238 ], [ 2.88936, 43.54404 ], [ 2.88698, 43.54456 ], [ 2.88577, 43.54611 ], [ 2.88634, 43.54711 ] ] } },
{ "type": "Feature", "properties": { "name": "Ruisseau du Verdier", "weight_class": 1, "permanent": true, "length_km": 4.2 }, "geometry": { "type": "LineString", "coordinates": [ [ 2.83063, 43.55708 ], [ 2.83527, 43.55323 ], [ 2.83786, 43.54764 ], [ 2.84116, 43.54584 ], [ 2.84541, 43.54577 ], [ 2.84797, 43.54398 ], [ 2.84801, 43.54142 ], [ 2.85067, 43.53723 ], [ 2.85268, 43.53657 ], [ 2.85454, 43.53297 ], [ 2.85734, 43.5314 ] ] } },
{ "type": "Feature", "properties": { "name": "Ruisseau de Font Vidal", "weight_class": 1, "permanent": false, "length_km": 2.3 }, "geometry": { "type": "LineString", "coordinates": [ [ 2.81287, 43.55306 ], [ 2.82046, 43.54646 ], [ 2.82365, 43.5463 ], [ 2.82775, 43.54051 ], [ 2.82981, 43.53988 ] ] } },
{ "type": "Feature", "properties": { "name": "Ruisseau de Lestabar", "weight_class": 1, "permanent": true, "length_km": 4.4 }, "geometry": { "type": "LineString", "coordinates": [ [ 2.80324, 43.54717 ], [ 2.81411, 43.54055 ], [ 2.81653, 43.53783 ], [ 2.82075, 43.53652 ], [ 2.8229, 43.53698 ], [ 2.82352, 43.53444 ], [ 2.82237, 43.53381 ], [ 2.82387, 43.5323 ], [ 2.82337, 43.53058 ], [ 2.82623, 43.52895 ], [ 2.82858, 43.52459 ], [ 2.83051, 43.52405 ], [ 2.83125, 43.52262 ] ] } },
{ "type": "Feature", "properties": { "name": "Rec de Sorteilho", "weight_class": 1, "permanent": true, "length_km": 3.5 }, "geometry": { "type": "LineString", "coordinates": [ [ 2.91987, 43.45688 ], [ 2.92508, 43.45164 ], [ 2.92613, 43.44847 ], [ 2.92891, 43.4453 ], [ 2.93349, 43.44201 ], [ 2.93767, 43.4306 ] ] } },
{ "type": "Feature", "properties": { "name": "Ruisseau d'Escagnès", "weight_class": 1, "permanent": true, "length_km": 5.3 }, "geometry": { "type": "LineString", "coordinates": [ [ 2.93074, 43.52003 ], [ 2.9491, 43.51797 ], [ 2.95519, 43.51613 ], [ 2.9629, 43.51116 ], [ 2.96718, 43.51025 ], [ 2.9661, 43.50857 ], [ 2.97208, 43.50833 ], [ 2.97758, 43.50633 ], [ 2.98597, 43.50563 ] ] } },
{ "type": "Feature", "properties": { "name": "Ruisseau de Montahuc", "weight_class": 1, "permanent": false, "length_km": 2.2 }, "geometry": { "type": "LineString", "coordinates": [ [ 2.88128, 43.5259 ], [ 2.88059, 43.52456 ], [ 2.87561, 43.52161 ], [ 2.87262, 43.51765 ], [ 2.86783, 43.51784 ], [ 2.86629, 43.51943 ], [ 2.86279, 43.51929 ] ] } },
{ "type": "Feature", "properties": { "name": "Ruisseau de Campels", "weight_class": 1, "permanent": true, "length_km": 4.7 }, "geometry": { "type": "LineString", "coordinates": [ [ 2.93019, 43.51073 ], [ 2.92587, 43.5088 ], [ 2.92236, 43.50879 ], [ 2.91725, 43.50925 ], [ 2.90991, 43.5117 ], [ 2.89708, 43.50938 ], [ 2.89367, 43.51062 ], [ 2.88833, 43.50958 ], [ 2.88105, 43.50988 ], [ 2.87801, 43.50855 ] ] } },
{ "type": "Feature", "properties": { "name": "Ruisseau de Mézouilhac", "weight_class": 1, "permanent": true, "length_km": 5.0 }, "geometry": { "type": "LineString", "coordinates": [ [ 2.84752, 43.50663 ], [ 2.83782, 43.50373 ], [ 2.83286, 43.50412 ], [ 2.82949, 43.50343 ], [ 2.82617, 43.50415 ], [ 2.82351, 43.50721 ], [ 2.81217, 43.50271 ], [ 2.80623, 43.50273 ], [ 2.80131, 43.50144 ], [ 2.79329, 43.50247 ] ] } },
{ "type": "Feature", "properties": { "name": "Ruisseau de l'Esparaso", "weight_class": 1, "permanent": true, "length_km": 5.9 }, "geometry": { "type": "LineString", "coordinates": [ [ 2.87273, 43.49637 ], [ 2.87324, 43.4991 ], [ 2.87185, 43.50063 ], [ 2.87801, 43.50855 ], [ 2.87436, 43.51155 ], [ 2.87488, 43.51322 ], [ 2.87289, 43.51367 ], [ 2.87135, 43.51298 ], [ 2.8682, 43.51407 ], [ 2.86742, 43.51317 ], [ 2.86463, 43.51496 ], [ 2.86572, 43.51736 ], [ 2.86295, 43.51923 ], [ 2.86021, 43.5191 ], [ 2.85784, 43.52068 ], [ 2.85702, 43.5222 ], [ 2.85956, 43.52488 ], [ 2.85681, 43.52778 ], [ 2.85661, 43.53101 ] ] } },
{ "type": "Feature", "properties": { "name": "Ruisseau du Pech du Canon/Ruisseau de Pérignère", "weight_class": 1, "permanent": false, "length_km": 3.5 }, "geometry": { "type": "LineString", "coordinates": [ [ 2.98483, 43.48067 ], [ 2.9852, 43.47719 ], [ 2.99156, 43.47298 ], [ 2.99167, 43.47127 ], [ 2.98806, 43.47001 ], [ 2.98918, 43.46743 ], [ 2.99616, 43.46287 ], [ 2.99792, 43.46309 ], [ 2.99978, 43.46218 ], [ 2.99991, 43.46107 ], [ 3.00151, 43.46033 ] ] } },
{ "type": "Feature", "properties": { "name": "Ruisseau de Saint-Martin", "weight_class": 1, "permanent": false, "length_km": 3.1 }, "geometry": { "type": "LineString", "coordinates": [ [ 2.96066, 43.47185 ], [ 2.96527, 43.47286 ], [ 2.96784, 43.47207 ], [ 2.96889, 43.4707 ], [ 2.97708, 43.46714 ], [ 2.98009, 43.46135 ], [ 2.98396, 43.45962 ], [ 2.98564, 43.45976 ], [ 2.9871, 43.45837 ] ] } },
{ "type": "Feature", "properties": { "name": "Ruisseau des Candelières", "weight_class": 1, "permanent": false, "length_km": 2.1 }, "geometry": { "type": "LineString", "coordinates": [ [ 2.92113, 43.47875 ], [ 2.91602, 43.47795 ], [ 2.91299, 43.47593 ], [ 2.91067, 43.47599 ], [ 2.90542, 43.47852 ], [ 2.90114, 43.47863 ], [ 2.89954, 43.47759 ] ] } },
{ "type": "Feature", "properties": { "name": "le Récambis", "weight_class": 1, "permanent": true, "length_km": 9.9 }, "geometry": { "type": "LineString", "coordinates": [ [ 2.94254, 43.48065 ], [ 2.9523, 43.48166 ], [ 2.96007, 43.47905 ], [ 2.96743, 43.48097 ], [ 2.97445, 43.47967 ], [ 2.9803, 43.47669 ], [ 2.9804, 43.46938 ], [ 2.98507, 43.46524 ], [ 2.98771, 43.45762 ], [ 2.9909, 43.45674 ], [ 2.99741, 43.45723 ], [ 3.00205, 43.46092 ], [ 3.00923, 43.45721 ], [ 3.01321, 43.45796 ], [ 3.01687, 43.45498 ], [ 3.02126, 43.45532 ], [ 3.02513, 43.45302 ], [ 3.02693, 43.45373 ] ] } },
{ "type": "Feature", "properties": { "name": "Ruisseau de Riels", "weight_class": 1, "permanent": true, "length_km": 6.7 }, "geometry": { "type": "LineString", "coordinates": [ [ 2.93472, 43.47514 ], [ 2.93761, 43.47379 ], [ 2.9555, 43.47053 ], [ 2.95773, 43.46892 ], [ 2.9604, 43.46369 ], [ 2.96636, 43.46007 ], [ 2.96712, 43.4571 ], [ 2.96917, 43.45485 ], [ 2.98274, 43.44779 ], [ 2.9866, 43.44258 ], [ 2.98888, 43.44126 ], [ 2.99032, 43.44166 ] ] } },
{ "type": "Feature", "properties": { "name": "Ruisseau de Canimals", "weight_class": 1, "permanent": true, "length_km": 7.4 }, "geometry": { "type": "LineString", "coordinates": [ [ 2.92514, 43.47882 ], [ 2.922, 43.47391 ], [ 2.92817, 43.46735 ], [ 2.93471, 43.46542 ], [ 2.93566, 43.46117 ], [ 2.94144, 43.45103 ], [ 2.94149, 43.44856 ], [ 2.94547, 43.44401 ], [ 2.9465, 43.44429 ], [ 2.94792, 43.44097 ], [ 2.95192, 43.43859 ], [ 2.95311, 43.43642 ], [ 2.95653, 43.43392 ], [ 2.95632, 43.4302 ], [ 2.95958, 43.42862 ] ] } },
{ "type": "Feature", "properties": { "name": "Ruisseau de Calisso", "weight_class": 1, "permanent": false, "length_km": 3.9 }, "geometry": { "type": "LineString", "coordinates": [ [ 2.95447, 43.50058 ], [ 2.9683, 43.50131 ], [ 2.97281, 43.49791 ], [ 2.97828, 43.49626 ], [ 2.97911, 43.49225 ], [ 2.98128, 43.4914 ], [ 2.98194, 43.49007 ], [ 2.99051, 43.48773 ] ] } },
{ "type": "Feature", "properties": { "name": "Ruisseau de la Treille", "weight_class": 1, "permanent": true, "length_km": 2.6 }, "geometry": { "type": "LineString", "coordinates": [ [ 2.91579, 43.48129 ], [ 2.91364, 43.48184 ], [ 2.91493, 43.48615 ], [ 2.92031, 43.48788 ], [ 2.92752, 43.48814 ], [ 2.93372, 43.49289 ] ] } },
{ "type": "Feature", "properties": { "name": "Ruisseau de Ferrières/Ruisseau de l'Abélanède", "weight_class": 1, "permanent": true, "length_km": 6.5 }, "geometry": { "type": "LineString", "coordinates": [ [ 2.87812, 43.48052 ], [ 2.88163, 43.48854 ], [ 2.8853, 43.49015 ], [ 2.88973, 43.4887 ], [ 2.89728, 43.48218 ], [ 2.89761, 43.47898 ], [ 2.90024, 43.477 ], [ 2.89762, 43.47615 ], [ 2.89583, 43.473 ], [ 2.89649, 43.47104 ], [ 2.89501, 43.47002 ], [ 2.8959, 43.46586 ], [ 2.89469, 43.46429 ], [ 2.89637, 43.4636 ], [ 2.89438, 43.4627 ], [ 2.89606, 43.46104 ], [ 2.89385, 43.45852 ], [ 2.89581, 43.45705 ] ] } },
{ "type": "Feature", "properties": { "name": "Ruisseau des Fargues", "weight_class": 1, "permanent": true, "length_km": 2.1 }, "geometry": { "type": "LineString", "coordinates": [ [ 2.90587, 43.49624 ], [ 2.90395, 43.49495 ], [ 2.90325, 43.4921 ], [ 2.90275, 43.48288 ], [ 2.89736, 43.48204 ] ] } },
{ "type": "Feature", "properties": { "name": "le Rieuberlou", "weight_class": 1, "permanent": true, "length_km": 13.4 }, "geometry": { "type": "LineString", "coordinates": [ [ 2.91313, 43.50091 ], [ 2.9246, 43.49703 ], [ 2.92895, 43.49726 ], [ 2.9315, 43.49612 ], [ 2.93342, 43.49302 ], [ 2.93675, 43.49331 ], [ 2.93949, 43.49178 ], [ 2.9459, 43.49242 ], [ 2.94754, 43.49134 ], [ 2.95269, 43.49135 ], [ 2.95651, 43.48903 ], [ 2.95737, 43.49025 ], [ 2.9594, 43.49005 ], [ 2.95927, 43.48889 ], [ 2.96028, 43.48868 ], [ 2.9606, 43.48959 ], [ 2.96187, 43.48892 ], [ 2.96343, 43.49017 ], [ 2.96716, 43.48821 ], [ 2.97345, 43.48849 ], [ 2.97787, 43.48531 ], [ 2.984, 43.48428 ], [ 2.98549, 43.48432 ], [ 2.9914, 43.48793 ], [ 2.99752, 43.48648 ], [ 3.00035, 43.48457 ], [ 3.00271, 43.48096 ], [ 3.00459, 43.4802 ], [ 3.0138, 43.48044 ], [ 3.02129, 43.47806 ], [ 3.02976, 43.47946 ], [ 3.03295, 43.47849 ], [ 3.03336, 43.47676 ], [ 3.03672, 43.47498 ], [ 3.04018, 43.4747 ], [ 3.04059, 43.47171 ] ] } },
{ "type": "Feature", "properties": { "name": "Ruisseau d'Ilouvre", "weight_class": 1, "permanent": false, "length_km": 11.4 }, "geometry": { "type": "LineString", "coordinates": [ [ 2.84358, 43.47602 ], [ 2.84851, 43.47506 ], [ 2.85079, 43.47315 ], [ 2.85442, 43.47191 ], [ 2.87234, 43.47394 ], [ 2.87296, 43.47246 ], [ 2.87685, 43.47083 ], [ 2.87773, 43.46669 ], [ 2.8808, 43.46553 ], [ 2.88062, 43.46386 ], [ 2.88293, 43.46286 ], [ 2.88601, 43.46307 ], [ 2.8898, 43.46133 ], [ 2.89033, 43.45742 ], [ 2.894, 43.45611 ], [ 2.89581, 43.45705 ], [ 2.89547, 43.45439 ], [ 2.89802, 43.45389 ], [ 2.89933, 43.45479 ], [ 2.90143, 43.45111 ], [ 2.90275, 43.45162 ], [ 2.90433, 43.45006 ], [ 2.9072, 43.45064 ], [ 2.9116, 43.44949 ], [ 2.91283, 43.44714 ], [ 2.90827, 43.44694 ], [ 2.91147, 43.44507 ], [ 2.91298, 43.44553 ], [ 2.91297, 43.44289 ], [ 2.91535, 43.44243 ], [ 2.91514, 43.44071 ], [ 2.91279, 43.43843 ], [ 2.91718, 43.43371 ] ] } },
{ "type": "Feature", "properties": { "name": "Ruisseau des Balmes", "weight_class": 1, "permanent": false, "length_km": 2.1 }, "geometry": { "type": "LineString", "coordinates": [ [ 2.86182, 43.49986 ], [ 2.84822, 43.49562 ], [ 2.84391, 43.49618 ], [ 2.83995, 43.49413 ] ] } },
{ "type": "Feature", "properties": { "name": "Ruisseau des Bernots", "weight_class": 1, "permanent": true, "length_km": 3.1 }, "geometry": { "type": "LineString", "coordinates": [ [ 2.8722, 43.493 ], [ 2.8675, 43.48843 ], [ 2.86304, 43.48875 ], [ 2.85881, 43.48774 ], [ 2.85226, 43.48822 ], [ 2.84593, 43.48588 ], [ 2.84305, 43.48797 ], [ 2.84112, 43.48811 ] ] } },
{ "type": "Feature", "properties": { "name": "Ruisseau de la Margue", "weight_class": 1, "permanent": false, "length_km": 3.6 }, "geometry": { "type": "LineString", "coordinates": [ [ 2.8399, 43.4709 ], [ 2.8277, 43.46959 ], [ 2.82256, 43.46756 ], [ 2.81936, 43.46871 ], [ 2.81574, 43.46715 ], [ 2.80725, 43.4675 ], [ 2.80337, 43.46633 ], [ 2.80217, 43.46427 ] ] } },
{ "type": "Feature", "properties": { "name": "Ruisseau de Cassillac", "weight_class": 1, "permanent": true, "length_km": 7.4 }, "geometry": { "type": "LineString", "coordinates": [ [ 2.8287, 43.47968 ], [ 2.8296, 43.48304 ], [ 2.83113, 43.48416 ], [ 2.84108, 43.48797 ], [ 2.84161, 43.49222 ], [ 2.83966, 43.49464 ], [ 2.82916, 43.49273 ], [ 2.825, 43.49055 ], [ 2.82174, 43.49052 ], [ 2.8207, 43.48951 ], [ 2.81612, 43.49056 ], [ 2.81506, 43.49347 ], [ 2.81269, 43.49243 ], [ 2.81141, 43.49378 ], [ 2.80746, 43.49484 ], [ 2.80376, 43.49716 ], [ 2.79698, 43.4977 ], [ 2.79472, 43.49705 ], [ 2.79237, 43.5013 ] ] } },
{ "type": "Feature", "properties": { "name": "Ruisseau du Saut", "weight_class": 1, "permanent": true, "length_km": 6.6 }, "geometry": { "type": "LineString", "coordinates": [ [ 2.79418, 43.44534 ], [ 2.79482, 43.45116 ], [ 2.79266, 43.45244 ], [ 2.79429, 43.45677 ], [ 2.7937, 43.46026 ], [ 2.79208, 43.46225 ], [ 2.79318, 43.46308 ], [ 2.79147, 43.46398 ], [ 2.79061, 43.469 ], [ 2.78838, 43.47013 ], [ 2.79041, 43.47268 ], [ 2.7875, 43.4739 ], [ 2.79269, 43.47778 ], [ 2.78943, 43.48224 ], [ 2.78705, 43.48147 ], [ 2.78356, 43.48273 ], [ 2.78008, 43.48168 ], [ 2.7791, 43.48374 ], [ 2.78057, 43.48539 ] ] } },
{ "type": "Feature", "properties": { "name": "Ruisseau de Chavardès", "weight_class": 1, "permanent": true, "length_km": 5.4 }, "geometry": { "type": "LineString", "coordinates": [ [ 2.9418, 43.46935 ], [ 2.9484, 43.46728 ], [ 2.95033, 43.46333 ], [ 2.95342, 43.46258 ], [ 2.96143, 43.45372 ], [ 2.96433, 43.4464 ], [ 2.96156, 43.44391 ], [ 2.96242, 43.442 ], [ 2.96722, 43.43916 ], [ 2.9729, 43.4382 ], [ 2.9747, 43.43631 ] ] } },
{ "type": "Feature", "properties": { "name": "Ruisseau des Mourières", "weight_class": 1, "permanent": false, "length_km": 2.9 }, "geometry": { "type": "LineString", "coordinates": [ [ 2.94478, 43.46166 ], [ 2.94918, 43.46138 ], [ 2.95192, 43.45299 ], [ 2.95593, 43.44957 ], [ 2.96148, 43.44682 ], [ 2.96163, 43.44398 ] ] } },
{ "type": "Feature", "properties": { "name": "Ruisseau des Vignes", "weight_class": 1, "permanent": false, "length_km": 2.0 }, "geometry": { "type": "LineString", "coordinates": [ [ 2.91266, 43.46658 ], [ 2.91187, 43.46636 ], [ 2.91197, 43.46275 ], [ 2.90472, 43.45831 ], [ 2.90113, 43.45301 ] ] } },
{ "type": "Feature", "properties": { "name": "Ruisseau de Canarillo", "weight_class": 1, "permanent": true, "length_km": 2.7 }, "geometry": { "type": "LineString", "coordinates": [ [ 2.80799, 43.45534 ], [ 2.80705, 43.45861 ], [ 2.80547, 43.45978 ], [ 2.80475, 43.46371 ], [ 2.80314, 43.46439 ], [ 2.80138, 43.46395 ], [ 2.79889, 43.46565 ], [ 2.79849, 43.46846 ], [ 2.79417, 43.46771 ], [ 2.79179, 43.46571 ] ] } },
{ "type": "Feature", "properties": { "name": "Ruisseau de la Vignasse", "weight_class": 1, "permanent": true, "length_km": 2.7 }, "geometry": { "type": "LineString", "coordinates": [ [ 2.78103, 43.44431 ], [ 2.77965, 43.44753 ], [ 2.78003, 43.45397 ], [ 2.78267, 43.4549 ], [ 2.7835, 43.45774 ], [ 2.79087, 43.46077 ], [ 2.79337, 43.46075 ] ] } },
{ "type": "Feature", "properties": { "name": "la Quarante", "weight_class": 1, "permanent": true, "length_km": 20.1 }, "geometry": { "type": "MultiLineString", "coordinates": [ [ [ 2.90658, 43.39405 ], [ 2.90136, 43.38966 ], [ 2.89991, 43.38584 ], [ 2.89266, 43.37829 ], [ 2.89319, 43.37613 ], [ 2.89625, 43.37421 ], [ 2.89445, 43.37148 ], [ 2.89666, 43.3678 ], [ 2.89521, 43.36695 ], [ 2.89636, 43.36467 ], [ 2.9061, 43.35954 ], [ 2.91277, 43.35871 ], [ 2.92026, 43.35967 ], [ 2.92346, 43.35688 ], [ 2.9295, 43.35567 ], [ 2.9345, 43.35318 ], [ 2.94179, 43.3544 ], [ 2.94452, 43.35184 ], [ 2.94894, 43.35099 ], [ 2.95073, 43.34953 ], [ 2.95146, 43.34644 ], [ 2.95641, 43.34312 ], [ 2.95955, 43.33903 ], [ 2.96185, 43.33783 ], [ 2.96769, 43.33748 ], [ 2.96886, 43.33574 ], [ 2.97174, 43.33613 ], [ 2.97452, 43.33362 ], [ 2.97591, 43.32987 ], [ 2.97917, 43.32821 ], [ 2.97834, 43.32639 ], [ 2.97974, 43.32617 ], [ 2.98069, 43.32314 ], [ 2.9817, 43.32327 ], [ 2.98665, 43.31987 ], [ 2.99074, 43.31928 ], [ 2.99357, 43.31692 ] ], [ [ 3.00238, 43.3137 ], [ 3.0089, 43.30909 ], [ 3.01196, 43.30807 ], [ 3.02357, 43.30628 ], [ 3.05319, 43.30465 ], [ 3.05578, 43.30373 ] ] ] } },
{ "type": "Feature", "properties": { "name": "Rec de Mounio", "weight_class": 1, "permanent": false, "length_km": 4.3 }, "geometry": { "type": "LineString", "coordinates": [ [ 2.86761, 43.41347 ], [ 2.87114, 43.40724 ], [ 2.874, 43.40473 ], [ 2.87177, 43.40072 ], [ 2.87867, 43.39111 ], [ 2.8752, 43.39076 ], [ 2.87279, 43.38569 ], [ 2.86925, 43.38592 ] ] } },
{ "type": "Feature", "properties": { "name": "Maïre Rouge", "weight_class": 1, "permanent": false, "length_km": 7.1 }, "geometry": { "type": "LineString", "coordinates": [ [ 2.99354, 43.34214 ], [ 2.98944, 43.33694 ], [ 2.99314, 43.33511 ], [ 2.99815, 43.33425 ], [ 3.01057, 43.32864 ], [ 3.01569, 43.32462 ], [ 3.01844, 43.32072 ], [ 3.03382, 43.32094 ], [ 3.04216, 43.31827 ], [ 3.05657, 43.31692 ] ] } },
{ "type": "Feature", "properties": { "name": "Rec de Roubio", "weight_class": 1, "permanent": true, "length_km": 2.8 }, "geometry": { "type": "LineString", "coordinates": [ [ 2.93802, 43.44538 ], [ 2.94031, 43.44318 ], [ 2.94411, 43.44154 ], [ 2.94598, 43.43524 ], [ 2.94975, 43.43063 ], [ 2.95258, 43.4249 ] ] } },
{ "type": "Feature", "properties": { "name": "Ruisseau du Daro", "weight_class": 1, "permanent": false, "length_km": 5.5 }, "geometry": { "type": "LineString", "coordinates": [ [ 2.98692, 43.41835 ], [ 3.00007, 43.41861 ], [ 3.00122, 43.41677 ], [ 3.00643, 43.4159 ], [ 3.00946, 43.41158 ], [ 3.00788, 43.41021 ], [ 3.00167, 43.4087 ], [ 2.98915, 43.40646 ], [ 2.98699, 43.40674 ], [ 2.98215, 43.40534 ], [ 2.98031, 43.40349 ], [ 2.98152, 43.39922 ] ] } },
{ "type": "Feature", "properties": { "name": "Ruisseau de Saint-Laurent/Ruisseau de Mascaro", "weight_class": 1, "permanent": true, "length_km": 3.4 }, "geometry": { "type": "LineString", "coordinates": [ [ 2.92153, 43.44213 ], [ 2.92296, 43.44063 ], [ 2.93431, 43.43534 ], [ 2.93833, 43.42986 ], [ 2.94636, 43.42657 ], [ 2.94815, 43.42455 ], [ 2.95066, 43.42453 ] ] } },
{ "type": "Feature", "properties": { "name": "Ruisseau de Combecaude", "weight_class": 1, "permanent": true, "length_km": 3.6 }, "geometry": { "type": "LineString", "coordinates": [ [ 2.91978, 43.44026 ], [ 2.92665, 43.43499 ], [ 2.92808, 43.43309 ], [ 2.92822, 43.42938 ], [ 2.93175, 43.4257 ], [ 2.93794, 43.42336 ], [ 2.94025, 43.424 ], [ 2.94319, 43.42307 ], [ 2.94756, 43.42494 ] ] } },
{ "type": "Feature", "properties": { "name": "Ruisseau de Touloubre", "weight_class": 1, "permanent": true, "length_km": 3.7 }, "geometry": { "type": "LineString", "coordinates": [ [ 2.89585, 43.41649 ], [ 2.89731, 43.41474 ], [ 2.89931, 43.41642 ], [ 2.90265, 43.41724 ], [ 2.90847, 43.41597 ], [ 2.91119, 43.41839 ], [ 2.91363, 43.41918 ], [ 2.91366, 43.42049 ], [ 2.91873, 43.42051 ], [ 2.92485, 43.41772 ], [ 2.92856, 43.41774 ], [ 2.93063, 43.41623 ] ] } },
{ "type": "Feature", "properties": { "name": "Rec de Longue Saume", "weight_class": 1, "permanent": false, "length_km": 3.7 }, "geometry": { "type": "LineString", "coordinates": [ [ 2.88435, 43.43383 ], [ 2.88654, 43.43325 ], [ 2.88923, 43.43069 ], [ 2.89714, 43.42843 ], [ 2.90181, 43.42396 ], [ 2.90883, 43.42214 ], [ 2.9202, 43.42139 ], [ 2.92062, 43.42004 ] ] } },
{ "type": "Feature", "properties": { "name": "Ruisseau de Donnadieu/Ruisseau de Peyroulières", "weight_class": 1, "permanent": true, "length_km": 6.5 }, "geometry": { "type": "LineString", "coordinates": [ [ 2.84253, 43.43807 ], [ 2.84672, 43.43463 ], [ 2.85492, 43.43229 ], [ 2.85707, 43.42964 ], [ 2.86182, 43.43268 ], [ 2.86516, 43.43321 ], [ 2.86672, 43.42977 ], [ 2.86812, 43.42949 ], [ 2.86965, 43.42676 ], [ 2.87292, 43.42884 ], [ 2.87579, 43.42786 ], [ 2.88332, 43.42816 ], [ 2.88889, 43.42649 ], [ 2.88991, 43.42413 ], [ 2.89432, 43.42116 ], [ 2.89585, 43.41649 ] ] } },
{ "type": "Feature", "properties": { "name": "Ruisseau du Maillol", "weight_class": 1, "permanent": true, "length_km": 4.4 }, "geometry": { "type": "LineString", "coordinates": [ [ 2.84854, 43.42423 ], [ 2.85641, 43.42423 ], [ 2.86137, 43.42565 ], [ 2.86911, 43.42329 ], [ 2.88101, 43.42321 ], [ 2.8872, 43.42085 ], [ 2.89068, 43.41722 ], [ 2.89585, 43.41649 ] ] } },
{ "type": "Feature", "properties": { "name": "Ruisseau d'Agoude", "weight_class": 1, "permanent": false, "length_km": 2.1 }, "geometry": { "type": "LineString", "coordinates": [ [ 2.86479, 43.41747 ], [ 2.87085, 43.41707 ], [ 2.8807, 43.41975 ], [ 2.88592, 43.41918 ], [ 2.88815, 43.41757 ] ] } },
{ "type": "Feature", "properties": { "name": "Ruisseau d'Aymes", "weight_class": 1, "permanent": true, "length_km": 9.3 }, "geometry": { "type": "MultiLineString", "coordinates": [ [ [ 2.85581, 43.42164 ], [ 2.85722, 43.41962 ], [ 2.86088, 43.41782 ], [ 2.86131, 43.41584 ], [ 2.85969, 43.41352 ], [ 2.86005, 43.41034 ], [ 2.85633, 43.40908 ], [ 2.85776, 43.40634 ], [ 2.8543, 43.40398 ], [ 2.85466, 43.40229 ], [ 2.85237, 43.40016 ], [ 2.85242, 43.39888 ], [ 2.85581, 43.3963 ], [ 2.85841, 43.39569 ], [ 2.86095, 43.39213 ], [ 2.86768, 43.38983 ], [ 2.86701, 43.38859 ], [ 2.86933, 43.38574 ], [ 2.86814, 43.38463 ], [ 2.86957, 43.38289 ], [ 2.86837, 43.38223 ], [ 2.87287, 43.37865 ], [ 2.86954, 43.37526 ] ], [ [ 2.86372, 43.36336 ], [ 2.86318, 43.36137 ], [ 2.87106, 43.36096 ] ], [ [ 2.88143, 43.34462 ], [ 2.88055, 43.34051 ], [ 2.87849, 43.34107 ], [ 2.8747, 43.33921 ] ] ] } },
{ "type": "Feature", "properties": { "name": "Ruisseau de la Coste", "weight_class": 1, "permanent": false, "length_km": 2.1 }, "geometry": { "type": "LineString", "coordinates": [ [ 2.83522, 43.41255 ], [ 2.83617, 43.41172 ], [ 2.84279, 43.41176 ], [ 2.848, 43.41043 ], [ 2.85174, 43.40677 ], [ 2.85584, 43.40522 ] ] } },
{ "type": "Feature", "properties": { "name": "Ruisseau de Camboussels", "weight_class": 1, "permanent": false, "length_km": 4.7 }, "geometry": { "type": "LineString", "coordinates": [ [ 2.83395, 43.43771 ], [ 2.84242, 43.43444 ], [ 2.8465, 43.43189 ], [ 2.84274, 43.42499 ], [ 2.84391, 43.42192 ], [ 2.84288, 43.42024 ], [ 2.84588, 43.41683 ], [ 2.85296, 43.41476 ], [ 2.85246, 43.41328 ], [ 2.8539, 43.41134 ], [ 2.85245, 43.41092 ], [ 2.85045, 43.40823 ] ] } },
{ "type": "Feature", "properties": { "name": "la Cessière", "weight_class": 1, "permanent": true, "length_km": 18.0 }, "geometry": { "type": "LineString", "coordinates": [ [ 2.82051, 43.43921 ], [ 2.82524, 43.43899 ], [ 2.82856, 43.43711 ], [ 2.83263, 43.43181 ], [ 2.83378, 43.42709 ], [ 2.83112, 43.42699 ], [ 2.82849, 43.42574 ], [ 2.82705, 43.42277 ], [ 2.8297, 43.4209 ], [ 2.82857, 43.41907 ], [ 2.82583, 43.42054 ], [ 2.82179, 43.41887 ], [ 2.82245, 43.4118 ], [ 2.82007, 43.41162 ], [ 2.81966, 43.41262 ], [ 2.81684, 43.41284 ], [ 2.81688, 43.41006 ], [ 2.81152, 43.41046 ], [ 2.80904, 43.40878 ], [ 2.80723, 43.40897 ], [ 2.80497, 43.40649 ], [ 2.80234, 43.40689 ], [ 2.801, 43.40555 ], [ 2.79889, 43.40555 ], [ 2.7992, 43.40423 ], [ 2.79767, 43.40263 ], [ 2.80086, 43.39818 ], [ 2.79984, 43.39656 ], [ 2.80054, 43.39522 ], [ 2.79871, 43.39542 ], [ 2.79828, 43.39466 ], [ 2.80024, 43.3933 ], [ 2.80583, 43.39434 ], [ 2.80764, 43.39377 ], [ 2.8086, 43.392 ], [ 2.80693, 43.39014 ], [ 2.80948, 43.38767 ], [ 2.80679, 43.38453 ], [ 2.80835, 43.38402 ], [ 2.80902, 43.38243 ], [ 2.81272, 43.38121 ], [ 2.81262, 43.37994 ], [ 2.81462, 43.37863 ], [ 2.81383, 43.37433 ], [ 2.81699, 43.37132 ], [ 2.82045, 43.37079 ], [ 2.8257, 43.36405 ], [ 2.82458, 43.35963 ], [ 2.82817, 43.3579 ], [ 2.82638, 43.35588 ], [ 2.8297, 43.35386 ], [ 2.82867, 43.35286 ], [ 2.82822, 43.34542 ], [ 2.8291, 43.34302 ], [ 2.82552, 43.33877 ] ] } },
{ "type": "Feature", "properties": { "name": "Ruisseau de la Regagnade/Ruisseau des Moulins", "weight_class": 1, "permanent": true, "length_km": 3.2 }, "geometry": { "type": "LineString", "coordinates": [ [ 2.79655, 43.43079 ], [ 2.79775, 43.42695 ], [ 2.79715, 43.42359 ], [ 2.79353, 43.41567 ], [ 2.79601, 43.41308 ], [ 2.79804, 43.41241 ], [ 2.79982, 43.409 ], [ 2.80234, 43.40689 ] ] } },
{ "type": "Feature", "properties": { "name": "Ruisseau des Conquets", "weight_class": 1, "permanent": true, "length_km": 5.4 }, "geometry": { "type": "LineString", "coordinates": [ [ 2.78106, 43.43849 ], [ 2.78437, 43.43723 ], [ 2.78571, 43.43428 ], [ 2.79799, 43.43519 ], [ 2.80417, 43.43242 ], [ 2.80961, 43.42532 ], [ 2.80823, 43.41903 ], [ 2.81067, 43.41925 ], [ 2.81231, 43.41526 ], [ 2.81447, 43.41542 ], [ 2.81664, 43.41275 ] ] } },
{ "type": "Feature", "properties": { "name": "Ruisseau de Gabelas", "weight_class": 1, "permanent": false, "length_km": 4.7 }, "geometry": { "type": "LineString", "coordinates": [ [ 2.94349, 43.38567 ], [ 2.94566, 43.38242 ], [ 2.94725, 43.38182 ], [ 2.95455, 43.38468 ], [ 2.95595, 43.38637 ], [ 2.96269, 43.38785 ], [ 2.96834, 43.38801 ], [ 2.97334, 43.39184 ], [ 2.97656, 43.39175 ], [ 2.97754, 43.39271 ], [ 2.98461, 43.39408 ], [ 2.98997, 43.39386 ] ] } },
{ "type": "Feature", "properties": { "name": "Ruisseau de Cazo", "weight_class": 1, "permanent": true, "length_km": 3.2 }, "geometry": { "type": "LineString", "coordinates": [ [ 2.92249, 43.39506 ], [ 2.93, 43.40067 ], [ 2.93855, 43.40531 ], [ 2.94946, 43.40364 ], [ 2.95461, 43.4015 ] ] } },
{ "type": "Feature", "properties": { "name": "le Lirou", "weight_class": 1, "permanent": true, "length_km": 29.3 }, "geometry": { "type": "LineString", "coordinates": [ [ 2.92058, 43.38495 ], [ 2.93702, 43.39545 ], [ 2.93998, 43.39903 ], [ 2.94804, 43.39868 ], [ 2.95301, 43.4013 ], [ 2.96245, 43.40227 ], [ 2.96563, 43.40343 ], [ 2.97262, 43.40011 ], [ 2.98854, 43.39849 ], [ 2.9884, 43.39608 ], [ 2.98997, 43.39386 ], [ 2.9919, 43.39391 ], [ 2.99734, 43.39079 ], [ 3.00414, 43.38933 ], [ 3.00526, 43.38743 ], [ 3.01084, 43.38442 ], [ 3.01254, 43.38059 ], [ 3.01522, 43.37955 ], [ 3.01803, 43.37596 ], [ 3.02097, 43.3749 ], [ 3.02148, 43.37354 ], [ 3.02023, 43.37104 ], [ 3.02701, 43.36597 ], [ 3.03136, 43.36402 ], [ 3.03525, 43.36398 ], [ 3.0385, 43.36242 ], [ 3.04353, 43.36166 ], [ 3.04578, 43.36014 ], [ 3.04795, 43.36133 ], [ 3.05208, 43.36058 ], [ 3.06775, 43.3554 ], [ 3.07115, 43.35598 ], [ 3.07318, 43.35473 ], [ 3.07573, 43.35498 ], [ 3.08032, 43.35373 ], [ 3.08902, 43.35322 ], [ 3.09134, 43.3539 ], [ 3.09551, 43.35305 ], [ 3.11307, 43.35889 ], [ 3.11794, 43.36291 ], [ 3.12182, 43.3634 ], [ 3.12501, 43.36185 ], [ 3.13226, 43.36086 ], [ 3.14574, 43.3514 ], [ 3.15001, 43.34714 ], [ 3.15451, 43.34713 ], [ 3.15742, 43.34816 ], [ 3.16292, 43.34741 ], [ 3.17753, 43.34901 ], [ 3.19035, 43.34775 ], [ 3.19266, 43.34645 ], [ 3.19309, 43.34314 ], [ 3.19433, 43.34187 ], [ 3.20837, 43.33907 ] ] } },
{ "type": "Feature", "properties": { "name": "Rec de Saint-Pierre", "weight_class": 1, "permanent": true, "length_km": 2.6 }, "geometry": { "type": "LineString", "coordinates": [ [ 2.90954, 43.40374 ], [ 2.9166, 43.4065 ], [ 2.92083, 43.40977 ], [ 2.92657, 43.40938 ], [ 2.92776, 43.41204 ], [ 2.93212, 43.41526 ] ] } },
{ "type": "Feature", "properties": { "name": "Ruisseau de Combelongue", "weight_class": 1, "permanent": true, "length_km": 2.3 }, "geometry": { "type": "LineString", "coordinates": [ [ 2.91121, 43.39699 ], [ 2.91553, 43.40023 ], [ 2.92624, 43.40377 ], [ 2.9267, 43.40495 ], [ 2.92481, 43.40816 ], [ 2.92673, 43.40946 ] ] } },
{ "type": "Feature", "properties": { "name": "Ruisseau du Burio", "weight_class": 1, "permanent": false, "length_km": 4.7 }, "geometry": { "type": "LineString", "coordinates": [ [ 2.93976, 43.38982 ], [ 2.9382, 43.38891 ], [ 2.93815, 43.38652 ], [ 2.94176, 43.38093 ], [ 2.93871, 43.379 ], [ 2.93856, 43.3757 ], [ 2.93672, 43.3753 ], [ 2.93359, 43.37189 ], [ 2.92647, 43.36696 ], [ 2.92388, 43.36265 ], [ 2.92294, 43.3574 ] ] } },
{ "type": "Feature", "properties": { "name": "Ruisseau de Valien", "weight_class": 1, "permanent": false, "length_km": 2.1 }, "geometry": { "type": "LineString", "coordinates": [ [ 2.84172, 43.4044 ], [ 2.84343, 43.4028 ], [ 2.84571, 43.39656 ], [ 2.84761, 43.3956 ], [ 2.84964, 43.39175 ], [ 2.8497, 43.3899 ], [ 2.84819, 43.38895 ] ] } },
{ "type": "Feature", "properties": { "name": "Ruisseau de l'Église", "weight_class": 1, "permanent": false, "length_km": 5.3 }, "geometry": { "type": "LineString", "coordinates": [ [ 2.8304, 43.41237 ], [ 2.83288, 43.40945 ], [ 2.83668, 43.40721 ], [ 2.84014, 43.40086 ], [ 2.84029, 43.39797 ], [ 2.84448, 43.39159 ], [ 2.84645, 43.38917 ], [ 2.84844, 43.38871 ], [ 2.85113, 43.38432 ], [ 2.85514, 43.38046 ], [ 2.85405, 43.3781 ], [ 2.85625, 43.37404 ], [ 2.85568, 43.37348 ] ] } },
{ "type": "Feature", "properties": { "name": "Ruisseau de Brahunal", "weight_class": 1, "permanent": true, "length_km": 5.7 }, "geometry": { "type": "LineString", "coordinates": [ [ 2.82531, 43.4065 ], [ 2.82312, 43.4046 ], [ 2.82448, 43.40132 ], [ 2.82156, 43.39933 ], [ 2.82159, 43.39798 ], [ 2.82455, 43.39571 ], [ 2.82452, 43.39349 ], [ 2.82874, 43.39047 ], [ 2.82965, 43.38776 ], [ 2.82597, 43.38547 ], [ 2.82673, 43.38232 ], [ 2.82242, 43.38339 ], [ 2.82051, 43.38271 ], [ 2.82146, 43.38036 ], [ 2.81859, 43.37823 ], [ 2.81854, 43.37604 ], [ 2.82042, 43.3708 ] ] } },
{ "type": "Feature", "properties": { "name": "Ruisseau de Saint-Jean/Ruisseau du Cassiou", "weight_class": 1, "permanent": false, "length_km": 5.5 }, "geometry": { "type": "LineString", "coordinates": [ [ 2.82953, 43.40495 ], [ 2.83246, 43.40077 ], [ 2.83211, 43.39483 ], [ 2.83523, 43.39318 ], [ 2.83739, 43.3898 ], [ 2.83811, 43.38384 ], [ 2.84579, 43.3799 ], [ 2.84789, 43.37768 ], [ 2.8544, 43.37499 ], [ 2.85572, 43.37359 ], [ 2.85599, 43.37015 ], [ 2.85871, 43.37042 ], [ 2.85913, 43.36906 ] ] } },
{ "type": "Feature", "properties": { "name": "Ruisseau des Vallouvières", "weight_class": 1, "permanent": true, "length_km": 5.2 }, "geometry": { "type": "LineString", "coordinates": [ [ 2.97282, 43.37406 ], [ 2.99289, 43.3705 ], [ 2.99905, 43.37097 ], [ 3.00062, 43.37184 ], [ 3.01154, 43.36692 ], [ 3.0182, 43.36737 ], [ 3.02412, 43.36597 ], [ 3.0255, 43.36464 ], [ 3.02958, 43.36471 ] ] } },
{ "type": "Feature", "properties": { "name": "Ruisseau de Saint-Just", "weight_class": 1, "permanent": false, "length_km": 2.5 }, "geometry": { "type": "LineString", "coordinates": [ [ 2.98026, 43.38261 ], [ 2.98294, 43.38392 ], [ 2.98751, 43.38226 ], [ 2.99191, 43.38254 ], [ 2.99306, 43.38525 ], [ 2.99171, 43.38612 ], [ 2.99245, 43.38727 ], [ 2.99134, 43.38805 ], [ 2.99576, 43.3908 ], [ 2.99724, 43.39083 ] ] } },
{ "type": "Feature", "properties": { "name": "Ruisseau de Massecache/Ruisseau de Massacach", "weight_class": 1, "permanent": false, "length_km": 3.0 }, "geometry": { "type": "LineString", "coordinates": [ [ 2.95978, 43.37034 ], [ 2.96325, 43.36888 ], [ 2.9645, 43.36701 ], [ 2.96058, 43.36244 ], [ 2.95439, 43.35908 ], [ 2.95313, 43.35729 ], [ 2.95283, 43.35369 ], [ 2.95632, 43.34993 ] ] } },
{ "type": "Feature", "properties": { "name": "Ruisseau de Couquette/Ruisseau du Bol", "weight_class": 1, "permanent": false, "length_km": 3.8 }, "geometry": { "type": "LineString", "coordinates": [ [ 2.96939, 43.36885 ], [ 2.96867, 43.36333 ], [ 2.96746, 43.36072 ], [ 2.965, 43.35881 ], [ 2.96576, 43.35516 ], [ 2.96732, 43.35445 ], [ 2.9675, 43.35311 ], [ 2.96551, 43.35371 ], [ 2.95933, 43.35182 ], [ 2.95263, 43.34756 ], [ 2.95258, 43.34545 ] ] } },
{ "type": "Feature", "properties": { "name": "Ruisseau de la Devèze/Ruisseau des Vignes Hermes", "weight_class": 1, "permanent": false, "length_km": 3.4 }, "geometry": { "type": "LineString", "coordinates": [ [ 2.90033, 43.36796 ], [ 2.90536, 43.37252 ], [ 2.90949, 43.37404 ], [ 2.91178, 43.37149 ], [ 2.91782, 43.36918 ], [ 2.91452, 43.36436 ], [ 2.91606, 43.35931 ] ] } },
{ "type": "Feature", "properties": { "name": "Rec del Vié", "weight_class": 2, "permanent": false, "length_km": 2.4 }, "geometry": { "type": "LineString", "coordinates": [ [ 2.84939, 43.3632 ], [ 2.85339, 43.35965 ], [ 2.85509, 43.35256 ], [ 2.85927, 43.34869 ], [ 2.86155, 43.34462 ] ] } },
{ "type": "Feature", "properties": { "name": "Ruisseau de Cours", "weight_class": 1, "permanent": false, "length_km": 2.9 }, "geometry": { "type": "LineString", "coordinates": [ [ 2.80838, 43.35979 ], [ 2.81018, 43.35698 ], [ 2.8178, 43.35282 ], [ 2.82148, 43.34917 ], [ 2.82407, 43.34156 ], [ 2.82303, 43.33955 ] ] } },
{ "type": "Feature", "properties": { "name": "Ruisseau de la Gautière", "weight_class": 1, "permanent": false, "length_km": 2.4 }, "geometry": { "type": "LineString", "coordinates": [ [ 2.80206, 43.35484 ], [ 2.80558, 43.3548 ], [ 2.81004, 43.35108 ], [ 2.81861, 43.34631 ], [ 2.8201, 43.34462 ], [ 2.81994, 43.34153 ] ] } },
{ "type": "Feature", "properties": { "name": "Ruisseau de Malviès/Ruisseau de la Plaine", "weight_class": 2, "permanent": false, "length_km": 2.0 }, "geometry": { "type": "LineString", "coordinates": [ [ 2.9853, 43.33222 ], [ 2.99181, 43.33034 ], [ 2.99451, 43.32071 ], [ 2.99705, 43.31871 ] ] } },
{ "type": "Feature", "properties": { "name": "Ruisseau de Boze", "weight_class": 1, "permanent": false, "length_km": 4.9 }, "geometry": { "type": "LineString", "coordinates": [ [ 2.89366, 43.35274 ], [ 2.8958, 43.35163 ], [ 2.91011, 43.35084 ], [ 2.91708, 43.34888 ], [ 2.92335, 43.34904 ], [ 2.92726, 43.34788 ], [ 2.93634, 43.34739 ], [ 2.93655, 43.34838 ], [ 2.93924, 43.34849 ], [ 2.94086, 43.35096 ], [ 2.94049, 43.3544 ] ] } },
{ "type": "Feature", "properties": { "name": "Ruisseau de la Nazoure/Ruisseau de Joncayrolle", "weight_class": 1, "permanent": false, "length_km": 5.3 }, "geometry": { "type": "LineString", "coordinates": [ [ 2.89948, 43.34714 ], [ 2.9007, 43.34361 ], [ 2.90288, 43.34154 ], [ 2.90238, 43.33841 ], [ 2.91063, 43.33423 ], [ 2.91553, 43.33349 ], [ 2.91862, 43.33065 ], [ 2.91909, 43.32789 ], [ 2.92274, 43.325 ], [ 2.93562, 43.32047 ], [ 2.93606, 43.31668 ] ] } },
{ "type": "Feature", "properties": { "name": "Ruisseau des Gours", "weight_class": 1, "permanent": false, "length_km": 2.5 }, "geometry": { "type": "LineString", "coordinates": [ [ 2.89604, 43.33572 ], [ 2.90261, 43.33496 ], [ 2.90535, 43.33159 ], [ 2.90915, 43.32984 ], [ 2.91221, 43.32663 ], [ 2.91879, 43.32376 ] ] } },
{ "type": "Feature", "properties": { "name": "Ruisseau du Pontel", "weight_class": 1, "permanent": false, "length_km": 2.5 }, "geometry": { "type": "LineString", "coordinates": [ [ 2.79341, 43.34098 ], [ 2.79669, 43.33853 ], [ 2.7994, 43.33898 ], [ 2.81072, 43.33659 ], [ 2.81302, 43.33837 ], [ 2.81103, 43.33971 ], [ 2.81139, 43.34221 ] ] } },
{ "type": "Feature", "properties": { "name": "la Répudre", "weight_class": 1, "permanent": false, "length_km": 2.6 }, "geometry": { "type": "LineString", "coordinates": [ [ 2.80134, 43.32508 ], [ 2.80201, 43.32271 ], [ 2.80588, 43.3209 ], [ 2.80513, 43.31792 ], [ 2.80618, 43.31564 ], [ 2.81274, 43.31145 ], [ 2.81825, 43.3095 ] ] } },
{ "type": "Feature", "properties": { "name": "Maïre de Sélicate", "weight_class": 1, "permanent": true, "length_km": 2.3 }, "geometry": { "type": "LineString", "coordinates": [ [ 3.00453, 43.30221 ], [ 3.00766, 43.30261 ], [ 3.02422, 43.2974 ], [ 3.02433, 43.29603 ], [ 3.02781, 43.29334 ] ] } },
{ "type": "Feature", "properties": { "name": "Ruisseau de Pécouré", "weight_class": 1, "permanent": false, "length_km": 2.2 }, "geometry": { "type": "LineString", "coordinates": [ [ 2.90728, 43.3267 ], [ 2.91081, 43.327 ], [ 2.92165, 43.31671 ], [ 2.92355, 43.31537 ], [ 2.92642, 43.31496 ] ] } },
{ "type": "Feature", "properties": { "name": "Ruisseau de la Cisterne", "weight_class": 1, "permanent": false, "length_km": 2.1 }, "geometry": { "type": "LineString", "coordinates": [ [ 2.85062, 43.32828 ], [ 2.8481, 43.32836 ], [ 2.84543, 43.32964 ], [ 2.84198, 43.32909 ], [ 2.83862, 43.32963 ], [ 2.83739, 43.3327 ], [ 2.83492, 43.33403 ], [ 2.83331, 43.33719 ] ] } },
{ "type": "Feature", "properties": { "name": "Ruisseau de la Nazoure", "weight_class": 1, "permanent": true, "length_km": 3.9 }, "geometry": { "type": "LineString", "coordinates": [ [ 3.00209, 43.29692 ], [ 3.0044, 43.29644 ], [ 3.00469, 43.29449 ], [ 3.01631, 43.28164 ], [ 3.03729, 43.28411 ] ] } },
{ "type": "Feature", "properties": { "name": "Ruisseau de la Madeleine", "weight_class": 1, "permanent": false, "length_km": 3.7 }, "geometry": { "type": "LineString", "coordinates": [ [ 2.78426, 43.31309 ], [ 2.78146, 43.30997 ], [ 2.78514, 43.30543 ], [ 2.7968, 43.30517 ], [ 2.80075, 43.30582 ], [ 2.80538, 43.30745 ], [ 2.80888, 43.31054 ], [ 2.81283, 43.31142 ] ] } },
{ "type": "Feature", "properties": { "name": "Ruisseau de Prénizard", "weight_class": 1, "permanent": false, "length_km": 2.3 }, "geometry": { "type": "LineString", "coordinates": [ [ 2.78374, 43.32166 ], [ 2.78536, 43.32249 ], [ 2.79748, 43.321 ], [ 2.80227, 43.31912 ], [ 2.8027, 43.31719 ], [ 2.80618, 43.31564 ] ] } },
{ "type": "Feature", "properties": { "name": "Ruisseau de l'Ecu", "weight_class": 1, "permanent": false, "length_km": 4.9 }, "geometry": { "type": "LineString", "coordinates": [ [ 2.78894, 43.30112 ], [ 2.78745, 43.30213 ], [ 2.7694, 43.29397 ], [ 2.76248, 43.29452 ], [ 2.75753, 43.2923 ], [ 2.75159, 43.29264 ], [ 2.74936, 43.29055 ], [ 2.74301, 43.28931 ], [ 2.73778, 43.28705 ] ] } },
{ "type": "Feature", "properties": { "name": "Ruisseau Timbaut", "weight_class": 1, "permanent": false, "length_km": 2.1 }, "geometry": { "type": "LineString", "coordinates": [ [ 2.78117, 43.28456 ], [ 2.78502, 43.28181 ], [ 2.78481, 43.27951 ], [ 2.78788, 43.27788 ], [ 2.7871, 43.27411 ], [ 2.79041, 43.27314 ], [ 2.79401, 43.27344 ] ] } },
{ "type": "Feature", "properties": { "name": "Ruisseau de Fonclare", "weight_class": 1, "permanent": true, "length_km": 9.0 }, "geometry": { "type": "LineString", "coordinates": [ [ 2.77313, 43.53632 ], [ 2.77648, 43.53252 ], [ 2.77466, 43.53052 ], [ 2.7754, 43.52557 ], [ 2.77588, 43.52465 ], [ 2.77789, 43.52432 ], [ 2.77868, 43.52215 ], [ 2.77183, 43.51991 ], [ 2.76681, 43.51752 ], [ 2.76596, 43.51614 ], [ 2.76307, 43.51626 ], [ 2.76237, 43.51412 ], [ 2.76393, 43.51384 ], [ 2.76497, 43.51206 ], [ 2.76323, 43.51157 ], [ 2.76142, 43.50861 ], [ 2.76317, 43.50577 ], [ 2.76065, 43.50624 ], [ 2.76037, 43.50519 ], [ 2.76317, 43.50412 ], [ 2.76444, 43.50121 ], [ 2.76672, 43.50213 ], [ 2.76935, 43.50184 ], [ 2.77094, 43.5 ], [ 2.77825, 43.49696 ], [ 2.78706, 43.49623 ], [ 2.79114, 43.49839 ] ] } },
{ "type": "Feature", "properties": { "name": "Ruisseau d'Embreux", "weight_class": 1, "permanent": false, "length_km": 2.2 }, "geometry": { "type": "LineString", "coordinates": [ [ 2.77881, 43.51848 ], [ 2.78101, 43.51118 ], [ 2.78699, 43.50617 ], [ 2.79302, 43.50408 ] ] } },
{ "type": "Feature", "properties": { "name": "Ruisseau de la Saurine", "weight_class": 1, "permanent": true, "length_km": 4.3 }, "geometry": { "type": "LineString", "coordinates": [ [ 2.74365, 43.52573 ], [ 2.74983, 43.52167 ], [ 2.75214, 43.51603 ], [ 2.75187, 43.51306 ], [ 2.75322, 43.5103 ], [ 2.75544, 43.50934 ], [ 2.75565, 43.50752 ], [ 2.75754, 43.50695 ], [ 2.75655, 43.50485 ], [ 2.75826, 43.50427 ], [ 2.75769, 43.50318 ], [ 2.75866, 43.50229 ], [ 2.76066, 43.5027 ], [ 2.76305, 43.50059 ], [ 2.76488, 43.50025 ], [ 2.76574, 43.50128 ] ] } },
{ "type": "Feature", "properties": { "name": "Ruisseau de Tailhos", "weight_class": 1, "permanent": true, "length_km": 2.9 }, "geometry": { "type": "LineString", "coordinates": [ [ 2.71779, 43.51386 ], [ 2.72355, 43.50614 ], [ 2.72793, 43.50314 ], [ 2.7322, 43.49176 ] ] } },
{ "type": "Feature", "properties": { "name": "Ruisseau de Marthomis/Ruisseau de Sarmountraou", "weight_class": 1, "permanent": true, "length_km": 6.0 }, "geometry": { "type": "LineString", "coordinates": [ [ 2.70078, 43.51815 ], [ 2.70103, 43.51463 ], [ 2.70385, 43.51175 ], [ 2.706, 43.50667 ], [ 2.70796, 43.50576 ], [ 2.71018, 43.50278 ], [ 2.71455, 43.50096 ], [ 2.71285, 43.49558 ], [ 2.7151, 43.49212 ], [ 2.71348, 43.48918 ], [ 2.71461, 43.48538 ], [ 2.7129, 43.48277 ], [ 2.70846, 43.47946 ], [ 2.70713, 43.47499 ] ] } },
{ "type": "Feature", "properties": { "name": "Ruisseau de Prouilhe", "weight_class": 1, "permanent": true, "length_km": 4.3 }, "geometry": { "type": "LineString", "coordinates": [ [ 2.69544, 43.51029 ], [ 2.6952, 43.50595 ], [ 2.69634, 43.50314 ], [ 2.6929, 43.49966 ], [ 2.69633, 43.4957 ], [ 2.69677, 43.48988 ], [ 2.70131, 43.48403 ], [ 2.70109, 43.48219 ], [ 2.69981, 43.48153 ], [ 2.70103, 43.48014 ], [ 2.70094, 43.47687 ] ] } },
{ "type": "Feature", "properties": { "name": "la Salesse", "weight_class": 1, "permanent": true, "length_km": 15.1 }, "geometry": { "type": "LineString", "coordinates": [ [ 2.6791, 43.5121 ], [ 2.67605, 43.50785 ], [ 2.67573, 43.5037 ], [ 2.68188, 43.49978 ], [ 2.68226, 43.49783 ], [ 2.6775, 43.49476 ], [ 2.6771, 43.49361 ], [ 2.67376, 43.49368 ], [ 2.67182, 43.49158 ], [ 2.67502, 43.48885 ], [ 2.6764, 43.48358 ], [ 2.67977, 43.48207 ], [ 2.68726, 43.48166 ], [ 2.69475, 43.47942 ], [ 2.69766, 43.47759 ], [ 2.70554, 43.47609 ], [ 2.70871, 43.47312 ], [ 2.71298, 43.47128 ], [ 2.71701, 43.47116 ], [ 2.71917, 43.46998 ], [ 2.7225, 43.47054 ], [ 2.73374, 43.47313 ], [ 2.73858, 43.47659 ], [ 2.74257, 43.47598 ], [ 2.74592, 43.47737 ], [ 2.75006, 43.47696 ], [ 2.75192, 43.4793 ], [ 2.75406, 43.4798 ], [ 2.75581, 43.47944 ], [ 2.75845, 43.47577 ], [ 2.76329, 43.47462 ], [ 2.7644, 43.47515 ], [ 2.76403, 43.47689 ], [ 2.76824, 43.47949 ], [ 2.76874, 43.48135 ], [ 2.77034, 43.482 ], [ 2.76826, 43.48503 ], [ 2.77157, 43.4841 ], [ 2.77398, 43.48512 ] ] } },
{ "type": "Feature", "properties": { "name": "l'Aigue", "weight_class": 1, "permanent": false, "length_km": 2.0 }, "geometry": { "type": "LineString", "coordinates": [ [ 2.73546, 43.48757 ], [ 2.74532, 43.48591 ], [ 2.75156, 43.48754 ], [ 2.75415, 43.49019 ], [ 2.75643, 43.48984 ] ] } },
{ "type": "Feature", "properties": { "name": "Ruisseau des Prés de l'Hôpital", "weight_class": 1, "permanent": true, "length_km": 5.0 }, "geometry": { "type": "LineString", "coordinates": [ [ 2.73273, 43.48594 ], [ 2.73085, 43.48863 ], [ 2.73092, 43.49046 ], [ 2.73162, 43.49158 ], [ 2.73331, 43.49172 ], [ 2.73444, 43.49484 ], [ 2.74124, 43.4978 ], [ 2.74615, 43.49774 ], [ 2.74469, 43.49997 ], [ 2.74692, 43.50082 ], [ 2.74787, 43.49907 ], [ 2.74957, 43.49864 ], [ 2.74949, 43.49704 ], [ 2.75364, 43.49533 ], [ 2.75672, 43.49229 ], [ 2.75644, 43.48975 ], [ 2.75905, 43.48765 ] ] } },
{ "type": "Feature", "properties": { "name": "Ruisseau de Boutignes", "weight_class": 1, "permanent": true, "length_km": 2.8 }, "geometry": { "type": "LineString", "coordinates": [ [ 2.70283, 43.50129 ], [ 2.70422, 43.49945 ], [ 2.7051, 43.49311 ], [ 2.70413, 43.48839 ], [ 2.70769, 43.48304 ], [ 2.70698, 43.48191 ], [ 2.70786, 43.47831 ] ] } },
{ "type": "Feature", "properties": { "name": "Ruisseau des Goutis", "weight_class": 1, "permanent": false, "length_km": 3.7 }, "geometry": { "type": "LineString", "coordinates": [ [ 2.69651, 43.33718 ], [ 2.69998, 43.32772 ], [ 2.69928, 43.32268 ], [ 2.69637, 43.32157 ], [ 2.69672, 43.31795 ], [ 2.70229, 43.3077 ] ] } },
{ "type": "Feature", "properties": { "name": "Ruisseau de Massamié", "weight_class": 1, "permanent": false, "length_km": 3.3 }, "geometry": { "type": "LineString", "coordinates": [ [ 2.68703, 43.34636 ], [ 2.68968, 43.34106 ], [ 2.68909, 43.33783 ], [ 2.69109, 43.33321 ], [ 2.68964, 43.33172 ], [ 2.69286, 43.32866 ], [ 2.6928, 43.32538 ], [ 2.69645, 43.32048 ] ] } },
{ "type": "Feature", "properties": { "name": "Ruisseau des Contentes", "weight_class": 1, "permanent": true, "length_km": 3.4 }, "geometry": { "type": "LineString", "coordinates": [ [ 2.77005, 43.43914 ], [ 2.76818, 43.44557 ], [ 2.76966, 43.44667 ], [ 2.76961, 43.44898 ], [ 2.77321, 43.45239 ], [ 2.77337, 43.45692 ], [ 2.77264, 43.4591 ], [ 2.76784, 43.46164 ], [ 2.76758, 43.46497 ] ] } },
{ "type": "Feature", "properties": { "name": "Ruisseau de la Boriette", "weight_class": 1, "permanent": false, "length_km": 2.0 }, "geometry": { "type": "LineString", "coordinates": [ [ 2.76547, 43.43869 ], [ 2.75832, 43.4456 ], [ 2.75788, 43.44998 ], [ 2.75238, 43.45174 ] ] } },
{ "type": "Feature", "properties": { "name": "Ruisseau de Cavenac", "weight_class": 1, "permanent": true, "length_km": 7.4 }, "geometry": { "type": "LineString", "coordinates": [ [ 2.71152, 43.45365 ], [ 2.71787, 43.45513 ], [ 2.7247, 43.45337 ], [ 2.73204, 43.45301 ], [ 2.74043, 43.45519 ], [ 2.74115, 43.45727 ], [ 2.74402, 43.45929 ], [ 2.75189, 43.46069 ], [ 2.7544, 43.46307 ], [ 2.7578, 43.46407 ], [ 2.7592, 43.46292 ], [ 2.76257, 43.46434 ], [ 2.76717, 43.46476 ], [ 2.76601, 43.46635 ], [ 2.7676, 43.471 ], [ 2.7661, 43.47167 ], [ 2.76773, 43.47229 ], [ 2.76591, 43.47456 ], [ 2.76729, 43.47536 ], [ 2.76382, 43.47658 ] ] } },
{ "type": "Feature", "properties": { "name": "Ruisseau des Thérondels", "weight_class": 1, "permanent": true, "length_km": 3.6 }, "geometry": { "type": "LineString", "coordinates": [ [ 2.73032, 43.43947 ], [ 2.73091, 43.4421 ], [ 2.7359, 43.44556 ], [ 2.75063, 43.44963 ], [ 2.75235, 43.4516 ], [ 2.7526, 43.45415 ], [ 2.75223, 43.45924 ], [ 2.75062, 43.46029 ] ] } },
{ "type": "Feature", "properties": { "name": "Ruisseau de Teussines", "weight_class": 1, "permanent": true, "length_km": 4.2 }, "geometry": { "type": "LineString", "coordinates": [ [ 2.71766, 43.46027 ], [ 2.7192, 43.46007 ], [ 2.72195, 43.46194 ], [ 2.7247, 43.46193 ], [ 2.72694, 43.4634 ], [ 2.73221, 43.46406 ], [ 2.73439, 43.46636 ], [ 2.7374, 43.46574 ], [ 2.74264, 43.4663 ], [ 2.74565, 43.46847 ], [ 2.75207, 43.47016 ], [ 2.75862, 43.47571 ] ] } },
{ "type": "Feature", "properties": { "name": "Ruisseau d'Usclats", "weight_class": 1, "permanent": false, "length_km": 3.0 }, "geometry": { "type": "LineString", "coordinates": [ [ 2.67953, 43.46282 ], [ 2.68403, 43.4621 ], [ 2.69055, 43.46357 ], [ 2.7028, 43.47036 ], [ 2.71125, 43.47224 ] ] } },
{ "type": "Feature", "properties": { "name": "Ruisseau de Castelpy", "weight_class": 1, "permanent": true, "length_km": 5.8 }, "geometry": { "type": "LineString", "coordinates": [ [ 2.76852, 43.41972 ], [ 2.76595, 43.41681 ], [ 2.76698, 43.41453 ], [ 2.76631, 43.40751 ], [ 2.77039, 43.40453 ], [ 2.77102, 43.40243 ], [ 2.77706, 43.40028 ], [ 2.77782, 43.39739 ], [ 2.77962, 43.39787 ], [ 2.77868, 43.39935 ], [ 2.78062, 43.40128 ], [ 2.78445, 43.40111 ], [ 2.78585, 43.4024 ], [ 2.78761, 43.4021 ], [ 2.78922, 43.40294 ], [ 2.79209, 43.40022 ], [ 2.79427, 43.40073 ], [ 2.79577, 43.39993 ], [ 2.79819, 43.40082 ], [ 2.79917, 43.4 ] ] } },
{ "type": "Feature", "properties": { "name": "Ruisseau du Crouzet", "weight_class": 1, "permanent": false, "length_km": 5.3 }, "geometry": { "type": "LineString", "coordinates": [ [ 2.77724, 43.4375 ], [ 2.77671, 43.43518 ], [ 2.78054, 43.43337 ], [ 2.78151, 43.43069 ], [ 2.77985, 43.42722 ], [ 2.77658, 43.4239 ], [ 2.7767, 43.41931 ], [ 2.779, 43.41655 ], [ 2.78631, 43.41258 ], [ 2.79155, 43.40674 ], [ 2.7918, 43.40361 ], [ 2.79512, 43.40042 ] ] } },
{ "type": "Feature", "properties": { "name": "Ruisseau de Gleize", "weight_class": 1, "permanent": false, "length_km": 3.3 }, "geometry": { "type": "LineString", "coordinates": [ [ 2.7591, 43.43673 ], [ 2.75642, 43.43634 ], [ 2.75364, 43.43753 ], [ 2.75184, 43.43637 ], [ 2.74983, 43.43263 ], [ 2.74578, 43.43166 ], [ 2.74403, 43.42802 ], [ 2.7421, 43.42736 ], [ 2.74111, 43.42449 ], [ 2.74515, 43.42032 ], [ 2.74346, 43.41896 ] ] } },
{ "type": "Feature", "properties": { "name": "Ruisseau de Rieussec/Ruisseau de Merlac", "weight_class": 1, "permanent": true, "length_km": 10.5 }, "geometry": { "type": "LineString", "coordinates": [ [ 2.77079, 43.43821 ], [ 2.76604, 43.42647 ], [ 2.75503, 43.42264 ], [ 2.75026, 43.41987 ], [ 2.7465, 43.42002 ], [ 2.73934, 43.41719 ], [ 2.73857, 43.41459 ], [ 2.74051, 43.41227 ], [ 2.74295, 43.41202 ], [ 2.74752, 43.40905 ], [ 2.7496, 43.40646 ], [ 2.7479, 43.40476 ], [ 2.75103, 43.40226 ], [ 2.74876, 43.39823 ], [ 2.74578, 43.39615 ], [ 2.74118, 43.39473 ], [ 2.7393, 43.39475 ], [ 2.73804, 43.39576 ], [ 2.73592, 43.39535 ], [ 2.73546, 43.39711 ], [ 2.73207, 43.39699 ], [ 2.73036, 43.39556 ], [ 2.72846, 43.39704 ], [ 2.72712, 43.39509 ], [ 2.72622, 43.39596 ], [ 2.72432, 43.39583 ], [ 2.72628, 43.39407 ], [ 2.72542, 43.39191 ], [ 2.72334, 43.39228 ] ] } },
{ "type": "Feature", "properties": { "name": "Ruisseau de Lucarnis", "weight_class": 1, "permanent": false, "length_km": 2.4 }, "geometry": { "type": "LineString", "coordinates": [ [ 2.74115, 43.43223 ], [ 2.73725, 43.43496 ], [ 2.73176, 43.43237 ], [ 2.72873, 43.42803 ], [ 2.72449, 43.42563 ], [ 2.72381, 43.42218 ] ] } },
{ "type": "Feature", "properties": { "name": "Ruisseau de Lyre", "weight_class": 1, "permanent": false, "length_km": 3.2 }, "geometry": { "type": "LineString", "coordinates": [ [ 2.71013, 43.41867 ], [ 2.70915, 43.41768 ], [ 2.71001, 43.41507 ], [ 2.71268, 43.41332 ], [ 2.716, 43.41276 ], [ 2.71855, 43.40909 ], [ 2.71301, 43.40645 ], [ 2.71077, 43.403 ], [ 2.71189, 43.39862 ], [ 2.70971, 43.3975 ] ] } },
{ "type": "Feature", "properties": { "name": "Ruisseau de Maussac", "weight_class": 1, "permanent": false, "length_km": 2.3 }, "geometry": { "type": "LineString", "coordinates": [ [ 2.70309, 43.4189 ], [ 2.70239, 43.41327 ], [ 2.70525, 43.41119 ], [ 2.7059, 43.40786 ], [ 2.70451, 43.40564 ], [ 2.70504, 43.40429 ], [ 2.70378, 43.40339 ], [ 2.70594, 43.40076 ] ] } },
{ "type": "Feature", "properties": { "name": "le Brian", "weight_class": 1, "permanent": true, "length_km": 15.5 }, "geometry": { "type": "LineString", "coordinates": [ [ 2.69382, 43.42926 ], [ 2.69897, 43.42737 ], [ 2.70334, 43.42762 ], [ 2.70806, 43.42616 ], [ 2.7159, 43.42742 ], [ 2.72103, 43.42501 ], [ 2.72144, 43.42357 ], [ 2.72381, 43.42218 ], [ 2.72351, 43.42088 ], [ 2.72529, 43.41831 ], [ 2.72355, 43.41743 ], [ 2.72595, 43.41535 ], [ 2.72468, 43.4138 ], [ 2.72595, 43.41179 ], [ 2.72198, 43.40892 ], [ 2.72279, 43.40496 ], [ 2.72164, 43.40122 ], [ 2.7191, 43.39856 ], [ 2.72052, 43.39377 ], [ 2.72208, 43.39306 ], [ 2.7233, 43.39362 ], [ 2.72271, 43.39168 ], [ 2.72376, 43.38963 ], [ 2.72159, 43.3889 ], [ 2.71911, 43.38945 ], [ 2.71976, 43.38806 ], [ 2.71764, 43.38707 ], [ 2.71658, 43.38264 ], [ 2.71424, 43.38308 ], [ 2.7138, 43.3801 ], [ 2.71134, 43.37931 ], [ 2.71228, 43.37784 ], [ 2.7178, 43.37558 ], [ 2.71955, 43.37302 ], [ 2.72235, 43.37425 ], [ 2.72568, 43.37277 ], [ 2.72739, 43.3738 ], [ 2.72959, 43.37279 ], [ 2.73068, 43.37404 ], [ 2.73851, 43.37343 ], [ 2.73903, 43.36843 ], [ 2.74107, 43.36583 ], [ 2.74005, 43.36471 ], [ 2.74157, 43.3642 ], [ 2.74341, 43.35751 ], [ 2.748, 43.35421 ], [ 2.7477, 43.3532 ] ] } },
{ "type": "Feature", "properties": { "name": "Ruisseau de la Valette/Ruisseau de Valette", "weight_class": 1, "permanent": true, "length_km": 10.1 }, "geometry": { "type": "LineString", "coordinates": [ [ 2.69865, 43.42173 ], [ 2.6933, 43.41857 ], [ 2.68911, 43.41805 ], [ 2.68508, 43.41633 ], [ 2.67893, 43.41061 ], [ 2.6759, 43.41085 ], [ 2.67325, 43.40988 ], [ 2.67312, 43.409 ], [ 2.67109, 43.40895 ], [ 2.66876, 43.40737 ], [ 2.66828, 43.40517 ], [ 2.66357, 43.4026 ], [ 2.66257, 43.40132 ], [ 2.66338, 43.39941 ], [ 2.66183, 43.39746 ], [ 2.66286, 43.39599 ], [ 2.66108, 43.39594 ], [ 2.65971, 43.39417 ], [ 2.65819, 43.39509 ], [ 2.65773, 43.39384 ], [ 2.65598, 43.39402 ], [ 2.65691, 43.39174 ], [ 2.65846, 43.39096 ], [ 2.65684, 43.38897 ], [ 2.65925, 43.38791 ], [ 2.65622, 43.38681 ], [ 2.65801, 43.38348 ], [ 2.6559, 43.38439 ], [ 2.65382, 43.38299 ], [ 2.65549, 43.38118 ], [ 2.65297, 43.38076 ], [ 2.65248, 43.37868 ], [ 2.65367, 43.37746 ], [ 2.65121, 43.37683 ], [ 2.65417, 43.37388 ], [ 2.64936, 43.3734 ] ] } },
{ "type": "Feature", "properties": { "name": "Ruisseau des Clauzels", "weight_class": 1, "permanent": true, "length_km": 2.3 }, "geometry": { "type": "LineString", "coordinates": [ [ 2.65921, 43.42555 ], [ 2.65966, 43.42352 ], [ 2.66124, 43.42234 ], [ 2.66153, 43.41753 ], [ 2.6638, 43.41348 ], [ 2.66743, 43.41212 ], [ 2.67053, 43.40853 ] ] } },
{ "type": "Feature", "properties": { "name": "Ruisseau du Fourquet", "weight_class": 1, "permanent": false, "length_km": 2.6 }, "geometry": { "type": "LineString", "coordinates": [ [ 2.66781, 43.43074 ], [ 2.66845, 43.42842 ], [ 2.66746, 43.42705 ], [ 2.66807, 43.42407 ], [ 2.66962, 43.42273 ], [ 2.66887, 43.42064 ], [ 2.67038, 43.41448 ], [ 2.67309, 43.40959 ] ] } },
{ "type": "Feature", "properties": { "name": "Ruisseau des Espigeols", "weight_class": 2, "permanent": true, "length_km": 3.5 }, "geometry": { "type": "LineString", "coordinates": [ [ 2.65536, 43.42165 ], [ 2.65328, 43.41938 ], [ 2.64691, 43.41757 ], [ 2.64455, 43.41465 ], [ 2.64208, 43.4142 ], [ 2.64107, 43.41135 ], [ 2.63755, 43.41096 ], [ 2.63485, 43.40723 ], [ 2.63501, 43.4058 ], [ 2.63237, 43.40419 ], [ 2.63201, 43.40035 ] ] } },
{ "type": "Feature", "properties": { "name": "Ruisseau de la Serre Guiraud", "weight_class": 1, "permanent": true, "length_km": 2.5 }, "geometry": { "type": "LineString", "coordinates": [ [ 2.65323, 43.43166 ], [ 2.64544, 43.42895 ], [ 2.64367, 43.42634 ], [ 2.64375, 43.41933 ], [ 2.64201, 43.41409 ] ] } },
{ "type": "Feature", "properties": { "name": "Ruisseau de Coupiat", "weight_class": 1, "permanent": false, "length_km": 4.0 }, "geometry": { "type": "LineString", "coordinates": [ [ 2.76269, 43.38652 ], [ 2.76044, 43.38565 ], [ 2.75853, 43.38082 ], [ 2.76183, 43.37649 ], [ 2.76225, 43.37203 ], [ 2.76413, 43.36937 ], [ 2.76378, 43.36272 ], [ 2.76702, 43.35842 ], [ 2.7676, 43.35502 ] ] } },
{ "type": "Feature", "properties": { "name": "Ruisseau de Trémenal/Ruisseau de Noailles", "weight_class": 1, "permanent": false, "length_km": 7.2 }, "geometry": { "type": "LineString", "coordinates": [ [ 2.76538, 43.39029 ], [ 2.76878, 43.3918 ], [ 2.77149, 43.39187 ], [ 2.7735, 43.38999 ], [ 2.77813, 43.38899 ], [ 2.77873, 43.38471 ], [ 2.78129, 43.38378 ], [ 2.78233, 43.3778 ], [ 2.78705, 43.37364 ], [ 2.78666, 43.37084 ], [ 2.78806, 43.36696 ], [ 2.78683, 43.36606 ], [ 2.79089, 43.36197 ], [ 2.79501, 43.35971 ], [ 2.79429, 43.35712 ], [ 2.79546, 43.35591 ], [ 2.79407, 43.35117 ], [ 2.7957, 43.34414 ] ] } },
{ "type": "Feature", "properties": { "name": "Ruisseau de Boisset", "weight_class": 1, "permanent": true, "length_km": 5.4 }, "geometry": { "type": "LineString", "coordinates": [ [ 2.68345, 43.39597 ], [ 2.68491, 43.39474 ], [ 2.68753, 43.39543 ], [ 2.69791, 43.39913 ], [ 2.69893, 43.40067 ], [ 2.70454, 43.40127 ], [ 2.70802, 43.39993 ], [ 2.70971, 43.39727 ], [ 2.70707, 43.39504 ], [ 2.70704, 43.39291 ], [ 2.71006, 43.39036 ], [ 2.70809, 43.38958 ], [ 2.70888, 43.38893 ], [ 2.70805, 43.38803 ], [ 2.70989, 43.38852 ], [ 2.70904, 43.3859 ], [ 2.7109, 43.38317 ], [ 2.71396, 43.38231 ] ] } },
{ "type": "Feature", "properties": { "name": "Ruisseau de Montaud", "weight_class": 1, "permanent": true, "length_km": 2.9 }, "geometry": { "type": "LineString", "coordinates": [ [ 2.68471, 43.38675 ], [ 2.6806, 43.38526 ], [ 2.67339, 43.3789 ], [ 2.67049, 43.37787 ], [ 2.66946, 43.37648 ], [ 2.66772, 43.37634 ], [ 2.66697, 43.37341 ], [ 2.66503, 43.37208 ], [ 2.66586, 43.37078 ], [ 2.6641, 43.36953 ] ] } },
{ "type": "Feature", "properties": { "name": "Ruisseau de Barailliès", "weight_class": 1, "permanent": true, "length_km": 2.5 }, "geometry": { "type": "LineString", "coordinates": [ [ 2.68244, 43.39382 ], [ 2.67261, 43.39024 ], [ 2.66898, 43.38802 ], [ 2.66563, 43.38808 ], [ 2.65811, 43.38378 ] ] } },
{ "type": "Feature", "properties": { "name": "Ruisseau des Conques", "weight_class": 1, "permanent": false, "length_km": 3.0 }, "geometry": { "type": "LineString", "coordinates": [ [ 2.77309, 43.37175 ], [ 2.77371, 43.36868 ], [ 2.77712, 43.36475 ], [ 2.7826, 43.3612 ], [ 2.78359, 43.35837 ], [ 2.79414, 43.35225 ] ] } },
{ "type": "Feature", "properties": { "name": "Rec Caunès", "weight_class": 1, "permanent": false, "length_km": 2.1 }, "geometry": { "type": "LineString", "coordinates": [ [ 2.76846, 43.37881 ], [ 2.77401, 43.37614 ], [ 2.7783, 43.37087 ], [ 2.78735, 43.36812 ] ] } },
{ "type": "Feature", "properties": { "name": "Ruisseau de Goury", "weight_class": 1, "permanent": false, "length_km": 3.2 }, "geometry": { "type": "LineString", "coordinates": [ [ 2.74605, 43.38099 ], [ 2.74546, 43.37871 ], [ 2.75171, 43.37197 ], [ 2.75323, 43.36589 ], [ 2.75665, 43.36315 ], [ 2.76184, 43.35591 ] ] } },
{ "type": "Feature", "properties": { "name": "Ruisseau de Brunan", "weight_class": 1, "permanent": true, "length_km": 2.5 }, "geometry": { "type": "LineString", "coordinates": [ [ 2.7077, 43.36762 ], [ 2.71321, 43.36339 ], [ 2.71666, 43.36192 ], [ 2.71814, 43.35823 ], [ 2.72053, 43.35636 ], [ 2.7205, 43.35335 ], [ 2.72302, 43.34994 ] ] } },
{ "type": "Feature", "properties": { "name": "Ruisseau du Bouys", "weight_class": 1, "permanent": true, "length_km": 2.9 }, "geometry": { "type": "LineString", "coordinates": [ [ 2.70154, 43.3738 ], [ 2.70503, 43.36916 ], [ 2.70385, 43.3666 ], [ 2.70468, 43.36281 ], [ 2.70229, 43.35779 ], [ 2.70509, 43.35407 ], [ 2.705, 43.35114 ] ] } },
{ "type": "Feature", "properties": { "name": "Ruisseau de Vieulac", "weight_class": 1, "permanent": false, "length_km": 3.2 }, "geometry": { "type": "LineString", "coordinates": [ [ 2.6949, 43.38082 ], [ 2.69133, 43.37998 ], [ 2.68883, 43.37412 ], [ 2.68581, 43.37089 ], [ 2.69161, 43.36289 ], [ 2.69355, 43.35818 ] ] } },
{ "type": "Feature", "properties": { "name": "Ruisseau de Riols", "weight_class": 1, "permanent": false, "length_km": 2.9 }, "geometry": { "type": "LineString", "coordinates": [ [ 2.63462, 43.36305 ], [ 2.63566, 43.36423 ], [ 2.63944, 43.36452 ], [ 2.64236, 43.36298 ], [ 2.64853, 43.36303 ], [ 2.65133, 43.36539 ], [ 2.65528, 43.36548 ], [ 2.6563, 43.36669 ], [ 2.66067, 43.36815 ], [ 2.66172, 43.37012 ] ] } },
{ "type": "Feature", "properties": { "name": "l'Espène", "weight_class": 1, "permanent": false, "length_km": 12.2 }, "geometry": { "type": "MultiLineString", "coordinates": [ [ [ 2.66059, 43.35882 ], [ 2.66169, 43.35056 ], [ 2.66069, 43.34866 ], [ 2.66205, 43.34581 ], [ 2.66075, 43.34331 ], [ 2.66178, 43.33957 ], [ 2.66066, 43.33564 ], [ 2.66892, 43.33032 ], [ 2.67002, 43.32757 ], [ 2.67331, 43.32522 ], [ 2.67975, 43.31535 ], [ 2.68146, 43.31453 ] ], [ [ 2.69163, 43.31294 ], [ 2.69916, 43.3102 ], [ 2.70097, 43.30807 ], [ 2.70629, 43.30692 ], [ 2.70792, 43.30576 ], [ 2.70884, 43.30052 ], [ 2.71956, 43.28963 ], [ 2.72525, 43.2892 ], [ 2.73293, 43.28609 ], [ 2.73731, 43.28123 ], [ 2.73631, 43.27739 ], [ 2.73483, 43.2759 ], [ 2.73582, 43.27448 ] ] ] } },
{ "type": "Feature", "properties": { "name": "Ruisseau des Marges/Ruisseau des Balmes", "weight_class": 1, "permanent": false, "length_km": 2.6 }, "geometry": { "type": "LineString", "coordinates": [ [ 2.61633, 43.35775 ], [ 2.61332, 43.35383 ], [ 2.61344, 43.34827 ], [ 2.60803, 43.3457 ], [ 2.60808, 43.34306 ], [ 2.60159, 43.34164 ] ] } },
{ "type": "Feature", "properties": { "name": "Ruisseau de Saint-Peyre", "weight_class": 1, "permanent": false, "length_km": 2.8 }, "geometry": { "type": "LineString", "coordinates": [ [ 2.6126, 43.37683 ], [ 2.61292, 43.36921 ], [ 2.61583, 43.36545 ], [ 2.61502, 43.36185 ], [ 2.61019, 43.3607 ], [ 2.60653, 43.35715 ] ] } },
{ "type": "Feature", "properties": { "name": "Ruisseau de Graniès", "weight_class": 1, "permanent": false, "length_km": 2.4 }, "geometry": { "type": "LineString", "coordinates": [ [ 2.76662, 43.34297 ], [ 2.77087, 43.34017 ], [ 2.77456, 43.33898 ], [ 2.7806, 43.33402 ], [ 2.78314, 43.33376 ], [ 2.78681, 43.33012 ] ] } },
{ "type": "Feature", "properties": { "name": "Ruisseau de Saint-Jean de Caps", "weight_class": 1, "permanent": false, "length_km": 4.8 }, "geometry": { "type": "LineString", "coordinates": [ [ 2.76927, 43.334 ], [ 2.77304, 43.3336 ], [ 2.77876, 43.33007 ], [ 2.78345, 43.33056 ], [ 2.79112, 43.3293 ], [ 2.79354, 43.3299 ], [ 2.79586, 43.32926 ], [ 2.79748, 43.3301 ], [ 2.80039, 43.32904 ], [ 2.80392, 43.32949 ], [ 2.80692, 43.32773 ], [ 2.80746, 43.32613 ], [ 2.81905, 43.32339 ] ] } },
{ "type": "Feature", "properties": { "name": "Ruisseau des Perdigals/Ruisseau des Bals", "weight_class": 1, "permanent": false, "length_km": 2.6 }, "geometry": { "type": "LineString", "coordinates": [ [ 2.75699, 43.33858 ], [ 2.75503, 43.33764 ], [ 2.75878, 43.32779 ], [ 2.75837, 43.32628 ], [ 2.74869, 43.32639 ], [ 2.7475, 43.32525 ] ] } },
{ "type": "Feature", "properties": { "name": "Ruisseau de Peyrios", "weight_class": 1, "permanent": false, "length_km": 5.2 }, "geometry": { "type": "LineString", "coordinates": [ [ 2.74134, 43.33503 ], [ 2.74111, 43.33387 ], [ 2.74393, 43.33001 ], [ 2.74691, 43.32802 ], [ 2.74674, 43.32556 ], [ 2.74849, 43.32482 ], [ 2.75224, 43.31938 ], [ 2.74864, 43.31681 ], [ 2.74053, 43.31517 ], [ 2.73964, 43.31331 ], [ 2.73358, 43.31077 ], [ 2.72895, 43.31131 ], [ 2.7237, 43.31411 ] ] } },
{ "type": "Feature", "properties": { "name": "Ruisseau de Mousque d'Ase", "weight_class": 1, "permanent": false, "length_km": 2.9 }, "geometry": { "type": "LineString", "coordinates": [ [ 2.71598, 43.33754 ], [ 2.71872, 43.33184 ], [ 2.7214, 43.32891 ], [ 2.72142, 43.32615 ], [ 2.72412, 43.32178 ], [ 2.72509, 43.31589 ], [ 2.72398, 43.3143 ] ] } },
{ "type": "Feature", "properties": { "name": "Ruisseau des Cigalières", "weight_class": 1, "permanent": false, "length_km": 3.2 }, "geometry": { "type": "LineString", "coordinates": [ [ 2.72238, 43.33868 ], [ 2.72708, 43.33294 ], [ 2.72688, 43.33063 ], [ 2.72856, 43.32918 ], [ 2.72634, 43.3275 ], [ 2.72571, 43.3238 ], [ 2.72854, 43.3181 ], [ 2.72612, 43.31543 ], [ 2.72454, 43.31555 ] ] } },
{ "type": "Feature", "properties": { "name": "Ruisseau du Pas de Fosse", "weight_class": 1, "permanent": false, "length_km": 5.9 }, "geometry": { "type": "LineString", "coordinates": [ [ 2.73048, 43.33521 ], [ 2.73567, 43.33156 ], [ 2.73627, 43.32734 ], [ 2.738, 43.32572 ], [ 2.73649, 43.3242 ], [ 2.73619, 43.3189 ], [ 2.73272, 43.31726 ], [ 2.73072, 43.31506 ], [ 2.7237, 43.31415 ], [ 2.71762, 43.30732 ], [ 2.71292, 43.30542 ], [ 2.71333, 43.29744 ], [ 2.71252, 43.29655 ] ] } },
{ "type": "Feature", "properties": { "name": "la Rivière de Cesseras/Ruisseau de Font Galine", "weight_class": 1, "permanent": false, "length_km": 4.5 }, "geometry": { "type": "LineString", "coordinates": [ [ 2.71037, 43.33934 ], [ 2.71374, 43.331 ], [ 2.71208, 43.32696 ], [ 2.71264, 43.32547 ], [ 2.71797, 43.32029 ], [ 2.71681, 43.31897 ], [ 2.71177, 43.31719 ], [ 2.70809, 43.30973 ], [ 2.70792, 43.30576 ] ] } },
{ "type": "Feature", "properties": { "name": "Ruisseau du Charbon", "weight_class": 1, "permanent": false, "length_km": 3.6 }, "geometry": { "type": "LineString", "coordinates": [ [ 2.69293, 43.34723 ], [ 2.69722, 43.34632 ], [ 2.70267, 43.34268 ], [ 2.70405, 43.33935 ], [ 2.70263, 43.33749 ], [ 2.70432, 43.33433 ], [ 2.70352, 43.33057 ], [ 2.71089, 43.3261 ], [ 2.7124, 43.32621 ] ] } },
{ "type": "Feature", "properties": { "name": "Ruisseau des Garrigues", "weight_class": 1, "permanent": false, "length_km": 4.3 }, "geometry": { "type": "LineString", "coordinates": [ [ 2.67486, 43.35012 ], [ 2.67725, 43.34271 ], [ 2.6776, 43.33725 ], [ 2.6802, 43.33551 ], [ 2.68207, 43.32942 ], [ 2.68069, 43.32535 ], [ 2.6822, 43.32387 ], [ 2.68146, 43.32059 ], [ 2.68595, 43.31639 ] ] } },
{ "type": "Feature", "properties": { "name": "Ruisseau de Landrogoul/Ruisseau de Camplong", "weight_class": 1, "permanent": false, "length_km": 5.4 }, "geometry": { "type": "LineString", "coordinates": [ [ 2.64072, 43.3393 ], [ 2.64195, 43.33438 ], [ 2.64662, 43.32948 ], [ 2.64839, 43.32437 ], [ 2.65082, 43.32228 ], [ 2.65298, 43.32193 ], [ 2.6544, 43.31952 ], [ 2.66107, 43.315 ], [ 2.66345, 43.3139 ], [ 2.66883, 43.31349 ], [ 2.67124, 43.3109 ], [ 2.67306, 43.3104 ], [ 2.67338, 43.30741 ], [ 2.6766, 43.30535 ] ] } },
{ "type": "Feature", "properties": { "name": "Ruisseau de la Galine", "weight_class": 1, "permanent": false, "length_km": 2.9 }, "geometry": { "type": "LineString", "coordinates": [ [ 2.66234, 43.33188 ], [ 2.66199, 43.3272 ], [ 2.67, 43.31991 ], [ 2.67233, 43.31887 ], [ 2.67129, 43.31466 ], [ 2.67306, 43.3104 ] ] } },
{ "type": "Feature", "properties": { "name": "Ruisseau du Fond de Causse", "weight_class": 1, "permanent": false, "length_km": 4.5 }, "geometry": { "type": "LineString", "coordinates": [ [ 2.63813, 43.34809 ], [ 2.63622, 43.34254 ], [ 2.6308, 43.34077 ], [ 2.62628, 43.34069 ], [ 2.62482, 43.33913 ], [ 2.61433, 43.34025 ], [ 2.61361, 43.33955 ], [ 2.61137, 43.34052 ], [ 2.6044, 43.33962 ], [ 2.60522, 43.33745 ], [ 2.60422, 43.33261 ] ] } },
{ "type": "Feature", "properties": { "name": "Ruisseau des Mourgues", "weight_class": 1, "permanent": false, "length_km": 4.1 }, "geometry": { "type": "LineString", "coordinates": [ [ 2.61375, 43.33357 ], [ 2.61249, 43.33143 ], [ 2.61478, 43.32856 ], [ 2.61853, 43.32598 ], [ 2.62367, 43.32485 ], [ 2.63397, 43.31706 ], [ 2.63782, 43.3105 ], [ 2.63678, 43.30645 ] ] } },
{ "type": "Feature", "properties": { "name": "le Tartiguier/Ruisseau de Beaufort", "weight_class": 1, "permanent": true, "length_km": 6.5 }, "geometry": { "type": "LineString", "coordinates": [ [ 2.78157, 43.31617 ], [ 2.77821, 43.31418 ], [ 2.77446, 43.30988 ], [ 2.76787, 43.3076 ], [ 2.76673, 43.30531 ], [ 2.76357, 43.30335 ], [ 2.76183, 43.30388 ], [ 2.75964, 43.30294 ], [ 2.7595, 43.3017 ], [ 2.75677, 43.29968 ], [ 2.75452, 43.29887 ], [ 2.75277, 43.30005 ], [ 2.74972, 43.29988 ], [ 2.74514, 43.29809 ], [ 2.74492, 43.29678 ], [ 2.73886, 43.29525 ], [ 2.73789, 43.29342 ], [ 2.73805, 43.28745 ], [ 2.73303, 43.28582 ] ] } },
{ "type": "Feature", "properties": { "name": "Ruisseau de Thérondel", "weight_class": 1, "permanent": false, "length_km": 2.3 }, "geometry": { "type": "LineString", "coordinates": [ [ 2.77561, 43.32324 ], [ 2.76368, 43.32408 ], [ 2.76126, 43.32205 ], [ 2.75778, 43.32207 ], [ 2.75462, 43.32093 ], [ 2.75216, 43.32156 ], [ 2.75199, 43.32079 ] ] } },
{ "type": "Feature", "properties": { "name": "Ruisseau de l'Angély", "weight_class": 1, "permanent": false, "length_km": 2.4 }, "geometry": { "type": "LineString", "coordinates": [ [ 2.62627, 43.33069 ], [ 2.63442, 43.32788 ], [ 2.64063, 43.32439 ], [ 2.64299, 43.32508 ], [ 2.64777, 43.32252 ], [ 2.6506, 43.32243 ] ] } },
{ "type": "Feature", "properties": { "name": "Ruisseau des Pontels", "weight_class": 1, "permanent": false, "length_km": 2.4 }, "geometry": { "type": "LineString", "coordinates": [ [ 2.65078, 43.31176 ], [ 2.6603, 43.30687 ], [ 2.66568, 43.30597 ], [ 2.66866, 43.30405 ], [ 2.67136, 43.30396 ], [ 2.67455, 43.3014 ] ] } },
{ "type": "Feature", "properties": { "name": "Ruisseau de la Garde", "weight_class": 1, "permanent": false, "length_km": 4.0 }, "geometry": { "type": "LineString", "coordinates": [ [ 2.78075, 43.27441 ], [ 2.77243, 43.27264 ], [ 2.7631, 43.27223 ], [ 2.75701, 43.274 ], [ 2.75347, 43.27256 ], [ 2.7494, 43.27342 ], [ 2.74584, 43.27537 ], [ 2.74181, 43.27429 ], [ 2.73957, 43.27078 ] ] } },
{ "type": "Feature", "properties": { "name": "Ruisseau de Saint-Clément", "weight_class": 1, "permanent": false, "length_km": 3.1 }, "geometry": { "type": "LineString", "coordinates": [ [ 2.76565, 43.28441 ], [ 2.75884, 43.28563 ], [ 2.75417, 43.28552 ], [ 2.75192, 43.28376 ], [ 2.74737, 43.28245 ], [ 2.74362, 43.27993 ], [ 2.74368, 43.27808 ], [ 2.74007, 43.27509 ], [ 2.73993, 43.27249 ] ] } },
{ "type": "Feature", "properties": { "name": "Ruisseau de Bassanel", "weight_class": 1, "permanent": false, "length_km": 2.7 }, "geometry": { "type": "LineString", "coordinates": [ [ 2.76663, 43.25823 ], [ 2.76474, 43.26325 ], [ 2.76001, 43.26453 ], [ 2.74939, 43.26391 ], [ 2.74795, 43.26176 ], [ 2.74897, 43.25824 ] ] } },
{ "type": "Feature", "properties": { "name": "Ruisseau de Sarrouzel", "weight_class": 1, "permanent": true, "length_km": 2.5 }, "geometry": { "type": "LineString", "coordinates": [ [ 2.59472, 43.41871 ], [ 2.60367, 43.41703 ], [ 2.61408, 43.41303 ], [ 2.61896, 43.41347 ], [ 2.62166, 43.41481 ] ] } },
{ "type": "Feature", "properties": { "name": "la Cesse", "weight_class": 2, "permanent": true, "length_km": 38.7 }, "geometry": { "type": "LineString", "coordinates": [ [ 2.60221, 43.42931 ], [ 2.60633, 43.42902 ], [ 2.60815, 43.42567 ], [ 2.61867, 43.42123 ], [ 2.62244, 43.41351 ], [ 2.62588, 43.41099 ], [ 2.62451, 43.40803 ], [ 2.62514, 43.4063 ], [ 2.62856, 43.40278 ], [ 2.63169, 43.40129 ], [ 2.63139, 43.39724 ], [ 2.63311, 43.39232 ], [ 2.62999, 43.39192 ], [ 2.63145, 43.38868 ], [ 2.62915, 43.38696 ], [ 2.62966, 43.37897 ], [ 2.62896, 43.37723 ], [ 2.62655, 43.37667 ], [ 2.63224, 43.3733 ], [ 2.63445, 43.37551 ], [ 2.63584, 43.37566 ], [ 2.63876, 43.37221 ], [ 2.64034, 43.37487 ], [ 2.64332, 43.37517 ], [ 2.64429, 43.37632 ], [ 2.64547, 43.37544 ], [ 2.64831, 43.37667 ], [ 2.64945, 43.37281 ], [ 2.65169, 43.37162 ], [ 2.65128, 43.36676 ], [ 2.6529, 43.3674 ], [ 2.65317, 43.36936 ], [ 2.65635, 43.36853 ], [ 2.65884, 43.3702 ], [ 2.66272, 43.37014 ], [ 2.6636, 43.37153 ], [ 2.66434, 43.37 ], [ 2.66245, 43.36699 ], [ 2.66357, 43.36564 ], [ 2.66733, 43.36562 ], [ 2.6686, 43.36639 ], [ 2.6707, 43.36395 ], [ 2.6736, 43.36403 ], [ 2.67708, 43.36068 ], [ 2.67949, 43.36115 ], [ 2.67967, 43.35758 ], [ 2.68354, 43.35577 ], [ 2.69134, 43.3574 ], [ 2.69287, 43.35657 ], [ 2.69389, 43.35819 ], [ 2.70615, 43.35067 ], [ 2.71092, 43.34617 ], [ 2.71367, 43.34649 ], [ 2.71542, 43.34908 ], [ 2.71919, 43.34871 ], [ 2.72003, 43.3499 ], [ 2.72376, 43.34995 ], [ 2.72815, 43.34851 ], [ 2.73065, 43.35125 ], [ 2.73598, 43.35199 ], [ 2.7372, 43.35352 ], [ 2.73801, 43.35301 ], [ 2.74099, 43.35396 ], [ 2.74503, 43.35371 ], [ 2.74609, 43.35277 ], [ 2.7477, 43.3532 ], [ 2.75003, 43.34947 ], [ 2.7527, 43.34897 ], [ 2.75569, 43.35332 ], [ 2.76089, 43.35302 ], [ 2.76076, 43.35384 ], [ 2.76213, 43.35434 ], [ 2.76161, 43.35573 ], [ 2.76484, 43.35693 ], [ 2.76697, 43.35503 ], [ 2.77118, 43.35545 ], [ 2.77331, 43.35352 ], [ 2.78018, 43.35159 ], [ 2.78342, 43.34825 ], [ 2.7883, 43.34741 ], [ 2.79365, 43.34427 ], [ 2.79918, 43.34366 ], [ 2.80394, 43.34425 ], [ 2.80972, 43.34218 ], [ 2.81866, 43.34217 ], [ 2.82135, 43.34021 ], [ 2.83, 43.33681 ], [ 2.83522, 43.33764 ], [ 2.83753, 43.342 ], [ 2.83921, 43.34229 ], [ 2.84667, 43.34044 ], [ 2.85519, 43.33609 ], [ 2.85625, 43.33736 ], [ 2.85603, 43.34317 ], [ 2.85703, 43.34424 ], [ 2.86079, 43.34494 ], [ 2.86373, 43.34348 ], [ 2.86885, 43.34266 ], [ 2.87247, 43.33958 ], [ 2.87459, 43.33935 ], [ 2.87508, 43.33314 ] ] } },
{ "type": "Feature", "properties": { "name": "Ruisseau de Bailliaure", "weight_class": 1, "permanent": true, "length_km": 3.5 }, "geometry": { "type": "LineString", "coordinates": [ [ 2.59661, 43.40833 ], [ 2.60092, 43.40519 ], [ 2.6055, 43.40443 ], [ 2.60894, 43.40531 ], [ 2.61066, 43.40466 ], [ 2.61438, 43.40503 ], [ 2.61959, 43.40203 ], [ 2.62399, 43.40214 ], [ 2.62624, 43.40045 ], [ 2.63179, 43.39927 ] ] } },
{ "type": "Feature", "properties": { "name": "Ruisseau de l'Aygue Blanche", "weight_class": 1, "permanent": true, "length_km": 4.6 }, "geometry": { "type": "LineString", "coordinates": [ [ 2.59159, 43.4014 ], [ 2.5956, 43.39432 ], [ 2.6007, 43.38946 ], [ 2.60218, 43.38877 ], [ 2.6106, 43.38864 ], [ 2.61677, 43.38704 ], [ 2.61973, 43.38255 ], [ 2.62756, 43.37976 ], [ 2.62919, 43.37751 ] ] } },
{ "type": "Feature", "properties": { "name": "Ruisseau de Linze", "weight_class": 1, "permanent": true, "length_km": 6.1 }, "geometry": { "type": "LineString", "coordinates": [ [ 2.58614, 43.39561 ], [ 2.58659, 43.3927 ], [ 2.58518, 43.39163 ], [ 2.57904, 43.3911 ], [ 2.57527, 43.39194 ], [ 2.57196, 43.39133 ], [ 2.56801, 43.38924 ], [ 2.56644, 43.3858 ], [ 2.56099, 43.3806 ], [ 2.55928, 43.37402 ], [ 2.55699, 43.37136 ], [ 2.55626, 43.36775 ], [ 2.55718, 43.36598 ], [ 2.55464, 43.36605 ], [ 2.55233, 43.36378 ], [ 2.55298, 43.36179 ], [ 2.55016, 43.36151 ] ] } },
{ "type": "Feature", "properties": { "name": "Ruisseau de Tarigoule", "weight_class": 1, "permanent": false, "length_km": 3.3 }, "geometry": { "type": "LineString", "coordinates": [ [ 2.5877, 43.38626 ], [ 2.57305, 43.37954 ], [ 2.56936, 43.37462 ], [ 2.56804, 43.36511 ] ] } },
{ "type": "Feature", "properties": { "name": "Ruisseau des Graves", "weight_class": 1, "permanent": false, "length_km": 2.2 }, "geometry": { "type": "LineString", "coordinates": [ [ 2.59158, 43.38409 ], [ 2.59651, 43.37903 ], [ 2.59777, 43.37315 ], [ 2.59588, 43.36784 ], [ 2.59753, 43.36636 ] ] } },
{ "type": "Feature", "properties": { "name": "l'Ognon", "weight_class": 1, "permanent": true, "length_km": 20.1 }, "geometry": { "type": "MultiLineString", "coordinates": [ [ [ 2.58782, 43.3795 ], [ 2.59179, 43.3754 ], [ 2.59343, 43.36832 ], [ 2.59753, 43.36636 ], [ 2.60278, 43.36219 ], [ 2.60457, 43.35848 ], [ 2.60653, 43.35715 ], [ 2.60538, 43.35323 ], [ 2.60098, 43.35184 ], [ 2.60087, 43.34736 ], [ 2.59937, 43.34597 ], [ 2.59919, 43.34349 ], [ 2.60162, 43.34158 ], [ 2.60169, 43.33764 ], [ 2.60421, 43.33291 ], [ 2.6019, 43.32929 ], [ 2.6033, 43.32269 ], [ 2.60626, 43.32053 ], [ 2.60715, 43.31739 ], [ 2.61015, 43.31534 ], [ 2.6123, 43.31041 ], [ 2.62183, 43.30741 ], [ 2.62462, 43.30966 ], [ 2.62973, 43.30954 ], [ 2.63381, 43.30561 ], [ 2.63756, 43.30659 ], [ 2.63859, 43.30544 ], [ 2.6428, 43.30462 ], [ 2.64708, 43.30435 ], [ 2.65172, 43.3053 ], [ 2.6532, 43.303 ], [ 2.65905, 43.30413 ], [ 2.66349, 43.30176 ], [ 2.66668, 43.30262 ], [ 2.66887, 43.30019 ], [ 2.67265, 43.30162 ], [ 2.67452, 43.30134 ] ], [ [ 2.70182, 43.28604 ], [ 2.70269, 43.28486 ], [ 2.71025, 43.28245 ], [ 2.71954, 43.2777 ], [ 2.72107, 43.27822 ], [ 2.72842, 43.27727 ], [ 2.7312, 43.27461 ], [ 2.73604, 43.27437 ], [ 2.73957, 43.27078 ], [ 2.73898, 43.26686 ], [ 2.74097, 43.26468 ] ] ] } },
{ "type": "Feature", "properties": { "name": "Ruisseau des Trémouls", "weight_class": 1, "permanent": true, "length_km": 3.4 }, "geometry": { "type": "LineString", "coordinates": [ [ 2.57687, 43.37636 ], [ 2.57901, 43.37045 ], [ 2.57572, 43.36896 ], [ 2.57445, 43.36525 ], [ 2.56726, 43.36532 ], [ 2.56619, 43.36372 ], [ 2.56365, 43.36471 ], [ 2.55878, 43.3637 ], [ 2.55696, 43.36409 ], [ 2.55611, 43.3655 ] ] } },
{ "type": "Feature", "properties": { "name": "Ruisseau du Cros", "weight_class": 1, "permanent": false, "length_km": 3.2 }, "geometry": { "type": "MultiLineString", "coordinates": [ [ [ 2.54531, 43.35378 ], [ 2.54656, 43.35182 ], [ 2.54518, 43.35118 ], [ 2.54423, 43.34852 ], [ 2.54326, 43.34877 ], [ 2.54311, 43.34733 ], [ 2.54108, 43.34579 ], [ 2.54014, 43.34627 ] ], [ [ 2.56873, 43.3596 ], [ 2.5588, 43.35679 ], [ 2.55388, 43.35849 ], [ 2.54955, 43.35769 ] ] ] } },
{ "type": "Feature", "properties": { "name": "Ruisseau des Merlaux", "weight_class": 1, "permanent": true, "length_km": 4.8 }, "geometry": { "type": "LineString", "coordinates": [ [ 2.56189, 43.3512 ], [ 2.56161, 43.34901 ], [ 2.5703, 43.34631 ], [ 2.57467, 43.34362 ], [ 2.58323, 43.34275 ], [ 2.58533, 43.34333 ], [ 2.58826, 43.34122 ], [ 2.59188, 43.34018 ], [ 2.59656, 43.33696 ], [ 2.59757, 43.33523 ], [ 2.59969, 43.3349 ], [ 2.60037, 43.3309 ], [ 2.6019, 43.32929 ] ] } },
{ "type": "Feature", "properties": { "name": "Ruisseau de Canet", "weight_class": 1, "permanent": false, "length_km": 3.5 }, "geometry": { "type": "MultiLineString", "coordinates": [ [ [ 2.56351, 43.34399 ], [ 2.56555, 43.3414 ], [ 2.56506, 43.33769 ], [ 2.56756, 43.3357 ] ], [ [ 2.60107, 43.29821 ], [ 2.60758, 43.29681 ], [ 2.61119, 43.29358 ], [ 2.61395, 43.29298 ], [ 2.61826, 43.28738 ], [ 2.61698, 43.28392 ] ] ] } },
{ "type": "Feature", "properties": { "name": "Ruisseau de la Sang", "weight_class": 1, "permanent": false, "length_km": 3.9 }, "geometry": { "type": "LineString", "coordinates": [ [ 2.59146, 43.31958 ], [ 2.59829, 43.31802 ], [ 2.60124, 43.31637 ], [ 2.60627, 43.31093 ], [ 2.60849, 43.30745 ], [ 2.60821, 43.30344 ], [ 2.61114, 43.29958 ], [ 2.61395, 43.29298 ] ] } },
{ "type": "Feature", "properties": { "name": "l'Aude", "weight_class": 3, "permanent": true, "length_km": 6.2 }, "geometry": { "type": "MultiLineString", "coordinates": [ [ [ 2.73626, 43.26301 ], [ 2.74074, 43.26469 ], [ 2.74308, 43.26378 ], [ 2.74488, 43.26049 ], [ 2.75123, 43.25646 ], [ 2.75493, 43.25015 ] ], [ [ 3.14363, 43.24721 ], [ 3.14985, 43.24647 ], [ 3.15551, 43.24257 ] ], [ [ 3.15905, 43.24257 ], [ 3.16261, 43.24416 ], [ 3.16826, 43.24299 ] ], [ [ 3.22301, 43.22095 ], [ 3.233, 43.21714 ], [ 3.24006, 43.21278 ] ] ] } },
{ "type": "Feature", "properties": { "name": "Ruisseau de la Pignède", "weight_class": 1, "permanent": false, "length_km": 2.5 }, "geometry": { "type": "LineString", "coordinates": [ [ 3.90875, 43.87605 ], [ 3.90979, 43.87169 ], [ 3.90791, 43.86959 ], [ 3.90958, 43.86615 ], [ 3.90763, 43.86115 ], [ 3.90932, 43.85938 ], [ 3.91168, 43.8595 ] ] } },
{ "type": "Feature", "properties": { "name": "Ruisseau de la Liquière", "weight_class": 1, "permanent": false, "length_km": 2.6 }, "geometry": { "type": "LineString", "coordinates": [ [ 3.75544, 43.77676 ], [ 3.74923, 43.77595 ], [ 3.74238, 43.77904 ], [ 3.73799, 43.78423 ], [ 3.73346, 43.78772 ] ] } },
{ "type": "Feature", "properties": { "name": "Ruisseau de Saint-Roman", "weight_class": 1, "permanent": false, "length_km": 2.2 }, "geometry": { "type": "LineString", "coordinates": [ [ 3.81303, 43.77656 ], [ 3.80822, 43.77459 ], [ 3.80879, 43.77175 ], [ 3.81842, 43.76857 ], [ 3.82132, 43.76603 ] ] } },
{ "type": "Feature", "properties": { "name": "Ruisseau du Joncas", "weight_class": 1, "permanent": false, "length_km": 5.1 }, "geometry": { "type": "LineString", "coordinates": [ [ 3.5068, 43.73784 ], [ 3.50825, 43.7355 ], [ 3.50724, 43.72991 ], [ 3.50224, 43.72508 ], [ 3.50159, 43.72211 ], [ 3.4995, 43.7209 ], [ 3.49937, 43.71954 ], [ 3.50204, 43.71791 ], [ 3.50133, 43.7152 ], [ 3.49993, 43.71315 ], [ 3.49748, 43.71309 ], [ 3.49645, 43.71097 ], [ 3.49533, 43.71094 ], [ 3.49921, 43.70745 ], [ 3.49819, 43.70624 ], [ 3.49923, 43.70489 ], [ 3.49807, 43.70438 ], [ 3.4986, 43.70311 ] ] } },
{ "type": "Feature", "properties": { "name": "Ruisseau de Doumergoux", "weight_class": 1, "permanent": false, "length_km": 3.8 }, "geometry": { "type": "LineString", "coordinates": [ [ 3.34393, 43.72553 ], [ 3.34329, 43.72308 ], [ 3.3479, 43.71926 ], [ 3.34761, 43.71675 ], [ 3.35027, 43.7121 ], [ 3.35018, 43.70953 ], [ 3.3573, 43.70206 ], [ 3.36432, 43.69795 ] ] } },
{ "type": "Feature", "properties": { "name": "Canal d'Irrigation de Gignac", "weight_class": 1, "permanent": true, "length_km": 34.6 }, "geometry": { "type": "LineString", "coordinates": [ [ 3.59805, 43.74916 ], [ 3.59231, 43.74944 ], [ 3.58991, 43.7461 ], [ 3.58842, 43.74552 ], [ 3.57793, 43.74846 ], [ 3.56678, 43.7428 ], [ 3.56379, 43.74314 ], [ 3.56058, 43.7423 ], [ 3.55482, 43.73308 ], [ 3.5513, 43.72589 ], [ 3.55428, 43.7217 ], [ 3.55383, 43.71064 ], [ 3.56511, 43.70512 ], [ 3.56965, 43.70452 ], [ 3.57532, 43.70503 ], [ 3.57789, 43.70144 ], [ 3.58521, 43.69878 ], [ 3.58485, 43.69448 ], [ 3.58748, 43.69151 ], [ 3.58711, 43.68199 ], [ 3.58587, 43.68223 ], [ 3.58436, 43.68041 ], [ 3.58168, 43.67358 ], [ 3.57762, 43.66881 ], [ 3.57189, 43.66589 ], [ 3.56771, 43.66503 ], [ 3.57037, 43.66205 ], [ 3.56948, 43.66068 ], [ 3.56568, 43.66133 ], [ 3.56263, 43.65991 ], [ 3.56127, 43.65824 ], [ 3.56178, 43.65711 ], [ 3.5588, 43.65781 ], [ 3.54875, 43.64954 ], [ 3.54731, 43.64602 ], [ 3.55172, 43.64378 ], [ 3.55166, 43.64257 ], [ 3.55375, 43.64075 ], [ 3.55272, 43.63978 ], [ 3.54691, 43.64297 ], [ 3.54444, 43.64336 ], [ 3.54323, 43.64251 ], [ 3.54139, 43.6352 ], [ 3.54383, 43.63378 ], [ 3.54396, 43.63199 ], [ 3.5417, 43.63277 ], [ 3.53119, 43.63147 ], [ 3.53076, 43.62843 ], [ 3.52908, 43.62867 ], [ 3.52552, 43.62583 ], [ 3.53017, 43.62259 ], [ 3.52939, 43.62155 ], [ 3.52349, 43.62338 ], [ 3.52021, 43.62222 ], [ 3.51592, 43.62248 ], [ 3.5152, 43.62065 ], [ 3.50993, 43.62084 ], [ 3.5114, 43.61962 ], [ 3.51034, 43.61787 ], [ 3.51578, 43.61577 ], [ 3.51469, 43.61472 ], [ 3.51275, 43.61473 ], [ 3.51172, 43.61339 ], [ 3.51227, 43.61207 ], [ 3.5106, 43.61072 ], [ 3.51251, 43.60932 ], [ 3.51228, 43.60792 ], [ 3.50988, 43.60658 ], [ 3.50842, 43.60694 ], [ 3.50782, 43.60584 ], [ 3.50874, 43.60306 ], [ 3.5115, 43.60209 ], [ 3.51252, 43.6005 ], [ 3.51149, 43.59872 ], [ 3.5069, 43.60006 ], [ 3.50599, 43.59923 ], [ 3.50937, 43.59627 ], [ 3.51052, 43.59351 ], [ 3.507, 43.58788 ], [ 3.50102, 43.58349 ], [ 3.49638, 43.57815 ], [ 3.49757, 43.57299 ] ] } },
{ "type": "Feature", "properties": { "name": "Ruisseau d'Aigues Vives", "weight_class": 1, "permanent": false, "length_km": 2.4 }, "geometry": { "type": "LineString", "coordinates": [ [ 3.4986, 43.70311 ], [ 3.51017, 43.69816 ], [ 3.52144, 43.6977 ], [ 3.52295, 43.69533 ] ] } },
{ "type": "Feature", "properties": { "name": "la Bayonne", "weight_class": 1, "permanent": false, "length_km": 2.4 }, "geometry": { "type": "LineString", "coordinates": [ [ 4.10217, 43.64433 ], [ 4.10127, 43.64017 ], [ 4.10345, 43.63907 ], [ 4.10443, 43.63501 ], [ 4.10699, 43.63354 ], [ 4.10763, 43.63209 ], [ 4.10647, 43.63034 ], [ 4.10434, 43.63075 ], [ 4.1073, 43.62882 ] ] } },
{ "type": "Feature", "properties": { "name": "Ruisseau des Mages", "weight_class": 1, "permanent": true, "length_km": 3.1 }, "geometry": { "type": "LineString", "coordinates": [ [ 3.68888, 43.6315 ], [ 3.69125, 43.63343 ], [ 3.69367, 43.63402 ], [ 3.69515, 43.63699 ], [ 3.70013, 43.64087 ], [ 3.69975, 43.64186 ], [ 3.70276, 43.64374 ], [ 3.70315, 43.64498 ], [ 3.70937, 43.64845 ], [ 3.71008, 43.6504 ] ] } },
{ "type": "Feature", "properties": { "name": "Canal de Saint-Roman", "weight_class": 1, "permanent": true, "length_km": 2.8 }, "geometry": { "type": "LineString", "coordinates": [ [ 4.13301, 43.61667 ], [ 4.13855, 43.61671 ], [ 4.15397, 43.61001 ], [ 4.15877, 43.60501 ], [ 4.16157, 43.60408 ] ] } },
{ "type": "Feature", "properties": { "name": "Ruisseau du Béranget", "weight_class": 1, "permanent": false, "length_km": 2.3 }, "geometry": { "type": "LineString", "coordinates": [ [ 4.06775, 43.63214 ], [ 4.0687, 43.62986 ], [ 4.07208, 43.62904 ], [ 4.0736, 43.62438 ], [ 4.07285, 43.6219 ], [ 4.07574, 43.62089 ], [ 4.07947, 43.6157 ] ] } },
{ "type": "Feature", "properties": { "name": "Ruisseau de Goufous", "weight_class": 1, "permanent": false, "length_km": 2.1 }, "geometry": { "type": "LineString", "coordinates": [ [ 3.23923, 43.62534 ], [ 3.24408, 43.62144 ], [ 3.24592, 43.62181 ], [ 3.24976, 43.62592 ], [ 3.25207, 43.62645 ], [ 3.25872, 43.6258 ] ] } },
{ "type": "Feature", "properties": { "name": "Rieu Sec", "weight_class": 1, "permanent": false, "length_km": 2.3 }, "geometry": { "type": "LineString", "coordinates": [ [ 3.22503, 43.63098 ], [ 3.21751, 43.62784 ], [ 3.21607, 43.62562 ], [ 3.21163, 43.62391 ], [ 3.20889, 43.62417 ], [ 3.20548, 43.62044 ] ] } },
{ "type": "Feature", "properties": { "name": "Canal de l'Or", "weight_class": 1, "permanent": true, "length_km": 2.4 }, "geometry": { "type": "LineString", "coordinates": [ [ 4.08304, 43.60049 ], [ 4.07831, 43.60695 ], [ 4.07793, 43.61022 ], [ 4.07581, 43.61346 ], [ 4.06838, 43.61841 ] ] } },
{ "type": "Feature", "properties": { "name": "Ancien Lit du Vidourle", "weight_class": 1, "permanent": true, "length_km": 3.3 }, "geometry": { "type": "LineString", "coordinates": [ [ 4.14959, 43.59789 ], [ 4.14112, 43.59605 ], [ 4.13624, 43.59901 ], [ 4.12855, 43.60039 ], [ 4.12551, 43.59931 ], [ 4.12238, 43.59673 ], [ 4.11341, 43.59495 ] ] } },
{ "type": "Feature", "properties": { "name": "Canalette du Languedoc", "weight_class": 2, "permanent": true, "length_km": 2.4 }, "geometry": { "type": "LineString", "coordinates": [ [ 4.1064, 43.6076 ], [ 4.08605, 43.59753 ], [ 4.08304, 43.60049 ] ] } },
{ "type": "Feature", "properties": { "name": "Ruisseau de Costette", "weight_class": 1, "permanent": true, "length_km": 2.6 }, "geometry": { "type": "LineString", "coordinates": [ [ 3.55867, 43.60528 ], [ 3.55384, 43.60402 ], [ 3.54753, 43.60533 ], [ 3.54495, 43.60779 ], [ 3.54166, 43.60866 ], [ 3.5388, 43.6136 ], [ 3.5361, 43.61531 ] ] } },
{ "type": "Feature", "properties": { "name": "Canal de la Radelle", "weight_class": 2, "permanent": true, "length_km": 2.4 }, "geometry": { "type": "LineString", "coordinates": [ [ 4.09609, 43.58642 ], [ 4.08589, 43.59189 ], [ 4.08041, 43.59068 ], [ 4.07489, 43.59728 ] ] } },
{ "type": "Feature", "properties": { "name": "Ruisseau de Font Malette", "weight_class": 1, "permanent": false, "length_km": 2.0 }, "geometry": { "type": "LineString", "coordinates": [ [ 3.61123, 43.59608 ], [ 3.60413, 43.59461 ], [ 3.59975, 43.59642 ], [ 3.59757, 43.59837 ], [ 3.59457, 43.59785 ], [ 3.59334, 43.59678 ], [ 3.59063, 43.5975 ] ] } },
{ "type": "Feature", "properties": { "name": "Fossé Mayral", "weight_class": 2, "permanent": true, "length_km": 2.4 }, "geometry": { "type": "LineString", "coordinates": [ [ 3.49757, 43.57299 ], [ 3.49928, 43.57236 ], [ 3.49803, 43.57044 ], [ 3.49881, 43.5702 ], [ 3.48801, 43.56318 ], [ 3.48384, 43.56192 ], [ 3.4807, 43.55906 ] ] } },
{ "type": "Feature", "properties": { "name": "Riou Serre", "weight_class": 1, "permanent": false, "length_km": 2.2 }, "geometry": { "type": "LineString", "coordinates": [ [ 3.21926, 43.56968 ], [ 3.22857, 43.55748 ], [ 3.22707, 43.55617 ], [ 3.22781, 43.55465 ], [ 3.22623, 43.55299 ] ] } },
{ "type": "Feature", "properties": { "name": "Ravin de Cristoulet", "weight_class": 1, "permanent": false, "length_km": 2.6 }, "geometry": { "type": "LineString", "coordinates": [ [ 3.66234, 43.5407 ], [ 3.66207, 43.53721 ], [ 3.66671, 43.53337 ], [ 3.66893, 43.53305 ], [ 3.67008, 43.53116 ], [ 3.67196, 43.53131 ], [ 3.67386, 43.52638 ], [ 3.67675, 43.5256 ] ] } },
{ "type": "Feature", "properties": { "name": "Vallat du Pied de la Sellette", "weight_class": 1, "permanent": false, "length_km": 2.4 }, "geometry": { "type": "LineString", "coordinates": [ [ 3.65424, 43.54013 ], [ 3.65653, 43.53026 ], [ 3.65956, 43.52941 ], [ 3.66058, 43.5272 ], [ 3.66598, 43.5255 ], [ 3.66692, 43.52397 ] ] } },
{ "type": "Feature", "properties": { "name": "Ruisseau de la Lauzette", "weight_class": 1, "permanent": false, "length_km": 2.0 }, "geometry": { "type": "LineString", "coordinates": [ [ 3.05943, 43.50849 ], [ 3.05831, 43.50625 ], [ 3.06104, 43.50053 ], [ 3.06046, 43.49811 ], [ 3.06501, 43.49578 ], [ 3.06508, 43.49371 ] ] } },
{ "type": "Feature", "properties": { "name": "Ruisseau de Mairefoul", "weight_class": 1, "permanent": false, "length_km": 2.1 }, "geometry": { "type": "LineString", "coordinates": [ [ 2.77531, 43.51229 ], [ 2.77819, 43.50625 ], [ 2.78182, 43.5039 ], [ 2.78435, 43.50306 ], [ 2.79312, 43.50356 ] ] } },
{ "type": "Feature", "properties": { "name": "Ruisseau de Concours", "weight_class": 1, "permanent": true, "length_km": 2.1 }, "geometry": { "type": "LineString", "coordinates": [ [ 3.09812, 43.49088 ], [ 3.09957, 43.48626 ], [ 3.10163, 43.48526 ], [ 3.10507, 43.48121 ], [ 3.10833, 43.47952 ], [ 3.10844, 43.47837 ], [ 3.11051, 43.47794 ] ] } },
{ "type": "Feature", "properties": { "name": "Ruisseau du Moulin de Veyrac", "weight_class": 1, "permanent": false, "length_km": 2.3 }, "geometry": { "type": "LineString", "coordinates": [ [ 3.6026, 43.48507 ], [ 3.59968, 43.47893 ], [ 3.59665, 43.47715 ], [ 3.59817, 43.4689 ], [ 3.59649, 43.46735 ] ] } },
{ "type": "Feature", "properties": { "name": "Ruisseau du Saut de la Novio", "weight_class": 1, "permanent": false, "length_km": 2.2 }, "geometry": { "type": "LineString", "coordinates": [ [ 3.53225, 43.47917 ], [ 3.5345, 43.47749 ], [ 3.53825, 43.47138 ], [ 3.53807, 43.46759 ], [ 3.53506, 43.46295 ] ] } },
{ "type": "Feature", "properties": { "name": "Canal de Sète", "weight_class": 3, "permanent": true, "length_km": 3.5 }, "geometry": { "type": "LineString", "coordinates": [ [ 3.69154, 43.42601 ], [ 3.68727, 43.41797 ], [ 3.68774, 43.41591 ], [ 3.69276, 43.41172 ], [ 3.69644, 43.40681 ], [ 3.69751, 43.39732 ] ] } },
{ "type": "Feature", "properties": { "name": "le Brasset", "weight_class": 2, "permanent": false, "length_km": 2.9 }, "geometry": { "type": "LineString", "coordinates": [ [ 3.42346, 43.40181 ], [ 3.42514, 43.40244 ], [ 3.42504, 43.40426 ], [ 3.42851, 43.40649 ], [ 3.43059, 43.40656 ], [ 3.43039, 43.40423 ], [ 3.43726, 43.39893 ], [ 3.43876, 43.39596 ], [ 3.43866, 43.39214 ] ] } },
{ "type": "Feature", "properties": { "name": "Ruisseau de Marignan", "weight_class": 1, "permanent": false, "length_km": 2.2 }, "geometry": { "type": "LineString", "coordinates": [ [ 3.39998, 43.37679 ], [ 3.40062, 43.38113 ], [ 3.3991, 43.38508 ], [ 3.39957, 43.38749 ], [ 3.4045, 43.38999 ], [ 3.40619, 43.38979 ], [ 3.40922, 43.39206 ] ] } },
{ "type": "Feature", "properties": { "name": "Ruisseau de Milhau", "weight_class": 1, "permanent": false, "length_km": 3.8 }, "geometry": { "type": "LineString", "coordinates": [ [ 3.04007, 43.39466 ], [ 3.06208, 43.386 ], [ 3.06357, 43.38317 ], [ 3.06633, 43.38181 ], [ 3.07759, 43.37844 ] ] } },
{ "type": "Feature", "properties": { "name": "Ruisseau de la Cambraïsse", "weight_class": 1, "permanent": false, "length_km": 2.3 }, "geometry": { "type": "LineString", "coordinates": [ [ 3.00072, 43.36781 ], [ 3.00479, 43.36486 ], [ 3.01454, 43.36306 ], [ 3.02383, 43.36379 ], [ 3.02545, 43.36465 ] ] } },
{ "type": "Feature", "properties": { "name": "Ruisseau de Saint-Paul", "weight_class": 1, "permanent": false, "length_km": 4.2 }, "geometry": { "type": "LineString", "coordinates": [ [ 3.09642, 43.34916 ], [ 3.10128, 43.35017 ], [ 3.11419, 43.34733 ], [ 3.11897, 43.34319 ], [ 3.12578, 43.3402 ], [ 3.1234, 43.33715 ], [ 3.12558, 43.33436 ], [ 3.12273, 43.32972 ] ] } },
{ "type": "Feature", "properties": { "name": "Canal de l'Ouest", "weight_class": 3, "permanent": true, "length_km": 3.0 }, "geometry": { "type": "LineString", "coordinates": [ [ 3.52498, 43.3297 ], [ 3.52135, 43.33111 ], [ 3.51485, 43.33123 ], [ 3.50937, 43.32653 ], [ 3.50899, 43.32168 ], [ 3.51032, 43.31424 ] ] } },
{ "type": "Feature", "properties": { "name": "Ruisseau de Fouylans", "weight_class": 1, "permanent": false, "length_km": 2.8 }, "geometry": { "type": "LineString", "coordinates": [ [ 3.06399, 43.32896 ], [ 3.06453, 43.32546 ], [ 3.07056, 43.31988 ], [ 3.06166, 43.3135 ], [ 3.05617, 43.31275 ] ] } },
{ "type": "Feature", "properties": { "name": "Ancien Lit du Libron", "weight_class": 1, "permanent": false, "length_km": 4.8 }, "geometry": { "type": "LineString", "coordinates": [ [ 3.37869, 43.33302 ], [ 3.38106, 43.32897 ], [ 3.38608, 43.32789 ], [ 3.38983, 43.32521 ], [ 3.3945, 43.31819 ], [ 3.3943, 43.30762 ], [ 3.39525, 43.30419 ], [ 3.40454, 43.29963 ] ] } },
{ "type": "Feature", "properties": { "name": "Grand Fossé du Noou", "weight_class": 1, "permanent": true, "length_km": 2.4 }, "geometry": { "type": "LineString", "coordinates": [ [ 3.33764, 43.29607 ], [ 3.34282, 43.27659 ], [ 3.34232, 43.27459 ] ] } },
{ "type": "Feature", "properties": { "name": "le Canalet", "weight_class": 2, "permanent": true, "length_km": 3.1 }, "geometry": { "type": "LineString", "coordinates": [ [ 3.05186, 43.31735 ], [ 3.0509, 43.31136 ], [ 3.05647, 43.31075 ], [ 3.05566, 43.30256 ], [ 3.05123, 43.29881 ], [ 3.05034, 43.29468 ] ] } },
{ "type": "Feature", "properties": { "name": "Canal de l'Amaïroual", "weight_class": 1, "permanent": true, "length_km": 3.0 }, "geometry": { "type": "LineString", "coordinates": [ [ 3.11924, 43.26135 ], [ 3.12116, 43.26602 ], [ 3.1242, 43.2682 ], [ 3.12924, 43.26849 ], [ 3.12941, 43.2706 ], [ 3.13479, 43.27013 ], [ 3.14685, 43.27249 ] ] } },
{ "type": "Feature", "properties": { "name": "Canal de la Matte", "weight_class": 1, "permanent": true, "length_km": 4.3 }, "geometry": { "type": "LineString", "coordinates": [ [ 3.15804, 43.25835 ], [ 3.16149, 43.25486 ], [ 3.16897, 43.25326 ], [ 3.20707, 43.25666 ] ] } },
{ "type": "Feature", "properties": { "name": "Ancien Lit de l'Aude", "weight_class": 1, "permanent": true, "length_km": 2.2 }, "geometry": { "type": "MultiLineString", "coordinates": [ [ [ 3.17504, 43.24366 ], [ 3.17948, 43.24837 ], [ 3.18783, 43.251 ] ], [ [ 3.19716, 43.25023 ], [ 3.20053, 43.24936 ], [ 3.20179, 43.24623 ] ], [ [ 3.20692, 43.24099 ], [ 3.20809, 43.24057 ] ] ] } },
{ "type": "Feature", "properties": { "name": "Ruisseau des Redonnières", "weight_class": 1, "permanent": false, "length_km": 2.4 }, "geometry": { "type": "LineString", "coordinates": [ [ 3.33045, 43.33984 ], [ 3.33709, 43.33804 ], [ 3.34066, 43.33896 ], [ 3.3443, 43.33868 ], [ 3.3502, 43.34059 ], [ 3.35526, 43.34489 ] ] } },
{ "type": "Feature", "properties": { "name": "Canal des Clairs", "weight_class": 2, "permanent": true, "length_km": 4.8 }, "geometry": { "type": "MultiLineString", "coordinates": [ [ [ 3.05034, 43.29468 ], [ 3.05892, 43.28196 ], [ 3.05944, 43.27826 ], [ 3.06159, 43.27521 ], [ 3.08026, 43.26594 ] ], [ [ 3.08026, 43.26594 ], [ 3.08106, 43.26562 ] ], [ [ 3.08026, 43.26594 ], [ 3.0805, 43.26581 ] ], [ [ 3.0805, 43.26581 ], [ 3.08079, 43.26561 ], [ 3.08106, 43.26562 ] ], [ [ 3.0805, 43.26581 ], [ 3.08106, 43.26562 ] ], [ [ 3.08106, 43.26562 ], [ 3.08457, 43.26418 ] ] ] } },
{ "type": "Feature", "properties": { "name": "Canal des Quilles", "weight_class": 3, "permanent": true, "length_km": 3.0 }, "geometry": { "type": "LineString", "coordinates": [ [ 3.64341, 43.41514 ], [ 3.65914, 43.40043 ], [ 3.6595, 43.39779 ], [ 3.66303, 43.39348 ] ] } },
{ "type": "Feature", "properties": { "name": "Ancien Lit de l'Aude", "weight_class": 1, "permanent": true, "length_km": 3.4 }, "geometry": { "type": "MultiLineString", "coordinates": [ [ [ 3.11568, 43.25647 ], [ 3.11559, 43.25838 ], [ 3.11766, 43.26067 ], [ 3.12013, 43.26155 ], [ 3.12295, 43.26122 ] ], [ [ 3.12872, 43.25964 ], [ 3.13297, 43.2609 ], [ 3.13908, 43.25934 ] ], [ [ 3.14124, 43.25947 ], [ 3.14422, 43.25806 ], [ 3.14757, 43.25319 ], [ 3.14456, 43.24902 ] ] ] } },
{ "type": "Feature", "properties": { "name": "Canal du Pont Martin", "weight_class": 1, "permanent": true, "length_km": 2.4 }, "geometry": { "type": "LineString", "coordinates": [ [ 3.49921, 43.3164 ], [ 3.49387, 43.31481 ], [ 3.48936, 43.3163 ], [ 3.47979, 43.32752 ] ] } },
{ "type": "Feature", "properties": { "name": "Ruisseau de Montarieu", "weight_class": 1, "permanent": false, "length_km": 2.3 }, "geometry": { "type": "LineString", "coordinates": [ [ 3.42927, 43.55395 ], [ 3.42732, 43.55613 ], [ 3.42427, 43.55729 ], [ 3.41947, 43.55555 ], [ 3.42015, 43.5533 ], [ 3.41455, 43.55121 ], [ 3.40957, 43.55281 ] ] } },
{ "type": "Feature", "properties": { "name": "Font Française", "weight_class": 1, "permanent": true, "length_km": 2.3 }, "geometry": { "type": "LineString", "coordinates": [ [ 3.50125, 43.40347 ], [ 3.50655, 43.40396 ], [ 3.50852, 43.40332 ], [ 3.51231, 43.4009 ], [ 3.51948, 43.39357 ], [ 3.52092, 43.39259 ], [ 3.52165, 43.39311 ] ] } },
{ "type": "Feature", "properties": { "name": "Aqueduc de Saint-Clément", "weight_class": 1, "permanent": true, "length_km": 16.6 }, "geometry": { "type": "LineString", "coordinates": [ [ 3.85005, 43.71602 ], [ 3.84942, 43.71392 ], [ 3.8521, 43.71144 ], [ 3.85458, 43.6997 ], [ 3.85354, 43.69863 ], [ 3.85243, 43.69077 ], [ 3.85533, 43.68777 ], [ 3.85569, 43.68569 ], [ 3.85421, 43.68412 ], [ 3.85659, 43.68159 ], [ 3.85599, 43.67663 ], [ 3.86041, 43.67133 ], [ 3.86058, 43.66936 ], [ 3.86281, 43.66771 ], [ 3.85967, 43.66101 ], [ 3.85774, 43.65991 ], [ 3.86082, 43.65514 ], [ 3.85987, 43.65376 ], [ 3.8588, 43.65453 ], [ 3.85721, 43.65399 ], [ 3.85599, 43.65184 ], [ 3.85386, 43.65103 ], [ 3.85193, 43.65175 ], [ 3.85059, 43.64996 ], [ 3.84903, 43.64964 ], [ 3.85174, 43.6475 ], [ 3.85124, 43.64482 ], [ 3.84648, 43.64199 ], [ 3.84502, 43.63977 ], [ 3.84124, 43.63837 ], [ 3.83984, 43.63448 ], [ 3.83596, 43.63304 ], [ 3.83973, 43.62989 ], [ 3.83977, 43.62674 ], [ 3.84154, 43.62492 ], [ 3.84043, 43.62278 ], [ 3.84203, 43.62006 ], [ 3.84531, 43.61713 ], [ 3.84771, 43.61746 ], [ 3.84911, 43.61567 ], [ 3.8527, 43.61414 ], [ 3.85084, 43.61184 ], [ 3.85356, 43.61055 ], [ 3.86212, 43.61193 ], [ 3.8689, 43.61141 ] ] } }
]
}
