{
"type": "FeatureCollection",
"name": "dep39_overview.geojson",
"crs": { "type": "name", "properties": { "name": "urn:ogc:def:crs:OGC:1.3:CRS84" } },
"xy_coordinate_resolution": 1e-05,
"features": [
{ "type": "Feature", "properties": { "name": "Ruisseau des Chintres", "weight_class": 1, "permanent": true, "length_km": 3.1 }, "geometry": { "type": "LineString", "coordinates": [ [ 5.69103, 47.24197 ], [ 5.6864, 47.24785 ], [ 5.69339, 47.25062 ], [ 5.69678, 47.25321 ], [ 5.69887, 47.25698 ], [ 5.70149, 47.25908 ], [ 5.70117, 47.26421 ] ] } },
{ "type": "Feature", "properties": { "name": "Ruisseau de la Vèze", "weight_class": 1, "permanent": true, "length_km": 9.7 }, "geometry": { "type": "LineString", "coordinates": [ [ 5.67472, 47.19634 ], [ 5.67716, 47.19802 ], [ 5.67491, 47.20883 ], [ 5.6758, 47.21295 ], [ 5.67945, 47.21707 ], [ 5.67841, 47.22009 ], [ 5.67928, 47.22235 ], [ 5.67422, 47.23366 ], [ 5.66931, 47.24084 ], [ 5.67035, 47.24316 ], [ 5.6755, 47.24754 ], [ 5.67639, 47.25042 ], [ 5.67495, 47.25302 ], [ 5.67638, 47.25863 ], [ 5.68424, 47.26174 ], [ 5.68889, 47.2652 ], [ 5.68845, 47.26913 ], [ 5.68464, 47.2711 ] ] } },
{ "type": "Feature", "properties": { "name": "l'Arne", "weight_class": 1, "permanent": true, "length_km": 15.6 }, "geometry": { "type": "LineString", "coordinates": [ [ 5.73317, 47.21108 ], [ 5.73747, 47.20894 ], [ 5.73914, 47.20263 ], [ 5.72624, 47.19395 ], [ 5.71742, 47.19274 ], [ 5.71342, 47.18966 ], [ 5.70786, 47.18805 ], [ 5.70121, 47.18822 ], [ 5.69503, 47.18422 ], [ 5.6896, 47.18478 ], [ 5.67319, 47.17698 ], [ 5.6579, 47.17387 ], [ 5.65456, 47.17232 ], [ 5.65136, 47.17257 ], [ 5.64911, 47.17146 ], [ 5.64505, 47.17166 ], [ 5.64238, 47.17069 ], [ 5.64018, 47.1711 ], [ 5.6393, 47.17007 ], [ 5.63711, 47.16996 ], [ 5.62376, 47.15964 ], [ 5.62354, 47.15771 ], [ 5.6253, 47.15471 ], [ 5.62204, 47.15079 ], [ 5.6065, 47.14425 ], [ 5.60825, 47.14088 ], [ 5.6051, 47.14003 ] ] } },
{ "type": "Feature", "properties": { "name": "la Grabusse", "weight_class": 1, "permanent": true, "length_km": 8.1 }, "geometry": { "type": "LineString", "coordinates": [ [ 5.74308, 47.20481 ], [ 5.74319, 47.20385 ], [ 5.74993, 47.20148 ], [ 5.75251, 47.19951 ], [ 5.74825, 47.19503 ], [ 5.74648, 47.18944 ], [ 5.73971, 47.18426 ], [ 5.74109, 47.17926 ], [ 5.73826, 47.17745 ], [ 5.72928, 47.17536 ], [ 5.72673, 47.17076 ], [ 5.71513, 47.16433 ], [ 5.71208, 47.15872 ], [ 5.71289, 47.15609 ], [ 5.70934, 47.15089 ] ] } },
{ "type": "Feature", "properties": { "name": "le Doubs", "weight_class": 4, "permanent": true, "length_km": 73.1 }, "geometry": { "type": "MultiLineString", "coordinates": [ [ [ 5.27473, 46.93026 ], [ 5.2709, 46.92882 ], [ 5.26484, 46.92811 ], [ 5.25942, 46.92857 ], [ 5.25705, 46.92991 ] ], [ [ 5.29353, 46.93882 ], [ 5.29049, 46.94098 ], [ 5.28658, 46.93855 ] ], [ [ 5.30066, 46.93212 ], [ 5.30037, 46.93618 ], [ 5.29694, 46.93853 ] ], [ [ 5.31258, 46.92441 ], [ 5.30582, 46.92608 ] ], [ [ 5.33905, 46.92357 ], [ 5.32138, 46.92293 ], [ 5.31691, 46.9235 ] ], [ [ 5.3796, 46.9854 ], [ 5.37498, 46.97771 ], [ 5.37388, 46.97366 ], [ 5.38224, 46.96198 ], [ 5.38248, 46.9548 ], [ 5.37827, 46.9521 ], [ 5.36836, 46.94907 ], [ 5.36214, 46.94468 ], [ 5.36179, 46.941 ], [ 5.36526, 46.93592 ], [ 5.36507, 46.92996 ], [ 5.35933, 46.92366 ], [ 5.34934, 46.92235 ], [ 5.3442, 46.92305 ] ], [ [ 5.44917, 47.0447 ], [ 5.45296, 47.04167 ], [ 5.45386, 47.03684 ], [ 5.44979, 47.03119 ], [ 5.44376, 47.0255 ], [ 5.44441, 47.0231 ], [ 5.44724, 47.02007 ], [ 5.44803, 47.01283 ], [ 5.44669, 47.00812 ], [ 5.44468, 47.00564 ], [ 5.43896, 47.0023 ], [ 5.4288, 47.00308 ], [ 5.42527, 47.00492 ], [ 5.41918, 47.01276 ], [ 5.40628, 47.01367 ], [ 5.39977, 47.01129 ], [ 5.39738, 47.00814 ], [ 5.39664, 47.00318 ], [ 5.39463, 47.00035 ], [ 5.38233, 47.0033 ], [ 5.37738, 47.00271 ], [ 5.37417, 46.99616 ], [ 5.37676, 46.99026 ] ], [ [ 5.37676, 46.99026 ], [ 5.3796, 46.9854 ] ], [ [ 5.37676, 46.99026 ], [ 5.3797, 46.98814 ], [ 5.3796, 46.9854 ] ], [ [ 5.45359, 47.05022 ], [ 5.45387, 47.04947 ], [ 5.449, 47.04704 ], [ 5.44917, 47.0447 ] ], [ [ 5.45359, 47.05022 ], [ 5.44707, 47.04842 ], [ 5.44693, 47.04633 ], [ 5.44917, 47.0447 ] ], [ [ 5.78583, 47.1716 ], [ 5.77901, 47.16354 ], [ 5.76858, 47.1598 ], [ 5.76649, 47.15381 ], [ 5.76287, 47.15085 ], [ 5.75989, 47.15082 ], [ 5.75518, 47.14865 ], [ 5.75036, 47.14794 ], [ 5.74607, 47.14862 ], [ 5.74073, 47.15084 ], [ 5.73679, 47.15102 ], [ 5.72457, 47.1461 ], [ 5.71996, 47.14131 ], [ 5.71476, 47.13931 ], [ 5.70845, 47.13919 ], [ 5.70468, 47.14107 ], [ 5.70513, 47.14309 ], [ 5.71077, 47.14398 ], [ 5.71292, 47.14567 ], [ 5.71339, 47.14959 ], [ 5.70875, 47.15077 ], [ 5.6885, 47.14643 ], [ 5.67984, 47.14082 ], [ 5.67076, 47.1382 ], [ 5.66604, 47.13804 ], [ 5.6626, 47.13888 ], [ 5.65959, 47.14115 ], [ 5.66148, 47.14312 ], [ 5.66066, 47.14459 ], [ 5.64927, 47.14654 ], [ 5.63469, 47.14348 ], [ 5.63326, 47.14179 ], [ 5.63274, 47.13671 ], [ 5.61378, 47.1369 ], [ 5.60492, 47.13947 ], [ 5.60113, 47.13884 ], [ 5.59526, 47.13598 ], [ 5.59296, 47.13229 ], [ 5.58627, 47.12829 ], [ 5.58005, 47.13298 ], [ 5.57753, 47.13357 ], [ 5.56542, 47.12649 ], [ 5.56307, 47.12275 ], [ 5.5516, 47.11238 ], [ 5.54895, 47.10835 ], [ 5.54958, 47.09914 ], [ 5.54177, 47.09694 ], [ 5.53204, 47.09195 ], [ 5.52989, 47.08926 ], [ 5.52875, 47.08277 ], [ 5.51752, 47.0797 ], [ 5.50953, 47.08563 ], [ 5.50359, 47.08754 ], [ 5.49807, 47.08884 ], [ 5.49049, 47.08668 ], [ 5.48478, 47.08324 ], [ 5.48287, 47.08093 ], [ 5.48221, 47.07857 ], [ 5.48416, 47.07714 ], [ 5.48492, 47.07471 ], [ 5.48045, 47.07167 ], [ 5.47184, 47.0686 ], [ 5.46893, 47.06617 ], [ 5.46941, 47.06364 ], [ 5.47688, 47.05735 ], [ 5.47661, 47.05381 ], [ 5.47472, 47.05298 ], [ 5.46562, 47.05567 ], [ 5.45359, 47.05022 ] ], [ [ 5.80653, 47.17176 ], [ 5.79615, 47.17345 ], [ 5.79317, 47.17485 ], [ 5.78962, 47.17338 ] ] ] } },
{ "type": "Feature", "properties": { "name": "Canal du Rhône au Rhin", "weight_class": 3, "permanent": true, "length_km": 33.1 }, "geometry": { "type": "MultiLineString", "coordinates": [ [ [ 5.48391, 47.08236 ], [ 5.47281, 47.07582 ], [ 5.46075, 47.06055 ], [ 5.4439, 47.05528 ], [ 5.43748, 47.05958 ], [ 5.4042, 47.05943 ], [ 5.36456, 47.07301 ], [ 5.35782, 47.08338 ], [ 5.34476, 47.0858 ] ], [ [ 5.56425, 47.12548 ], [ 5.54828, 47.11326 ], [ 5.54342, 47.10109 ], [ 5.54086, 47.09856 ], [ 5.51511, 47.093 ], [ 5.49943, 47.09352 ], [ 5.49556, 47.08956 ], [ 5.49217, 47.08872 ], [ 5.49124, 47.08697 ] ], [ [ 5.59526, 47.13598 ], [ 5.58796, 47.13312 ], [ 5.57811, 47.13372 ] ], [ [ 5.67629, 47.1397 ], [ 5.66359, 47.14363 ], [ 5.66024, 47.14552 ], [ 5.64961, 47.14704 ], [ 5.60431, 47.13952 ] ], [ [ 5.7299, 47.14825 ], [ 5.72253, 47.14843 ], [ 5.70902, 47.15092 ], [ 5.70293, 47.15039 ], [ 5.70066, 47.14935 ] ], [ [ 5.76848, 47.15969 ], [ 5.73913, 47.15118 ] ] ] } },
{ "type": "Feature", "properties": { "name": "Ruisseau du Plumont", "weight_class": 1, "permanent": true, "length_km": 3.2 }, "geometry": { "type": "LineString", "coordinates": [ [ 5.71876, 47.10133 ], [ 5.7159, 47.1053 ], [ 5.71538, 47.10864 ], [ 5.71349, 47.10957 ], [ 5.71399, 47.1109 ], [ 5.71063, 47.1146 ], [ 5.71383, 47.12226 ], [ 5.71718, 47.12676 ] ] } },
{ "type": "Feature", "properties": { "name": "la Morte", "weight_class": 1, "permanent": true, "length_km": 11.3 }, "geometry": { "type": "LineString", "coordinates": [ [ 5.78489, 47.12222 ], [ 5.78243, 47.11981 ], [ 5.76687, 47.11686 ], [ 5.76254, 47.11356 ], [ 5.75858, 47.11198 ], [ 5.75528, 47.11191 ], [ 5.74631, 47.11412 ], [ 5.74188, 47.11662 ], [ 5.74042, 47.11933 ], [ 5.73433, 47.1207 ], [ 5.72437, 47.12505 ], [ 5.72292, 47.12649 ], [ 5.71718, 47.12676 ], [ 5.71596, 47.12885 ], [ 5.71752, 47.12977 ], [ 5.71548, 47.13385 ], [ 5.71307, 47.13532 ], [ 5.70211, 47.1352 ], [ 5.68011, 47.1325 ], [ 5.67651, 47.13371 ], [ 5.67601, 47.13508 ], [ 5.67338, 47.13645 ], [ 5.6681, 47.13795 ] ] } },
{ "type": "Feature", "properties": { "name": "la Clauge", "weight_class": 1, "permanent": true, "length_km": 35.1 }, "geometry": { "type": "LineString", "coordinates": [ [ 5.78471, 47.09397 ], [ 5.7685, 47.08513 ], [ 5.75282, 47.08726 ], [ 5.74481, 47.0918 ], [ 5.74396, 47.09453 ], [ 5.74143, 47.09568 ], [ 5.73419, 47.09407 ], [ 5.7305, 47.09263 ], [ 5.72682, 47.08958 ], [ 5.71965, 47.08765 ], [ 5.71501, 47.08486 ], [ 5.69817, 47.07777 ], [ 5.695, 47.07693 ], [ 5.68804, 47.07806 ], [ 5.6863, 47.0772 ], [ 5.68154, 47.07735 ], [ 5.67526, 47.07571 ], [ 5.67269, 47.07404 ], [ 5.67072, 47.07416 ], [ 5.66869, 47.07201 ], [ 5.66587, 47.0723 ], [ 5.65951, 47.0679 ], [ 5.65432, 47.06125 ], [ 5.65268, 47.06107 ], [ 5.65296, 47.06022 ], [ 5.65159, 47.05978 ], [ 5.65217, 47.05838 ], [ 5.6492, 47.05865 ], [ 5.64919, 47.05681 ], [ 5.64591, 47.05593 ], [ 5.64543, 47.0544 ], [ 5.64213, 47.05234 ], [ 5.6391, 47.05229 ], [ 5.63818, 47.05061 ], [ 5.63536, 47.04986 ], [ 5.63452, 47.0482 ], [ 5.63278, 47.04715 ], [ 5.63114, 47.04738 ], [ 5.62947, 47.04568 ], [ 5.62473, 47.04699 ], [ 5.61872, 47.04742 ], [ 5.61688, 47.04654 ], [ 5.61286, 47.04768 ], [ 5.61102, 47.04705 ], [ 5.60902, 47.04859 ], [ 5.60507, 47.04817 ], [ 5.59667, 47.0504 ], [ 5.59471, 47.04975 ], [ 5.58801, 47.05121 ], [ 5.58599, 47.05052 ], [ 5.58586, 47.04891 ], [ 5.58361, 47.04785 ], [ 5.57657, 47.04744 ], [ 5.57521, 47.04578 ], [ 5.56869, 47.04581 ], [ 5.56607, 47.0445 ], [ 5.56228, 47.04426 ], [ 5.55657, 47.04157 ], [ 5.54708, 47.04104 ], [ 5.54502, 47.03801 ], [ 5.54109, 47.03677 ], [ 5.53755, 47.03379 ], [ 5.53224, 47.03313 ], [ 5.52187, 47.03477 ], [ 5.52173, 47.03733 ], [ 5.5203, 47.03845 ], [ 5.51661, 47.03852 ], [ 5.51494, 47.0362 ], [ 5.51256, 47.03562 ], [ 5.49263, 47.04407 ], [ 5.48709, 47.04424 ], [ 5.4791, 47.04123 ], [ 5.4757, 47.04125 ], [ 5.47043, 47.03688 ], [ 5.47108, 47.03437 ], [ 5.47002, 47.03279 ], [ 5.46751, 47.03139 ], [ 5.464, 47.03108 ], [ 5.4603, 47.02752 ], [ 5.4553, 47.02668 ], [ 5.45155, 47.02704 ], [ 5.44813, 47.02472 ], [ 5.44905, 47.02285 ], [ 5.44729, 47.0197 ] ] } },
{ "type": "Feature", "properties": { "name": "Ruisseau de la Tanche", "weight_class": 1, "permanent": true, "length_km": 15.0 }, "geometry": { "type": "LineString", "coordinates": [ [ 5.7772, 47.07649 ], [ 5.76849, 47.06906 ], [ 5.7564, 47.06259 ], [ 5.74757, 47.05909 ], [ 5.74365, 47.0559 ], [ 5.7401, 47.05472 ], [ 5.73663, 47.05529 ], [ 5.73411, 47.0544 ], [ 5.73204, 47.05521 ], [ 5.72438, 47.0531 ], [ 5.71739, 47.05238 ], [ 5.71184, 47.05351 ], [ 5.69818, 47.0468 ], [ 5.6902, 47.04589 ], [ 5.68265, 47.0418 ], [ 5.67407, 47.03953 ], [ 5.67117, 47.03984 ], [ 5.67072, 47.03911 ], [ 5.66644, 47.03872 ], [ 5.66114, 47.03946 ], [ 5.65707, 47.03865 ], [ 5.646, 47.04079 ], [ 5.63647, 47.03938 ], [ 5.63122, 47.03984 ], [ 5.62844, 47.04209 ], [ 5.62765, 47.04489 ], [ 5.6215, 47.04713 ] ] } },
{ "type": "Feature", "properties": { "name": "Ruisseau de la Réverotte", "weight_class": 1, "permanent": true, "length_km": 15.4 }, "geometry": { "type": "MultiLineString", "coordinates": [ [ [ 5.75314, 47.03976 ], [ 5.74943, 47.03482 ], [ 5.75016, 47.03297 ], [ 5.74781, 47.0308 ], [ 5.73875, 47.03109 ], [ 5.71895, 47.0275 ], [ 5.71443, 47.02771 ], [ 5.70707, 47.0266 ], [ 5.7, 47.02707 ], [ 5.68782, 47.02501 ], [ 5.68427, 47.02566 ], [ 5.67495, 47.0219 ], [ 5.66987, 47.02272 ], [ 5.66715, 47.01883 ], [ 5.66347, 47.01622 ], [ 5.66005, 47.01632 ], [ 5.65859, 47.01529 ], [ 5.6548, 47.01603 ], [ 5.65209, 47.01441 ], [ 5.64031, 47.01704 ], [ 5.63314, 47.0138 ], [ 5.62916, 47.01398 ], [ 5.62533, 47.0169 ], [ 5.62129, 47.01611 ], [ 5.61918, 47.01705 ], [ 5.61712, 47.01532 ] ], [ [ 5.77597, 47.06717 ], [ 5.76328, 47.05746 ], [ 5.7589, 47.05273 ], [ 5.75686, 47.0476 ] ] ] } },
{ "type": "Feature", "properties": { "name": "la Loue", "weight_class": 4, "permanent": true, "length_km": 42.7 }, "geometry": { "type": "MultiLineString", "coordinates": [ [ [ 5.75338, 47.01713 ], [ 5.75241, 47.01518 ], [ 5.74643, 47.01206 ], [ 5.74315, 47.01286 ], [ 5.74281, 47.01657 ], [ 5.74034, 47.01789 ], [ 5.73696, 47.0166 ], [ 5.72283, 47.01444 ], [ 5.71923, 47.01182 ], [ 5.71711, 47.00715 ], [ 5.71414, 47.00446 ], [ 5.69974, 47.00273 ], [ 5.6917, 46.99992 ], [ 5.68663, 46.99915 ], [ 5.68206, 46.99965 ], [ 5.67408, 47.00408 ], [ 5.66106, 47.00166 ], [ 5.64434, 47.00623 ], [ 5.63598, 47.00573 ], [ 5.63396, 47.00658 ], [ 5.63056, 47.01127 ], [ 5.62665, 47.01344 ], [ 5.6196, 47.01538 ], [ 5.61542, 47.01467 ], [ 5.60919, 47.01549 ], [ 5.60412, 47.01274 ], [ 5.59522, 47.00968 ], [ 5.59092, 47.01005 ], [ 5.58109, 47.00703 ], [ 5.56961, 47.00631 ], [ 5.56012, 47.00919 ], [ 5.54922, 47.00577 ], [ 5.54491, 47.00789 ], [ 5.5439, 47.01221 ], [ 5.5421, 47.0124 ], [ 5.53723, 47.01044 ], [ 5.53249, 47.01111 ], [ 5.52951, 47.01251 ], [ 5.5286, 47.01596 ], [ 5.52416, 47.01691 ], [ 5.52107, 47.0187 ], [ 5.51903, 47.01737 ], [ 5.51997, 47.01349 ], [ 5.51637, 47.01114 ], [ 5.50802, 47.0122 ], [ 5.50521, 47.01587 ], [ 5.50014, 47.01651 ], [ 5.48698, 47.01385 ], [ 5.47672, 47.01618 ], [ 5.4596, 47.0168 ], [ 5.45224, 47.01538 ], [ 5.44803, 47.01283 ] ], [ [ 5.79796, 47.03492 ], [ 5.79918, 47.03361 ], [ 5.7992, 47.03022 ], [ 5.78993, 47.02143 ], [ 5.77779, 47.01881 ], [ 5.77004, 47.0182 ] ], [ [ 5.79778, 47.04312 ], [ 5.79727, 47.03932 ] ], [ [ 5.84666, 47.00988 ], [ 5.84429, 47.01017 ], [ 5.84065, 47.0084 ], [ 5.83461, 46.99588 ], [ 5.83077, 46.99431 ], [ 5.82863, 46.99457 ], [ 5.82646, 47.00246 ], [ 5.82464, 47.00401 ], [ 5.81523, 47.00419 ], [ 5.81223, 47.00613 ], [ 5.80938, 47.01437 ], [ 5.81122, 47.01836 ], [ 5.81572, 47.02131 ], [ 5.81627, 47.02931 ], [ 5.81459, 47.0347 ], [ 5.81797, 47.03878 ], [ 5.81818, 47.04071 ], [ 5.81665, 47.0427 ], [ 5.81109, 47.04572 ], [ 5.80455, 47.04568 ] ] ] } },
{ "type": "Feature", "properties": { "name": "le Todeur", "weight_class": 1, "permanent": false, "length_km": 5.3 }, "geometry": { "type": "LineString", "coordinates": [ [ 5.93693, 46.97249 ], [ 5.93204, 46.97189 ], [ 5.92379, 46.96822 ], [ 5.91335, 46.965 ], [ 5.90836, 46.96447 ], [ 5.90404, 46.96861 ], [ 5.90902, 46.97587 ], [ 5.91281, 46.97867 ], [ 5.9175, 46.97968 ], [ 5.92208, 46.98245 ] ] } },
{ "type": "Feature", "properties": { "name": "Ruisseau d'Ivrey", "weight_class": 1, "permanent": true, "length_km": 3.6 }, "geometry": { "type": "LineString", "coordinates": [ [ 5.89359, 46.99051 ], [ 5.88557, 46.98945 ], [ 5.87922, 46.9913 ], [ 5.87344, 46.99117 ], [ 5.86706, 46.99569 ], [ 5.86108, 46.99634 ], [ 5.85834, 46.99843 ], [ 5.85492, 46.99796 ], [ 5.85363, 46.999 ] ] } },
{ "type": "Feature", "properties": { "name": "la Furieuse", "weight_class": 1, "permanent": true, "length_km": 19.2 }, "geometry": { "type": "LineString", "coordinates": [ [ 5.89886, 46.87465 ], [ 5.90089, 46.87597 ], [ 5.90218, 46.88056 ], [ 5.89955, 46.88358 ], [ 5.89764, 46.88937 ], [ 5.89498, 46.89302 ], [ 5.89398, 46.8998 ], [ 5.89144, 46.90299 ], [ 5.89241, 46.90616 ], [ 5.89103, 46.91152 ], [ 5.88779, 46.9145 ], [ 5.88846, 46.91528 ], [ 5.88729, 46.91765 ], [ 5.88578, 46.91847 ], [ 5.88447, 46.92381 ], [ 5.88625, 46.92842 ], [ 5.88176, 46.93149 ], [ 5.87787, 46.93285 ], [ 5.87588, 46.93689 ], [ 5.8761, 46.93983 ], [ 5.87862, 46.94329 ], [ 5.8784, 46.9465 ], [ 5.87437, 46.95003 ], [ 5.86685, 46.95127 ], [ 5.85952, 46.95718 ], [ 5.85169, 46.95883 ], [ 5.85041, 46.96014 ], [ 5.84643, 46.96099 ], [ 5.84397, 46.9726 ], [ 5.84642, 46.97651 ], [ 5.84582, 46.97892 ], [ 5.85399, 46.98876 ], [ 5.85333, 46.99204 ], [ 5.85536, 46.99487 ], [ 5.85153, 46.99692 ], [ 5.85379, 46.99928 ], [ 5.85302, 47.00086 ], [ 5.85022, 47.00188 ], [ 5.85232, 47.00635 ], [ 5.85146, 47.00723 ], [ 5.84872, 47.00691 ], [ 5.84775, 47.00885 ] ] } },
{ "type": "Feature", "properties": { "name": "la Larine", "weight_class": 1, "permanent": true, "length_km": 17.6 }, "geometry": { "type": "LineString", "coordinates": [ [ 5.79279, 46.92906 ], [ 5.78564, 46.92877 ], [ 5.78323, 46.93326 ], [ 5.78146, 46.93382 ], [ 5.78069, 46.93644 ], [ 5.78186, 46.94013 ], [ 5.78404, 46.94155 ], [ 5.78455, 46.94398 ], [ 5.78324, 46.94704 ], [ 5.7851, 46.94873 ], [ 5.78592, 46.95362 ], [ 5.78749, 46.95483 ], [ 5.78575, 46.95615 ], [ 5.78602, 46.95859 ], [ 5.78455, 46.95996 ], [ 5.78536, 46.96097 ], [ 5.7844, 46.96202 ], [ 5.78633, 46.9632 ], [ 5.78255, 46.96736 ], [ 5.7842, 46.96986 ], [ 5.78317, 46.9708 ], [ 5.78355, 46.97314 ], [ 5.7779, 46.97943 ], [ 5.77657, 46.98548 ], [ 5.77346, 46.9908 ], [ 5.77415, 46.99323 ], [ 5.7722, 46.99391 ], [ 5.77365, 46.99803 ], [ 5.77274, 46.99878 ], [ 5.7731, 47.00558 ], [ 5.7676, 47.00671 ], [ 5.76696, 47.00767 ], [ 5.7612, 47.00694 ], [ 5.74885, 47.01024 ], [ 5.74593, 47.00934 ], [ 5.74269, 47.01006 ], [ 5.74012, 47.00898 ], [ 5.7351, 47.00879 ], [ 5.73299, 47.00576 ], [ 5.73002, 47.00667 ], [ 5.72673, 47.00595 ], [ 5.72526, 47.00755 ], [ 5.7229, 47.00415 ], [ 5.71734, 47.00403 ], [ 5.71189, 47.002 ], [ 5.70391, 47.00323 ] ] } },
{ "type": "Feature", "properties": { "name": "Ruisseau de Clairvent", "weight_class": 1, "permanent": true, "length_km": 11.2 }, "geometry": { "type": "LineString", "coordinates": [ [ 5.74323, 46.93862 ], [ 5.74005, 46.93806 ], [ 5.73507, 46.93879 ], [ 5.73187, 46.9426 ], [ 5.72782, 46.94443 ], [ 5.7198, 46.94344 ], [ 5.71474, 46.94039 ], [ 5.71231, 46.941 ], [ 5.70907, 46.94601 ], [ 5.70946, 46.94887 ], [ 5.70759, 46.95299 ], [ 5.70743, 46.95673 ], [ 5.703, 46.96158 ], [ 5.70346, 46.96413 ], [ 5.70157, 46.96665 ], [ 5.70285, 46.96816 ], [ 5.70214, 46.97099 ], [ 5.69815, 46.97806 ], [ 5.69971, 46.97882 ], [ 5.70005, 46.9855 ], [ 5.69867, 46.98745 ], [ 5.69686, 46.98763 ], [ 5.69728, 46.98911 ], [ 5.69123, 46.99635 ], [ 5.68631, 46.99822 ], [ 5.68383, 46.99715 ], [ 5.68239, 46.99956 ] ] } },
{ "type": "Feature", "properties": { "name": "Ruisseau de la Biche", "weight_class": 1, "permanent": true, "length_km": 12.4 }, "geometry": { "type": "LineString", "coordinates": [ [ 5.77434, 46.93525 ], [ 5.77225, 46.9373 ], [ 5.7712, 46.94062 ], [ 5.77312, 46.94482 ], [ 5.76991, 46.95109 ], [ 5.76946, 46.95454 ], [ 5.76268, 46.96072 ], [ 5.76231, 46.96516 ], [ 5.75866, 46.96557 ], [ 5.75649, 46.96708 ], [ 5.75143, 46.97204 ], [ 5.74789, 46.97368 ], [ 5.74207, 46.97974 ], [ 5.73262, 46.98317 ], [ 5.73063, 46.98982 ], [ 5.72859, 46.99205 ], [ 5.72855, 46.99359 ], [ 5.73008, 46.99347 ], [ 5.73043, 46.99486 ], [ 5.72731, 46.99577 ], [ 5.72747, 46.9976 ], [ 5.72347, 46.99935 ], [ 5.71656, 46.99874 ], [ 5.71356, 46.99998 ], [ 5.71161, 46.99911 ], [ 5.7043, 46.99885 ], [ 5.69971, 46.99718 ], [ 5.69688, 46.99767 ], [ 5.6935, 47.00056 ] ] } },
{ "type": "Feature", "properties": { "name": "Bief de Vaux", "weight_class": 1, "permanent": false, "length_km": 3.7 }, "geometry": { "type": "LineString", "coordinates": [ [ 5.95922, 46.9544 ], [ 5.96038, 46.95597 ], [ 5.96337, 46.95699 ], [ 5.97095, 46.96466 ], [ 5.97913, 46.96905 ], [ 5.99301, 46.97379 ] ] } },
{ "type": "Feature", "properties": { "name": "Ruisseau de Bacot", "weight_class": 1, "permanent": false, "length_km": 2.1 }, "geometry": { "type": "LineString", "coordinates": [ [ 5.96192, 46.95324 ], [ 5.95377, 46.94695 ], [ 5.95121, 46.94611 ], [ 5.94534, 46.94535 ], [ 5.94096, 46.94768 ] ] } },
{ "type": "Feature", "properties": { "name": "Bief des Roussets", "weight_class": 1, "permanent": false, "length_km": 2.5 }, "geometry": { "type": "LineString", "coordinates": [ [ 5.89582, 46.95318 ], [ 5.89458, 46.95598 ], [ 5.89258, 46.95681 ], [ 5.88884, 46.95675 ], [ 5.8836, 46.95534 ], [ 5.87771, 46.95535 ], [ 5.87312, 46.95324 ], [ 5.87112, 46.95071 ] ] } },
{ "type": "Feature", "properties": { "name": "Bief du Vieux Moulin", "weight_class": 1, "permanent": false, "length_km": 3.9 }, "geometry": { "type": "LineString", "coordinates": [ [ 5.812, 46.94241 ], [ 5.81126, 46.94485 ], [ 5.81268, 46.9491 ], [ 5.81115, 46.95137 ], [ 5.81076, 46.95797 ], [ 5.81249, 46.95974 ], [ 5.81284, 46.96398 ], [ 5.8173, 46.96502 ], [ 5.81941, 46.96662 ], [ 5.81558, 46.97174 ] ] } },
{ "type": "Feature", "properties": { "name": "le Saron", "weight_class": 1, "permanent": true, "length_km": 6.6 }, "geometry": { "type": "LineString", "coordinates": [ [ 5.76212, 46.93599 ], [ 5.76082, 46.93739 ], [ 5.75721, 46.93825 ], [ 5.756, 46.94028 ], [ 5.75643, 46.94284 ], [ 5.75361, 46.94507 ], [ 5.75291, 46.94769 ], [ 5.7477, 46.95169 ], [ 5.7464, 46.95782 ], [ 5.74111, 46.96285 ], [ 5.73543, 46.96525 ], [ 5.73497, 46.97013 ], [ 5.73355, 46.97136 ], [ 5.73329, 46.97914 ], [ 5.73197, 46.98053 ], [ 5.73262, 46.98317 ] ] } },
{ "type": "Feature", "properties": { "name": "Ruisseau de l'Etang", "weight_class": 1, "permanent": false, "length_km": 3.4 }, "geometry": { "type": "LineString", "coordinates": [ [ 5.72515, 46.96696 ], [ 5.72418, 46.97276 ], [ 5.71886, 46.9747 ], [ 5.71095, 46.98498 ], [ 5.70384, 46.98699 ], [ 5.70005, 46.9855 ] ] } },
{ "type": "Feature", "properties": { "name": "Ruisseau de Gouaille", "weight_class": 1, "permanent": false, "length_km": 5.3 }, "geometry": { "type": "LineString", "coordinates": [ [ 5.93608, 46.94627 ], [ 5.93454, 46.94786 ], [ 5.93018, 46.9493 ], [ 5.92662, 46.94898 ], [ 5.92303, 46.94679 ], [ 5.91188, 46.94405 ], [ 5.90758, 46.94104 ], [ 5.90491, 46.93445 ], [ 5.89961, 46.93064 ], [ 5.89312, 46.92746 ], [ 5.88625, 46.92842 ] ] } },
{ "type": "Feature", "properties": { "name": "la Molaine", "weight_class": 1, "permanent": false, "length_km": 2.1 }, "geometry": { "type": "LineString", "coordinates": [ [ 5.80653, 46.94449 ], [ 5.80569, 46.94526 ], [ 5.80036, 46.9449 ], [ 5.79192, 46.94668 ], [ 5.79019, 46.94976 ], [ 5.78549, 46.95177 ] ] } },
{ "type": "Feature", "properties": { "name": "la Vache", "weight_class": 1, "permanent": false, "length_km": 4.3 }, "geometry": { "type": "LineString", "coordinates": [ [ 5.83394, 46.93302 ], [ 5.83846, 46.93571 ], [ 5.83348, 46.93797 ], [ 5.83137, 46.94127 ], [ 5.83405, 46.94309 ], [ 5.83632, 46.94778 ], [ 5.84126, 46.95251 ], [ 5.84109, 46.9566 ], [ 5.84366, 46.96028 ], [ 5.84378, 46.96267 ], [ 5.84593, 46.96321 ] ] } },
{ "type": "Feature", "properties": { "name": "Ruisseau des Prés", "weight_class": 1, "permanent": false, "length_km": 2.3 }, "geometry": { "type": "LineString", "coordinates": [ [ 5.73066, 46.95471 ], [ 5.72962, 46.9567 ], [ 5.72593, 46.95832 ], [ 5.71117, 46.95977 ], [ 5.70818, 46.95926 ], [ 5.70407, 46.96019 ] ] } },
{ "type": "Feature", "properties": { "name": "Bief Magnin", "weight_class": 1, "permanent": true, "length_km": 2.7 }, "geometry": { "type": "LineString", "coordinates": [ [ 5.65558, 46.92549 ], [ 5.65757, 46.93811 ], [ 5.66406, 46.94018 ], [ 5.66134, 46.94257 ], [ 5.66021, 46.94536 ] ] } },
{ "type": "Feature", "properties": { "name": "Ruisseau de Montorge", "weight_class": 1, "permanent": true, "length_km": 4.1 }, "geometry": { "type": "MultiLineString", "coordinates": [ [ [ 6.01241, 46.8828 ], [ 6.00692, 46.88812 ], [ 6.00196, 46.88946 ], [ 5.99917, 46.89333 ], [ 5.99387, 46.89373 ], [ 5.99298, 46.89289 ], [ 5.98937, 46.89485 ], [ 5.98672, 46.89359 ], [ 5.98224, 46.89682 ], [ 5.98049, 46.89688 ] ], [ [ 6.02115, 46.86772 ], [ 6.02237, 46.87117 ], [ 6.02143, 46.8726 ] ] ] } },
{ "type": "Feature", "properties": { "name": "le Lizon Supérieur", "weight_class": 1, "permanent": true, "length_km": 8.2 }, "geometry": { "type": "LineString", "coordinates": [ [ 5.98942, 46.88835 ], [ 5.98885, 46.88965 ], [ 5.98293, 46.89061 ], [ 5.98317, 46.8918 ], [ 5.97834, 46.8946 ], [ 5.98049, 46.89688 ], [ 5.9768, 46.89901 ], [ 5.97821, 46.89894 ], [ 5.97854, 46.89983 ], [ 5.97669, 46.90049 ], [ 5.97786, 46.90349 ], [ 5.97691, 46.90456 ], [ 5.97901, 46.90547 ], [ 5.97968, 46.90773 ], [ 5.98134, 46.9078 ], [ 5.9817, 46.91031 ], [ 5.97694, 46.92115 ], [ 5.97333, 46.92406 ], [ 5.97134, 46.92743 ], [ 5.96852, 46.9276 ], [ 5.9676, 46.93035 ], [ 5.9593, 46.93283 ], [ 5.95656, 46.9321 ], [ 5.95531, 46.93414 ], [ 5.95374, 46.9338 ] ] } },
{ "type": "Feature", "properties": { "name": "Ruisseau Javel", "weight_class": 1, "permanent": true, "length_km": 3.3 }, "geometry": { "type": "LineString", "coordinates": [ [ 5.80312, 46.90903 ], [ 5.80254, 46.90726 ], [ 5.79845, 46.90353 ], [ 5.78448, 46.90272 ], [ 5.78152, 46.9028 ], [ 5.77825, 46.90441 ], [ 5.77321, 46.9088 ], [ 5.77026, 46.90866 ] ] } },
{ "type": "Feature", "properties": { "name": "Ruisseau d'Orgevaux", "weight_class": 1, "permanent": false, "length_km": 3.2 }, "geometry": { "type": "LineString", "coordinates": [ [ 5.75641, 46.90325 ], [ 5.7521, 46.90456 ], [ 5.75133, 46.90843 ], [ 5.74419, 46.91072 ], [ 5.74481, 46.91801 ], [ 5.735, 46.92278 ] ] } },
{ "type": "Feature", "properties": { "name": "le Glanon", "weight_class": 1, "permanent": true, "length_km": 6.8 }, "geometry": { "type": "LineString", "coordinates": [ [ 5.74741, 46.87649 ], [ 5.74625, 46.87801 ], [ 5.74108, 46.8792 ], [ 5.73192, 46.88324 ], [ 5.73246, 46.89563 ], [ 5.72443, 46.90475 ], [ 5.72132, 46.90592 ], [ 5.72083, 46.90733 ], [ 5.71385, 46.91153 ], [ 5.71375, 46.91596 ], [ 5.71248, 46.91799 ], [ 5.71521, 46.9216 ] ] } },
{ "type": "Feature", "properties": { "name": "Ruisseau des Prés Champonnet", "weight_class": 1, "permanent": true, "length_km": 3.2 }, "geometry": { "type": "LineString", "coordinates": [ [ 5.71137, 46.90135 ], [ 5.7026, 46.90603 ], [ 5.7031, 46.90879 ], [ 5.70671, 46.91358 ], [ 5.70707, 46.91888 ], [ 5.70252, 46.92474 ] ] } },
{ "type": "Feature", "properties": { "name": "la Grozonne", "weight_class": 1, "permanent": true, "length_km": 13.5 }, "geometry": { "type": "LineString", "coordinates": [ [ 5.70199, 46.88652 ], [ 5.69736, 46.89182 ], [ 5.69564, 46.89272 ], [ 5.6924, 46.89267 ], [ 5.68077, 46.89886 ], [ 5.68014, 46.90128 ], [ 5.67564, 46.90472 ], [ 5.67265, 46.90559 ], [ 5.66709, 46.90458 ], [ 5.65703, 46.90829 ], [ 5.65301, 46.9068 ], [ 5.63724, 46.90739 ], [ 5.63281, 46.90501 ], [ 5.63268, 46.90374 ], [ 5.62946, 46.9032 ], [ 5.62938, 46.90042 ], [ 5.62633, 46.89582 ], [ 5.62006, 46.89284 ], [ 5.61831, 46.8931 ], [ 5.61446, 46.89139 ], [ 5.61233, 46.89195 ], [ 5.61024, 46.89449 ], [ 5.60726, 46.895 ], [ 5.605, 46.898 ], [ 5.59967, 46.89905 ], [ 5.59764, 46.90057 ], [ 5.58937, 46.90199 ], [ 5.58569, 46.90153 ], [ 5.57259, 46.90934 ], [ 5.56947, 46.90962 ] ] } },
{ "type": "Feature", "properties": { "name": "Bief des Joncs", "weight_class": 1, "permanent": false, "length_km": 3.4 }, "geometry": { "type": "LineString", "coordinates": [ [ 5.95244, 46.87572 ], [ 5.95643, 46.87429 ], [ 5.95896, 46.87469 ], [ 5.96487, 46.88064 ], [ 5.96792, 46.88852 ], [ 5.97054, 46.891 ], [ 5.97829, 46.89473 ] ] } },
{ "type": "Feature", "properties": { "name": "Bief de l'Étang", "weight_class": 1, "permanent": true, "length_km": 3.7 }, "geometry": { "type": "LineString", "coordinates": [ [ 5.71734, 46.88314 ], [ 5.71426, 46.88763 ], [ 5.71556, 46.88903 ], [ 5.7109, 46.895 ], [ 5.69422, 46.89932 ], [ 5.68861, 46.89635 ], [ 5.68617, 46.89611 ] ] } },
{ "type": "Feature", "properties": { "name": "Bief de Foras", "weight_class": 1, "permanent": true, "length_km": 3.6 }, "geometry": { "type": "LineString", "coordinates": [ [ 5.66874, 46.87957 ], [ 5.6658, 46.88249 ], [ 5.65984, 46.88432 ], [ 5.66069, 46.88461 ], [ 5.66031, 46.88949 ], [ 5.65835, 46.89567 ], [ 5.6606, 46.89923 ], [ 5.65992, 46.90677 ] ] } },
{ "type": "Feature", "properties": { "name": "Bief Salé", "weight_class": 1, "permanent": true, "length_km": 6.3 }, "geometry": { "type": "LineString", "coordinates": [ [ 5.70075, 46.86846 ], [ 5.69629, 46.87458 ], [ 5.69028, 46.87747 ], [ 5.68722, 46.87603 ], [ 5.68474, 46.87633 ], [ 5.68228, 46.87545 ], [ 5.6809, 46.87262 ], [ 5.67857, 46.87113 ], [ 5.67525, 46.87255 ], [ 5.67124, 46.87136 ], [ 5.66749, 46.86955 ], [ 5.6661, 46.8672 ], [ 5.66121, 46.86519 ], [ 5.6531, 46.8662 ], [ 5.64749, 46.8658 ], [ 5.64515, 46.86486 ], [ 5.64139, 46.86507 ], [ 5.63948, 46.86301 ] ] } },
{ "type": "Feature", "properties": { "name": "Ruisseau de Belle Côte", "weight_class": 1, "permanent": false, "length_km": 2.4 }, "geometry": { "type": "LineString", "coordinates": [ [ 5.65461, 46.87741 ], [ 5.64936, 46.87757 ], [ 5.64357, 46.87545 ], [ 5.63849, 46.86819 ], [ 5.6394, 46.86615 ], [ 5.63712, 46.86495 ], [ 5.63677, 46.86352 ] ] } },
{ "type": "Feature", "properties": { "name": "la Doye/le Biolet", "weight_class": 1, "permanent": false, "length_km": 4.2 }, "geometry": { "type": "LineString", "coordinates": [ [ 5.97531, 46.86385 ], [ 5.97, 46.85418 ], [ 5.97132, 46.85119 ], [ 5.96984, 46.84801 ], [ 5.9637, 46.84577 ], [ 5.95982, 46.846 ], [ 5.95791, 46.84524 ], [ 5.95443, 46.84125 ], [ 5.9556, 46.83676 ] ] } },
{ "type": "Feature", "properties": { "name": "l'Angillon", "weight_class": 1, "permanent": true, "length_km": 27.5 }, "geometry": { "type": "LineString", "coordinates": [ [ 5.98083, 46.78371 ], [ 5.97754, 46.78515 ], [ 5.97682, 46.78778 ], [ 5.97783, 46.79011 ], [ 5.97479, 46.79521 ], [ 5.97443, 46.79808 ], [ 5.97268, 46.79913 ], [ 5.97245, 46.8068 ], [ 5.97063, 46.81333 ], [ 5.97144, 46.81518 ], [ 5.96969, 46.81781 ], [ 5.97205, 46.81999 ], [ 5.9705, 46.82387 ], [ 5.97105, 46.82531 ], [ 5.96968, 46.82655 ], [ 5.97054, 46.83262 ], [ 5.96813, 46.83344 ], [ 5.96881, 46.83514 ], [ 5.96672, 46.83741 ], [ 5.96643, 46.8364 ], [ 5.96528, 46.83668 ], [ 5.96352, 46.83534 ], [ 5.95692, 46.83712 ], [ 5.95234, 46.83629 ], [ 5.94926, 46.83498 ], [ 5.94727, 46.83118 ], [ 5.94497, 46.83151 ], [ 5.94397, 46.83037 ], [ 5.93996, 46.82945 ], [ 5.93948, 46.82754 ], [ 5.93782, 46.8265 ], [ 5.93216, 46.82479 ], [ 5.9295, 46.82541 ], [ 5.92146, 46.82216 ], [ 5.92109, 46.82041 ], [ 5.91858, 46.81843 ], [ 5.91828, 46.81316 ], [ 5.91879, 46.81121 ], [ 5.9213, 46.80971 ], [ 5.92105, 46.80771 ], [ 5.92351, 46.80589 ], [ 5.92388, 46.80422 ], [ 5.92158, 46.80398 ], [ 5.91905, 46.80203 ], [ 5.91441, 46.8027 ], [ 5.91301, 46.80099 ], [ 5.9082, 46.80029 ], [ 5.9085, 46.79846 ], [ 5.90594, 46.79638 ], [ 5.90524, 46.79421 ], [ 5.90194, 46.79351 ], [ 5.90396, 46.79052 ], [ 5.90288, 46.78938 ], [ 5.90325, 46.78619 ], [ 5.8989, 46.78552 ], [ 5.89609, 46.78114 ], [ 5.89845, 46.77825 ], [ 5.89617, 46.77772 ], [ 5.89279, 46.77413 ], [ 5.88997, 46.7739 ], [ 5.88899, 46.77148 ], [ 5.88561, 46.77057 ], [ 5.8788, 46.76568 ], [ 5.87838, 46.76382 ], [ 5.87578, 46.76264 ], [ 5.87739, 46.76161 ], [ 5.87761, 46.75953 ], [ 5.87429, 46.75788 ], [ 5.87319, 46.75867 ], [ 5.87029, 46.75753 ], [ 5.86797, 46.75372 ], [ 5.86598, 46.75413 ], [ 5.8628, 46.75122 ], [ 5.85954, 46.75183 ], [ 5.85138, 46.74984 ], [ 5.84919, 46.7485 ], [ 5.84417, 46.74908 ], [ 5.83867, 46.74803 ], [ 5.83793, 46.74714 ], [ 5.839, 46.74589 ], [ 5.8372, 46.74517 ], [ 5.83629, 46.74191 ], [ 5.83468, 46.74057 ] ] } },
{ "type": "Feature", "properties": { "name": "Bief d'Andelot", "weight_class": 1, "permanent": true, "length_km": 2.9 }, "geometry": { "type": "LineString", "coordinates": [ [ 5.91914, 46.84418 ], [ 5.92173, 46.84615 ], [ 5.92321, 46.84535 ], [ 5.92484, 46.84365 ], [ 5.92577, 46.83885 ], [ 5.92895, 46.83529 ], [ 5.92869, 46.82476 ] ] } },
{ "type": "Feature", "properties": { "name": "la Glantine", "weight_class": 1, "permanent": true, "length_km": 8.1 }, "geometry": { "type": "LineString", "coordinates": [ [ 5.73508, 46.81817 ], [ 5.73094, 46.82146 ], [ 5.72108, 46.82621 ], [ 5.71815, 46.83037 ], [ 5.71407, 46.83311 ], [ 5.71074, 46.83281 ], [ 5.7078, 46.83397 ], [ 5.70845, 46.83993 ], [ 5.7048, 46.84572 ], [ 5.70062, 46.84614 ], [ 5.70077, 46.84696 ], [ 5.69772, 46.84842 ], [ 5.69732, 46.84993 ], [ 5.69175, 46.85264 ], [ 5.68699, 46.85671 ], [ 5.68231, 46.85811 ], [ 5.67797, 46.85781 ], [ 5.66936, 46.85999 ] ] } },
{ "type": "Feature", "properties": { "name": "Bief du Vernon", "weight_class": 1, "permanent": false, "length_km": 2.1 }, "geometry": { "type": "LineString", "coordinates": [ [ 6.13156, 46.81568 ], [ 6.13493, 46.81872 ], [ 6.14017, 46.81984 ], [ 6.14264, 46.82216 ], [ 6.14656, 46.82107 ], [ 6.15111, 46.82133 ], [ 6.15176, 46.82014 ] ] } },
{ "type": "Feature", "properties": { "name": "la Serpentine", "weight_class": 1, "permanent": true, "length_km": 11.9 }, "geometry": { "type": "LineString", "coordinates": [ [ 6.06882, 46.81139 ], [ 6.07052, 46.80756 ], [ 6.07387, 46.80746 ], [ 6.07619, 46.80577 ], [ 6.08051, 46.80503 ], [ 6.08262, 46.80296 ], [ 6.08223, 46.80114 ], [ 6.08474, 46.79963 ], [ 6.08427, 46.79838 ], [ 6.07813, 46.79552 ], [ 6.07062, 46.79477 ], [ 6.06891, 46.79368 ], [ 6.06857, 46.78984 ], [ 6.0617, 46.7867 ], [ 6.05314, 46.78467 ], [ 6.05149, 46.78352 ], [ 6.05162, 46.78232 ], [ 6.04832, 46.78137 ], [ 6.04704, 46.78208 ], [ 6.04218, 46.77996 ], [ 6.04013, 46.78031 ], [ 6.03064, 46.77624 ], [ 6.02754, 46.77685 ], [ 6.02642, 46.77403 ], [ 6.02775, 46.77301 ], [ 6.02715, 46.77091 ], [ 6.02847, 46.7704 ], [ 6.02749, 46.76998 ], [ 6.02807, 46.76865 ], [ 6.02605, 46.76731 ], [ 6.0267, 46.7644 ], [ 6.02437, 46.76344 ], [ 6.02215, 46.76053 ], [ 6.01934, 46.76006 ], [ 6.01734, 46.75715 ] ] } },
{ "type": "Feature", "properties": { "name": "Ruisseau du Gouffre de l'Houle", "weight_class": 1, "permanent": true, "length_km": 5.7 }, "geometry": { "type": "LineString", "coordinates": [ [ 6.04204, 46.81215 ], [ 6.03769, 46.81171 ], [ 6.03365, 46.80992 ], [ 6.03551, 46.80734 ], [ 6.03371, 46.80269 ], [ 6.03596, 46.79901 ], [ 6.0344, 46.79386 ], [ 6.036, 46.79288 ], [ 6.03519, 46.79113 ], [ 6.03705, 46.78971 ], [ 6.03604, 46.78757 ], [ 6.03702, 46.78687 ], [ 6.03482, 46.7852 ], [ 6.03481, 46.78376 ], [ 6.03212, 46.78207 ], [ 6.03216, 46.77982 ], [ 6.02885, 46.77874 ], [ 6.02764, 46.77688 ] ] } },
{ "type": "Feature", "properties": { "name": "Ruisseau des Buats", "weight_class": 1, "permanent": false, "length_km": 4.5 }, "geometry": { "type": "LineString", "coordinates": [ [ 5.67058, 46.83311 ], [ 5.66243, 46.83742 ], [ 5.66299, 46.83997 ], [ 5.66068, 46.84196 ], [ 5.66086, 46.84333 ], [ 5.65726, 46.84379 ], [ 5.65669, 46.84597 ], [ 5.65379, 46.84623 ], [ 5.64869, 46.84898 ], [ 5.64128, 46.85033 ], [ 5.63251, 46.84655 ], [ 5.63035, 46.84733 ] ] } },
{ "type": "Feature", "properties": { "name": "Ruisseau du Martinet", "weight_class": 1, "permanent": true, "length_km": 3.4 }, "geometry": { "type": "LineString", "coordinates": [ [ 6.11871, 46.79215 ], [ 6.11563, 46.79278 ], [ 6.11392, 46.7947 ], [ 6.10893, 46.79393 ], [ 6.10244, 46.79545 ], [ 6.07987, 46.79607 ] ] } },
{ "type": "Feature", "properties": { "name": "la Settière", "weight_class": 1, "permanent": true, "length_km": 7.0 }, "geometry": { "type": "LineString", "coordinates": [ [ 6.0875, 46.75627 ], [ 6.08859, 46.76285 ], [ 6.08646, 46.76557 ], [ 6.08302, 46.76754 ], [ 6.07853, 46.76896 ], [ 6.07502, 46.76855 ], [ 6.06919, 46.76975 ], [ 6.05637, 46.77058 ], [ 6.05163, 46.77337 ], [ 6.04366, 46.77325 ], [ 6.0392, 46.77093 ], [ 6.03665, 46.77067 ], [ 6.03013, 46.76546 ], [ 6.0267, 46.7644 ] ] } },
{ "type": "Feature", "properties": { "name": "Ruisseau d'Essauilly", "weight_class": 1, "permanent": true, "length_km": 3.5 }, "geometry": { "type": "LineString", "coordinates": [ [ 6.08822, 46.78239 ], [ 6.08857, 46.78351 ], [ 6.087, 46.78429 ], [ 6.0792, 46.78638 ], [ 6.06892, 46.787 ], [ 6.05907, 46.78203 ], [ 6.05288, 46.78143 ], [ 6.05162, 46.78232 ] ] } },
{ "type": "Feature", "properties": { "name": "Ruisseau de Combe Sandon", "weight_class": 1, "permanent": true, "length_km": 4.3 }, "geometry": { "type": "LineString", "coordinates": [ [ 6.02065, 46.78216 ], [ 6.0173, 46.77925 ], [ 6.01672, 46.77607 ], [ 6.00838, 46.7759 ], [ 6.00423, 46.77485 ], [ 6.00426, 46.7728 ], [ 6.00619, 46.77155 ], [ 6.0064, 46.77006 ], [ 6.0031, 46.7676 ], [ 6.00191, 46.76335 ], [ 5.99858, 46.76156 ], [ 5.99812, 46.75775 ] ] } },
{ "type": "Feature", "properties": { "name": "Bief de l'Étang", "weight_class": 1, "permanent": true, "length_km": 2.6 }, "geometry": { "type": "LineString", "coordinates": [ [ 5.93103, 46.79657 ], [ 5.9302, 46.79816 ], [ 5.92598, 46.80052 ], [ 5.92305, 46.79912 ], [ 5.92151, 46.79654 ], [ 5.91645, 46.79544 ], [ 5.90767, 46.7957 ], [ 5.90502, 46.79405 ] ] } },
{ "type": "Feature", "properties": { "name": "la Londaine", "weight_class": 1, "permanent": true, "length_km": 8.5 }, "geometry": { "type": "LineString", "coordinates": [ [ 5.97049, 46.77241 ], [ 5.96603, 46.76769 ], [ 5.96176, 46.75744 ], [ 5.9557, 46.75451 ], [ 5.95423, 46.7528 ], [ 5.9522, 46.75283 ], [ 5.94984, 46.75558 ], [ 5.9453, 46.75505 ], [ 5.94158, 46.7568 ], [ 5.93875, 46.75644 ], [ 5.93521, 46.7551 ], [ 5.93477, 46.74994 ], [ 5.93044, 46.74904 ], [ 5.92659, 46.74641 ], [ 5.9237, 46.74612 ], [ 5.91803, 46.74725 ], [ 5.91473, 46.7457 ], [ 5.90744, 46.7471 ], [ 5.90158, 46.74439 ], [ 5.90141, 46.74124 ] ] } },
{ "type": "Feature", "properties": { "name": "Ruisseau de Peuly", "weight_class": 1, "permanent": true, "length_km": 2.6 }, "geometry": { "type": "LineString", "coordinates": [ [ 5.98555, 46.77047 ], [ 5.97991, 46.76627 ], [ 5.97965, 46.76327 ], [ 5.97669, 46.75987 ], [ 5.97677, 46.75663 ], [ 5.97183, 46.75268 ], [ 5.97015, 46.75246 ] ] } },
{ "type": "Feature", "properties": { "name": "Bief de Provelle", "weight_class": 1, "permanent": true, "length_km": 4.0 }, "geometry": { "type": "MultiLineString", "coordinates": [ [ [ 5.88653, 46.75347 ], [ 5.88887, 46.75137 ], [ 5.88951, 46.74818 ] ], [ [ 5.91728, 46.75863 ], [ 5.91623, 46.75866 ], [ 5.91491, 46.75658 ], [ 5.9082, 46.7558 ], [ 5.90638, 46.75708 ], [ 5.90438, 46.75678 ], [ 5.90296, 46.75884 ], [ 5.90018, 46.75785 ], [ 5.89035, 46.76045 ], [ 5.88962, 46.75753 ], [ 5.88726, 46.75603 ] ] ] } },
{ "type": "Feature", "properties": { "name": "Bief du Moulin", "weight_class": 1, "permanent": true, "length_km": 3.9 }, "geometry": { "type": "LineString", "coordinates": [ [ 5.81238, 46.76935 ], [ 5.80316, 46.75571 ], [ 5.80408, 46.75468 ], [ 5.80232, 46.75171 ], [ 5.8032, 46.75053 ], [ 5.7991, 46.74598 ], [ 5.79587, 46.74566 ], [ 5.79374, 46.74148 ] ] } },
{ "type": "Feature", "properties": { "name": "Ruisseau de Combe Bernard", "weight_class": 1, "permanent": false, "length_km": 2.8 }, "geometry": { "type": "LineString", "coordinates": [ [ 6.01072, 46.71252 ], [ 6.00696, 46.7157 ], [ 6.00284, 46.71552 ], [ 5.99501, 46.71737 ], [ 5.99184, 46.72002 ], [ 5.98671, 46.72097 ], [ 5.98266, 46.72388 ] ] } },
{ "type": "Feature", "properties": { "name": "Bief de la Reculée", "weight_class": 2, "permanent": true, "length_km": 3.5 }, "geometry": { "type": "LineString", "coordinates": [ [ 5.88567, 46.71841 ], [ 5.8786, 46.72656 ], [ 5.86984, 46.73416 ], [ 5.86515, 46.73353 ], [ 5.86162, 46.73505 ], [ 5.85875, 46.73473 ], [ 5.85513, 46.73564 ] ] } },
{ "type": "Feature", "properties": { "name": "Bief de Fosse", "weight_class": 1, "permanent": false, "length_km": 3.3 }, "geometry": { "type": "LineString", "coordinates": [ [ 5.8312, 46.72455 ], [ 5.82233, 46.72834 ], [ 5.81956, 46.72836 ], [ 5.81078, 46.73135 ], [ 5.80503, 46.73514 ], [ 5.80211, 46.74039 ] ] } },
{ "type": "Feature", "properties": { "name": "Ruisseau d'entre Côtes", "weight_class": 1, "permanent": true, "length_km": 6.5 }, "geometry": { "type": "LineString", "coordinates": [ [ 6.06333, 46.69127 ], [ 6.06115, 46.68999 ], [ 6.06121, 46.68745 ], [ 6.05124, 46.68147 ], [ 6.04737, 46.67781 ], [ 6.04234, 46.67549 ], [ 6.03709, 46.67015 ], [ 6.03313, 46.66937 ], [ 6.03031, 46.6665 ], [ 6.02982, 46.65989 ], [ 6.02008, 46.65188 ], [ 6.01725, 46.65102 ] ] } },
{ "type": "Feature", "properties": { "name": "la Saine", "weight_class": 2, "permanent": true, "length_km": 19.4 }, "geometry": { "type": "LineString", "coordinates": [ [ 6.07652, 46.66961 ], [ 6.07801, 46.66856 ], [ 6.07654, 46.66732 ], [ 6.07679, 46.66573 ], [ 6.07417, 46.66536 ], [ 6.07484, 46.66364 ], [ 6.07305, 46.66142 ], [ 6.07504, 46.65933 ], [ 6.07149, 46.65781 ], [ 6.07011, 46.65583 ], [ 6.06502, 46.65435 ], [ 6.05985, 46.65016 ], [ 6.05116, 46.64563 ], [ 6.04894, 46.64543 ], [ 6.04888, 46.6444 ], [ 6.04091, 46.64431 ], [ 6.03763, 46.64304 ], [ 6.0377, 46.64133 ], [ 6.03576, 46.64008 ], [ 6.03193, 46.64062 ], [ 6.03072, 46.6392 ], [ 6.02807, 46.63981 ], [ 6.02621, 46.64445 ], [ 6.02319, 46.64495 ], [ 6.02288, 46.64821 ], [ 6.02053, 46.64841 ], [ 6.02021, 46.64943 ], [ 6.01522, 46.65173 ], [ 6.01261, 46.65405 ], [ 6.00807, 46.65297 ], [ 6.00446, 46.65639 ], [ 6.00452, 46.65828 ], [ 5.99976, 46.66161 ], [ 5.99673, 46.66284 ], [ 5.98851, 46.6638 ], [ 5.98381, 46.66791 ], [ 5.97578, 46.67098 ], [ 5.97002, 46.67882 ], [ 5.96759, 46.68058 ], [ 5.95846, 46.68293 ], [ 5.95719, 46.68436 ], [ 5.95481, 46.68411 ], [ 5.95352, 46.68709 ], [ 5.94643, 46.69009 ], [ 5.94302, 46.6896 ], [ 5.9432, 46.69393 ], [ 5.9407, 46.69552 ], [ 5.94125, 46.69887 ], [ 5.94365, 46.70038 ], [ 5.93994, 46.70162 ], [ 5.9418, 46.70616 ], [ 5.93987, 46.70915 ] ] } },
{ "type": "Feature", "properties": { "name": "Ruisseau de Pillemoine", "weight_class": 2, "permanent": true, "length_km": 5.2 }, "geometry": { "type": "LineString", "coordinates": [ [ 5.90487, 46.70117 ], [ 5.90421, 46.7062 ], [ 5.9094, 46.70714 ], [ 5.91195, 46.70097 ], [ 5.91184, 46.69785 ], [ 5.91367, 46.69565 ], [ 5.91882, 46.69304 ], [ 5.92251, 46.6933 ], [ 5.92695, 46.69224 ], [ 5.93026, 46.68887 ], [ 5.93173, 46.68381 ], [ 5.93756, 46.68058 ] ] } },
{ "type": "Feature", "properties": { "name": "Bief de Monet la Ville", "weight_class": 1, "permanent": true, "length_km": 2.4 }, "geometry": { "type": "LineString", "coordinates": [ [ 5.80416, 46.71391 ], [ 5.8029, 46.7185 ], [ 5.78985, 46.71799 ], [ 5.78539, 46.71492 ], [ 5.78317, 46.71619 ] ] } },
{ "type": "Feature", "properties": { "name": "la Seille", "weight_class": 2, "permanent": true, "length_km": 5.9 }, "geometry": { "type": "LineString", "coordinates": [ [ 5.65681, 46.69719 ], [ 5.65518, 46.69753 ], [ 5.65433, 46.69982 ], [ 5.64934, 46.7031 ], [ 5.64439, 46.71072 ], [ 5.64261, 46.71177 ], [ 5.63956, 46.71138 ], [ 5.63466, 46.71278 ], [ 5.63191, 46.71546 ], [ 5.63359, 46.72223 ], [ 5.63785, 46.72667 ], [ 5.63348, 46.73242 ], [ 5.63246, 46.73483 ], [ 5.6335, 46.73553 ], [ 5.63149, 46.73648 ] ] } },
{ "type": "Feature", "properties": { "name": "Ruisseau de Poutin", "weight_class": 1, "permanent": false, "length_km": 2.0 }, "geometry": { "type": "LineString", "coordinates": [ [ 6.02384, 46.66802 ], [ 6.01813, 46.66563 ], [ 6.01353, 46.66235 ], [ 6.01223, 46.66013 ], [ 6.00457, 46.65707 ] ] } },
{ "type": "Feature", "properties": { "name": "Bief Faucon", "weight_class": 1, "permanent": false, "length_km": 2.8 }, "geometry": { "type": "LineString", "coordinates": [ [ 5.91903, 46.67725 ], [ 5.9165, 46.68202 ], [ 5.91917, 46.68341 ], [ 5.92169, 46.68332 ], [ 5.92306, 46.68493 ], [ 5.92976, 46.68223 ], [ 5.9307, 46.68004 ], [ 5.93339, 46.67887 ], [ 5.93499, 46.67634 ] ] } },
{ "type": "Feature", "properties": { "name": "la Lemme", "weight_class": 1, "permanent": true, "length_km": 17.6 }, "geometry": { "type": "LineString", "coordinates": [ [ 5.96795, 46.57363 ], [ 5.97097, 46.5751 ], [ 5.97424, 46.57464 ], [ 5.97973, 46.58011 ], [ 5.98149, 46.5868 ], [ 5.979, 46.58924 ], [ 5.97756, 46.59319 ], [ 5.97383, 46.59517 ], [ 5.97189, 46.59861 ], [ 5.96712, 46.60278 ], [ 5.9638, 46.60724 ], [ 5.96451, 46.60858 ], [ 5.96148, 46.61028 ], [ 5.96168, 46.61263 ], [ 5.95956, 46.61438 ], [ 5.95941, 46.6176 ], [ 5.96185, 46.6198 ], [ 5.95797, 46.62389 ], [ 5.95325, 46.62661 ], [ 5.95162, 46.62572 ], [ 5.94954, 46.62883 ], [ 5.94695, 46.63007 ], [ 5.94721, 46.63155 ], [ 5.9449, 46.63408 ], [ 5.9452, 46.63691 ], [ 5.9435, 46.63772 ], [ 5.94368, 46.6392 ], [ 5.94148, 46.64107 ], [ 5.94227, 46.64404 ], [ 5.94068, 46.64554 ], [ 5.94406, 46.6493 ], [ 5.94205, 46.65483 ], [ 5.94629, 46.65768 ], [ 5.94738, 46.66351 ], [ 5.94514, 46.66682 ], [ 5.94221, 46.66611 ], [ 5.93988, 46.66762 ], [ 5.93813, 46.67438 ], [ 5.93582, 46.67454 ], [ 5.93483, 46.67599 ], [ 5.94209, 46.68665 ], [ 5.94376, 46.68725 ], [ 5.94156, 46.68858 ], [ 5.94261, 46.68997 ] ] } },
{ "type": "Feature", "properties": { "name": "Bief de la Côte", "weight_class": 1, "permanent": true, "length_km": 2.6 }, "geometry": { "type": "LineString", "coordinates": [ [ 5.80045, 46.68661 ], [ 5.80038, 46.68397 ], [ 5.79853, 46.68113 ], [ 5.79926, 46.67968 ], [ 5.79323, 46.68074 ], [ 5.78419, 46.67948 ], [ 5.77792, 46.68005 ] ] } },
{ "type": "Feature", "properties": { "name": "Bief Martin", "weight_class": 1, "permanent": true, "length_km": 2.8 }, "geometry": { "type": "LineString", "coordinates": [ [ 5.79615, 46.69243 ], [ 5.79471, 46.69431 ], [ 5.79158, 46.6942 ], [ 5.78924, 46.69541 ], [ 5.77662, 46.69538 ], [ 5.77291, 46.69449 ], [ 5.77183, 46.69351 ], [ 5.77302, 46.69127 ], [ 5.76972, 46.6893 ] ] } },
{ "type": "Feature", "properties": { "name": "Bief de l'Œuf", "weight_class": 1, "permanent": true, "length_km": 2.7 }, "geometry": { "type": "LineString", "coordinates": [ [ 5.78047, 46.6764 ], [ 5.78004, 46.67895 ], [ 5.77645, 46.68061 ], [ 5.77587, 46.68359 ], [ 5.76998, 46.68275 ], [ 5.76814, 46.68338 ], [ 5.76403, 46.68188 ], [ 5.76189, 46.68289 ], [ 5.75639, 46.68326 ] ] } },
{ "type": "Feature", "properties": { "name": "la Sainette", "weight_class": 1, "permanent": true, "length_km": 4.5 }, "geometry": { "type": "LineString", "coordinates": [ [ 6.07454, 46.64321 ], [ 6.05897, 46.63434 ], [ 6.05329, 46.6336 ], [ 6.04777, 46.631 ], [ 6.04294, 46.63298 ], [ 6.0371, 46.63732 ], [ 6.03243, 46.63773 ], [ 6.0305, 46.63926 ] ] } },
{ "type": "Feature", "properties": { "name": "la Senge", "weight_class": 1, "permanent": true, "length_km": 3.8 }, "geometry": { "type": "LineString", "coordinates": [ [ 6.00985, 46.62927 ], [ 6.009, 46.63092 ], [ 6.01217, 46.63236 ], [ 6.0141, 46.63654 ], [ 6.00821, 46.64531 ], [ 6.00814, 46.64996 ], [ 6.0028, 46.65292 ], [ 6.00316, 46.6557 ], [ 6.00446, 46.65639 ] ] } },
{ "type": "Feature", "properties": { "name": "le Galavo", "weight_class": 1, "permanent": true, "length_km": 2.6 }, "geometry": { "type": "LineString", "coordinates": [ [ 6.03858, 46.62191 ], [ 6.02956, 46.62635 ], [ 6.03175, 46.62847 ], [ 6.02935, 46.63103 ], [ 6.02906, 46.63302 ], [ 6.03097, 46.63401 ], [ 6.03075, 46.63765 ], [ 6.03211, 46.63806 ] ] } },
{ "type": "Feature", "properties": { "name": "le Quénot", "weight_class": 1, "permanent": true, "length_km": 4.1 }, "geometry": { "type": "LineString", "coordinates": [ [ 5.99016, 46.6428 ], [ 5.9867, 46.64197 ], [ 5.98028, 46.64257 ], [ 5.97667, 46.63979 ], [ 5.97133, 46.63904 ], [ 5.95197, 46.63787 ], [ 5.9466, 46.63802 ], [ 5.94535, 46.63926 ], [ 5.94368, 46.6392 ] ] } },
{ "type": "Feature", "properties": { "name": "le Hérisson", "weight_class": 1, "permanent": true, "length_km": 21.6 }, "geometry": { "type": "LineString", "coordinates": [ [ 5.87349, 46.58912 ], [ 5.87373, 46.59686 ], [ 5.87547, 46.59733 ], [ 5.87702, 46.60088 ], [ 5.87956, 46.60281 ], [ 5.8845, 46.61168 ], [ 5.88133, 46.61259 ], [ 5.87871, 46.61208 ], [ 5.8707, 46.61445 ], [ 5.86955, 46.61365 ], [ 5.86695, 46.61554 ], [ 5.85099, 46.61308 ], [ 5.84511, 46.61332 ], [ 5.83609, 46.61222 ], [ 5.82933, 46.61347 ], [ 5.82586, 46.61516 ], [ 5.82487, 46.61475 ], [ 5.82523, 46.61589 ], [ 5.8228, 46.61637 ], [ 5.82387, 46.61795 ], [ 5.82219, 46.6188 ], [ 5.82159, 46.62134 ], [ 5.81828, 46.62221 ], [ 5.81411, 46.62623 ], [ 5.81396, 46.63211 ], [ 5.80578, 46.63913 ], [ 5.80437, 46.64417 ], [ 5.80001, 46.64802 ], [ 5.78822, 46.65072 ], [ 5.7846, 46.64982 ], [ 5.78324, 46.65094 ], [ 5.78186, 46.64925 ], [ 5.77895, 46.64932 ], [ 5.77716, 46.64756 ], [ 5.77444, 46.64801 ], [ 5.77412, 46.64986 ], [ 5.77055, 46.65248 ], [ 5.76898, 46.6557 ], [ 5.76575, 46.65683 ], [ 5.76622, 46.65799 ], [ 5.76186, 46.65944 ], [ 5.75484, 46.65552 ], [ 5.75573, 46.65344 ], [ 5.75013, 46.64911 ], [ 5.74843, 46.6497 ], [ 5.74548, 46.64904 ], [ 5.74364, 46.64732 ], [ 5.73338, 46.64737 ], [ 5.72994, 46.64531 ], [ 5.72838, 46.64619 ], [ 5.72806, 46.64469 ] ] } },
{ "type": "Feature", "properties": { "name": "le Daillon", "weight_class": 1, "permanent": false, "length_km": 6.6 }, "geometry": { "type": "LineString", "coordinates": [ [ 5.69196, 46.64404 ], [ 5.69721, 46.63759 ], [ 5.69731, 46.63406 ], [ 5.69489, 46.63066 ], [ 5.69422, 46.62484 ], [ 5.69203, 46.61992 ], [ 5.68592, 46.61039 ], [ 5.68693, 46.60706 ], [ 5.6843, 46.6013 ], [ 5.68457, 46.59963 ], [ 5.6868, 46.5978 ], [ 5.68604, 46.59666 ], [ 5.69024, 46.59663 ], [ 5.69249, 46.59479 ], [ 5.69527, 46.59429 ] ] } },
{ "type": "Feature", "properties": { "name": "le Dudon", "weight_class": 1, "permanent": true, "length_km": 2.2 }, "geometry": { "type": "LineString", "coordinates": [ [ 5.75169, 46.63462 ], [ 5.74646, 46.63759 ], [ 5.74189, 46.63867 ], [ 5.73912, 46.63755 ], [ 5.73364, 46.63914 ], [ 5.7273, 46.63934 ] ] } },
{ "type": "Feature", "properties": { "name": "Ruisseau du Lac", "weight_class": 1, "permanent": true, "length_km": 4.6 }, "geometry": { "type": "LineString", "coordinates": [ [ 6.00209, 46.60379 ], [ 6.00365, 46.60513 ], [ 6.00192, 46.60646 ], [ 6.00321, 46.60822 ], [ 6.01458, 46.60989 ], [ 6.02161, 46.61592 ], [ 6.01942, 46.61867 ], [ 6.02109, 46.62031 ], [ 6.01904, 46.62196 ], [ 6.02116, 46.62296 ], [ 6.02067, 46.62503 ], [ 6.02973, 46.62683 ] ] } },
{ "type": "Feature", "properties": { "name": "Ruisseau de devant", "weight_class": 1, "permanent": true, "length_km": 2.7 }, "geometry": { "type": "LineString", "coordinates": [ [ 5.98693, 46.61803 ], [ 5.98587, 46.61525 ], [ 5.98454, 46.61479 ], [ 5.98081, 46.61595 ], [ 5.97808, 46.61358 ], [ 5.9711, 46.61208 ], [ 5.96643, 46.60815 ], [ 5.96425, 46.60776 ] ] } },
{ "type": "Feature", "properties": { "name": "le Dombief", "weight_class": 1, "permanent": true, "length_km": 11.6 }, "geometry": { "type": "LineString", "coordinates": [ [ 5.88067, 46.56143 ], [ 5.88582, 46.5685 ], [ 5.89059, 46.58119 ], [ 5.89366, 46.58114 ], [ 5.89804, 46.58503 ], [ 5.90189, 46.59398 ], [ 5.90504, 46.59559 ], [ 5.90493, 46.59725 ], [ 5.91009, 46.59917 ], [ 5.91075, 46.60104 ], [ 5.91284, 46.60163 ], [ 5.91633, 46.60967 ], [ 5.91787, 46.61049 ], [ 5.91697, 46.61081 ], [ 5.91772, 46.61363 ], [ 5.92065, 46.61613 ], [ 5.92032, 46.61846 ], [ 5.92294, 46.61899 ], [ 5.92295, 46.62073 ], [ 5.92457, 46.62201 ], [ 5.92944, 46.62434 ], [ 5.9303, 46.62628 ], [ 5.93556, 46.62891 ], [ 5.93705, 46.62864 ], [ 5.93852, 46.63068 ], [ 5.94057, 46.63114 ], [ 5.94372, 46.62969 ], [ 5.94519, 46.63079 ], [ 5.94665, 46.63052 ] ] } },
{ "type": "Feature", "properties": { "name": "le Tarabief", "weight_class": 1, "permanent": false, "length_km": 2.1 }, "geometry": { "type": "LineString", "coordinates": [ [ 5.75068, 46.61177 ], [ 5.7424, 46.6116 ], [ 5.74088, 46.60944 ], [ 5.7348, 46.6066 ], [ 5.73077, 46.60691 ], [ 5.72899, 46.6088 ] ] } },
{ "type": "Feature", "properties": { "name": "la Sirène", "weight_class": 1, "permanent": true, "length_km": 16.5 }, "geometry": { "type": "LineString", "coordinates": [ [ 5.86753, 46.59722 ], [ 5.86379, 46.59692 ], [ 5.86057, 46.59784 ], [ 5.85894, 46.59723 ], [ 5.85607, 46.59806 ], [ 5.85425, 46.59713 ], [ 5.84815, 46.59732 ], [ 5.843, 46.59611 ], [ 5.8407, 46.59778 ], [ 5.83266, 46.59698 ], [ 5.82718, 46.59857 ], [ 5.81909, 46.59894 ], [ 5.81699, 46.60067 ], [ 5.81416, 46.60067 ], [ 5.81312, 46.59896 ], [ 5.80707, 46.59774 ], [ 5.80369, 46.59868 ], [ 5.80344, 46.60065 ], [ 5.80094, 46.60127 ], [ 5.79788, 46.60387 ], [ 5.7946, 46.60402 ], [ 5.78753, 46.60729 ], [ 5.78127, 46.60821 ], [ 5.77733, 46.61452 ], [ 5.77474, 46.61641 ], [ 5.76391, 46.61645 ], [ 5.75896, 46.61907 ], [ 5.75538, 46.61938 ], [ 5.75051, 46.62127 ], [ 5.74823, 46.62057 ], [ 5.74723, 46.61814 ], [ 5.74328, 46.61604 ], [ 5.74264, 46.61439 ], [ 5.73427, 46.61217 ], [ 5.73371, 46.61004 ], [ 5.72757, 46.608 ], [ 5.72764, 46.60659 ], [ 5.72589, 46.60633 ], [ 5.72652, 46.60583 ], [ 5.72126, 46.60237 ], [ 5.72181, 46.60147 ], [ 5.71963, 46.60081 ], [ 5.71852, 46.59904 ], [ 5.71711, 46.59925 ], [ 5.71238, 46.59672 ] ] } },
{ "type": "Feature", "properties": { "name": "Ruisseau de la Planchette", "weight_class": 1, "permanent": false, "length_km": 2.4 }, "geometry": { "type": "LineString", "coordinates": [ [ 5.70068, 46.61952 ], [ 5.70029, 46.61625 ], [ 5.69704, 46.61356 ], [ 5.69521, 46.61022 ], [ 5.69659, 46.6075 ], [ 5.70071, 46.60536 ], [ 5.69657, 46.60265 ] ] } },
{ "type": "Feature", "properties": { "name": "Ruisseau du Saillet", "weight_class": 1, "permanent": true, "length_km": 2.8 }, "geometry": { "type": "LineString", "coordinates": [ [ 5.96187, 46.58368 ], [ 5.96288, 46.58454 ], [ 5.96116, 46.58603 ], [ 5.96089, 46.58908 ], [ 5.96372, 46.592 ], [ 5.96511, 46.59214 ], [ 5.96472, 46.59536 ], [ 5.96826, 46.59865 ], [ 5.96596, 46.60093 ], [ 5.96773, 46.60226 ] ] } },
{ "type": "Feature", "properties": { "name": "le Bief Rouge", "weight_class": 1, "permanent": true, "length_km": 3.9 }, "geometry": { "type": "LineString", "coordinates": [ [ 5.94108, 46.5801 ], [ 5.94906, 46.58705 ], [ 5.94724, 46.58914 ], [ 5.94882, 46.58995 ], [ 5.94985, 46.59291 ], [ 5.95251, 46.59358 ], [ 5.95456, 46.5964 ], [ 5.96699, 46.60316 ] ] } },
{ "type": "Feature", "properties": { "name": "le Rhonnay", "weight_class": 1, "permanent": false, "length_km": 7.7 }, "geometry": { "type": "LineString", "coordinates": [ [ 5.85845, 46.58894 ], [ 5.85633, 46.58836 ], [ 5.85365, 46.58497 ], [ 5.84738, 46.5838 ], [ 5.84084, 46.5862 ], [ 5.8289, 46.58485 ], [ 5.82108, 46.58818 ], [ 5.81267, 46.58814 ], [ 5.80723, 46.59049 ], [ 5.80074, 46.59088 ], [ 5.79796, 46.5918 ], [ 5.79192, 46.59672 ], [ 5.79221, 46.59989 ], [ 5.78755, 46.6016 ], [ 5.78731, 46.60496 ], [ 5.78555, 46.60734 ] ] } },
{ "type": "Feature", "properties": { "name": "le Cressandon", "weight_class": 1, "permanent": true, "length_km": 2.7 }, "geometry": { "type": "LineString", "coordinates": [ [ 5.76976, 46.59399 ], [ 5.76377, 46.5934 ], [ 5.76042, 46.59165 ], [ 5.75707, 46.59115 ], [ 5.75345, 46.59181 ], [ 5.74456, 46.59569 ], [ 5.74002, 46.59383 ] ] } },
{ "type": "Feature", "properties": { "name": "Bief de Bissia", "weight_class": 1, "permanent": true, "length_km": 3.2 }, "geometry": { "type": "LineString", "coordinates": [ [ 5.72924, 46.57942 ], [ 5.72885, 46.57833 ], [ 5.73089, 46.57624 ], [ 5.72973, 46.57438 ], [ 5.72794, 46.57374 ], [ 5.72056, 46.57624 ], [ 5.71799, 46.57963 ], [ 5.71, 46.57949 ], [ 5.70596, 46.58081 ], [ 5.70285, 46.5806 ] ] } },
{ "type": "Feature", "properties": { "name": "le Drouvenant", "weight_class": 3, "permanent": true, "length_km": 18.9 }, "geometry": { "type": "LineString", "coordinates": [ [ 5.79288, 46.51958 ], [ 5.79624, 46.52519 ], [ 5.79352, 46.52753 ], [ 5.79407, 46.53303 ], [ 5.79854, 46.54055 ], [ 5.80761, 46.55094 ], [ 5.80847, 46.55338 ], [ 5.80722, 46.55806 ], [ 5.80447, 46.55948 ], [ 5.80578, 46.56018 ], [ 5.80526, 46.56096 ], [ 5.80195, 46.56209 ], [ 5.80271, 46.56302 ], [ 5.79684, 46.56758 ], [ 5.79751, 46.56861 ], [ 5.79635, 46.56988 ], [ 5.79357, 46.5718 ], [ 5.79293, 46.57101 ], [ 5.79053, 46.57235 ], [ 5.79073, 46.57354 ], [ 5.78528, 46.575 ], [ 5.78314, 46.57694 ], [ 5.781, 46.57621 ], [ 5.7768, 46.57644 ], [ 5.7748, 46.57905 ], [ 5.76944, 46.57782 ], [ 5.76841, 46.5763 ], [ 5.76491, 46.576 ], [ 5.76176, 46.57444 ], [ 5.75678, 46.57536 ], [ 5.75538, 46.57824 ], [ 5.75297, 46.57839 ], [ 5.74992, 46.58003 ], [ 5.74785, 46.58405 ], [ 5.7488, 46.58668 ], [ 5.74637, 46.58658 ], [ 5.74629, 46.58815 ], [ 5.74053, 46.5937 ], [ 5.73564, 46.59458 ], [ 5.73375, 46.59624 ], [ 5.72962, 46.59502 ], [ 5.72535, 46.59604 ], [ 5.72185, 46.59587 ], [ 5.72009, 46.59441 ], [ 5.71716, 46.59516 ], [ 5.71515, 46.59731 ], [ 5.71048, 46.59663 ], [ 5.70907, 46.594 ], [ 5.70362, 46.58948 ], [ 5.69829, 46.58834 ] ] } },
{ "type": "Feature", "properties": { "name": "Ruisseau du Buronnet", "weight_class": 1, "permanent": true, "length_km": 4.6 }, "geometry": { "type": "LineString", "coordinates": [ [ 5.65973, 46.60042 ], [ 5.66606, 46.59802 ], [ 5.66951, 46.59364 ], [ 5.67776, 46.59222 ], [ 5.6814, 46.58884 ], [ 5.68093, 46.58602 ], [ 5.68609, 46.58202 ], [ 5.68996, 46.58238 ], [ 5.69225, 46.58583 ], [ 5.69794, 46.58704 ] ] } },
{ "type": "Feature", "properties": { "name": "l'Évalude", "weight_class": 1, "permanent": true, "length_km": 7.0 }, "geometry": { "type": "LineString", "coordinates": [ [ 6.07855, 46.56424 ], [ 6.07484, 46.56375 ], [ 6.07011, 46.55994 ], [ 6.06739, 46.55922 ], [ 6.0653, 46.55969 ], [ 6.06219, 46.55833 ], [ 6.05946, 46.55658 ], [ 6.06052, 46.55494 ], [ 6.05966, 46.55327 ], [ 6.05669, 46.55296 ], [ 6.05556, 46.55187 ], [ 6.05234, 46.55189 ], [ 6.04909, 46.54856 ], [ 6.04361, 46.54647 ], [ 6.04361, 46.54469 ], [ 6.03955, 46.54177 ], [ 6.03474, 46.53899 ], [ 6.03095, 46.53844 ], [ 6.02162, 46.53098 ], [ 6.01863, 46.53 ] ] } },
{ "type": "Feature", "properties": { "name": "la Raillette", "weight_class": 1, "permanent": true, "length_km": 5.1 }, "geometry": { "type": "LineString", "coordinates": [ [ 5.77466, 46.5505 ], [ 5.76964, 46.55139 ], [ 5.76704, 46.55323 ], [ 5.76069, 46.55097 ], [ 5.75384, 46.55336 ], [ 5.75333, 46.56086 ], [ 5.7486, 46.5697 ], [ 5.74794, 46.57428 ], [ 5.74813, 46.57673 ], [ 5.75026, 46.57992 ] ] } },
{ "type": "Feature", "properties": { "name": "Ruisseau de Maillat", "weight_class": 1, "permanent": true, "length_km": 2.6 }, "geometry": { "type": "LineString", "coordinates": [ [ 5.74062, 46.55932 ], [ 5.73551, 46.56262 ], [ 5.72977, 46.56198 ], [ 5.72335, 46.56392 ], [ 5.71101, 46.56452 ] ] } },
{ "type": "Feature", "properties": { "name": "Ruisseau du Bourbouillon", "weight_class": 1, "permanent": true, "length_km": 4.6 }, "geometry": { "type": "LineString", "coordinates": [ [ 5.66562, 46.55376 ], [ 5.66724, 46.55606 ], [ 5.67166, 46.55746 ], [ 5.6752, 46.56246 ], [ 5.67575, 46.56527 ], [ 5.68341, 46.57068 ], [ 5.68543, 46.57537 ], [ 5.68265, 46.57676 ], [ 5.68026, 46.58189 ], [ 5.68609, 46.58202 ] ] } },
{ "type": "Feature", "properties": { "name": "Bief de Trémontagne", "weight_class": 1, "permanent": true, "length_km": 3.3 }, "geometry": { "type": "LineString", "coordinates": [ [ 5.87471, 46.5505 ], [ 5.87307, 46.54967 ], [ 5.87142, 46.54391 ], [ 5.86827, 46.54283 ], [ 5.86274, 46.53807 ], [ 5.86548, 46.53644 ], [ 5.86028, 46.52892 ] ] } },
{ "type": "Feature", "properties": { "name": "la Serra", "weight_class": 1, "permanent": true, "length_km": 4.9 }, "geometry": { "type": "LineString", "coordinates": [ [ 5.7466, 46.54552 ], [ 5.74579, 46.54764 ], [ 5.73441, 46.54998 ], [ 5.73054, 46.55009 ], [ 5.72638, 46.5489 ], [ 5.71714, 46.54931 ], [ 5.71299, 46.5512 ], [ 5.7083, 46.5504 ], [ 5.70367, 46.54804 ], [ 5.70139, 46.54835 ], [ 5.69929, 46.55085 ], [ 5.69241, 46.55113 ] ] } },
{ "type": "Feature", "properties": { "name": "l'Orbe", "weight_class": 1, "permanent": true, "length_km": 12.2 }, "geometry": { "type": "MultiLineString", "coordinates": [ [ [ 6.05935, 46.4919 ], [ 6.0634, 46.4926 ], [ 6.07334, 46.49685 ], [ 6.07853, 46.49718 ], [ 6.10247, 46.51112 ], [ 6.10316, 46.51316 ], [ 6.10601, 46.51423 ], [ 6.10715, 46.51709 ], [ 6.10846, 46.51659 ], [ 6.10936, 46.51718 ], [ 6.10921, 46.51873 ], [ 6.11519, 46.52035 ], [ 6.11595, 46.5224 ], [ 6.12257, 46.52607 ], [ 6.12227, 46.52722 ], [ 6.12099, 46.52645 ], [ 6.12125, 46.52761 ], [ 6.12872, 46.52989 ], [ 6.13122, 46.53519 ], [ 6.13376, 46.53547 ], [ 6.13294, 46.53651 ], [ 6.13561, 46.53547 ], [ 6.13652, 46.537 ], [ 6.13838, 46.53666 ], [ 6.14017, 46.53768 ], [ 6.14078, 46.53867 ], [ 6.13946, 46.53931 ], [ 6.14335, 46.54077 ], [ 6.14601, 46.54388 ], [ 6.14586, 46.54573 ], [ 6.14793, 46.54618 ], [ 6.15054, 46.54859 ] ], [ [ 6.15054, 46.54859 ], [ 6.15122, 46.54896 ] ], [ [ 6.15054, 46.54859 ], [ 6.15116, 46.54899 ] ] ] } },
{ "type": "Feature", "properties": { "name": "la Bienne", "weight_class": 3, "permanent": true, "length_km": 64.8 }, "geometry": { "type": "MultiLineString", "coordinates": [ [ [ 5.65037, 46.3233 ], [ 5.64789, 46.32354 ], [ 5.64477, 46.32546 ], [ 5.6499, 46.33167 ], [ 5.6495, 46.33833 ], [ 5.65045, 46.34002 ], [ 5.64936, 46.34176 ], [ 5.64438, 46.34474 ], [ 5.64254, 46.34505 ], [ 5.64137, 46.34246 ], [ 5.63623, 46.33975 ], [ 5.63072, 46.33346 ] ], [ [ 5.7346, 46.36756 ], [ 5.72968, 46.36861 ], [ 5.72113, 46.36841 ], [ 5.71483, 46.36993 ], [ 5.70789, 46.36313 ], [ 5.70414, 46.36199 ], [ 5.69755, 46.36162 ], [ 5.69514, 46.35976 ], [ 5.69437, 46.35509 ], [ 5.68848, 46.35305 ], [ 5.68782, 46.3504 ], [ 5.69221, 46.34821 ], [ 5.68925, 46.33812 ], [ 5.68025, 46.33501 ], [ 5.67693, 46.33094 ], [ 5.66912, 46.33248 ], [ 5.66694, 46.32973 ], [ 5.66977, 46.32529 ], [ 5.66496, 46.32565 ], [ 5.65502, 46.32359 ] ], [ [ 6.0284, 46.48842 ], [ 6.02543, 46.49178 ], [ 6.02552, 46.49735 ], [ 6.0269, 46.49823 ], [ 6.02632, 46.5023 ], [ 6.02934, 46.5088 ], [ 6.02937, 46.51138 ], [ 6.026, 46.51403 ], [ 6.02536, 46.51749 ], [ 6.02085, 46.52273 ], [ 6.02128, 46.52807 ], [ 6.01805, 46.53053 ], [ 6.00969, 46.53349 ], [ 6.0034, 46.5311 ], [ 5.99856, 46.53136 ], [ 5.99871, 46.52903 ], [ 5.99511, 46.52901 ], [ 5.99557, 46.52703 ], [ 5.99344, 46.52556 ], [ 5.99355, 46.52404 ], [ 5.98471, 46.52007 ], [ 5.98208, 46.51664 ], [ 5.97495, 46.51599 ], [ 5.97351, 46.51402 ], [ 5.97047, 46.5126 ], [ 5.96804, 46.51271 ], [ 5.96298, 46.50918 ], [ 5.96304, 46.50667 ], [ 5.96585, 46.50258 ], [ 5.96472, 46.50057 ], [ 5.9598, 46.49818 ], [ 5.95861, 46.49574 ], [ 5.95112, 46.49281 ], [ 5.94841, 46.49361 ], [ 5.94595, 46.49624 ], [ 5.94308, 46.49757 ], [ 5.94202, 46.49446 ], [ 5.9374, 46.49339 ], [ 5.93434, 46.49035 ], [ 5.92773, 46.48688 ], [ 5.927, 46.48461 ], [ 5.92495, 46.4845 ], [ 5.92336, 46.48282 ], [ 5.92063, 46.48211 ], [ 5.91738, 46.47866 ], [ 5.91536, 46.47839 ], [ 5.91634, 46.47635 ], [ 5.91559, 46.47507 ], [ 5.91296, 46.47456 ], [ 5.90956, 46.47234 ], [ 5.90676, 46.47214 ], [ 5.90345, 46.46792 ], [ 5.89784, 46.46494 ], [ 5.89365, 46.46023 ], [ 5.8926, 46.45743 ], [ 5.89434, 46.45602 ], [ 5.89333, 46.45485 ], [ 5.89201, 46.45434 ], [ 5.89028, 46.45502 ], [ 5.89045, 46.45405 ], [ 5.88781, 46.45369 ], [ 5.88575, 46.45467 ], [ 5.88495, 46.45344 ], [ 5.88656, 46.45207 ], [ 5.88484, 46.45064 ], [ 5.87919, 46.45085 ], [ 5.87651, 46.44568 ], [ 5.87346, 46.44487 ], [ 5.87258, 46.44206 ], [ 5.86738, 46.43939 ], [ 5.86676, 46.43785 ], [ 5.86802, 46.43562 ], [ 5.86435, 46.43284 ], [ 5.86521, 46.43076 ], [ 5.86304, 46.42835 ], [ 5.8629, 46.42614 ], [ 5.86497, 46.41966 ], [ 5.87046, 46.41444 ], [ 5.86836, 46.41042 ], [ 5.86573, 46.40877 ], [ 5.86904, 46.40405 ], [ 5.8656, 46.3992 ], [ 5.866, 46.39659 ], [ 5.86348, 46.39497 ], [ 5.86354, 46.39278 ], [ 5.86179, 46.3884 ], [ 5.85953, 46.38666 ], [ 5.85896, 46.38293 ], [ 5.85298, 46.38257 ], [ 5.84833, 46.37881 ], [ 5.82919, 46.3826 ], [ 5.82545, 46.38166 ], [ 5.81983, 46.38194 ], [ 5.81411, 46.37792 ], [ 5.80533, 46.38055 ], [ 5.80277, 46.38242 ], [ 5.79995, 46.38181 ], [ 5.79808, 46.3824 ], [ 5.79345, 46.38078 ], [ 5.79321, 46.37872 ], [ 5.79386, 46.37695 ], [ 5.80041, 46.37352 ], [ 5.8023, 46.36628 ], [ 5.80153, 46.36469 ], [ 5.79702, 46.36225 ], [ 5.78627, 46.36007 ], [ 5.77843, 46.35559 ], [ 5.77137, 46.3559 ], [ 5.77023, 46.35881 ], [ 5.76806, 46.35936 ], [ 5.76661, 46.35818 ], [ 5.76118, 46.35727 ], [ 5.75028, 46.34999 ], [ 5.74743, 46.35162 ], [ 5.7454, 46.35474 ], [ 5.7409, 46.35737 ], [ 5.74286, 46.36041 ], [ 5.74115, 46.36247 ], [ 5.73841, 46.3625 ], [ 5.73343, 46.36089 ], [ 5.73107, 46.36154 ], [ 5.73049, 46.36488 ], [ 5.735, 46.36687 ] ] ] } },
{ "type": "Feature", "properties": { "name": "Bief de Nanchez", "weight_class": 1, "permanent": true, "length_km": 11.2 }, "geometry": { "type": "LineString", "coordinates": [ [ 5.82361, 46.4772 ], [ 5.83277, 46.4942 ], [ 5.84112, 46.50265 ], [ 5.84215, 46.50614 ], [ 5.85139, 46.51497 ], [ 5.85166, 46.51718 ], [ 5.8537, 46.51788 ], [ 5.85353, 46.51887 ], [ 5.85474, 46.51882 ], [ 5.85689, 46.52217 ], [ 5.85882, 46.52203 ], [ 5.85804, 46.52139 ], [ 5.85934, 46.52088 ], [ 5.86026, 46.52159 ], [ 5.86061, 46.52027 ], [ 5.86634, 46.51952 ], [ 5.86442, 46.5161 ], [ 5.86932, 46.51521 ], [ 5.86378, 46.50848 ], [ 5.86281, 46.50573 ], [ 5.86072, 46.50507 ], [ 5.85518, 46.4984 ] ] } },
{ "type": "Feature", "properties": { "name": "Ruisseau de Germange", "weight_class": 1, "permanent": true, "length_km": 3.5 }, "geometry": { "type": "LineString", "coordinates": [ [ 5.75353, 46.52552 ], [ 5.74656, 46.51706 ], [ 5.74649, 46.51465 ], [ 5.73836, 46.51538 ], [ 5.73364, 46.51925 ], [ 5.72778, 46.5214 ], [ 5.7237, 46.52069 ] ] } },
{ "type": "Feature", "properties": { "name": "la Cimante", "weight_class": 1, "permanent": true, "length_km": 10.9 }, "geometry": { "type": "LineString", "coordinates": [ [ 5.77781, 46.51126 ], [ 5.77506, 46.50909 ], [ 5.76851, 46.4999 ], [ 5.76841, 46.49724 ], [ 5.7628, 46.49335 ], [ 5.76209, 46.49057 ], [ 5.7585, 46.48966 ], [ 5.75596, 46.48696 ], [ 5.75205, 46.48702 ], [ 5.74483, 46.49188 ], [ 5.73889, 46.49842 ], [ 5.73767, 46.50294 ], [ 5.7394, 46.50665 ], [ 5.73896, 46.50808 ], [ 5.73331, 46.51041 ], [ 5.72903, 46.51458 ], [ 5.72738, 46.51458 ], [ 5.72429, 46.52013 ], [ 5.72141, 46.52242 ], [ 5.71903, 46.52252 ], [ 5.71445, 46.52505 ], [ 5.70141, 46.52315 ] ] } },
{ "type": "Feature", "properties": { "name": "Ruisseau de Merlue", "weight_class": 1, "permanent": false, "length_km": 8.1 }, "geometry": { "type": "LineString", "coordinates": [ [ 5.65272, 46.54 ], [ 5.65558, 46.53859 ], [ 5.65945, 46.5307 ], [ 5.66195, 46.52834 ], [ 5.6615, 46.52649 ], [ 5.6635, 46.52151 ], [ 5.66025, 46.51611 ], [ 5.65736, 46.51278 ], [ 5.64909, 46.50911 ], [ 5.64655, 46.50924 ], [ 5.64204, 46.51242 ], [ 5.63958, 46.51141 ], [ 5.63667, 46.50882 ], [ 5.63695, 46.50473 ], [ 5.63403, 46.50318 ], [ 5.63315, 46.49982 ], [ 5.62999, 46.50145 ], [ 5.63017, 46.50534 ], [ 5.62763, 46.50413 ], [ 5.62633, 46.50461 ] ] } },
{ "type": "Feature", "properties": { "name": "le Bief Noir", "weight_class": 1, "permanent": true, "length_km": 4.8 }, "geometry": { "type": "LineString", "coordinates": [ [ 6.08192, 46.47221 ], [ 6.08111, 46.47435 ], [ 6.08632, 46.47713 ], [ 6.08855, 46.48126 ], [ 6.08801, 46.48331 ], [ 6.0866, 46.48425 ], [ 6.08217, 46.4848 ], [ 6.08104, 46.48696 ], [ 6.08288, 46.48993 ], [ 6.08155, 46.4916 ], [ 6.08435, 46.49295 ], [ 6.08358, 46.49388 ], [ 6.08577, 46.49619 ], [ 6.08462, 46.4967 ], [ 6.08624, 46.49688 ], [ 6.08642, 46.49864 ], [ 6.08395, 46.50044 ] ] } },
{ "type": "Feature", "properties": { "name": "Bief de la Chaille", "weight_class": 1, "permanent": true, "length_km": 6.4 }, "geometry": { "type": "LineString", "coordinates": [ [ 6.07562, 46.44777 ], [ 6.06872, 46.45161 ], [ 6.06503, 46.45586 ], [ 6.06485, 46.4587 ], [ 6.06299, 46.46041 ], [ 6.0517, 46.46508 ], [ 6.0445, 46.47344 ], [ 6.0428, 46.47419 ], [ 6.04144, 46.47848 ], [ 6.03151, 46.48562 ], [ 6.03023, 46.48826 ], [ 6.0284, 46.48842 ] ] } },
{ "type": "Feature", "properties": { "name": "Ruisseau du Loutre", "weight_class": 1, "permanent": false, "length_km": 5.9 }, "geometry": { "type": "LineString", "coordinates": [ [ 5.89713, 46.50281 ], [ 5.8974, 46.50491 ], [ 5.89184, 46.5055 ], [ 5.8901, 46.50294 ], [ 5.88083, 46.4965 ], [ 5.8766, 46.49557 ], [ 5.87129, 46.49277 ], [ 5.86848, 46.48948 ], [ 5.85476, 46.48301 ], [ 5.84921, 46.47887 ] ] } },
{ "type": "Feature", "properties": { "name": "Bief des Arcets", "weight_class": 1, "permanent": false, "length_km": 4.1 }, "geometry": { "type": "LineString", "coordinates": [ [ 5.99185, 46.46054 ], [ 5.98698, 46.45919 ], [ 5.98629, 46.46036 ], [ 5.99271, 46.46733 ], [ 6.00259, 46.47366 ], [ 6.01286, 46.47643 ], [ 6.01828, 46.47842 ], [ 6.01942, 46.47974 ] ] } },
{ "type": "Feature", "properties": { "name": "Ruisseau de Pissevieille", "weight_class": 1, "permanent": true, "length_km": 8.8 }, "geometry": { "type": "LineString", "coordinates": [ [ 5.97902, 46.47149 ], [ 5.96584, 46.46564 ], [ 5.95978, 46.46838 ], [ 5.95672, 46.46756 ], [ 5.95037, 46.46849 ], [ 5.94728, 46.47114 ], [ 5.94125, 46.46912 ], [ 5.93885, 46.46698 ], [ 5.92415, 46.46333 ], [ 5.92111, 46.45932 ], [ 5.92257, 46.4584 ], [ 5.92135, 46.45696 ], [ 5.91599, 46.45317 ], [ 5.91268, 46.45268 ], [ 5.9112, 46.45152 ], [ 5.90954, 46.45229 ], [ 5.9021, 46.45086 ], [ 5.8949, 46.45276 ], [ 5.89256, 46.45446 ] ] } },
{ "type": "Feature", "properties": { "name": "le Lizon", "weight_class": 1, "permanent": false, "length_km": 13.8 }, "geometry": { "type": "LineString", "coordinates": [ [ 5.81021, 46.47542 ], [ 5.80665, 46.47121 ], [ 5.80038, 46.46808 ], [ 5.7985, 46.4624 ], [ 5.79441, 46.46303 ], [ 5.79642, 46.45825 ], [ 5.79576, 46.45692 ], [ 5.80104, 46.45452 ], [ 5.80112, 46.44856 ], [ 5.80499, 46.44764 ], [ 5.8051, 46.44445 ], [ 5.80746, 46.4434 ], [ 5.80971, 46.44027 ], [ 5.81281, 46.43899 ], [ 5.80959, 46.43255 ], [ 5.80697, 46.43066 ], [ 5.80634, 46.42704 ], [ 5.80368, 46.42473 ], [ 5.80478, 46.42123 ], [ 5.80352, 46.42095 ], [ 5.79929, 46.41484 ], [ 5.80295, 46.41166 ], [ 5.80586, 46.41102 ], [ 5.8055, 46.40845 ], [ 5.81153, 46.40597 ], [ 5.80483, 46.39431 ], [ 5.80472, 46.39256 ], [ 5.80614, 46.39139 ], [ 5.80552, 46.38978 ], [ 5.80282, 46.38721 ], [ 5.80215, 46.38467 ], [ 5.80084, 46.38446 ], [ 5.80052, 46.38188 ] ] } },
{ "type": "Feature", "properties": { "name": "Ruisseau de Girond", "weight_class": 1, "permanent": true, "length_km": 3.6 }, "geometry": { "type": "LineString", "coordinates": [ [ 5.76233, 46.46341 ], [ 5.76879, 46.47426 ], [ 5.76655, 46.47751 ], [ 5.76638, 46.48119 ], [ 5.76369, 46.4874 ], [ 5.7581, 46.48938 ] ] } },
{ "type": "Feature", "properties": { "name": "la Blénière", "weight_class": 1, "permanent": true, "length_km": 4.8 }, "geometry": { "type": "LineString", "coordinates": [ [ 5.91003, 46.43662 ], [ 5.90693, 46.43513 ], [ 5.90435, 46.43193 ], [ 5.90592, 46.43041 ], [ 5.89923, 46.42841 ], [ 5.89077, 46.42332 ], [ 5.88741, 46.42431 ], [ 5.88081, 46.42119 ], [ 5.87817, 46.42099 ], [ 5.8767, 46.42021 ], [ 5.87435, 46.41495 ], [ 5.87277, 46.41391 ], [ 5.87013, 46.41383 ] ] } },
{ "type": "Feature", "properties": { "name": "Bief du Murgin", "weight_class": 1, "permanent": true, "length_km": 8.9 }, "geometry": { "type": "LineString", "coordinates": [ [ 5.76164, 46.45502 ], [ 5.759, 46.45471 ], [ 5.75702, 46.45146 ], [ 5.75321, 46.45017 ], [ 5.74934, 46.4461 ], [ 5.74015, 46.44075 ], [ 5.73816, 46.43509 ], [ 5.73274, 46.43056 ], [ 5.72714, 46.43114 ], [ 5.72398, 46.43602 ], [ 5.71954, 46.43598 ], [ 5.71751, 46.43538 ], [ 5.71694, 46.4333 ], [ 5.71088, 46.43101 ], [ 5.71088, 46.42834 ], [ 5.70886, 46.42656 ], [ 5.70647, 46.42632 ], [ 5.69889, 46.42899 ], [ 5.68869, 46.43704 ] ] } },
{ "type": "Feature", "properties": { "name": "Ruisseau de la Pèle", "weight_class": 1, "permanent": false, "length_km": 6.2 }, "geometry": { "type": "LineString", "coordinates": [ [ 5.64329, 46.44782 ], [ 5.6451, 46.45045 ], [ 5.64599, 46.45497 ], [ 5.64765, 46.45622 ], [ 5.65081, 46.45514 ], [ 5.65392, 46.4491 ], [ 5.65367, 46.44073 ], [ 5.66178, 46.43983 ], [ 5.66256, 46.43534 ], [ 5.66492, 46.43434 ], [ 5.66326, 46.43131 ], [ 5.66502, 46.41922 ] ] } },
{ "type": "Feature", "properties": { "name": "Bief d'Enfer", "weight_class": 1, "permanent": true, "length_km": 7.4 }, "geometry": { "type": "LineString", "coordinates": [ [ 5.63836, 46.44581 ], [ 5.63787, 46.44806 ], [ 5.63968, 46.44914 ], [ 5.63814, 46.45249 ], [ 5.63946, 46.46321 ], [ 5.6428, 46.46878 ], [ 5.64189, 46.47158 ], [ 5.6429, 46.47459 ], [ 5.64136, 46.47754 ], [ 5.64214, 46.48424 ], [ 5.63779, 46.50144 ], [ 5.63643, 46.50236 ], [ 5.63388, 46.50187 ] ] } },
{ "type": "Feature", "properties": { "name": "la Valserine", "weight_class": 1, "permanent": true, "length_km": 16.5 }, "geometry": { "type": "MultiLineString", "coordinates": [ [ [ 5.97049, 46.34601 ], [ 5.96696, 46.34285 ], [ 5.96501, 46.33783 ], [ 5.96272, 46.33729 ], [ 5.95886, 46.333 ], [ 5.95761, 46.32947 ], [ 5.95575, 46.32907 ], [ 5.95343, 46.32649 ], [ 5.95039, 46.3201 ], [ 5.94765, 46.31817 ], [ 5.94818, 46.31693 ], [ 5.94551, 46.31413 ], [ 5.94593, 46.31322 ], [ 5.9421, 46.31167 ], [ 5.94128, 46.30826 ], [ 5.93933, 46.30733 ] ], [ [ 6.04907, 46.40658 ], [ 6.04445, 46.40264 ], [ 6.04229, 46.39896 ], [ 6.03735, 46.39539 ], [ 6.03586, 46.39172 ], [ 6.02928, 46.38758 ], [ 6.02874, 46.38618 ], [ 6.02594, 46.38436 ], [ 6.01997, 46.3827 ], [ 6.01965, 46.38147 ], [ 6.01633, 46.37925 ], [ 6.01756, 46.37865 ], [ 6.01467, 46.37638 ], [ 6.009, 46.37462 ], [ 6.00561, 46.37172 ], [ 6.00194, 46.37138 ], [ 5.99086, 46.36522 ], [ 5.98658, 46.36519 ], [ 5.98403, 46.36389 ], [ 5.98064, 46.35627 ] ], [ [ 6.06032, 46.4177 ], [ 6.05567, 46.4158 ], [ 6.05036, 46.40794 ] ] ] } },
{ "type": "Feature", "properties": { "name": "Bief Froid", "weight_class": 1, "permanent": true, "length_km": 8.1 }, "geometry": { "type": "LineString", "coordinates": [ [ 6.0108, 46.41998 ], [ 6.00042, 46.4164 ], [ 5.99386, 46.4098 ], [ 5.98609, 46.39808 ], [ 5.96892, 46.38783 ], [ 5.96589, 46.38438 ], [ 5.96122, 46.38368 ], [ 5.95943, 46.38523 ], [ 5.95629, 46.38531 ], [ 5.95457, 46.38667 ], [ 5.95293, 46.38561 ], [ 5.94497, 46.38416 ], [ 5.94054, 46.38552 ] ] } },
{ "type": "Feature", "properties": { "name": "le Grosdar/Bief Lapon", "weight_class": 1, "permanent": true, "length_km": 4.9 }, "geometry": { "type": "LineString", "coordinates": [ [ 5.91776, 46.3951 ], [ 5.91379, 46.39445 ], [ 5.90532, 46.38859 ], [ 5.90145, 46.38921 ], [ 5.89073, 46.38628 ], [ 5.88836, 46.38259 ], [ 5.88439, 46.3806 ], [ 5.88249, 46.37711 ], [ 5.87854, 46.37565 ], [ 5.87138, 46.37591 ] ] } },
{ "type": "Feature", "properties": { "name": "Ruisseau de l'Abîme", "weight_class": 2, "permanent": true, "length_km": 4.2 }, "geometry": { "type": "LineString", "coordinates": [ [ 5.90208, 46.41612 ], [ 5.89761, 46.41336 ], [ 5.89036, 46.41293 ], [ 5.88604, 46.4117 ], [ 5.88024, 46.40516 ], [ 5.87951, 46.40302 ], [ 5.87645, 46.40142 ], [ 5.8752, 46.40164 ], [ 5.87239, 46.39815 ], [ 5.86829, 46.39645 ], [ 5.86739, 46.39711 ], [ 5.866, 46.39659 ] ] } },
{ "type": "Feature", "properties": { "name": "Ruisseau des Nans", "weight_class": 1, "permanent": true, "length_km": 3.4 }, "geometry": { "type": "LineString", "coordinates": [ [ 5.78067, 46.41344 ], [ 5.78229, 46.41339 ], [ 5.78687, 46.41738 ], [ 5.7928, 46.42723 ], [ 5.79631, 46.42802 ], [ 5.79853, 46.42719 ], [ 5.80201, 46.42157 ], [ 5.80366, 46.42101 ] ] } },
{ "type": "Feature", "properties": { "name": "Ruisseau d'Héria", "weight_class": 1, "permanent": true, "length_km": 8.1 }, "geometry": { "type": "LineString", "coordinates": [ [ 5.74453, 46.42537 ], [ 5.74223, 46.42269 ], [ 5.73508, 46.41865 ], [ 5.73522, 46.41673 ], [ 5.7334, 46.41542 ], [ 5.73003, 46.40914 ], [ 5.72621, 46.394 ], [ 5.71893, 46.38885 ], [ 5.71584, 46.38237 ], [ 5.71303, 46.381 ], [ 5.7092, 46.37381 ], [ 5.70766, 46.37322 ], [ 5.70746, 46.3701 ], [ 5.71233, 46.37055 ], [ 5.71404, 46.36956 ] ] } },
{ "type": "Feature", "properties": { "name": "Ruisseau de Chapy", "weight_class": 1, "permanent": true, "length_km": 4.6 }, "geometry": { "type": "LineString", "coordinates": [ [ 5.94346, 46.38058 ], [ 5.93797, 46.37718 ], [ 5.93556, 46.37685 ], [ 5.93539, 46.3757 ], [ 5.93298, 46.37505 ], [ 5.93111, 46.37225 ], [ 5.92402, 46.37035 ], [ 5.92203, 46.37085 ], [ 5.92141, 46.36981 ], [ 5.91899, 46.36999 ], [ 5.90876, 46.36029 ], [ 5.9051, 46.35837 ], [ 5.90396, 46.35607 ] ] } },
{ "type": "Feature", "properties": { "name": "le Tacon", "weight_class": 1, "permanent": true, "length_km": 17.7 }, "geometry": { "type": "LineString", "coordinates": [ [ 5.81733, 46.27034 ], [ 5.81066, 46.27745 ], [ 5.80914, 46.2904 ], [ 5.81257, 46.29471 ], [ 5.81257, 46.29858 ], [ 5.81772, 46.30511 ], [ 5.81759, 46.30806 ], [ 5.81984, 46.31236 ], [ 5.81851, 46.31552 ], [ 5.82145, 46.32062 ], [ 5.82295, 46.33292 ], [ 5.82771, 46.33809 ], [ 5.83494, 46.34068 ], [ 5.83705, 46.34403 ], [ 5.83673, 46.34586 ], [ 5.84118, 46.34709 ], [ 5.84054, 46.34852 ], [ 5.84296, 46.3498 ], [ 5.84252, 46.35129 ], [ 5.84462, 46.35125 ], [ 5.84679, 46.35275 ], [ 5.8482, 46.35649 ], [ 5.85383, 46.359 ], [ 5.86265, 46.366 ], [ 5.86464, 46.3658 ], [ 5.86484, 46.36685 ], [ 5.86644, 46.36692 ], [ 5.86583, 46.36825 ], [ 5.87046, 46.36998 ], [ 5.87057, 46.37262 ], [ 5.8725, 46.37425 ], [ 5.87102, 46.37727 ], [ 5.87327, 46.3782 ], [ 5.87355, 46.37926 ], [ 5.87135, 46.38101 ], [ 5.86831, 46.38138 ], [ 5.86894, 46.38389 ], [ 5.86499, 46.3855 ], [ 5.86154, 46.38586 ], [ 5.85955, 46.38489 ] ] } },
{ "type": "Feature", "properties": { "name": "Rivière Flumen", "weight_class": 1, "permanent": false, "length_km": 4.1 }, "geometry": { "type": "LineString", "coordinates": [ [ 5.90717, 46.3511 ], [ 5.90652, 46.35358 ], [ 5.90405, 46.35602 ], [ 5.89846, 46.35818 ], [ 5.89597, 46.35819 ], [ 5.89473, 46.35933 ], [ 5.8939, 46.35897 ], [ 5.89243, 46.36053 ], [ 5.88228, 46.36267 ], [ 5.87794, 46.36624 ], [ 5.8722, 46.36865 ], [ 5.87097, 46.37176 ] ] } },
{ "type": "Feature", "properties": { "name": "Bief des Parres", "weight_class": 1, "permanent": true, "length_km": 7.4 }, "geometry": { "type": "LineString", "coordinates": [ [ 5.92175, 46.32904 ], [ 5.9219, 46.32801 ], [ 5.91866, 46.32771 ], [ 5.91155, 46.33243 ], [ 5.90806, 46.3313 ], [ 5.90246, 46.3315 ], [ 5.89595, 46.33367 ], [ 5.8933, 46.3321 ], [ 5.88963, 46.33404 ], [ 5.88596, 46.33997 ], [ 5.88294, 46.34254 ], [ 5.88279, 46.34589 ], [ 5.88487, 46.34919 ], [ 5.88481, 46.35126 ], [ 5.88142, 46.35421 ], [ 5.87997, 46.36083 ], [ 5.87778, 46.36324 ], [ 5.87904, 46.36439 ], [ 5.87851, 46.36522 ] ] } },
{ "type": "Feature", "properties": { "name": "Bief de la Liette", "weight_class": 1, "permanent": true, "length_km": 2.4 }, "geometry": { "type": "LineString", "coordinates": [ [ 5.82587, 46.35679 ], [ 5.82585, 46.36265 ], [ 5.82392, 46.36545 ], [ 5.81526, 46.36801 ], [ 5.80969, 46.36509 ] ] } },
{ "type": "Feature", "properties": { "name": "le Longviry/Bief du Lac", "weight_class": 1, "permanent": true, "length_km": 13.9 }, "geometry": { "type": "LineString", "coordinates": [ [ 5.71759, 46.26179 ], [ 5.72013, 46.26478 ], [ 5.72025, 46.27611 ], [ 5.72347, 46.27773 ], [ 5.72639, 46.28088 ], [ 5.72876, 46.28105 ], [ 5.72952, 46.28255 ], [ 5.7321, 46.28337 ], [ 5.73224, 46.28546 ], [ 5.74159, 46.29233 ], [ 5.74132, 46.29568 ], [ 5.74388, 46.29532 ], [ 5.74712, 46.29619 ], [ 5.75025, 46.2993 ], [ 5.74966, 46.30189 ], [ 5.75496, 46.30811 ], [ 5.75744, 46.31759 ], [ 5.76227, 46.32302 ], [ 5.76364, 46.32311 ], [ 5.76641, 46.32582 ], [ 5.76574, 46.33486 ], [ 5.76834, 46.33652 ], [ 5.76795, 46.33784 ], [ 5.77086, 46.34167 ], [ 5.76742, 46.34472 ], [ 5.77364, 46.35076 ], [ 5.775, 46.35074 ], [ 5.77468, 46.35173 ], [ 5.77738, 46.35364 ], [ 5.77778, 46.35561 ] ] } },
{ "type": "Feature", "properties": { "name": "Bief de l'Ours", "weight_class": 1, "permanent": true, "length_km": 2.1 }, "geometry": { "type": "LineString", "coordinates": [ [ 5.82192, 46.35636 ], [ 5.81801, 46.35721 ], [ 5.81391, 46.36414 ], [ 5.8023, 46.36576 ] ] } },
{ "type": "Feature", "properties": { "name": "Ruisseau des Gorges", "weight_class": 2, "permanent": false, "length_km": 3.5 }, "geometry": { "type": "LineString", "coordinates": [ [ 5.73254, 46.33481 ], [ 5.73127, 46.34042 ], [ 5.72812, 46.3427 ], [ 5.73428, 46.35425 ], [ 5.73648, 46.3554 ], [ 5.73746, 46.35896 ], [ 5.73592, 46.36069 ], [ 5.73662, 46.36154 ] ] } },
{ "type": "Feature", "properties": { "name": "la Douveraine", "weight_class": 1, "permanent": true, "length_km": 2.1 }, "geometry": { "type": "LineString", "coordinates": [ [ 5.8445, 46.3158 ], [ 5.83007, 46.31822 ], [ 5.82881, 46.32011 ], [ 5.82221, 46.32409 ] ] } },
{ "type": "Feature", "properties": { "name": "Ruisseau de la Perrine", "weight_class": 1, "permanent": true, "length_km": 3.5 }, "geometry": { "type": "LineString", "coordinates": [ [ 5.7816, 46.30133 ], [ 5.77616, 46.30239 ], [ 5.77618, 46.30864 ], [ 5.7744, 46.31036 ], [ 5.77637, 46.31372 ], [ 5.77567, 46.31528 ], [ 5.78215, 46.32423 ], [ 5.78139, 46.32635 ] ] } },
{ "type": "Feature", "properties": { "name": "Ruisseau de la Vulve", "weight_class": 1, "permanent": true, "length_km": 3.3 }, "geometry": { "type": "LineString", "coordinates": [ [ 5.80268, 46.32282 ], [ 5.79496, 46.32489 ], [ 5.78329, 46.32553 ], [ 5.78006, 46.32687 ], [ 5.77888, 46.32674 ], [ 5.77833, 46.32514 ], [ 5.77213, 46.32452 ], [ 5.76878, 46.32492 ], [ 5.76635, 46.32694 ] ] } },
{ "type": "Feature", "properties": { "name": "Ruisseau du Chaumieux", "weight_class": 1, "permanent": false, "length_km": 2.2 }, "geometry": { "type": "LineString", "coordinates": [ [ 5.73959, 46.33338 ], [ 5.74739, 46.35167 ] ] } },
{ "type": "Feature", "properties": { "name": "la Semine", "weight_class": 1, "permanent": true, "length_km": 3.3 }, "geometry": { "type": "LineString", "coordinates": [ [ 5.85287, 46.2836 ], [ 5.84696, 46.28075 ], [ 5.84865, 46.27589 ], [ 5.84797, 46.27304 ], [ 5.84566, 46.26831 ], [ 5.84173, 46.26578 ], [ 5.84047, 46.26237 ] ] } },
{ "type": "Feature", "properties": { "name": "Bief Brun", "weight_class": 1, "permanent": true, "length_km": 2.7 }, "geometry": { "type": "LineString", "coordinates": [ [ 5.86888, 46.26921 ], [ 5.86504, 46.26645 ], [ 5.86176, 46.26531 ], [ 5.85987, 46.26576 ], [ 5.85749, 46.26311 ], [ 5.85466, 46.26183 ], [ 5.85116, 46.26159 ], [ 5.84501, 46.26301 ], [ 5.84004, 46.26202 ] ] } },
{ "type": "Feature", "properties": { "name": "Bief de Prévérant", "weight_class": 1, "permanent": true, "length_km": 3.0 }, "geometry": { "type": "LineString", "coordinates": [ [ 5.74218, 46.27957 ], [ 5.74291, 46.28082 ], [ 5.74196, 46.28222 ], [ 5.74465, 46.28584 ], [ 5.7515, 46.2902 ], [ 5.75444, 46.29415 ], [ 5.75518, 46.297 ], [ 5.7506, 46.30072 ] ] } },
{ "type": "Feature", "properties": { "name": "Bief de la Riverotte", "weight_class": 1, "permanent": true, "length_km": 6.7 }, "geometry": { "type": "LineString", "coordinates": [ [ 5.42041, 47.09121 ], [ 5.41289, 47.09365 ], [ 5.41094, 47.09257 ], [ 5.40969, 47.08931 ], [ 5.41054, 47.07817 ], [ 5.4096, 47.07422 ], [ 5.40827, 47.07325 ], [ 5.40545, 47.07351 ], [ 5.40299, 47.07108 ], [ 5.39755, 47.07207 ], [ 5.39438, 47.07423 ], [ 5.38315, 47.07081 ], [ 5.38023, 47.07165 ], [ 5.37506, 47.07041 ], [ 5.37135, 47.07243 ], [ 5.36943, 47.07136 ] ] } },
{ "type": "Feature", "properties": { "name": "Bief du Défens", "weight_class": 1, "permanent": false, "length_km": 4.3 }, "geometry": { "type": "LineString", "coordinates": [ [ 5.39925, 47.09614 ], [ 5.39801, 47.09453 ], [ 5.39198, 47.09178 ], [ 5.3904, 47.08659 ], [ 5.38413, 47.08126 ], [ 5.37928, 47.0805 ], [ 5.37635, 47.07856 ], [ 5.37337, 47.07818 ], [ 5.37205, 47.07887 ], [ 5.36981, 47.07763 ], [ 5.36217, 47.07841 ], [ 5.36027, 47.07946 ] ] } },
{ "type": "Feature", "properties": { "name": "la Blaine", "weight_class": 1, "permanent": true, "length_km": 5.0 }, "geometry": { "type": "LineString", "coordinates": [ [ 5.39664, 47.05766 ], [ 5.39073, 47.05831 ], [ 5.37814, 47.06183 ], [ 5.37492, 47.06415 ], [ 5.37365, 47.06259 ], [ 5.37053, 47.06299 ], [ 5.36924, 47.06534 ], [ 5.36559, 47.06551 ], [ 5.36415, 47.06905 ], [ 5.36614, 47.07235 ], [ 5.36323, 47.07318 ], [ 5.35908, 47.08075 ] ] } },
{ "type": "Feature", "properties": { "name": "Bief de Nilieu", "weight_class": 1, "permanent": false, "length_km": 3.6 }, "geometry": { "type": "LineString", "coordinates": [ [ 5.52412, 47.27417 ], [ 5.52244, 47.27547 ], [ 5.50849, 47.27804 ], [ 5.50531, 47.28133 ], [ 5.50501, 47.28604 ], [ 5.50727, 47.29106 ], [ 5.51209, 47.29612 ] ] } },
{ "type": "Feature", "properties": { "name": "l'Ognon", "weight_class": 4, "permanent": true, "length_km": 18.8 }, "geometry": { "type": "MultiLineString", "coordinates": [ [ [ 5.52992, 47.29756 ], [ 5.52865, 47.29793 ], [ 5.5285, 47.30018 ], [ 5.52568, 47.29947 ], [ 5.52269, 47.3004 ], [ 5.52422, 47.30373 ], [ 5.52295, 47.30578 ], [ 5.52069, 47.30573 ], [ 5.51835, 47.30407 ] ], [ [ 5.55962, 47.27785 ], [ 5.55642, 47.2795 ] ], [ [ 5.58368, 47.2551 ], [ 5.58154, 47.25433 ], [ 5.58109, 47.25304 ], [ 5.57794, 47.25255 ], [ 5.5749, 47.25355 ], [ 5.57297, 47.25603 ], [ 5.57215, 47.25829 ], [ 5.57341, 47.26122 ], [ 5.56911, 47.26293 ], [ 5.57233, 47.26761 ], [ 5.5694, 47.27029 ], [ 5.57004, 47.2718 ], [ 5.57262, 47.27295 ], [ 5.5723, 47.27395 ], [ 5.57053, 47.27427 ] ], [ [ 5.58667, 47.25653 ], [ 5.58694, 47.25558 ], [ 5.58489, 47.25655 ], [ 5.58404, 47.25507 ] ], [ [ 5.64796, 47.26089 ], [ 5.64665, 47.25884 ], [ 5.64187, 47.25604 ], [ 5.63317, 47.25537 ], [ 5.6288, 47.25607 ], [ 5.62619, 47.25522 ], [ 5.62361, 47.25281 ], [ 5.62215, 47.25334 ], [ 5.62138, 47.25574 ], [ 5.61759, 47.25594 ], [ 5.6149, 47.25878 ], [ 5.6129, 47.25723 ], [ 5.60894, 47.25975 ], [ 5.60478, 47.25841 ], [ 5.60196, 47.26189 ], [ 5.59846, 47.262 ] ], [ [ 5.67642, 47.2757 ], [ 5.67297, 47.2744 ], [ 5.669, 47.27449 ], [ 5.66825, 47.27232 ], [ 5.67231, 47.2713 ], [ 5.66691, 47.2687 ], [ 5.66536, 47.26612 ], [ 5.65674, 47.26303 ], [ 5.65344, 47.26045 ], [ 5.65149, 47.26053 ] ], [ [ 5.69989, 47.2649 ], [ 5.69654, 47.26608 ], [ 5.6989, 47.2687 ], [ 5.69734, 47.26945 ], [ 5.69382, 47.2681 ], [ 5.69394, 47.26969 ], [ 5.69192, 47.27217 ], [ 5.69064, 47.27221 ], [ 5.68971, 47.27044 ], [ 5.6884, 47.27027 ], [ 5.68424, 47.27127 ], [ 5.68282, 47.27469 ], [ 5.67931, 47.27418 ], [ 5.67748, 47.27522 ] ] ] } },
{ "type": "Feature", "properties": { "name": "Ruisseau du Bois de Pont", "weight_class": 1, "permanent": false, "length_km": 2.8 }, "geometry": { "type": "LineString", "coordinates": [ [ 5.64781, 47.23979 ], [ 5.64371, 47.24305 ], [ 5.64078, 47.25006 ], [ 5.63875, 47.24991 ], [ 5.63881, 47.25144 ], [ 5.62729, 47.25186 ], [ 5.62457, 47.25293 ] ] } },
{ "type": "Feature", "properties": { "name": "le Gravellon", "weight_class": 1, "permanent": true, "length_km": 5.2 }, "geometry": { "type": "LineString", "coordinates": [ [ 5.63897, 47.21944 ], [ 5.62919, 47.23253 ], [ 5.62613, 47.23476 ], [ 5.6182, 47.23785 ], [ 5.61419, 47.24151 ], [ 5.61441, 47.2439 ], [ 5.61904, 47.2486 ], [ 5.61713, 47.2501 ], [ 5.61848, 47.25368 ], [ 5.61752, 47.25577 ] ] } },
{ "type": "Feature", "properties": { "name": "Ruisseau de Brans", "weight_class": 1, "permanent": true, "length_km": 4.2 }, "geometry": { "type": "LineString", "coordinates": [ [ 5.5438, 47.22235 ], [ 5.55194, 47.22747 ], [ 5.55459, 47.22821 ], [ 5.55441, 47.22952 ], [ 5.55661, 47.23088 ], [ 5.57444, 47.23678 ], [ 5.58148, 47.24125 ], [ 5.58508, 47.24537 ] ] } },
{ "type": "Feature", "properties": { "name": "Ruisseau de la Vèze", "weight_class": 1, "permanent": true, "length_km": 9.9 }, "geometry": { "type": "LineString", "coordinates": [ [ 5.53983, 47.18129 ], [ 5.54339, 47.1901 ], [ 5.54211, 47.19378 ], [ 5.54343, 47.19627 ], [ 5.56085, 47.20243 ], [ 5.57095, 47.21126 ], [ 5.57084, 47.21416 ], [ 5.57257, 47.21651 ], [ 5.57242, 47.21993 ], [ 5.57393, 47.22224 ], [ 5.57388, 47.22664 ], [ 5.57685, 47.23188 ], [ 5.57586, 47.23272 ], [ 5.57948, 47.23558 ], [ 5.58468, 47.24261 ], [ 5.58496, 47.24874 ], [ 5.58284, 47.25186 ], [ 5.57933, 47.25262 ] ] } },
{ "type": "Feature", "properties": { "name": "Ruisseau de Villeneuve", "weight_class": 1, "permanent": false, "length_km": 2.3 }, "geometry": { "type": "LineString", "coordinates": [ [ 5.50061, 47.24089 ], [ 5.48786, 47.24568 ], [ 5.48621, 47.24819 ], [ 5.48635, 47.25038 ], [ 5.48139, 47.25425 ] ] } },
{ "type": "Feature", "properties": { "name": "Ruisseau de la Tuilerie", "weight_class": 1, "permanent": true, "length_km": 2.4 }, "geometry": { "type": "LineString", "coordinates": [ [ 5.5132, 47.24464 ], [ 5.51298, 47.24708 ], [ 5.50919, 47.24989 ], [ 5.49228, 47.25216 ], [ 5.4892, 47.25395 ] ] } },
{ "type": "Feature", "properties": { "name": "Bief de Nacey", "weight_class": 1, "permanent": true, "length_km": 7.0 }, "geometry": { "type": "LineString", "coordinates": [ [ 5.52899, 47.2327 ], [ 5.52692, 47.2385 ], [ 5.526, 47.23846 ], [ 5.52494, 47.24074 ], [ 5.52749, 47.24879 ], [ 5.52006, 47.26008 ], [ 5.50627, 47.25723 ], [ 5.49797, 47.2581 ], [ 5.488, 47.25383 ], [ 5.48233, 47.25376 ], [ 5.478, 47.25618 ] ] } },
{ "type": "Feature", "properties": { "name": "Ruisseau du Bois", "weight_class": 1, "permanent": true, "length_km": 2.4 }, "geometry": { "type": "LineString", "coordinates": [ [ 5.59367, 47.21338 ], [ 5.59097, 47.21177 ], [ 5.58477, 47.21197 ], [ 5.58135, 47.2148 ], [ 5.57813, 47.22166 ], [ 5.57555, 47.22279 ], [ 5.57384, 47.22193 ] ] } },
{ "type": "Feature", "properties": { "name": "Ruisseau de Frasne", "weight_class": 1, "permanent": true, "length_km": 8.4 }, "geometry": { "type": "LineString", "coordinates": [ [ 5.53584, 47.17763 ], [ 5.53157, 47.17862 ], [ 5.52667, 47.1832 ], [ 5.52272, 47.19109 ], [ 5.52033, 47.19221 ], [ 5.52009, 47.19667 ], [ 5.5165, 47.19824 ], [ 5.51406, 47.20058 ], [ 5.51124, 47.20128 ], [ 5.50867, 47.20008 ], [ 5.50804, 47.19825 ], [ 5.50018, 47.1988 ], [ 5.49469, 47.19735 ], [ 5.49024, 47.19754 ], [ 5.48774, 47.20046 ], [ 5.48839, 47.20429 ], [ 5.49351, 47.20773 ], [ 5.49462, 47.21093 ], [ 5.49316, 47.21265 ], [ 5.48332, 47.21705 ] ] } },
{ "type": "Feature", "properties": { "name": "Ruisseau de la Brizotte", "weight_class": 1, "permanent": true, "length_km": 6.0 }, "geometry": { "type": "LineString", "coordinates": [ [ 5.53555, 47.20843 ], [ 5.52934, 47.21273 ], [ 5.52918, 47.21644 ], [ 5.5268, 47.21552 ], [ 5.51869, 47.21828 ], [ 5.51538, 47.21767 ], [ 5.51187, 47.22252 ], [ 5.50717, 47.22378 ], [ 5.50273, 47.22188 ], [ 5.49342, 47.22235 ], [ 5.49069, 47.22016 ], [ 5.48332, 47.21705 ], [ 5.47751, 47.2168 ] ] } },
{ "type": "Feature", "properties": { "name": "Ruisseau de l'Abergement", "weight_class": 1, "permanent": true, "length_km": 5.3 }, "geometry": { "type": "LineString", "coordinates": [ [ 5.59944, 47.19679 ], [ 5.60265, 47.19488 ], [ 5.61163, 47.19473 ], [ 5.61737, 47.18973 ], [ 5.62227, 47.1886 ], [ 5.62458, 47.18692 ], [ 5.62705, 47.18679 ], [ 5.62664, 47.18536 ], [ 5.62343, 47.18352 ], [ 5.62215, 47.17951 ], [ 5.62319, 47.17668 ], [ 5.62996, 47.17015 ], [ 5.63226, 47.16602 ] ] } },
{ "type": "Feature", "properties": { "name": "Ruisseau de la Véze", "weight_class": 1, "permanent": true, "length_km": 7.5 }, "geometry": { "type": "LineString", "coordinates": [ [ 5.58647, 47.19877 ], [ 5.58116, 47.19629 ], [ 5.57753, 47.18651 ], [ 5.57579, 47.18612 ], [ 5.57432, 47.18402 ], [ 5.5798, 47.17906 ], [ 5.58464, 47.1776 ], [ 5.58739, 47.17491 ], [ 5.59752, 47.17499 ], [ 5.60542, 47.17087 ], [ 5.61063, 47.17041 ], [ 5.61412, 47.17106 ], [ 5.61685, 47.16885 ], [ 5.62989, 47.16724 ], [ 5.63141, 47.16599 ], [ 5.6303, 47.16529 ] ] } },
{ "type": "Feature", "properties": { "name": "Ruisseau des Vaux", "weight_class": 1, "permanent": true, "length_km": 5.0 }, "geometry": { "type": "LineString", "coordinates": [ [ 5.53159, 47.17457 ], [ 5.52809, 47.17037 ], [ 5.52755, 47.1668 ], [ 5.52909, 47.16443 ], [ 5.534, 47.1593 ], [ 5.54053, 47.15656 ], [ 5.54454, 47.15341 ], [ 5.54758, 47.14834 ], [ 5.55307, 47.1462 ], [ 5.5548, 47.14186 ], [ 5.55832, 47.14117 ] ] } },
{ "type": "Feature", "properties": { "name": "Ruisseau Vèze", "weight_class": 1, "permanent": true, "length_km": 8.3 }, "geometry": { "type": "LineString", "coordinates": [ [ 5.54455, 47.183 ], [ 5.54885, 47.18423 ], [ 5.55645, 47.17885 ], [ 5.55549, 47.1728 ], [ 5.56026, 47.17035 ], [ 5.56368, 47.16598 ], [ 5.56224, 47.16297 ], [ 5.55885, 47.1617 ], [ 5.5587, 47.15808 ], [ 5.55665, 47.15538 ], [ 5.56004, 47.15271 ], [ 5.5608, 47.15037 ], [ 5.55831, 47.14126 ], [ 5.5586, 47.1387 ], [ 5.56089, 47.13609 ], [ 5.55921, 47.13256 ], [ 5.56043, 47.12789 ], [ 5.55942, 47.12394 ], [ 5.56063, 47.12299 ] ] } },
{ "type": "Feature", "properties": { "name": "Bief de l'Étang", "weight_class": 1, "permanent": true, "length_km": 2.6 }, "geometry": { "type": "LineString", "coordinates": [ [ 5.47957, 47.19539 ], [ 5.47715, 47.19732 ], [ 5.4667, 47.20013 ], [ 5.46127, 47.20054 ], [ 5.45769, 47.19943 ], [ 5.45068, 47.19484 ] ] } },
{ "type": "Feature", "properties": { "name": "Ruisseau de Borne", "weight_class": 1, "permanent": true, "length_km": 8.9 }, "geometry": { "type": "MultiLineString", "coordinates": [ [ [ 5.44721, 47.19751 ], [ 5.44528, 47.19991 ] ], [ [ 5.51011, 47.16147 ], [ 5.51436, 47.1631 ], [ 5.51586, 47.16643 ], [ 5.51512, 47.16894 ], [ 5.50964, 47.17434 ], [ 5.50095, 47.17697 ], [ 5.49944, 47.17881 ], [ 5.49623, 47.18024 ], [ 5.49357, 47.17761 ], [ 5.49337, 47.17582 ], [ 5.49204, 47.17573 ], [ 5.49008, 47.17845 ], [ 5.48837, 47.17897 ], [ 5.4851, 47.17813 ], [ 5.48369, 47.176 ], [ 5.48112, 47.17544 ], [ 5.47624, 47.1789 ], [ 5.47316, 47.17809 ], [ 5.46249, 47.17982 ], [ 5.46032, 47.18141 ], [ 5.4596, 47.18781 ], [ 5.45534, 47.193 ], [ 5.4527, 47.19378 ] ] ] } },
{ "type": "Feature", "properties": { "name": "Bief Bazerotte", "weight_class": 1, "permanent": true, "length_km": 3.5 }, "geometry": { "type": "LineString", "coordinates": [ [ 5.43524, 47.10728 ], [ 5.43217, 47.10828 ], [ 5.42777, 47.11226 ], [ 5.42536, 47.11755 ], [ 5.42315, 47.1193 ], [ 5.42244, 47.12663 ], [ 5.41762, 47.12912 ], [ 5.41512, 47.132 ] ] } },
{ "type": "Feature", "properties": { "name": "Bief du Moulin", "weight_class": 1, "permanent": true, "length_km": 8.3 }, "geometry": { "type": "LineString", "coordinates": [ [ 5.50058, 47.15546 ], [ 5.50012, 47.15022 ], [ 5.50105, 47.14859 ], [ 5.49534, 47.14225 ], [ 5.48802, 47.13912 ], [ 5.48444, 47.13588 ], [ 5.48368, 47.13636 ], [ 5.48137, 47.13523 ], [ 5.4767, 47.1347 ], [ 5.46877, 47.14158 ], [ 5.46306, 47.1446 ], [ 5.45399, 47.14379 ], [ 5.44427, 47.13845 ], [ 5.44164, 47.13841 ], [ 5.43929, 47.14016 ], [ 5.43738, 47.13919 ], [ 5.43505, 47.1408 ] ] } },
{ "type": "Feature", "properties": { "name": "le Bief", "weight_class": 1, "permanent": false, "length_km": 5.5 }, "geometry": { "type": "LineString", "coordinates": [ [ 5.64068, 47.1011 ], [ 5.63078, 47.10695 ], [ 5.63089, 47.10884 ], [ 5.62815, 47.11095 ], [ 5.61977, 47.11368 ], [ 5.61538, 47.1164 ], [ 5.60866, 47.11705 ], [ 5.60338, 47.1229 ], [ 5.60302, 47.12624 ], [ 5.59352, 47.13097 ] ] } },
{ "type": "Feature", "properties": { "name": "Ruisseau d'Our", "weight_class": 1, "permanent": false, "length_km": 5.9 }, "geometry": { "type": "LineString", "coordinates": [ [ 5.68061, 47.11321 ], [ 5.68071, 47.11425 ], [ 5.67653, 47.11825 ], [ 5.66975, 47.12323 ], [ 5.66612, 47.12447 ], [ 5.665, 47.12834 ], [ 5.66095, 47.13017 ], [ 5.66067, 47.1343 ], [ 5.65444, 47.13488 ], [ 5.64341, 47.13755 ], [ 5.63777, 47.14084 ], [ 5.63635, 47.14006 ], [ 5.6355, 47.13624 ], [ 5.63274, 47.13671 ] ] } },
{ "type": "Feature", "properties": { "name": "Bief le Parfond", "weight_class": 1, "permanent": true, "length_km": 6.8 }, "geometry": { "type": "LineString", "coordinates": [ [ 5.64238, 47.09771 ], [ 5.63793, 47.09095 ], [ 5.62563, 47.08382 ], [ 5.62416, 47.07986 ], [ 5.61908, 47.07719 ], [ 5.61239, 47.07534 ], [ 5.60745, 47.07065 ], [ 5.60778, 47.06849 ], [ 5.60535, 47.06623 ], [ 5.6043, 47.05962 ], [ 5.59698, 47.05033 ] ] } },
{ "type": "Feature", "properties": { "name": "Ruisseau de Gruyer", "weight_class": 1, "permanent": true, "length_km": 5.8 }, "geometry": { "type": "LineString", "coordinates": [ [ 5.65468, 47.1076 ], [ 5.65601, 47.10497 ], [ 5.65521, 47.09648 ], [ 5.64351, 47.08102 ], [ 5.64277, 47.07669 ], [ 5.64338, 47.07378 ], [ 5.64572, 47.07136 ], [ 5.65036, 47.07033 ], [ 5.65375, 47.06838 ], [ 5.65686, 47.06488 ] ] } },
{ "type": "Feature", "properties": { "name": "la Blaine", "weight_class": 1, "permanent": true, "length_km": 6.2 }, "geometry": { "type": "LineString", "coordinates": [ [ 5.46667, 47.09173 ], [ 5.4635, 47.08787 ], [ 5.45603, 47.08311 ], [ 5.45424, 47.07924 ], [ 5.44586, 47.07782 ], [ 5.44303, 47.07507 ], [ 5.44171, 47.07349 ], [ 5.44285, 47.07098 ], [ 5.4406, 47.06868 ], [ 5.43979, 47.06412 ], [ 5.44061, 47.06379 ], [ 5.43878, 47.06056 ], [ 5.43757, 47.06151 ], [ 5.42635, 47.06247 ], [ 5.4231, 47.0613 ], [ 5.4223, 47.05998 ] ] } },
{ "type": "Feature", "properties": { "name": "Ruisseau des Essarts", "weight_class": 1, "permanent": true, "length_km": 2.3 }, "geometry": { "type": "LineString", "coordinates": [ [ 5.63732, 47.06191 ], [ 5.63585, 47.05666 ], [ 5.62933, 47.05175 ], [ 5.62225, 47.04932 ], [ 5.6215, 47.04713 ] ] } },
{ "type": "Feature", "properties": { "name": "Ruisseau du Chemin des Roches", "weight_class": 1, "permanent": false, "length_km": 2.9 }, "geometry": { "type": "LineString", "coordinates": [ [ 5.62976, 47.06967 ], [ 5.62385, 47.0629 ], [ 5.62223, 47.05535 ], [ 5.61641, 47.04662 ] ] } },
{ "type": "Feature", "properties": { "name": "le Bief Noir", "weight_class": 1, "permanent": true, "length_km": 7.9 }, "geometry": { "type": "LineString", "coordinates": [ [ 5.39228, 47.05648 ], [ 5.38211, 47.05559 ], [ 5.38123, 47.05769 ], [ 5.37898, 47.05705 ], [ 5.37767, 47.05825 ], [ 5.37484, 47.05724 ], [ 5.37079, 47.05809 ], [ 5.37058, 47.05905 ], [ 5.3687, 47.05884 ], [ 5.36887, 47.06007 ], [ 5.36679, 47.05981 ], [ 5.36665, 47.06112 ], [ 5.36302, 47.06087 ], [ 5.36178, 47.06244 ], [ 5.35917, 47.06205 ], [ 5.35769, 47.06346 ], [ 5.35456, 47.06393 ], [ 5.35467, 47.06702 ], [ 5.35187, 47.06698 ], [ 5.34891, 47.0686 ], [ 5.34846, 47.06988 ], [ 5.34436, 47.07042 ], [ 5.34488, 47.07325 ], [ 5.34299, 47.07422 ], [ 5.34562, 47.07479 ], [ 5.34589, 47.07723 ], [ 5.34774, 47.07706 ], [ 5.34915, 47.07813 ], [ 5.35198, 47.07785 ], [ 5.35476, 47.07923 ], [ 5.3572, 47.07841 ], [ 5.3591, 47.08069 ] ] } },
{ "type": "Feature", "properties": { "name": "Fossé de la Marguerite", "weight_class": 1, "permanent": true, "length_km": 7.8 }, "geometry": { "type": "MultiLineString", "coordinates": [ [ [ 5.29774, 47.05857 ], [ 5.29584, 47.0578 ], [ 5.29609, 47.05378 ], [ 5.29, 47.05181 ] ], [ [ 5.31375, 47.06263 ], [ 5.31155, 47.05818 ], [ 5.31022, 47.05756 ], [ 5.30769, 47.05862 ], [ 5.30758, 47.06114 ], [ 5.3057, 47.0633 ], [ 5.30103, 47.06044 ] ], [ [ 5.34549, 47.05111 ], [ 5.3443, 47.05279 ], [ 5.34035, 47.05285 ], [ 5.33988, 47.05194 ], [ 5.33818, 47.05228 ], [ 5.33531, 47.04772 ], [ 5.33146, 47.04926 ], [ 5.32977, 47.04868 ], [ 5.32884, 47.05085 ], [ 5.32612, 47.05203 ], [ 5.32537, 47.05536 ], [ 5.32404, 47.05633 ], [ 5.32506, 47.05799 ], [ 5.32912, 47.0604 ], [ 5.32774, 47.06288 ], [ 5.32219, 47.06461 ], [ 5.31885, 47.06686 ] ] ] } },
{ "type": "Feature", "properties": { "name": "Bief d'Augerans", "weight_class": 1, "permanent": false, "length_km": 3.7 }, "geometry": { "type": "LineString", "coordinates": [ [ 5.61234, 47.03532 ], [ 5.60939, 47.0319 ], [ 5.6059, 47.03121 ], [ 5.59935, 47.02586 ], [ 5.58673, 47.02002 ], [ 5.58518, 47.01528 ], [ 5.58048, 47.0148 ] ] } },
{ "type": "Feature", "properties": { "name": "Bief de l'Étang", "weight_class": 1, "permanent": false, "length_km": 3.4 }, "geometry": { "type": "LineString", "coordinates": [ [ 5.50067, 47.05421 ], [ 5.49758, 47.05281 ], [ 5.49412, 47.05271 ], [ 5.49005, 47.0498 ], [ 5.48757, 47.0494 ], [ 5.48412, 47.0473 ], [ 5.48026, 47.04743 ], [ 5.47755, 47.0443 ], [ 5.47425, 47.04318 ], [ 5.4722, 47.04133 ], [ 5.46966, 47.0378 ], [ 5.47026, 47.03658 ] ] } },
{ "type": "Feature", "properties": { "name": "Vieux Lit du Doubs", "weight_class": 1, "permanent": true, "length_km": 2.6 }, "geometry": { "type": "LineString", "coordinates": [ [ 5.46759, 47.05237 ], [ 5.47104, 47.04949 ], [ 5.47105, 47.04689 ], [ 5.46407, 47.04489 ], [ 5.45927, 47.04415 ], [ 5.45662, 47.04529 ], [ 5.45587, 47.04611 ], [ 5.45688, 47.04871 ], [ 5.45397, 47.04959 ] ] } },
{ "type": "Feature", "properties": { "name": "la Sablonne", "weight_class": 1, "permanent": true, "length_km": 21.1 }, "geometry": { "type": "MultiLineString", "coordinates": [ [ [ 5.25888, 46.96637 ], [ 5.2631, 46.96459 ], [ 5.26286, 46.96011 ], [ 5.26504, 46.95788 ], [ 5.26363, 46.95671 ], [ 5.26103, 46.94613 ], [ 5.25999, 46.94559 ], [ 5.25721, 46.94775 ], [ 5.25427, 46.94775 ], [ 5.25245, 46.94662 ], [ 5.25187, 46.94402 ] ], [ [ 5.25767, 46.98368 ], [ 5.25804, 46.98121 ], [ 5.25328, 46.97864 ], [ 5.25636, 46.97654 ], [ 5.2536, 46.97435 ] ], [ [ 5.27413, 46.99827 ], [ 5.2757, 46.99601 ], [ 5.27249, 46.9944 ], [ 5.27188, 46.99305 ] ], [ [ 5.39656, 47.04453 ], [ 5.40101, 47.039 ], [ 5.40024, 47.03818 ], [ 5.39721, 47.03928 ], [ 5.39416, 47.03625 ], [ 5.38691, 47.03388 ], [ 5.38094, 47.0374 ], [ 5.37748, 47.03434 ], [ 5.37386, 47.03403 ], [ 5.37123, 47.03272 ], [ 5.36534, 47.03292 ], [ 5.36185, 47.03162 ], [ 5.36192, 47.03041 ], [ 5.35928, 47.02899 ], [ 5.35948, 47.02742 ], [ 5.36173, 47.0256 ], [ 5.35705, 47.02551 ], [ 5.35401, 47.02201 ], [ 5.35236, 47.02211 ], [ 5.34795, 47.02535 ], [ 5.34516, 47.02442 ], [ 5.34323, 47.0261 ], [ 5.33673, 47.02556 ], [ 5.33545, 47.02303 ], [ 5.33343, 47.02318 ], [ 5.33021, 47.02085 ], [ 5.3309, 47.01901 ], [ 5.32829, 47.0173 ], [ 5.32827, 47.01579 ], [ 5.32719, 47.01562 ], [ 5.3252, 47.01736 ], [ 5.31914, 47.01641 ], [ 5.3176, 47.01517 ], [ 5.31826, 47.01273 ], [ 5.3164, 47.0111 ], [ 5.31262, 47.00891 ], [ 5.30956, 47.00907 ], [ 5.30806, 47.00708 ], [ 5.30509, 47.00679 ], [ 5.30431, 47.00541 ], [ 5.30248, 47.00503 ], [ 5.30302, 47.00308 ], [ 5.30027, 47.00183 ], [ 5.29575, 47.00085 ], [ 5.29443, 47.00164 ], [ 5.28828, 47.0012 ], [ 5.28033, 46.99858 ], [ 5.27663, 47.00048 ] ] ] } },
{ "type": "Feature", "properties": { "name": "le Cleux", "weight_class": 1, "permanent": true, "length_km": 11.1 }, "geometry": { "type": "LineString", "coordinates": [ [ 5.41249, 47.05461 ], [ 5.41118, 47.05261 ], [ 5.41204, 47.05095 ], [ 5.4102, 47.0503 ], [ 5.40517, 47.05176 ], [ 5.40057, 47.05183 ], [ 5.39796, 47.05145 ], [ 5.39451, 47.04914 ], [ 5.38605, 47.04698 ], [ 5.37944, 47.04785 ], [ 5.37667, 47.04568 ], [ 5.37637, 47.04395 ], [ 5.37381, 47.04197 ], [ 5.37139, 47.04226 ], [ 5.36888, 47.03964 ], [ 5.34487, 47.03439 ], [ 5.3413, 47.0347 ], [ 5.33804, 47.03608 ], [ 5.33164, 47.03533 ], [ 5.33009, 47.03135 ], [ 5.32632, 47.03093 ], [ 5.32168, 47.02876 ], [ 5.31846, 47.02887 ], [ 5.31353, 47.02355 ], [ 5.30681, 47.0227 ], [ 5.30405, 47.02082 ], [ 5.30255, 47.02086 ], [ 5.30227, 47.01924 ] ] } },
{ "type": "Feature", "properties": { "name": "le Vieux Cleux", "weight_class": 1, "permanent": false, "length_km": 2.2 }, "geometry": { "type": "LineString", "coordinates": [ [ 5.36888, 47.03964 ], [ 5.36288, 47.04056 ], [ 5.35916, 47.0403 ], [ 5.35743, 47.03928 ], [ 5.35055, 47.03931 ], [ 5.34541, 47.03624 ], [ 5.34574, 47.03468 ] ] } },
{ "type": "Feature", "properties": { "name": "la Cuisance", "weight_class": 3, "permanent": true, "length_km": 33.4 }, "geometry": { "type": "LineString", "coordinates": [ [ 5.80784, 46.86947 ], [ 5.80296, 46.87351 ], [ 5.80378, 46.87537 ], [ 5.80712, 46.87679 ], [ 5.80608, 46.87862 ], [ 5.80736, 46.87897 ], [ 5.80766, 46.88027 ], [ 5.80659, 46.88046 ], [ 5.80639, 46.88263 ], [ 5.80422, 46.88352 ], [ 5.80381, 46.8849 ], [ 5.80663, 46.88782 ], [ 5.80527, 46.88776 ], [ 5.8047, 46.88997 ], [ 5.80191, 46.89102 ], [ 5.80207, 46.89243 ], [ 5.79926, 46.89527 ], [ 5.79943, 46.89742 ], [ 5.79798, 46.89847 ], [ 5.79658, 46.8978 ], [ 5.79602, 46.89902 ], [ 5.79443, 46.89882 ], [ 5.7933, 46.90026 ], [ 5.78925, 46.90081 ], [ 5.78876, 46.90161 ], [ 5.78596, 46.90006 ], [ 5.78129, 46.89942 ], [ 5.77871, 46.901 ], [ 5.77721, 46.90011 ], [ 5.77424, 46.90071 ], [ 5.76931, 46.90322 ], [ 5.76853, 46.90627 ], [ 5.77068, 46.90793 ], [ 5.76877, 46.91047 ], [ 5.76639, 46.91068 ], [ 5.76736, 46.91285 ], [ 5.7637, 46.91322 ], [ 5.76269, 46.9156 ], [ 5.75987, 46.91512 ], [ 5.75922, 46.91714 ], [ 5.75521, 46.91767 ], [ 5.75479, 46.9193 ], [ 5.75068, 46.91998 ], [ 5.75025, 46.92147 ], [ 5.74704, 46.92356 ], [ 5.74229, 46.92295 ], [ 5.74108, 46.92473 ], [ 5.73635, 46.92468 ], [ 5.73466, 46.92263 ], [ 5.73295, 46.92377 ], [ 5.73142, 46.92326 ], [ 5.72953, 46.92397 ], [ 5.72676, 46.92209 ], [ 5.7249, 46.92239 ], [ 5.72411, 46.92165 ], [ 5.72027, 46.92245 ], [ 5.7149, 46.92146 ], [ 5.71289, 46.92275 ], [ 5.70877, 46.923 ], [ 5.70799, 46.92388 ], [ 5.70445, 46.92393 ], [ 5.70324, 46.92482 ], [ 5.69572, 46.92526 ], [ 5.69302, 46.92709 ], [ 5.68561, 46.92849 ], [ 5.68428, 46.93013 ], [ 5.68084, 46.93163 ], [ 5.68034, 46.9331 ], [ 5.67559, 46.93475 ], [ 5.66796, 46.94148 ], [ 5.66267, 46.94224 ], [ 5.66154, 46.94439 ], [ 5.65326, 46.94991 ], [ 5.64948, 46.95617 ], [ 5.64969, 46.96007 ], [ 5.64219, 46.96291 ], [ 5.63636, 46.97069 ], [ 5.6326, 46.97442 ], [ 5.63074, 46.97473 ], [ 5.62616, 46.97824 ], [ 5.62552, 46.98014 ], [ 5.61979, 46.98128 ], [ 5.6146, 46.98398 ], [ 5.60576, 46.9844 ], [ 5.60187, 46.98652 ], [ 5.60143, 46.98796 ], [ 5.59984, 46.98788 ], [ 5.59551, 46.99015 ], [ 5.59321, 46.98963 ], [ 5.58646, 46.99425 ], [ 5.58229, 46.99563 ], [ 5.58196, 46.99669 ], [ 5.58043, 46.99645 ], [ 5.57853, 46.99929 ], [ 5.57609, 46.99894 ], [ 5.57444, 46.99714 ], [ 5.57186, 46.99849 ], [ 5.57006, 46.99771 ], [ 5.56905, 46.99973 ], [ 5.5656, 46.99765 ], [ 5.56257, 46.99762 ], [ 5.55787, 46.99953 ], [ 5.55596, 47.00286 ], [ 5.55643, 47.00509 ], [ 5.5529, 47.00642 ] ] } },
{ "type": "Feature", "properties": { "name": "Ruisseau Morte de Croze/Morte de la Croze", "weight_class": 2, "permanent": true, "length_km": 3.2 }, "geometry": { "type": "LineString", "coordinates": [ [ 5.43418, 47.02074 ], [ 5.4287, 47.02132 ], [ 5.42497, 47.01863 ], [ 5.41504, 47.01551 ], [ 5.41066, 47.01498 ], [ 5.40694, 47.01596 ], [ 5.40386, 47.01566 ], [ 5.40008, 47.01162 ] ] } },
{ "type": "Feature", "properties": { "name": "Morte Cailler", "weight_class": 1, "permanent": true, "length_km": 2.7 }, "geometry": { "type": "LineString", "coordinates": [ [ 5.42, 47.00144 ], [ 5.42043, 46.99999 ], [ 5.41873, 46.99875 ], [ 5.41556, 46.99842 ], [ 5.41222, 46.99959 ], [ 5.40697, 46.99633 ], [ 5.40342, 46.99781 ], [ 5.40135, 47.00104 ], [ 5.40013, 47.00139 ], [ 5.39595, 47.00006 ] ] } },
{ "type": "Feature", "properties": { "name": "Vieille Rivière", "weight_class": 1, "permanent": true, "length_km": 9.7 }, "geometry": { "type": "LineString", "coordinates": [ [ 5.70059, 46.95204 ], [ 5.7007, 46.95357 ], [ 5.69754, 46.95655 ], [ 5.69458, 46.96248 ], [ 5.6914, 46.96433 ], [ 5.68319, 46.96554 ], [ 5.6818, 46.96931 ], [ 5.67937, 46.97047 ], [ 5.67407, 46.97167 ], [ 5.66847, 46.96981 ], [ 5.6623, 46.96527 ], [ 5.65646, 46.96404 ], [ 5.65227, 46.97028 ], [ 5.64682, 46.97504 ], [ 5.64291, 46.98135 ], [ 5.6409, 46.9814 ], [ 5.63878, 46.98287 ], [ 5.63547, 46.98216 ], [ 5.63347, 46.98307 ], [ 5.62243, 46.98286 ], [ 5.61481, 46.9839 ] ] } },
{ "type": "Feature", "properties": { "name": "l'Hameçon", "weight_class": 1, "permanent": false, "length_km": 5.8 }, "geometry": { "type": "LineString", "coordinates": [ [ 5.61149, 46.93717 ], [ 5.60765, 46.94151 ], [ 5.60816, 46.94775 ], [ 5.60658, 46.95404 ], [ 5.60878, 46.95913 ], [ 5.61335, 46.96447 ], [ 5.61048, 46.96823 ], [ 5.60791, 46.97503 ], [ 5.60324, 46.97896 ], [ 5.60614, 46.9844 ] ] } },
{ "type": "Feature", "properties": { "name": "la Verine", "weight_class": 1, "permanent": true, "length_km": 6.5 }, "geometry": { "type": "LineString", "coordinates": [ [ 5.63375, 46.9302 ], [ 5.63284, 46.93266 ], [ 5.63383, 46.93499 ], [ 5.63238, 46.93642 ], [ 5.63218, 46.9403 ], [ 5.6247, 46.94572 ], [ 5.62305, 46.95137 ], [ 5.62383, 46.95458 ], [ 5.62741, 46.95745 ], [ 5.62753, 46.96176 ], [ 5.6248, 46.96689 ], [ 5.61857, 46.97155 ], [ 5.61908, 46.97668 ], [ 5.62441, 46.98026 ] ] } },
{ "type": "Feature", "properties": { "name": "la Veuge", "weight_class": 1, "permanent": false, "length_km": 10.7 }, "geometry": { "type": "LineString", "coordinates": [ [ 5.57763, 46.957 ], [ 5.57568, 46.95638 ], [ 5.57129, 46.95795 ], [ 5.56888, 46.96233 ], [ 5.56626, 46.96317 ], [ 5.56365, 46.96697 ], [ 5.56395, 46.96945 ], [ 5.5595, 46.97321 ], [ 5.55693, 46.97338 ], [ 5.55376, 46.97526 ], [ 5.55068, 46.97546 ], [ 5.55094, 46.97617 ], [ 5.54926, 46.97617 ], [ 5.54874, 46.97706 ], [ 5.54608, 46.97605 ], [ 5.54375, 46.97738 ], [ 5.54161, 46.977 ], [ 5.54035, 46.97865 ], [ 5.53746, 46.97835 ], [ 5.52897, 46.98319 ], [ 5.52141, 46.98581 ], [ 5.51453, 46.98336 ], [ 5.51339, 46.98389 ], [ 5.50865, 46.9809 ], [ 5.50448, 46.9797 ], [ 5.49742, 46.97382 ], [ 5.49687, 46.97118 ] ] } },
{ "type": "Feature", "properties": { "name": "l'Orain", "weight_class": 1, "permanent": true, "length_km": 39.9 }, "geometry": { "type": "LineString", "coordinates": [ [ 5.70739, 46.83152 ], [ 5.70248, 46.83189 ], [ 5.69755, 46.83088 ], [ 5.69392, 46.83171 ], [ 5.69038, 46.83397 ], [ 5.68985, 46.8384 ], [ 5.68689, 46.84399 ], [ 5.68769, 46.84566 ], [ 5.68646, 46.84957 ], [ 5.68491, 46.85071 ], [ 5.67954, 46.85131 ], [ 5.67657, 46.85518 ], [ 5.67236, 46.85642 ], [ 5.66774, 46.86072 ], [ 5.66252, 46.86088 ], [ 5.6542, 46.8639 ], [ 5.64025, 46.86285 ], [ 5.63381, 46.86464 ], [ 5.6297, 46.86416 ], [ 5.62732, 46.86539 ], [ 5.61355, 46.86474 ], [ 5.60768, 46.86543 ], [ 5.60247, 46.86914 ], [ 5.58572, 46.87557 ], [ 5.58157, 46.88146 ], [ 5.58409, 46.88776 ], [ 5.57869, 46.89649 ], [ 5.57886, 46.89923 ], [ 5.57623, 46.90077 ], [ 5.5765, 46.90358 ], [ 5.55414, 46.92185 ], [ 5.55234, 46.92513 ], [ 5.54953, 46.92608 ], [ 5.54437, 46.93199 ], [ 5.53676, 46.93482 ], [ 5.52791, 46.94134 ], [ 5.5176, 46.94307 ], [ 5.51493, 46.94605 ], [ 5.51576, 46.94928 ], [ 5.51227, 46.95309 ], [ 5.50771, 46.95493 ], [ 5.50649, 46.95836 ], [ 5.50808, 46.96137 ], [ 5.50524, 46.96384 ], [ 5.50203, 46.96472 ], [ 5.5018, 46.96923 ], [ 5.5006, 46.97023 ], [ 5.48273, 46.97266 ], [ 5.47493, 46.97486 ], [ 5.47303, 46.97411 ], [ 5.46762, 46.97495 ], [ 5.46661, 46.97747 ], [ 5.46207, 46.97889 ], [ 5.45687, 46.983 ], [ 5.45304, 46.9831 ], [ 5.44382, 46.98952 ], [ 5.43773, 46.98899 ], [ 5.43101, 46.99055 ], [ 5.42806, 46.98894 ], [ 5.42697, 46.98687 ], [ 5.42521, 46.98627 ], [ 5.42226, 46.98681 ], [ 5.41776, 46.97856 ], [ 5.4061, 46.97806 ], [ 5.40332, 46.97538 ], [ 5.39969, 46.97375 ], [ 5.39952, 46.97101 ], [ 5.39788, 46.96987 ], [ 5.38931, 46.97127 ], [ 5.38925, 46.95922 ], [ 5.38721, 46.95775 ], [ 5.38405, 46.9575 ], [ 5.38248, 46.9548 ] ] } },
{ "type": "Feature", "properties": { "name": "Bief de Moussieres", "weight_class": 1, "permanent": false, "length_km": 10.2 }, "geometry": { "type": "LineString", "coordinates": [ [ 5.36129, 46.97816 ], [ 5.35805, 46.97781 ], [ 5.34072, 46.96384 ], [ 5.33934, 46.96444 ], [ 5.32999, 46.9622 ], [ 5.32375, 46.95881 ], [ 5.32111, 46.95883 ], [ 5.31058, 46.95113 ], [ 5.30468, 46.95172 ], [ 5.30141, 46.95112 ], [ 5.30051, 46.9485 ], [ 5.29466, 46.94465 ], [ 5.28868, 46.94328 ], [ 5.2859, 46.94388 ], [ 5.28215, 46.94029 ], [ 5.27815, 46.939 ], [ 5.27367, 46.93596 ], [ 5.26981, 46.93226 ], [ 5.26503, 46.93128 ], [ 5.26264, 46.93227 ] ] } },
{ "type": "Feature", "properties": { "name": "Coursière de Buchaille", "weight_class": 1, "permanent": false, "length_km": 8.6 }, "geometry": { "type": "LineString", "coordinates": [ [ 5.33674, 46.98285 ], [ 5.33161, 46.98537 ], [ 5.32701, 46.98114 ], [ 5.31789, 46.97935 ], [ 5.30927, 46.97283 ], [ 5.30965, 46.96988 ], [ 5.30207, 46.9669 ], [ 5.30044, 46.9623 ], [ 5.29818, 46.96134 ], [ 5.2948, 46.96162 ], [ 5.29349, 46.95899 ], [ 5.29427, 46.95658 ], [ 5.29274, 46.95646 ], [ 5.29066, 46.95416 ], [ 5.28665, 46.95303 ], [ 5.27995, 46.9526 ], [ 5.27682, 46.95112 ], [ 5.26973, 46.95081 ], [ 5.26426, 46.94667 ], [ 5.26009, 46.94561 ] ] } },
{ "type": "Feature", "properties": { "name": "l'Ausson", "weight_class": 1, "permanent": true, "length_km": 3.9 }, "geometry": { "type": "MultiLineString", "coordinates": [ [ [ 5.2744, 47.02503 ], [ 5.27528, 47.02813 ] ], [ [ 5.27724, 47.03491 ], [ 5.27816, 47.03748 ], [ 5.2827, 47.04006 ], [ 5.28392, 47.04803 ], [ 5.29019, 47.05144 ], [ 5.28534, 47.05589 ], [ 5.28086, 47.05557 ], [ 5.27913, 47.05646 ] ] ] } },
{ "type": "Feature", "properties": { "name": "Bief de Juifs", "weight_class": 1, "permanent": false, "length_km": 5.4 }, "geometry": { "type": "LineString", "coordinates": [ [ 5.37121, 47.01343 ], [ 5.36819, 47.01606 ], [ 5.36642, 47.01553 ], [ 5.36007, 47.01105 ], [ 5.35124, 47.00712 ], [ 5.3494, 47.00741 ], [ 5.34638, 47.01037 ], [ 5.34238, 47.01243 ], [ 5.33741, 47.01065 ], [ 5.33251, 47.00708 ], [ 5.32996, 47.00658 ], [ 5.32736, 47.00689 ], [ 5.31826, 47.01273 ] ] } },
{ "type": "Feature", "properties": { "name": "le Vieux Doubs", "weight_class": 1, "permanent": false, "length_km": 3.7 }, "geometry": { "type": "MultiLineString", "coordinates": [ [ [ 5.30217, 46.9356 ], [ 5.29936, 46.93748 ] ], [ [ 5.32461, 46.92806 ], [ 5.3304, 46.9319 ], [ 5.32958, 46.93412 ], [ 5.32525, 46.93616 ], [ 5.32208, 46.9363 ], [ 5.31715, 46.93402 ], [ 5.31494, 46.92869 ], [ 5.31407, 46.93021 ], [ 5.3104, 46.93014 ], [ 5.30804, 46.93189 ] ] ] } },
{ "type": "Feature", "properties": { "name": "la Darge", "weight_class": 1, "permanent": true, "length_km": 8.8 }, "geometry": { "type": "MultiLineString", "coordinates": [ [ [ 5.38546, 46.82754 ], [ 5.38096, 46.8282 ], [ 5.37352, 46.82723 ], [ 5.37277, 46.82196 ], [ 5.36876, 46.81809 ], [ 5.36804, 46.81484 ], [ 5.35984, 46.81084 ], [ 5.35176, 46.81007 ], [ 5.34651, 46.81073 ], [ 5.34559, 46.80952 ], [ 5.34291, 46.80957 ], [ 5.342, 46.8086 ], [ 5.34254, 46.80514 ], [ 5.33996, 46.80372 ], [ 5.33411, 46.80414 ], [ 5.33179, 46.80564 ], [ 5.33121, 46.81037 ], [ 5.32855, 46.81303 ] ], [ [ 5.39878, 46.83249 ], [ 5.39604, 46.83066 ], [ 5.39035, 46.83036 ], [ 5.38968, 46.82808 ], [ 5.38681, 46.82803 ] ] ] } },
{ "type": "Feature", "properties": { "name": "la Chaux", "weight_class": 1, "permanent": true, "length_km": 7.8 }, "geometry": { "type": "LineString", "coordinates": [ [ 5.45726, 46.78375 ], [ 5.45733, 46.79191 ], [ 5.45593, 46.79375 ], [ 5.45658, 46.79833 ], [ 5.46069, 46.80185 ], [ 5.46413, 46.80232 ], [ 5.46873, 46.80466 ], [ 5.47191, 46.80992 ], [ 5.47195, 46.81221 ], [ 5.47078, 46.82131 ], [ 5.46853, 46.82265 ], [ 5.46738, 46.8222 ], [ 5.46507, 46.82833 ], [ 5.46079, 46.82909 ], [ 5.45775, 46.8311 ], [ 5.45339, 46.83069 ], [ 5.451, 46.83499 ] ] } },
{ "type": "Feature", "properties": { "name": "la Brenne", "weight_class": 1, "permanent": true, "length_km": 30.3 }, "geometry": { "type": "MultiLineString", "coordinates": [ [ [ 5.33121, 46.82011 ], [ 5.32975, 46.81864 ], [ 5.3303, 46.81724 ], [ 5.3285, 46.81306 ] ], [ [ 5.66937, 46.79606 ], [ 5.66525, 46.79682 ], [ 5.65894, 46.80085 ], [ 5.65864, 46.80411 ], [ 5.65455, 46.80744 ], [ 5.65482, 46.81108 ], [ 5.65222, 46.81172 ], [ 5.65216, 46.81648 ], [ 5.64938, 46.81781 ], [ 5.64966, 46.81864 ], [ 5.64582, 46.8186 ], [ 5.64214, 46.82236 ], [ 5.63749, 46.82271 ], [ 5.63385, 46.82067 ], [ 5.62846, 46.81957 ], [ 5.61723, 46.82113 ], [ 5.61353, 46.81922 ], [ 5.61121, 46.81401 ], [ 5.60791, 46.81335 ], [ 5.60643, 46.81203 ], [ 5.60427, 46.81273 ], [ 5.59944, 46.812 ], [ 5.59628, 46.81399 ], [ 5.59531, 46.81352 ], [ 5.59355, 46.81436 ], [ 5.59162, 46.81344 ], [ 5.59118, 46.81434 ], [ 5.58877, 46.81487 ], [ 5.5825, 46.81365 ], [ 5.58011, 46.81433 ], [ 5.58012, 46.81581 ], [ 5.57829, 46.81627 ], [ 5.57893, 46.81818 ], [ 5.57798, 46.81793 ], [ 5.57713, 46.82021 ], [ 5.57495, 46.82035 ], [ 5.57404, 46.82333 ], [ 5.57093, 46.82593 ], [ 5.5713, 46.82762 ], [ 5.56981, 46.82902 ], [ 5.56717, 46.82921 ], [ 5.56237, 46.8278 ], [ 5.55836, 46.82831 ], [ 5.55322, 46.82591 ], [ 5.55076, 46.82755 ], [ 5.54808, 46.82744 ], [ 5.54699, 46.82821 ], [ 5.54485, 46.82787 ], [ 5.54351, 46.8259 ], [ 5.53963, 46.82673 ], [ 5.53807, 46.82616 ], [ 5.53726, 46.82752 ], [ 5.52754, 46.83152 ], [ 5.52406, 46.83673 ], [ 5.52219, 46.83705 ], [ 5.52283, 46.83792 ], [ 5.5185, 46.83863 ], [ 5.51895, 46.8421 ], [ 5.50576, 46.84319 ], [ 5.5004, 46.84595 ], [ 5.49507, 46.84423 ], [ 5.48905, 46.84908 ], [ 5.48517, 46.84967 ], [ 5.48465, 46.85151 ], [ 5.48194, 46.85107 ], [ 5.47691, 46.85439 ], [ 5.46834, 46.85542 ], [ 5.46629, 46.85723 ], [ 5.46219, 46.85679 ], [ 5.45416, 46.86171 ], [ 5.44726, 46.8633 ], [ 5.44242, 46.86285 ], [ 5.44017, 46.86368 ], [ 5.43575, 46.86082 ], [ 5.43041, 46.86189 ], [ 5.42926, 46.8602 ], [ 5.42475, 46.86004 ] ] ] } },
{ "type": "Feature", "properties": { "name": "Bras la Seillette Amont de la Seille", "weight_class": 1, "permanent": true, "length_km": 12.2 }, "geometry": { "type": "LineString", "coordinates": [ [ 5.51203, 46.74825 ], [ 5.51084, 46.74717 ], [ 5.50624, 46.74611 ], [ 5.50427, 46.7442 ], [ 5.50146, 46.74571 ], [ 5.4992, 46.74388 ], [ 5.49347, 46.74304 ], [ 5.49215, 46.74214 ], [ 5.48649, 46.74135 ], [ 5.48346, 46.74189 ], [ 5.48252, 46.74 ], [ 5.48045, 46.73991 ], [ 5.47926, 46.73866 ], [ 5.47358, 46.73921 ], [ 5.46972, 46.73857 ], [ 5.46733, 46.73534 ], [ 5.46417, 46.73455 ], [ 5.46094, 46.73537 ], [ 5.46015, 46.73383 ], [ 5.45042, 46.7307 ], [ 5.44936, 46.72901 ], [ 5.44392, 46.72576 ], [ 5.4296, 46.72673 ], [ 5.42505, 46.72859 ], [ 5.42037, 46.72823 ], [ 5.4184, 46.72469 ], [ 5.41223, 46.72151 ], [ 5.41038, 46.71937 ], [ 5.40037, 46.71918 ], [ 5.39435, 46.7212 ], [ 5.39262, 46.72337 ], [ 5.39005, 46.72284 ] ] } },
{ "type": "Feature", "properties": { "name": "le Jeanbon", "weight_class": 1, "permanent": true, "length_km": 7.9 }, "geometry": { "type": "LineString", "coordinates": [ [ 5.43114, 46.6708 ], [ 5.43093, 46.67446 ], [ 5.4278, 46.67494 ], [ 5.42167, 46.6789 ], [ 5.42108, 46.68187 ], [ 5.41714, 46.68599 ], [ 5.41551, 46.69282 ], [ 5.4075, 46.69992 ], [ 5.40732, 46.70368 ], [ 5.40396, 46.70365 ], [ 5.40265, 46.70578 ], [ 5.39896, 46.70789 ], [ 5.39406, 46.70825 ], [ 5.39502, 46.7094 ], [ 5.39441, 46.71117 ], [ 5.39548, 46.71176 ], [ 5.39448, 46.71418 ], [ 5.39693, 46.71754 ], [ 5.39514, 46.7196 ], [ 5.3957, 46.72097 ] ] } },
{ "type": "Feature", "properties": { "name": "Bief de Machure", "weight_class": 1, "permanent": true, "length_km": 6.1 }, "geometry": { "type": "LineString", "coordinates": [ [ 5.597, 46.94693 ], [ 5.59449, 46.94609 ], [ 5.58831, 46.94817 ], [ 5.58309, 46.94703 ], [ 5.57855, 46.9446 ], [ 5.57271, 46.94654 ], [ 5.56473, 46.94767 ], [ 5.56343, 46.946 ], [ 5.56139, 46.94593 ], [ 5.55603, 46.93981 ], [ 5.54852, 46.93615 ], [ 5.54163, 46.93579 ], [ 5.53954, 46.93416 ] ] } },
{ "type": "Feature", "properties": { "name": "le Roselet", "weight_class": 1, "permanent": false, "length_km": 5.4 }, "geometry": { "type": "LineString", "coordinates": [ [ 5.46875, 46.95124 ], [ 5.47285, 46.94901 ], [ 5.47724, 46.94796 ], [ 5.4791, 46.94531 ], [ 5.47524, 46.94129 ], [ 5.47628, 46.93702 ], [ 5.47556, 46.93349 ], [ 5.4675, 46.92567 ], [ 5.46616, 46.92314 ], [ 5.4611, 46.91921 ], [ 5.46141, 46.9152 ], [ 5.45843, 46.91224 ] ] } },
{ "type": "Feature", "properties": { "name": "Bief de Baraitaine", "weight_class": 1, "permanent": false, "length_km": 8.9 }, "geometry": { "type": "LineString", "coordinates": [ [ 5.45546, 46.9458 ], [ 5.45035, 46.93967 ], [ 5.4394, 46.94092 ], [ 5.43381, 46.94425 ], [ 5.42986, 46.94972 ], [ 5.42457, 46.95271 ], [ 5.41854, 46.95813 ], [ 5.41645, 46.95559 ], [ 5.40883, 46.95722 ], [ 5.40491, 46.95657 ], [ 5.40387, 46.95464 ], [ 5.4048, 46.95258 ], [ 5.40313, 46.9503 ], [ 5.40075, 46.95064 ], [ 5.39499, 46.94767 ], [ 5.39103, 46.94746 ], [ 5.38822, 46.94846 ], [ 5.3843, 46.94744 ], [ 5.38575, 46.94246 ], [ 5.38486, 46.94024 ] ] } },
{ "type": "Feature", "properties": { "name": "Ruisseau du Moulin Tacot", "weight_class": 1, "permanent": true, "length_km": 4.1 }, "geometry": { "type": "LineString", "coordinates": [ [ 5.41565, 46.93369 ], [ 5.41301, 46.93116 ], [ 5.40712, 46.93039 ], [ 5.40349, 46.93158 ], [ 5.4043, 46.93444 ], [ 5.40347, 46.93841 ], [ 5.39754, 46.94182 ], [ 5.38875, 46.94103 ], [ 5.38699, 46.93978 ], [ 5.3848, 46.94025 ], [ 5.38233, 46.93895 ], [ 5.38242, 46.93711 ] ] } },
{ "type": "Feature", "properties": { "name": "Oudin", "weight_class": 1, "permanent": true, "length_km": 5.9 }, "geometry": { "type": "LineString", "coordinates": [ [ 5.6289, 46.9234 ], [ 5.63002, 46.92643 ], [ 5.62871, 46.92812 ], [ 5.62288, 46.92731 ], [ 5.61183, 46.92823 ], [ 5.60604, 46.9251 ], [ 5.60496, 46.92333 ], [ 5.60426, 46.92399 ], [ 5.60043, 46.92254 ], [ 5.59297, 46.92295 ], [ 5.58997, 46.92153 ], [ 5.58642, 46.92231 ], [ 5.58154, 46.92091 ], [ 5.58163, 46.91951 ], [ 5.57957, 46.91903 ], [ 5.57704, 46.91536 ], [ 5.57305, 46.91362 ] ] } },
{ "type": "Feature", "properties": { "name": "la Dorme", "weight_class": 1, "permanent": true, "length_km": 16.0 }, "geometry": { "type": "LineString", "coordinates": [ [ 5.53978, 46.91351 ], [ 5.53348, 46.91156 ], [ 5.5291, 46.90826 ], [ 5.52678, 46.90979 ], [ 5.52463, 46.91 ], [ 5.51973, 46.90935 ], [ 5.51637, 46.90791 ], [ 5.51167, 46.90854 ], [ 5.50913, 46.91023 ], [ 5.49533, 46.91153 ], [ 5.49399, 46.9141 ], [ 5.4865, 46.91955 ], [ 5.48239, 46.91773 ], [ 5.47948, 46.9175 ], [ 5.4784, 46.91635 ], [ 5.46119, 46.91418 ], [ 5.45166, 46.90738 ], [ 5.44868, 46.9031 ], [ 5.44999, 46.89534 ], [ 5.44838, 46.89372 ], [ 5.44942, 46.89295 ], [ 5.4488, 46.88851 ], [ 5.44949, 46.88646 ], [ 5.45288, 46.88448 ], [ 5.45309, 46.88303 ], [ 5.44729, 46.87874 ], [ 5.4397, 46.87016 ], [ 5.43825, 46.87043 ], [ 5.43267, 46.86683 ], [ 5.42745, 46.86662 ], [ 5.42385, 46.86506 ], [ 5.41435, 46.86375 ], [ 5.41339, 46.86209 ] ] } },
{ "type": "Feature", "properties": { "name": "le Malon", "weight_class": 1, "permanent": false, "length_km": 6.5 }, "geometry": { "type": "LineString", "coordinates": [ [ 5.43656, 46.92266 ], [ 5.43308, 46.92377 ], [ 5.42803, 46.92401 ], [ 5.41623, 46.92211 ], [ 5.41085, 46.9154 ], [ 5.40883, 46.91436 ], [ 5.40814, 46.91188 ], [ 5.40373, 46.90877 ], [ 5.40442, 46.90581 ], [ 5.40894, 46.90148 ], [ 5.40747, 46.89616 ], [ 5.40348, 46.89144 ], [ 5.40486, 46.8886 ], [ 5.40952, 46.88745 ] ] } },
{ "type": "Feature", "properties": { "name": "Bief des Planissettes", "weight_class": 1, "permanent": true, "length_km": 4.5 }, "geometry": { "type": "LineString", "coordinates": [ [ 5.61586, 46.87967 ], [ 5.61194, 46.88203 ], [ 5.60502, 46.88164 ], [ 5.60027, 46.88396 ], [ 5.59418, 46.88448 ], [ 5.59343, 46.89241 ], [ 5.58956, 46.89501 ], [ 5.58983, 46.89895 ], [ 5.58681, 46.89919 ], [ 5.58522, 46.90172 ] ] } },
{ "type": "Feature", "properties": { "name": "Ruisseau de l'Étang de l'Etaley", "weight_class": 1, "permanent": true, "length_km": 3.4 }, "geometry": { "type": "LineString", "coordinates": [ [ 5.63392, 46.87722 ], [ 5.64048, 46.88465 ], [ 5.64, 46.8853 ], [ 5.63328, 46.88837 ], [ 5.62817, 46.88653 ], [ 5.62334, 46.88594 ], [ 5.62241, 46.88989 ], [ 5.61965, 46.8927 ] ] } },
{ "type": "Feature", "properties": { "name": "Ruisseau Bief d'Ainson", "weight_class": 1, "permanent": true, "length_km": 15.2 }, "geometry": { "type": "LineString", "coordinates": [ [ 5.6031, 46.83311 ], [ 5.59864, 46.83375 ], [ 5.59679, 46.83838 ], [ 5.59387, 46.84109 ], [ 5.58576, 46.84378 ], [ 5.58301, 46.84353 ], [ 5.57866, 46.84612 ], [ 5.57778, 46.84835 ], [ 5.57849, 46.85269 ], [ 5.57714, 46.85621 ], [ 5.5712, 46.85923 ], [ 5.56753, 46.86022 ], [ 5.56573, 46.85958 ], [ 5.56187, 46.86402 ], [ 5.56472, 46.87137 ], [ 5.56074, 46.87751 ], [ 5.55208, 46.8802 ], [ 5.55019, 46.88003 ], [ 5.54146, 46.87544 ], [ 5.53557, 46.87043 ], [ 5.53095, 46.87009 ], [ 5.52436, 46.86768 ], [ 5.52333, 46.86653 ], [ 5.5161, 46.86536 ], [ 5.51654, 46.8645 ], [ 5.51498, 46.8636 ], [ 5.51048, 46.86354 ], [ 5.50789, 46.86036 ], [ 5.50641, 46.86012 ], [ 5.505, 46.85681 ], [ 5.50248, 46.85531 ], [ 5.4957, 46.8533 ], [ 5.48832, 46.85335 ], [ 5.48035, 46.85224 ] ] } },
{ "type": "Feature", "properties": { "name": "Ruisseau de l'Étang", "weight_class": 1, "permanent": false, "length_km": 7.6 }, "geometry": { "type": "LineString", "coordinates": [ [ 5.51928, 46.90339 ], [ 5.51655, 46.90049 ], [ 5.50964, 46.90037 ], [ 5.49232, 46.88237 ], [ 5.48472, 46.88019 ], [ 5.48191, 46.88102 ], [ 5.47304, 46.87946 ], [ 5.47186, 46.87459 ], [ 5.46753, 46.86934 ], [ 5.46036, 46.86514 ], [ 5.45645, 46.86067 ] ] } },
{ "type": "Feature", "properties": { "name": "le Malan", "weight_class": 1, "permanent": true, "length_km": 7.0 }, "geometry": { "type": "LineString", "coordinates": [ [ 5.43413, 46.90706 ], [ 5.43426, 46.90932 ], [ 5.43016, 46.90928 ], [ 5.42808, 46.91168 ], [ 5.42029, 46.91025 ], [ 5.4208, 46.90747 ], [ 5.41856, 46.89846 ], [ 5.41307, 46.8936 ], [ 5.4126, 46.89076 ], [ 5.41019, 46.88888 ], [ 5.40836, 46.8852 ], [ 5.40812, 46.88223 ], [ 5.40509, 46.8785 ], [ 5.40468, 46.87501 ], [ 5.40574, 46.87255 ], [ 5.40307, 46.87082 ], [ 5.3967, 46.86915 ] ] } },
{ "type": "Feature", "properties": { "name": "Ruisseau des Tenaudins/Bief Fourneau", "weight_class": 1, "permanent": false, "length_km": 4.6 }, "geometry": { "type": "LineString", "coordinates": [ [ 5.38285, 46.89178 ], [ 5.37778, 46.88999 ], [ 5.37464, 46.89137 ], [ 5.37308, 46.8901 ], [ 5.36988, 46.8906 ], [ 5.36644, 46.89246 ], [ 5.36477, 46.89496 ], [ 5.36145, 46.89458 ], [ 5.3569, 46.89265 ], [ 5.35002, 46.89334 ], [ 5.34577, 46.89036 ], [ 5.33914, 46.89034 ], [ 5.3372, 46.88557 ] ] } },
{ "type": "Feature", "properties": { "name": "Bief d'Acle", "weight_class": 1, "permanent": true, "length_km": 6.3 }, "geometry": { "type": "LineString", "coordinates": [ [ 5.66366, 46.82776 ], [ 5.65999, 46.82952 ], [ 5.65855, 46.83495 ], [ 5.65441, 46.83778 ], [ 5.65294, 46.84026 ], [ 5.64469, 46.84252 ], [ 5.63633, 46.84204 ], [ 5.63147, 46.84487 ], [ 5.62888, 46.84894 ], [ 5.62172, 46.85489 ], [ 5.62155, 46.86527 ] ] } },
{ "type": "Feature", "properties": { "name": "Bief de l'Étang Neuf", "weight_class": 1, "permanent": true, "length_km": 2.8 }, "geometry": { "type": "LineString", "coordinates": [ [ 5.59383, 46.85327 ], [ 5.59041, 46.85854 ], [ 5.58564, 46.86267 ], [ 5.58235, 46.86367 ], [ 5.56944, 46.86157 ], [ 5.56724, 46.86018 ] ] } },
{ "type": "Feature", "properties": { "name": "Ruisseau de l'Étang", "weight_class": 1, "permanent": true, "length_km": 2.7 }, "geometry": { "type": "LineString", "coordinates": [ [ 5.6157, 46.83134 ], [ 5.61418, 46.82873 ], [ 5.60988, 46.82799 ], [ 5.60663, 46.82533 ], [ 5.6043, 46.82252 ], [ 5.60416, 46.8204 ], [ 5.59988, 46.8154 ], [ 5.59628, 46.81399 ] ] } },
{ "type": "Feature", "properties": { "name": "Ruisseau de la Mangette", "weight_class": 1, "permanent": true, "length_km": 3.4 }, "geometry": { "type": "LineString", "coordinates": [ [ 5.61872, 46.82614 ], [ 5.62054, 46.8277 ], [ 5.622, 46.83435 ], [ 5.62122, 46.83657 ], [ 5.6168, 46.83849 ], [ 5.61835, 46.83992 ], [ 5.61873, 46.84233 ], [ 5.62607, 46.84795 ], [ 5.62664, 46.85066 ] ] } },
{ "type": "Feature", "properties": { "name": "Ruisseau de Prélot", "weight_class": 1, "permanent": true, "length_km": 6.4 }, "geometry": { "type": "LineString", "coordinates": [ [ 5.56332, 46.78864 ], [ 5.55979, 46.78907 ], [ 5.55685, 46.7879 ], [ 5.55294, 46.78938 ], [ 5.54804, 46.78975 ], [ 5.54244, 46.79755 ], [ 5.53218, 46.80214 ], [ 5.53129, 46.80836 ], [ 5.53355, 46.81081 ], [ 5.53236, 46.81144 ], [ 5.53849, 46.81947 ], [ 5.53948, 46.82376 ], [ 5.53804, 46.82621 ] ] } },
{ "type": "Feature", "properties": { "name": "Ruisseau de l'Étang Privé", "weight_class": 2, "permanent": false, "length_km": 5.1 }, "geometry": { "type": "LineString", "coordinates": [ [ 5.52103, 46.80312 ], [ 5.5176, 46.80495 ], [ 5.51078, 46.81167 ], [ 5.50726, 46.81298 ], [ 5.50223, 46.81844 ], [ 5.49225, 46.81742 ], [ 5.49023, 46.82 ], [ 5.48578, 46.82079 ], [ 5.48086, 46.81759 ], [ 5.47383, 46.81645 ], [ 5.47126, 46.81725 ] ] } },
{ "type": "Feature", "properties": { "name": "Ruisseau de Gorge", "weight_class": 1, "permanent": false, "length_km": 2.1 }, "geometry": { "type": "LineString", "coordinates": [ [ 5.57406, 46.79778 ], [ 5.58241, 46.80768 ], [ 5.58076, 46.81411 ] ] } },
{ "type": "Feature", "properties": { "name": "Ruisseau du Battoir", "weight_class": 1, "permanent": true, "length_km": 4.1 }, "geometry": { "type": "LineString", "coordinates": [ [ 5.60557, 46.78818 ], [ 5.6112, 46.79251 ], [ 5.61134, 46.79548 ], [ 5.60732, 46.79835 ], [ 5.60641, 46.80023 ], [ 5.60255, 46.80103 ], [ 5.59993, 46.80312 ], [ 5.60236, 46.80744 ], [ 5.59937, 46.81085 ], [ 5.5921, 46.81353 ] ] } },
{ "type": "Feature", "properties": { "name": "la Semereule", "weight_class": 2, "permanent": true, "length_km": 2.3 }, "geometry": { "type": "LineString", "coordinates": [ [ 5.58697, 46.79467 ], [ 5.58596, 46.78255 ], [ 5.58037, 46.77521 ] ] } },
{ "type": "Feature", "properties": { "name": "Ruisseau de Scellé", "weight_class": 1, "permanent": true, "length_km": 2.6 }, "geometry": { "type": "LineString", "coordinates": [ [ 5.56017, 46.79999 ], [ 5.55924, 46.79933 ], [ 5.54873, 46.80295 ], [ 5.54639, 46.8041 ], [ 5.5458, 46.80612 ], [ 5.54173, 46.80678 ], [ 5.53355, 46.81081 ] ] } },
{ "type": "Feature", "properties": { "name": "Ruisseau de Verdot", "weight_class": 1, "permanent": false, "length_km": 2.1 }, "geometry": { "type": "LineString", "coordinates": [ [ 5.56579, 46.8015 ], [ 5.56919, 46.80747 ], [ 5.56967, 46.81061 ], [ 5.57587, 46.81445 ], [ 5.58011, 46.81433 ] ] } },
{ "type": "Feature", "properties": { "name": "la Darge", "weight_class": 1, "permanent": true, "length_km": 10.1 }, "geometry": { "type": "LineString", "coordinates": [ [ 5.43887, 46.77031 ], [ 5.43739, 46.77185 ], [ 5.43377, 46.77158 ], [ 5.42852, 46.77779 ], [ 5.41805, 46.77844 ], [ 5.40786, 46.78405 ], [ 5.40195, 46.7844 ], [ 5.39936, 46.78544 ], [ 5.39702, 46.78419 ], [ 5.39006, 46.78649 ], [ 5.38684, 46.79249 ], [ 5.38682, 46.79599 ], [ 5.38165, 46.79735 ], [ 5.3809, 46.80014 ], [ 5.37948, 46.80113 ], [ 5.37924, 46.80495 ], [ 5.37605, 46.80611 ], [ 5.37376, 46.8045 ], [ 5.37448, 46.80277 ], [ 5.37006, 46.80272 ], [ 5.36779, 46.80556 ], [ 5.36871, 46.80696 ], [ 5.36385, 46.8082 ], [ 5.3616, 46.81163 ] ] } },
{ "type": "Feature", "properties": { "name": "Ruisseau de la Fontaine Chambon", "weight_class": 1, "permanent": true, "length_km": 2.2 }, "geometry": { "type": "LineString", "coordinates": [ [ 5.63489, 46.76736 ], [ 5.63459, 46.76488 ], [ 5.62963, 46.76197 ], [ 5.62528, 46.76055 ], [ 5.61761, 46.76049 ], [ 5.61476, 46.75978 ], [ 5.61506, 46.75884 ] ] } },
{ "type": "Feature", "properties": { "name": "Ruisseau de Vau", "weight_class": 1, "permanent": true, "length_km": 2.5 }, "geometry": { "type": "LineString", "coordinates": [ [ 5.61458, 46.78279 ], [ 5.61115, 46.78449 ], [ 5.60381, 46.78296 ], [ 5.59938, 46.77976 ], [ 5.59437, 46.77823 ], [ 5.5906, 46.77362 ] ] } },
{ "type": "Feature", "properties": { "name": "la Rondaine", "weight_class": 1, "permanent": true, "length_km": 10.7 }, "geometry": { "type": "LineString", "coordinates": [ [ 5.52895, 46.78048 ], [ 5.526, 46.7792 ], [ 5.51786, 46.78127 ], [ 5.51064, 46.78005 ], [ 5.50801, 46.77773 ], [ 5.50561, 46.77274 ], [ 5.48728, 46.77587 ], [ 5.48087, 46.77002 ], [ 5.47335, 46.76742 ], [ 5.46772, 46.7639 ], [ 5.46004, 46.7638 ], [ 5.4524, 46.75905 ], [ 5.44946, 46.75314 ], [ 5.45154, 46.74912 ], [ 5.44858, 46.74512 ], [ 5.44461, 46.74505 ], [ 5.43864, 46.73864 ], [ 5.43475, 46.7374 ] ] } },
{ "type": "Feature", "properties": { "name": "la Voge", "weight_class": 1, "permanent": true, "length_km": 4.6 }, "geometry": { "type": "LineString", "coordinates": [ [ 5.43939, 46.76398 ], [ 5.43659, 46.76295 ], [ 5.42874, 46.76506 ], [ 5.42486, 46.76362 ], [ 5.41721, 46.75936 ], [ 5.41025, 46.752 ], [ 5.40932, 46.74947 ], [ 5.40317, 46.74648 ], [ 5.39835, 46.74149 ] ] } },
{ "type": "Feature", "properties": { "name": "le Vernois/Bief de Marlot", "weight_class": 1, "permanent": true, "length_km": 4.9 }, "geometry": { "type": "LineString", "coordinates": [ [ 5.44326, 46.79468 ], [ 5.42689, 46.79182 ], [ 5.42085, 46.79475 ], [ 5.41298, 46.79352 ], [ 5.40948, 46.7952 ], [ 5.40563, 46.79462 ], [ 5.40346, 46.79553 ], [ 5.39769, 46.792 ], [ 5.38829, 46.79022 ] ] } },
{ "type": "Feature", "properties": { "name": "le Serein", "weight_class": 1, "permanent": true, "length_km": 9.9 }, "geometry": { "type": "LineString", "coordinates": [ [ 5.59184, 46.71125 ], [ 5.59086, 46.71438 ], [ 5.59506, 46.71941 ], [ 5.59374, 46.72053 ], [ 5.59608, 46.72378 ], [ 5.59348, 46.72689 ], [ 5.58814, 46.72962 ], [ 5.58616, 46.73271 ], [ 5.57867, 46.73416 ], [ 5.58022, 46.73961 ], [ 5.57686, 46.74102 ], [ 5.57762, 46.74282 ], [ 5.57591, 46.74288 ], [ 5.57429, 46.74462 ], [ 5.57389, 46.74944 ], [ 5.57563, 46.75116 ], [ 5.57254, 46.75507 ], [ 5.57139, 46.75517 ], [ 5.57175, 46.75835 ], [ 5.56978, 46.75895 ], [ 5.56879, 46.76074 ], [ 5.56733, 46.75981 ], [ 5.56533, 46.76101 ], [ 5.56236, 46.76069 ], [ 5.56098, 46.76166 ], [ 5.55883, 46.76161 ], [ 5.5572, 46.76353 ], [ 5.55323, 46.76454 ], [ 5.55172, 46.76634 ], [ 5.54906, 46.76708 ] ] } },
{ "type": "Feature", "properties": { "name": "Ruisseau du Quart", "weight_class": 1, "permanent": true, "length_km": 5.5 }, "geometry": { "type": "LineString", "coordinates": [ [ 5.57696, 46.72146 ], [ 5.57211, 46.72193 ], [ 5.57134, 46.72383 ], [ 5.56796, 46.72548 ], [ 5.57048, 46.72888 ], [ 5.56504, 46.73149 ], [ 5.56065, 46.73192 ], [ 5.55943, 46.73421 ], [ 5.55961, 46.73708 ], [ 5.56152, 46.7389 ], [ 5.56021, 46.74161 ], [ 5.5619, 46.74657 ], [ 5.56435, 46.74724 ], [ 5.5679, 46.75097 ], [ 5.56952, 46.75131 ], [ 5.57148, 46.75502 ] ] } },
{ "type": "Feature", "properties": { "name": "le Sedan", "weight_class": 1, "permanent": true, "length_km": 13.7 }, "geometry": { "type": "LineString", "coordinates": [ [ 5.55257, 46.72106 ], [ 5.55399, 46.72737 ], [ 5.54845, 46.73385 ], [ 5.55076, 46.73712 ], [ 5.55057, 46.74091 ], [ 5.54799, 46.74255 ], [ 5.5418, 46.74204 ], [ 5.53735, 46.74434 ], [ 5.53401, 46.74371 ], [ 5.53014, 46.73804 ], [ 5.52677, 46.7362 ], [ 5.52316, 46.73227 ], [ 5.51966, 46.73203 ], [ 5.51426, 46.72873 ], [ 5.51215, 46.72939 ], [ 5.51031, 46.72878 ], [ 5.50685, 46.73032 ], [ 5.50418, 46.73784 ], [ 5.50093, 46.73803 ], [ 5.49882, 46.74012 ], [ 5.49456, 46.73727 ], [ 5.48792, 46.72662 ], [ 5.48433, 46.72351 ], [ 5.47889, 46.72234 ], [ 5.47292, 46.72339 ], [ 5.46517, 46.72297 ], [ 5.45392, 46.72428 ], [ 5.45166, 46.72388 ], [ 5.45164, 46.7214 ] ] } },
{ "type": "Feature", "properties": { "name": "la Seille", "weight_class": 3, "permanent": true, "length_km": 37.0 }, "geometry": { "type": "LineString", "coordinates": [ [ 5.69212, 46.76471 ], [ 5.68966, 46.7628 ], [ 5.68874, 46.76045 ], [ 5.68353, 46.76131 ], [ 5.68327, 46.76048 ], [ 5.68049, 46.75977 ], [ 5.67792, 46.76034 ], [ 5.6753, 46.75884 ], [ 5.67308, 46.75422 ], [ 5.67077, 46.75303 ], [ 5.67327, 46.75025 ], [ 5.67245, 46.74853 ], [ 5.65877, 46.746 ], [ 5.65486, 46.7414 ], [ 5.65234, 46.74012 ], [ 5.65225, 46.73758 ], [ 5.64821, 46.73701 ], [ 5.64748, 46.73538 ], [ 5.64277, 46.73443 ], [ 5.64178, 46.73597 ], [ 5.63739, 46.73689 ], [ 5.63149, 46.73648 ], [ 5.62822, 46.73796 ], [ 5.62702, 46.73978 ], [ 5.62829, 46.7413 ], [ 5.62603, 46.74336 ], [ 5.62609, 46.74505 ], [ 5.62137, 46.74576 ], [ 5.62036, 46.74723 ], [ 5.62002, 46.74915 ], [ 5.62149, 46.75076 ], [ 5.61723, 46.75226 ], [ 5.61805, 46.75337 ], [ 5.61661, 46.75535 ], [ 5.61387, 46.75578 ], [ 5.61524, 46.75716 ], [ 5.61506, 46.75884 ], [ 5.61077, 46.75889 ], [ 5.60998, 46.75959 ], [ 5.61147, 46.76085 ], [ 5.60947, 46.76203 ], [ 5.60661, 46.762 ], [ 5.60684, 46.76377 ], [ 5.6042, 46.76394 ], [ 5.60332, 46.76534 ], [ 5.59819, 46.76737 ], [ 5.59446, 46.77227 ], [ 5.59123, 46.77258 ], [ 5.59106, 46.77368 ], [ 5.5883, 46.77285 ], [ 5.58501, 46.77308 ], [ 5.58319, 46.77495 ], [ 5.58071, 46.77534 ], [ 5.57897, 46.77359 ], [ 5.57579, 46.77458 ], [ 5.57293, 46.77355 ], [ 5.5716, 46.77474 ], [ 5.56887, 46.7734 ], [ 5.56658, 46.77342 ], [ 5.56183, 46.77456 ], [ 5.56058, 46.77164 ], [ 5.5576, 46.76926 ], [ 5.55477, 46.76846 ], [ 5.551, 46.76867 ], [ 5.54878, 46.7669 ], [ 5.54546, 46.76641 ], [ 5.54585, 46.76482 ], [ 5.5422, 46.76443 ], [ 5.53733, 46.76129 ], [ 5.5327, 46.76117 ], [ 5.53046, 46.76193 ], [ 5.52092, 46.76054 ], [ 5.51862, 46.75852 ], [ 5.51911, 46.75606 ], [ 5.51541, 46.75327 ], [ 5.51518, 46.75102 ], [ 5.51253, 46.74828 ], [ 5.50951, 46.74861 ], [ 5.50732, 46.74706 ], [ 5.50246, 46.74737 ], [ 5.49993, 46.74572 ], [ 5.49554, 46.7454 ], [ 5.49403, 46.74429 ], [ 5.48582, 46.74386 ], [ 5.48504, 46.74477 ], [ 5.48032, 46.74459 ], [ 5.47697, 46.7463 ], [ 5.47276, 46.74635 ], [ 5.47037, 46.74777 ], [ 5.46556, 46.74751 ], [ 5.46464, 46.7465 ], [ 5.4599, 46.74684 ], [ 5.45856, 46.74462 ], [ 5.44932, 46.74288 ], [ 5.4431, 46.73877 ], [ 5.43475, 46.7374 ], [ 5.43264, 46.73624 ], [ 5.42927, 46.73662 ], [ 5.42596, 46.73822 ], [ 5.41053, 46.73913 ], [ 5.40892, 46.74006 ], [ 5.40129, 46.73992 ], [ 5.40076, 46.74106 ], [ 5.39529, 46.7417 ], [ 5.39101, 46.74142 ], [ 5.38761, 46.73817 ], [ 5.38507, 46.73745 ], [ 5.38207, 46.73887 ], [ 5.38159, 46.73795 ], [ 5.37924, 46.73758 ], [ 5.37762, 46.73968 ], [ 5.37554, 46.74003 ], [ 5.36754, 46.73842 ], [ 5.36167, 46.73924 ] ] } },
{ "type": "Feature", "properties": { "name": "Ruisseau des Mouraches", "weight_class": 1, "permanent": true, "length_km": 5.9 }, "geometry": { "type": "LineString", "coordinates": [ [ 5.54115, 46.7259 ], [ 5.53733, 46.72128 ], [ 5.53186, 46.71785 ], [ 5.52441, 46.71909 ], [ 5.52018, 46.71467 ], [ 5.5197, 46.71213 ], [ 5.51265, 46.71228 ], [ 5.50212, 46.71077 ], [ 5.48938, 46.71208 ], [ 5.48316, 46.70914 ] ] } },
{ "type": "Feature", "properties": { "name": "Ruisseau de la Madeleine", "weight_class": 1, "permanent": true, "length_km": 13.1 }, "geometry": { "type": "LineString", "coordinates": [ [ 5.56047, 46.71046 ], [ 5.55878, 46.70665 ], [ 5.55532, 46.70473 ], [ 5.55552, 46.70399 ], [ 5.5452, 46.70366 ], [ 5.54004, 46.70202 ], [ 5.54004, 46.70057 ], [ 5.53543, 46.69859 ], [ 5.53308, 46.69933 ], [ 5.53259, 46.70172 ], [ 5.5285, 46.70351 ], [ 5.5274, 46.70588 ], [ 5.52095, 46.70387 ], [ 5.51881, 46.70409 ], [ 5.51648, 46.70179 ], [ 5.5127, 46.70093 ], [ 5.51016, 46.70134 ], [ 5.50824, 46.70562 ], [ 5.50315, 46.70665 ], [ 5.50179, 46.70822 ], [ 5.48469, 46.70776 ], [ 5.4808, 46.71064 ], [ 5.48035, 46.71251 ], [ 5.47832, 46.71492 ], [ 5.47719, 46.71482 ], [ 5.47528, 46.71845 ], [ 5.46272, 46.71783 ], [ 5.45525, 46.72087 ], [ 5.45137, 46.72148 ], [ 5.44392, 46.72576 ] ] } },
{ "type": "Feature", "properties": { "name": "le Mussenant", "weight_class": 1, "permanent": true, "length_km": 2.6 }, "geometry": { "type": "LineString", "coordinates": [ [ 5.44243, 46.71799 ], [ 5.43931, 46.71723 ], [ 5.43183, 46.7179 ], [ 5.4185, 46.71699 ], [ 5.41428, 46.71733 ], [ 5.41051, 46.7194 ] ] } },
{ "type": "Feature", "properties": { "name": "Ruisseau de Blaine", "weight_class": 1, "permanent": false, "length_km": 4.0 }, "geometry": { "type": "LineString", "coordinates": [ [ 5.45666, 46.66931 ], [ 5.45296, 46.66949 ], [ 5.4513, 46.66875 ], [ 5.44775, 46.66463 ], [ 5.4417, 46.66492 ], [ 5.44028, 46.66368 ], [ 5.43726, 46.66308 ], [ 5.4346, 46.66381 ], [ 5.41728, 46.6554 ], [ 5.41449, 46.65533 ] ] } },
{ "type": "Feature", "properties": { "name": "la Sonnette", "weight_class": 1, "permanent": true, "length_km": 10.2 }, "geometry": { "type": "MultiLineString", "coordinates": [ [ [ 5.48018, 46.5977 ], [ 5.46706, 46.59991 ], [ 5.46453, 46.60323 ], [ 5.46005, 46.60516 ], [ 5.45154, 46.60449 ], [ 5.4467, 46.6057 ], [ 5.44545, 46.60381 ], [ 5.43963, 46.60649 ], [ 5.43646, 46.60519 ], [ 5.43145, 46.60567 ], [ 5.42403, 46.60909 ], [ 5.4203, 46.61294 ], [ 5.40365, 46.6082 ] ], [ [ 5.50425, 46.59119 ], [ 5.50345, 46.59184 ], [ 5.5042, 46.59379 ], [ 5.50056, 46.59533 ], [ 5.49919, 46.59744 ], [ 5.49497, 46.59917 ], [ 5.48288, 46.59735 ], [ 5.48033, 46.59769 ] ] ] } },
{ "type": "Feature", "properties": { "name": "Ruisseau du Roi", "weight_class": 1, "permanent": true, "length_km": 7.2 }, "geometry": { "type": "LineString", "coordinates": [ [ 5.46187, 46.64805 ], [ 5.46004, 46.64564 ], [ 5.45278, 46.64138 ], [ 5.45339, 46.6405 ], [ 5.45161, 46.63779 ], [ 5.44872, 46.63681 ], [ 5.44444, 46.63258 ], [ 5.43913, 46.62945 ], [ 5.4304, 46.62663 ], [ 5.42903, 46.62302 ], [ 5.41866, 46.61615 ], [ 5.41413, 46.61467 ], [ 5.41069, 46.615 ], [ 5.40873, 46.61397 ], [ 5.40619, 46.61472 ], [ 5.40353, 46.61373 ], [ 5.40102, 46.61412 ], [ 5.39859, 46.61279 ] ] } },
{ "type": "Feature", "properties": { "name": "la Vallière", "weight_class": 1, "permanent": true, "length_km": 22.0 }, "geometry": { "type": "LineString", "coordinates": [ [ 5.60774, 46.62342 ], [ 5.60978, 46.6282 ], [ 5.60818, 46.63282 ], [ 5.60589, 46.63338 ], [ 5.60579, 46.63459 ], [ 5.60108, 46.63752 ], [ 5.60209, 46.64648 ], [ 5.60063, 46.65125 ], [ 5.59805, 46.65419 ], [ 5.5965, 46.65441 ], [ 5.5917, 46.65874 ], [ 5.58725, 46.66049 ], [ 5.5797, 46.66623 ], [ 5.57287, 46.66781 ], [ 5.56473, 46.67223 ], [ 5.55205, 46.67282 ], [ 5.54881, 46.67459 ], [ 5.54542, 46.6746 ], [ 5.53947, 46.67635 ], [ 5.53568, 46.67538 ], [ 5.52589, 46.6776 ], [ 5.52107, 46.67594 ], [ 5.51288, 46.67744 ], [ 5.50551, 46.67634 ], [ 5.50287, 46.67492 ], [ 5.50169, 46.67284 ], [ 5.49864, 46.67168 ], [ 5.49919, 46.67002 ], [ 5.49621, 46.66937 ], [ 5.49334, 46.66999 ], [ 5.49365, 46.66866 ], [ 5.49246, 46.6684 ], [ 5.48829, 46.66928 ], [ 5.48758, 46.66743 ], [ 5.48451, 46.66694 ], [ 5.48501, 46.6655 ], [ 5.48351, 46.66418 ], [ 5.47948, 46.6623 ], [ 5.4783, 46.66277 ], [ 5.47292, 46.66138 ], [ 5.47117, 46.6619 ], [ 5.46925, 46.66075 ], [ 5.46786, 46.6617 ], [ 5.46611, 46.66061 ], [ 5.46461, 46.66101 ], [ 5.46403, 46.65946 ], [ 5.46108, 46.65952 ], [ 5.46143, 46.65825 ], [ 5.46021, 46.6574 ], [ 5.45746, 46.65835 ], [ 5.45443, 46.65784 ], [ 5.44929, 46.65387 ], [ 5.44738, 46.65017 ], [ 5.43845, 46.64613 ], [ 5.43852, 46.64519 ], [ 5.43654, 46.64476 ], [ 5.43609, 46.64331 ], [ 5.43492, 46.64313 ], [ 5.43442, 46.64127 ] ] } },
{ "type": "Feature", "properties": { "name": "Rivière Bacot/le Vernois de la Loge", "weight_class": 1, "permanent": true, "length_km": 4.6 }, "geometry": { "type": "MultiLineString", "coordinates": [ [ [ 5.36978, 46.58036 ], [ 5.36218, 46.57744 ] ], [ [ 5.38148, 46.58152 ], [ 5.37909, 46.58042 ], [ 5.3721, 46.58069 ] ], [ [ 5.4149, 46.57869 ], [ 5.4131, 46.58256 ], [ 5.41078, 46.58322 ], [ 5.40779, 46.58312 ], [ 5.40644, 46.58175 ], [ 5.39706, 46.5797 ], [ 5.38965, 46.58008 ], [ 5.38548, 46.5814 ] ] ] } },
{ "type": "Feature", "properties": { "name": "Ruisseau de la Grande Fontaine", "weight_class": 1, "permanent": true, "length_km": 4.3 }, "geometry": { "type": "MultiLineString", "coordinates": [ [ [ 5.3742, 46.58002 ], [ 5.36978, 46.58036 ] ], [ [ 5.41155, 46.56294 ], [ 5.41072, 46.5638 ], [ 5.40609, 46.56402 ], [ 5.40517, 46.56509 ], [ 5.39944, 46.56575 ], [ 5.38938, 46.56899 ], [ 5.38717, 46.57103 ], [ 5.38374, 46.57196 ], [ 5.37875, 46.57524 ], [ 5.37833, 46.57783 ], [ 5.37596, 46.57969 ] ] ] } },
{ "type": "Feature", "properties": { "name": "la Gizia", "weight_class": 1, "permanent": true, "length_km": 6.1 }, "geometry": { "type": "LineString", "coordinates": [ [ 5.42613, 46.52794 ], [ 5.42443, 46.52748 ], [ 5.42296, 46.52828 ], [ 5.41962, 46.52735 ], [ 5.40999, 46.52783 ], [ 5.40095, 46.52955 ], [ 5.39625, 46.52797 ], [ 5.38242, 46.52792 ], [ 5.37998, 46.52545 ], [ 5.37924, 46.52612 ], [ 5.37098, 46.52621 ], [ 5.36479, 46.52518 ], [ 5.35907, 46.52585 ] ] } },
{ "type": "Feature", "properties": { "name": "Ruisseau de la Serenne", "weight_class": 1, "permanent": true, "length_km": 7.0 }, "geometry": { "type": "LineString", "coordinates": [ [ 5.4612, 46.67664 ], [ 5.45808, 46.67744 ], [ 5.45504, 46.68066 ], [ 5.45247, 46.68169 ], [ 5.45309, 46.68844 ], [ 5.45153, 46.68992 ], [ 5.4458, 46.69057 ], [ 5.44276, 46.69005 ], [ 5.44002, 46.69184 ], [ 5.43595, 46.69809 ], [ 5.43655, 46.69865 ], [ 5.43417, 46.69971 ], [ 5.43532, 46.70152 ], [ 5.43162, 46.70776 ], [ 5.42773, 46.71038 ], [ 5.41863, 46.71419 ], [ 5.41337, 46.71283 ] ] } },
{ "type": "Feature", "properties": { "name": "le Dard", "weight_class": 1, "permanent": true, "length_km": 2.1 }, "geometry": { "type": "LineString", "coordinates": [ [ 5.63718, 46.69027 ], [ 5.63895, 46.69019 ], [ 5.63973, 46.69382 ], [ 5.64236, 46.69735 ], [ 5.64176, 46.69922 ], [ 5.64725, 46.7057 ] ] } },
{ "type": "Feature", "properties": { "name": "Ruisseau de Chatrachat", "weight_class": 1, "permanent": false, "length_km": 3.3 }, "geometry": { "type": "LineString", "coordinates": [ [ 5.56283, 46.69484 ], [ 5.56216, 46.69285 ], [ 5.56469, 46.68616 ], [ 5.56321, 46.68527 ], [ 5.56181, 46.68152 ], [ 5.55005, 46.67548 ], [ 5.54454, 46.6751 ] ] } },
{ "type": "Feature", "properties": { "name": "Bief de Conry", "weight_class": 1, "permanent": true, "length_km": 5.4 }, "geometry": { "type": "LineString", "coordinates": [ [ 5.49563, 46.69626 ], [ 5.49319, 46.69675 ], [ 5.48559, 46.69494 ], [ 5.48391, 46.69557 ], [ 5.48042, 46.69384 ], [ 5.47569, 46.69459 ], [ 5.47147, 46.6971 ], [ 5.46976, 46.70038 ], [ 5.46383, 46.70359 ], [ 5.46082, 46.70284 ], [ 5.45902, 46.70062 ], [ 5.45387, 46.6989 ], [ 5.4485, 46.69561 ], [ 5.44752, 46.69136 ], [ 5.4458, 46.69057 ] ] } },
{ "type": "Feature", "properties": { "name": "la Sorne", "weight_class": 1, "permanent": true, "length_km": 14.6 }, "geometry": { "type": "LineString", "coordinates": [ [ 5.57537, 46.62996 ], [ 5.5696, 46.64033 ], [ 5.56658, 46.64142 ], [ 5.56438, 46.64098 ], [ 5.55848, 46.64206 ], [ 5.55742, 46.64378 ], [ 5.55267, 46.64642 ], [ 5.55124, 46.64699 ], [ 5.55009, 46.64641 ], [ 5.54613, 46.64845 ], [ 5.54391, 46.64808 ], [ 5.54335, 46.6493 ], [ 5.53722, 46.64869 ], [ 5.53112, 46.65345 ], [ 5.5289, 46.65307 ], [ 5.52748, 46.65485 ], [ 5.52391, 46.65626 ], [ 5.52169, 46.66071 ], [ 5.51971, 46.66207 ], [ 5.51361, 46.6609 ], [ 5.51257, 46.6614 ], [ 5.50816, 46.65933 ], [ 5.50658, 46.6601 ], [ 5.50499, 46.65976 ], [ 5.50064, 46.65614 ], [ 5.49873, 46.65609 ], [ 5.49635, 46.65361 ], [ 5.49292, 46.65478 ], [ 5.49225, 46.6538 ], [ 5.48934, 46.6536 ], [ 5.48908, 46.65467 ], [ 5.48603, 46.65567 ], [ 5.48607, 46.6569 ], [ 5.48201, 46.65597 ], [ 5.4788, 46.65704 ], [ 5.47401, 46.65618 ], [ 5.46923, 46.6574 ], [ 5.46553, 46.65712 ], [ 5.46094, 46.65445 ], [ 5.45847, 46.65487 ], [ 5.45532, 46.65406 ], [ 5.45136, 46.65479 ], [ 5.44862, 46.65203 ] ] } },
{ "type": "Feature", "properties": { "name": "le Savignard", "weight_class": 1, "permanent": true, "length_km": 4.9 }, "geometry": { "type": "LineString", "coordinates": [ [ 5.54675, 46.60894 ], [ 5.54914, 46.62496 ], [ 5.54676, 46.62907 ], [ 5.54547, 46.63566 ], [ 5.54293, 46.63703 ], [ 5.54162, 46.64168 ], [ 5.54012, 46.64312 ], [ 5.53973, 46.64702 ], [ 5.53732, 46.64866 ] ] } },
{ "type": "Feature", "properties": { "name": "Ruisseau des Zenans", "weight_class": 1, "permanent": true, "length_km": 5.5 }, "geometry": { "type": "LineString", "coordinates": [ [ 5.4943, 46.64195 ], [ 5.49107, 46.64164 ], [ 5.47991, 46.64398 ], [ 5.47438, 46.64307 ], [ 5.47137, 46.63991 ], [ 5.47148, 46.63735 ], [ 5.46843, 46.63551 ], [ 5.46376, 46.62537 ], [ 5.46108, 46.6234 ], [ 5.45623, 46.62192 ], [ 5.45376, 46.61942 ], [ 5.44904, 46.61767 ] ] } },
{ "type": "Feature", "properties": { "name": "Ruisseau de Pré Haut", "weight_class": 1, "permanent": true, "length_km": 4.2 }, "geometry": { "type": "LineString", "coordinates": [ [ 5.49118, 46.62502 ], [ 5.48717, 46.62027 ], [ 5.48043, 46.62009 ], [ 5.47884, 46.61827 ], [ 5.47582, 46.61784 ], [ 5.47443, 46.61629 ], [ 5.47302, 46.61659 ], [ 5.47186, 46.61341 ], [ 5.47287, 46.61279 ], [ 5.47072, 46.60975 ], [ 5.46787, 46.60839 ], [ 5.46808, 46.60697 ], [ 5.46579, 46.60495 ], [ 5.46166, 46.60583 ], [ 5.46031, 46.60511 ] ] } },
{ "type": "Feature", "properties": { "name": "Rivière d'Ésenand", "weight_class": 1, "permanent": true, "length_km": 5.0 }, "geometry": { "type": "LineString", "coordinates": [ [ 5.46884, 46.61907 ], [ 5.46671, 46.61489 ], [ 5.46303, 46.61578 ], [ 5.4603, 46.61872 ], [ 5.45796, 46.61924 ], [ 5.45076, 46.61704 ], [ 5.44706, 46.61825 ], [ 5.44199, 46.61698 ], [ 5.44041, 46.61546 ], [ 5.43721, 46.61511 ], [ 5.4318, 46.616 ], [ 5.42849, 46.61448 ], [ 5.42173, 46.61459 ], [ 5.41934, 46.61369 ], [ 5.4203, 46.61294 ] ] } },
{ "type": "Feature", "properties": { "name": "la Thoreigne", "weight_class": 1, "permanent": true, "length_km": 9.2 }, "geometry": { "type": "LineString", "coordinates": [ [ 5.61877, 46.56097 ], [ 5.61723, 46.55308 ], [ 5.6178, 46.54943 ], [ 5.6158, 46.54643 ], [ 5.61233, 46.54564 ], [ 5.60924, 46.54347 ], [ 5.59962, 46.54301 ], [ 5.58979, 46.53786 ], [ 5.5856, 46.53772 ], [ 5.58344, 46.53656 ], [ 5.57726, 46.5292 ], [ 5.57227, 46.51712 ], [ 5.56989, 46.5163 ], [ 5.57011, 46.51511 ], [ 5.5684, 46.51505 ], [ 5.56685, 46.5172 ], [ 5.56479, 46.5175 ], [ 5.5623, 46.52056 ], [ 5.55568, 46.51544 ] ] } },
{ "type": "Feature", "properties": { "name": "Ruisseau du Cirey", "weight_class": 1, "permanent": false, "length_km": 4.6 }, "geometry": { "type": "MultiLineString", "coordinates": [ [ [ 5.37735, 46.55673 ], [ 5.37459, 46.5612 ], [ 5.36765, 46.56714 ], [ 5.36433, 46.57629 ], [ 5.36218, 46.57744 ] ], [ [ 5.39697, 46.54736 ], [ 5.39124, 46.5503 ], [ 5.38358, 46.55063 ], [ 5.38107, 46.54975 ], [ 5.37932, 46.55348 ] ] ] } },
{ "type": "Feature", "properties": { "name": "Bief du Chanois", "weight_class": 1, "permanent": false, "length_km": 5.0 }, "geometry": { "type": "LineString", "coordinates": [ [ 5.63078, 46.46027 ], [ 5.63161, 46.46549 ], [ 5.6298, 46.46717 ], [ 5.63041, 46.47651 ], [ 5.6293, 46.48177 ], [ 5.62777, 46.48426 ], [ 5.62388, 46.48658 ], [ 5.62662, 46.48958 ], [ 5.62619, 46.49229 ], [ 5.63264, 46.49978 ] ] } },
{ "type": "Feature", "properties": { "name": "la Valouse", "weight_class": 2, "permanent": true, "length_km": 43.2 }, "geometry": { "type": "LineString", "coordinates": [ [ 5.63596, 46.51348 ], [ 5.63234, 46.50841 ], [ 5.62728, 46.50446 ], [ 5.62164, 46.5077 ], [ 5.61552, 46.50881 ], [ 5.60882, 46.50533 ], [ 5.60628, 46.50261 ], [ 5.59547, 46.4994 ], [ 5.59038, 46.49305 ], [ 5.58746, 46.49193 ], [ 5.58667, 46.49034 ], [ 5.58782, 46.48826 ], [ 5.58722, 46.48625 ], [ 5.58992, 46.48406 ], [ 5.58822, 46.47881 ], [ 5.58061, 46.47482 ], [ 5.57627, 46.46865 ], [ 5.57355, 46.46653 ], [ 5.57104, 46.46522 ], [ 5.56889, 46.46535 ], [ 5.56162, 46.46123 ], [ 5.56242, 46.45854 ], [ 5.56122, 46.45827 ], [ 5.56057, 46.45461 ], [ 5.56163, 46.45133 ], [ 5.56487, 46.44839 ], [ 5.57132, 46.44557 ], [ 5.57037, 46.4452 ], [ 5.57028, 46.4425 ], [ 5.56874, 46.44206 ], [ 5.56771, 46.44003 ], [ 5.56894, 46.43922 ], [ 5.56772, 46.43851 ], [ 5.56879, 46.43728 ], [ 5.56784, 46.43526 ], [ 5.56466, 46.43462 ], [ 5.56207, 46.43789 ], [ 5.55744, 46.43826 ], [ 5.55391, 46.43365 ], [ 5.5522, 46.42887 ], [ 5.55277, 46.42547 ], [ 5.54825, 46.42114 ], [ 5.54943, 46.41851 ], [ 5.55327, 46.41513 ], [ 5.55142, 46.41426 ], [ 5.55414, 46.41287 ], [ 5.55449, 46.40914 ], [ 5.55264, 46.40823 ], [ 5.55067, 46.40575 ], [ 5.55114, 46.40485 ], [ 5.54859, 46.40272 ], [ 5.54995, 46.39782 ], [ 5.5487, 46.39597 ], [ 5.54923, 46.3942 ], [ 5.54738, 46.39295 ], [ 5.54437, 46.39304 ], [ 5.54668, 46.38732 ], [ 5.54581, 46.38642 ], [ 5.54325, 46.38628 ], [ 5.54343, 46.38443 ], [ 5.54122, 46.38338 ], [ 5.54228, 46.38048 ], [ 5.53709, 46.37677 ], [ 5.53991, 46.37244 ], [ 5.53701, 46.36651 ], [ 5.53745, 46.36342 ], [ 5.54236, 46.36164 ], [ 5.54113, 46.36028 ], [ 5.5414, 46.35738 ], [ 5.53951, 46.3557 ], [ 5.54082, 46.35216 ], [ 5.54009, 46.34953 ], [ 5.54302, 46.34843 ], [ 5.5438, 46.34666 ], [ 5.54161, 46.3443 ], [ 5.54849, 46.33771 ], [ 5.54464, 46.33341 ], [ 5.54441, 46.33174 ], [ 5.53857, 46.33103 ], [ 5.53574, 46.32726 ], [ 5.54043, 46.32463 ], [ 5.54505, 46.32473 ], [ 5.54613, 46.32284 ], [ 5.54247, 46.31449 ], [ 5.5402, 46.31267 ], [ 5.53559, 46.31136 ], [ 5.53718, 46.30918 ], [ 5.53602, 46.30544 ], [ 5.53283, 46.30271 ], [ 5.53155, 46.29869 ], [ 5.52947, 46.29712 ], [ 5.52865, 46.29234 ], [ 5.5266, 46.29038 ], [ 5.52349, 46.28167 ], [ 5.52079, 46.27818 ], [ 5.52314, 46.27571 ], [ 5.52301, 46.27426 ], [ 5.51913, 46.27103 ], [ 5.51818, 46.27295 ], [ 5.5143, 46.27196 ], [ 5.50882, 46.27377 ], [ 5.50644, 46.26465 ], [ 5.50941, 46.26402 ] ] } },
{ "type": "Feature", "properties": { "name": "Ruisseau de Noëltant", "weight_class": 1, "permanent": true, "length_km": 9.1 }, "geometry": { "type": "LineString", "coordinates": [ [ 5.51445, 46.47744 ], [ 5.51144, 46.47731 ], [ 5.50728, 46.46105 ], [ 5.49983, 46.45172 ], [ 5.49742, 46.4436 ], [ 5.49067, 46.43779 ], [ 5.48717, 46.43696 ], [ 5.48353, 46.43237 ], [ 5.48393, 46.4313 ], [ 5.4802, 46.42438 ], [ 5.47131, 46.42046 ], [ 5.464, 46.42191 ], [ 5.46213, 46.42377 ], [ 5.46044, 46.42401 ] ] } },
{ "type": "Feature", "properties": { "name": "le Valouson", "weight_class": 2, "permanent": true, "length_km": 10.2 }, "geometry": { "type": "LineString", "coordinates": [ [ 5.5517, 46.48682 ], [ 5.55343, 46.48618 ], [ 5.55301, 46.48353 ], [ 5.54951, 46.47846 ], [ 5.54595, 46.47675 ], [ 5.54557, 46.473 ], [ 5.54055, 46.46912 ], [ 5.53864, 46.46634 ], [ 5.5393, 46.46446 ], [ 5.53704, 46.46287 ], [ 5.53463, 46.45498 ], [ 5.53663, 46.44986 ], [ 5.53764, 46.45009 ], [ 5.53718, 46.44852 ], [ 5.53565, 46.44804 ], [ 5.53748, 46.44557 ], [ 5.53533, 46.44221 ], [ 5.53633, 46.44169 ], [ 5.53552, 46.43839 ], [ 5.53902, 46.43762 ], [ 5.53927, 46.43678 ], [ 5.5407, 46.43657 ], [ 5.54115, 46.43727 ], [ 5.54118, 46.43636 ], [ 5.54459, 46.43618 ], [ 5.54374, 46.4349 ], [ 5.54586, 46.43407 ], [ 5.54465, 46.43334 ], [ 5.54577, 46.43087 ], [ 5.54675, 46.42989 ], [ 5.55121, 46.42897 ], [ 5.55279, 46.42693 ] ] } },
{ "type": "Feature", "properties": { "name": "Ruisseau de Veria", "weight_class": 1, "permanent": false, "length_km": 4.7 }, "geometry": { "type": "LineString", "coordinates": [ [ 5.41829, 46.43967 ], [ 5.41849, 46.44078 ], [ 5.42409, 46.44123 ], [ 5.42604, 46.44444 ], [ 5.42901, 46.44615 ], [ 5.43517, 46.44726 ], [ 5.43675, 46.44585 ], [ 5.43995, 46.44896 ], [ 5.4431, 46.45014 ], [ 5.44737, 46.45894 ], [ 5.44705, 46.46134 ], [ 5.44887, 46.46375 ], [ 5.45061, 46.46435 ], [ 5.45095, 46.46582 ] ] } },
{ "type": "Feature", "properties": { "name": "le Valzin", "weight_class": 1, "permanent": true, "length_km": 7.8 }, "geometry": { "type": "LineString", "coordinates": [ [ 5.6146, 46.45569 ], [ 5.606, 46.45673 ], [ 5.60297, 46.45572 ], [ 5.6022, 46.45008 ], [ 5.59403, 46.44083 ], [ 5.58769, 46.43861 ], [ 5.57823, 46.42827 ], [ 5.57436, 46.42674 ], [ 5.57294, 46.42473 ], [ 5.56905, 46.42383 ], [ 5.567, 46.42147 ], [ 5.5492, 46.42218 ] ] } },
{ "type": "Feature", "properties": { "name": "Ruisseau de la Doye", "weight_class": 1, "permanent": false, "length_km": 2.2 }, "geometry": { "type": "LineString", "coordinates": [ [ 5.59012, 46.4535 ], [ 5.58128, 46.45385 ], [ 5.57866, 46.45504 ], [ 5.57433, 46.45305 ], [ 5.57289, 46.45039 ], [ 5.56845, 46.44678 ] ] } },
{ "type": "Feature", "properties": { "name": "Ruisseau du Dard", "weight_class": 2, "permanent": false, "length_km": 4.0 }, "geometry": { "type": "LineString", "coordinates": [ [ 5.48458, 46.45669 ], [ 5.47963, 46.44708 ], [ 5.47582, 46.44521 ], [ 5.47321, 46.44182 ], [ 5.47093, 46.43175 ], [ 5.46839, 46.42962 ], [ 5.46489, 46.43012 ], [ 5.46327, 46.42825 ] ] } },
{ "type": "Feature", "properties": { "name": "Ruisseau Besançon", "weight_class": 1, "permanent": true, "length_km": 10.3 }, "geometry": { "type": "MultiLineString", "coordinates": [ [ [ 5.31751, 46.43616 ], [ 5.31747, 46.43792 ], [ 5.3163, 46.43806 ], [ 5.3169, 46.43918 ], [ 5.31418, 46.44224 ], [ 5.31525, 46.44485 ], [ 5.31031, 46.44867 ], [ 5.30922, 46.45242 ] ], [ [ 5.38727, 46.45647 ], [ 5.37344, 46.45515 ], [ 5.36648, 46.45664 ], [ 5.36453, 46.4556 ], [ 5.36022, 46.45564 ], [ 5.34952, 46.45346 ], [ 5.34263, 46.44495 ], [ 5.33989, 46.44405 ], [ 5.33689, 46.44131 ], [ 5.33689, 46.43842 ], [ 5.33523, 46.43661 ], [ 5.33592, 46.43426 ], [ 5.33387, 46.43034 ], [ 5.33158, 46.42884 ], [ 5.3264, 46.42787 ], [ 5.32181, 46.43004 ] ] ] } },
{ "type": "Feature", "properties": { "name": "la Lantenne/Ruisseau de la Colombe", "weight_class": 1, "permanent": true, "length_km": 8.5 }, "geometry": { "type": "LineString", "coordinates": [ [ 5.62779, 46.40418 ], [ 5.62648, 46.40138 ], [ 5.62091, 46.39963 ], [ 5.61789, 46.3905 ], [ 5.61309, 46.38706 ], [ 5.61053, 46.38705 ], [ 5.60885, 46.38305 ], [ 5.60931, 46.38067 ], [ 5.61537, 46.37711 ], [ 5.61363, 46.36785 ], [ 5.61507, 46.36666 ], [ 5.61489, 46.36251 ], [ 5.61823, 46.3601 ], [ 5.61885, 46.35367 ], [ 5.62089, 46.35298 ], [ 5.63164, 46.35318 ], [ 5.63423, 46.35176 ] ] } },
{ "type": "Feature", "properties": { "name": "Ruisseau de Valcombe", "weight_class": 1, "permanent": true, "length_km": 4.5 }, "geometry": { "type": "LineString", "coordinates": [ [ 5.59484, 46.39648 ], [ 5.59267, 46.39714 ], [ 5.59043, 46.40346 ], [ 5.58705, 46.4063 ], [ 5.58876, 46.40795 ], [ 5.5892, 46.41064 ], [ 5.58677, 46.41379 ], [ 5.5813, 46.41821 ], [ 5.57363, 46.42167 ], [ 5.56843, 46.42051 ], [ 5.56671, 46.4207 ], [ 5.56651, 46.42159 ] ] } },
{ "type": "Feature", "properties": { "name": "le Dard", "weight_class": 1, "permanent": true, "length_km": 4.1 }, "geometry": { "type": "LineString", "coordinates": [ [ 5.51923, 46.40033 ], [ 5.52141, 46.4078 ], [ 5.52418, 46.41187 ], [ 5.53232, 46.41226 ], [ 5.53716, 46.41144 ], [ 5.53941, 46.41417 ], [ 5.53941, 46.41675 ], [ 5.54154, 46.42022 ], [ 5.54509, 46.42077 ], [ 5.54939, 46.41945 ] ] } },
{ "type": "Feature", "properties": { "name": "Ruisseau de la Font Bérée", "weight_class": 1, "permanent": false, "length_km": 2.2 }, "geometry": { "type": "LineString", "coordinates": [ [ 5.50084, 46.41656 ], [ 5.49836, 46.41845 ], [ 5.49287, 46.42619 ], [ 5.4887, 46.42897 ], [ 5.48293, 46.43014 ] ] } },
{ "type": "Feature", "properties": { "name": "le Toisin/Bief de Longeaille", "weight_class": 1, "permanent": false, "length_km": 4.2 }, "geometry": { "type": "LineString", "coordinates": [ [ 5.42625, 46.43285 ], [ 5.4339, 46.42732 ], [ 5.43101, 46.41779 ], [ 5.43175, 46.41369 ], [ 5.43607, 46.409 ], [ 5.43734, 46.404 ], [ 5.44308, 46.40135 ] ] } },
{ "type": "Feature", "properties": { "name": "Bief de Ruilla", "weight_class": 1, "permanent": true, "length_km": 3.3 }, "geometry": { "type": "LineString", "coordinates": [ [ 5.34874, 46.41929 ], [ 5.34661, 46.41868 ], [ 5.3413, 46.41955 ], [ 5.33715, 46.41848 ], [ 5.33151, 46.41948 ], [ 5.32706, 46.4236 ], [ 5.32395, 46.42318 ], [ 5.32147, 46.42512 ], [ 5.32118, 46.42741 ], [ 5.32308, 46.42792 ], [ 5.32181, 46.43004 ] ] } },
{ "type": "Feature", "properties": { "name": "Bief des Colesses", "weight_class": 1, "permanent": true, "length_km": 2.7 }, "geometry": { "type": "LineString", "coordinates": [ [ 5.33786, 46.41274 ], [ 5.33634, 46.41129 ], [ 5.32525, 46.41165 ], [ 5.32169, 46.41403 ], [ 5.31496, 46.41601 ], [ 5.30746, 46.41475 ] ] } },
{ "type": "Feature", "properties": { "name": "Bief Turin/Bief de Fougemagne", "weight_class": 1, "permanent": true, "length_km": 3.7 }, "geometry": { "type": "LineString", "coordinates": [ [ 5.32588, 46.40216 ], [ 5.32237, 46.40344 ], [ 5.31506, 46.40953 ], [ 5.31152, 46.41055 ], [ 5.30746, 46.41475 ], [ 5.30359, 46.41599 ], [ 5.30137, 46.41946 ], [ 5.29899, 46.42056 ], [ 5.29584, 46.4242 ], [ 5.29426, 46.42453 ] ] } },
{ "type": "Feature", "properties": { "name": "le Ponson", "weight_class": 1, "permanent": true, "length_km": 5.4 }, "geometry": { "type": "LineString", "coordinates": [ [ 5.4903, 46.3914 ], [ 5.49196, 46.39486 ], [ 5.4906, 46.39824 ], [ 5.49119, 46.40193 ], [ 5.48619, 46.4032 ], [ 5.48422, 46.40755 ], [ 5.48144, 46.41002 ], [ 5.47477, 46.40856 ], [ 5.47145, 46.40544 ], [ 5.46307, 46.40369 ], [ 5.46027, 46.40428 ], [ 5.45509, 46.40211 ], [ 5.4533, 46.40275 ], [ 5.45099, 46.40226 ] ] } },
{ "type": "Feature", "properties": { "name": "Ruisseau de Boccarnoz", "weight_class": 1, "permanent": true, "length_km": 2.1 }, "geometry": { "type": "LineString", "coordinates": [ [ 5.34604, 46.40099 ], [ 5.3418, 46.40297 ], [ 5.33591, 46.40249 ], [ 5.33311, 46.39977 ], [ 5.33236, 46.39783 ], [ 5.3334, 46.39755 ], [ 5.33153, 46.39544 ] ] } },
{ "type": "Feature", "properties": { "name": "Ruisseau de Combey", "weight_class": 2, "permanent": false, "length_km": 2.5 }, "geometry": { "type": "LineString", "coordinates": [ [ 5.56635, 46.36933 ], [ 5.5618, 46.37199 ], [ 5.55903, 46.37174 ], [ 5.5537, 46.3735 ], [ 5.55155, 46.37669 ], [ 5.54193, 46.38029 ] ] } },
{ "type": "Feature", "properties": { "name": "Ruisseau de la Balme", "weight_class": 2, "permanent": true, "length_km": 3.0 }, "geometry": { "type": "LineString", "coordinates": [ [ 5.51105, 46.37894 ], [ 5.51268, 46.37423 ], [ 5.51636, 46.37014 ], [ 5.52446, 46.36948 ], [ 5.52857, 46.37075 ], [ 5.53004, 46.37 ], [ 5.53481, 46.3699 ], [ 5.53839, 46.36845 ] ] } },
{ "type": "Feature", "properties": { "name": "la Doye", "weight_class": 1, "permanent": true, "length_km": 7.1 }, "geometry": { "type": "LineString", "coordinates": [ [ 5.48828, 46.37328 ], [ 5.48458, 46.37061 ], [ 5.48204, 46.37106 ], [ 5.47906, 46.37029 ], [ 5.47695, 46.37143 ], [ 5.47483, 46.37127 ], [ 5.47113, 46.36576 ], [ 5.47005, 46.3611 ], [ 5.46481, 46.35814 ], [ 5.46307, 46.35841 ], [ 5.45973, 46.35709 ], [ 5.45399, 46.35189 ], [ 5.4514, 46.35139 ], [ 5.45266, 46.34958 ], [ 5.45154, 46.34711 ], [ 5.44764, 46.34516 ], [ 5.44839, 46.34331 ], [ 5.44635, 46.34073 ], [ 5.44121, 46.33746 ], [ 5.43825, 46.33719 ] ] } },
{ "type": "Feature", "properties": { "name": "Ruisseau des Îles", "weight_class": 1, "permanent": false, "length_km": 2.4 }, "geometry": { "type": "LineString", "coordinates": [ [ 5.5104, 46.35199 ], [ 5.5077, 46.35396 ], [ 5.50814, 46.35825 ], [ 5.5139, 46.36998 ], [ 5.51636, 46.37014 ] ] } },
{ "type": "Feature", "properties": { "name": "l'Ancheronne", "weight_class": 2, "permanent": true, "length_km": 3.1 }, "geometry": { "type": "LineString", "coordinates": [ [ 5.57948, 46.32813 ], [ 5.56747, 46.32843 ], [ 5.55285, 46.32691 ], [ 5.55001, 46.32812 ], [ 5.54683, 46.33152 ], [ 5.54424, 46.33163 ] ] } },
{ "type": "Feature", "properties": { "name": "le Sancon", "weight_class": 1, "permanent": true, "length_km": 7.6 }, "geometry": { "type": "LineString", "coordinates": [ [ 5.50263, 46.32001 ], [ 5.50402, 46.32109 ], [ 5.50689, 46.32084 ], [ 5.5082, 46.32566 ], [ 5.51162, 46.32529 ], [ 5.51292, 46.31395 ], [ 5.51194, 46.31018 ], [ 5.51238, 46.30328 ], [ 5.51353, 46.30038 ], [ 5.51139, 46.29474 ], [ 5.51056, 46.28351 ], [ 5.51361, 46.27746 ], [ 5.51398, 46.27354 ], [ 5.51284, 46.27231 ] ] } },
{ "type": "Feature", "properties": { "name": "Ruisseau de la Crave", "weight_class": 1, "permanent": true, "length_km": 2.2 }, "geometry": { "type": "LineString", "coordinates": [ [ 5.54709, 46.28642 ], [ 5.54525, 46.2857 ], [ 5.53972, 46.27885 ], [ 5.53878, 46.2723 ], [ 5.5426, 46.27033 ] ] } },
{ "type": "Feature", "properties": { "name": "Ruisseau du Moularot", "weight_class": 1, "permanent": true, "length_km": 2.6 }, "geometry": { "type": "LineString", "coordinates": [ [ 5.46752, 46.27166 ], [ 5.46854, 46.2753 ], [ 5.47139, 46.2789 ], [ 5.47066, 46.28307 ], [ 5.47869, 46.28481 ], [ 5.47974, 46.28194 ], [ 5.48173, 46.28162 ] ] } },
{ "type": "Feature", "properties": { "name": "la Balme", "weight_class": 1, "permanent": false, "length_km": 3.4 }, "geometry": { "type": "LineString", "coordinates": [ [ 5.41453, 46.37893 ], [ 5.41293, 46.37759 ], [ 5.41205, 46.37308 ], [ 5.40991, 46.37094 ], [ 5.4108, 46.36184 ], [ 5.40626, 46.35578 ], [ 5.40582, 46.35352 ], [ 5.40345, 46.3521 ] ] } },
{ "type": "Feature", "properties": { "name": "Ruisseau de Bourney/Ruisseau de Tarcia", "weight_class": 1, "permanent": false, "length_km": 7.2 }, "geometry": { "type": "MultiLineString", "coordinates": [ [ [ 5.40468, 46.38628 ], [ 5.40263, 46.38534 ], [ 5.40069, 46.3813 ], [ 5.40082, 46.37055 ], [ 5.39678, 46.363 ], [ 5.39394, 46.35405 ], [ 5.39583, 46.35251 ], [ 5.40229, 46.35266 ], [ 5.40499, 46.35034 ], [ 5.41316, 46.34837 ], [ 5.41768, 46.34369 ] ], [ [ 5.42819, 46.33574 ], [ 5.4305, 46.33672 ], [ 5.43411, 46.33643 ], [ 5.43577, 46.33744 ], [ 5.43732, 46.33678 ] ] ] } },
{ "type": "Feature", "properties": { "name": "Ruisseau de Dancia", "weight_class": 1, "permanent": false, "length_km": 4.0 }, "geometry": { "type": "LineString", "coordinates": [ [ 5.40566, 46.31238 ], [ 5.40829, 46.31788 ], [ 5.40956, 46.32989 ], [ 5.41232, 46.33512 ], [ 5.41102, 46.33576 ], [ 5.41207, 46.34225 ], [ 5.41334, 46.34451 ], [ 5.41628, 46.3459 ] ] } },
{ "type": "Feature", "properties": { "name": "le Suran", "weight_class": 1, "permanent": true, "length_km": 26.1 }, "geometry": { "type": "LineString", "coordinates": [ [ 5.46266, 46.4889 ], [ 5.46645, 46.48646 ], [ 5.46457, 46.48328 ], [ 5.46096, 46.48148 ], [ 5.46072, 46.47599 ], [ 5.45851, 46.47382 ], [ 5.45725, 46.47018 ], [ 5.45826, 46.4662 ], [ 5.45758, 46.46278 ], [ 5.45963, 46.46149 ], [ 5.46027, 46.45751 ], [ 5.45743, 46.45144 ], [ 5.45304, 46.44856 ], [ 5.45227, 46.44699 ], [ 5.45325, 46.44493 ], [ 5.45238, 46.44346 ], [ 5.45374, 46.4413 ], [ 5.4558, 46.44086 ], [ 5.45806, 46.43681 ], [ 5.46138, 46.4338 ], [ 5.46085, 46.43093 ], [ 5.46327, 46.42825 ], [ 5.46038, 46.42634 ], [ 5.46048, 46.42405 ], [ 5.45566, 46.42044 ], [ 5.45644, 46.41435 ], [ 5.4521, 46.40904 ], [ 5.45405, 46.40377 ], [ 5.44829, 46.40119 ], [ 5.45006, 46.39921 ], [ 5.44965, 46.39658 ], [ 5.45106, 46.39584 ], [ 5.45091, 46.39449 ], [ 5.44709, 46.39407 ], [ 5.44733, 46.39146 ], [ 5.44554, 46.39129 ], [ 5.44177, 46.38859 ], [ 5.43937, 46.38559 ], [ 5.44024, 46.38492 ], [ 5.43826, 46.38418 ], [ 5.43957, 46.38222 ], [ 5.43609, 46.38077 ], [ 5.43723, 46.37827 ], [ 5.43271, 46.37675 ], [ 5.4327, 46.37526 ], [ 5.43128, 46.37569 ], [ 5.43088, 46.37393 ], [ 5.43316, 46.37331 ], [ 5.43498, 46.36995 ], [ 5.43315, 46.36889 ], [ 5.43162, 46.36504 ], [ 5.43023, 46.36501 ], [ 5.43042, 46.36421 ], [ 5.4274, 46.36262 ], [ 5.43001, 46.35792 ], [ 5.43233, 46.35758 ], [ 5.43399, 46.3501 ], [ 5.43561, 46.34987 ], [ 5.43676, 46.35159 ], [ 5.43802, 46.35087 ], [ 5.4357, 46.34576 ], [ 5.43866, 46.34147 ], [ 5.43852, 46.33806 ], [ 5.43725, 46.3364 ], [ 5.43986, 46.33468 ], [ 5.43969, 46.33279 ], [ 5.44223, 46.33286 ], [ 5.44221, 46.33062 ], [ 5.44618, 46.33046 ], [ 5.4466, 46.32463 ], [ 5.44534, 46.32365 ], [ 5.44529, 46.32103 ], [ 5.44712, 46.31865 ], [ 5.44624, 46.31731 ] ] } },
{ "type": "Feature", "properties": { "name": "l'Ain", "weight_class": 3, "permanent": true, "length_km": 112.5 }, "geometry": { "type": "MultiLineString", "coordinates": [ [ [ 5.5409, 46.2695 ], [ 5.52723, 46.26717 ], [ 5.52135, 46.26449 ], [ 5.51242, 46.26472 ], [ 5.5104, 46.26378 ] ], [ [ 5.58459, 46.29286 ], [ 5.57768, 46.29453 ], [ 5.57492, 46.29281 ], [ 5.56535, 46.29384 ], [ 5.55969, 46.28397 ], [ 5.55003, 46.27753 ], [ 5.5426, 46.27033 ] ], [ [ 5.59741, 46.29757 ], [ 5.5919, 46.29382 ] ], [ [ 6.02299, 46.75001 ], [ 6.01524, 46.75885 ], [ 6.01326, 46.75879 ], [ 6.01119, 46.75672 ], [ 5.99652, 46.75761 ], [ 5.99571, 46.753 ], [ 5.99668, 46.75147 ], [ 5.99327, 46.74784 ], [ 5.99518, 46.74451 ], [ 5.98924, 46.74299 ], [ 5.98872, 46.74168 ], [ 5.99098, 46.74162 ], [ 5.99034, 46.74007 ], [ 5.98462, 46.73783 ], [ 5.98113, 46.73506 ], [ 5.97575, 46.73477 ], [ 5.972, 46.7323 ], [ 5.96695, 46.73175 ], [ 5.96237, 46.72347 ], [ 5.95678, 46.72454 ], [ 5.95399, 46.72247 ], [ 5.95112, 46.72193 ], [ 5.9493, 46.71925 ], [ 5.94935, 46.713 ], [ 5.94412, 46.70934 ], [ 5.94309, 46.70652 ], [ 5.93987, 46.70915 ], [ 5.93898, 46.71281 ], [ 5.93082, 46.71945 ], [ 5.92955, 46.72157 ], [ 5.92712, 46.72202 ], [ 5.92448, 46.72427 ], [ 5.91873, 46.72572 ], [ 5.91806, 46.72882 ], [ 5.91336, 46.73241 ], [ 5.91428, 46.73623 ], [ 5.91075, 46.74218 ], [ 5.90832, 46.74394 ], [ 5.90637, 46.74068 ], [ 5.89384, 46.74234 ], [ 5.89541, 46.74535 ], [ 5.89372, 46.74846 ], [ 5.88386, 46.7471 ], [ 5.8806, 46.74812 ], [ 5.88192, 46.74565 ], [ 5.88126, 46.74488 ], [ 5.87748, 46.74453 ], [ 5.86537, 46.74012 ], [ 5.86223, 46.74006 ], [ 5.86013, 46.73846 ], [ 5.8561, 46.73882 ], [ 5.85452, 46.73504 ], [ 5.85013, 46.73432 ], [ 5.84853, 46.73292 ], [ 5.84243, 46.73139 ], [ 5.83438, 46.73295 ], [ 5.83575, 46.73645 ], [ 5.83829, 46.73876 ], [ 5.83583, 46.74043 ], [ 5.8321, 46.73998 ], [ 5.82932, 46.73812 ], [ 5.82593, 46.7373 ], [ 5.81778, 46.73964 ], [ 5.81395, 46.74461 ], [ 5.80624, 46.74267 ], [ 5.80043, 46.73962 ], [ 5.7943, 46.74154 ], [ 5.79264, 46.7411 ], [ 5.7924, 46.73771 ], [ 5.78661, 46.73271 ], [ 5.78329, 46.72664 ], [ 5.78287, 46.71539 ], [ 5.78045, 46.71414 ], [ 5.776, 46.71695 ], [ 5.77413, 46.71657 ], [ 5.76925, 46.70642 ], [ 5.76345, 46.69963 ], [ 5.76517, 46.69704 ], [ 5.76396, 46.69276 ], [ 5.76944, 46.68973 ], [ 5.76946, 46.6862 ], [ 5.7617, 46.68641 ], [ 5.75658, 46.68344 ], [ 5.75405, 46.67991 ], [ 5.74469, 46.67847 ], [ 5.74163, 46.67668 ], [ 5.74108, 46.67461 ], [ 5.74584, 46.66426 ], [ 5.75164, 46.66109 ], [ 5.73365, 46.64949 ], [ 5.72829, 46.64863 ], [ 5.72264, 46.65117 ], [ 5.72077, 46.64994 ], [ 5.72073, 46.64828 ], [ 5.72511, 46.64698 ], [ 5.73154, 46.64265 ], [ 5.73239, 46.64106 ], [ 5.72589, 46.63885 ], [ 5.72401, 46.63673 ], [ 5.72005, 46.63687 ], [ 5.72024, 46.63223 ], [ 5.71577, 46.62794 ], [ 5.71239, 46.62234 ], [ 5.70802, 46.61966 ], [ 5.70491, 46.61438 ], [ 5.70829, 46.61077 ], [ 5.70641, 46.60529 ], [ 5.70339, 46.60305 ], [ 5.6963, 46.60241 ], [ 5.69959, 46.59668 ], [ 5.69527, 46.59429 ], [ 5.69482, 46.59277 ], [ 5.69805, 46.58918 ], [ 5.69797, 46.5869 ], [ 5.70055, 46.58502 ], [ 5.70241, 46.58127 ], [ 5.7016, 46.57733 ], [ 5.70372, 46.573 ], [ 5.70176, 46.56946 ], [ 5.70353, 46.56736 ], [ 5.71066, 46.56542 ], [ 5.71011, 46.55977 ], [ 5.70524, 46.5586 ], [ 5.7007, 46.55902 ], [ 5.69107, 46.55541 ], [ 5.69044, 46.55453 ], [ 5.69255, 46.55168 ], [ 5.69184, 46.55073 ], [ 5.68175, 46.55065 ], [ 5.68016, 46.54748 ], [ 5.6813, 46.54414 ], [ 5.67676, 46.54043 ], [ 5.67774, 46.53638 ], [ 5.68277, 46.52989 ], [ 5.68552, 46.52913 ], [ 5.69261, 46.52977 ], [ 5.69948, 46.52559 ], [ 5.70141, 46.52315 ], [ 5.69918, 46.52099 ], [ 5.69371, 46.52167 ], [ 5.68151, 46.52021 ], [ 5.67862, 46.5206 ], [ 5.67508, 46.51735 ], [ 5.67382, 46.51315 ], [ 5.67025, 46.51077 ], [ 5.67353, 46.50811 ], [ 5.68011, 46.51034 ], [ 5.68499, 46.5092 ], [ 5.68641, 46.50758 ], [ 5.68648, 46.5035 ], [ 5.67687, 46.50136 ], [ 5.67482, 46.49915 ], [ 5.67568, 46.49626 ], [ 5.68289, 46.49319 ], [ 5.68614, 46.48711 ], [ 5.68546, 46.48593 ], [ 5.67717, 46.48316 ], [ 5.67405, 46.47846 ], [ 5.67417, 46.4675 ], [ 5.67547, 46.46611 ], [ 5.67902, 46.46504 ], [ 5.68312, 46.45909 ], [ 5.68656, 46.45957 ], [ 5.69631, 46.45713 ], [ 5.69836, 46.45178 ], [ 5.69766, 46.44614 ], [ 5.69995, 46.44106 ], [ 5.69558, 46.4385 ], [ 5.68793, 46.43655 ], [ 5.6867, 46.4328 ], [ 5.67863, 46.42834 ], [ 5.68111, 46.42469 ], [ 5.67892, 46.42315 ], [ 5.67325, 46.42265 ], [ 5.66309, 46.41875 ], [ 5.6563, 46.41887 ], [ 5.65704, 46.41594 ], [ 5.66286, 46.41291 ], [ 5.67656, 46.41328 ], [ 5.67682, 46.41243 ], [ 5.6714, 46.40679 ], [ 5.67153, 46.40137 ], [ 5.6665, 46.3986 ], [ 5.65906, 46.39109 ], [ 5.65156, 46.38813 ], [ 5.65014, 46.38475 ], [ 5.64599, 46.3813 ], [ 5.64593, 46.3798 ], [ 5.64805, 46.37868 ], [ 5.64792, 46.37707 ], [ 5.64368, 46.37403 ], [ 5.64355, 46.37211 ], [ 5.6418, 46.37033 ], [ 5.64241, 46.36774 ], [ 5.63898, 46.36504 ], [ 5.63781, 46.35804 ], [ 5.63573, 46.35551 ], [ 5.63546, 46.35303 ], [ 5.6315, 46.34802 ], [ 5.63086, 46.34414 ], [ 5.6272, 46.34129 ], [ 5.62751, 46.33953 ], [ 5.63096, 46.33601 ], [ 5.63072, 46.33346 ], [ 5.61821, 46.32912 ], [ 5.60918, 46.32084 ], [ 5.60532, 46.31578 ], [ 5.60759, 46.31168 ], [ 5.60337, 46.30846 ], [ 5.59897, 46.29998 ] ] ] } },
{ "type": "Feature", "properties": { "name": "la Biennette", "weight_class": 1, "permanent": true, "length_km": 4.8 }, "geometry": { "type": "LineString", "coordinates": [ [ 6.00403, 46.45762 ], [ 6.00924, 46.46146 ], [ 6.00853, 46.46351 ], [ 6.01031, 46.46484 ], [ 6.01357, 46.47123 ], [ 6.02098, 46.47519 ], [ 6.02142, 46.47717 ], [ 6.01942, 46.47974 ], [ 6.02154, 46.48121 ], [ 6.02044, 46.48428 ], [ 6.02615, 46.48622 ], [ 6.0284, 46.48842 ] ] } },
{ "type": "Feature", "properties": { "name": "Raie des Moutelles", "weight_class": 2, "permanent": true, "length_km": 2.1 }, "geometry": { "type": "LineString", "coordinates": [ [ 5.47883, 47.07105 ], [ 5.48183, 47.07057 ], [ 5.479, 47.06742 ], [ 5.47946, 47.06379 ], [ 5.48261, 47.06086 ], [ 5.48298, 47.05743 ], [ 5.48208, 47.05658 ] ] } },
{ "type": "Feature", "properties": { "name": "Ruisseau des Moines", "weight_class": 1, "permanent": false, "length_km": 3.8 }, "geometry": { "type": "LineString", "coordinates": [ [ 5.3561, 47.06378 ], [ 5.35313, 47.06124 ], [ 5.34657, 47.0618 ], [ 5.34444, 47.06171 ], [ 5.34289, 47.06059 ], [ 5.33964, 47.06088 ], [ 5.3313, 47.06328 ], [ 5.32998, 47.06488 ], [ 5.32398, 47.066 ], [ 5.32409, 47.06768 ], [ 5.3227, 47.06879 ], [ 5.32363, 47.07148 ], [ 5.32272, 47.07324 ] ] } },
{ "type": "Feature", "properties": { "name": "Canal du Moulin", "weight_class": 1, "permanent": true, "length_km": 2.7 }, "geometry": { "type": "LineString", "coordinates": [ [ 5.58484, 47.04855 ], [ 5.58431, 47.04718 ], [ 5.58246, 47.04611 ], [ 5.57979, 47.0461 ], [ 5.57783, 47.04401 ], [ 5.57594, 47.04461 ], [ 5.5681, 47.04258 ], [ 5.56428, 47.04293 ], [ 5.55657, 47.04157 ] ] } },
{ "type": "Feature", "properties": { "name": "l'Orpe", "weight_class": 1, "permanent": true, "length_km": 3.2 }, "geometry": { "type": "LineString", "coordinates": [ [ 5.56305, 47.02135 ], [ 5.54335, 47.02711 ], [ 5.52541, 47.03424 ] ] } },
{ "type": "Feature", "properties": { "name": "le Gouvenon", "weight_class": 1, "permanent": true, "length_km": 2.0 }, "geometry": { "type": "LineString", "coordinates": [ [ 5.52149, 47.04941 ], [ 5.51961, 47.04547 ], [ 5.51673, 47.0431 ], [ 5.51309, 47.04159 ], [ 5.50878, 47.04187 ], [ 5.50474, 47.03877 ] ] } },
{ "type": "Feature", "properties": { "name": "Canal d'Amenée du Moulin de Parcey", "weight_class": 3, "permanent": true, "length_km": 2.4 }, "geometry": { "type": "LineString", "coordinates": [ [ 5.51896, 47.01688 ], [ 5.51293, 47.01687 ], [ 5.50041, 47.01944 ], [ 5.49539, 47.01689 ], [ 5.48996, 47.01712 ] ] } },
{ "type": "Feature", "properties": { "name": "Bras de la Loue", "weight_class": 3, "permanent": true, "length_km": 4.6 }, "geometry": { "type": "LineString", "coordinates": [ [ 5.48987, 47.01398 ], [ 5.48502, 47.01552 ], [ 5.48012, 47.01947 ], [ 5.477, 47.01933 ], [ 5.47464, 47.0179 ], [ 5.46936, 47.01923 ], [ 5.46756, 47.02188 ], [ 5.45627, 47.02071 ], [ 5.45504, 47.02171 ], [ 5.45609, 47.02352 ], [ 5.45378, 47.0243 ], [ 5.45297, 47.02167 ], [ 5.4513, 47.02256 ], [ 5.44857, 47.02215 ] ] } },
{ "type": "Feature", "properties": { "name": "Ruisseau de la Fin d'Aval", "weight_class": 1, "permanent": false, "length_km": 2.3 }, "geometry": { "type": "LineString", "coordinates": [ [ 5.62316, 46.98382 ], [ 5.61989, 46.98939 ], [ 5.60911, 46.99213 ], [ 5.60258, 46.99666 ] ] } },
{ "type": "Feature", "properties": { "name": "Canal du Moulin", "weight_class": 1, "permanent": true, "length_km": 3.7 }, "geometry": { "type": "MultiLineString", "coordinates": [ [ [ 5.44833, 46.98849 ], [ 5.4444, 46.98919 ] ], [ [ 5.45515, 46.98648 ], [ 5.45297, 46.98847 ], [ 5.4506, 46.98911 ], [ 5.44833, 46.98849 ] ], [ [ 5.45515, 46.98648 ], [ 5.45412, 46.98592 ], [ 5.45213, 46.98712 ], [ 5.45052, 46.98666 ], [ 5.44833, 46.98849 ] ], [ [ 5.4638, 46.97828 ], [ 5.46445, 46.9805 ], [ 5.46225, 46.98202 ], [ 5.4618, 46.98368 ], [ 5.45515, 46.98648 ] ] ] } },
{ "type": "Feature", "properties": { "name": "Canal de Grandvaux", "weight_class": 1, "permanent": false, "length_km": 2.2 }, "geometry": { "type": "MultiLineString", "coordinates": [ [ [ 5.40151, 46.97885 ], [ 5.39572, 46.97316 ], [ 5.39731, 46.9723 ], [ 5.39608, 46.97035 ] ], [ [ 5.40172, 46.97944 ], [ 5.40151, 46.97885 ] ], [ [ 5.40172, 46.97944 ], [ 5.40127, 46.97922 ], [ 5.40151, 46.97885 ] ], [ [ 5.40341, 46.98244 ], [ 5.39909, 46.98104 ], [ 5.39942, 46.97973 ], [ 5.40087, 46.98039 ], [ 5.40172, 46.97944 ] ] ] } },
{ "type": "Feature", "properties": { "name": "la Petite Sablonne", "weight_class": 1, "permanent": true, "length_km": 11.4 }, "geometry": { "type": "LineString", "coordinates": [ [ 5.35514, 47.02264 ], [ 5.35665, 47.02077 ], [ 5.36496, 47.01809 ], [ 5.37025, 47.01746 ], [ 5.37892, 47.01274 ], [ 5.36939, 47.00603 ], [ 5.36491, 47.00587 ], [ 5.35885, 47.00193 ], [ 5.35477, 47.00307 ], [ 5.34268, 46.99578 ], [ 5.3393, 46.9963 ], [ 5.33653, 46.99514 ], [ 5.33402, 46.99599 ], [ 5.32836, 46.99496 ], [ 5.32373, 46.99591 ], [ 5.31949, 46.99412 ], [ 5.31358, 46.99475 ], [ 5.30973, 46.99419 ], [ 5.30913, 46.99328 ], [ 5.30607, 46.99468 ], [ 5.30252, 46.9938 ], [ 5.29692, 46.99842 ], [ 5.29235, 46.99824 ], [ 5.28926, 46.99967 ], [ 5.28216, 46.99817 ], [ 5.28117, 46.99907 ] ] } },
{ "type": "Feature", "properties": { "name": "Canal du Moulin", "weight_class": 1, "permanent": true, "length_km": 9.8 }, "geometry": { "type": "MultiLineString", "coordinates": [ [ [ 5.40593, 46.96387 ], [ 5.40517, 46.96207 ], [ 5.40098, 46.96037 ], [ 5.40002, 46.95737 ], [ 5.39469, 46.95588 ], [ 5.39586, 46.95239 ], [ 5.39422, 46.95054 ], [ 5.38276, 46.94888 ], [ 5.38016, 46.9509 ], [ 5.37646, 46.95151 ] ], [ [ 5.41008, 46.96676 ], [ 5.40593, 46.96387 ] ], [ [ 5.41346, 46.96803 ], [ 5.41329, 46.9687 ], [ 5.40906, 46.9681 ], [ 5.40552, 46.96887 ], [ 5.40367, 46.96757 ], [ 5.40593, 46.96387 ] ], [ [ 5.41062, 46.96681 ], [ 5.41008, 46.96676 ] ], [ [ 5.41062, 46.96681 ], [ 5.41024, 46.96699 ], [ 5.41008, 46.96676 ] ], [ [ 5.41346, 46.96803 ], [ 5.41358, 46.96668 ], [ 5.41062, 46.96681 ] ], [ [ 5.43522, 46.98997 ], [ 5.43221, 46.9897 ], [ 5.43149, 46.98639 ], [ 5.42767, 46.98074 ], [ 5.42536, 46.9798 ], [ 5.42414, 46.9802 ], [ 5.42297, 46.9789 ], [ 5.42372, 46.97481 ], [ 5.42248, 46.97227 ], [ 5.4173, 46.96852 ], [ 5.41346, 46.96803 ] ] ] } },
{ "type": "Feature", "properties": { "name": "le Grand Fossé", "weight_class": 1, "permanent": true, "length_km": 3.5 }, "geometry": { "type": "MultiLineString", "coordinates": [ [ [ 5.4374, 46.85968 ], [ 5.43352, 46.86089 ] ], [ [ 5.44972, 46.85779 ], [ 5.44745, 46.85906 ], [ 5.44413, 46.85923 ] ], [ [ 5.48183, 46.85111 ], [ 5.46565, 46.85329 ], [ 5.45316, 46.85735 ], [ 5.45242, 46.85664 ] ] ] } },
{ "type": "Feature", "properties": { "name": "la Dérobe", "weight_class": 1, "permanent": true, "length_km": 5.6 }, "geometry": { "type": "LineString", "coordinates": [ [ 5.46464, 46.6563 ], [ 5.46444, 46.65475 ], [ 5.46235, 46.65322 ], [ 5.46003, 46.65221 ], [ 5.45923, 46.65275 ], [ 5.45695, 46.65019 ], [ 5.45635, 46.65088 ], [ 5.45488, 46.65022 ], [ 5.45417, 46.64865 ], [ 5.45156, 46.64831 ], [ 5.4475, 46.64434 ], [ 5.44578, 46.64404 ], [ 5.4461, 46.64162 ], [ 5.4362, 46.63569 ], [ 5.4301, 46.62861 ], [ 5.42414, 46.62873 ] ] } },
{ "type": "Feature", "properties": { "name": "Ruisseau de la Teinte", "weight_class": 1, "permanent": false, "length_km": 2.5 }, "geometry": { "type": "LineString", "coordinates": [ [ 5.71947, 46.35148 ], [ 5.71802, 46.35611 ], [ 5.72236, 46.3637 ], [ 5.72146, 46.36477 ], [ 5.71855, 46.36487 ], [ 5.7157, 46.36701 ], [ 5.7119, 46.36711 ] ] } },
{ "type": "Feature", "properties": { "name": "Bief des Affûts", "weight_class": 1, "permanent": false, "length_km": 2.2 }, "geometry": { "type": "LineString", "coordinates": [ [ 5.3885, 46.7651 ], [ 5.37715, 46.75547 ], [ 5.37302, 46.75411 ], [ 5.36996, 46.75174 ] ] } }
]
}
