{
"type": "FeatureCollection",
"name": "dep43_overview.geojson",
"crs": { "type": "name", "properties": { "name": "urn:ogc:def:crs:OGC:1.3:CRS84" } },
"xy_coordinate_resolution": 1e-05,
"features": [
{ "type": "Feature", "properties": { "name": "Ruisseau de la Frachette", "weight_class": 1, "permanent": false, "length_km": 3.3 }, "geometry": { "type": "LineString", "coordinates": [ [ 4.4552, 45.16751 ], [ 4.44365, 45.16837 ], [ 4.44037, 45.1667 ], [ 4.42946, 45.16736 ], [ 4.42779, 45.16619 ], [ 4.41654, 45.16535 ] ] } },
{ "type": "Feature", "properties": { "name": "Aqueduc des Eaux du Lignon", "weight_class": 1, "permanent": true, "length_km": 42.9 }, "geometry": { "type": "MultiLineString", "coordinates": [ [ [ 4.17916, 45.16735 ], [ 4.17082, 45.17296 ], [ 4.17182, 45.17457 ], [ 4.17161, 45.17676 ], [ 4.17044, 45.17747 ], [ 4.17361, 45.18803 ], [ 4.17243, 45.19305 ], [ 4.17302, 45.19407 ], [ 4.17534, 45.19359 ], [ 4.17242, 45.19671 ], [ 4.18471, 45.20495 ], [ 4.18631, 45.20796 ], [ 4.18995, 45.2096 ], [ 4.18934, 45.21308 ], [ 4.18745, 45.21503 ], [ 4.18815, 45.22949 ], [ 4.19369, 45.25318 ], [ 4.19145, 45.25591 ], [ 4.19298, 45.25721 ], [ 4.18991, 45.25865 ], [ 4.1879, 45.26132 ], [ 4.18903, 45.2633 ], [ 4.19132, 45.26347 ], [ 4.1912, 45.26509 ], [ 4.18904, 45.26684 ], [ 4.18612, 45.26668 ], [ 4.18444, 45.26994 ], [ 4.18596, 45.27131 ], [ 4.18044, 45.27523 ], [ 4.17797, 45.27874 ], [ 4.1827, 45.27877 ], [ 4.18515, 45.28243 ], [ 4.1917, 45.28139 ], [ 4.19171, 45.28257 ], [ 4.18909, 45.28396 ], [ 4.18933, 45.28741 ], [ 4.19409, 45.28896 ], [ 4.19716, 45.28849 ], [ 4.1956, 45.29093 ], [ 4.19665, 45.29312 ], [ 4.19497, 45.2941 ], [ 4.18886, 45.29445 ], [ 4.18847, 45.29715 ], [ 4.18939, 45.30061 ], [ 4.19327, 45.3018 ], [ 4.19383, 45.30657 ], [ 4.19725, 45.31008 ], [ 4.19739, 45.31822 ], [ 4.19935, 45.3193 ], [ 4.20372, 45.31662 ], [ 4.20523, 45.31812 ], [ 4.20741, 45.31813 ], [ 4.21046, 45.31989 ], [ 4.20201, 45.32626 ], [ 4.2032, 45.328 ], [ 4.20632, 45.32746 ], [ 4.20601, 45.33054 ], [ 4.20822, 45.33107 ], [ 4.20542, 45.33301 ], [ 4.20513, 45.33615 ], [ 4.20775, 45.33599 ], [ 4.20883, 45.34009 ], [ 4.21389, 45.3415 ], [ 4.21286, 45.34474 ], [ 4.21514, 45.3452 ], [ 4.21499, 45.34602 ], [ 4.21721, 45.34606 ], [ 4.2166, 45.3481 ], [ 4.22008, 45.34849 ], [ 4.23214, 45.35385 ], [ 4.23703, 45.35097 ], [ 4.2374, 45.34823 ], [ 4.24036, 45.34641 ], [ 4.24335, 45.34684 ], [ 4.24562, 45.34621 ], [ 4.24678, 45.34806 ], [ 4.24942, 45.34805 ], [ 4.26249, 45.3531 ], [ 4.26537, 45.35086 ], [ 4.2669, 45.3513 ], [ 4.2718, 45.35002 ], [ 4.2718, 45.34781 ], [ 4.27352, 45.34929 ], [ 4.2756, 45.34875 ], [ 4.27829, 45.3493 ], [ 4.27958, 45.35122 ], [ 4.27405, 45.35412 ], [ 4.27498, 45.35622 ], [ 4.27746, 45.35668 ], [ 4.27912, 45.35989 ], [ 4.2814, 45.36119 ], [ 4.28226, 45.35837 ], [ 4.28368, 45.35762 ], [ 4.28633, 45.36084 ], [ 4.29124, 45.35756 ], [ 4.29386, 45.35755 ], [ 4.29181, 45.36227 ], [ 4.29238, 45.36411 ], [ 4.29636, 45.36585 ], [ 4.29742, 45.36928 ] ], [ [ 4.3075, 45.36977 ], [ 4.31177, 45.369 ], [ 4.31236, 45.37013 ], [ 4.31059, 45.37561 ], [ 4.3126, 45.37648 ], [ 4.31478, 45.37987 ], [ 4.31655, 45.38004 ] ] ] } },
{ "type": "Feature", "properties": { "name": "la Dunières", "weight_class": 3, "permanent": true, "length_km": 36.8 }, "geometry": { "type": "LineString", "coordinates": [ [ 4.43668, 45.27209 ], [ 4.43586, 45.27083 ], [ 4.43227, 45.27012 ], [ 4.43159, 45.26898 ], [ 4.43015, 45.26956 ], [ 4.42821, 45.26806 ], [ 4.42562, 45.26848 ], [ 4.42413, 45.2671 ], [ 4.42382, 45.2645 ], [ 4.41962, 45.26299 ], [ 4.41844, 45.25901 ], [ 4.41902, 45.25707 ], [ 4.41485, 45.25526 ], [ 4.41392, 45.24884 ], [ 4.41239, 45.24873 ], [ 4.40898, 45.24584 ], [ 4.40906, 45.23923 ], [ 4.40693, 45.23646 ], [ 4.40697, 45.23383 ], [ 4.40147, 45.23263 ], [ 4.39998, 45.23106 ], [ 4.40011, 45.22604 ], [ 4.39733, 45.22373 ], [ 4.39466, 45.21797 ], [ 4.39173, 45.21699 ], [ 4.38858, 45.21741 ], [ 4.38809, 45.21577 ], [ 4.38209, 45.21615 ], [ 4.38201, 45.21312 ], [ 4.37739, 45.21122 ], [ 4.37591, 45.20925 ], [ 4.37674, 45.20723 ], [ 4.37385, 45.20758 ], [ 4.37048, 45.20581 ], [ 4.36105, 45.21055 ], [ 4.35619, 45.21091 ], [ 4.35252, 45.21388 ], [ 4.3499, 45.21452 ], [ 4.34925, 45.21582 ], [ 4.35044, 45.21869 ], [ 4.34746, 45.22048 ], [ 4.34622, 45.21911 ], [ 4.34376, 45.21843 ], [ 4.33733, 45.22039 ], [ 4.33026, 45.22004 ], [ 4.32471, 45.21802 ], [ 4.31974, 45.21861 ], [ 4.31744, 45.21751 ], [ 4.31449, 45.21816 ], [ 4.30846, 45.21611 ], [ 4.30613, 45.21388 ], [ 4.30412, 45.21438 ], [ 4.29781, 45.21275 ], [ 4.2965, 45.21315 ], [ 4.29642, 45.21452 ], [ 4.29322, 45.21539 ], [ 4.28501, 45.21324 ], [ 4.28284, 45.21679 ], [ 4.27733, 45.21848 ], [ 4.27483, 45.21639 ], [ 4.27666, 45.2151 ], [ 4.27554, 45.21097 ], [ 4.27363, 45.2104 ], [ 4.27186, 45.21235 ], [ 4.26846, 45.21001 ], [ 4.26818, 45.21263 ], [ 4.26471, 45.21295 ], [ 4.26349, 45.21416 ], [ 4.26197, 45.21284 ], [ 4.25858, 45.21273 ], [ 4.25995, 45.21607 ], [ 4.25659, 45.21921 ], [ 4.25459, 45.21768 ], [ 4.25566, 45.21569 ], [ 4.25434, 45.21589 ], [ 4.25315, 45.21777 ], [ 4.24932, 45.21828 ], [ 4.25023, 45.21504 ], [ 4.24771, 45.21508 ], [ 4.24656, 45.21677 ], [ 4.24685, 45.21516 ], [ 4.24452, 45.21357 ], [ 4.24329, 45.21434 ], [ 4.24396, 45.21647 ], [ 4.24026, 45.21655 ], [ 4.23453, 45.21964 ], [ 4.2302, 45.21907 ], [ 4.23107, 45.21769 ], [ 4.2301, 45.21474 ], [ 4.22808, 45.21565 ], [ 4.22377, 45.21544 ], [ 4.22103, 45.21847 ], [ 4.21897, 45.21805 ], [ 4.21666, 45.21563 ], [ 4.21404, 45.21459 ], [ 4.21089, 45.21567 ], [ 4.20648, 45.2212 ], [ 4.20458, 45.21868 ], [ 4.20177, 45.21888 ], [ 4.20069, 45.21981 ], [ 4.20164, 45.22122 ], [ 4.19852, 45.22093 ], [ 4.19226, 45.22634 ], [ 4.19033, 45.22503 ], [ 4.1881, 45.22604 ], [ 4.18453, 45.22461 ], [ 4.18149, 45.22846 ], [ 4.17948, 45.22834 ], [ 4.17835, 45.22677 ], [ 4.17553, 45.22618 ] ] } },
{ "type": "Feature", "properties": { "name": "Ruisseau de Saint-Meyras", "weight_class": 1, "permanent": true, "length_km": 5.2 }, "geometry": { "type": "LineString", "coordinates": [ [ 4.45687, 45.25315 ], [ 4.45467, 45.25305 ], [ 4.45321, 45.25161 ], [ 4.44318, 45.24959 ], [ 4.43593, 45.24679 ], [ 4.43038, 45.24197 ], [ 4.42236, 45.24061 ], [ 4.42122, 45.23939 ], [ 4.41605, 45.23815 ], [ 4.407, 45.23404 ] ] } },
{ "type": "Feature", "properties": { "name": "le Clavas", "weight_class": 1, "permanent": true, "length_km": 11.3 }, "geometry": { "type": "LineString", "coordinates": [ [ 4.4881, 45.22498 ], [ 4.4814, 45.22727 ], [ 4.47687, 45.22361 ], [ 4.47658, 45.22175 ], [ 4.47126, 45.22228 ], [ 4.45889, 45.21953 ], [ 4.45754, 45.21822 ], [ 4.45767, 45.21442 ], [ 4.45395, 45.20856 ], [ 4.45022, 45.2065 ], [ 4.44794, 45.20228 ], [ 4.44386, 45.20123 ], [ 4.43893, 45.20168 ], [ 4.43567, 45.19921 ], [ 4.43051, 45.20003 ], [ 4.42555, 45.20241 ], [ 4.41804, 45.20328 ], [ 4.40998, 45.1985 ], [ 4.40471, 45.19967 ], [ 4.40021, 45.19774 ], [ 4.39648, 45.19908 ], [ 4.39246, 45.20208 ], [ 4.3864, 45.20318 ] ] } },
{ "type": "Feature", "properties": { "name": null, "weight_class": 1, "permanent": true, "length_km": 3.1 }, "geometry": { "type": "LineString", "coordinates": [ [ 4.44689, 45.22736 ], [ 4.4462, 45.22498 ], [ 4.44173, 45.21956 ], [ 4.43116, 45.21818 ], [ 4.43093, 45.21532 ], [ 4.42728, 45.2135 ], [ 4.42832, 45.20935 ] ] } },
{ "type": "Feature", "properties": { "name": "Ruisseau des Chirates", "weight_class": 1, "permanent": true, "length_km": 4.1 }, "geometry": { "type": "LineString", "coordinates": [ [ 4.45291, 45.22267 ], [ 4.45095, 45.22085 ], [ 4.44447, 45.21829 ], [ 4.44292, 45.21572 ], [ 4.44131, 45.2158 ], [ 4.43705, 45.2132 ], [ 4.43295, 45.21279 ], [ 4.42789, 45.20848 ], [ 4.42062, 45.20855 ], [ 4.41763, 45.20478 ], [ 4.41769, 45.20321 ] ] } },
{ "type": "Feature", "properties": { "name": null, "weight_class": 1, "permanent": false, "length_km": 3.6 }, "geometry": { "type": "LineString", "coordinates": [ [ 4.42153, 45.19178 ], [ 4.41514, 45.19018 ], [ 4.4081, 45.19141 ], [ 4.40295, 45.18993 ], [ 4.40078, 45.19038 ], [ 4.3972, 45.19185 ], [ 4.39347, 45.19607 ], [ 4.38853, 45.19806 ], [ 4.38602, 45.20125 ] ] } },
{ "type": "Feature", "properties": { "name": "la Saint Bonnette", "weight_class": 1, "permanent": false, "length_km": 6.0 }, "geometry": { "type": "LineString", "coordinates": [ [ 4.42394, 45.13519 ], [ 4.42268, 45.13958 ], [ 4.42747, 45.1445 ], [ 4.42792, 45.14743 ], [ 4.42543, 45.15121 ], [ 4.42565, 45.15292 ], [ 4.41746, 45.15949 ], [ 4.4158, 45.16334 ], [ 4.41654, 45.16557 ], [ 4.4139, 45.16966 ], [ 4.40797, 45.17187 ], [ 4.40522, 45.17567 ], [ 4.40369, 45.17626 ] ] } },
{ "type": "Feature", "properties": { "name": "Ruisseau la Gampille", "weight_class": 1, "permanent": true, "length_km": 2.4 }, "geometry": { "type": "LineString", "coordinates": [ [ 4.29985, 45.32162 ], [ 4.30028, 45.32349 ], [ 4.3035, 45.32478 ], [ 4.30391, 45.32818 ], [ 4.3058, 45.33064 ], [ 4.30484, 45.33289 ], [ 4.30187, 45.33517 ], [ 4.30213, 45.33667 ], [ 4.29943, 45.33867 ] ] } },
{ "type": "Feature", "properties": { "name": "Ruisseau du Got", "weight_class": 1, "permanent": true, "length_km": 2.9 }, "geometry": { "type": "LineString", "coordinates": [ [ 4.27243, 45.33733 ], [ 4.25345, 45.34461 ], [ 4.24817, 45.34895 ], [ 4.2441, 45.34916 ], [ 4.24309, 45.34819 ] ] } },
{ "type": "Feature", "properties": { "name": "Ruisseau de Barret/le Lozaron", "weight_class": 1, "permanent": true, "length_km": 4.3 }, "geometry": { "type": "LineString", "coordinates": [ [ 4.29498, 45.32769 ], [ 4.28965, 45.32919 ], [ 4.28652, 45.32791 ], [ 4.28073, 45.328 ], [ 4.27853, 45.3269 ], [ 4.2662, 45.32885 ], [ 4.26279, 45.3275 ], [ 4.26199, 45.32831 ], [ 4.25867, 45.32823 ], [ 4.2553, 45.32944 ], [ 4.25222, 45.33139 ], [ 4.24919, 45.33032 ], [ 4.24807, 45.33075 ] ] } },
{ "type": "Feature", "properties": { "name": "l'Echarpe", "weight_class": 1, "permanent": true, "length_km": 6.5 }, "geometry": { "type": "LineString", "coordinates": [ [ 4.35305, 45.33049 ], [ 4.34336, 45.3349 ], [ 4.3418, 45.33787 ], [ 4.3359, 45.34218 ], [ 4.32786, 45.34486 ], [ 4.32236, 45.34817 ], [ 4.32184, 45.35086 ], [ 4.31883, 45.35345 ], [ 4.31641, 45.35383 ], [ 4.31705, 45.35565 ], [ 4.31135, 45.36023 ], [ 4.31116, 45.36195 ], [ 4.30712, 45.3671 ], [ 4.30845, 45.36845 ], [ 4.3073, 45.36973 ] ] } },
{ "type": "Feature", "properties": { "name": "Ruisseau de Combobert", "weight_class": 1, "permanent": false, "length_km": 2.6 }, "geometry": { "type": "LineString", "coordinates": [ [ 4.30593, 45.3512 ], [ 4.29732, 45.35692 ], [ 4.2935, 45.35777 ], [ 4.28405, 45.36594 ] ] } },
{ "type": "Feature", "properties": { "name": null, "weight_class": 1, "permanent": true, "length_km": 4.5 }, "geometry": { "type": "LineString", "coordinates": [ [ 4.35994, 45.33924 ], [ 4.35693, 45.34115 ], [ 4.35478, 45.34647 ], [ 4.34915, 45.34865 ], [ 4.34447, 45.34905 ], [ 4.34154, 45.34752 ], [ 4.33529, 45.34901 ], [ 4.33343, 45.35236 ], [ 4.32965, 45.35574 ], [ 4.325, 45.35505 ], [ 4.31986, 45.3521 ] ] } },
{ "type": "Feature", "properties": { "name": null, "weight_class": 1, "permanent": true, "length_km": 2.8 }, "geometry": { "type": "LineString", "coordinates": [ [ 4.3406, 45.31388 ], [ 4.33984, 45.31115 ], [ 4.33712, 45.30941 ], [ 4.33784, 45.30773 ], [ 4.3419, 45.30509 ], [ 4.34401, 45.30052 ], [ 4.34488, 45.29449 ], [ 4.34348, 45.29251 ] ] } },
{ "type": "Feature", "properties": { "name": null, "weight_class": 1, "permanent": true, "length_km": 4.1 }, "geometry": { "type": "LineString", "coordinates": [ [ 4.34399, 45.32642 ], [ 4.3385, 45.33058 ], [ 4.32941, 45.33078 ], [ 4.32632, 45.33369 ], [ 4.32553, 45.33855 ], [ 4.32279, 45.34039 ], [ 4.32055, 45.34024 ], [ 4.31824, 45.34273 ], [ 4.32196, 45.34858 ] ] } },
{ "type": "Feature", "properties": { "name": "la Gampille", "weight_class": 1, "permanent": true, "length_km": 4.8 }, "geometry": { "type": "LineString", "coordinates": [ [ 4.29943, 45.33867 ], [ 4.29559, 45.3408 ], [ 4.29287, 45.34378 ], [ 4.28624, 45.34441 ], [ 4.28393, 45.34385 ], [ 4.28012, 45.34966 ], [ 4.2774, 45.35007 ], [ 4.27705, 45.35088 ], [ 4.27475, 45.35071 ], [ 4.27522, 45.35168 ], [ 4.27276, 45.35274 ], [ 4.26937, 45.35281 ], [ 4.26676, 45.35613 ], [ 4.26666, 45.35792 ], [ 4.26795, 45.35926 ], [ 4.27187, 45.36002 ] ] } },
{ "type": "Feature", "properties": { "name": "Conduite Forcée des Eaux du Lignon", "weight_class": 1, "permanent": true, "length_km": 22.6 }, "geometry": { "type": "LineString", "coordinates": [ [ 4.18849, 45.22229 ], [ 4.18643, 45.2272 ], [ 4.18373, 45.22868 ], [ 4.17891, 45.23074 ], [ 4.17023, 45.23146 ], [ 4.16456, 45.23498 ], [ 4.16238, 45.24102 ], [ 4.15809, 45.24548 ], [ 4.15437, 45.25441 ], [ 4.15111, 45.2577 ], [ 4.15216, 45.26125 ], [ 4.15932, 45.27244 ], [ 4.17322, 45.28569 ], [ 4.17916, 45.29333 ], [ 4.1907, 45.31649 ], [ 4.20741, 45.3428 ], [ 4.20885, 45.34834 ], [ 4.21265, 45.35193 ], [ 4.21585, 45.35434 ], [ 4.21946, 45.35508 ], [ 4.23239, 45.36103 ], [ 4.24186, 45.36709 ], [ 4.25621, 45.36835 ], [ 4.26101, 45.36941 ], [ 4.26248, 45.3706 ], [ 4.26637, 45.37036 ], [ 4.27523, 45.37247 ] ] } },
{ "type": "Feature", "properties": { "name": "Ruisseau le Merdary", "weight_class": 1, "permanent": false, "length_km": 3.7 }, "geometry": { "type": "LineString", "coordinates": [ [ 4.39254, 45.26058 ], [ 4.39334, 45.2582 ], [ 4.39647, 45.25557 ], [ 4.39573, 45.25017 ], [ 4.39399, 45.24899 ], [ 4.39409, 45.24559 ], [ 4.39909, 45.24094 ], [ 4.40111, 45.23226 ] ] } },
{ "type": "Feature", "properties": { "name": "Ruisseau de Marnhier", "weight_class": 1, "permanent": true, "length_km": 2.4 }, "geometry": { "type": "LineString", "coordinates": [ [ 4.39251, 45.16628 ], [ 4.38885, 45.16725 ], [ 4.38694, 45.16967 ], [ 4.38712, 45.1742 ], [ 4.38431, 45.17876 ], [ 4.38675, 45.18197 ], [ 4.38852, 45.18206 ] ] } },
{ "type": "Feature", "properties": { "name": "Ruisseau du Crouzet", "weight_class": 1, "permanent": true, "length_km": 4.9 }, "geometry": { "type": "MultiLineString", "coordinates": [ [ [ 4.37586, 45.10444 ], [ 4.37448, 45.10798 ], [ 4.37008, 45.11161 ], [ 4.36542, 45.11275 ], [ 4.36093, 45.11253 ], [ 4.35854, 45.11418 ], [ 4.35674, 45.1142 ], [ 4.35294, 45.11702 ], [ 4.34521, 45.12039 ], [ 4.34454, 45.12221 ] ], [ [ 4.38645, 45.10162 ], [ 4.3843, 45.10149 ], [ 4.37938, 45.10422 ], [ 4.37606, 45.10421 ] ] ] } },
{ "type": "Feature", "properties": { "name": "Ruisseau de la Bambine", "weight_class": 1, "permanent": false, "length_km": 2.6 }, "geometry": { "type": "LineString", "coordinates": [ [ 4.25578, 45.19503 ], [ 4.25329, 45.19615 ], [ 4.25213, 45.19785 ], [ 4.25149, 45.2006 ], [ 4.25342, 45.20387 ], [ 4.24824, 45.2102 ], [ 4.24747, 45.2126 ], [ 4.24919, 45.21485 ] ] } },
{ "type": "Feature", "properties": { "name": "Ruisseau de Buniat", "weight_class": 1, "permanent": false, "length_km": 3.4 }, "geometry": { "type": "LineString", "coordinates": [ [ 4.26949, 45.17416 ], [ 4.26911, 45.1754 ], [ 4.26205, 45.17902 ], [ 4.2599, 45.18148 ], [ 4.25323, 45.1831 ], [ 4.25166, 45.18468 ], [ 4.24542, 45.18676 ], [ 4.24006, 45.19308 ] ] } },
{ "type": "Feature", "properties": { "name": null, "weight_class": 2, "permanent": false, "length_km": 2.3 }, "geometry": { "type": "LineString", "coordinates": [ [ 4.35971, 45.2865 ], [ 4.3566, 45.28779 ], [ 4.35107, 45.28638 ], [ 4.34578, 45.28615 ], [ 4.34246, 45.28807 ], [ 4.33482, 45.28968 ] ] } },
{ "type": "Feature", "properties": { "name": null, "weight_class": 1, "permanent": true, "length_km": 2.7 }, "geometry": { "type": "LineString", "coordinates": [ [ 4.32196, 45.30832 ], [ 4.32555, 45.30651 ], [ 4.32885, 45.30261 ], [ 4.32784, 45.29356 ], [ 4.32993, 45.28698 ] ] } },
{ "type": "Feature", "properties": { "name": null, "weight_class": 1, "permanent": false, "length_km": 4.0 }, "geometry": { "type": "LineString", "coordinates": [ [ 4.29504, 45.30972 ], [ 4.29078, 45.31045 ], [ 4.28578, 45.30895 ], [ 4.28561, 45.30501 ], [ 4.27831, 45.29674 ], [ 4.27441, 45.29612 ], [ 4.27171, 45.29397 ], [ 4.2659, 45.29483 ], [ 4.26382, 45.29276 ] ] } },
{ "type": "Feature", "properties": { "name": "la Genouille", "weight_class": 1, "permanent": true, "length_km": 5.0 }, "geometry": { "type": "LineString", "coordinates": [ [ 4.31345, 45.30848 ], [ 4.31005, 45.29987 ], [ 4.30561, 45.29596 ], [ 4.30256, 45.28972 ], [ 4.29822, 45.28731 ], [ 4.29761, 45.28566 ], [ 4.29512, 45.28398 ], [ 4.28995, 45.28507 ], [ 4.28633, 45.28456 ], [ 4.28004, 45.27874 ] ] } },
{ "type": "Feature", "properties": { "name": "Ruisseau des Crozes", "weight_class": 1, "permanent": true, "length_km": 4.5 }, "geometry": { "type": "LineString", "coordinates": [ [ 4.33114, 45.26419 ], [ 4.32769, 45.26086 ], [ 4.32022, 45.26077 ], [ 4.31747, 45.25842 ], [ 4.31762, 45.25694 ], [ 4.31401, 45.2568 ], [ 4.30814, 45.26021 ], [ 4.30547, 45.26289 ], [ 4.30489, 45.26578 ], [ 4.30324, 45.26748 ], [ 4.30493, 45.26991 ], [ 4.30342, 45.27169 ], [ 4.30434, 45.27364 ] ] } },
{ "type": "Feature", "properties": { "name": null, "weight_class": 1, "permanent": false, "length_km": 2.7 }, "geometry": { "type": "LineString", "coordinates": [ [ 4.34242, 45.26402 ], [ 4.34078, 45.2651 ], [ 4.33771, 45.26506 ], [ 4.33501, 45.26789 ], [ 4.32829, 45.27124 ], [ 4.32743, 45.27429 ], [ 4.32282, 45.27738 ], [ 4.32251, 45.27965 ] ] } },
{ "type": "Feature", "properties": { "name": null, "weight_class": 1, "permanent": true, "length_km": 3.9 }, "geometry": { "type": "MultiLineString", "coordinates": [ [ [ 4.35337, 45.27374 ], [ 4.34957, 45.27412 ], [ 4.34498, 45.2778 ], [ 4.345, 45.28017 ], [ 4.34324, 45.28317 ], [ 4.34037, 45.2833 ], [ 4.33925, 45.28485 ], [ 4.33293, 45.28828 ] ], [ [ 4.36155, 45.27063 ], [ 4.35695, 45.27249 ] ], [ [ 4.40568, 45.26977 ], [ 4.40229, 45.26997 ], [ 4.39863, 45.26838 ] ] ] } },
{ "type": "Feature", "properties": { "name": "Ruisseau des Combes", "weight_class": 1, "permanent": true, "length_km": 3.9 }, "geometry": { "type": "LineString", "coordinates": [ [ 4.43917, 45.2281 ], [ 4.43551, 45.2296 ], [ 4.43278, 45.23283 ], [ 4.42556, 45.23227 ], [ 4.42184, 45.23016 ], [ 4.41292, 45.23189 ], [ 4.40817, 45.23073 ], [ 4.40657, 45.22874 ], [ 4.40111, 45.23226 ] ] } },
{ "type": "Feature", "properties": { "name": "le Gournier", "weight_class": 1, "permanent": true, "length_km": 6.8 }, "geometry": { "type": "LineString", "coordinates": [ [ 4.38096, 45.25147 ], [ 4.38135, 45.25247 ], [ 4.37914, 45.25553 ], [ 4.37438, 45.25652 ], [ 4.37116, 45.25582 ], [ 4.37139, 45.25472 ], [ 4.36842, 45.25417 ], [ 4.36743, 45.25309 ], [ 4.36359, 45.25354 ], [ 4.36102, 45.25206 ], [ 4.35954, 45.24964 ], [ 4.35729, 45.24836 ], [ 4.35636, 45.24517 ], [ 4.35705, 45.24345 ], [ 4.35529, 45.24254 ], [ 4.35797, 45.23709 ], [ 4.35635, 45.2337 ], [ 4.35471, 45.23293 ], [ 4.35527, 45.23008 ], [ 4.3535, 45.22878 ], [ 4.35058, 45.22885 ], [ 4.34729, 45.22489 ], [ 4.34671, 45.22026 ] ] } },
{ "type": "Feature", "properties": { "name": null, "weight_class": 1, "permanent": false, "length_km": 3.0 }, "geometry": { "type": "LineString", "coordinates": [ [ 4.36852, 45.23126 ], [ 4.36596, 45.22896 ], [ 4.36545, 45.22478 ], [ 4.36652, 45.22001 ], [ 4.35969, 45.21419 ], [ 4.35662, 45.21424 ], [ 4.35407, 45.21532 ], [ 4.35233, 45.21397 ] ] } },
{ "type": "Feature", "properties": { "name": null, "weight_class": 1, "permanent": false, "length_km": 3.0 }, "geometry": { "type": "LineString", "coordinates": [ [ 4.37925, 45.2305 ], [ 4.37583, 45.22803 ], [ 4.37642, 45.22568 ], [ 4.37519, 45.21961 ], [ 4.36918, 45.21348 ], [ 4.36581, 45.21224 ], [ 4.36431, 45.20883 ] ] } },
{ "type": "Feature", "properties": { "name": null, "weight_class": 1, "permanent": false, "length_km": 3.1 }, "geometry": { "type": "LineString", "coordinates": [ [ 4.38302, 45.2385 ], [ 4.38633, 45.23428 ], [ 4.3926, 45.23112 ], [ 4.39586, 45.22655 ], [ 4.39539, 45.22317 ], [ 4.39131, 45.22166 ], [ 4.39073, 45.21705 ] ] } },
{ "type": "Feature", "properties": { "name": null, "weight_class": 1, "permanent": false, "length_km": 3.8 }, "geometry": { "type": "LineString", "coordinates": [ [ 4.33396, 45.24234 ], [ 4.33387, 45.24082 ], [ 4.33542, 45.23986 ], [ 4.33343, 45.23296 ], [ 4.3295, 45.23109 ], [ 4.3277, 45.22866 ], [ 4.31622, 45.22474 ], [ 4.31769, 45.21928 ], [ 4.31631, 45.218 ] ] } },
{ "type": "Feature", "properties": { "name": null, "weight_class": 1, "permanent": false, "length_km": 4.3 }, "geometry": { "type": "LineString", "coordinates": [ [ 4.30353, 45.22903 ], [ 4.29874, 45.22725 ], [ 4.29747, 45.22565 ], [ 4.2918, 45.22575 ], [ 4.28622, 45.22631 ], [ 4.27929, 45.22895 ], [ 4.27692, 45.22838 ], [ 4.27325, 45.22934 ], [ 4.26706, 45.22935 ], [ 4.26466, 45.23054 ], [ 4.26191, 45.23009 ], [ 4.25577, 45.23199 ] ] } },
{ "type": "Feature", "properties": { "name": null, "weight_class": 1, "permanent": true, "length_km": 7.1 }, "geometry": { "type": "LineString", "coordinates": [ [ 4.30649, 45.23615 ], [ 4.30364, 45.23849 ], [ 4.29896, 45.23816 ], [ 4.29565, 45.24024 ], [ 4.2934, 45.23865 ], [ 4.28774, 45.23751 ], [ 4.28595, 45.23854 ], [ 4.28136, 45.23858 ], [ 4.27754, 45.24142 ], [ 4.27425, 45.242 ], [ 4.2722, 45.24091 ], [ 4.26886, 45.24196 ], [ 4.26692, 45.24089 ], [ 4.26625, 45.23918 ], [ 4.2642, 45.24063 ], [ 4.26345, 45.23953 ], [ 4.26141, 45.23988 ], [ 4.26103, 45.2384 ], [ 4.25784, 45.23682 ], [ 4.25572, 45.23725 ], [ 4.25612, 45.23494 ], [ 4.25399, 45.23288 ], [ 4.2555, 45.2316 ], [ 4.25418, 45.23181 ], [ 4.25321, 45.23063 ], [ 4.25044, 45.23071 ], [ 4.24939, 45.22964 ] ] } },
{ "type": "Feature", "properties": { "name": "le Saint Julien", "weight_class": 1, "permanent": false, "length_km": 12.9 }, "geometry": { "type": "LineString", "coordinates": [ [ 4.46899, 45.19202 ], [ 4.46467, 45.19226 ], [ 4.45746, 45.18986 ], [ 4.45207, 45.18659 ], [ 4.44867, 45.1859 ], [ 4.44762, 45.1839 ], [ 4.44286, 45.18054 ], [ 4.43812, 45.17879 ], [ 4.41996, 45.17811 ], [ 4.41772, 45.17662 ], [ 4.41475, 45.17631 ], [ 4.41072, 45.17765 ], [ 4.40678, 45.17781 ], [ 4.40412, 45.1762 ], [ 4.40219, 45.17648 ], [ 4.38851, 45.18083 ], [ 4.38821, 45.18491 ], [ 4.38591, 45.18569 ], [ 4.38259, 45.19066 ], [ 4.38366, 45.19142 ], [ 4.38356, 45.19379 ], [ 4.3857, 45.19543 ], [ 4.38341, 45.1966 ], [ 4.37921, 45.19685 ], [ 4.38225, 45.19807 ], [ 4.38291, 45.19928 ], [ 4.38515, 45.19909 ], [ 4.3865, 45.20288 ], [ 4.38322, 45.20743 ], [ 4.38005, 45.20835 ], [ 4.38095, 45.21157 ], [ 4.37904, 45.212 ] ] } },
{ "type": "Feature", "properties": { "name": null, "weight_class": 1, "permanent": false, "length_km": 3.6 }, "geometry": { "type": "LineString", "coordinates": [ [ 4.33996, 45.19719 ], [ 4.33231, 45.2004 ], [ 4.33118, 45.20221 ], [ 4.32529, 45.20624 ], [ 4.32205, 45.20583 ], [ 4.31608, 45.21356 ], [ 4.31057, 45.21658 ] ] } },
{ "type": "Feature", "properties": { "name": null, "weight_class": 2, "permanent": false, "length_km": 3.3 }, "geometry": { "type": "LineString", "coordinates": [ [ 4.36002, 45.18749 ], [ 4.35584, 45.191 ], [ 4.35764, 45.19495 ], [ 4.35493, 45.19794 ], [ 4.35492, 45.20088 ], [ 4.35303, 45.20409 ], [ 4.35075, 45.20534 ], [ 4.35082, 45.20927 ], [ 4.35342, 45.21283 ] ] } },
{ "type": "Feature", "properties": { "name": "le Rillon", "weight_class": 1, "permanent": false, "length_km": 7.7 }, "geometry": { "type": "LineString", "coordinates": [ [ 4.35949, 45.18003 ], [ 4.36022, 45.18239 ], [ 4.3583, 45.18414 ], [ 4.35566, 45.18523 ], [ 4.35324, 45.18447 ], [ 4.34836, 45.18478 ], [ 4.34114, 45.1908 ], [ 4.33736, 45.19118 ], [ 4.3349, 45.19019 ], [ 4.33245, 45.19157 ], [ 4.32681, 45.19204 ], [ 4.32376, 45.19334 ], [ 4.32288, 45.19223 ], [ 4.32088, 45.19243 ], [ 4.31513, 45.19726 ], [ 4.31374, 45.203 ], [ 4.3052, 45.20818 ], [ 4.30071, 45.20824 ], [ 4.3, 45.21009 ], [ 4.29637, 45.21203 ], [ 4.29643, 45.21328 ] ] } },
{ "type": "Feature", "properties": { "name": "le Brossettes", "weight_class": 1, "permanent": true, "length_km": 11.8 }, "geometry": { "type": "LineString", "coordinates": [ [ 4.34105, 45.18247 ], [ 4.33645, 45.18388 ], [ 4.33496, 45.18225 ], [ 4.32668, 45.18436 ], [ 4.32528, 45.18168 ], [ 4.3225, 45.18201 ], [ 4.3205, 45.18406 ], [ 4.31758, 45.18518 ], [ 4.31606, 45.185 ], [ 4.31373, 45.18399 ], [ 4.31361, 45.18183 ], [ 4.31203, 45.18043 ], [ 4.31048, 45.18061 ], [ 4.30801, 45.17871 ], [ 4.30647, 45.17917 ], [ 4.30307, 45.17749 ], [ 4.3021, 45.17369 ], [ 4.29795, 45.1716 ], [ 4.29867, 45.16765 ], [ 4.29564, 45.16618 ], [ 4.29343, 45.16305 ], [ 4.29238, 45.16294 ], [ 4.2924, 45.16069 ], [ 4.28647, 45.15526 ], [ 4.28012, 45.15413 ], [ 4.27955, 45.15235 ], [ 4.2779, 45.15274 ], [ 4.2759, 45.15126 ], [ 4.27157, 45.15333 ], [ 4.26918, 45.15151 ], [ 4.26791, 45.1519 ], [ 4.2663, 45.1509 ], [ 4.26395, 45.15156 ], [ 4.26303, 45.15028 ], [ 4.26103, 45.15234 ], [ 4.2584, 45.15213 ], [ 4.25795, 45.15096 ] ] } },
{ "type": "Feature", "properties": { "name": "Ruisseau des Blondes", "weight_class": 1, "permanent": true, "length_km": 5.3 }, "geometry": { "type": "LineString", "coordinates": [ [ 4.3522, 45.17212 ], [ 4.34916, 45.17199 ], [ 4.34567, 45.16887 ], [ 4.34275, 45.16831 ], [ 4.32916, 45.16802 ], [ 4.32232, 45.16986 ], [ 4.32076, 45.16827 ], [ 4.31928, 45.16818 ], [ 4.31513, 45.17023 ], [ 4.3092, 45.17145 ], [ 4.30501, 45.17018 ], [ 4.30201, 45.17363 ] ] } },
{ "type": "Feature", "properties": { "name": "le Trifoulou", "weight_class": 1, "permanent": true, "length_km": 13.4 }, "geometry": { "type": "LineString", "coordinates": [ [ 4.3989, 45.15196 ], [ 4.39699, 45.15238 ], [ 4.39139, 45.15089 ], [ 4.38981, 45.14845 ], [ 4.387, 45.14835 ], [ 4.37953, 45.14462 ], [ 4.36766, 45.14383 ], [ 4.36759, 45.14195 ], [ 4.36488, 45.14146 ], [ 4.35638, 45.14214 ], [ 4.3451, 45.14596 ], [ 4.34052, 45.14406 ], [ 4.33483, 45.14578 ], [ 4.32662, 45.14405 ], [ 4.32372, 45.14579 ], [ 4.32181, 45.14565 ], [ 4.32159, 45.14741 ], [ 4.31776, 45.14836 ], [ 4.31169, 45.14874 ], [ 4.30803, 45.14738 ], [ 4.30312, 45.14904 ], [ 4.30055, 45.14896 ], [ 4.29696, 45.14614 ], [ 4.29594, 45.14687 ], [ 4.29439, 45.14616 ], [ 4.29511, 45.14407 ], [ 4.29345, 45.14076 ], [ 4.29391, 45.13838 ], [ 4.29151, 45.13646 ], [ 4.29148, 45.13522 ], [ 4.28687, 45.13579 ], [ 4.28716, 45.13335 ], [ 4.28526, 45.13335 ] ] } },
{ "type": "Feature", "properties": { "name": null, "weight_class": 1, "permanent": true, "length_km": 2.7 }, "geometry": { "type": "LineString", "coordinates": [ [ 4.31648, 45.15977 ], [ 4.31269, 45.15932 ], [ 4.31163, 45.1571 ], [ 4.30606, 45.15424 ], [ 4.30441, 45.15499 ], [ 4.30163, 45.15427 ], [ 4.29494, 45.15544 ], [ 4.28981, 45.15845 ] ] } },
{ "type": "Feature", "properties": { "name": null, "weight_class": 1, "permanent": true, "length_km": 3.0 }, "geometry": { "type": "LineString", "coordinates": [ [ 4.31523, 45.1283 ], [ 4.31469, 45.13243 ], [ 4.30925, 45.13927 ], [ 4.30517, 45.14133 ], [ 4.3011, 45.14178 ], [ 4.29963, 45.14034 ], [ 4.29673, 45.14081 ], [ 4.29401, 45.13962 ] ] } },
{ "type": "Feature", "properties": { "name": null, "weight_class": 1, "permanent": false, "length_km": 2.5 }, "geometry": { "type": "LineString", "coordinates": [ [ 4.39508, 45.11354 ], [ 4.38888, 45.11305 ], [ 4.37573, 45.1168 ], [ 4.37247, 45.1161 ], [ 4.36797, 45.11234 ] ] } },
{ "type": "Feature", "properties": { "name": null, "weight_class": 1, "permanent": false, "length_km": 2.3 }, "geometry": { "type": "LineString", "coordinates": [ [ 4.40112, 45.10883 ], [ 4.39618, 45.10937 ], [ 4.39111, 45.10774 ], [ 4.38664, 45.10922 ], [ 4.38122, 45.10922 ], [ 4.37803, 45.10748 ], [ 4.3746, 45.10739 ] ] } },
{ "type": "Feature", "properties": { "name": "les Mazeaux/Ruisseau des Hostes", "weight_class": 1, "permanent": true, "length_km": 10.3 }, "geometry": { "type": "LineString", "coordinates": [ [ 4.3747, 45.12758 ], [ 4.37173, 45.12761 ], [ 4.36847, 45.12896 ], [ 4.36581, 45.12858 ], [ 4.36457, 45.1294 ], [ 4.36231, 45.12928 ], [ 4.36091, 45.12824 ], [ 4.35262, 45.12759 ], [ 4.35111, 45.1268 ], [ 4.35069, 45.12487 ], [ 4.34741, 45.12273 ], [ 4.34393, 45.12233 ], [ 4.34297, 45.12134 ], [ 4.34039, 45.12178 ], [ 4.33722, 45.11801 ], [ 4.33532, 45.11732 ], [ 4.3327, 45.11781 ], [ 4.3313, 45.11701 ], [ 4.3278, 45.11805 ], [ 4.32146, 45.11645 ], [ 4.31987, 45.11695 ], [ 4.3193, 45.11891 ], [ 4.31538, 45.11935 ], [ 4.31413, 45.11808 ], [ 4.3117, 45.11859 ], [ 4.30916, 45.11996 ], [ 4.30824, 45.1219 ], [ 4.30437, 45.1203 ], [ 4.30275, 45.12236 ], [ 4.29929, 45.12212 ], [ 4.29772, 45.12114 ], [ 4.29465, 45.12281 ], [ 4.2935, 45.12118 ], [ 4.29088, 45.12127 ], [ 4.29007, 45.11881 ], [ 4.28583, 45.11719 ] ] } },
{ "type": "Feature", "properties": { "name": null, "weight_class": 1, "permanent": true, "length_km": 2.4 }, "geometry": { "type": "LineString", "coordinates": [ [ 4.33766, 45.13401 ], [ 4.33236, 45.13309 ], [ 4.32459, 45.1376 ], [ 4.32421, 45.13964 ], [ 4.32836, 45.14031 ], [ 4.32881, 45.14243 ], [ 4.32765, 45.14422 ] ] } },
{ "type": "Feature", "properties": { "name": "la Sérigoule", "weight_class": 1, "permanent": true, "length_km": 8.1 }, "geometry": { "type": "LineString", "coordinates": [ [ 4.34642, 45.07499 ], [ 4.34705, 45.07788 ], [ 4.34396, 45.08164 ], [ 4.34382, 45.08383 ], [ 4.34104, 45.088 ], [ 4.33338, 45.09141 ], [ 4.33048, 45.09392 ], [ 4.32638, 45.09501 ], [ 4.32505, 45.09784 ], [ 4.32329, 45.09898 ], [ 4.31497, 45.09937 ], [ 4.31216, 45.1012 ], [ 4.31003, 45.1012 ], [ 4.30656, 45.10464 ], [ 4.30455, 45.10498 ], [ 4.30223, 45.11012 ], [ 4.29231, 45.11343 ], [ 4.29132, 45.1148 ], [ 4.29252, 45.1171 ], [ 4.28991, 45.11876 ] ] } },
{ "type": "Feature", "properties": { "name": null, "weight_class": 1, "permanent": false, "length_km": 2.2 }, "geometry": { "type": "LineString", "coordinates": [ [ 4.27195, 45.31056 ], [ 4.26433, 45.30986 ], [ 4.26118, 45.31161 ], [ 4.25384, 45.31314 ], [ 4.25044, 45.31649 ] ] } },
{ "type": "Feature", "properties": { "name": null, "weight_class": 1, "permanent": false, "length_km": 2.3 }, "geometry": { "type": "LineString", "coordinates": [ [ 4.29031, 45.29451 ], [ 4.28376, 45.29159 ], [ 4.28281, 45.2883 ], [ 4.27819, 45.28512 ], [ 4.26888, 45.28546 ] ] } },
{ "type": "Feature", "properties": { "name": "le Chansou", "weight_class": 1, "permanent": true, "length_km": 6.5 }, "geometry": { "type": "LineString", "coordinates": [ [ 4.26525, 45.25615 ], [ 4.25595, 45.2561 ], [ 4.25049, 45.25399 ], [ 4.24775, 45.25189 ], [ 4.24741, 45.2483 ], [ 4.24514, 45.24697 ], [ 4.24575, 45.24381 ], [ 4.24391, 45.23893 ], [ 4.24544, 45.23793 ], [ 4.24546, 45.23628 ], [ 4.24687, 45.23575 ], [ 4.24963, 45.22816 ], [ 4.24325, 45.22601 ], [ 4.24312, 45.22444 ], [ 4.24034, 45.22415 ], [ 4.24088, 45.22165 ], [ 4.23798, 45.21826 ] ] } },
{ "type": "Feature", "properties": { "name": null, "weight_class": 2, "permanent": false, "length_km": 2.9 }, "geometry": { "type": "LineString", "coordinates": [ [ 4.27977, 45.19218 ], [ 4.27856, 45.19646 ], [ 4.27589, 45.19987 ], [ 4.27045, 45.20169 ], [ 4.26736, 45.20959 ], [ 4.26619, 45.21023 ], [ 4.26622, 45.21276 ] ] } },
{ "type": "Feature", "properties": { "name": null, "weight_class": 1, "permanent": false, "length_km": 2.6 }, "geometry": { "type": "LineString", "coordinates": [ [ 4.26937, 45.18098 ], [ 4.27162, 45.18425 ], [ 4.27041, 45.18756 ], [ 4.27233, 45.18874 ], [ 4.27029, 45.19847 ], [ 4.27062, 45.19959 ], [ 4.27262, 45.20039 ], [ 4.27201, 45.20133 ] ] } },
{ "type": "Feature", "properties": { "name": null, "weight_class": 1, "permanent": false, "length_km": 2.2 }, "geometry": { "type": "LineString", "coordinates": [ [ 4.2611, 45.17193 ], [ 4.2566, 45.17022 ], [ 4.25252, 45.1618 ], [ 4.24657, 45.15723 ] ] } },
{ "type": "Feature", "properties": { "name": null, "weight_class": 1, "permanent": false, "length_km": 2.1 }, "geometry": { "type": "LineString", "coordinates": [ [ 4.26645, 45.16808 ], [ 4.26562, 45.16473 ], [ 4.26648, 45.16094 ], [ 4.26195, 45.15161 ] ] } },
{ "type": "Feature", "properties": { "name": "le Mousse", "weight_class": 1, "permanent": true, "length_km": 11.6 }, "geometry": { "type": "LineString", "coordinates": [ [ 4.21219, 45.07207 ], [ 4.20923, 45.07741 ], [ 4.21251, 45.08277 ], [ 4.21106, 45.08685 ], [ 4.21207, 45.09034 ], [ 4.21547, 45.09212 ], [ 4.22423, 45.09356 ], [ 4.22692, 45.09526 ], [ 4.22986, 45.0999 ], [ 4.23271, 45.10094 ], [ 4.23222, 45.10238 ], [ 4.2342, 45.10412 ], [ 4.23505, 45.10759 ], [ 4.23287, 45.11037 ], [ 4.23347, 45.11162 ], [ 4.23679, 45.1131 ], [ 4.23749, 45.11988 ], [ 4.2417, 45.12215 ], [ 4.24597, 45.12646 ], [ 4.25247, 45.12855 ], [ 4.25334, 45.1303 ], [ 4.2561, 45.12939 ], [ 4.25746, 45.13371 ], [ 4.25611, 45.13518 ], [ 4.25713, 45.13663 ], [ 4.25579, 45.13927 ], [ 4.25861, 45.14046 ], [ 4.25905, 45.14282 ], [ 4.26097, 45.1436 ] ] } },
{ "type": "Feature", "properties": { "name": "Ruisseau de Barges", "weight_class": 1, "permanent": true, "length_km": 4.9 }, "geometry": { "type": "LineString", "coordinates": [ [ 4.36372, 45.09553 ], [ 4.36023, 45.09741 ], [ 4.35912, 45.09943 ], [ 4.35625, 45.09934 ], [ 4.34793, 45.10297 ], [ 4.34579, 45.10889 ], [ 4.33493, 45.11345 ], [ 4.32717, 45.1135 ], [ 4.32354, 45.1157 ], [ 4.3236, 45.11663 ], [ 4.32182, 45.11653 ] ] } },
{ "type": "Feature", "properties": { "name": "Ruisseau de Meynier", "weight_class": 1, "permanent": false, "length_km": 4.2 }, "geometry": { "type": "LineString", "coordinates": [ [ 4.33162, 45.07818 ], [ 4.32844, 45.07733 ], [ 4.32322, 45.07822 ], [ 4.32111, 45.07917 ], [ 4.32106, 45.08079 ], [ 4.31903, 45.0824 ], [ 4.31579, 45.08194 ], [ 4.31209, 45.08317 ], [ 4.29997, 45.09029 ], [ 4.29, 45.09015 ] ] } },
{ "type": "Feature", "properties": { "name": "Ruisseau de Joux", "weight_class": 1, "permanent": true, "length_km": 6.7 }, "geometry": { "type": "LineString", "coordinates": [ [ 4.25587, 45.08433 ], [ 4.25248, 45.08669 ], [ 4.25167, 45.08899 ], [ 4.25332, 45.09022 ], [ 4.25418, 45.09464 ], [ 4.25268, 45.09628 ], [ 4.253, 45.09899 ], [ 4.2516, 45.10118 ], [ 4.25427, 45.10854 ], [ 4.25737, 45.11028 ], [ 4.26155, 45.11077 ], [ 4.26385, 45.11713 ], [ 4.27109, 45.1181 ], [ 4.27152, 45.12053 ], [ 4.27359, 45.12081 ], [ 4.27574, 45.12301 ], [ 4.27858, 45.1214 ] ] } },
{ "type": "Feature", "properties": { "name": null, "weight_class": 1, "permanent": true, "length_km": 3.0 }, "geometry": { "type": "LineString", "coordinates": [ [ 4.35596, 45.092 ], [ 4.35489, 45.09333 ], [ 4.35122, 45.09458 ], [ 4.34498, 45.0928 ], [ 4.33689, 45.09671 ], [ 4.33173, 45.09811 ], [ 4.32501, 45.09789 ] ] } },
{ "type": "Feature", "properties": { "name": "le Cholet", "weight_class": 1, "permanent": true, "length_km": 3.0 }, "geometry": { "type": "LineString", "coordinates": [ [ 4.35569, 45.06109 ], [ 4.35379, 45.05785 ], [ 4.35401, 45.05609 ], [ 4.34805, 45.05192 ], [ 4.34521, 45.04741 ], [ 4.34318, 45.04706 ], [ 4.34248, 45.04563 ], [ 4.33532, 45.0449 ] ] } },
{ "type": "Feature", "properties": { "name": null, "weight_class": 1, "permanent": true, "length_km": 2.8 }, "geometry": { "type": "LineString", "coordinates": [ [ 4.37112, 45.04695 ], [ 4.36953, 45.04475 ], [ 4.36676, 45.04475 ], [ 4.36426, 45.04731 ], [ 4.36081, 45.04507 ], [ 4.35402, 45.05028 ], [ 4.35035, 45.05191 ], [ 4.3479, 45.05148 ] ] } },
{ "type": "Feature", "properties": { "name": null, "weight_class": 1, "permanent": true, "length_km": 2.4 }, "geometry": { "type": "LineString", "coordinates": [ [ 4.249, 45.10332 ], [ 4.24536, 45.10731 ], [ 4.24539, 45.10832 ], [ 4.24849, 45.11011 ], [ 4.24777, 45.11423 ], [ 4.24617, 45.11583 ], [ 4.24606, 45.11773 ], [ 4.242, 45.1205 ] ] } },
{ "type": "Feature", "properties": { "name": null, "weight_class": 1, "permanent": true, "length_km": 3.8 }, "geometry": { "type": "LineString", "coordinates": [ [ 4.23384, 45.07148 ], [ 4.23168, 45.07525 ], [ 4.23631, 45.08141 ], [ 4.23565, 45.08416 ], [ 4.23866, 45.08855 ], [ 4.23837, 45.08985 ], [ 4.2345, 45.09241 ], [ 4.23451, 45.09411 ], [ 4.23141, 45.09627 ], [ 4.22976, 45.09908 ] ] } },
{ "type": "Feature", "properties": { "name": null, "weight_class": 1, "permanent": false, "length_km": 2.8 }, "geometry": { "type": "LineString", "coordinates": [ [ 4.25877, 45.09055 ], [ 4.26548, 45.08593 ], [ 4.27133, 45.08523 ], [ 4.27625, 45.08162 ], [ 4.27926, 45.0807 ], [ 4.28454, 45.07625 ] ] } },
{ "type": "Feature", "properties": { "name": null, "weight_class": 1, "permanent": true, "length_km": 3.5 }, "geometry": { "type": "LineString", "coordinates": [ [ 4.25807, 45.07874 ], [ 4.26201, 45.07962 ], [ 4.2681, 45.07756 ], [ 4.26996, 45.07503 ], [ 4.26898, 45.07276 ], [ 4.2707, 45.07132 ], [ 4.27667, 45.07218 ], [ 4.27917, 45.07062 ], [ 4.28223, 45.07012 ], [ 4.28415, 45.07187 ], [ 4.28489, 45.0753 ] ] } },
{ "type": "Feature", "properties": { "name": "le Merdos", "weight_class": 1, "permanent": true, "length_km": 5.2 }, "geometry": { "type": "LineString", "coordinates": [ [ 4.26774, 45.04055 ], [ 4.27411, 45.03697 ], [ 4.2746, 45.03393 ], [ 4.28184, 45.03479 ], [ 4.284, 45.03288 ], [ 4.29044, 45.03069 ], [ 4.29357, 45.03172 ], [ 4.29565, 45.03054 ], [ 4.2975, 45.03073 ], [ 4.29891, 45.02983 ], [ 4.29751, 45.0288 ], [ 4.29995, 45.02788 ], [ 4.30263, 45.03098 ], [ 4.3068, 45.03299 ], [ 4.30808, 45.03626 ] ] } },
{ "type": "Feature", "properties": { "name": null, "weight_class": 1, "permanent": true, "length_km": 3.6 }, "geometry": { "type": "LineString", "coordinates": [ [ 4.25609, 45.03753 ], [ 4.2569, 45.03996 ], [ 4.25512, 45.04331 ], [ 4.25337, 45.04432 ], [ 4.24788, 45.04385 ], [ 4.2462, 45.04582 ], [ 4.2484, 45.05411 ], [ 4.24353, 45.05947 ] ] } },
{ "type": "Feature", "properties": { "name": null, "weight_class": 1, "permanent": true, "length_km": 2.5 }, "geometry": { "type": "LineString", "coordinates": [ [ 4.26906, 45.0484 ], [ 4.27709, 45.04988 ], [ 4.28348, 45.0542 ], [ 4.2839, 45.05576 ], [ 4.28089, 45.0606 ], [ 4.2786, 45.06211 ] ] } },
{ "type": "Feature", "properties": { "name": "la Ligne/Ruisseau de la Ligne", "weight_class": 3, "permanent": true, "length_km": 12.1 }, "geometry": { "type": "LineString", "coordinates": [ [ 4.1879, 45.04836 ], [ 4.18758, 45.04481 ], [ 4.18911, 45.04242 ], [ 4.19299, 45.04171 ], [ 4.19503, 45.03883 ], [ 4.20594, 45.03665 ], [ 4.21207, 45.03864 ], [ 4.21488, 45.04057 ], [ 4.21682, 45.04021 ], [ 4.21947, 45.04288 ], [ 4.22769, 45.04694 ], [ 4.2337, 45.0585 ], [ 4.23599, 45.05924 ], [ 4.2394, 45.05848 ], [ 4.24273, 45.05883 ], [ 4.24583, 45.06146 ], [ 4.25117, 45.06214 ], [ 4.25254, 45.06353 ], [ 4.25932, 45.06441 ], [ 4.26863, 45.06388 ], [ 4.27252, 45.0626 ], [ 4.27262, 45.06054 ], [ 4.27755, 45.06058 ], [ 4.27949, 45.06529 ], [ 4.28662, 45.06584 ] ] } },
{ "type": "Feature", "properties": { "name": "Ruisseau du Monastier", "weight_class": 1, "permanent": true, "length_km": 5.6 }, "geometry": { "type": "LineString", "coordinates": [ [ 4.34921, 45.02914 ], [ 4.34928, 45.0303 ], [ 4.34608, 45.03241 ], [ 4.33997, 45.03385 ], [ 4.33813, 45.04144 ], [ 4.33732, 45.04134 ], [ 4.3348, 45.04552 ], [ 4.33083, 45.04656 ], [ 4.3303, 45.04792 ], [ 4.32886, 45.04822 ], [ 4.32852, 45.05068 ], [ 4.32387, 45.05076 ], [ 4.32079, 45.04989 ] ] } },
{ "type": "Feature", "properties": { "name": null, "weight_class": 1, "permanent": false, "length_km": 2.1 }, "geometry": { "type": "LineString", "coordinates": [ [ 4.27623, 44.98679 ], [ 4.27839, 44.98762 ], [ 4.28023, 44.99085 ], [ 4.28016, 44.99264 ], [ 4.2781, 44.9945 ], [ 4.27748, 45.00031 ] ] } },
{ "type": "Feature", "properties": { "name": "le Lioussel", "weight_class": 1, "permanent": true, "length_km": 7.5 }, "geometry": { "type": "MultiLineString", "coordinates": [ [ [ 4.25322, 44.98033 ], [ 4.25536, 44.98514 ], [ 4.25881, 44.98855 ], [ 4.26003, 44.994 ], [ 4.2615, 44.99456 ], [ 4.26791, 44.99354 ], [ 4.27027, 44.99447 ], [ 4.27423, 45.00025 ], [ 4.27649, 44.99983 ], [ 4.27779, 45.00076 ], [ 4.28023, 45.00064 ], [ 4.28324, 45.00475 ], [ 4.28723, 45.00726 ], [ 4.29138, 45.00921 ], [ 4.29491, 45.00914 ], [ 4.29706, 45.01002 ] ], [ [ 4.29763, 45.01535 ], [ 4.29706, 45.0185 ], [ 4.29996, 45.01992 ] ] ] } },
{ "type": "Feature", "properties": { "name": null, "weight_class": 1, "permanent": false, "length_km": 3.4 }, "geometry": { "type": "LineString", "coordinates": [ [ 4.27284, 44.99893 ], [ 4.26741, 45.00412 ], [ 4.26601, 45.00796 ], [ 4.26948, 45.01486 ], [ 4.27293, 45.01793 ], [ 4.27247, 45.02254 ], [ 4.27651, 45.0226 ] ] } },
{ "type": "Feature", "properties": { "name": "la Loire", "weight_class": 4, "permanent": true, "length_km": 130.1 }, "geometry": { "type": "MultiLineString", "coordinates": [ [ [ 4.02347, 44.84457 ], [ 4.01934, 44.84626 ], [ 4.01387, 44.84652 ], [ 4.01353, 44.84807 ], [ 4.01041, 44.84923 ], [ 4.00721, 44.84725 ], [ 4.00614, 44.84882 ], [ 4.00262, 44.84945 ], [ 3.99261, 44.84594 ], [ 3.99194, 44.84892 ], [ 3.98757, 44.85012 ], [ 3.98373, 44.85419 ], [ 3.98341, 44.85627 ], [ 3.9781, 44.85497 ], [ 3.97447, 44.8588 ], [ 3.96566, 44.85809 ], [ 3.96095, 44.85918 ], [ 3.95917, 44.86023 ], [ 3.9577, 44.8632 ], [ 3.95031, 44.86485 ], [ 3.94557, 44.86303 ], [ 3.94214, 44.86451 ], [ 3.93895, 44.86424 ], [ 3.93474, 44.86183 ], [ 3.92993, 44.86462 ], [ 3.9245, 44.86503 ], [ 3.92495, 44.86847 ], [ 3.9212, 44.86748 ], [ 3.91881, 44.86804 ], [ 3.9229, 44.87215 ], [ 3.91971, 44.87428 ], [ 3.91628, 44.88427 ], [ 3.91951, 44.88885 ], [ 3.92236, 44.88924 ], [ 3.92272, 44.89071 ], [ 3.91587, 44.89698 ], [ 3.91741, 44.89939 ], [ 3.91633, 44.90118 ], [ 3.91365, 44.90065 ], [ 3.91162, 44.90161 ], [ 3.91076, 44.90353 ], [ 3.91124, 44.90411 ], [ 3.91512, 44.90329 ], [ 3.91969, 44.90376 ], [ 3.92166, 44.90548 ], [ 3.92213, 44.90903 ], [ 3.91856, 44.91175 ], [ 3.92028, 44.91433 ], [ 3.91567, 44.91679 ], [ 3.91693, 44.91986 ], [ 3.91181, 44.92206 ], [ 3.91001, 44.92197 ], [ 3.90787, 44.91982 ], [ 3.90471, 44.92085 ], [ 3.90673, 44.92441 ], [ 3.9031, 44.92807 ], [ 3.90864, 44.93389 ], [ 3.90642, 44.93608 ], [ 3.9027, 44.9351 ], [ 3.90102, 44.93612 ], [ 3.90468, 44.93978 ], [ 3.90744, 44.93909 ], [ 3.90974, 44.93959 ], [ 3.91205, 44.94299 ], [ 3.91492, 44.9436 ], [ 3.91686, 44.94235 ], [ 3.91711, 44.93996 ], [ 3.92142, 44.93958 ], [ 3.92181, 44.94149 ], [ 3.91822, 44.94626 ], [ 3.9187, 44.95134 ], [ 3.92162, 44.95384 ], [ 3.91976, 44.95586 ], [ 3.92093, 44.95647 ], [ 3.92396, 44.95577 ], [ 3.92647, 44.95668 ], [ 3.92699, 44.95809 ], [ 3.92052, 44.96342 ], [ 3.92148, 44.96768 ], [ 3.91997, 44.96864 ], [ 3.91737, 44.9678 ], [ 3.91582, 44.96844 ], [ 3.90887, 44.97708 ], [ 3.90701, 44.97603 ], [ 3.90831, 44.97315 ], [ 3.9041, 44.97159 ], [ 3.90071, 44.97224 ], [ 3.89267, 44.97795 ], [ 3.89357, 44.98168 ], [ 3.89032, 44.98669 ], [ 3.89096, 44.99572 ], [ 3.88746, 45.00124 ], [ 3.8906, 45.00377 ], [ 3.89551, 45.00252 ], [ 3.89685, 44.99965 ], [ 3.89568, 44.99664 ], [ 3.90022, 44.99465 ], [ 3.90242, 44.99509 ], [ 3.90393, 44.99668 ], [ 3.91667, 44.9978 ], [ 3.92635, 45.0012 ], [ 3.92797, 45.00432 ], [ 3.92541, 45.00956 ], [ 3.93487, 45.01351 ], [ 3.93069, 45.02155 ], [ 3.93165, 45.02309 ], [ 3.93657, 45.02529 ], [ 3.93676, 45.02885 ], [ 3.93426, 45.03122 ], [ 3.9375, 45.03485 ], [ 3.93617, 45.03838 ], [ 3.93469, 45.03943 ], [ 3.93, 45.04021 ], [ 3.92846, 45.04207 ], [ 3.92909, 45.04613 ], [ 3.91586, 45.05364 ], [ 3.91347, 45.06003 ], [ 3.91049, 45.06237 ], [ 3.9116, 45.065 ], [ 3.9105, 45.06678 ], [ 3.90107, 45.06829 ], [ 3.89771, 45.07164 ], [ 3.89816, 45.07355 ], [ 3.90172, 45.07519 ], [ 3.91174, 45.07721 ], [ 3.91088, 45.08063 ], [ 3.9138, 45.08277 ], [ 3.90858, 45.08339 ], [ 3.90741, 45.08534 ], [ 3.90832, 45.08707 ], [ 3.91139, 45.08869 ], [ 3.91163, 45.09186 ], [ 3.90882, 45.09333 ], [ 3.90196, 45.09248 ], [ 3.89937, 45.09354 ], [ 3.89654, 45.09954 ], [ 3.89798, 45.10131 ], [ 3.89835, 45.10581 ], [ 3.89312, 45.10731 ], [ 3.89116, 45.10609 ], [ 3.88993, 45.10685 ], [ 3.8923, 45.11074 ], [ 3.89426, 45.11187 ], [ 3.89735, 45.11157 ], [ 3.89941, 45.11332 ], [ 3.89942, 45.11523 ], [ 3.89753, 45.1172 ], [ 3.89542, 45.11765 ], [ 3.89423, 45.1167 ], [ 3.8913, 45.11645 ], [ 3.89074, 45.11769 ], [ 3.89189, 45.1195 ], [ 3.90987, 45.11962 ], [ 3.91843, 45.1222 ], [ 3.9232, 45.13379 ], [ 3.92274, 45.13746 ], [ 3.92982, 45.1429 ], [ 3.92973, 45.14549 ], [ 3.92449, 45.15149 ], [ 3.92556, 45.1595 ], [ 3.93452, 45.16461 ], [ 3.93435, 45.16772 ], [ 3.93087, 45.16998 ], [ 3.92312, 45.17114 ], [ 3.91924, 45.17659 ], [ 3.91981, 45.18229 ], [ 3.91249, 45.18471 ], [ 3.91424, 45.18645 ], [ 3.9173, 45.18703 ], [ 3.92069, 45.18396 ], [ 3.92281, 45.18529 ], [ 3.9236, 45.18752 ], [ 3.92351, 45.18952 ], [ 3.92155, 45.19181 ], [ 3.91545, 45.19321 ], [ 3.91437, 45.19486 ], [ 3.91588, 45.19621 ], [ 3.91957, 45.19706 ], [ 3.92581, 45.19593 ], [ 3.92715, 45.19669 ], [ 3.92623, 45.19907 ], [ 3.92954, 45.20203 ], [ 3.94011, 45.20356 ], [ 3.94312, 45.205 ], [ 3.96337, 45.20439 ], [ 3.96594, 45.20204 ], [ 3.96253, 45.20126 ], [ 3.96267, 45.1991 ], [ 3.96825, 45.19774 ], [ 3.97505, 45.20141 ], [ 3.98774, 45.20228 ], [ 3.98902, 45.20584 ], [ 3.99474, 45.21025 ], [ 3.99731, 45.21078 ], [ 4.01258, 45.20641 ], [ 4.01505, 45.207 ], [ 4.01625, 45.20928 ], [ 4.0182, 45.21001 ], [ 4.01881, 45.20421 ], [ 4.02502, 45.20167 ], [ 4.04329, 45.19924 ], [ 4.0466, 45.20348 ], [ 4.04169, 45.21297 ], [ 4.04378, 45.21591 ], [ 4.05091, 45.21644 ], [ 4.05762, 45.2136 ], [ 4.06116, 45.21339 ], [ 4.0631, 45.21594 ], [ 4.06027, 45.21958 ], [ 4.06018, 45.22244 ], [ 4.06464, 45.22632 ], [ 4.06727, 45.22683 ], [ 4.07007, 45.22215 ], [ 4.07455, 45.22058 ], [ 4.08624, 45.23249 ], [ 4.09664, 45.23483 ], [ 4.10076, 45.23721 ], [ 4.10284, 45.23966 ], [ 4.10261, 45.24294 ], [ 4.10425, 45.24478 ], [ 4.11197, 45.24393 ], [ 4.11436, 45.24438 ], [ 4.11802, 45.24704 ], [ 4.12663, 45.24663 ], [ 4.13017, 45.24809 ], [ 4.13136, 45.24985 ], [ 4.13194, 45.25605 ], [ 4.13447, 45.25674 ], [ 4.13736, 45.25589 ], [ 4.1416, 45.2564 ], [ 4.14466, 45.25867 ], [ 4.13918, 45.26276 ], [ 4.1391, 45.26582 ], [ 4.13545, 45.26543 ], [ 4.13401, 45.2661 ], [ 4.13543, 45.26792 ], [ 4.13576, 45.27115 ], [ 4.13304, 45.27516 ], [ 4.13296, 45.27713 ], [ 4.13449, 45.27813 ], [ 4.13622, 45.27678 ], [ 4.13873, 45.27715 ], [ 4.14146, 45.28074 ], [ 4.14546, 45.28155 ], [ 4.14616, 45.28371 ], [ 4.14546, 45.28626 ], [ 4.14356, 45.28711 ], [ 4.13954, 45.28756 ], [ 4.13852, 45.28557 ], [ 4.13377, 45.28477 ], [ 4.12834, 45.28892 ], [ 4.11879, 45.29168 ], [ 4.118, 45.29566 ], [ 4.11877, 45.30722 ], [ 4.1225, 45.31076 ], [ 4.13042, 45.309 ], [ 4.13456, 45.3131 ], [ 4.14554, 45.31334 ], [ 4.15217, 45.31577 ], [ 4.15799, 45.3228 ], [ 4.15768, 45.3256 ], [ 4.15328, 45.33039 ], [ 4.15491, 45.33423 ], [ 4.15731, 45.33468 ], [ 4.163, 45.33306 ], [ 4.17435, 45.33283 ], [ 4.17929, 45.33154 ], [ 4.18234, 45.33465 ], [ 4.18523, 45.33575 ], [ 4.18984, 45.34027 ], [ 4.19112, 45.34602 ], [ 4.19631, 45.34946 ], [ 4.19117, 45.35134 ], [ 4.19653, 45.35545 ], [ 4.19714, 45.37404 ], [ 4.2032, 45.3774 ], [ 4.21337, 45.37906 ], [ 4.21806, 45.38065 ], [ 4.21941, 45.38248 ], [ 4.21897, 45.38575 ] ], [ [ 4.02886, 44.8347 ], [ 4.027, 44.83596 ], [ 4.02907, 44.83797 ], [ 4.02444, 44.84181 ], [ 4.02386, 44.84381 ] ] ] } },
{ "type": "Feature", "properties": { "name": "Ruisseau de Tachon", "weight_class": 1, "permanent": true, "length_km": 2.1 }, "geometry": { "type": "LineString", "coordinates": [ [ 4.22123, 45.35495 ], [ 4.21614, 45.35451 ], [ 4.20867, 45.35607 ], [ 4.19981, 45.35448 ], [ 4.19652, 45.35559 ] ] } },
{ "type": "Feature", "properties": { "name": "Ruisseau de l'Adret", "weight_class": 1, "permanent": false, "length_km": 2.6 }, "geometry": { "type": "LineString", "coordinates": [ [ 4.13582, 45.36033 ], [ 4.14006, 45.35835 ], [ 4.14372, 45.35789 ], [ 4.15208, 45.35248 ], [ 4.15779, 45.35097 ], [ 4.16286, 45.35106 ] ] } },
{ "type": "Feature", "properties": { "name": "Ruisseau de Mardaret", "weight_class": 1, "permanent": false, "length_km": 2.0 }, "geometry": { "type": "LineString", "coordinates": [ [ 4.14941, 45.34837 ], [ 4.15014, 45.34531 ], [ 4.15325, 45.34343 ], [ 4.15392, 45.34132 ], [ 4.15665, 45.33994 ], [ 4.15761, 45.33764 ], [ 4.16084, 45.33519 ], [ 4.1608, 45.33364 ] ] } },
{ "type": "Feature", "properties": { "name": "Ruisseau du Cluzel", "weight_class": 1, "permanent": true, "length_km": 3.8 }, "geometry": { "type": "LineString", "coordinates": [ [ 4.22914, 45.31189 ], [ 4.225, 45.31429 ], [ 4.21395, 45.31506 ], [ 4.20836, 45.31964 ], [ 4.20489, 45.31995 ], [ 4.20388, 45.32141 ], [ 4.19912, 45.32349 ], [ 4.19155, 45.32298 ], [ 4.18909, 45.32353 ] ] } },
{ "type": "Feature", "properties": { "name": "Ruisseau des Côtes", "weight_class": 1, "permanent": true, "length_km": 3.6 }, "geometry": { "type": "LineString", "coordinates": [ [ 4.081, 45.3208 ], [ 4.09102, 45.32188 ], [ 4.095, 45.3211 ], [ 4.09933, 45.31729 ], [ 4.10641, 45.31483 ], [ 4.10816, 45.313 ], [ 4.11331, 45.31197 ], [ 4.11699, 45.31251 ], [ 4.11855, 45.31111 ] ] } },
{ "type": "Feature", "properties": { "name": "Riou Menou", "weight_class": 1, "permanent": false, "length_km": 2.8 }, "geometry": { "type": "LineString", "coordinates": [ [ 4.06497, 45.31748 ], [ 4.06463, 45.31574 ], [ 4.06609, 45.31319 ], [ 4.07786, 45.30595 ], [ 4.08352, 45.29874 ] ] } },
{ "type": "Feature", "properties": { "name": "Ruisseau de Paulin", "weight_class": 1, "permanent": true, "length_km": 3.0 }, "geometry": { "type": "LineString", "coordinates": [ [ 4.22369, 45.28783 ], [ 4.22221, 45.28841 ], [ 4.20818, 45.28662 ], [ 4.19965, 45.28849 ], [ 4.19768, 45.28772 ], [ 4.19662, 45.28911 ], [ 4.19298, 45.28985 ], [ 4.19113, 45.29146 ] ] } },
{ "type": "Feature", "properties": { "name": "Ruisseau des Hivernoux", "weight_class": 1, "permanent": true, "length_km": 2.6 }, "geometry": { "type": "LineString", "coordinates": [ [ 4.20197, 45.29671 ], [ 4.20116, 45.2937 ], [ 4.19825, 45.29238 ], [ 4.19418, 45.29299 ], [ 4.19113, 45.29146 ], [ 4.18656, 45.29202 ], [ 4.18604, 45.29132 ], [ 4.17875, 45.29056 ], [ 4.17777, 45.29147 ] ] } },
{ "type": "Feature", "properties": { "name": "Ruisseau de Saint-Marcellin/Ruisseau des Ages", "weight_class": 1, "permanent": true, "length_km": 6.6 }, "geometry": { "type": "LineString", "coordinates": [ [ 4.22344, 45.27814 ], [ 4.22148, 45.27869 ], [ 4.21683, 45.28287 ], [ 4.20913, 45.28094 ], [ 4.20431, 45.28157 ], [ 4.19848, 45.27961 ], [ 4.19397, 45.28047 ], [ 4.19289, 45.28157 ], [ 4.18758, 45.28317 ], [ 4.18618, 45.28607 ], [ 4.18287, 45.28559 ], [ 4.17904, 45.28704 ], [ 4.17777, 45.29147 ], [ 4.17511, 45.29251 ], [ 4.17176, 45.29668 ], [ 4.16249, 45.29553 ] ] } },
{ "type": "Feature", "properties": { "name": "Ruisseau de Chaponas", "weight_class": 1, "permanent": false, "length_km": 2.7 }, "geometry": { "type": "LineString", "coordinates": [ [ 4.15718, 45.27872 ], [ 4.15844, 45.28297 ], [ 4.15705, 45.28426 ], [ 4.15671, 45.28851 ], [ 4.15454, 45.29316 ], [ 4.15292, 45.29495 ], [ 4.15033, 45.29586 ], [ 4.1496, 45.30009 ] ] } },
{ "type": "Feature", "properties": { "name": "Ruisseau de Pirolles", "weight_class": 1, "permanent": false, "length_km": 2.0 }, "geometry": { "type": "LineString", "coordinates": [ [ 4.11059, 45.26606 ], [ 4.11375, 45.27009 ], [ 4.10851, 45.27513 ], [ 4.10585, 45.282 ] ] } },
{ "type": "Feature", "properties": { "name": "la Semène", "weight_class": 2, "permanent": true, "length_km": 32.4 }, "geometry": { "type": "LineString", "coordinates": [ [ 4.37097, 45.30589 ], [ 4.36305, 45.2988 ], [ 4.35444, 45.29448 ], [ 4.35039, 45.2953 ], [ 4.34456, 45.29212 ], [ 4.33995, 45.29303 ], [ 4.33544, 45.29173 ], [ 4.33472, 45.28937 ], [ 4.33168, 45.28847 ], [ 4.32881, 45.28585 ], [ 4.32977, 45.2849 ], [ 4.3277, 45.28346 ], [ 4.32874, 45.282 ], [ 4.32701, 45.28013 ], [ 4.31859, 45.27971 ], [ 4.31716, 45.27837 ], [ 4.31045, 45.27713 ], [ 4.30747, 45.27563 ], [ 4.30775, 45.27481 ], [ 4.30304, 45.27322 ], [ 4.3006, 45.27362 ], [ 4.3008, 45.27534 ], [ 4.2957, 45.27537 ], [ 4.28753, 45.27784 ], [ 4.28613, 45.27946 ], [ 4.28238, 45.27726 ], [ 4.27676, 45.28114 ], [ 4.27446, 45.27948 ], [ 4.27315, 45.28044 ], [ 4.2679, 45.28013 ], [ 4.26706, 45.28158 ], [ 4.26871, 45.28208 ], [ 4.269, 45.28582 ], [ 4.26555, 45.28764 ], [ 4.2679, 45.28911 ], [ 4.26907, 45.29137 ], [ 4.26694, 45.2921 ], [ 4.26499, 45.29116 ], [ 4.26287, 45.29326 ], [ 4.26013, 45.29188 ], [ 4.25232, 45.29441 ], [ 4.24735, 45.29384 ], [ 4.24753, 45.29708 ], [ 4.24646, 45.29818 ], [ 4.24802, 45.299 ], [ 4.24778, 45.29982 ], [ 4.24415, 45.30125 ], [ 4.2465, 45.30355 ], [ 4.24537, 45.30508 ], [ 4.25013, 45.3054 ], [ 4.25082, 45.3077 ], [ 4.25383, 45.30945 ], [ 4.25166, 45.31328 ], [ 4.24903, 45.31494 ], [ 4.25085, 45.31705 ], [ 4.24904, 45.31997 ], [ 4.25241, 45.32261 ], [ 4.24659, 45.32793 ], [ 4.24828, 45.33212 ], [ 4.24316, 45.33602 ], [ 4.24699, 45.33918 ], [ 4.24603, 45.34004 ], [ 4.24178, 45.34031 ], [ 4.24072, 45.34149 ], [ 4.24178, 45.34276 ], [ 4.24443, 45.34166 ], [ 4.24558, 45.34234 ], [ 4.24345, 45.34539 ], [ 4.24405, 45.34759 ], [ 4.24172, 45.34936 ], [ 4.24322, 45.35261 ], [ 4.23988, 45.35262 ], [ 4.23949, 45.35465 ], [ 4.23656, 45.35419 ], [ 4.23587, 45.35479 ], [ 4.23759, 45.35689 ], [ 4.23697, 45.359 ], [ 4.23908, 45.35999 ], [ 4.23959, 45.36154 ], [ 4.24296, 45.3613 ], [ 4.24278, 45.36415 ], [ 4.24416, 45.36443 ], [ 4.24568, 45.36347 ], [ 4.24682, 45.36444 ], [ 4.242, 45.36737 ], [ 4.24274, 45.36974 ], [ 4.24067, 45.37072 ], [ 4.24109, 45.37331 ], [ 4.23966, 45.37319 ], [ 4.23907, 45.37187 ], [ 4.2377, 45.3722 ], [ 4.23897, 45.37414 ], [ 4.23754, 45.37542 ], [ 4.23869, 45.37749 ], [ 4.23685, 45.37788 ], [ 4.23487, 45.38036 ], [ 4.23192, 45.38119 ], [ 4.23082, 45.38327 ], [ 4.21921, 45.38298 ] ] } },
{ "type": "Feature", "properties": { "name": null, "weight_class": 1, "permanent": false, "length_km": 2.2 }, "geometry": { "type": "LineString", "coordinates": [ [ 4.16151, 45.38727 ], [ 4.1668, 45.38418 ], [ 4.1694, 45.38318 ], [ 4.17102, 45.38351 ], [ 4.1724, 45.37529 ], [ 4.17411, 45.3737 ] ] } },
{ "type": "Feature", "properties": { "name": "Ruisseau de la Rivoire", "weight_class": 1, "permanent": false, "length_km": 5.4 }, "geometry": { "type": "LineString", "coordinates": [ [ 4.1472, 45.38257 ], [ 4.15377, 45.37995 ], [ 4.15875, 45.37934 ], [ 4.16602, 45.37399 ], [ 4.17132, 45.37466 ], [ 4.17578, 45.37272 ], [ 4.18274, 45.37158 ], [ 4.18648, 45.36655 ], [ 4.18921, 45.36651 ], [ 4.19023, 45.36563 ], [ 4.19171, 45.36169 ], [ 4.19579, 45.36124 ], [ 4.19697, 45.3625 ] ] } },
{ "type": "Feature", "properties": { "name": "le Pompet/Ruisseau de Palemberge", "weight_class": 1, "permanent": true, "length_km": 7.2 }, "geometry": { "type": "MultiLineString", "coordinates": [ [ [ 4.11961, 45.36949 ], [ 4.13081, 45.36721 ], [ 4.13731, 45.3692 ] ], [ [ 4.14299, 45.36633 ], [ 4.1455, 45.36532 ], [ 4.14891, 45.36603 ], [ 4.15146, 45.36472 ], [ 4.1539, 45.36475 ], [ 4.15491, 45.36359 ], [ 4.15866, 45.36262 ], [ 4.16056, 45.35971 ], [ 4.16309, 45.35816 ], [ 4.16286, 45.35106 ], [ 4.16717, 45.34891 ], [ 4.16446, 45.34441 ], [ 4.1666, 45.34304 ], [ 4.16541, 45.34097 ], [ 4.16649, 45.33994 ], [ 4.16553, 45.3367 ], [ 4.16791, 45.3329 ] ] ] } },
{ "type": "Feature", "properties": { "name": "le Moulina", "weight_class": 1, "permanent": true, "length_km": 4.6 }, "geometry": { "type": "LineString", "coordinates": [ [ 4.23292, 45.34229 ], [ 4.23315, 45.34428 ], [ 4.22912, 45.34516 ], [ 4.22467, 45.348 ], [ 4.21727, 45.34867 ], [ 4.20965, 45.34588 ], [ 4.2092, 45.34481 ], [ 4.20514, 45.34461 ], [ 4.2051, 45.3434 ], [ 4.20104, 45.34095 ], [ 4.19826, 45.34187 ], [ 4.19732, 45.3409 ], [ 4.19014, 45.34131 ] ] } },
{ "type": "Feature", "properties": { "name": "l'Aubéroux", "weight_class": 1, "permanent": true, "length_km": 4.7 }, "geometry": { "type": "LineString", "coordinates": [ [ 4.09402, 45.3467 ], [ 4.10565, 45.34676 ], [ 4.1131, 45.34055 ], [ 4.12236, 45.33936 ], [ 4.12657, 45.33708 ], [ 4.13441, 45.33731 ], [ 4.1394, 45.33442 ], [ 4.1437, 45.33474 ], [ 4.14457, 45.33401 ] ] } },
{ "type": "Feature", "properties": { "name": "l'Aubaigue", "weight_class": 1, "permanent": true, "length_km": 6.3 }, "geometry": { "type": "LineString", "coordinates": [ [ 4.0989, 45.35956 ], [ 4.10195, 45.35751 ], [ 4.10411, 45.35746 ], [ 4.10688, 45.35596 ], [ 4.10856, 45.35319 ], [ 4.11443, 45.35174 ], [ 4.11998, 45.34743 ], [ 4.12361, 45.34608 ], [ 4.12988, 45.34622 ], [ 4.13657, 45.34235 ], [ 4.13784, 45.34241 ], [ 4.14068, 45.33995 ], [ 4.14089, 45.33798 ], [ 4.14474, 45.3351 ], [ 4.14484, 45.33318 ], [ 4.15397, 45.3291 ] ] } },
{ "type": "Feature", "properties": { "name": null, "weight_class": 1, "permanent": false, "length_km": 3.6 }, "geometry": { "type": "LineString", "coordinates": [ [ 4.07793, 45.34979 ], [ 4.08318, 45.34562 ], [ 4.09264, 45.34365 ], [ 4.09572, 45.33861 ], [ 4.10351, 45.33676 ], [ 4.1108, 45.33035 ] ] } },
{ "type": "Feature", "properties": { "name": null, "weight_class": 1, "permanent": false, "length_km": 2.2 }, "geometry": { "type": "LineString", "coordinates": [ [ 4.22177, 45.32909 ], [ 4.21925, 45.33119 ], [ 4.21933, 45.33425 ], [ 4.21733, 45.33772 ], [ 4.21321, 45.34098 ], [ 4.21002, 45.34585 ] ] } },
{ "type": "Feature", "properties": { "name": null, "weight_class": 1, "permanent": true, "length_km": 2.2 }, "geometry": { "type": "LineString", "coordinates": [ [ 4.23303, 45.31843 ], [ 4.23598, 45.32095 ], [ 4.23864, 45.32748 ], [ 4.2429, 45.33004 ], [ 4.24561, 45.3346 ] ] } },
{ "type": "Feature", "properties": { "name": null, "weight_class": 1, "permanent": true, "length_km": 3.1 }, "geometry": { "type": "LineString", "coordinates": [ [ 4.21489, 45.32603 ], [ 4.21093, 45.33101 ], [ 4.20529, 45.33152 ], [ 4.20319, 45.33014 ], [ 4.19965, 45.33047 ], [ 4.19769, 45.33366 ], [ 4.19442, 45.33618 ], [ 4.19277, 45.33991 ], [ 4.19089, 45.34097 ] ] } },
{ "type": "Feature", "properties": { "name": "le Tranchard", "weight_class": 1, "permanent": true, "length_km": 8.9 }, "geometry": { "type": "LineString", "coordinates": [ [ 4.22422, 45.29638 ], [ 4.22276, 45.29921 ], [ 4.21712, 45.30265 ], [ 4.21155, 45.30336 ], [ 4.20738, 45.30658 ], [ 4.20272, 45.30619 ], [ 4.19542, 45.30724 ], [ 4.19195, 45.31083 ], [ 4.1899, 45.31115 ], [ 4.18782, 45.3155 ], [ 4.19051, 45.32119 ], [ 4.18821, 45.32409 ], [ 4.18537, 45.32295 ], [ 4.18455, 45.321 ], [ 4.18227, 45.32125 ], [ 4.17936, 45.32514 ], [ 4.17399, 45.32762 ], [ 4.17198, 45.3282 ], [ 4.16802, 45.32744 ], [ 4.16735, 45.32884 ], [ 4.16336, 45.32917 ], [ 4.16261, 45.32852 ], [ 4.15474, 45.32974 ] ] } },
{ "type": "Feature", "properties": { "name": "Ruisseau des Razes", "weight_class": 1, "permanent": true, "length_km": 3.2 }, "geometry": { "type": "LineString", "coordinates": [ [ 4.18043, 45.30713 ], [ 4.17503, 45.30404 ], [ 4.16885, 45.30509 ], [ 4.16589, 45.30429 ], [ 4.16362, 45.30469 ], [ 4.15939, 45.30785 ], [ 4.1546, 45.31552 ], [ 4.15228, 45.31593 ] ] } },
{ "type": "Feature", "properties": { "name": null, "weight_class": 1, "permanent": false, "length_km": 3.1 }, "geometry": { "type": "LineString", "coordinates": [ [ 4.22622, 45.29395 ], [ 4.22415, 45.29342 ], [ 4.21221, 45.29696 ], [ 4.2073, 45.3003 ], [ 4.20291, 45.30102 ], [ 4.19953, 45.30443 ], [ 4.19678, 45.30517 ], [ 4.19542, 45.30724 ] ] } },
{ "type": "Feature", "properties": { "name": "le Foletier", "weight_class": 1, "permanent": true, "length_km": 16.6 }, "geometry": { "type": "LineString", "coordinates": [ [ 4.25029, 45.27698 ], [ 4.2452, 45.27276 ], [ 4.24128, 45.27254 ], [ 4.23868, 45.27067 ], [ 4.23752, 45.27106 ], [ 4.23292, 45.26923 ], [ 4.23165, 45.26797 ], [ 4.22537, 45.2684 ], [ 4.22393, 45.26958 ], [ 4.2213, 45.26985 ], [ 4.21957, 45.2682 ], [ 4.21732, 45.26911 ], [ 4.21415, 45.26632 ], [ 4.21272, 45.26633 ], [ 4.2114, 45.2643 ], [ 4.20413, 45.26459 ], [ 4.19831, 45.26699 ], [ 4.19772, 45.26475 ], [ 4.1944, 45.26467 ], [ 4.19323, 45.26665 ], [ 4.19101, 45.2662 ], [ 4.18851, 45.26408 ], [ 4.18772, 45.26485 ], [ 4.18289, 45.26469 ], [ 4.18075, 45.26735 ], [ 4.17706, 45.26755 ], [ 4.1756, 45.26853 ], [ 4.17287, 45.26828 ], [ 4.17388, 45.2714 ], [ 4.17683, 45.27172 ], [ 4.17686, 45.27241 ], [ 4.16814, 45.27706 ], [ 4.1647, 45.28017 ], [ 4.16502, 45.28541 ], [ 4.16682, 45.28753 ], [ 4.16654, 45.2887 ], [ 4.16946, 45.29119 ], [ 4.16494, 45.29443 ], [ 4.16289, 45.29488 ], [ 4.1607, 45.29757 ], [ 4.15695, 45.29745 ], [ 4.1568, 45.29855 ], [ 4.1548, 45.29809 ], [ 4.15372, 45.29945 ], [ 4.1496, 45.30009 ], [ 4.1494, 45.30183 ], [ 4.1474, 45.30149 ], [ 4.14666, 45.30222 ], [ 4.14728, 45.30435 ], [ 4.14028, 45.309 ], [ 4.13499, 45.3112 ], [ 4.13556, 45.31204 ], [ 4.13413, 45.31285 ] ] } },
{ "type": "Feature", "properties": { "name": null, "weight_class": 1, "permanent": true, "length_km": 2.6 }, "geometry": { "type": "LineString", "coordinates": [ [ 4.08516, 45.3099 ], [ 4.092, 45.30884 ], [ 4.10298, 45.3045 ], [ 4.11597, 45.3046 ] ] } },
{ "type": "Feature", "properties": { "name": null, "weight_class": 1, "permanent": false, "length_km": 2.4 }, "geometry": { "type": "LineString", "coordinates": [ [ 4.0907, 45.29898 ], [ 4.09543, 45.29855 ], [ 4.10284, 45.30204 ], [ 4.10638, 45.30127 ], [ 4.1171, 45.30278 ] ] } },
{ "type": "Feature", "properties": { "name": null, "weight_class": 1, "permanent": true, "length_km": 5.3 }, "geometry": { "type": "LineString", "coordinates": [ [ 4.22829, 45.24045 ], [ 4.22508, 45.2399 ], [ 4.21642, 45.24193 ], [ 4.21231, 45.24663 ], [ 4.20446, 45.24826 ], [ 4.20179, 45.25168 ], [ 4.19548, 45.25356 ], [ 4.19176, 45.25739 ], [ 4.18914, 45.25645 ], [ 4.18531, 45.26156 ], [ 4.18571, 45.26429 ] ] } },
{ "type": "Feature", "properties": { "name": null, "weight_class": 1, "permanent": false, "length_km": 3.6 }, "geometry": { "type": "LineString", "coordinates": [ [ 4.08046, 45.2578 ], [ 4.08533, 45.26226 ], [ 4.09142, 45.26257 ], [ 4.09504, 45.26385 ], [ 4.09922, 45.26303 ], [ 4.10096, 45.26425 ], [ 4.10241, 45.27166 ], [ 4.10108, 45.27609 ], [ 4.09963, 45.27709 ] ] } },
{ "type": "Feature", "properties": { "name": "Ruisseau de Charrérogne", "weight_class": 1, "permanent": true, "length_km": 4.9 }, "geometry": { "type": "LineString", "coordinates": [ [ 4.22722, 45.18758 ], [ 4.22454, 45.18791 ], [ 4.22063, 45.19017 ], [ 4.22086, 45.19196 ], [ 4.21555, 45.19484 ], [ 4.2141, 45.19898 ], [ 4.21211, 45.19964 ], [ 4.21075, 45.19878 ], [ 4.20777, 45.2001 ], [ 4.20256, 45.20674 ], [ 4.20491, 45.21144 ], [ 4.21076, 45.21682 ] ] } },
{ "type": "Feature", "properties": { "name": "Ruisseau de la Souche", "weight_class": 1, "permanent": true, "length_km": 6.2 }, "geometry": { "type": "LineString", "coordinates": [ [ 4.26337, 45.18775 ], [ 4.25929, 45.1895 ], [ 4.2524, 45.18917 ], [ 4.24374, 45.1926 ], [ 4.24006, 45.19308 ], [ 4.24036, 45.19899 ], [ 4.23316, 45.20107 ], [ 4.23218, 45.20321 ], [ 4.22896, 45.20528 ], [ 4.22832, 45.20727 ], [ 4.22991, 45.20846 ], [ 4.22882, 45.21036 ], [ 4.22539, 45.21114 ], [ 4.22192, 45.21079 ], [ 4.22146, 45.21575 ], [ 4.21979, 45.21831 ] ] } },
{ "type": "Feature", "properties": { "name": "Ruisseau Mécique", "weight_class": 1, "permanent": true, "length_km": 6.6 }, "geometry": { "type": "LineString", "coordinates": [ [ 4.19797, 45.17621 ], [ 4.19247, 45.1752 ], [ 4.18947, 45.1762 ], [ 4.18878, 45.1777 ], [ 4.18733, 45.18592 ], [ 4.18796, 45.18891 ], [ 4.18691, 45.1905 ], [ 4.18829, 45.19386 ], [ 4.1851, 45.19891 ], [ 4.18662, 45.20096 ], [ 4.18424, 45.20509 ], [ 4.18485, 45.20965 ], [ 4.18158, 45.21039 ], [ 4.18223, 45.21322 ], [ 4.17863, 45.21484 ], [ 4.17552, 45.21364 ], [ 4.17514, 45.21246 ], [ 4.17275, 45.21244 ] ] } },
{ "type": "Feature", "properties": { "name": "Ruisseau du Roure", "weight_class": 1, "permanent": false, "length_km": 2.2 }, "geometry": { "type": "LineString", "coordinates": [ [ 4.12132, 45.22818 ], [ 4.10779, 45.23981 ], [ 4.10318, 45.23912 ] ] } },
{ "type": "Feature", "properties": { "name": "Riou de Jeanne", "weight_class": 2, "permanent": false, "length_km": 3.3 }, "geometry": { "type": "LineString", "coordinates": [ [ 4.08872, 45.18703 ], [ 4.09081, 45.18809 ], [ 4.09049, 45.19054 ], [ 4.09246, 45.19294 ], [ 4.09132, 45.19757 ], [ 4.09592, 45.20208 ], [ 4.09623, 45.20534 ], [ 4.10136, 45.21178 ] ] } },
{ "type": "Feature", "properties": { "name": "Ruisseau de Courenc", "weight_class": 1, "permanent": false, "length_km": 2.9 }, "geometry": { "type": "LineString", "coordinates": [ [ 4.08639, 45.19358 ], [ 4.08656, 45.20311 ], [ 4.08387, 45.20482 ], [ 4.08143, 45.20819 ], [ 4.07489, 45.21023 ], [ 4.07323, 45.21288 ], [ 4.072, 45.21309 ] ] } },
{ "type": "Feature", "properties": { "name": "Riou Mouri", "weight_class": 1, "permanent": true, "length_km": 2.2 }, "geometry": { "type": "LineString", "coordinates": [ [ 4.10068, 45.12924 ], [ 4.09743, 45.13001 ], [ 4.09563, 45.1321 ], [ 4.09655, 45.13601 ], [ 4.09442, 45.13761 ], [ 4.09422, 45.13998 ], [ 4.09067, 45.14056 ], [ 4.089, 45.1424 ] ] } },
{ "type": "Feature", "properties": { "name": "le Lignon", "weight_class": 2, "permanent": true, "length_km": 85.5 }, "geometry": { "type": "MultiLineString", "coordinates": [ [ [ 4.30871, 45.02498 ], [ 4.3114, 45.02467 ], [ 4.31201, 45.02555 ], [ 4.30934, 45.03023 ], [ 4.3121, 45.03504 ], [ 4.31056, 45.0362 ], [ 4.30771, 45.03645 ], [ 4.30691, 45.03819 ], [ 4.30735, 45.0403 ], [ 4.31147, 45.04139 ], [ 4.31249, 45.04261 ], [ 4.3097, 45.04646 ], [ 4.30977, 45.04907 ], [ 4.3182, 45.04873 ], [ 4.32094, 45.05031 ], [ 4.31879, 45.05241 ], [ 4.31524, 45.05274 ], [ 4.30848, 45.0562 ], [ 4.30452, 45.05992 ], [ 4.30274, 45.05713 ], [ 4.29451, 45.05996 ], [ 4.2924, 45.06219 ], [ 4.2922, 45.06516 ], [ 4.28665, 45.06576 ], [ 4.28721, 45.06698 ], [ 4.28585, 45.0688 ], [ 4.29114, 45.06947 ], [ 4.28997, 45.07369 ], [ 4.28801, 45.07389 ], [ 4.28773, 45.0752 ], [ 4.28406, 45.07585 ], [ 4.28584, 45.07678 ], [ 4.28619, 45.07817 ], [ 4.28943, 45.07888 ], [ 4.2911, 45.08098 ], [ 4.28834, 45.0833 ], [ 4.29024, 45.08861 ], [ 4.28785, 45.09402 ], [ 4.28979, 45.09619 ], [ 4.288, 45.09818 ], [ 4.28185, 45.10097 ], [ 4.28108, 45.10489 ], [ 4.2759, 45.10461 ], [ 4.27389, 45.10581 ], [ 4.27648, 45.10996 ], [ 4.28108, 45.1097 ], [ 4.2774, 45.11307 ], [ 4.27885, 45.115 ], [ 4.28004, 45.11549 ], [ 4.28547, 45.11469 ], [ 4.287, 45.11544 ], [ 4.28518, 45.11767 ], [ 4.27836, 45.12162 ], [ 4.28264, 45.12457 ], [ 4.28242, 45.13061 ], [ 4.28527, 45.13308 ], [ 4.28417, 45.13546 ], [ 4.28161, 45.13658 ], [ 4.28092, 45.13906 ], [ 4.27736, 45.14054 ], [ 4.27253, 45.13779 ], [ 4.26614, 45.13747 ], [ 4.26642, 45.1404 ], [ 4.27088, 45.14227 ], [ 4.27167, 45.14451 ], [ 4.26744, 45.14455 ], [ 4.26446, 45.14561 ], [ 4.26353, 45.14334 ], [ 4.26112, 45.14349 ], [ 4.26128, 45.14707 ], [ 4.25795, 45.15096 ], [ 4.2509, 45.15059 ], [ 4.24657, 45.15723 ], [ 4.23662, 45.15735 ], [ 4.23639, 45.15379 ], [ 4.23343, 45.15216 ], [ 4.22857, 45.15148 ], [ 4.22412, 45.14798 ], [ 4.21786, 45.14689 ], [ 4.21267, 45.14705 ], [ 4.21164, 45.14832 ], [ 4.21279, 45.1525 ], [ 4.20311, 45.15386 ], [ 4.20264, 45.1562 ], [ 4.19978, 45.15743 ], [ 4.19411, 45.15663 ], [ 4.19319, 45.16139 ], [ 4.19037, 45.16302 ], [ 4.18761, 45.16155 ], [ 4.18675, 45.1643 ], [ 4.18154, 45.1675 ], [ 4.17843, 45.16688 ], [ 4.17766, 45.16486 ], [ 4.17865, 45.1619 ], [ 4.17437, 45.15981 ], [ 4.17008, 45.16345 ], [ 4.16819, 45.16672 ], [ 4.17649, 45.16639 ], [ 4.17339, 45.16899 ], [ 4.17282, 45.17123 ], [ 4.17084, 45.17174 ], [ 4.16809, 45.16997 ], [ 4.16543, 45.17232 ], [ 4.16937, 45.17319 ], [ 4.16967, 45.17673 ], [ 4.16458, 45.17577 ], [ 4.16343, 45.17708 ], [ 4.16071, 45.17656 ], [ 4.15892, 45.17786 ], [ 4.15466, 45.17854 ], [ 4.15263, 45.1804 ], [ 4.14652, 45.18044 ], [ 4.1483, 45.18111 ], [ 4.14777, 45.1829 ], [ 4.15028, 45.18244 ], [ 4.15053, 45.1839 ], [ 4.14807, 45.18494 ], [ 4.14922, 45.18725 ], [ 4.15115, 45.188 ], [ 4.1504, 45.18894 ], [ 4.153, 45.18979 ], [ 4.15567, 45.19223 ], [ 4.15747, 45.19244 ], [ 4.15848, 45.18723 ], [ 4.16025, 45.18634 ], [ 4.16233, 45.18984 ], [ 4.1643, 45.19086 ], [ 4.16542, 45.19368 ], [ 4.16949, 45.19513 ], [ 4.16998, 45.19827 ], [ 4.16774, 45.19985 ], [ 4.16778, 45.20159 ], [ 4.16353, 45.20236 ], [ 4.16421, 45.20423 ], [ 4.16682, 45.20508 ], [ 4.16827, 45.21084 ], [ 4.17052, 45.21231 ], [ 4.17248, 45.2121 ], [ 4.17275, 45.21333 ], [ 4.1698, 45.21398 ], [ 4.16595, 45.21352 ], [ 4.16487, 45.21456 ], [ 4.16599, 45.21625 ], [ 4.16384, 45.21743 ], [ 4.1667, 45.2216 ], [ 4.17121, 45.22108 ], [ 4.17877, 45.22388 ], [ 4.17398, 45.22774 ], [ 4.15653, 45.22873 ], [ 4.1546, 45.23389 ], [ 4.1585, 45.23627 ], [ 4.15587, 45.23826 ], [ 4.15808, 45.23979 ], [ 4.15792, 45.24091 ], [ 4.15702, 45.24163 ], [ 4.15498, 45.24062 ], [ 4.15372, 45.24113 ], [ 4.15132, 45.24397 ], [ 4.14792, 45.24446 ], [ 4.1464, 45.24667 ], [ 4.14364, 45.24714 ], [ 4.14298, 45.24808 ], [ 4.14377, 45.24934 ], [ 4.14772, 45.24974 ], [ 4.1514, 45.25196 ], [ 4.15217, 45.25564 ], [ 4.14466, 45.25867 ] ], [ [ 4.17805, 44.92132 ], [ 4.17904, 44.92564 ], [ 4.17723, 44.92954 ], [ 4.17857, 44.93063 ], [ 4.17879, 44.93386 ], [ 4.17252, 44.93561 ], [ 4.16901, 44.93809 ], [ 4.16607, 44.94641 ], [ 4.16992, 44.94994 ], [ 4.17323, 44.95069 ], [ 4.17584, 44.95334 ], [ 4.17444, 44.95571 ], [ 4.17523, 44.95982 ], [ 4.1773, 44.96012 ], [ 4.17695, 44.96187 ], [ 4.17899, 44.96432 ], [ 4.18225, 44.96505 ], [ 4.18613, 44.96447 ], [ 4.19427, 44.97081 ], [ 4.19776, 44.9688 ], [ 4.20287, 44.9717 ], [ 4.20565, 44.97174 ], [ 4.2071, 44.97316 ], [ 4.2116, 44.97366 ], [ 4.21779, 44.97583 ], [ 4.21792, 44.97969 ], [ 4.2194, 44.98099 ], [ 4.21975, 44.98426 ], [ 4.22193, 44.98574 ], [ 4.22101, 44.98886 ], [ 4.22437, 44.99217 ], [ 4.22947, 44.99251 ], [ 4.23017, 44.99118 ], [ 4.23603, 44.9907 ], [ 4.2378, 44.9885 ], [ 4.23916, 44.98884 ], [ 4.23832, 44.98903 ], [ 4.23885, 44.99027 ], [ 4.24213, 44.99085 ], [ 4.24101, 44.99534 ], [ 4.24431, 44.99725 ], [ 4.24204, 44.99842 ], [ 4.24079, 45.00259 ], [ 4.24396, 45.00365 ], [ 4.24721, 45.00645 ], [ 4.24391, 45.01116 ], [ 4.24517, 45.01319 ], [ 4.2483, 45.01364 ], [ 4.24809, 45.01547 ], [ 4.25432, 45.01697 ], [ 4.25452, 45.01845 ], [ 4.25337, 45.01923 ], [ 4.25815, 45.0194 ], [ 4.26146, 45.0228 ], [ 4.27392, 45.02351 ], [ 4.28087, 45.02214 ], [ 4.28279, 45.02411 ], [ 4.28335, 45.02668 ], [ 4.28504, 45.02588 ], [ 4.28831, 45.0201 ], [ 4.29142, 45.01801 ], [ 4.2983, 45.0206 ], [ 4.30144, 45.01871 ] ], [ [ 4.3027, 45.02487 ], [ 4.30505, 45.02586 ], [ 4.30845, 45.02503 ] ] ] } },
{ "type": "Feature", "properties": { "name": null, "weight_class": 1, "permanent": false, "length_km": 2.2 }, "geometry": { "type": "LineString", "coordinates": [ [ 4.13034, 45.22987 ], [ 4.12898, 45.23206 ], [ 4.12687, 45.23311 ], [ 4.12363, 45.2412 ], [ 4.12022, 45.24295 ], [ 4.1199, 45.24706 ] ] } },
{ "type": "Feature", "properties": { "name": "le Ramel", "weight_class": 2, "permanent": true, "length_km": 25.0 }, "geometry": { "type": "LineString", "coordinates": [ [ 4.10568, 45.07978 ], [ 4.1008, 45.08023 ], [ 4.09735, 45.08425 ], [ 4.09572, 45.09753 ], [ 4.09627, 45.09961 ], [ 4.09848, 45.10092 ], [ 4.09794, 45.1028 ], [ 4.09378, 45.10596 ], [ 4.09437, 45.10675 ], [ 4.09187, 45.10885 ], [ 4.09091, 45.11132 ], [ 4.09107, 45.11286 ], [ 4.09338, 45.114 ], [ 4.09256, 45.11634 ], [ 4.09417, 45.12166 ], [ 4.09135, 45.12611 ], [ 4.08673, 45.12895 ], [ 4.08901, 45.13671 ], [ 4.08821, 45.13782 ], [ 4.08931, 45.13876 ], [ 4.08931, 45.14697 ], [ 4.09068, 45.14747 ], [ 4.09101, 45.15122 ], [ 4.0874, 45.15242 ], [ 4.08535, 45.15706 ], [ 4.08155, 45.15807 ], [ 4.07891, 45.16026 ], [ 4.07659, 45.16277 ], [ 4.07458, 45.16787 ], [ 4.07556, 45.17063 ], [ 4.07701, 45.17145 ], [ 4.07961, 45.17085 ], [ 4.08139, 45.17233 ], [ 4.0849, 45.1725 ], [ 4.08627, 45.17521 ], [ 4.08484, 45.17628 ], [ 4.08828, 45.17682 ], [ 4.08956, 45.17893 ], [ 4.09357, 45.17803 ], [ 4.09404, 45.18097 ], [ 4.09604, 45.18284 ], [ 4.09889, 45.18135 ], [ 4.0996, 45.1833 ], [ 4.10175, 45.18319 ], [ 4.10305, 45.1848 ], [ 4.1057, 45.18529 ], [ 4.10833, 45.18864 ], [ 4.10827, 45.19086 ], [ 4.11086, 45.19136 ], [ 4.1114, 45.19287 ], [ 4.11013, 45.19385 ], [ 4.11336, 45.19487 ], [ 4.11291, 45.19617 ], [ 4.10852, 45.19743 ], [ 4.11055, 45.20078 ], [ 4.10871, 45.20164 ], [ 4.10973, 45.20318 ], [ 4.10723, 45.20318 ], [ 4.10792, 45.20444 ], [ 4.10696, 45.20545 ], [ 4.10819, 45.20696 ], [ 4.10316, 45.20923 ], [ 4.1031, 45.21087 ], [ 4.10097, 45.21227 ], [ 4.10094, 45.21942 ], [ 4.10368, 45.22366 ], [ 4.10199, 45.2276 ], [ 4.1041, 45.23224 ], [ 4.1006, 45.23389 ], [ 4.10064, 45.23621 ], [ 4.10313, 45.239 ], [ 4.10299, 45.24037 ] ] } },
{ "type": "Feature", "properties": { "name": null, "weight_class": 1, "permanent": false, "length_km": 2.3 }, "geometry": { "type": "LineString", "coordinates": [ [ 4.06745, 45.24004 ], [ 4.07202, 45.23541 ], [ 4.07135, 45.22951 ], [ 4.08122, 45.22662 ] ] } },
{ "type": "Feature", "properties": { "name": null, "weight_class": 1, "permanent": false, "length_km": 2.9 }, "geometry": { "type": "LineString", "coordinates": [ [ 4.13539, 45.21817 ], [ 4.14006, 45.2175 ], [ 4.14291, 45.21884 ], [ 4.1488, 45.21979 ], [ 4.15433, 45.21947 ], [ 4.15731, 45.22033 ], [ 4.16019, 45.22376 ], [ 4.1609, 45.22673 ], [ 4.15957, 45.22856 ] ] } },
{ "type": "Feature", "properties": { "name": null, "weight_class": 1, "permanent": true, "length_km": 3.8 }, "geometry": { "type": "LineString", "coordinates": [ [ 4.12405, 45.19598 ], [ 4.12162, 45.19787 ], [ 4.11784, 45.21029 ], [ 4.11451, 45.21317 ], [ 4.11456, 45.21519 ], [ 4.10275, 45.22289 ] ] } },
{ "type": "Feature", "properties": { "name": "le Riougrand", "weight_class": 1, "permanent": true, "length_km": 6.0 }, "geometry": { "type": "LineString", "coordinates": [ [ 4.06836, 45.17663 ], [ 4.06837, 45.17907 ], [ 4.06544, 45.1815 ], [ 4.0639, 45.18473 ], [ 4.06046, 45.18681 ], [ 4.06151, 45.18752 ], [ 4.0608, 45.18885 ], [ 4.05742, 45.19109 ], [ 4.05912, 45.19479 ], [ 4.06361, 45.19801 ], [ 4.07219, 45.20981 ], [ 4.0732, 45.22072 ] ] } },
{ "type": "Feature", "properties": { "name": null, "weight_class": 1, "permanent": true, "length_km": 2.4 }, "geometry": { "type": "LineString", "coordinates": [ [ 4.12554, 45.17618 ], [ 4.12883, 45.17446 ], [ 4.13566, 45.17409 ], [ 4.14112, 45.17504 ], [ 4.14212, 45.17687 ], [ 4.14578, 45.17666 ], [ 4.14854, 45.18035 ] ] } },
{ "type": "Feature", "properties": { "name": "Ruisseau de Crisselle", "weight_class": 1, "permanent": true, "length_km": 8.9 }, "geometry": { "type": "LineString", "coordinates": [ [ 4.12006, 45.13436 ], [ 4.11477, 45.13919 ], [ 4.11424, 45.1429 ], [ 4.12152, 45.14976 ], [ 4.12366, 45.15647 ], [ 4.1174, 45.15969 ], [ 4.11892, 45.16444 ], [ 4.11267, 45.16691 ], [ 4.11129, 45.16655 ], [ 4.10726, 45.16772 ], [ 4.1049, 45.17118 ], [ 4.10464, 45.1731 ], [ 4.10657, 45.17646 ], [ 4.11086, 45.17739 ], [ 4.11211, 45.1796 ], [ 4.11505, 45.18022 ], [ 4.11656, 45.18285 ], [ 4.11585, 45.18542 ], [ 4.11335, 45.18572 ], [ 4.11057, 45.1874 ], [ 4.11072, 45.18884 ], [ 4.10821, 45.19071 ] ] } },
{ "type": "Feature", "properties": { "name": null, "weight_class": 1, "permanent": true, "length_km": 2.1 }, "geometry": { "type": "LineString", "coordinates": [ [ 4.23988, 45.13596 ], [ 4.23755, 45.13551 ], [ 4.23342, 45.13939 ], [ 4.22828, 45.14017 ], [ 4.22336, 45.14766 ] ] } },
{ "type": "Feature", "properties": { "name": null, "weight_class": 1, "permanent": true, "length_km": 2.5 }, "geometry": { "type": "LineString", "coordinates": [ [ 4.21184, 45.14983 ], [ 4.20168, 45.15145 ], [ 4.19244, 45.155 ], [ 4.18868, 45.15742 ], [ 4.18761, 45.16155 ] ] } },
{ "type": "Feature", "properties": { "name": null, "weight_class": 1, "permanent": true, "length_km": 3.4 }, "geometry": { "type": "LineString", "coordinates": [ [ 4.20456, 45.12295 ], [ 4.20292, 45.12493 ], [ 4.20398, 45.12694 ], [ 4.20239, 45.12828 ], [ 4.2032, 45.13026 ], [ 4.20213, 45.13277 ], [ 4.20489, 45.13829 ], [ 4.2048, 45.142 ], [ 4.20659, 45.14625 ], [ 4.20779, 45.14762 ], [ 4.21164, 45.14832 ] ] } },
{ "type": "Feature", "properties": { "name": null, "weight_class": 1, "permanent": false, "length_km": 2.1 }, "geometry": { "type": "LineString", "coordinates": [ [ 4.15853, 45.14341 ], [ 4.16002, 45.1439 ], [ 4.16176, 45.1471 ], [ 4.16025, 45.15292 ], [ 4.15644, 45.15505 ], [ 4.15613, 45.15911 ] ] } },
{ "type": "Feature", "properties": { "name": "Ruisseau de la Freyde", "weight_class": 1, "permanent": false, "length_km": 3.3 }, "geometry": { "type": "LineString", "coordinates": [ [ 4.16244, 45.12506 ], [ 4.15974, 45.12778 ], [ 4.15896, 45.13314 ], [ 4.15384, 45.13331 ], [ 4.14628, 45.13794 ], [ 4.14416, 45.14174 ], [ 4.14454, 45.1441 ], [ 4.14318, 45.14526 ], [ 4.14403, 45.14612 ] ] } },
{ "type": "Feature", "properties": { "name": "la Siaulme", "weight_class": 1, "permanent": true, "length_km": 11.0 }, "geometry": { "type": "LineString", "coordinates": [ [ 4.11532, 45.10742 ], [ 4.12139, 45.11973 ], [ 4.13002, 45.12497 ], [ 4.13101, 45.12955 ], [ 4.13293, 45.13042 ], [ 4.13305, 45.13495 ], [ 4.12995, 45.13667 ], [ 4.13034, 45.13939 ], [ 4.13264, 45.14019 ], [ 4.13297, 45.14167 ], [ 4.13542, 45.14341 ], [ 4.13891, 45.14417 ], [ 4.13802, 45.14639 ], [ 4.14268, 45.14676 ], [ 4.14541, 45.14594 ], [ 4.14505, 45.14964 ], [ 4.14671, 45.15138 ], [ 4.14498, 45.15849 ], [ 4.14772, 45.16023 ], [ 4.15159, 45.15868 ], [ 4.15771, 45.15934 ], [ 4.15813, 45.16185 ], [ 4.15963, 45.16292 ], [ 4.16935, 45.16091 ], [ 4.17146, 45.16281 ] ] } },
{ "type": "Feature", "properties": { "name": null, "weight_class": 1, "permanent": true, "length_km": 2.1 }, "geometry": { "type": "LineString", "coordinates": [ [ 4.16656, 45.1366 ], [ 4.16464, 45.14131 ], [ 4.1686, 45.14488 ], [ 4.16836, 45.14778 ], [ 4.16947, 45.14914 ], [ 4.17401, 45.15137 ] ] } },
{ "type": "Feature", "properties": { "name": "l'Auze", "weight_class": 1, "permanent": true, "length_km": 18.1 }, "geometry": { "type": "LineString", "coordinates": [ [ 4.17228, 45.04117 ], [ 4.17318, 45.04302 ], [ 4.17113, 45.04513 ], [ 4.17148, 45.04786 ], [ 4.16909, 45.0503 ], [ 4.16486, 45.05239 ], [ 4.16286, 45.05501 ], [ 4.16134, 45.06675 ], [ 4.15872, 45.06898 ], [ 4.15956, 45.07067 ], [ 4.16417, 45.07287 ], [ 4.1678, 45.07653 ], [ 4.17123, 45.07818 ], [ 4.17518, 45.07793 ], [ 4.17919, 45.08177 ], [ 4.17889, 45.08394 ], [ 4.17742, 45.08495 ], [ 4.17794, 45.0869 ], [ 4.18094, 45.09191 ], [ 4.18336, 45.09343 ], [ 4.1837, 45.09554 ], [ 4.18293, 45.09803 ], [ 4.17991, 45.10121 ], [ 4.18021, 45.10286 ], [ 4.17829, 45.10468 ], [ 4.17923, 45.10855 ], [ 4.17829, 45.11244 ], [ 4.17884, 45.11332 ], [ 4.18177, 45.11335 ], [ 4.184, 45.11739 ], [ 4.18006, 45.12024 ], [ 4.18294, 45.1247 ], [ 4.18307, 45.1276 ], [ 4.18588, 45.12944 ], [ 4.18824, 45.13444 ], [ 4.18216, 45.13678 ], [ 4.18409, 45.14078 ], [ 4.17956, 45.14173 ], [ 4.18008, 45.14468 ], [ 4.17827, 45.14566 ], [ 4.18015, 45.1481 ], [ 4.17978, 45.15045 ], [ 4.17537, 45.15049 ], [ 4.17262, 45.15242 ], [ 4.17481, 45.1563 ], [ 4.17281, 45.16108 ] ] } },
{ "type": "Feature", "properties": { "name": null, "weight_class": 1, "permanent": false, "length_km": 2.1 }, "geometry": { "type": "LineString", "coordinates": [ [ 4.2137, 45.12012 ], [ 4.22007, 45.12029 ], [ 4.22338, 45.11894 ], [ 4.23388, 45.11791 ], [ 4.23749, 45.11988 ] ] } },
{ "type": "Feature", "properties": { "name": "le Riotord", "weight_class": 1, "permanent": true, "length_km": 2.8 }, "geometry": { "type": "LineString", "coordinates": [ [ 4.203, 45.11002 ], [ 4.20593, 45.10953 ], [ 4.21012, 45.11081 ], [ 4.21849, 45.10913 ], [ 4.22275, 45.11104 ], [ 4.22896, 45.10889 ], [ 4.23294, 45.11018 ] ] } },
{ "type": "Feature", "properties": { "name": "Ruisseau de Truisson", "weight_class": 1, "permanent": true, "length_km": 6.4 }, "geometry": { "type": "LineString", "coordinates": [ [ 4.06592, 45.10237 ], [ 4.06644, 45.1041 ], [ 4.0651, 45.10792 ], [ 4.07213, 45.11163 ], [ 4.0731, 45.11301 ], [ 4.07378, 45.11869 ], [ 4.07643, 45.12256 ], [ 4.07557, 45.12508 ], [ 4.0778, 45.13156 ], [ 4.07698, 45.13376 ], [ 4.07964, 45.13267 ], [ 4.08249, 45.13325 ], [ 4.08387, 45.13504 ], [ 4.0831, 45.13653 ], [ 4.08455, 45.13866 ], [ 4.08454, 45.14164 ], [ 4.08949, 45.14496 ] ] } },
{ "type": "Feature", "properties": { "name": "la Suissesse", "weight_class": 1, "permanent": true, "length_km": 14.7 }, "geometry": { "type": "LineString", "coordinates": [ [ 4.0684, 45.12543 ], [ 4.06458, 45.12819 ], [ 4.06017, 45.12954 ], [ 4.05774, 45.12898 ], [ 4.0562, 45.13044 ], [ 4.05356, 45.12974 ], [ 4.04766, 45.13025 ], [ 4.04002, 45.12775 ], [ 4.03534, 45.12859 ], [ 4.03145, 45.1312 ], [ 4.02861, 45.13138 ], [ 4.02416, 45.12994 ], [ 4.01679, 45.12428 ], [ 4.01228, 45.12311 ], [ 4.00942, 45.12448 ], [ 3.99965, 45.12424 ], [ 3.9976, 45.12616 ], [ 3.99342, 45.12638 ], [ 3.99237, 45.12763 ], [ 3.98285, 45.12827 ], [ 3.98072, 45.12948 ], [ 3.97497, 45.1276 ], [ 3.97169, 45.12462 ], [ 3.96754, 45.12326 ], [ 3.96784, 45.12241 ], [ 3.96459, 45.12037 ], [ 3.96181, 45.12132 ], [ 3.95948, 45.1208 ], [ 3.95714, 45.12312 ], [ 3.95161, 45.12301 ], [ 3.94841, 45.12473 ], [ 3.94361, 45.12429 ], [ 3.9423, 45.12326 ], [ 3.93979, 45.12449 ], [ 3.93442, 45.12438 ], [ 3.93005, 45.1262 ], [ 3.92391, 45.12597 ], [ 3.9205, 45.12803 ] ] } },
{ "type": "Feature", "properties": { "name": "le Bellecombe", "weight_class": 1, "permanent": true, "length_km": 6.4 }, "geometry": { "type": "LineString", "coordinates": [ [ 4.12878, 45.07468 ], [ 4.13718, 45.08219 ], [ 4.14683, 45.08485 ], [ 4.14889, 45.0882 ], [ 4.14858, 45.0935 ], [ 4.1516, 45.09532 ], [ 4.15226, 45.09695 ], [ 4.15821, 45.09748 ], [ 4.16156, 45.10168 ], [ 4.16411, 45.10281 ], [ 4.16957, 45.10286 ], [ 4.17273, 45.10583 ], [ 4.17619, 45.10477 ], [ 4.17878, 45.10592 ] ] } },
{ "type": "Feature", "properties": { "name": "Ruisseau du Merlan", "weight_class": 1, "permanent": false, "length_km": 7.7 }, "geometry": { "type": "LineString", "coordinates": [ [ 4.10508, 45.07106 ], [ 4.09809, 45.06923 ], [ 4.09661, 45.06683 ], [ 4.09462, 45.06583 ], [ 4.09001, 45.06724 ], [ 4.08374, 45.06627 ], [ 4.08054, 45.06482 ], [ 4.07129, 45.06502 ], [ 4.06636, 45.06364 ], [ 4.06468, 45.06252 ], [ 4.062, 45.05599 ], [ 4.06425, 45.05345 ], [ 4.06469, 45.0507 ], [ 4.06826, 45.04695 ], [ 4.06503, 45.0444 ], [ 4.05648, 45.04419 ], [ 4.05292, 45.04566 ], [ 4.0492, 45.04392 ] ] } },
{ "type": "Feature", "properties": { "name": "Ruisseau du Fraisse", "weight_class": 1, "permanent": true, "length_km": 4.7 }, "geometry": { "type": "LineString", "coordinates": [ [ 4.09932, 45.01952 ], [ 4.08915, 45.02161 ], [ 4.08614, 45.02278 ], [ 4.08312, 45.02555 ], [ 4.0811, 45.02466 ], [ 4.07965, 45.02542 ], [ 4.0769, 45.02483 ], [ 4.0676, 45.02758 ], [ 4.0636, 45.03161 ], [ 4.06289, 45.03583 ], [ 4.06115, 45.03638 ], [ 4.06129, 45.03742 ], [ 4.05833, 45.04 ] ] } },
{ "type": "Feature", "properties": { "name": "Ruisseau du Cros", "weight_class": 1, "permanent": true, "length_km": 3.6 }, "geometry": { "type": "LineString", "coordinates": [ [ 4.15569, 45.0029 ], [ 4.1511, 45.00183 ], [ 4.14726, 45.00256 ], [ 4.1395, 45.0014 ], [ 4.12356, 45.0014 ], [ 4.12051, 45.00048 ], [ 4.11857, 44.99825 ], [ 4.11636, 44.99798 ] ] } },
{ "type": "Feature", "properties": { "name": "Ruisseau de la Ribe", "weight_class": 1, "permanent": true, "length_km": 2.2 }, "geometry": { "type": "LineString", "coordinates": [ [ 4.08467, 45.01074 ], [ 4.07255, 45.02025 ], [ 4.07138, 45.02632 ] ] } },
{ "type": "Feature", "properties": { "name": "Ruisseau du Fraisse", "weight_class": 1, "permanent": true, "length_km": 3.1 }, "geometry": { "type": "LineString", "coordinates": [ [ 4.0882, 44.96196 ], [ 4.08038, 44.96315 ], [ 4.07744, 44.96235 ], [ 4.07183, 44.96583 ], [ 4.06092, 44.96599 ], [ 4.0577, 44.96664 ], [ 4.05533, 44.96832 ] ] } },
{ "type": "Feature", "properties": { "name": null, "weight_class": 1, "permanent": true, "length_km": 2.3 }, "geometry": { "type": "LineString", "coordinates": [ [ 4.15448, 45.08403 ], [ 4.15495, 45.08687 ], [ 4.15837, 45.08766 ], [ 4.16406, 45.08542 ], [ 4.17749, 45.08517 ] ] } },
{ "type": "Feature", "properties": { "name": null, "weight_class": 1, "permanent": false, "length_km": 2.3 }, "geometry": { "type": "LineString", "coordinates": [ [ 4.21172, 45.06155 ], [ 4.21458, 45.06361 ], [ 4.21753, 45.06401 ], [ 4.22331, 45.06138 ], [ 4.22678, 45.05739 ], [ 4.23149, 45.05622 ], [ 4.23255, 45.05685 ] ] } },
{ "type": "Feature", "properties": { "name": "Ruisseau de Montgiraud", "weight_class": 1, "permanent": true, "length_km": 2.9 }, "geometry": { "type": "LineString", "coordinates": [ [ 4.20033, 45.04899 ], [ 4.20221, 45.0466 ], [ 4.20403, 45.04684 ], [ 4.20732, 45.04533 ], [ 4.21144, 45.04836 ], [ 4.22395, 45.0473 ], [ 4.22892, 45.04923 ] ] } },
{ "type": "Feature", "properties": { "name": "les Merles", "weight_class": 1, "permanent": true, "length_km": 10.1 }, "geometry": { "type": "LineString", "coordinates": [ [ 4.1676, 45.03847 ], [ 4.16955, 45.03216 ], [ 4.17078, 45.03169 ], [ 4.17392, 45.03258 ], [ 4.17626, 45.03098 ], [ 4.1802, 45.03159 ], [ 4.18361, 45.02958 ], [ 4.18286, 45.0263 ], [ 4.18498, 45.02302 ], [ 4.19831, 45.02254 ], [ 4.19933, 45.0231 ], [ 4.2022, 45.02125 ], [ 4.20404, 45.02119 ], [ 4.20403, 45.02009 ], [ 4.20711, 45.0193 ], [ 4.21238, 45.02149 ], [ 4.21458, 45.02048 ], [ 4.21719, 45.02161 ], [ 4.21903, 45.02075 ], [ 4.22335, 45.02112 ], [ 4.22595, 45.01946 ], [ 4.22941, 45.02038 ], [ 4.23437, 45.01732 ], [ 4.24264, 45.01484 ], [ 4.24491, 45.01303 ] ] } },
{ "type": "Feature", "properties": { "name": "le Montusclat", "weight_class": 1, "permanent": true, "length_km": 4.8 }, "geometry": { "type": "LineString", "coordinates": [ [ 4.12561, 45.03086 ], [ 4.12474, 45.02623 ], [ 4.12577, 45.02471 ], [ 4.12461, 45.02213 ], [ 4.12713, 45.019 ], [ 4.12752, 45.01671 ], [ 4.125, 45.01262 ], [ 4.1224, 45.01189 ], [ 4.1205, 45.00934 ], [ 4.11348, 45.00968 ], [ 4.10772, 45.01112 ], [ 4.10508, 45.0082 ], [ 4.10176, 45.00776 ] ] } },
{ "type": "Feature", "properties": { "name": null, "weight_class": 1, "permanent": false, "length_km": 2.6 }, "geometry": { "type": "LineString", "coordinates": [ [ 4.05641, 45.02391 ], [ 4.05791, 45.02585 ], [ 4.05314, 45.02967 ], [ 4.04995, 45.03019 ], [ 4.0453, 45.03929 ], [ 4.04103, 45.03839 ] ] } },
{ "type": "Feature", "properties": { "name": "le Neyzac", "weight_class": 1, "permanent": false, "length_km": 3.1 }, "geometry": { "type": "LineString", "coordinates": [ [ 4.09704, 45.03013 ], [ 4.09365, 45.02974 ], [ 4.09004, 45.03052 ], [ 4.08711, 45.02981 ], [ 4.08511, 45.03042 ], [ 4.07218, 45.0393 ], [ 4.06952, 45.03901 ], [ 4.06658, 45.04017 ] ] } },
{ "type": "Feature", "properties": { "name": "le Surenne", "weight_class": 1, "permanent": false, "length_km": 8.4 }, "geometry": { "type": "LineString", "coordinates": [ [ 4.17746, 45.00395 ], [ 4.18213, 45.00465 ], [ 4.18687, 45.00397 ], [ 4.1883, 45.00542 ], [ 4.1914, 45.00606 ], [ 4.19521, 45.00539 ], [ 4.19925, 45.007 ], [ 4.20247, 45.00955 ], [ 4.20828, 45.01064 ], [ 4.20921, 45.00999 ], [ 4.21021, 45.01067 ], [ 4.21274, 45.01029 ], [ 4.21442, 45.01131 ], [ 4.21776, 45.01157 ], [ 4.22062, 45.00998 ], [ 4.22422, 45.01064 ], [ 4.22914, 45.00754 ], [ 4.2335, 45.00633 ], [ 4.24003, 45.00578 ], [ 4.24275, 45.00762 ], [ 4.24522, 45.0072 ], [ 4.24632, 45.00785 ] ] } },
{ "type": "Feature", "properties": { "name": null, "weight_class": 1, "permanent": false, "length_km": 2.5 }, "geometry": { "type": "LineString", "coordinates": [ [ 4.16747, 44.99591 ], [ 4.17218, 45.00121 ], [ 4.17149, 45.00521 ], [ 4.174, 45.01419 ], [ 4.17635, 45.01456 ] ] } },
{ "type": "Feature", "properties": { "name": null, "weight_class": 1, "permanent": false, "length_km": 4.8 }, "geometry": { "type": "LineString", "coordinates": [ [ 4.16356, 45.00453 ], [ 4.16244, 45.00874 ], [ 4.16905, 45.01431 ], [ 4.17056, 45.01697 ], [ 4.17408, 45.0167 ], [ 4.17638, 45.01443 ], [ 4.1795, 45.01435 ], [ 4.1809, 45.01548 ], [ 4.18464, 45.01435 ], [ 4.18934, 45.02111 ], [ 4.19155, 45.02262 ] ] } },
{ "type": "Feature", "properties": { "name": "le Bertrand", "weight_class": 1, "permanent": true, "length_km": 2.9 }, "geometry": { "type": "LineString", "coordinates": [ [ 4.1533, 45.01105 ], [ 4.15233, 45.00827 ], [ 4.1469, 45.00761 ], [ 4.14383, 45.01038 ], [ 4.13965, 45.0119 ], [ 4.12851, 45.01195 ], [ 4.1252, 45.01283 ] ] } },
{ "type": "Feature", "properties": { "name": null, "weight_class": 1, "permanent": false, "length_km": 2.4 }, "geometry": { "type": "LineString", "coordinates": [ [ 4.06275, 45.00759 ], [ 4.05892, 45.00878 ], [ 4.05138, 45.00741 ], [ 4.04918, 45.0058 ], [ 4.04935, 45.00429 ], [ 4.04761, 45.00223 ], [ 4.04786, 44.99953 ], [ 4.04362, 44.99761 ] ] } },
{ "type": "Feature", "properties": { "name": null, "weight_class": 1, "permanent": false, "length_km": 2.4 }, "geometry": { "type": "LineString", "coordinates": [ [ 4.23186, 44.97134 ], [ 4.23441, 44.97333 ], [ 4.23774, 44.9786 ], [ 4.23631, 44.98482 ], [ 4.2378, 44.9885 ] ] } },
{ "type": "Feature", "properties": { "name": null, "weight_class": 1, "permanent": true, "length_km": 2.2 }, "geometry": { "type": "LineString", "coordinates": [ [ 4.22826, 44.96516 ], [ 4.22837, 44.9666 ], [ 4.227, 44.96768 ], [ 4.22529, 44.96856 ], [ 4.22273, 44.96842 ], [ 4.22026, 44.97076 ], [ 4.21818, 44.97128 ], [ 4.21799, 44.97602 ] ] } },
{ "type": "Feature", "properties": { "name": "la Gazelle", "weight_class": 1, "permanent": true, "length_km": 4.9 }, "geometry": { "type": "LineString", "coordinates": [ [ 4.16351, 44.9564 ], [ 4.16019, 44.96015 ], [ 4.155, 44.96036 ], [ 4.15269, 44.96138 ], [ 4.15289, 44.96369 ], [ 4.1511, 44.96438 ], [ 4.15132, 44.96558 ], [ 4.14915, 44.96729 ], [ 4.14903, 44.97051 ], [ 4.14549, 44.97274 ], [ 4.14348, 44.97223 ], [ 4.14279, 44.97478 ], [ 4.14544, 44.97703 ], [ 4.14503, 44.97903 ], [ 4.14765, 44.98013 ], [ 4.14777, 44.9823 ] ] } },
{ "type": "Feature", "properties": { "name": "Ruisseau de Machabert", "weight_class": 1, "permanent": true, "length_km": 5.1 }, "geometry": { "type": "LineString", "coordinates": [ [ 4.13934, 44.96231 ], [ 4.13698, 44.96881 ], [ 4.12458, 44.96855 ], [ 4.12321, 44.97122 ], [ 4.12025, 44.97264 ], [ 4.11815, 44.97733 ], [ 4.11569, 44.97869 ], [ 4.11371, 44.97844 ], [ 4.11046, 44.97531 ], [ 4.10242, 44.9722 ] ] } },
{ "type": "Feature", "properties": { "name": "l'Aubépin", "weight_class": 1, "permanent": true, "length_km": 11.0 }, "geometry": { "type": "LineString", "coordinates": [ [ 4.13506, 44.93766 ], [ 4.13228, 44.94088 ], [ 4.12694, 44.94259 ], [ 4.11967, 44.94172 ], [ 4.11546, 44.94447 ], [ 4.11376, 44.94728 ], [ 4.11517, 44.95034 ], [ 4.11503, 44.9548 ], [ 4.10882, 44.96084 ], [ 4.10764, 44.96407 ], [ 4.10482, 44.96655 ], [ 4.10376, 44.96845 ], [ 4.10407, 44.97157 ], [ 4.08641, 44.98076 ], [ 4.08523, 44.97999 ], [ 4.07975, 44.98016 ], [ 4.07799, 44.98225 ], [ 4.07263, 44.98326 ], [ 4.07121, 44.98476 ], [ 4.06345, 44.98509 ], [ 4.05926, 44.98835 ], [ 4.05938, 44.99301 ] ] } },
{ "type": "Feature", "properties": { "name": null, "weight_class": 1, "permanent": true, "length_km": 2.6 }, "geometry": { "type": "LineString", "coordinates": [ [ 4.10712, 44.98686 ], [ 4.10057, 44.98683 ], [ 4.09525, 44.99251 ], [ 4.09245, 44.99317 ], [ 4.09029, 44.99261 ], [ 4.08781, 44.99382 ], [ 4.08737, 44.99556 ], [ 4.08414, 44.99683 ] ] } },
{ "type": "Feature", "properties": { "name": null, "weight_class": 2, "permanent": false, "length_km": 2.1 }, "geometry": { "type": "LineString", "coordinates": [ [ 4.19839, 44.95642 ], [ 4.19868, 44.95974 ], [ 4.20273, 44.96349 ], [ 4.20248, 44.96476 ], [ 4.20556, 44.96923 ], [ 4.20463, 44.9717 ] ] } },
{ "type": "Feature", "properties": { "name": null, "weight_class": 1, "permanent": false, "length_km": 3.4 }, "geometry": { "type": "LineString", "coordinates": [ [ 4.14731, 44.95074 ], [ 4.14808, 44.95168 ], [ 4.14623, 44.95477 ], [ 4.14099, 44.95664 ], [ 4.13386, 44.95554 ], [ 4.12319, 44.95657 ], [ 4.12154, 44.95545 ], [ 4.11503, 44.9548 ] ] } },
{ "type": "Feature", "properties": { "name": "Ruisseau de la Mine", "weight_class": 1, "permanent": true, "length_km": 3.2 }, "geometry": { "type": "LineString", "coordinates": [ [ 4.10668, 44.92072 ], [ 4.10288, 44.92512 ], [ 4.08483, 44.9278 ], [ 4.08376, 44.92945 ], [ 4.08487, 44.93123 ], [ 4.08361, 44.93157 ], [ 4.08024, 44.92704 ] ] } },
{ "type": "Feature", "properties": { "name": null, "weight_class": 1, "permanent": false, "length_km": 2.4 }, "geometry": { "type": "LineString", "coordinates": [ [ 4.21917, 44.95194 ], [ 4.22183, 44.95857 ], [ 4.21806, 44.96725 ], [ 4.21818, 44.97128 ] ] } },
{ "type": "Feature", "properties": { "name": "le Salin", "weight_class": 1, "permanent": true, "length_km": 5.7 }, "geometry": { "type": "LineString", "coordinates": [ [ 4.19499, 44.9233 ], [ 4.19342, 44.92586 ], [ 4.19534, 44.92709 ], [ 4.19721, 44.933 ], [ 4.20156, 44.9385 ], [ 4.20067, 44.94159 ], [ 4.19884, 44.94245 ], [ 4.19197, 44.94289 ], [ 4.19013, 44.94477 ], [ 4.19058, 44.94577 ], [ 4.18729, 44.94703 ], [ 4.18494, 44.94991 ], [ 4.18098, 44.95105 ], [ 4.17927, 44.94997 ], [ 4.17656, 44.95016 ], [ 4.17522, 44.95132 ], [ 4.17566, 44.95317 ] ] } },
{ "type": "Feature", "properties": { "name": "la Mine", "weight_class": 1, "permanent": true, "length_km": 3.7 }, "geometry": { "type": "LineString", "coordinates": [ [ 4.12315, 44.92787 ], [ 4.12053, 44.93275 ], [ 4.11298, 44.93305 ], [ 4.10867, 44.93439 ], [ 4.10445, 44.93374 ], [ 4.09336, 44.93489 ], [ 4.08487, 44.93123 ] ] } },
{ "type": "Feature", "properties": { "name": null, "weight_class": 1, "permanent": false, "length_km": 2.1 }, "geometry": { "type": "LineString", "coordinates": [ [ 4.05669, 44.93852 ], [ 4.055, 44.93854 ], [ 4.05233, 44.94035 ], [ 4.04831, 44.93995 ], [ 4.04403, 44.93664 ], [ 4.04409, 44.93327 ], [ 4.04104, 44.93213 ] ] } },
{ "type": "Feature", "properties": { "name": "Ruisseau du Condal", "weight_class": 1, "permanent": false, "length_km": 3.5 }, "geometry": { "type": "LineString", "coordinates": [ [ 4.0542, 44.95035 ], [ 4.04847, 44.95375 ], [ 4.04787, 44.95499 ], [ 4.04537, 44.95576 ], [ 4.04456, 44.95714 ], [ 4.04179, 44.95832 ], [ 4.03626, 44.95881 ], [ 4.02944, 44.96356 ], [ 4.02747, 44.96663 ], [ 4.02535, 44.96774 ], [ 4.02356, 44.96761 ] ] } },
{ "type": "Feature", "properties": { "name": null, "weight_class": 1, "permanent": true, "length_km": 2.3 }, "geometry": { "type": "LineString", "coordinates": [ [ 4.17202, 44.91293 ], [ 4.1697, 44.90911 ], [ 4.16543, 44.90592 ], [ 4.16199, 44.90439 ], [ 4.15794, 44.90068 ], [ 4.1554, 44.9009 ], [ 4.15382, 44.89996 ] ] } },
{ "type": "Feature", "properties": { "name": "Ruisseau de Collance", "weight_class": 1, "permanent": true, "length_km": 7.4 }, "geometry": { "type": "LineString", "coordinates": [ [ 4.09573, 44.88198 ], [ 4.09106, 44.88045 ], [ 4.08241, 44.8842 ], [ 4.07993, 44.88885 ], [ 4.08105, 44.89517 ], [ 4.07378, 44.90795 ], [ 4.06809, 44.90967 ], [ 4.06624, 44.91267 ], [ 4.06192, 44.91528 ], [ 4.05936, 44.91816 ], [ 4.05652, 44.9188 ], [ 4.05182, 44.92203 ], [ 4.04611, 44.92278 ] ] } },
{ "type": "Feature", "properties": { "name": null, "weight_class": 1, "permanent": true, "length_km": 2.2 }, "geometry": { "type": "LineString", "coordinates": [ [ 4.15391, 44.88859 ], [ 4.14908, 44.88742 ], [ 4.14512, 44.88384 ], [ 4.14196, 44.87491 ] ] } },
{ "type": "Feature", "properties": { "name": "le Veyradeyre", "weight_class": 1, "permanent": true, "length_km": 2.7 }, "geometry": { "type": "MultiLineString", "coordinates": [ [ [ 4.1522, 44.87315 ], [ 4.14953, 44.87417 ], [ 4.1449, 44.87361 ], [ 4.14319, 44.87501 ], [ 4.14081, 44.8741 ], [ 4.1384, 44.87463 ], [ 4.13252, 44.87373 ], [ 4.12999, 44.87199 ] ], [ [ 4.15919, 44.87438 ], [ 4.15779, 44.87484 ], [ 4.1566, 44.87321 ], [ 4.1542, 44.87302 ] ] ] } },
{ "type": "Feature", "properties": { "name": "l'Orcival", "weight_class": 1, "permanent": true, "length_km": 9.2 }, "geometry": { "type": "MultiLineString", "coordinates": [ [ [ 4.02015, 44.8459 ], [ 4.02007, 44.84588 ] ], [ [ 4.02503, 44.85229 ], [ 4.02522, 44.85012 ], [ 4.02305, 44.84924 ], [ 4.02294, 44.84712 ], [ 4.02046, 44.84609 ] ], [ [ 4.02401, 44.85933 ], [ 4.02577, 44.85274 ] ], [ [ 4.04425, 44.8711 ], [ 4.03957, 44.87345 ], [ 4.03855, 44.87247 ], [ 4.03421, 44.8718 ], [ 4.03412, 44.86984 ], [ 4.0306, 44.86955 ], [ 4.03133, 44.86774 ], [ 4.02841, 44.866 ], [ 4.03002, 44.86428 ] ], [ [ 4.0577, 44.87143 ], [ 4.05569, 44.87293 ], [ 4.05117, 44.87195 ], [ 4.05074, 44.8708 ] ], [ [ 4.07671, 44.87017 ], [ 4.0734, 44.87061 ], [ 4.07324, 44.86866 ], [ 4.07129, 44.86664 ], [ 4.06636, 44.86853 ] ], [ [ 4.10331, 44.87447 ], [ 4.10199, 44.87342 ], [ 4.09741, 44.87358 ], [ 4.0937, 44.87204 ], [ 4.09255, 44.87035 ], [ 4.08665, 44.87052 ], [ 4.08245, 44.86867 ] ], [ [ 4.10621, 44.8806 ], [ 4.10404, 44.87873 ], [ 4.10373, 44.8755 ] ] ] } },
{ "type": "Feature", "properties": { "name": null, "weight_class": 1, "permanent": true, "length_km": 2.5 }, "geometry": { "type": "LineString", "coordinates": [ [ 4.0594, 44.8897 ], [ 4.05735, 44.88972 ], [ 4.05243, 44.88326 ], [ 4.05366, 44.88044 ], [ 4.05281, 44.87875 ], [ 4.05533, 44.87596 ], [ 4.05435, 44.87268 ] ] } },
{ "type": "Feature", "properties": { "name": "Fleuve la Loire", "weight_class": 1, "permanent": true, "length_km": 11.9 }, "geometry": { "type": "MultiLineString", "coordinates": [ [ [ 3.90772, 44.99666 ], [ 3.92212, 44.99791 ] ], [ [ 3.91507, 45.19343 ], [ 3.91416, 45.19418 ], [ 3.91622, 45.19516 ] ], [ [ 3.91622, 45.19516 ], [ 3.91686, 45.19646 ] ], [ [ 3.92006, 45.19196 ], [ 3.91622, 45.19516 ] ], [ [ 3.92212, 44.99791 ], [ 3.92208, 44.99956 ] ], [ [ 3.92212, 44.99791 ], [ 3.92239, 44.99787 ], [ 3.92388, 44.99791 ], [ 3.9247, 44.99832 ], [ 3.92734, 45.00092 ], [ 3.92677, 45.00158 ] ], [ [ 3.92499, 45.15501 ], [ 3.92428, 45.15773 ], [ 3.92605, 45.16104 ], [ 3.92798, 45.16119 ] ], [ [ 4.00174, 45.20979 ], [ 4.01116, 45.20536 ], [ 4.0133, 45.20559 ], [ 4.01505, 45.207 ] ], [ [ 4.04042, 45.19938 ], [ 4.04514, 45.19894 ], [ 4.04619, 45.20223 ] ], [ [ 4.13914, 45.31304 ], [ 4.13551, 45.31724 ], [ 4.13108, 45.31742 ], [ 4.12754, 45.31504 ], [ 4.12359, 45.31782 ], [ 4.11843, 45.31057 ], [ 4.11506, 45.30974 ], [ 4.11374, 45.30844 ], [ 4.1171, 45.30278 ], [ 4.11828, 45.30285 ] ], [ [ 4.11829, 45.30241 ], [ 4.11976, 45.30606 ], [ 4.12393, 45.30785 ], [ 4.12518, 45.30957 ], [ 4.12664, 45.30966 ] ], [ [ 4.14142, 45.26066 ], [ 4.13966, 45.26135 ], [ 4.13928, 45.26265 ] ], [ [ 4.14459, 45.2591 ], [ 4.14396, 45.26064 ], [ 4.14106, 45.26162 ] ] ] } },
{ "type": "Feature", "properties": { "name": "l'Andrable", "weight_class": 1, "permanent": true, "length_km": 13.1 }, "geometry": { "type": "LineString", "coordinates": [ [ 4.00252, 45.35599 ], [ 4.00614, 45.35021 ], [ 4.00539, 45.34857 ], [ 4.00664, 45.34581 ], [ 4.01525, 45.33316 ], [ 4.01497, 45.33036 ], [ 4.01689, 45.32821 ], [ 4.02132, 45.32801 ], [ 4.02128, 45.32255 ], [ 4.02651, 45.31674 ], [ 4.02504, 45.31546 ], [ 4.02674, 45.31374 ], [ 4.02347, 45.3111 ], [ 4.02457, 45.30759 ], [ 4.02175, 45.30693 ], [ 4.02306, 45.30473 ], [ 4.02515, 45.30409 ], [ 4.02768, 45.29986 ], [ 4.02929, 45.30009 ], [ 4.03857, 45.29647 ], [ 4.04053, 45.29407 ], [ 4.04298, 45.29458 ], [ 4.04558, 45.29377 ], [ 4.04522, 45.2918 ], [ 4.05261, 45.28628 ], [ 4.05418, 45.28591 ], [ 4.0578, 45.28712 ], [ 4.06064, 45.28637 ], [ 4.06028, 45.28451 ], [ 4.06439, 45.28462 ], [ 4.06791, 45.28297 ], [ 4.06862, 45.28146 ], [ 4.07154, 45.28019 ], [ 4.07087, 45.27821 ] ] } },
{ "type": "Feature", "properties": { "name": "Ruisseau de Cacharat", "weight_class": 1, "permanent": true, "length_km": 3.2 }, "geometry": { "type": "LineString", "coordinates": [ [ 3.86393, 45.35927 ], [ 3.86917, 45.35585 ], [ 3.87359, 45.35488 ], [ 3.87805, 45.35476 ], [ 3.88198, 45.35658 ], [ 3.89195, 45.35402 ], [ 3.89407, 45.3559 ], [ 3.89742, 45.35687 ] ] } },
{ "type": "Feature", "properties": { "name": "Ruisseau de Riou Mort", "weight_class": 1, "permanent": false, "length_km": 2.9 }, "geometry": { "type": "LineString", "coordinates": [ [ 3.8733, 45.34186 ], [ 3.88409, 45.33923 ], [ 3.88905, 45.34181 ], [ 3.89327, 45.33759 ], [ 3.89685, 45.33813 ], [ 3.90009, 45.33741 ], [ 3.90262, 45.3387 ] ] } },
{ "type": "Feature", "properties": { "name": "le Courbières", "weight_class": 1, "permanent": true, "length_km": 9.7 }, "geometry": { "type": "MultiLineString", "coordinates": [ [ [ 4.04587, 45.35572 ], [ 4.05332, 45.3531 ], [ 4.05725, 45.3502 ], [ 4.06053, 45.34651 ], [ 4.05974, 45.34368 ], [ 4.06137, 45.34253 ], [ 4.06289, 45.33783 ], [ 4.06744, 45.33671 ] ], [ [ 4.0698, 45.33634 ], [ 4.07223, 45.33518 ], [ 4.07321, 45.33309 ], [ 4.0761, 45.33254 ], [ 4.07674, 45.33102 ], [ 4.08095, 45.33036 ], [ 4.08286, 45.32812 ], [ 4.08762, 45.32899 ], [ 4.08926, 45.32801 ], [ 4.09373, 45.32856 ], [ 4.10372, 45.32739 ], [ 4.11012, 45.33041 ], [ 4.11409, 45.33108 ], [ 4.1189, 45.32905 ], [ 4.11965, 45.32664 ], [ 4.12601, 45.32135 ], [ 4.12569, 45.31843 ], [ 4.12424, 45.318 ] ] ] } },
{ "type": "Feature", "properties": { "name": "le Chandieu", "weight_class": 1, "permanent": true, "length_km": 11.4 }, "geometry": { "type": "LineString", "coordinates": [ [ 3.98672, 45.37413 ], [ 3.9865, 45.36549 ], [ 3.9856, 45.36435 ], [ 3.98197, 45.36318 ], [ 3.97464, 45.36337 ], [ 3.97091, 45.36251 ], [ 3.96737, 45.35945 ], [ 3.96493, 45.36024 ], [ 3.9633, 45.35962 ], [ 3.96011, 45.36127 ], [ 3.94432, 45.35164 ], [ 3.94619, 45.34613 ], [ 3.94254, 45.34316 ], [ 3.94203, 45.34066 ], [ 3.94052, 45.33969 ], [ 3.94099, 45.33877 ], [ 3.93644, 45.33665 ], [ 3.93649, 45.33549 ], [ 3.9343, 45.33521 ], [ 3.93492, 45.33279 ], [ 3.93235, 45.3314 ], [ 3.9319, 45.33015 ], [ 3.92617, 45.32807 ], [ 3.92405, 45.32317 ], [ 3.92617, 45.32163 ], [ 3.92529, 45.31988 ], [ 3.92778, 45.31694 ], [ 3.92928, 45.31263 ] ] } },
{ "type": "Feature", "properties": { "name": "Ruisseau de Merdary", "weight_class": 1, "permanent": true, "length_km": 3.3 }, "geometry": { "type": "LineString", "coordinates": [ [ 3.92735, 45.35207 ], [ 3.92769, 45.34861 ], [ 3.92581, 45.34516 ], [ 3.92211, 45.34455 ], [ 3.91534, 45.33591 ], [ 3.91219, 45.33425 ], [ 3.91182, 45.32948 ] ] } },
{ "type": "Feature", "properties": { "name": null, "weight_class": 1, "permanent": false, "length_km": 4.4 }, "geometry": { "type": "LineString", "coordinates": [ [ 4.03655, 45.33489 ], [ 4.04163, 45.33421 ], [ 4.0451, 45.33288 ], [ 4.04654, 45.33134 ], [ 4.04734, 45.32672 ], [ 4.05209, 45.31984 ], [ 4.05346, 45.31452 ], [ 4.05971, 45.3089 ], [ 4.05926, 45.30428 ] ] } },
{ "type": "Feature", "properties": { "name": "l'Herm", "weight_class": 1, "permanent": true, "length_km": 7.5 }, "geometry": { "type": "LineString", "coordinates": [ [ 3.9775, 45.3454 ], [ 3.98074, 45.341 ], [ 3.98, 45.3398 ], [ 3.98158, 45.33892 ], [ 3.98218, 45.33634 ], [ 3.98028, 45.3352 ], [ 3.98038, 45.33329 ], [ 3.97813, 45.33119 ], [ 3.9804, 45.32895 ], [ 3.97996, 45.32695 ], [ 3.97767, 45.32544 ], [ 3.97161, 45.32455 ], [ 3.96877, 45.32173 ], [ 3.96668, 45.32214 ], [ 3.96352, 45.32025 ], [ 3.96032, 45.32138 ], [ 3.95929, 45.32033 ], [ 3.95445, 45.32224 ], [ 3.95326, 45.322 ], [ 3.95271, 45.32033 ], [ 3.95042, 45.3201 ], [ 3.94898, 45.32101 ], [ 3.94647, 45.3181 ], [ 3.94244, 45.31647 ], [ 3.9431, 45.31535 ], [ 3.94053, 45.31208 ], [ 3.93865, 45.31255 ] ] } },
{ "type": "Feature", "properties": { "name": "Ruisseau de Gaubert", "weight_class": 1, "permanent": false, "length_km": 3.6 }, "geometry": { "type": "LineString", "coordinates": [ [ 3.87556, 45.33462 ], [ 3.87781, 45.33403 ], [ 3.88738, 45.32709 ], [ 3.8859, 45.32392 ], [ 3.88924, 45.31782 ], [ 3.88628, 45.30868 ] ] } },
{ "type": "Feature", "properties": { "name": "le Grand", "weight_class": 1, "permanent": true, "length_km": 2.4 }, "geometry": { "type": "LineString", "coordinates": [ [ 3.86386, 45.32663 ], [ 3.86642, 45.32437 ], [ 3.8769, 45.31992 ], [ 3.87901, 45.31815 ], [ 3.88039, 45.31173 ] ] } },
{ "type": "Feature", "properties": { "name": "Ruisseau de Drossanges", "weight_class": 1, "permanent": false, "length_km": 3.2 }, "geometry": { "type": "LineString", "coordinates": [ [ 4.00412, 45.29372 ], [ 4.00236, 45.2888 ], [ 4.00424, 45.28487 ], [ 4.00347, 45.28266 ], [ 4.00647, 45.27806 ], [ 4.013, 45.27384 ], [ 4.01409, 45.27156 ], [ 4.01679, 45.271 ] ] } },
{ "type": "Feature", "properties": { "name": "Ruisseau de Boissière", "weight_class": 1, "permanent": false, "length_km": 3.8 }, "geometry": { "type": "LineString", "coordinates": [ [ 4.01252, 45.29045 ], [ 4.01488, 45.29015 ], [ 4.01669, 45.28866 ], [ 4.02092, 45.27661 ], [ 4.01679, 45.271 ], [ 4.01718, 45.26854 ], [ 4.02029, 45.26444 ], [ 4.02373, 45.26262 ] ] } },
{ "type": "Feature", "properties": { "name": "Ruisseau du Cros", "weight_class": 1, "permanent": false, "length_km": 2.4 }, "geometry": { "type": "LineString", "coordinates": [ [ 3.9909, 45.30203 ], [ 3.98914, 45.30133 ], [ 3.98751, 45.29895 ], [ 3.98828, 45.29525 ], [ 3.98157, 45.29246 ], [ 3.98067, 45.28913 ], [ 3.9819, 45.28675 ], [ 3.98089, 45.28573 ] ] } },
{ "type": "Feature", "properties": { "name": "Ruisseau de Besse", "weight_class": 1, "permanent": true, "length_km": 3.8 }, "geometry": { "type": "LineString", "coordinates": [ [ 3.87688, 45.26077 ], [ 3.87936, 45.25773 ], [ 3.87861, 45.25418 ], [ 3.87879, 45.25151 ], [ 3.8805, 45.24957 ], [ 3.8799, 45.2476 ], [ 3.87254, 45.242 ], [ 3.87086, 45.23937 ], [ 3.86052, 45.23569 ] ] } },
{ "type": "Feature", "properties": { "name": "Ruisseau des Injaneyres", "weight_class": 1, "permanent": true, "length_km": 4.4 }, "geometry": { "type": "LineString", "coordinates": [ [ 3.9887, 45.25223 ], [ 3.99396, 45.25088 ], [ 3.99708, 45.24736 ], [ 4.00208, 45.24553 ], [ 4.00704, 45.24481 ], [ 4.01134, 45.24533 ], [ 4.01427, 45.24692 ], [ 4.01659, 45.24684 ], [ 4.01976, 45.2491 ], [ 4.01898, 45.24998 ], [ 4.02031, 45.25391 ], [ 4.019, 45.25371 ], [ 4.01764, 45.25554 ], [ 4.01863, 45.25738 ], [ 4.02018, 45.25783 ] ] } },
{ "type": "Feature", "properties": { "name": "Ruisseau d'Orcignac", "weight_class": 1, "permanent": false, "length_km": 3.6 }, "geometry": { "type": "LineString", "coordinates": [ [ 3.96017, 45.24179 ], [ 3.96053, 45.24432 ], [ 3.96299, 45.24613 ], [ 3.9646, 45.25036 ], [ 3.97147, 45.25552 ], [ 3.97328, 45.25898 ], [ 3.97285, 45.26319 ], [ 3.97557, 45.26576 ], [ 3.97482, 45.26642 ], [ 3.97721, 45.26705 ] ] } },
{ "type": "Feature", "properties": { "name": "la Bloue", "weight_class": 1, "permanent": true, "length_km": 6.9 }, "geometry": { "type": "LineString", "coordinates": [ [ 4.04751, 45.30945 ], [ 4.05196, 45.30433 ], [ 4.05538, 45.30354 ], [ 4.05926, 45.30428 ], [ 4.06362, 45.30252 ], [ 4.06642, 45.3002 ], [ 4.07304, 45.30214 ], [ 4.0784, 45.2997 ], [ 4.08181, 45.29974 ], [ 4.08753, 45.29697 ], [ 4.0885, 45.29397 ], [ 4.09376, 45.28992 ], [ 4.10019, 45.28871 ], [ 4.1023, 45.28614 ], [ 4.11143, 45.28719 ], [ 4.11251, 45.28501 ] ] } },
{ "type": "Feature", "properties": { "name": null, "weight_class": 2, "permanent": true, "length_km": 7.6 }, "geometry": { "type": "LineString", "coordinates": [ [ 3.94928, 45.30598 ], [ 3.95276, 45.3066 ], [ 3.96517, 45.29552 ], [ 3.97191, 45.29497 ], [ 3.97426, 45.29217 ], [ 3.98108, 45.28934 ], [ 3.98637, 45.28535 ], [ 3.98831, 45.28291 ], [ 3.98796, 45.27916 ], [ 3.9893, 45.27713 ], [ 3.99532, 45.27216 ], [ 4.0013, 45.27103 ], [ 4.00427, 45.26696 ], [ 4.00654, 45.26576 ], [ 4.00712, 45.26378 ], [ 4.00443, 45.26209 ] ] } },
{ "type": "Feature", "properties": { "name": "Ruisseau du Moulinet", "weight_class": 1, "permanent": true, "length_km": 4.3 }, "geometry": { "type": "LineString", "coordinates": [ [ 3.98117, 45.31625 ], [ 3.97837, 45.30994 ], [ 3.97613, 45.30841 ], [ 3.97334, 45.30895 ], [ 3.97132, 45.30673 ], [ 3.97316, 45.30536 ], [ 3.97464, 45.30079 ], [ 3.97383, 45.29911 ], [ 3.97549, 45.29753 ], [ 3.97606, 45.29466 ], [ 3.97415, 45.2921 ], [ 3.97605, 45.29083 ], [ 3.9751, 45.28971 ], [ 3.977, 45.28812 ], [ 3.97695, 45.28635 ] ] } },
{ "type": "Feature", "properties": { "name": "le Lembron", "weight_class": 1, "permanent": false, "length_km": 11.4 }, "geometry": { "type": "LineString", "coordinates": [ [ 3.92194, 45.24229 ], [ 3.918, 45.24754 ], [ 3.91187, 45.24933 ], [ 3.91321, 45.25325 ], [ 3.90364, 45.26286 ], [ 3.90263, 45.2627 ], [ 3.90304, 45.26348 ], [ 3.90049, 45.26473 ], [ 3.90101, 45.26564 ], [ 3.89774, 45.27014 ], [ 3.89386, 45.27147 ], [ 3.89226, 45.27047 ], [ 3.89105, 45.27085 ], [ 3.88856, 45.27517 ], [ 3.8889, 45.27636 ], [ 3.88399, 45.28302 ], [ 3.88623, 45.28514 ], [ 3.8862, 45.28811 ], [ 3.88481, 45.28974 ], [ 3.88749, 45.29085 ], [ 3.88764, 45.2924 ], [ 3.89216, 45.294 ], [ 3.89235, 45.2968 ], [ 3.89747, 45.29998 ], [ 3.89973, 45.29924 ], [ 3.90146, 45.30032 ], [ 3.90391, 45.29888 ], [ 3.90462, 45.29963 ], [ 3.90709, 45.29959 ], [ 3.90703, 45.30247 ], [ 3.91146, 45.30357 ], [ 3.91076, 45.30634 ] ] } },
{ "type": "Feature", "properties": { "name": null, "weight_class": 1, "permanent": false, "length_km": 2.6 }, "geometry": { "type": "LineString", "coordinates": [ [ 4.02611, 45.28524 ], [ 4.02729, 45.28029 ], [ 4.03025, 45.27812 ], [ 4.0314, 45.27426 ], [ 4.03163, 45.26657 ], [ 4.034, 45.26466 ] ] } },
{ "type": "Feature", "properties": { "name": "le Bertre", "weight_class": 1, "permanent": false, "length_km": 9.7 }, "geometry": { "type": "LineString", "coordinates": [ [ 3.93004, 45.24198 ], [ 3.93326, 45.24108 ], [ 3.93599, 45.24147 ], [ 3.93998, 45.2453 ], [ 3.94664, 45.24956 ], [ 3.94632, 45.25099 ], [ 3.94442, 45.25207 ], [ 3.94447, 45.25938 ], [ 3.94581, 45.26046 ], [ 3.95011, 45.26084 ], [ 3.95236, 45.26293 ], [ 3.95546, 45.26338 ], [ 3.95562, 45.26519 ], [ 3.95755, 45.26643 ], [ 3.95897, 45.26635 ], [ 3.95953, 45.26499 ], [ 3.96544, 45.26591 ], [ 3.96638, 45.26878 ], [ 3.96763, 45.26837 ], [ 3.9711, 45.2703 ], [ 3.97185, 45.26881 ], [ 3.97721, 45.26705 ], [ 3.98101, 45.2676 ], [ 3.98225, 45.26705 ], [ 3.98393, 45.26386 ], [ 3.98858, 45.26362 ], [ 3.99191, 45.26451 ], [ 3.99343, 45.26316 ], [ 3.99384, 45.26451 ], [ 3.99527, 45.26401 ], [ 3.99512, 45.26534 ], [ 3.99687, 45.26553 ], [ 3.9973, 45.26772 ] ] } },
{ "type": "Feature", "properties": { "name": null, "weight_class": 1, "permanent": false, "length_km": 2.7 }, "geometry": { "type": "LineString", "coordinates": [ [ 3.91672, 45.279 ], [ 3.91856, 45.28193 ], [ 3.91658, 45.28667 ], [ 3.91715, 45.29 ], [ 3.91529, 45.29036 ], [ 3.91477, 45.29204 ], [ 3.91134, 45.29462 ], [ 3.90496, 45.29613 ] ] } },
{ "type": "Feature", "properties": { "name": "Ruisseau de Prades", "weight_class": 1, "permanent": false, "length_km": 2.8 }, "geometry": { "type": "LineString", "coordinates": [ [ 3.93082, 45.27712 ], [ 3.93284, 45.27856 ], [ 3.93588, 45.27826 ], [ 3.93945, 45.27599 ], [ 3.94743, 45.27402 ], [ 3.94949, 45.27046 ], [ 3.95755, 45.26643 ] ] } },
{ "type": "Feature", "properties": { "name": null, "weight_class": 1, "permanent": false, "length_km": 3.6 }, "geometry": { "type": "LineString", "coordinates": [ [ 3.90023, 45.23918 ], [ 3.89625, 45.24468 ], [ 3.89102, 45.24732 ], [ 3.89053, 45.24886 ], [ 3.89376, 45.25329 ], [ 3.90021, 45.25577 ], [ 3.90105, 45.25716 ], [ 3.89992, 45.25842 ], [ 3.90034, 45.26123 ], [ 3.90291, 45.26264 ] ] } },
{ "type": "Feature", "properties": { "name": "le Lavaux", "weight_class": 1, "permanent": false, "length_km": 4.3 }, "geometry": { "type": "LineString", "coordinates": [ [ 3.98341, 45.23553 ], [ 3.98607, 45.23369 ], [ 3.98935, 45.2335 ], [ 3.99217, 45.23173 ], [ 4.00514, 45.2208 ], [ 4.00922, 45.21527 ], [ 4.01271, 45.21513 ], [ 4.0153, 45.21364 ], [ 4.0174, 45.21001 ] ] } },
{ "type": "Feature", "properties": { "name": null, "weight_class": 1, "permanent": false, "length_km": 5.0 }, "geometry": { "type": "LineString", "coordinates": [ [ 3.92778, 45.23408 ], [ 3.93355, 45.23493 ], [ 3.93646, 45.23255 ], [ 3.93839, 45.22668 ], [ 3.94506, 45.2265 ], [ 3.94756, 45.22536 ], [ 3.94901, 45.22346 ], [ 3.94976, 45.21849 ], [ 3.95336, 45.21355 ], [ 3.95458, 45.2044 ] ] } },
{ "type": "Feature", "properties": { "name": "le Leyssant", "weight_class": 2, "permanent": false, "length_km": 5.0 }, "geometry": { "type": "LineString", "coordinates": [ [ 3.92654, 45.23071 ], [ 3.93197, 45.22788 ], [ 3.93001, 45.22216 ], [ 3.9303, 45.21875 ], [ 3.92642, 45.21716 ], [ 3.92637, 45.21556 ], [ 3.92146, 45.21286 ], [ 3.92013, 45.20823 ], [ 3.92119, 45.2033 ], [ 3.92052, 45.19938 ], [ 3.92262, 45.19843 ], [ 3.92252, 45.19703 ], [ 3.92579, 45.19641 ], [ 3.9267, 45.19719 ] ] } },
{ "type": "Feature", "properties": { "name": "Ruisseau de Chambeyron", "weight_class": 1, "permanent": true, "length_km": 7.6 }, "geometry": { "type": "LineString", "coordinates": [ [ 3.92127, 45.23587 ], [ 3.92018, 45.23737 ], [ 3.91825, 45.23756 ], [ 3.91321, 45.23406 ], [ 3.91134, 45.22914 ], [ 3.9109, 45.2237 ], [ 3.90546, 45.21903 ], [ 3.90555, 45.21343 ], [ 3.90765, 45.21107 ], [ 3.90298, 45.20789 ], [ 3.90265, 45.20598 ], [ 3.89781, 45.20169 ], [ 3.89762, 45.19814 ], [ 3.90532, 45.19485 ], [ 3.9132, 45.18572 ] ] } },
{ "type": "Feature", "properties": { "name": null, "weight_class": 1, "permanent": false, "length_km": 4.2 }, "geometry": { "type": "LineString", "coordinates": [ [ 3.89027, 45.2405 ], [ 3.88792, 45.23963 ], [ 3.88612, 45.23619 ], [ 3.88669, 45.23151 ], [ 3.87934, 45.23005 ], [ 3.88236, 45.2217 ], [ 3.88106, 45.22001 ], [ 3.88324, 45.21697 ], [ 3.88308, 45.21461 ], [ 3.87904, 45.21168 ] ] } },
{ "type": "Feature", "properties": { "name": null, "weight_class": 1, "permanent": false, "length_km": 2.4 }, "geometry": { "type": "LineString", "coordinates": [ [ 4.02871, 45.22425 ], [ 4.02774, 45.218 ], [ 4.02877, 45.21586 ], [ 4.03165, 45.21306 ], [ 4.03524, 45.2114 ], [ 4.0386, 45.21075 ], [ 4.03988, 45.20962 ], [ 4.04326, 45.2097 ] ] } },
{ "type": "Feature", "properties": { "name": "Ruisseau de Cronaille", "weight_class": 1, "permanent": false, "length_km": 2.2 }, "geometry": { "type": "LineString", "coordinates": [ [ 3.8954, 45.21565 ], [ 3.89151, 45.21453 ], [ 3.88791, 45.21115 ], [ 3.88899, 45.20565 ], [ 3.88738, 45.20477 ], [ 3.88754, 45.20183 ], [ 3.88625, 45.20077 ] ] } },
{ "type": "Feature", "properties": { "name": "Ruisseau de Chenebayre", "weight_class": 1, "permanent": false, "length_km": 3.3 }, "geometry": { "type": "LineString", "coordinates": [ [ 4.04576, 45.17291 ], [ 4.04533, 45.17982 ], [ 4.04653, 45.18326 ], [ 4.04528, 45.18533 ], [ 4.04825, 45.18924 ], [ 4.04731, 45.19203 ], [ 4.04824, 45.19417 ], [ 4.04469, 45.20005 ] ] } },
{ "type": "Feature", "properties": { "name": "Ruisseau de Rougeac", "weight_class": 1, "permanent": true, "length_km": 2.3 }, "geometry": { "type": "LineString", "coordinates": [ [ 4.0148, 45.1074 ], [ 4.01054, 45.10757 ], [ 4.00371, 45.10556 ], [ 3.9954, 45.10691 ], [ 3.99068, 45.10519 ], [ 3.98834, 45.106 ] ] } },
{ "type": "Feature", "properties": { "name": null, "weight_class": 1, "permanent": true, "length_km": 2.4 }, "geometry": { "type": "LineString", "coordinates": [ [ 3.97864, 45.18089 ], [ 3.97701, 45.18138 ], [ 3.97147, 45.18949 ], [ 3.97337, 45.19253 ], [ 3.97106, 45.19861 ] ] } },
{ "type": "Feature", "properties": { "name": "Ruisseau de Changeac", "weight_class": 1, "permanent": true, "length_km": 3.5 }, "geometry": { "type": "LineString", "coordinates": [ [ 3.95722, 45.17464 ], [ 3.95136, 45.17975 ], [ 3.94743, 45.1805 ], [ 3.94052, 45.18101 ], [ 3.93688, 45.18014 ], [ 3.93369, 45.18078 ], [ 3.92975, 45.17904 ], [ 3.91983, 45.18038 ] ] } },
{ "type": "Feature", "properties": { "name": null, "weight_class": 1, "permanent": true, "length_km": 2.1 }, "geometry": { "type": "LineString", "coordinates": [ [ 3.97425, 45.16981 ], [ 3.97216, 45.16816 ], [ 3.96825, 45.16776 ], [ 3.96472, 45.16515 ], [ 3.96402, 45.16178 ], [ 3.96214, 45.16133 ], [ 3.9636, 45.15925 ], [ 3.96278, 45.15717 ] ] } },
{ "type": "Feature", "properties": { "name": null, "weight_class": 1, "permanent": true, "length_km": 2.7 }, "geometry": { "type": "LineString", "coordinates": [ [ 3.85597, 45.18623 ], [ 3.86506, 45.18398 ], [ 3.87348, 45.18682 ], [ 3.87843, 45.18711 ], [ 3.88619, 45.18387 ] ] } },
{ "type": "Feature", "properties": { "name": "le Tizou/Ruisseau de Bascoin", "weight_class": 1, "permanent": true, "length_km": 5.8 }, "geometry": { "type": "LineString", "coordinates": [ [ 3.84679, 45.17998 ], [ 3.85148, 45.17998 ], [ 3.85502, 45.18099 ], [ 3.86305, 45.17879 ], [ 3.87042, 45.18004 ], [ 3.88321, 45.18389 ], [ 3.88887, 45.18421 ], [ 3.89991, 45.17855 ], [ 3.90779, 45.18276 ], [ 3.90912, 45.1848 ] ] } },
{ "type": "Feature", "properties": { "name": null, "weight_class": 1, "permanent": false, "length_km": 2.1 }, "geometry": { "type": "LineString", "coordinates": [ [ 3.87277, 45.17192 ], [ 3.87534, 45.17271 ], [ 3.87913, 45.17012 ], [ 3.88573, 45.16827 ], [ 3.88588, 45.16547 ], [ 3.88831, 45.16386 ], [ 3.89151, 45.16348 ] ] } },
{ "type": "Feature", "properties": { "name": "le Merdant", "weight_class": 1, "permanent": true, "length_km": 4.8 }, "geometry": { "type": "LineString", "coordinates": [ [ 4.03114, 45.15366 ], [ 4.03764, 45.15564 ], [ 4.03907, 45.15686 ], [ 4.03962, 45.16004 ], [ 4.04277, 45.16287 ], [ 4.04444, 45.16276 ], [ 4.04835, 45.16448 ], [ 4.05183, 45.16424 ], [ 4.05204, 45.16527 ], [ 4.05822, 45.16668 ], [ 4.0637, 45.16475 ], [ 4.06888, 45.16693 ], [ 4.07185, 45.16635 ], [ 4.07464, 45.16839 ] ] } },
{ "type": "Feature", "properties": { "name": null, "weight_class": 1, "permanent": true, "length_km": 4.2 }, "geometry": { "type": "LineString", "coordinates": [ [ 4.04608, 45.14632 ], [ 4.04308, 45.1429 ], [ 4.03858, 45.14221 ], [ 4.03663, 45.14365 ], [ 4.03004, 45.1451 ], [ 4.02719, 45.14122 ], [ 4.02278, 45.14023 ], [ 4.02179, 45.13848 ], [ 4.02427, 45.13565 ], [ 4.02193, 45.13315 ], [ 4.02213, 45.12849 ] ] } },
{ "type": "Feature", "properties": { "name": "Ruisseau de Coindet", "weight_class": 1, "permanent": true, "length_km": 3.1 }, "geometry": { "type": "LineString", "coordinates": [ [ 4.01264, 45.14193 ], [ 4.00546, 45.14087 ], [ 3.99937, 45.13751 ], [ 3.99175, 45.13621 ], [ 3.99004, 45.13397 ], [ 3.98207, 45.12877 ] ] } },
{ "type": "Feature", "properties": { "name": null, "weight_class": 1, "permanent": true, "length_km": 3.0 }, "geometry": { "type": "LineString", "coordinates": [ [ 3.96757, 45.14144 ], [ 3.96896, 45.13462 ], [ 3.96707, 45.13207 ], [ 3.9639, 45.12998 ], [ 3.96414, 45.12881 ], [ 3.96027, 45.12708 ], [ 3.95175, 45.12635 ], [ 3.95199, 45.12306 ] ] } },
{ "type": "Feature", "properties": { "name": "le Ran", "weight_class": 1, "permanent": true, "length_km": 6.7 }, "geometry": { "type": "LineString", "coordinates": [ [ 3.98946, 45.16215 ], [ 3.98457, 45.16084 ], [ 3.97959, 45.15667 ], [ 3.97305, 45.15483 ], [ 3.97245, 45.15396 ], [ 3.96414, 45.15731 ], [ 3.95801, 45.15638 ], [ 3.95683, 45.15437 ], [ 3.95398, 45.15338 ], [ 3.95434, 45.15248 ], [ 3.95203, 45.15198 ], [ 3.94915, 45.15514 ], [ 3.94513, 45.15475 ], [ 3.94398, 45.15642 ], [ 3.93684, 45.15756 ], [ 3.93302, 45.15651 ], [ 3.93067, 45.15677 ], [ 3.92757, 45.16083 ] ] } },
{ "type": "Feature", "properties": { "name": "la Cave", "weight_class": 1, "permanent": false, "length_km": 3.4 }, "geometry": { "type": "LineString", "coordinates": [ [ 3.87896, 45.14914 ], [ 3.89098, 45.15433 ], [ 3.89701, 45.15421 ], [ 3.89859, 45.15306 ], [ 3.90165, 45.15285 ], [ 3.90988, 45.15456 ], [ 3.9149, 45.15418 ], [ 3.91689, 45.15302 ] ] } },
{ "type": "Feature", "properties": { "name": "les Moines", "weight_class": 1, "permanent": true, "length_km": 4.9 }, "geometry": { "type": "LineString", "coordinates": [ [ 3.8729, 45.14068 ], [ 3.87977, 45.14317 ], [ 3.88685, 45.14185 ], [ 3.89316, 45.14199 ], [ 3.90378, 45.14792 ], [ 3.90547, 45.15035 ], [ 3.90984, 45.1509 ], [ 3.91263, 45.15028 ], [ 3.91657, 45.15293 ], [ 3.92489, 45.15458 ] ] } },
{ "type": "Feature", "properties": { "name": "le Chiengue", "weight_class": 1, "permanent": false, "length_km": 3.0 }, "geometry": { "type": "LineString", "coordinates": [ [ 3.86968, 45.1464 ], [ 3.87267, 45.14704 ], [ 3.88332, 45.14571 ], [ 3.89116, 45.1465 ], [ 3.89357, 45.1495 ], [ 3.90076, 45.15148 ], [ 3.90193, 45.1529 ] ] } },
{ "type": "Feature", "properties": { "name": "Ruisseau du Chomeil", "weight_class": 1, "permanent": true, "length_km": 3.2 }, "geometry": { "type": "LineString", "coordinates": [ [ 4.02948, 45.10111 ], [ 4.02469, 45.11261 ], [ 4.02398, 45.11977 ], [ 4.01889, 45.12272 ], [ 4.01416, 45.1235 ] ] } },
{ "type": "Feature", "properties": { "name": null, "weight_class": 1, "permanent": false, "length_km": 2.4 }, "geometry": { "type": "LineString", "coordinates": [ [ 3.99598, 45.11905 ], [ 3.9894, 45.11944 ], [ 3.98687, 45.12269 ], [ 3.98459, 45.12354 ], [ 3.98202, 45.12235 ], [ 3.97807, 45.12274 ], [ 3.9715, 45.12136 ], [ 3.97118, 45.12045 ] ] } },
{ "type": "Feature", "properties": { "name": "le Planhol/le Roudesse", "weight_class": 1, "permanent": true, "length_km": 12.8 }, "geometry": { "type": "LineString", "coordinates": [ [ 4.06573, 45.0741 ], [ 4.06398, 45.07394 ], [ 4.05501, 45.07827 ], [ 4.05144, 45.07745 ], [ 4.05025, 45.07539 ], [ 4.04584, 45.07357 ], [ 4.04201, 45.07364 ], [ 4.03335, 45.07603 ], [ 4.02589, 45.07642 ], [ 4.02084, 45.0829 ], [ 4.01903, 45.08723 ], [ 4.01296, 45.08905 ], [ 4.00726, 45.08859 ], [ 4.00223, 45.09246 ], [ 3.99589, 45.09372 ], [ 3.99499, 45.09524 ], [ 3.99293, 45.09485 ], [ 3.99057, 45.09834 ], [ 3.99105, 45.10151 ], [ 3.98923, 45.10331 ], [ 3.9901, 45.10414 ], [ 3.98816, 45.10454 ], [ 3.98667, 45.11052 ], [ 3.98456, 45.11203 ], [ 3.98411, 45.11369 ], [ 3.98027, 45.11508 ], [ 3.9803, 45.11619 ], [ 3.97955, 45.1157 ], [ 3.97779, 45.11703 ], [ 3.97609, 45.11694 ], [ 3.97547, 45.118 ], [ 3.97366, 45.11807 ], [ 3.97234, 45.12025 ], [ 3.96544, 45.1209 ] ] } },
{ "type": "Feature", "properties": { "name": "le Devès", "weight_class": 1, "permanent": false, "length_km": 2.4 }, "geometry": { "type": "LineString", "coordinates": [ [ 3.89546, 45.13327 ], [ 3.89946, 45.13655 ], [ 3.9068, 45.1374 ], [ 3.92274, 45.13746 ] ] } },
{ "type": "Feature", "properties": { "name": null, "weight_class": 1, "permanent": false, "length_km": 2.3 }, "geometry": { "type": "LineString", "coordinates": [ [ 3.92405, 45.10606 ], [ 3.92243, 45.10944 ], [ 3.92616, 45.11544 ], [ 3.92468, 45.11772 ], [ 3.92191, 45.11872 ], [ 3.92169, 45.11991 ], [ 3.91831, 45.12214 ] ] } },
{ "type": "Feature", "properties": { "name": null, "weight_class": 1, "permanent": false, "length_km": 2.9 }, "geometry": { "type": "LineString", "coordinates": [ [ 3.87796, 45.13351 ], [ 3.88057, 45.13213 ], [ 3.88276, 45.12904 ], [ 3.88707, 45.12844 ], [ 3.88897, 45.12899 ], [ 3.89133, 45.12712 ], [ 3.8993, 45.1261 ], [ 3.90082, 45.12486 ], [ 3.9027, 45.11993 ] ] } },
{ "type": "Feature", "properties": { "name": "Ruisseau du Breuil", "weight_class": 1, "permanent": true, "length_km": 4.5 }, "geometry": { "type": "LineString", "coordinates": [ [ 3.86762, 45.1303 ], [ 3.86656, 45.12897 ], [ 3.86684, 45.126 ], [ 3.86442, 45.12197 ], [ 3.85947, 45.12227 ], [ 3.85626, 45.12411 ], [ 3.85308, 45.12454 ], [ 3.85005, 45.12286 ], [ 3.84462, 45.1255 ], [ 3.84169, 45.12561 ], [ 3.83618, 45.12292 ], [ 3.83755, 45.1199 ], [ 3.83567, 45.11879 ] ] } },
{ "type": "Feature", "properties": { "name": null, "weight_class": 1, "permanent": true, "length_km": 2.5 }, "geometry": { "type": "LineString", "coordinates": [ [ 3.95067, 45.08679 ], [ 3.95338, 45.08503 ], [ 3.96171, 45.08476 ], [ 3.97104, 45.08942 ], [ 3.97295, 45.09352 ] ] } },
{ "type": "Feature", "properties": { "name": "le Courbeyre", "weight_class": 1, "permanent": false, "length_km": 8.3 }, "geometry": { "type": "LineString", "coordinates": [ [ 3.98732, 45.07792 ], [ 3.9857, 45.08142 ], [ 3.98693, 45.08457 ], [ 3.98406, 45.08792 ], [ 3.97666, 45.08874 ], [ 3.97518, 45.09182 ], [ 3.97028, 45.09455 ], [ 3.96604, 45.09972 ], [ 3.9593, 45.10196 ], [ 3.95744, 45.10153 ], [ 3.95076, 45.10467 ], [ 3.94911, 45.10434 ], [ 3.94561, 45.10677 ], [ 3.94583, 45.10766 ], [ 3.94373, 45.10775 ], [ 3.94252, 45.11438 ], [ 3.94061, 45.11683 ], [ 3.94155, 45.11816 ], [ 3.93434, 45.12441 ] ] } },
{ "type": "Feature", "properties": { "name": "Ruisseau de Chaspinhac", "weight_class": 1, "permanent": false, "length_km": 2.3 }, "geometry": { "type": "LineString", "coordinates": [ [ 3.94395, 45.08902 ], [ 3.9401, 45.08506 ], [ 3.93005, 45.0837 ], [ 3.92426, 45.07751 ] ] } },
{ "type": "Feature", "properties": { "name": null, "weight_class": 1, "permanent": false, "length_km": 2.1 }, "geometry": { "type": "LineString", "coordinates": [ [ 3.93273, 45.09387 ], [ 3.93007, 45.09029 ], [ 3.9275, 45.08887 ], [ 3.92745, 45.08419 ], [ 3.9238, 45.08024 ], [ 3.9233, 45.07754 ] ] } },
{ "type": "Feature", "properties": { "name": null, "weight_class": 1, "permanent": true, "length_km": 2.4 }, "geometry": { "type": "LineString", "coordinates": [ [ 3.86536, 45.0737 ], [ 3.86334, 45.07511 ], [ 3.86016, 45.08372 ], [ 3.86326, 45.08907 ], [ 3.86645, 45.09218 ] ] } },
{ "type": "Feature", "properties": { "name": null, "weight_class": 1, "permanent": false, "length_km": 2.1 }, "geometry": { "type": "LineString", "coordinates": [ [ 4.01315, 45.07243 ], [ 4.01523, 45.07908 ], [ 4.00937, 45.08333 ], [ 4.00765, 45.08647 ], [ 4.00587, 45.08735 ] ] } },
{ "type": "Feature", "properties": { "name": "la Sumène", "weight_class": 2, "permanent": true, "length_km": 24.6 }, "geometry": { "type": "LineString", "coordinates": [ [ 4.11369, 45.06288 ], [ 4.10889, 45.06281 ], [ 4.10551, 45.06176 ], [ 4.10114, 45.05839 ], [ 4.10121, 45.05504 ], [ 4.097, 45.05348 ], [ 4.09498, 45.0536 ], [ 4.09203, 45.05171 ], [ 4.09082, 45.04883 ], [ 4.08454, 45.04698 ], [ 4.07984, 45.0438 ], [ 4.07474, 45.04336 ], [ 4.06852, 45.04049 ], [ 4.06271, 45.03974 ], [ 4.05004, 45.04177 ], [ 4.0492, 45.04392 ], [ 4.04552, 45.04221 ], [ 4.04418, 45.04044 ], [ 4.04231, 45.04065 ], [ 4.04111, 45.03839 ], [ 4.03173, 45.03635 ], [ 4.02753, 45.03702 ], [ 4.02621, 45.03582 ], [ 4.0247, 45.03674 ], [ 4.02361, 45.03969 ], [ 4.01932, 45.04034 ], [ 4.01794, 45.04285 ], [ 4.01254, 45.0464 ], [ 4.00301, 45.04694 ], [ 4.00152, 45.05437 ], [ 3.99889, 45.05449 ], [ 3.99795, 45.05275 ], [ 3.9959, 45.05275 ], [ 3.99431, 45.05812 ], [ 3.98985, 45.05804 ], [ 3.98439, 45.05431 ], [ 3.98068, 45.05571 ], [ 3.97809, 45.05388 ], [ 3.97544, 45.05364 ], [ 3.97201, 45.05558 ], [ 3.96964, 45.05511 ], [ 3.96815, 45.05675 ], [ 3.9665, 45.05592 ], [ 3.96351, 45.05609 ], [ 3.96228, 45.05813 ], [ 3.9569, 45.05911 ], [ 3.95411, 45.06181 ], [ 3.95105, 45.05959 ], [ 3.94646, 45.05974 ], [ 3.94488, 45.06213 ], [ 3.94783, 45.06704 ], [ 3.94645, 45.06827 ], [ 3.94255, 45.06876 ], [ 3.94354, 45.07094 ], [ 3.94148, 45.07043 ], [ 3.93866, 45.06783 ], [ 3.93683, 45.06785 ], [ 3.93607, 45.06851 ], [ 3.93688, 45.06987 ], [ 3.93346, 45.07349 ], [ 3.92717, 45.07393 ], [ 3.9245, 45.07578 ], [ 3.92462, 45.07746 ], [ 3.91945, 45.07696 ], [ 3.91429, 45.08 ], [ 3.91337, 45.08207 ] ] } },
{ "type": "Feature", "properties": { "name": "Ruisseau de la Trende", "weight_class": 1, "permanent": false, "length_km": 3.5 }, "geometry": { "type": "LineString", "coordinates": [ [ 3.9804, 45.03854 ], [ 3.97854, 45.03951 ], [ 3.97393, 45.03978 ], [ 3.97328, 45.0417 ], [ 3.97108, 45.04251 ], [ 3.97069, 45.04846 ], [ 3.95988, 45.05451 ], [ 3.95617, 45.05951 ] ] } },
{ "type": "Feature", "properties": { "name": "Ruisseau de Couteaux", "weight_class": 1, "permanent": true, "length_km": 4.7 }, "geometry": { "type": "LineString", "coordinates": [ [ 3.99544, 44.9729 ], [ 3.99732, 44.97565 ], [ 3.99663, 44.97815 ], [ 3.99918, 44.98075 ], [ 3.9999, 44.98691 ], [ 3.99891, 44.99036 ], [ 3.98962, 44.99907 ], [ 3.99067, 45.00073 ], [ 3.98939, 45.00849 ] ] } },
{ "type": "Feature", "properties": { "name": "Rivière la Gagne", "weight_class": 2, "permanent": true, "length_km": 2.1 }, "geometry": { "type": "LineString", "coordinates": [ [ 4.0399, 45.00072 ], [ 4.03903, 45.00178 ], [ 4.03418, 45.00266 ], [ 4.03153, 45.00415 ], [ 4.02415, 45.00558 ], [ 4.01886, 45.0091 ] ] } },
{ "type": "Feature", "properties": { "name": null, "weight_class": 1, "permanent": true, "length_km": 2.0 }, "geometry": { "type": "LineString", "coordinates": [ [ 4.01744, 45.06186 ], [ 4.00996, 45.05821 ], [ 4.00499, 45.05997 ], [ 4.00018, 45.05466 ] ] } },
{ "type": "Feature", "properties": { "name": null, "weight_class": 1, "permanent": true, "length_km": 2.1 }, "geometry": { "type": "LineString", "coordinates": [ [ 3.95778, 45.07846 ], [ 3.95756, 45.06337 ], [ 3.95487, 45.06129 ] ] } },
{ "type": "Feature", "properties": { "name": "Ruisseau de Cheyrac", "weight_class": 1, "permanent": true, "length_km": 2.7 }, "geometry": { "type": "LineString", "coordinates": [ [ 3.86852, 45.06614 ], [ 3.87268, 45.064 ], [ 3.88329, 45.06709 ], [ 3.88607, 45.069 ], [ 3.89886, 45.06989 ] ] } },
{ "type": "Feature", "properties": { "name": "la Trende", "weight_class": 1, "permanent": false, "length_km": 2.3 }, "geometry": { "type": "LineString", "coordinates": [ [ 3.99083, 45.03526 ], [ 3.9835, 45.04341 ], [ 3.97964, 45.04394 ], [ 3.97066, 45.04725 ] ] } },
{ "type": "Feature", "properties": { "name": "le Noustoulet", "weight_class": 1, "permanent": true, "length_km": 8.9 }, "geometry": { "type": "LineString", "coordinates": [ [ 4.07675, 45.00636 ], [ 4.06907, 45.0115 ], [ 4.0625, 45.01077 ], [ 4.05619, 45.01512 ], [ 4.0534, 45.01564 ], [ 4.0495, 45.01425 ], [ 4.04312, 45.01588 ], [ 4.03734, 45.01998 ], [ 4.03794, 45.02264 ], [ 4.03515, 45.02572 ], [ 4.03488, 45.02806 ], [ 4.03162, 45.02935 ], [ 4.03034, 45.02846 ], [ 4.02657, 45.0291 ], [ 4.02151, 45.02592 ], [ 4.0117, 45.02689 ], [ 4.00861, 45.02434 ], [ 4.00746, 45.02459 ], [ 4.00483, 45.0232 ], [ 4.00491, 45.01999 ], [ 3.99965, 45.01724 ] ] } },
{ "type": "Feature", "properties": { "name": "la Gagne", "weight_class": 1, "permanent": true, "length_km": 27.2 }, "geometry": { "type": "LineString", "coordinates": [ [ 4.16995, 44.97616 ], [ 4.16793, 44.97946 ], [ 4.16124, 44.9808 ], [ 4.15739, 44.9832 ], [ 4.14664, 44.98259 ], [ 4.14264, 44.98826 ], [ 4.14017, 44.98989 ], [ 4.13615, 44.98964 ], [ 4.12577, 44.98626 ], [ 4.12348, 44.9867 ], [ 4.12171, 44.99026 ], [ 4.12212, 44.99341 ], [ 4.1182, 44.99563 ], [ 4.11636, 44.99798 ], [ 4.112, 44.99862 ], [ 4.11201, 44.99973 ], [ 4.10631, 45.00217 ], [ 4.10407, 45.00634 ], [ 4.10089, 45.00815 ], [ 4.09477, 45.00672 ], [ 4.09433, 45.00547 ], [ 4.08925, 45.00465 ], [ 4.08524, 45.00193 ], [ 4.08628, 44.99999 ], [ 4.08402, 44.99665 ], [ 4.08205, 44.99747 ], [ 4.08002, 44.9965 ], [ 4.07825, 44.9983 ], [ 4.07358, 44.99562 ], [ 4.06565, 44.9942 ], [ 4.06084, 44.99234 ], [ 4.05886, 44.99347 ], [ 4.05408, 44.9932 ], [ 4.05223, 44.99466 ], [ 4.04921, 44.99483 ], [ 4.04817, 44.99606 ], [ 4.04605, 44.99619 ], [ 4.03987, 45.00074 ], [ 4.03802, 45.00144 ], [ 4.03603, 45.00107 ], [ 4.02939, 45.0033 ], [ 4.02661, 45.005 ], [ 4.02542, 45.00727 ], [ 4.02217, 45.00879 ], [ 4.01876, 45.00916 ], [ 4.01629, 45.01328 ], [ 4.01255, 45.01502 ], [ 4.01112, 45.01413 ], [ 4.00841, 45.01455 ], [ 4.00587, 45.01859 ], [ 4.00454, 45.0183 ], [ 4.00457, 45.01702 ], [ 3.99965, 45.01724 ], [ 3.99921, 45.01508 ], [ 3.99591, 45.01428 ], [ 3.99469, 45.01145 ], [ 3.98868, 45.00824 ], [ 3.98651, 45.00937 ], [ 3.9846, 45.01378 ], [ 3.98285, 45.01397 ], [ 3.97873, 45.01252 ], [ 3.9754, 45.01301 ], [ 3.96693, 45.02279 ], [ 3.95771, 45.02527 ], [ 3.9533, 45.02753 ], [ 3.94686, 45.02854 ], [ 3.94319, 45.03072 ], [ 3.93733, 45.03194 ], [ 3.9365, 45.03346 ] ] } },
{ "type": "Feature", "properties": { "name": "le Farnier", "weight_class": 1, "permanent": false, "length_km": 2.6 }, "geometry": { "type": "LineString", "coordinates": [ [ 3.90574, 45.0341 ], [ 3.90635, 45.03731 ], [ 3.90997, 45.04061 ], [ 3.91101, 45.04528 ], [ 3.91476, 45.04721 ], [ 3.91883, 45.0511 ], [ 3.91766, 45.05276 ] ] } },
{ "type": "Feature", "properties": { "name": "le Dolaizon", "weight_class": 1, "permanent": true, "length_km": 15.1 }, "geometry": { "type": "LineString", "coordinates": [ [ 3.81975, 44.9573 ], [ 3.82434, 44.96287 ], [ 3.82209, 44.97077 ], [ 3.82672, 44.97654 ], [ 3.8265, 44.97977 ], [ 3.83115, 44.98278 ], [ 3.83966, 44.99254 ], [ 3.8397, 44.99449 ], [ 3.8383, 44.99587 ], [ 3.83354, 44.99697 ], [ 3.83345, 45.00236 ], [ 3.83447, 45.00344 ], [ 3.83174, 45.00516 ], [ 3.83189, 45.00858 ], [ 3.83893, 45.01146 ], [ 3.8389, 45.01481 ], [ 3.84256, 45.01834 ], [ 3.84729, 45.02037 ], [ 3.84899, 45.02006 ], [ 3.84944, 45.02097 ], [ 3.85308, 45.02079 ], [ 3.85356, 45.02185 ], [ 3.85587, 45.02181 ], [ 3.85827, 45.02335 ], [ 3.86129, 45.02306 ], [ 3.86647, 45.02629 ], [ 3.86814, 45.02611 ], [ 3.87453, 45.02828 ], [ 3.88071, 45.03198 ], [ 3.88476, 45.0355 ], [ 3.88865, 45.04269 ], [ 3.89143, 45.0442 ], [ 3.89471, 45.04798 ], [ 3.89658, 45.04775 ], [ 3.89634, 45.0504 ] ] } },
{ "type": "Feature", "properties": { "name": null, "weight_class": 1, "permanent": false, "length_km": 3.0 }, "geometry": { "type": "LineString", "coordinates": [ [ 3.8449, 45.03144 ], [ 3.84835, 45.03562 ], [ 3.84701, 45.037 ], [ 3.8483, 45.03866 ], [ 3.85502, 45.03971 ], [ 3.85873, 45.04121 ], [ 3.86039, 45.04278 ], [ 3.8602, 45.04623 ], [ 3.865, 45.04856 ] ] } },
{ "type": "Feature", "properties": { "name": "les Rivaux", "weight_class": 1, "permanent": true, "length_km": 5.6 }, "geometry": { "type": "LineString", "coordinates": [ [ 4.0305, 44.97945 ], [ 4.02655, 44.98061 ], [ 4.02228, 44.98653 ], [ 4.00768, 44.99795 ], [ 4.00593, 45.00144 ], [ 4.00851, 45.00571 ], [ 3.99278, 45.00996 ] ] } },
{ "type": "Feature", "properties": { "name": null, "weight_class": 1, "permanent": false, "length_km": 2.6 }, "geometry": { "type": "LineString", "coordinates": [ [ 3.95283, 44.98898 ], [ 3.95022, 44.99553 ], [ 3.94679, 44.99995 ], [ 3.95026, 45.00299 ], [ 3.95079, 45.009 ] ] } },
{ "type": "Feature", "properties": { "name": "le Magnore", "weight_class": 1, "permanent": true, "length_km": 5.3 }, "geometry": { "type": "LineString", "coordinates": [ [ 3.96794, 44.99407 ], [ 3.96773, 44.99798 ], [ 3.96418, 45.00169 ], [ 3.96151, 45.00198 ], [ 3.9617, 45.00376 ], [ 3.95863, 45.00577 ], [ 3.95608, 45.0059 ], [ 3.95359, 45.0088 ], [ 3.95079, 45.009 ], [ 3.94969, 45.0116 ], [ 3.94666, 45.01255 ], [ 3.94204, 45.00986 ], [ 3.94091, 45.01095 ], [ 3.9396, 45.00994 ], [ 3.93785, 45.01134 ], [ 3.93736, 45.01067 ], [ 3.9361, 45.01108 ], [ 3.93487, 45.01351 ] ] } },
{ "type": "Feature", "properties": { "name": null, "weight_class": 1, "permanent": true, "length_km": 5.1 }, "geometry": { "type": "LineString", "coordinates": [ [ 3.85531, 44.99813 ], [ 3.85589, 44.99941 ], [ 3.86367, 45.0014 ], [ 3.86894, 45.00542 ], [ 3.87215, 45.00554 ], [ 3.87452, 45.00678 ], [ 3.87681, 45.01281 ], [ 3.8782, 45.01361 ], [ 3.87749, 45.02548 ], [ 3.88017, 45.02972 ], [ 3.87986, 45.03177 ] ] } },
{ "type": "Feature", "properties": { "name": "la Laussonne", "weight_class": 1, "permanent": true, "length_km": 20.5 }, "geometry": { "type": "LineString", "coordinates": [ [ 4.09622, 44.94638 ], [ 4.0787, 44.9513 ], [ 4.07595, 44.95548 ], [ 4.06705, 44.95829 ], [ 4.05658, 44.96604 ], [ 4.05416, 44.96957 ], [ 4.04602, 44.97197 ], [ 4.04357, 44.97446 ], [ 4.04067, 44.9756 ], [ 4.03118, 44.97496 ], [ 4.0269, 44.9702 ], [ 4.02545, 44.97044 ], [ 4.02308, 44.96524 ], [ 4.02033, 44.96659 ], [ 4.01614, 44.9658 ], [ 4.01534, 44.96448 ], [ 4.01307, 44.96546 ], [ 4.01182, 44.9646 ], [ 4.00608, 44.96446 ], [ 4.00431, 44.9631 ], [ 3.99754, 44.96317 ], [ 3.99593, 44.96163 ], [ 3.99504, 44.96335 ], [ 3.99331, 44.96197 ], [ 3.99156, 44.96376 ], [ 3.98902, 44.96312 ], [ 3.98705, 44.96431 ], [ 3.98503, 44.96354 ], [ 3.98326, 44.96445 ], [ 3.98416, 44.96546 ], [ 3.98215, 44.96539 ], [ 3.98142, 44.96648 ], [ 3.97704, 44.96472 ], [ 3.97626, 44.9657 ], [ 3.96979, 44.96522 ], [ 3.96794, 44.96705 ], [ 3.96444, 44.96847 ], [ 3.96258, 44.96827 ], [ 3.96257, 44.97142 ], [ 3.95901, 44.97131 ], [ 3.95892, 44.97257 ], [ 3.95006, 44.97583 ], [ 3.94923, 44.97713 ], [ 3.94066, 44.98071 ], [ 3.93828, 44.98515 ], [ 3.93879, 44.98702 ], [ 3.93735, 44.9869 ], [ 3.93656, 44.98875 ], [ 3.9342, 44.98834 ], [ 3.92986, 44.99092 ], [ 3.92954, 44.99238 ], [ 3.92788, 44.99274 ], [ 3.92814, 44.99433 ], [ 3.92265, 44.99658 ], [ 3.92212, 44.99791 ] ] } },
{ "type": "Feature", "properties": { "name": "Ruisseau de la Pissarelle", "weight_class": 1, "permanent": false, "length_km": 2.2 }, "geometry": { "type": "LineString", "coordinates": [ [ 3.95997, 44.9535 ], [ 3.95299, 44.95542 ], [ 3.9496, 44.95504 ], [ 3.94433, 44.95605 ], [ 3.93816, 44.95549 ], [ 3.93633, 44.95243 ] ] } },
{ "type": "Feature", "properties": { "name": "Ruisseau de Mussic", "weight_class": 1, "permanent": true, "length_km": 2.2 }, "geometry": { "type": "LineString", "coordinates": [ [ 3.88677, 44.96011 ], [ 3.8894, 44.96047 ], [ 3.89151, 44.9636 ], [ 3.88978, 44.96808 ], [ 3.89176, 44.96989 ], [ 3.89265, 44.97308 ], [ 3.89607, 44.97517 ] ] } },
{ "type": "Feature", "properties": { "name": "Ruisseau de la Fatte", "weight_class": 1, "permanent": true, "length_km": 2.6 }, "geometry": { "type": "LineString", "coordinates": [ [ 3.93326, 44.92154 ], [ 3.93394, 44.92459 ], [ 3.93087, 44.92843 ], [ 3.92918, 44.92944 ], [ 3.92667, 44.92935 ], [ 3.92284, 44.93179 ], [ 3.92015, 44.93724 ], [ 3.92119, 44.9395 ] ] } },
{ "type": "Feature", "properties": { "name": "Ruisseau de Bargettes", "weight_class": 1, "permanent": false, "length_km": 2.0 }, "geometry": { "type": "LineString", "coordinates": [ [ 3.85128, 44.88289 ], [ 3.86383, 44.88517 ], [ 3.86844, 44.88936 ], [ 3.86988, 44.89262 ] ] } },
{ "type": "Feature", "properties": { "name": "Ruisseau du Leyris", "weight_class": 1, "permanent": true, "length_km": 2.8 }, "geometry": { "type": "LineString", "coordinates": [ [ 3.95384, 44.84481 ], [ 3.95399, 44.84865 ], [ 3.95293, 44.85028 ], [ 3.94736, 44.85193 ], [ 3.93922, 44.85609 ], [ 3.93794, 44.86005 ], [ 3.9359, 44.86201 ] ] } },
{ "type": "Feature", "properties": { "name": "Ruisseau du Passadou", "weight_class": 1, "permanent": true, "length_km": 4.5 }, "geometry": { "type": "LineString", "coordinates": [ [ 3.87974, 44.8313 ], [ 3.88335, 44.83235 ], [ 3.88501, 44.83466 ], [ 3.88881, 44.8362 ], [ 3.89093, 44.83622 ], [ 3.89389, 44.83441 ], [ 3.89733, 44.83513 ], [ 3.89909, 44.83686 ], [ 3.90248, 44.83787 ], [ 3.91872, 44.83883 ], [ 3.92336, 44.83981 ], [ 3.92418, 44.84094 ] ] } },
{ "type": "Feature", "properties": { "name": "Ruisseau de Fontfreyde", "weight_class": 1, "permanent": true, "length_km": 3.5 }, "geometry": { "type": "LineString", "coordinates": [ [ 4.03868, 44.9486 ], [ 4.03526, 44.94916 ], [ 4.03193, 44.94824 ], [ 4.02532, 44.95059 ], [ 4.02328, 44.95192 ], [ 4.02076, 44.95606 ], [ 4.01614, 44.95927 ], [ 4.00999, 44.96128 ], [ 4.00955, 44.96364 ], [ 4.00819, 44.96444 ] ] } },
{ "type": "Feature", "properties": { "name": "la Gazeille", "weight_class": 1, "permanent": true, "length_km": 28.2 }, "geometry": { "type": "LineString", "coordinates": [ [ 4.18273, 44.90325 ], [ 4.17527, 44.90048 ], [ 4.17096, 44.90049 ], [ 4.16656, 44.89883 ], [ 4.16327, 44.89906 ], [ 4.15747, 44.89765 ], [ 4.15434, 44.89987 ], [ 4.15239, 44.89993 ], [ 4.15237, 44.9022 ], [ 4.14965, 44.90366 ], [ 4.14536, 44.90327 ], [ 4.13894, 44.90641 ], [ 4.13532, 44.90697 ], [ 4.12814, 44.90661 ], [ 4.11766, 44.91156 ], [ 4.11549, 44.91182 ], [ 4.11572, 44.91279 ], [ 4.11302, 44.91392 ], [ 4.1113, 44.91797 ], [ 4.10774, 44.91959 ], [ 4.10225, 44.92463 ], [ 4.08364, 44.92548 ], [ 4.08152, 44.92715 ], [ 4.07911, 44.92668 ], [ 4.07711, 44.92747 ], [ 4.07342, 44.92657 ], [ 4.07059, 44.92753 ], [ 4.06578, 44.92593 ], [ 4.06341, 44.92603 ], [ 4.06072, 44.92385 ], [ 4.056, 44.92375 ], [ 4.05174, 44.92524 ], [ 4.04552, 44.92273 ], [ 4.04202, 44.92487 ], [ 4.03853, 44.92916 ], [ 4.03566, 44.93017 ], [ 4.02335, 44.93096 ], [ 4.0208, 44.92974 ], [ 4.01651, 44.93122 ], [ 4.00801, 44.92919 ], [ 4.00752, 44.92867 ], [ 4.00941, 44.92733 ], [ 4.00692, 44.92675 ], [ 4.00391, 44.92844 ], [ 4.0014, 44.92824 ], [ 3.99983, 44.93092 ], [ 3.99683, 44.93014 ], [ 3.99214, 44.93147 ], [ 3.98645, 44.93182 ], [ 3.98595, 44.93497 ], [ 3.98413, 44.93593 ], [ 3.98091, 44.93597 ], [ 3.97934, 44.93718 ], [ 3.97762, 44.93665 ], [ 3.9752, 44.9375 ], [ 3.97287, 44.93579 ], [ 3.96856, 44.93685 ], [ 3.96663, 44.93618 ], [ 3.96378, 44.93728 ], [ 3.96149, 44.93534 ], [ 3.95782, 44.93535 ], [ 3.95587, 44.93442 ], [ 3.95111, 44.93666 ], [ 3.94832, 44.9353 ], [ 3.94791, 44.93827 ], [ 3.94603, 44.93733 ], [ 3.94439, 44.93767 ], [ 3.94519, 44.93958 ], [ 3.9433, 44.94029 ], [ 3.94218, 44.94622 ], [ 3.93732, 44.9483 ], [ 3.938, 44.95192 ], [ 3.93308, 44.95315 ], [ 3.93078, 44.95489 ], [ 3.92749, 44.95421 ], [ 3.92703, 44.95782 ] ] } },
{ "type": "Feature", "properties": { "name": "la Beaume", "weight_class": 1, "permanent": false, "length_km": 10.4 }, "geometry": { "type": "LineString", "coordinates": [ [ 3.82451, 44.92237 ], [ 3.82686, 44.92365 ], [ 3.82999, 44.92345 ], [ 3.83266, 44.92438 ], [ 3.8381, 44.92805 ], [ 3.84179, 44.92496 ], [ 3.84731, 44.92248 ], [ 3.85245, 44.92187 ], [ 3.85768, 44.92584 ], [ 3.86185, 44.92653 ], [ 3.86395, 44.926 ], [ 3.86957, 44.92808 ], [ 3.87054, 44.93182 ], [ 3.87343, 44.93347 ], [ 3.87504, 44.93807 ], [ 3.88144, 44.94245 ], [ 3.88531, 44.94172 ], [ 3.89075, 44.9422 ], [ 3.89295, 44.94299 ], [ 3.89446, 44.94517 ], [ 3.8955, 44.94466 ], [ 3.8994, 44.94587 ], [ 3.9076, 44.95037 ], [ 3.91575, 44.95002 ], [ 3.91656, 44.95068 ], [ 3.91833, 44.95003 ] ] } },
{ "type": "Feature", "properties": { "name": "le Mézard", "weight_class": 1, "permanent": false, "length_km": 5.6 }, "geometry": { "type": "LineString", "coordinates": [ [ 4.04584, 44.9005 ], [ 4.04327, 44.90807 ], [ 4.04421, 44.91055 ], [ 4.04636, 44.91195 ], [ 4.0454, 44.91456 ], [ 4.04299, 44.91573 ], [ 4.03962, 44.91589 ], [ 4.03326, 44.91994 ], [ 4.02303, 44.92165 ], [ 4.02082, 44.92388 ], [ 4.0155, 44.92654 ], [ 4.00941, 44.92733 ] ] } },
{ "type": "Feature", "properties": { "name": "Ruisseau du Cros", "weight_class": 1, "permanent": true, "length_km": 4.8 }, "geometry": { "type": "LineString", "coordinates": [ [ 3.95571, 44.90571 ], [ 3.95604, 44.90954 ], [ 3.95282, 44.91148 ], [ 3.95336, 44.91212 ], [ 3.94948, 44.91818 ], [ 3.94214, 44.9217 ], [ 3.93793, 44.92507 ], [ 3.93833, 44.93251 ], [ 3.941, 44.93322 ], [ 3.94232, 44.93657 ], [ 3.94445, 44.93797 ] ] } },
{ "type": "Feature", "properties": { "name": "le Bêthe", "weight_class": 1, "permanent": false, "length_km": 9.2 }, "geometry": { "type": "LineString", "coordinates": [ [ 3.83916, 44.89128 ], [ 3.84452, 44.89515 ], [ 3.85286, 44.89169 ], [ 3.85899, 44.89286 ], [ 3.86169, 44.89129 ], [ 3.8661, 44.89117 ], [ 3.87206, 44.89411 ], [ 3.87639, 44.90002 ], [ 3.87538, 44.90387 ], [ 3.87815, 44.90373 ], [ 3.87963, 44.90462 ], [ 3.88228, 44.90744 ], [ 3.88221, 44.90901 ], [ 3.88585, 44.90959 ], [ 3.89057, 44.90734 ], [ 3.89858, 44.90828 ], [ 3.89977, 44.90767 ], [ 3.90125, 44.90879 ], [ 3.90978, 44.90891 ], [ 3.91255, 44.91349 ], [ 3.91552, 44.9128 ], [ 3.91949, 44.91329 ] ] } },
{ "type": "Feature", "properties": { "name": "le Merdanson", "weight_class": 1, "permanent": false, "length_km": 3.7 }, "geometry": { "type": "LineString", "coordinates": [ [ 4.02806, 44.90362 ], [ 4.02824, 44.9046 ], [ 4.02649, 44.90587 ], [ 4.02111, 44.90802 ], [ 4.01893, 44.91149 ], [ 4.00989, 44.91495 ], [ 4.00937, 44.92475 ], [ 4.00615, 44.92683 ] ] } },
{ "type": "Feature", "properties": { "name": null, "weight_class": 1, "permanent": false, "length_km": 2.7 }, "geometry": { "type": "LineString", "coordinates": [ [ 3.97279, 44.90177 ], [ 3.97591, 44.8978 ], [ 3.97306, 44.89306 ], [ 3.97329, 44.8904 ], [ 3.97085, 44.88983 ], [ 3.96812, 44.88744 ], [ 3.96159, 44.88903 ] ] } },
{ "type": "Feature", "properties": { "name": "l'Holme", "weight_class": 1, "permanent": false, "length_km": 10.1 }, "geometry": { "type": "LineString", "coordinates": [ [ 4.01534, 44.88784 ], [ 4.01168, 44.89215 ], [ 4.00366, 44.89251 ], [ 3.99754, 44.88861 ], [ 3.99157, 44.88647 ], [ 3.98538, 44.88859 ], [ 3.98503, 44.88794 ], [ 3.98136, 44.888 ], [ 3.9796, 44.88481 ], [ 3.97537, 44.88501 ], [ 3.97313, 44.88406 ], [ 3.96413, 44.88689 ], [ 3.96167, 44.88901 ], [ 3.9557, 44.89028 ], [ 3.95105, 44.8899 ], [ 3.94792, 44.88857 ], [ 3.94583, 44.88641 ], [ 3.94572, 44.88269 ], [ 3.94134, 44.88213 ], [ 3.93821, 44.88298 ], [ 3.93314, 44.88652 ], [ 3.92485, 44.88806 ], [ 3.92272, 44.89071 ] ] } },
{ "type": "Feature", "properties": { "name": null, "weight_class": 1, "permanent": false, "length_km": 2.6 }, "geometry": { "type": "LineString", "coordinates": [ [ 4.01323, 44.8686 ], [ 4.01108, 44.8649 ], [ 4.01352, 44.86227 ], [ 4.01413, 44.85984 ], [ 4.0164, 44.85743 ], [ 4.01845, 44.85688 ], [ 4.01907, 44.85477 ], [ 4.02394, 44.85376 ], [ 4.02503, 44.85229 ] ] } },
{ "type": "Feature", "properties": { "name": "la Méjeanne", "weight_class": 1, "permanent": true, "length_km": 10.7 }, "geometry": { "type": "MultiLineString", "coordinates": [ [ [ 3.94473, 44.82263 ], [ 3.94489, 44.82776 ], [ 3.94356, 44.83056 ], [ 3.9411, 44.83089 ], [ 3.94074, 44.83402 ], [ 3.93795, 44.83348 ], [ 3.93828, 44.83431 ], [ 3.93321, 44.83797 ], [ 3.93147, 44.83718 ], [ 3.92535, 44.83907 ], [ 3.92122, 44.8444 ], [ 3.92339, 44.84648 ], [ 3.91833, 44.84901 ], [ 3.91558, 44.84932 ], [ 3.91437, 44.85125 ], [ 3.91102, 44.85327 ], [ 3.91495, 44.85597 ], [ 3.91718, 44.85505 ], [ 3.92265, 44.85533 ], [ 3.92425, 44.8539 ], [ 3.92591, 44.85389 ], [ 3.9313, 44.85998 ], [ 3.93482, 44.86183 ] ], [ [ 3.93755, 44.79709 ], [ 3.93779, 44.80119 ], [ 3.93931, 44.80207 ], [ 3.93914, 44.80379 ], [ 3.94082, 44.8058 ] ], [ [ 3.94161, 44.81154 ], [ 3.94105, 44.81636 ], [ 3.94433, 44.82007 ] ] ] } },
{ "type": "Feature", "properties": { "name": "Ruisseau des Fouragettes", "weight_class": 1, "permanent": true, "length_km": 9.0 }, "geometry": { "type": "LineString", "coordinates": [ [ 3.85623, 44.85604 ], [ 3.86636, 44.85907 ], [ 3.87366, 44.86257 ], [ 3.88581, 44.86398 ], [ 3.88341, 44.87383 ], [ 3.88391, 44.87681 ], [ 3.88644, 44.87765 ], [ 3.88699, 44.88177 ], [ 3.88838, 44.88285 ], [ 3.89081, 44.88301 ], [ 3.89384, 44.88819 ], [ 3.89995, 44.88962 ], [ 3.90151, 44.89139 ], [ 3.91051, 44.89161 ], [ 3.91566, 44.88979 ], [ 3.91729, 44.88771 ], [ 3.9188, 44.88786 ] ] } },
{ "type": "Feature", "properties": { "name": null, "weight_class": 1, "permanent": false, "length_km": 2.2 }, "geometry": { "type": "LineString", "coordinates": [ [ 3.97599, 44.83506 ], [ 3.9756, 44.83696 ], [ 3.97225, 44.84084 ], [ 3.96512, 44.84678 ], [ 3.96418, 44.8492 ], [ 3.96505, 44.85134 ] ] } },
{ "type": "Feature", "properties": { "name": null, "weight_class": 1, "permanent": false, "length_km": 2.4 }, "geometry": { "type": "LineString", "coordinates": [ [ 3.99568, 44.82146 ], [ 3.99011, 44.83856 ], [ 3.98647, 44.84054 ] ] } },
{ "type": "Feature", "properties": { "name": "la Langougnole", "weight_class": 1, "permanent": true, "length_km": 4.4 }, "geometry": { "type": "LineString", "coordinates": [ [ 3.98292, 44.824 ], [ 3.98057, 44.82493 ], [ 3.97977, 44.82704 ], [ 3.981, 44.82849 ], [ 3.98024, 44.8308 ], [ 3.98223, 44.83164 ], [ 3.98097, 44.83691 ], [ 3.98319, 44.84017 ], [ 3.98639, 44.84028 ], [ 3.98607, 44.84193 ], [ 3.98829, 44.84478 ], [ 3.98392, 44.84838 ], [ 3.9839, 44.85056 ], [ 3.98516, 44.85123 ], [ 3.98331, 44.85239 ], [ 3.98456, 44.85337 ] ] } },
{ "type": "Feature", "properties": { "name": "le Nadalés", "weight_class": 1, "permanent": true, "length_km": 5.1 }, "geometry": { "type": "LineString", "coordinates": [ [ 4.01618, 44.81994 ], [ 4.01506, 44.82575 ], [ 4.01324, 44.82807 ], [ 4.01634, 44.83117 ], [ 4.01405, 44.83648 ], [ 4.01068, 44.83819 ], [ 4.00351, 44.83801 ], [ 3.99975, 44.84016 ], [ 3.99594, 44.84076 ], [ 3.99621, 44.84366 ], [ 3.99983, 44.84579 ], [ 3.99746, 44.84749 ] ] } },
{ "type": "Feature", "properties": { "name": "le Passadou", "weight_class": 1, "permanent": false, "length_km": 2.6 }, "geometry": { "type": "LineString", "coordinates": [ [ 3.91061, 44.82052 ], [ 3.90902, 44.82341 ], [ 3.91033, 44.82618 ], [ 3.91442, 44.8287 ], [ 3.92086, 44.83969 ] ] } },
{ "type": "Feature", "properties": { "name": "Ruisseau des Poux", "weight_class": 1, "permanent": false, "length_km": 3.6 }, "geometry": { "type": "LineString", "coordinates": [ [ 3.90381, 44.76963 ], [ 3.90262, 44.76972 ], [ 3.90013, 44.77237 ], [ 3.89675, 44.77347 ], [ 3.88492, 44.7691 ], [ 3.88401, 44.76688 ], [ 3.88482, 44.76509 ], [ 3.88157, 44.75962 ], [ 3.88477, 44.75684 ] ] } },
{ "type": "Feature", "properties": { "name": "Ruisseau du Mont Faget", "weight_class": 1, "permanent": false, "length_km": 2.4 }, "geometry": { "type": "LineString", "coordinates": [ [ 3.88186, 44.78654 ], [ 3.87624, 44.79133 ], [ 3.87561, 44.79569 ], [ 3.87369, 44.79885 ], [ 3.87464, 44.80052 ], [ 3.87807, 44.80045 ], [ 3.87853, 44.80145 ] ] } },
{ "type": "Feature", "properties": { "name": "la Vilette/Ruisseau des Fayes", "weight_class": 1, "permanent": true, "length_km": 4.2 }, "geometry": { "type": "LineString", "coordinates": [ [ 3.90177, 44.78602 ], [ 3.90914, 44.78699 ], [ 3.91499, 44.79227 ], [ 3.91899, 44.79123 ], [ 3.92443, 44.79635 ], [ 3.92722, 44.7957 ], [ 3.9295, 44.79396 ], [ 3.93246, 44.79382 ], [ 3.9367, 44.79532 ], [ 3.93755, 44.79709 ] ] } },
{ "type": "Feature", "properties": { "name": "l'Arquejol/Ruisseau du Rayol", "weight_class": 1, "permanent": true, "length_km": 13.5 }, "geometry": { "type": "LineString", "coordinates": [ [ 3.89479, 44.7948 ], [ 3.89688, 44.79642 ], [ 3.89699, 44.79822 ], [ 3.88779, 44.80036 ], [ 3.8842, 44.80278 ], [ 3.87846, 44.80146 ], [ 3.87435, 44.80583 ], [ 3.86991, 44.80835 ], [ 3.8629, 44.80881 ], [ 3.86063, 44.8111 ], [ 3.85699, 44.81065 ], [ 3.85558, 44.80946 ], [ 3.85053, 44.80983 ], [ 3.84921, 44.8086 ], [ 3.84666, 44.80976 ], [ 3.84496, 44.80947 ], [ 3.83908, 44.8062 ], [ 3.83516, 44.80855 ], [ 3.83172, 44.80873 ], [ 3.83015, 44.80794 ], [ 3.82892, 44.80853 ], [ 3.82603, 44.80578 ], [ 3.8241, 44.80594 ], [ 3.82313, 44.80369 ], [ 3.82088, 44.80361 ], [ 3.82049, 44.79962 ], [ 3.81905, 44.79813 ], [ 3.81781, 44.79818 ], [ 3.81661, 44.79611 ], [ 3.81813, 44.79374 ], [ 3.81644, 44.79191 ], [ 3.81693, 44.79018 ], [ 3.81978, 44.7875 ], [ 3.81947, 44.78363 ], [ 3.81765, 44.78211 ], [ 3.81859, 44.78019 ], [ 3.81685, 44.77707 ], [ 3.81749, 44.7743 ], [ 3.81933, 44.77268 ] ] } },
{ "type": "Feature", "properties": { "name": "le Bangeasse", "weight_class": 1, "permanent": true, "length_km": 3.9 }, "geometry": { "type": "LineString", "coordinates": [ [ 3.87009, 44.78895 ], [ 3.86363, 44.78994 ], [ 3.85422, 44.78758 ], [ 3.84967, 44.78293 ], [ 3.8503, 44.77374 ], [ 3.84732, 44.77428 ], [ 3.84428, 44.77241 ], [ 3.84176, 44.7723 ] ] } },
{ "type": "Feature", "properties": { "name": "le Mazigon/Ruisseau du Mazigon", "weight_class": 1, "permanent": true, "length_km": 4.5 }, "geometry": { "type": "LineString", "coordinates": [ [ 3.88711, 44.77817 ], [ 3.8842, 44.77627 ], [ 3.87813, 44.77609 ], [ 3.87659, 44.77425 ], [ 3.87689, 44.77237 ], [ 3.87332, 44.7699 ], [ 3.86822, 44.76898 ], [ 3.8577, 44.76938 ], [ 3.85361, 44.77054 ], [ 3.85037, 44.76992 ], [ 3.84858, 44.76751 ], [ 3.84518, 44.76712 ], [ 3.84296, 44.76837 ] ] } },
{ "type": "Feature", "properties": { "name": "Ruisseau de la Combe", "weight_class": 1, "permanent": true, "length_km": 2.2 }, "geometry": { "type": "LineString", "coordinates": [ [ 3.91001, 44.76264 ], [ 3.90421, 44.76206 ], [ 3.89997, 44.75943 ], [ 3.89715, 44.756 ], [ 3.8929, 44.75768 ], [ 3.88895, 44.75637 ] ] } },
{ "type": "Feature", "properties": { "name": "la Ribeyre", "weight_class": 1, "permanent": false, "length_km": 2.7 }, "geometry": { "type": "MultiLineString", "coordinates": [ [ [ 3.86479, 44.74616 ], [ 3.86261, 44.74396 ] ], [ [ 3.89979, 44.75339 ], [ 3.89658, 44.75274 ], [ 3.88826, 44.75688 ], [ 3.88477, 44.75684 ], [ 3.87934, 44.7526 ], [ 3.87855, 44.75025 ] ] ] } },
{ "type": "Feature", "properties": { "name": "l'Ance", "weight_class": 3, "permanent": true, "length_km": 37.1 }, "geometry": { "type": "MultiLineString", "coordinates": [ [ [ 3.8945, 45.35936 ], [ 3.89752, 45.35678 ] ], [ [ 3.89842, 45.35623 ], [ 3.89811, 45.3515 ], [ 3.90064, 45.34886 ] ], [ [ 3.90079, 45.34382 ], [ 3.89991, 45.3429 ], [ 3.90276, 45.34179 ], [ 3.90228, 45.339 ], [ 3.90476, 45.33783 ], [ 3.90449, 45.33392 ], [ 3.90602, 45.33308 ], [ 3.9045, 45.33189 ], [ 3.90633, 45.32859 ], [ 3.9117, 45.32951 ], [ 3.9141, 45.32725 ], [ 3.91349, 45.32346 ], [ 3.91483, 45.322 ], [ 3.91151, 45.31853 ], [ 3.91254, 45.31596 ], [ 3.91098, 45.31175 ], [ 3.91221, 45.30875 ], [ 3.91069, 45.30638 ], [ 3.91987, 45.30529 ], [ 3.9214, 45.30714 ], [ 3.91773, 45.30932 ], [ 3.92385, 45.31343 ], [ 3.92576, 45.31403 ], [ 3.93167, 45.31206 ], [ 3.93508, 45.31449 ], [ 3.93721, 45.31425 ], [ 3.93866, 45.31257 ], [ 3.9366, 45.31143 ], [ 3.93966, 45.30889 ], [ 3.93832, 45.306 ], [ 3.94091, 45.30587 ], [ 3.94381, 45.30695 ], [ 3.94712, 45.30567 ], [ 3.95282, 45.3061 ], [ 3.95722, 45.30249 ], [ 3.9566, 45.30183 ], [ 3.95376, 45.30215 ], [ 3.95362, 45.30143 ], [ 3.95903, 45.29807 ], [ 3.96187, 45.29737 ], [ 3.96154, 45.2948 ], [ 3.96434, 45.29513 ], [ 3.96557, 45.29317 ], [ 3.97091, 45.29434 ], [ 3.97172, 45.29334 ], [ 3.97051, 45.29135 ], [ 3.97358, 45.29058 ], [ 3.97463, 45.28636 ], [ 3.97783, 45.28645 ], [ 3.97896, 45.28516 ], [ 3.98148, 45.28575 ], [ 3.98196, 45.28492 ], [ 3.98463, 45.28466 ], [ 3.98413, 45.28126 ], [ 3.98189, 45.2791 ], [ 3.98388, 45.27777 ], [ 3.98389, 45.27599 ], [ 3.98525, 45.27504 ], [ 3.98731, 45.27592 ], [ 3.98827, 45.27385 ], [ 3.99069, 45.27338 ], [ 3.9942, 45.26887 ], [ 3.99957, 45.26651 ], [ 4.0013, 45.26307 ], [ 4.00492, 45.26163 ], [ 4.00689, 45.25758 ], [ 4.01344, 45.26021 ], [ 4.02218, 45.25717 ], [ 4.02329, 45.25785 ], [ 4.0226, 45.2625 ], [ 4.02769, 45.26364 ], [ 4.03139, 45.26221 ], [ 4.03494, 45.26491 ], [ 4.04107, 45.2625 ], [ 4.04071, 45.26665 ], [ 4.04493, 45.26768 ], [ 4.04506, 45.26921 ], [ 4.0465, 45.26973 ], [ 4.04858, 45.26787 ], [ 4.05106, 45.26777 ], [ 4.05248, 45.27222 ], [ 4.05574, 45.2734 ], [ 4.057, 45.27328 ], [ 4.058, 45.27005 ], [ 4.06452, 45.27233 ], [ 4.06991, 45.27162 ], [ 4.07181, 45.27299 ], [ 4.07077, 45.27445 ], [ 4.06566, 45.2752 ], [ 4.06634, 45.27745 ], [ 4.06803, 45.27823 ], [ 4.07087, 45.27821 ], [ 4.07441, 45.27629 ], [ 4.07816, 45.27812 ], [ 4.08595, 45.27345 ], [ 4.08727, 45.27396 ], [ 4.08658, 45.27466 ], [ 4.09106, 45.27554 ], [ 4.09824, 45.27546 ], [ 4.10014, 45.27813 ], [ 4.10256, 45.27905 ], [ 4.10339, 45.28174 ], [ 4.10687, 45.28235 ], [ 4.10983, 45.2851 ], [ 4.11285, 45.28502 ], [ 4.11564, 45.28618 ], [ 4.11863, 45.29183 ] ] ] } },
{ "type": "Feature", "properties": { "name": "Ruisseau de Rioumort", "weight_class": 1, "permanent": true, "length_km": 3.3 }, "geometry": { "type": "LineString", "coordinates": [ [ 3.79943, 45.32379 ], [ 3.7987, 45.32178 ], [ 3.79984, 45.31852 ], [ 3.79846, 45.31764 ], [ 3.79961, 45.31414 ], [ 3.79701, 45.30836 ], [ 3.80067, 45.30225 ], [ 3.8039, 45.29992 ] ] } },
{ "type": "Feature", "properties": { "name": "Ruisseau les Fouants", "weight_class": 1, "permanent": true, "length_km": 2.2 }, "geometry": { "type": "LineString", "coordinates": [ [ 3.78174, 45.35107 ], [ 3.77657, 45.34896 ], [ 3.77193, 45.34928 ], [ 3.76966, 45.35152 ], [ 3.76222, 45.3524 ], [ 3.75994, 45.35602 ] ] } },
{ "type": "Feature", "properties": { "name": "Ruisseau d'Aiguemorte", "weight_class": 1, "permanent": true, "length_km": 4.9 }, "geometry": { "type": "LineString", "coordinates": [ [ 3.84732, 45.29048 ], [ 3.84834, 45.28813 ], [ 3.85454, 45.28452 ], [ 3.85504, 45.2807 ], [ 3.85404, 45.27888 ], [ 3.85667, 45.2741 ], [ 3.85519, 45.27021 ], [ 3.85254, 45.26965 ], [ 3.85246, 45.26549 ], [ 3.85426, 45.26481 ], [ 3.8509, 45.25991 ], [ 3.85187, 45.25783 ], [ 3.8502, 45.25449 ] ] } },
{ "type": "Feature", "properties": { "name": "Ruisseau le Bourbouilloux", "weight_class": 1, "permanent": true, "length_km": 21.8 }, "geometry": { "type": "LineString", "coordinates": [ [ 3.77541, 45.23991 ], [ 3.77871, 45.23777 ], [ 3.77901, 45.23575 ], [ 3.78246, 45.23244 ], [ 3.78548, 45.23142 ], [ 3.79001, 45.22797 ], [ 3.78878, 45.22592 ], [ 3.79718, 45.22213 ], [ 3.79989, 45.21725 ], [ 3.79805, 45.2158 ], [ 3.7997, 45.20899 ], [ 3.79931, 45.2058 ], [ 3.79653, 45.20356 ], [ 3.79852, 45.20151 ], [ 3.80171, 45.20079 ], [ 3.79881, 45.19796 ], [ 3.79945, 45.19598 ], [ 3.79816, 45.19519 ], [ 3.79824, 45.1938 ], [ 3.79928, 45.19281 ], [ 3.79991, 45.19331 ], [ 3.80431, 45.19215 ], [ 3.80429, 45.18963 ], [ 3.79928, 45.18468 ], [ 3.80205, 45.18034 ], [ 3.80061, 45.17382 ], [ 3.80234, 45.17285 ], [ 3.7978, 45.17075 ], [ 3.79803, 45.16822 ], [ 3.80012, 45.16714 ], [ 3.7999, 45.16532 ], [ 3.80197, 45.16332 ], [ 3.8013, 45.16141 ], [ 3.7982, 45.16042 ], [ 3.79526, 45.15798 ], [ 3.79489, 45.15645 ], [ 3.79656, 45.15367 ], [ 3.79458, 45.15124 ], [ 3.79153, 45.1501 ], [ 3.79122, 45.1431 ], [ 3.78932, 45.1426 ], [ 3.79014, 45.13959 ], [ 3.79326, 45.13956 ], [ 3.79325, 45.13481 ], [ 3.79718, 45.13538 ], [ 3.80638, 45.12811 ], [ 3.80486, 45.12551 ], [ 3.80505, 45.12073 ], [ 3.80972, 45.11435 ], [ 3.81094, 45.11021 ], [ 3.8083, 45.10894 ], [ 3.80757, 45.10654 ], [ 3.8059, 45.10607 ], [ 3.80039, 45.10053 ] ] } },
{ "type": "Feature", "properties": { "name": "Rivière l'Arzon", "weight_class": 1, "permanent": false, "length_km": 2.3 }, "geometry": { "type": "MultiLineString", "coordinates": [ [ [ 3.81754, 45.32625 ], [ 3.81637, 45.32366 ], [ 3.81717, 45.3219 ] ], [ [ 3.82289, 45.32835 ], [ 3.81855, 45.32802 ], [ 3.81725, 45.32621 ] ], [ [ 3.83827, 45.34418 ], [ 3.83731, 45.34377 ], [ 3.83729, 45.34164 ], [ 3.83542, 45.34112 ], [ 3.83436, 45.33766 ] ] ] } },
{ "type": "Feature", "properties": { "name": "l'Arzon", "weight_class": 1, "permanent": true, "length_km": 41.3 }, "geometry": { "type": "LineString", "coordinates": [ [ 3.83587, 45.38398 ], [ 3.8357, 45.37984 ], [ 3.83733, 45.37747 ], [ 3.83752, 45.37382 ], [ 3.83971, 45.37133 ], [ 3.83652, 45.36865 ], [ 3.83816, 45.36653 ], [ 3.83669, 45.36638 ], [ 3.83498, 45.36372 ], [ 3.8335, 45.36357 ], [ 3.83195, 45.36168 ], [ 3.83276, 45.35998 ], [ 3.83199, 45.35901 ], [ 3.83325, 45.35886 ], [ 3.83056, 45.35548 ], [ 3.83142, 45.35387 ], [ 3.83351, 45.35341 ], [ 3.83664, 45.34924 ], [ 3.83773, 45.34678 ], [ 3.83678, 45.34479 ], [ 3.83858, 45.34365 ], [ 3.83793, 45.34135 ], [ 3.83491, 45.33749 ], [ 3.83301, 45.33737 ], [ 3.83054, 45.33531 ], [ 3.83176, 45.33251 ], [ 3.83044, 45.33048 ], [ 3.82344, 45.32875 ], [ 3.82129, 45.32738 ], [ 3.81964, 45.32788 ], [ 3.81669, 45.32582 ], [ 3.81513, 45.32237 ], [ 3.81809, 45.32118 ], [ 3.81745, 45.31977 ], [ 3.82017, 45.31542 ], [ 3.81805, 45.31286 ], [ 3.81659, 45.31254 ], [ 3.8169, 45.30964 ], [ 3.81353, 45.3101 ], [ 3.81435, 45.30867 ], [ 3.81219, 45.30835 ], [ 3.81166, 45.30723 ], [ 3.81273, 45.30665 ], [ 3.81083, 45.30578 ], [ 3.81082, 45.30446 ], [ 3.80781, 45.30281 ], [ 3.8047, 45.30235 ], [ 3.80568, 45.3008 ], [ 3.80382, 45.29979 ], [ 3.80346, 45.29606 ], [ 3.80422, 45.29473 ], [ 3.80603, 45.29459 ], [ 3.80791, 45.28924 ], [ 3.80948, 45.28899 ], [ 3.81001, 45.28766 ], [ 3.81307, 45.28729 ], [ 3.81706, 45.28965 ], [ 3.81812, 45.28836 ], [ 3.81952, 45.28831 ], [ 3.81977, 45.28632 ], [ 3.81852, 45.28666 ], [ 3.81734, 45.28434 ], [ 3.82043, 45.28135 ], [ 3.81887, 45.27099 ], [ 3.81994, 45.26943 ], [ 3.82167, 45.2692 ], [ 3.82209, 45.26579 ], [ 3.82452, 45.26612 ], [ 3.8265, 45.26497 ], [ 3.82823, 45.26699 ], [ 3.82961, 45.26654 ], [ 3.83022, 45.26288 ], [ 3.8321, 45.26242 ], [ 3.83045, 45.25961 ], [ 3.82882, 45.26033 ], [ 3.82824, 45.25912 ], [ 3.82826, 45.25693 ], [ 3.83006, 45.25582 ], [ 3.83044, 45.25371 ], [ 3.83444, 45.25335 ], [ 3.83381, 45.25497 ], [ 3.83605, 45.25619 ], [ 3.84397, 45.25332 ], [ 3.84626, 45.25343 ], [ 3.84582, 45.25202 ], [ 3.84731, 45.25279 ], [ 3.84749, 45.25525 ], [ 3.85016, 45.25458 ], [ 3.85016, 45.25271 ], [ 3.85204, 45.25174 ], [ 3.8534, 45.24932 ], [ 3.85174, 45.24621 ], [ 3.85202, 45.24295 ], [ 3.85599, 45.24215 ], [ 3.85669, 45.24039 ], [ 3.85409, 45.24011 ], [ 3.85389, 45.23942 ], [ 3.85616, 45.23821 ], [ 3.85678, 45.23589 ], [ 3.85844, 45.23701 ], [ 3.86053, 45.23631 ], [ 3.85888, 45.2332 ], [ 3.8596, 45.23206 ], [ 3.86109, 45.23278 ], [ 3.86197, 45.23208 ], [ 3.85988, 45.22808 ], [ 3.86221, 45.22563 ], [ 3.85989, 45.2255 ], [ 3.8599, 45.22393 ], [ 3.86363, 45.22246 ], [ 3.86429, 45.22018 ], [ 3.86697, 45.21962 ], [ 3.86585, 45.21813 ], [ 3.86216, 45.21708 ], [ 3.86465, 45.21519 ], [ 3.86576, 45.21217 ], [ 3.87027, 45.21359 ], [ 3.87274, 45.21236 ], [ 3.87491, 45.21285 ], [ 3.87901, 45.2117 ], [ 3.88015, 45.21049 ], [ 3.87955, 45.20665 ], [ 3.88168, 45.20198 ], [ 3.8856, 45.20121 ], [ 3.88702, 45.19893 ], [ 3.89115, 45.19756 ], [ 3.89248, 45.19389 ], [ 3.89153, 45.19206 ], [ 3.89265, 45.19083 ], [ 3.89467, 45.18995 ], [ 3.89791, 45.19084 ], [ 3.90086, 45.18766 ], [ 3.90758, 45.18506 ], [ 3.91258, 45.18524 ] ] } },
{ "type": "Feature", "properties": { "name": "le Lavadour", "weight_class": 1, "permanent": false, "length_km": 2.2 }, "geometry": { "type": "LineString", "coordinates": [ [ 3.82153, 45.37882 ], [ 3.82493, 45.37838 ], [ 3.82625, 45.37723 ], [ 3.82896, 45.37261 ], [ 3.83188, 45.37143 ], [ 3.83519, 45.36816 ], [ 3.83497, 45.36641 ], [ 3.83621, 45.36532 ] ] } },
{ "type": "Feature", "properties": { "name": "l'Aubrigoux", "weight_class": 1, "permanent": false, "length_km": 6.0 }, "geometry": { "type": "LineString", "coordinates": [ [ 3.79722, 45.38271 ], [ 3.80087, 45.37655 ], [ 3.80759, 45.37026 ], [ 3.80917, 45.36534 ], [ 3.81245, 45.36359 ], [ 3.81606, 45.35862 ], [ 3.82041, 45.35744 ], [ 3.82171, 45.35541 ], [ 3.82715, 45.35288 ], [ 3.83048, 45.34939 ], [ 3.83286, 45.34826 ], [ 3.83659, 45.34855 ] ] } },
{ "type": "Feature", "properties": { "name": "les Galandres", "weight_class": 1, "permanent": true, "length_km": 5.7 }, "geometry": { "type": "LineString", "coordinates": [ [ 3.854, 45.32239 ], [ 3.85526, 45.3212 ], [ 3.86013, 45.32076 ], [ 3.86219, 45.31827 ], [ 3.87144, 45.31347 ], [ 3.87631, 45.31342 ], [ 3.87703, 45.31231 ], [ 3.88038, 45.31196 ], [ 3.88368, 45.3097 ], [ 3.88483, 45.30985 ], [ 3.88572, 45.30857 ], [ 3.89143, 45.30856 ], [ 3.89273, 45.3056 ], [ 3.89069, 45.30518 ], [ 3.89005, 45.30362 ], [ 3.89252, 45.30125 ], [ 3.8921, 45.2998 ], [ 3.89485, 45.29866 ] ] } },
{ "type": "Feature", "properties": { "name": "le Sauze", "weight_class": 1, "permanent": true, "length_km": 3.9 }, "geometry": { "type": "LineString", "coordinates": [ [ 3.79956, 45.34752 ], [ 3.79896, 45.34486 ], [ 3.80271, 45.34316 ], [ 3.80536, 45.33798 ], [ 3.80553, 45.33144 ], [ 3.81088, 45.32941 ], [ 3.81063, 45.32818 ], [ 3.81533, 45.32579 ], [ 3.81579, 45.32396 ] ] } },
{ "type": "Feature", "properties": { "name": "la Trioule", "weight_class": 1, "permanent": true, "length_km": 2.1 }, "geometry": { "type": "LineString", "coordinates": [ [ 3.82979, 45.30473 ], [ 3.82551, 45.3 ], [ 3.824, 45.29564 ], [ 3.82093, 45.29404 ], [ 3.81706, 45.28965 ] ] } },
{ "type": "Feature", "properties": { "name": "Ruisseau de Rocipon", "weight_class": 1, "permanent": true, "length_km": 3.7 }, "geometry": { "type": "LineString", "coordinates": [ [ 3.76501, 45.29479 ], [ 3.77573, 45.30257 ], [ 3.78095, 45.30223 ], [ 3.79256, 45.29816 ], [ 3.7972, 45.29983 ], [ 3.79956, 45.30202 ], [ 3.80108, 45.30204 ] ] } },
{ "type": "Feature", "properties": { "name": "Ruisseau de Granouillet", "weight_class": 1, "permanent": true, "length_km": 2.6 }, "geometry": { "type": "LineString", "coordinates": [ [ 3.77152, 45.30936 ], [ 3.77357, 45.30796 ], [ 3.78085, 45.30646 ], [ 3.78905, 45.30832 ], [ 3.79529, 45.30527 ], [ 3.79932, 45.30453 ] ] } },
{ "type": "Feature", "properties": { "name": "Ruisseau de la Chamalière", "weight_class": 1, "permanent": true, "length_km": 12.9 }, "geometry": { "type": "LineString", "coordinates": [ [ 3.76637, 45.27475 ], [ 3.76588, 45.27383 ], [ 3.77218, 45.26728 ], [ 3.77855, 45.25829 ], [ 3.78428, 45.25844 ], [ 3.79158, 45.25604 ], [ 3.79885, 45.25673 ], [ 3.80026, 45.25443 ], [ 3.80215, 45.25435 ], [ 3.80238, 45.2522 ], [ 3.80599, 45.24987 ], [ 3.80692, 45.24757 ], [ 3.80972, 45.24643 ], [ 3.81049, 45.24376 ], [ 3.81424, 45.24291 ], [ 3.81462, 45.24162 ], [ 3.81616, 45.24108 ], [ 3.81548, 45.23773 ], [ 3.81649, 45.2361 ], [ 3.81854, 45.23636 ], [ 3.82173, 45.23516 ], [ 3.82279, 45.23358 ], [ 3.8262, 45.23341 ], [ 3.82768, 45.23453 ], [ 3.83027, 45.23368 ], [ 3.83161, 45.23483 ], [ 3.83387, 45.23447 ], [ 3.83831, 45.23786 ], [ 3.84258, 45.23812 ], [ 3.84514, 45.237 ], [ 3.84522, 45.23869 ], [ 3.84617, 45.23884 ], [ 3.84796, 45.23744 ], [ 3.84705, 45.23577 ], [ 3.84933, 45.23407 ], [ 3.85326, 45.23476 ], [ 3.85511, 45.23601 ], [ 3.85548, 45.23446 ], [ 3.85928, 45.23256 ] ] } },
{ "type": "Feature", "properties": { "name": null, "weight_class": 1, "permanent": false, "length_km": 3.5 }, "geometry": { "type": "LineString", "coordinates": [ [ 3.78271, 45.24365 ], [ 3.78463, 45.24146 ], [ 3.79407, 45.23549 ], [ 3.7954, 45.23198 ], [ 3.80245, 45.22444 ], [ 3.8019, 45.2215 ], [ 3.7995, 45.21881 ] ] } },
{ "type": "Feature", "properties": { "name": "Ruisseau de Charvols", "weight_class": 1, "permanent": false, "length_km": 2.7 }, "geometry": { "type": "LineString", "coordinates": [ [ 3.71147, 45.34291 ], [ 3.7114, 45.34889 ], [ 3.71463, 45.35111 ], [ 3.72321, 45.35204 ], [ 3.72671, 45.36006 ] ] } },
{ "type": "Feature", "properties": { "name": "la Dorette", "weight_class": 1, "permanent": true, "length_km": 9.8 }, "geometry": { "type": "LineString", "coordinates": [ [ 3.73139, 45.28231 ], [ 3.73306, 45.28482 ], [ 3.73569, 45.28511 ], [ 3.7369, 45.28678 ], [ 3.74284, 45.28961 ], [ 3.74783, 45.29958 ], [ 3.74814, 45.30602 ], [ 3.74276, 45.31181 ], [ 3.7431, 45.31476 ], [ 3.74623, 45.31853 ], [ 3.74752, 45.32207 ], [ 3.7465, 45.32664 ], [ 3.75142, 45.33179 ], [ 3.74892, 45.33958 ], [ 3.75724, 45.35724 ] ] } },
{ "type": "Feature", "properties": { "name": "Ruisseau de Coupangeoux", "weight_class": 1, "permanent": true, "length_km": 3.5 }, "geometry": { "type": "LineString", "coordinates": [ [ 3.69696, 45.35417 ], [ 3.69878, 45.35789 ], [ 3.70526, 45.36051 ], [ 3.71454, 45.36008 ], [ 3.71873, 45.36114 ], [ 3.7246, 45.35905 ], [ 3.73008, 45.36166 ], [ 3.73017, 45.36362 ] ] } },
{ "type": "Feature", "properties": { "name": "la Gérolle", "weight_class": 1, "permanent": false, "length_km": 2.9 }, "geometry": { "type": "LineString", "coordinates": [ [ 3.7205, 45.32936 ], [ 3.72603, 45.33145 ], [ 3.72717, 45.33443 ], [ 3.73305, 45.33641 ], [ 3.73971, 45.33706 ], [ 3.74495, 45.34084 ], [ 3.7493, 45.34043 ] ] } },
{ "type": "Feature", "properties": { "name": "Ruisseau le Groumesomme", "weight_class": 1, "permanent": true, "length_km": 3.0 }, "geometry": { "type": "LineString", "coordinates": [ [ 3.72531, 45.31617 ], [ 3.72786, 45.32156 ], [ 3.73154, 45.32419 ], [ 3.73092, 45.32764 ], [ 3.7332, 45.32959 ], [ 3.73424, 45.32977 ], [ 3.7363, 45.32818 ], [ 3.74241, 45.32801 ], [ 3.74664, 45.32674 ] ] } },
{ "type": "Feature", "properties": { "name": null, "weight_class": 1, "permanent": true, "length_km": 2.1 }, "geometry": { "type": "LineString", "coordinates": [ [ 3.73212, 45.34424 ], [ 3.73459, 45.34497 ], [ 3.73615, 45.34731 ], [ 3.73869, 45.34842 ], [ 3.74724, 45.34824 ], [ 3.75109, 45.35106 ], [ 3.7539, 45.351 ] ] } },
{ "type": "Feature", "properties": { "name": "Ruisseau du Chambon", "weight_class": 1, "permanent": true, "length_km": 3.4 }, "geometry": { "type": "LineString", "coordinates": [ [ 3.77631, 45.32709 ], [ 3.77298, 45.32487 ], [ 3.77101, 45.32518 ], [ 3.76377, 45.33334 ], [ 3.75729, 45.33518 ], [ 3.75496, 45.33764 ], [ 3.7535, 45.34298 ], [ 3.75163, 45.34444 ] ] } },
{ "type": "Feature", "properties": { "name": "la Senouire", "weight_class": 1, "permanent": true, "length_km": 66.3 }, "geometry": { "type": "LineString", "coordinates": [ [ 3.69992, 45.2936 ], [ 3.70523, 45.2976 ], [ 3.71123, 45.30874 ], [ 3.71487, 45.31077 ], [ 3.71646, 45.3149 ], [ 3.71287, 45.32374 ], [ 3.70717, 45.32706 ], [ 3.7073, 45.33653 ], [ 3.70527, 45.33791 ], [ 3.70535, 45.34002 ], [ 3.70383, 45.34061 ], [ 3.70361, 45.34212 ], [ 3.70055, 45.34232 ], [ 3.69768, 45.34638 ], [ 3.69037, 45.34837 ], [ 3.68945, 45.34939 ], [ 3.68716, 45.34919 ], [ 3.68222, 45.35141 ], [ 3.67643, 45.35186 ], [ 3.67193, 45.3477 ], [ 3.66502, 45.34369 ], [ 3.66506, 45.34009 ], [ 3.66271, 45.33593 ], [ 3.66532, 45.33312 ], [ 3.664, 45.33126 ], [ 3.66543, 45.32843 ], [ 3.66488, 45.32723 ], [ 3.66764, 45.32383 ], [ 3.66612, 45.32204 ], [ 3.66679, 45.31917 ], [ 3.6656, 45.31776 ], [ 3.66756, 45.31555 ], [ 3.66687, 45.31491 ], [ 3.66962, 45.31401 ], [ 3.66912, 45.31168 ], [ 3.67286, 45.30971 ], [ 3.67318, 45.30791 ], [ 3.67105, 45.30565 ], [ 3.67207, 45.30424 ], [ 3.66863, 45.3033 ], [ 3.66503, 45.29983 ], [ 3.66315, 45.29985 ], [ 3.66185, 45.29878 ], [ 3.6611, 45.29528 ], [ 3.66221, 45.29201 ], [ 3.65994, 45.29167 ], [ 3.65913, 45.29065 ], [ 3.66099, 45.28942 ], [ 3.65762, 45.28954 ], [ 3.65604, 45.28873 ], [ 3.65473, 45.28756 ], [ 3.65509, 45.2861 ], [ 3.64907, 45.2814 ], [ 3.64997, 45.28036 ], [ 3.64589, 45.27988 ], [ 3.64551, 45.27872 ], [ 3.64516, 45.27571 ], [ 3.64838, 45.27318 ], [ 3.64838, 45.26683 ], [ 3.65167, 45.26462 ], [ 3.65009, 45.26262 ], [ 3.65178, 45.26146 ], [ 3.65168, 45.25978 ], [ 3.64971, 45.25949 ], [ 3.64964, 45.25863 ], [ 3.65432, 45.25703 ], [ 3.65626, 45.25354 ], [ 3.6528, 45.25294 ], [ 3.65355, 45.25165 ], [ 3.65051, 45.25135 ], [ 3.65279, 45.24951 ], [ 3.64825, 45.24831 ], [ 3.64623, 45.24484 ], [ 3.6451, 45.24473 ], [ 3.64439, 45.2461 ], [ 3.64278, 45.24501 ], [ 3.64108, 45.24531 ], [ 3.63771, 45.24266 ], [ 3.63644, 45.23976 ], [ 3.63155, 45.24002 ], [ 3.62831, 45.23746 ], [ 3.62349, 45.23674 ], [ 3.62354, 45.23484 ], [ 3.6224, 45.23449 ], [ 3.62072, 45.23086 ], [ 3.62235, 45.22878 ], [ 3.61972, 45.22834 ], [ 3.61804, 45.22594 ], [ 3.61971, 45.22377 ], [ 3.617, 45.22153 ], [ 3.61281, 45.22079 ], [ 3.60764, 45.22125 ], [ 3.6077, 45.21905 ], [ 3.60402, 45.21391 ], [ 3.59996, 45.21525 ], [ 3.59882, 45.21305 ], [ 3.59426, 45.21099 ], [ 3.59587, 45.20826 ], [ 3.58997, 45.20434 ], [ 3.58742, 45.20383 ], [ 3.58608, 45.20134 ], [ 3.58108, 45.19821 ], [ 3.58298, 45.19373 ], [ 3.58214, 45.19251 ], [ 3.57803, 45.19222 ], [ 3.57547, 45.18917 ], [ 3.56969, 45.18919 ], [ 3.56813, 45.18773 ], [ 3.56766, 45.18493 ], [ 3.5651, 45.18333 ], [ 3.56275, 45.18265 ], [ 3.55989, 45.18292 ], [ 3.55893, 45.18393 ], [ 3.55611, 45.18368 ], [ 3.55558, 45.18204 ], [ 3.55116, 45.18378 ], [ 3.55168, 45.18555 ], [ 3.54932, 45.18677 ], [ 3.54635, 45.18688 ], [ 3.54359, 45.18923 ], [ 3.53615, 45.19002 ], [ 3.53399, 45.19174 ], [ 3.53228, 45.19162 ], [ 3.52955, 45.19445 ], [ 3.5272, 45.19478 ], [ 3.52381, 45.19729 ], [ 3.51966, 45.19797 ], [ 3.51984, 45.20034 ], [ 3.51498, 45.20111 ], [ 3.50696, 45.20727 ], [ 3.50299, 45.20776 ], [ 3.50261, 45.20989 ], [ 3.50498, 45.21488 ], [ 3.50761, 45.21605 ], [ 3.50931, 45.21812 ], [ 3.50656, 45.21907 ], [ 3.50711, 45.22042 ], [ 3.50512, 45.22224 ], [ 3.50609, 45.2233 ], [ 3.50884, 45.2233 ], [ 3.50934, 45.22643 ], [ 3.51126, 45.22756 ], [ 3.51042, 45.23286 ], [ 3.50367, 45.23347 ], [ 3.504, 45.23961 ], [ 3.50111, 45.242 ], [ 3.50127, 45.24459 ], [ 3.49971, 45.24699 ], [ 3.50059, 45.25006 ], [ 3.50604, 45.25005 ], [ 3.50768, 45.25084 ], [ 3.50728, 45.25215 ], [ 3.50229, 45.25401 ], [ 3.5026, 45.25506 ], [ 3.5058, 45.25602 ], [ 3.50652, 45.2577 ], [ 3.5017, 45.25928 ], [ 3.49673, 45.25761 ], [ 3.49213, 45.25777 ], [ 3.48929, 45.25888 ], [ 3.48703, 45.2608 ], [ 3.48648, 45.26324 ], [ 3.4846, 45.26401 ], [ 3.46812, 45.26401 ], [ 3.46523, 45.26539 ], [ 3.46255, 45.2638 ], [ 3.45722, 45.26352 ], [ 3.45285, 45.25986 ], [ 3.44981, 45.26121 ], [ 3.44554, 45.25829 ], [ 3.43895, 45.26177 ], [ 3.44092, 45.26612 ], [ 3.43625, 45.26608 ], [ 3.43422, 45.26894 ], [ 3.43111, 45.27024 ], [ 3.42698, 45.26836 ], [ 3.42428, 45.26877 ], [ 3.42197, 45.26757 ], [ 3.41906, 45.26949 ], [ 3.41764, 45.26876 ], [ 3.4173, 45.2709 ], [ 3.41226, 45.27481 ], [ 3.41148, 45.2767 ], [ 3.40818, 45.27721 ] ] } },
{ "type": "Feature", "properties": { "name": null, "weight_class": 1, "permanent": false, "length_km": 2.3 }, "geometry": { "type": "LineString", "coordinates": [ [ 3.71616, 45.28935 ], [ 3.71969, 45.29645 ], [ 3.7185, 45.29829 ], [ 3.71918, 45.30088 ], [ 3.72232, 45.30289 ], [ 3.72825, 45.30342 ] ] } },
{ "type": "Feature", "properties": { "name": null, "weight_class": 1, "permanent": true, "length_km": 3.5 }, "geometry": { "type": "LineString", "coordinates": [ [ 3.72739, 45.28794 ], [ 3.727, 45.29366 ], [ 3.72905, 45.29693 ], [ 3.72832, 45.30357 ], [ 3.73262, 45.30822 ], [ 3.74274, 45.31185 ] ] } },
{ "type": "Feature", "properties": { "name": "la Borne Orientale", "weight_class": 1, "permanent": true, "length_km": 21.5 }, "geometry": { "type": "LineString", "coordinates": [ [ 3.74384, 45.27762 ], [ 3.74561, 45.27353 ], [ 3.74415, 45.26253 ], [ 3.74634, 45.2608 ], [ 3.74499, 45.25701 ], [ 3.7369, 45.24842 ], [ 3.73727, 45.24353 ], [ 3.73566, 45.24175 ], [ 3.73613, 45.23865 ], [ 3.73492, 45.2374 ], [ 3.74094, 45.23269 ], [ 3.74303, 45.22807 ], [ 3.74023, 45.22306 ], [ 3.73874, 45.22227 ], [ 3.73905, 45.2191 ], [ 3.73671, 45.215 ], [ 3.73683, 45.20829 ], [ 3.73543, 45.20706 ], [ 3.73659, 45.20442 ], [ 3.74091, 45.20242 ], [ 3.73994, 45.19936 ], [ 3.74206, 45.19619 ], [ 3.7396, 45.19535 ], [ 3.73574, 45.19546 ], [ 3.7374, 45.19207 ], [ 3.74048, 45.19203 ], [ 3.74249, 45.1904 ], [ 3.74718, 45.18995 ], [ 3.7507, 45.18536 ], [ 3.75312, 45.18432 ], [ 3.75144, 45.18187 ], [ 3.75244, 45.17959 ], [ 3.74949, 45.17497 ], [ 3.75684, 45.17119 ], [ 3.75483, 45.16878 ], [ 3.75732, 45.16555 ], [ 3.75785, 45.16239 ], [ 3.75522, 45.15838 ], [ 3.7531, 45.15795 ], [ 3.75113, 45.15574 ], [ 3.75345, 45.15336 ], [ 3.75256, 45.15145 ], [ 3.75021, 45.15069 ], [ 3.74912, 45.14896 ], [ 3.75022, 45.14715 ], [ 3.75238, 45.14686 ], [ 3.75203, 45.14558 ] ] } },
{ "type": "Feature", "properties": { "name": "la Borne", "weight_class": 3, "permanent": true, "length_km": 49.9 }, "geometry": { "type": "LineString", "coordinates": [ [ 3.7227, 45.27565 ], [ 3.72031, 45.2732 ], [ 3.71809, 45.27246 ], [ 3.71715, 45.26789 ], [ 3.71843, 45.26413 ], [ 3.71287, 45.25278 ], [ 3.71522, 45.24844 ], [ 3.71344, 45.24154 ], [ 3.71092, 45.23896 ], [ 3.70692, 45.23721 ], [ 3.70661, 45.23358 ], [ 3.70417, 45.23152 ], [ 3.70349, 45.21837 ], [ 3.70154, 45.21675 ], [ 3.6967, 45.21592 ], [ 3.69499, 45.21373 ], [ 3.69525, 45.21207 ], [ 3.6876, 45.20642 ], [ 3.6893, 45.19974 ], [ 3.69278, 45.19785 ], [ 3.69368, 45.19539 ], [ 3.69567, 45.19475 ], [ 3.6966, 45.19287 ], [ 3.69566, 45.19182 ], [ 3.69098, 45.19087 ], [ 3.68932, 45.18904 ], [ 3.68922, 45.18656 ], [ 3.69514, 45.18417 ], [ 3.69918, 45.1843 ], [ 3.70307, 45.18088 ], [ 3.70434, 45.17758 ], [ 3.70765, 45.17557 ], [ 3.7136, 45.1747 ], [ 3.72044, 45.17529 ], [ 3.72375, 45.17088 ], [ 3.72384, 45.16959 ], [ 3.7217, 45.16749 ], [ 3.72248, 45.16205 ], [ 3.72831, 45.15896 ], [ 3.72992, 45.15696 ], [ 3.73237, 45.15711 ], [ 3.73766, 45.15451 ], [ 3.73817, 45.15185 ], [ 3.74197, 45.14991 ], [ 3.74172, 45.14736 ], [ 3.74328, 45.14533 ], [ 3.74697, 45.14311 ], [ 3.75241, 45.14562 ], [ 3.75809, 45.14372 ], [ 3.75883, 45.1419 ], [ 3.76046, 45.14183 ], [ 3.75892, 45.14044 ], [ 3.75951, 45.13956 ], [ 3.76315, 45.13938 ], [ 3.76848, 45.13652 ], [ 3.76958, 45.13696 ], [ 3.7688, 45.13519 ], [ 3.77105, 45.13417 ], [ 3.77134, 45.13287 ], [ 3.77664, 45.13324 ], [ 3.77689, 45.13092 ], [ 3.77856, 45.12924 ], [ 3.77779, 45.12779 ], [ 3.77935, 45.12601 ], [ 3.78513, 45.12646 ], [ 3.78709, 45.12539 ], [ 3.78884, 45.12827 ], [ 3.79442, 45.12843 ], [ 3.79443, 45.12538 ], [ 3.79123, 45.12136 ], [ 3.79346, 45.12137 ], [ 3.79521, 45.1196 ], [ 3.79607, 45.11691 ], [ 3.7952, 45.1153 ], [ 3.7975, 45.11186 ], [ 3.79995, 45.1112 ], [ 3.80028, 45.10892 ], [ 3.803, 45.10741 ], [ 3.80268, 45.10617 ], [ 3.79707, 45.10186 ], [ 3.80047, 45.10158 ], [ 3.80011, 45.09655 ], [ 3.79785, 45.09495 ], [ 3.7964, 45.09052 ], [ 3.79699, 45.08647 ], [ 3.79263, 45.08119 ], [ 3.79494, 45.07911 ], [ 3.79356, 45.07614 ], [ 3.79417, 45.07465 ], [ 3.79846, 45.07267 ], [ 3.79688, 45.07139 ], [ 3.79749, 45.07016 ], [ 3.80393, 45.06902 ], [ 3.80501, 45.06808 ], [ 3.80986, 45.06879 ], [ 3.81403, 45.06693 ], [ 3.82172, 45.06918 ], [ 3.82595, 45.06837 ], [ 3.82796, 45.06957 ], [ 3.83279, 45.06643 ], [ 3.83686, 45.06772 ], [ 3.83737, 45.06536 ], [ 3.8405, 45.06475 ], [ 3.8418, 45.06355 ], [ 3.84178, 45.05551 ], [ 3.84532, 45.05148 ], [ 3.84827, 45.05035 ], [ 3.85177, 45.05201 ], [ 3.85438, 45.04932 ], [ 3.85577, 45.04882 ], [ 3.85748, 45.04945 ], [ 3.85917, 45.04829 ], [ 3.86085, 45.04884 ], [ 3.85961, 45.0503 ], [ 3.86197, 45.05051 ], [ 3.86491, 45.04855 ], [ 3.87499, 45.04763 ], [ 3.87824, 45.04906 ], [ 3.88411, 45.05377 ], [ 3.88743, 45.05011 ], [ 3.89716, 45.05046 ], [ 3.89993, 45.05226 ], [ 3.89949, 45.0541 ], [ 3.90273, 45.05753 ], [ 3.90936, 45.05563 ], [ 3.91404, 45.0572 ] ] } },
{ "type": "Feature", "properties": { "name": "Ruisseau du Rat", "weight_class": 1, "permanent": false, "length_km": 4.1 }, "geometry": { "type": "LineString", "coordinates": [ [ 3.70442, 45.2864 ], [ 3.70239, 45.28161 ], [ 3.69806, 45.28025 ], [ 3.69779, 45.27774 ], [ 3.6963, 45.27699 ], [ 3.69518, 45.27389 ], [ 3.69538, 45.2718 ], [ 3.69243, 45.26969 ], [ 3.69269, 45.26727 ], [ 3.69019, 45.2647 ], [ 3.68935, 45.26157 ], [ 3.68739, 45.25989 ], [ 3.6838, 45.25885 ] ] } },
{ "type": "Feature", "properties": { "name": null, "weight_class": 1, "permanent": false, "length_km": 2.2 }, "geometry": { "type": "LineString", "coordinates": [ [ 3.70205, 45.26204 ], [ 3.70012, 45.25517 ], [ 3.69418, 45.25026 ], [ 3.69211, 45.24626 ], [ 3.69051, 45.24541 ] ] } },
{ "type": "Feature", "properties": { "name": null, "weight_class": 1, "permanent": false, "length_km": 3.3 }, "geometry": { "type": "LineString", "coordinates": [ [ 3.72864, 45.26504 ], [ 3.72628, 45.25158 ], [ 3.72877, 45.24829 ], [ 3.73023, 45.24226 ], [ 3.73576, 45.24127 ] ] } },
{ "type": "Feature", "properties": { "name": null, "weight_class": 1, "permanent": false, "length_km": 2.4 }, "geometry": { "type": "LineString", "coordinates": [ [ 3.75242, 45.24587 ], [ 3.7518, 45.2421 ], [ 3.75325, 45.23856 ], [ 3.7511, 45.23653 ], [ 3.75163, 45.23441 ], [ 3.74828, 45.23164 ], [ 3.74262, 45.22949 ] ] } },
{ "type": "Feature", "properties": { "name": null, "weight_class": 1, "permanent": true, "length_km": 3.5 }, "geometry": { "type": "LineString", "coordinates": [ [ 3.72517, 45.23281 ], [ 3.723, 45.22545 ], [ 3.72591, 45.21994 ], [ 3.72458, 45.21942 ], [ 3.72377, 45.21665 ], [ 3.7255, 45.21501 ], [ 3.73055, 45.21339 ], [ 3.7334, 45.21006 ], [ 3.7365, 45.20958 ] ] } },
{ "type": "Feature", "properties": { "name": null, "weight_class": 1, "permanent": true, "length_km": 2.9 }, "geometry": { "type": "LineString", "coordinates": [ [ 3.75642, 45.22257 ], [ 3.75457, 45.21798 ], [ 3.75143, 45.21595 ], [ 3.75092, 45.20991 ], [ 3.74303, 45.20305 ], [ 3.74091, 45.20242 ] ] } },
{ "type": "Feature", "properties": { "name": "Ruisseau la Freycenette/la Freycenette", "weight_class": 2, "permanent": true, "length_km": 10.7 }, "geometry": { "type": "LineString", "coordinates": [ [ 3.6956, 45.10575 ], [ 3.69925, 45.10817 ], [ 3.70125, 45.10818 ], [ 3.70405, 45.11134 ], [ 3.71113, 45.11215 ], [ 3.71532, 45.10505 ], [ 3.72534, 45.0988 ], [ 3.7275, 45.09981 ], [ 3.73491, 45.09957 ], [ 3.74137, 45.09671 ], [ 3.75353, 45.09451 ], [ 3.75965, 45.09478 ], [ 3.76215, 45.09569 ], [ 3.77157, 45.09529 ], [ 3.77729, 45.09361 ], [ 3.77953, 45.0902 ], [ 3.78284, 45.09028 ], [ 3.78331, 45.0889 ], [ 3.79088, 45.08948 ], [ 3.79178, 45.08792 ], [ 3.7943, 45.08937 ], [ 3.79621, 45.08791 ] ] } },
{ "type": "Feature", "properties": { "name": "Ruisseau de Vourzac", "weight_class": 1, "permanent": false, "length_km": 6.4 }, "geometry": { "type": "LineString", "coordinates": [ [ 3.78342, 45.01485 ], [ 3.79235, 45.02219 ], [ 3.79224, 45.02436 ], [ 3.79614, 45.02884 ], [ 3.79864, 45.03698 ], [ 3.80231, 45.03887 ], [ 3.80282, 45.0416 ], [ 3.80574, 45.04188 ], [ 3.80927, 45.04567 ], [ 3.81039, 45.05068 ], [ 3.81381, 45.0551 ], [ 3.81263, 45.06063 ] ] } },
{ "type": "Feature", "properties": { "name": "Ruisseau de Lonnac", "weight_class": 1, "permanent": false, "length_km": 9.4 }, "geometry": { "type": "LineString", "coordinates": [ [ 3.73817, 45.02572 ], [ 3.73861, 45.0297 ], [ 3.74263, 45.037 ], [ 3.74523, 45.03922 ], [ 3.7539, 45.04087 ], [ 3.75558, 45.03978 ], [ 3.75777, 45.04012 ], [ 3.76327, 45.04244 ], [ 3.76758, 45.04187 ], [ 3.77954, 45.047 ], [ 3.78486, 45.04665 ], [ 3.78977, 45.04883 ], [ 3.79505, 45.0546 ], [ 3.79895, 45.05594 ], [ 3.80438, 45.05613 ], [ 3.80747, 45.05863 ], [ 3.81246, 45.06004 ], [ 3.81488, 45.06208 ], [ 3.81597, 45.06648 ], [ 3.81737, 45.0676 ] ] } },
{ "type": "Feature", "properties": { "name": "le Say", "weight_class": 1, "permanent": true, "length_km": 14.3 }, "geometry": { "type": "LineString", "coordinates": [ [ 3.66098, 45.03875 ], [ 3.67324, 45.03485 ], [ 3.67696, 45.03657 ], [ 3.67947, 45.03656 ], [ 3.68217, 45.03518 ], [ 3.68448, 45.03601 ], [ 3.69079, 45.04077 ], [ 3.69423, 45.04107 ], [ 3.69801, 45.04285 ], [ 3.70362, 45.04784 ], [ 3.70246, 45.04997 ], [ 3.70332, 45.05088 ], [ 3.70712, 45.05188 ], [ 3.71533, 45.0522 ], [ 3.71642, 45.05304 ], [ 3.71781, 45.05562 ], [ 3.71693, 45.05808 ], [ 3.71817, 45.06082 ], [ 3.71607, 45.06368 ], [ 3.71983, 45.06696 ], [ 3.72376, 45.06723 ], [ 3.72784, 45.06945 ], [ 3.73188, 45.06969 ], [ 3.73757, 45.07369 ], [ 3.74137, 45.07358 ], [ 3.74414, 45.07534 ], [ 3.74786, 45.076 ], [ 3.75423, 45.08112 ], [ 3.75406, 45.08473 ], [ 3.75726, 45.08733 ], [ 3.7574, 45.08973 ], [ 3.76591, 45.09158 ], [ 3.77181, 45.09126 ], [ 3.7777, 45.0932 ] ] } },
{ "type": "Feature", "properties": { "name": "la Combe", "weight_class": 1, "permanent": false, "length_km": 6.4 }, "geometry": { "type": "LineString", "coordinates": [ [ 3.73512, 45.05054 ], [ 3.74035, 45.0544 ], [ 3.75059, 45.05807 ], [ 3.75115, 45.06079 ], [ 3.75485, 45.06335 ], [ 3.75889, 45.06931 ], [ 3.76372, 45.07371 ], [ 3.77029, 45.07467 ], [ 3.77274, 45.07929 ], [ 3.77137, 45.08117 ], [ 3.77339, 45.08667 ], [ 3.7721, 45.09133 ] ] } },
{ "type": "Feature", "properties": { "name": "Ruisseau de Farreyrolles", "weight_class": 2, "permanent": true, "length_km": 4.7 }, "geometry": { "type": "LineString", "coordinates": [ [ 3.81622, 45.03239 ], [ 3.81578, 45.03703 ], [ 3.8184, 45.03969 ], [ 3.81734, 45.04119 ], [ 3.81785, 45.04413 ], [ 3.8199, 45.04505 ], [ 3.82126, 45.04748 ], [ 3.82054, 45.05114 ], [ 3.8226, 45.05622 ], [ 3.82964, 45.05693 ], [ 3.83519, 45.05918 ], [ 3.84232, 45.05985 ] ] } },
{ "type": "Feature", "properties": { "name": "Ruisseau de Barret", "weight_class": 1, "permanent": true, "length_km": 4.5 }, "geometry": { "type": "LineString", "coordinates": [ [ 3.76846, 45.04963 ], [ 3.77654, 45.05301 ], [ 3.78344, 45.05315 ], [ 3.78429, 45.0525 ], [ 3.78828, 45.05389 ], [ 3.79333, 45.05873 ], [ 3.80372, 45.06094 ], [ 3.80538, 45.06062 ], [ 3.81529, 45.06453 ] ] } },
{ "type": "Feature", "properties": { "name": "Ruisseau de la Roche", "weight_class": 1, "permanent": false, "length_km": 7.7 }, "geometry": { "type": "LineString", "coordinates": [ [ 3.79103, 44.9727 ], [ 3.78891, 44.97632 ], [ 3.79152, 44.98079 ], [ 3.79141, 44.98525 ], [ 3.79347, 44.98596 ], [ 3.79565, 44.98853 ], [ 3.80088, 44.98876 ], [ 3.80495, 44.99105 ], [ 3.80921, 44.99524 ], [ 3.81036, 44.99859 ], [ 3.81581, 45.00384 ], [ 3.81846, 45.00473 ], [ 3.8231, 45.00453 ], [ 3.8253, 45.00578 ], [ 3.82524, 45.00809 ], [ 3.82872, 45.01253 ], [ 3.83161, 45.0123 ], [ 3.83382, 45.01471 ], [ 3.83529, 45.01391 ], [ 3.83735, 45.01529 ], [ 3.8389, 45.01481 ] ] } },
{ "type": "Feature", "properties": { "name": "Ruisseau de Ceyssac", "weight_class": 1, "permanent": true, "length_km": 10.2 }, "geometry": { "type": "LineString", "coordinates": [ [ 3.77671, 44.99672 ], [ 3.7822, 44.99615 ], [ 3.78862, 44.99949 ], [ 3.79764, 45.00121 ], [ 3.80116, 45.00597 ], [ 3.8005, 45.00808 ], [ 3.80224, 45.01193 ], [ 3.80751, 45.0174 ], [ 3.80667, 45.02071 ], [ 3.80872, 45.02155 ], [ 3.81013, 45.02046 ], [ 3.82074, 45.02122 ], [ 3.82341, 45.02477 ], [ 3.82865, 45.0273 ], [ 3.83182, 45.03428 ], [ 3.83786, 45.03776 ], [ 3.83764, 45.04211 ], [ 3.84538, 45.04626 ], [ 3.84827, 45.05035 ] ] } },
{ "type": "Feature", "properties": { "name": "le Cereix", "weight_class": 1, "permanent": true, "length_km": 10.4 }, "geometry": { "type": "LineString", "coordinates": [ [ 3.67657, 45.0548 ], [ 3.68514, 45.05811 ], [ 3.6902, 45.05863 ], [ 3.69185, 45.06259 ], [ 3.69529, 45.06547 ], [ 3.69973, 45.06696 ], [ 3.69919, 45.07166 ], [ 3.70026, 45.07275 ], [ 3.70635, 45.07323 ], [ 3.70941, 45.07088 ], [ 3.71246, 45.07102 ], [ 3.71794, 45.08071 ], [ 3.72102, 45.08218 ], [ 3.72233, 45.08529 ], [ 3.72684, 45.08651 ], [ 3.72857, 45.08837 ], [ 3.73308, 45.08896 ], [ 3.73493, 45.0905 ], [ 3.73543, 45.09321 ], [ 3.73869, 45.0935 ], [ 3.74005, 45.09154 ], [ 3.74627, 45.09254 ], [ 3.75036, 45.09199 ], [ 3.7539, 45.09239 ], [ 3.75965, 45.09478 ] ] } },
{ "type": "Feature", "properties": { "name": "Ruisseau de Pouzols", "weight_class": 1, "permanent": true, "length_km": 3.9 }, "geometry": { "type": "LineString", "coordinates": [ [ 3.67552, 45.14145 ], [ 3.68016, 45.14213 ], [ 3.68505, 45.14051 ], [ 3.70292, 45.14126 ], [ 3.70656, 45.14338 ], [ 3.70655, 45.14613 ], [ 3.7088, 45.14622 ], [ 3.71023, 45.14727 ], [ 3.71302, 45.15115 ] ] } },
{ "type": "Feature", "properties": { "name": "Ruisseau du Chier", "weight_class": 1, "permanent": false, "length_km": 2.2 }, "geometry": { "type": "LineString", "coordinates": [ [ 3.70648, 44.98647 ], [ 3.696, 44.98565 ], [ 3.6924, 44.98446 ], [ 3.68875, 44.98128 ], [ 3.68706, 44.97827 ], [ 3.68457, 44.97809 ] ] } },
{ "type": "Feature", "properties": { "name": "Ruisseau de Saint-Didier", "weight_class": 1, "permanent": false, "length_km": 4.5 }, "geometry": { "type": "LineString", "coordinates": [ [ 3.73412, 44.9666 ], [ 3.72311, 44.96445 ], [ 3.72111, 44.96542 ], [ 3.71468, 44.96529 ], [ 3.71222, 44.96726 ], [ 3.70672, 44.96698 ], [ 3.70274, 44.96925 ], [ 3.70131, 44.96887 ], [ 3.69946, 44.96984 ], [ 3.69417, 44.96935 ], [ 3.68902, 44.96648 ], [ 3.68544, 44.96619 ] ] } },
{ "type": "Feature", "properties": { "name": "Ruisseau du Lombard", "weight_class": 1, "permanent": false, "length_km": 2.2 }, "geometry": { "type": "LineString", "coordinates": [ [ 3.70498, 44.93968 ], [ 3.70074, 44.9397 ], [ 3.69522, 44.94181 ], [ 3.6916, 44.9444 ], [ 3.68516, 44.94714 ], [ 3.68359, 44.94991 ] ] } },
{ "type": "Feature", "properties": { "name": "le Pichier", "weight_class": 1, "permanent": true, "length_km": 3.0 }, "geometry": { "type": "LineString", "coordinates": [ [ 3.73459, 44.92419 ], [ 3.73275, 44.92242 ], [ 3.73209, 44.9191 ], [ 3.7305, 44.91798 ], [ 3.7219, 44.91982 ], [ 3.71606, 44.91854 ], [ 3.71122, 44.9146 ], [ 3.70842, 44.91525 ] ] } },
{ "type": "Feature", "properties": { "name": "Ruisseau de l'Enfer", "weight_class": 1, "permanent": true, "length_km": 3.5 }, "geometry": { "type": "LineString", "coordinates": [ [ 3.84234, 45.19417 ], [ 3.84373, 45.19465 ], [ 3.84407, 45.19757 ], [ 3.84204, 45.19941 ], [ 3.84195, 45.20119 ], [ 3.84703, 45.20688 ], [ 3.84948, 45.20861 ], [ 3.85619, 45.2094 ], [ 3.86066, 45.21213 ], [ 3.86513, 45.21349 ] ] } },
{ "type": "Feature", "properties": { "name": "la Faye", "weight_class": 1, "permanent": true, "length_km": 3.5 }, "geometry": { "type": "LineString", "coordinates": [ [ 3.82578, 45.21537 ], [ 3.82823, 45.216 ], [ 3.84545, 45.21599 ], [ 3.84902, 45.21801 ], [ 3.85286, 45.21836 ], [ 3.85312, 45.21742 ], [ 3.85454, 45.21726 ], [ 3.86403, 45.22067 ] ] } },
{ "type": "Feature", "properties": { "name": null, "weight_class": 1, "permanent": false, "length_km": 3.5 }, "geometry": { "type": "LineString", "coordinates": [ [ 3.77205, 45.21403 ], [ 3.77832, 45.20876 ], [ 3.78062, 45.2097 ], [ 3.78018, 45.21313 ], [ 3.78374, 45.21424 ], [ 3.78656, 45.21371 ], [ 3.78932, 45.21137 ], [ 3.79917, 45.20694 ] ] } },
{ "type": "Feature", "properties": { "name": "la Sugère", "weight_class": 1, "permanent": false, "length_km": 4.5 }, "geometry": { "type": "LineString", "coordinates": [ [ 3.84813, 45.18804 ], [ 3.8517, 45.19081 ], [ 3.85191, 45.19608 ], [ 3.85473, 45.19757 ], [ 3.85572, 45.1993 ], [ 3.86316, 45.20208 ], [ 3.86568, 45.20179 ], [ 3.86765, 45.19912 ], [ 3.87051, 45.20035 ], [ 3.87909, 45.1973 ], [ 3.88304, 45.19944 ], [ 3.88428, 45.20124 ] ] } },
{ "type": "Feature", "properties": { "name": null, "weight_class": 1, "permanent": true, "length_km": 2.5 }, "geometry": { "type": "LineString", "coordinates": [ [ 3.82692, 45.19187 ], [ 3.82843, 45.19662 ], [ 3.82687, 45.19845 ], [ 3.8277, 45.19931 ], [ 3.83353, 45.19965 ], [ 3.84033, 45.20371 ], [ 3.84325, 45.20289 ] ] } },
{ "type": "Feature", "properties": { "name": "le Ramey", "weight_class": 1, "permanent": true, "length_km": 8.7 }, "geometry": { "type": "LineString", "coordinates": [ [ 3.83833, 45.18208 ], [ 3.83916, 45.17667 ], [ 3.84358, 45.17555 ], [ 3.84426, 45.17402 ], [ 3.84659, 45.17414 ], [ 3.84896, 45.17096 ], [ 3.85181, 45.1708 ], [ 3.85634, 45.16799 ], [ 3.86126, 45.16759 ], [ 3.86517, 45.16579 ], [ 3.86778, 45.16606 ], [ 3.87091, 45.16502 ], [ 3.87929, 45.15993 ], [ 3.88668, 45.16064 ], [ 3.89422, 45.16574 ], [ 3.90385, 45.1698 ], [ 3.90773, 45.17281 ], [ 3.91954, 45.17881 ] ] } },
{ "type": "Feature", "properties": { "name": null, "weight_class": 1, "permanent": true, "length_km": 2.5 }, "geometry": { "type": "LineString", "coordinates": [ [ 3.78222, 45.19113 ], [ 3.78351, 45.18888 ], [ 3.78974, 45.18448 ], [ 3.79679, 45.17702 ], [ 3.80134, 45.17538 ] ] } },
{ "type": "Feature", "properties": { "name": "le Merdansou", "weight_class": 1, "permanent": true, "length_km": 6.8 }, "geometry": { "type": "LineString", "coordinates": [ [ 3.77696, 45.17868 ], [ 3.78253, 45.17386 ], [ 3.78309, 45.15755 ], [ 3.77915, 45.1554 ], [ 3.7777, 45.14868 ], [ 3.78217, 45.14667 ], [ 3.78263, 45.14392 ], [ 3.78677, 45.14022 ], [ 3.7856, 45.13365 ], [ 3.78279, 45.13152 ], [ 3.78324, 45.12761 ], [ 3.78445, 45.12643 ] ] } },
{ "type": "Feature", "properties": { "name": null, "weight_class": 1, "permanent": true, "length_km": 4.0 }, "geometry": { "type": "LineString", "coordinates": [ [ 3.83904, 45.16433 ], [ 3.83979, 45.16152 ], [ 3.84414, 45.16031 ], [ 3.84678, 45.15804 ], [ 3.85029, 45.15738 ], [ 3.854, 45.15826 ], [ 3.8582, 45.1563 ], [ 3.85945, 45.15467 ], [ 3.86167, 45.15416 ], [ 3.86722, 45.15665 ], [ 3.87332, 45.15704 ], [ 3.8762, 45.16018 ], [ 3.87795, 45.16066 ] ] } },
{ "type": "Feature", "properties": { "name": "le Soddes", "weight_class": 1, "permanent": true, "length_km": 3.1 }, "geometry": { "type": "LineString", "coordinates": [ [ 3.85194, 45.14568 ], [ 3.84966, 45.14505 ], [ 3.84542, 45.14166 ], [ 3.83881, 45.13429 ], [ 3.83762, 45.13054 ], [ 3.83878, 45.13016 ], [ 3.83916, 45.12794 ], [ 3.83782, 45.12382 ] ] } },
{ "type": "Feature", "properties": { "name": "Ruisseau de Chalon", "weight_class": 1, "permanent": true, "length_km": 12.7 }, "geometry": { "type": "LineString", "coordinates": [ [ 3.82473, 45.14841 ], [ 3.82078, 45.14182 ], [ 3.82118, 45.13415 ], [ 3.8202, 45.13259 ], [ 3.82302, 45.12954 ], [ 3.83071, 45.12456 ], [ 3.83117, 45.12221 ], [ 3.83575, 45.11871 ], [ 3.83342, 45.11737 ], [ 3.83321, 45.11382 ], [ 3.83815, 45.11238 ], [ 3.83894, 45.11302 ], [ 3.84123, 45.11232 ], [ 3.84289, 45.11275 ], [ 3.84948, 45.1096 ], [ 3.8499, 45.10585 ], [ 3.85205, 45.10396 ], [ 3.85121, 45.10263 ], [ 3.85876, 45.09869 ], [ 3.85614, 45.09763 ], [ 3.8562, 45.09675 ], [ 3.86054, 45.09441 ], [ 3.86399, 45.09406 ], [ 3.86649, 45.09218 ], [ 3.86959, 45.0929 ], [ 3.87262, 45.09487 ], [ 3.88524, 45.09843 ], [ 3.89025, 45.09847 ], [ 3.8929, 45.09978 ], [ 3.89444, 45.09928 ], [ 3.89586, 45.10066 ], [ 3.89662, 45.09996 ] ] } },
{ "type": "Feature", "properties": { "name": "Ruisseau de Communac", "weight_class": 1, "permanent": true, "length_km": 3.3 }, "geometry": { "type": "LineString", "coordinates": [ [ 3.82683, 45.08933 ], [ 3.83265, 45.08831 ], [ 3.84243, 45.09098 ], [ 3.84262, 45.09173 ], [ 3.84669, 45.092 ], [ 3.85094, 45.0976 ], [ 3.8536, 45.0991 ], [ 3.85717, 45.09949 ] ] } },
{ "type": "Feature", "properties": { "name": null, "weight_class": 1, "permanent": false, "length_km": 2.8 }, "geometry": { "type": "LineString", "coordinates": [ [ 3.82254, 44.9859 ], [ 3.82442, 44.9975 ], [ 3.82843, 45.00367 ], [ 3.82599, 45.00889 ] ] } },
{ "type": "Feature", "properties": { "name": null, "weight_class": 1, "permanent": false, "length_km": 3.8 }, "geometry": { "type": "LineString", "coordinates": [ [ 3.80094, 44.95949 ], [ 3.80066, 44.96245 ], [ 3.80394, 44.96787 ], [ 3.80912, 44.97205 ], [ 3.81104, 44.97536 ], [ 3.82, 44.97962 ], [ 3.82254, 44.9859 ] ] } },
{ "type": "Feature", "properties": { "name": "la Gagne", "weight_class": 1, "permanent": true, "length_km": 10.4 }, "geometry": { "type": "LineString", "coordinates": [ [ 3.82189, 44.93469 ], [ 3.83016, 44.93614 ], [ 3.83236, 44.94045 ], [ 3.83572, 44.94188 ], [ 3.83451, 44.9487 ], [ 3.8353, 44.95511 ], [ 3.83928, 44.95695 ], [ 3.84401, 44.95686 ], [ 3.84659, 44.95829 ], [ 3.84734, 44.96167 ], [ 3.85013, 44.96441 ], [ 3.85016, 44.96874 ], [ 3.85187, 44.96946 ], [ 3.85272, 44.97148 ], [ 3.85813, 44.97154 ], [ 3.86133, 44.97388 ], [ 3.86609, 44.97276 ], [ 3.8712, 44.97341 ], [ 3.8729, 44.97474 ], [ 3.87462, 44.97409 ], [ 3.87734, 44.97704 ], [ 3.8778, 44.98013 ], [ 3.8852, 44.98292 ], [ 3.89001, 44.98319 ], [ 3.8912, 44.98403 ], [ 3.89104, 44.98546 ] ] } },
{ "type": "Feature", "properties": { "name": null, "weight_class": 1, "permanent": false, "length_km": 2.6 }, "geometry": { "type": "LineString", "coordinates": [ [ 3.82319, 44.9101 ], [ 3.8246, 44.91297 ], [ 3.82836, 44.9164 ], [ 3.83198, 44.91838 ], [ 3.83663, 44.91844 ], [ 3.83987, 44.92069 ], [ 3.84285, 44.92474 ] ] } },
{ "type": "Feature", "properties": { "name": "le Chourioux", "weight_class": 1, "permanent": false, "length_km": 2.4 }, "geometry": { "type": "LineString", "coordinates": [ [ 3.76138, 45.20013 ], [ 3.76207, 45.19801 ], [ 3.76109, 45.19718 ], [ 3.76306, 45.19308 ], [ 3.75885, 45.19073 ], [ 3.75437, 45.19015 ], [ 3.752, 45.18771 ], [ 3.7494, 45.1884 ] ] } },
{ "type": "Feature", "properties": { "name": "le Courtailloux", "weight_class": 1, "permanent": false, "length_km": 4.3 }, "geometry": { "type": "LineString", "coordinates": [ [ 3.71575, 45.19411 ], [ 3.723, 45.18573 ], [ 3.72894, 45.18386 ], [ 3.73433, 45.17868 ], [ 3.73632, 45.17531 ], [ 3.73536, 45.17362 ], [ 3.73164, 45.17442 ], [ 3.72305, 45.17189 ] ] } },
{ "type": "Feature", "properties": { "name": null, "weight_class": 1, "permanent": false, "length_km": 2.6 }, "geometry": { "type": "LineString", "coordinates": [ [ 3.71721, 45.13514 ], [ 3.72259, 45.13331 ], [ 3.72561, 45.13325 ], [ 3.73067, 45.13767 ], [ 3.73385, 45.13734 ], [ 3.73557, 45.13652 ], [ 3.73678, 45.13322 ], [ 3.74002, 45.12992 ] ] } },
{ "type": "Feature", "properties": { "name": null, "weight_class": 1, "permanent": false, "length_km": 2.1 }, "geometry": { "type": "LineString", "coordinates": [ [ 3.70385, 45.13326 ], [ 3.70513, 45.13078 ], [ 3.71141, 45.12948 ], [ 3.71509, 45.1256 ], [ 3.72347, 45.12477 ] ] } },
{ "type": "Feature", "properties": { "name": null, "weight_class": 1, "permanent": true, "length_km": 3.5 }, "geometry": { "type": "LineString", "coordinates": [ [ 3.73006, 45.10653 ], [ 3.73773, 45.10661 ], [ 3.7431, 45.10468 ], [ 3.74729, 45.10071 ], [ 3.75321, 45.09744 ], [ 3.75577, 45.0966 ], [ 3.76207, 45.09771 ], [ 3.76469, 45.09551 ] ] } },
{ "type": "Feature", "properties": { "name": null, "weight_class": 2, "permanent": true, "length_km": 4.5 }, "geometry": { "type": "LineString", "coordinates": [ [ 3.75818, 45.10934 ], [ 3.76419, 45.1055 ], [ 3.77555, 45.10102 ], [ 3.77687, 45.09817 ], [ 3.77865, 45.09715 ], [ 3.78013, 45.09723 ], [ 3.78166, 45.09951 ], [ 3.78395, 45.1001 ], [ 3.78841, 45.09622 ], [ 3.79206, 45.09681 ], [ 3.79583, 45.09465 ], [ 3.79786, 45.09447 ] ] } },
{ "type": "Feature", "properties": { "name": null, "weight_class": 1, "permanent": false, "length_km": 2.0 }, "geometry": { "type": "LineString", "coordinates": [ [ 3.69603, 45.09682 ], [ 3.7041, 45.098 ], [ 3.7072, 45.10021 ], [ 3.71266, 45.10056 ], [ 3.71746, 45.1035 ] ] } },
{ "type": "Feature", "properties": { "name": null, "weight_class": 1, "permanent": true, "length_km": 4.0 }, "geometry": { "type": "LineString", "coordinates": [ [ 3.72111, 45.04949 ], [ 3.72593, 45.05524 ], [ 3.73938, 45.06032 ], [ 3.74232, 45.06572 ], [ 3.74726, 45.06986 ], [ 3.74606, 45.07363 ], [ 3.74683, 45.07591 ] ] } },
{ "type": "Feature", "properties": { "name": null, "weight_class": 1, "permanent": true, "length_km": 7.8 }, "geometry": { "type": "LineString", "coordinates": [ [ 3.72311, 44.97833 ], [ 3.72183, 44.98367 ], [ 3.72781, 44.98746 ], [ 3.73097, 44.99125 ], [ 3.73078, 44.99266 ], [ 3.73795, 44.99571 ], [ 3.74158, 44.99503 ], [ 3.74632, 44.99269 ], [ 3.74728, 44.99043 ], [ 3.75057, 44.98946 ], [ 3.75236, 44.98667 ], [ 3.76299, 44.98445 ], [ 3.76502, 44.98482 ], [ 3.77141, 44.98957 ], [ 3.77561, 44.98942 ], [ 3.77932, 44.99036 ], [ 3.78175, 44.99256 ], [ 3.78225, 44.99617 ] ] } },
{ "type": "Feature", "properties": { "name": "le Gourlong", "weight_class": 1, "permanent": true, "length_km": 7.8 }, "geometry": { "type": "LineString", "coordinates": [ [ 3.74003, 44.94747 ], [ 3.73465, 44.94336 ], [ 3.72996, 44.9441 ], [ 3.7285, 44.94276 ], [ 3.72329, 44.94207 ], [ 3.71985, 44.93985 ], [ 3.71796, 44.9402 ], [ 3.71627, 44.93916 ], [ 3.71362, 44.9392 ], [ 3.71081, 44.93277 ], [ 3.70799, 44.93036 ], [ 3.70816, 44.92866 ], [ 3.70682, 44.92746 ], [ 3.70235, 44.92727 ], [ 3.70092, 44.92644 ], [ 3.69321, 44.92665 ], [ 3.69178, 44.92239 ], [ 3.68914, 44.92133 ], [ 3.68817, 44.922 ], [ 3.68519, 44.92119 ], [ 3.68386, 44.91996 ], [ 3.68158, 44.92098 ], [ 3.67809, 44.92008 ], [ 3.67441, 44.92141 ] ] } },
{ "type": "Feature", "properties": { "name": "Ruisseau de Miramande", "weight_class": 1, "permanent": false, "length_km": 2.5 }, "geometry": { "type": "LineString", "coordinates": [ [ 3.71979, 44.95456 ], [ 3.7128, 44.9523 ], [ 3.70884, 44.94966 ], [ 3.70262, 44.95415 ], [ 3.70081, 44.95405 ], [ 3.69698, 44.95577 ], [ 3.69683, 44.95679 ] ] } },
{ "type": "Feature", "properties": { "name": null, "weight_class": 1, "permanent": true, "length_km": 4.6 }, "geometry": { "type": "LineString", "coordinates": [ [ 3.7553, 44.91795 ], [ 3.75, 44.91828 ], [ 3.74299, 44.91682 ], [ 3.74071, 44.91404 ], [ 3.73779, 44.91283 ], [ 3.73709, 44.90839 ], [ 3.73529, 44.90686 ], [ 3.73005, 44.90614 ], [ 3.72784, 44.90426 ], [ 3.72517, 44.90426 ], [ 3.72337, 44.90256 ], [ 3.7214, 44.9029 ], [ 3.7182, 44.90188 ], [ 3.71752, 44.90311 ], [ 3.7146, 44.90343 ], [ 3.71377, 44.90282 ] ] } },
{ "type": "Feature", "properties": { "name": "le Séjallières", "weight_class": 1, "permanent": true, "length_km": 2.2 }, "geometry": { "type": "LineString", "coordinates": [ [ 3.71464, 44.92064 ], [ 3.71047, 44.91888 ], [ 3.71073, 44.91707 ], [ 3.70856, 44.91531 ], [ 3.70241, 44.91309 ], [ 3.70057, 44.91089 ], [ 3.6978, 44.91108 ], [ 3.69569, 44.90965 ] ] } },
{ "type": "Feature", "properties": { "name": "Ruisseau de Saint-Haon", "weight_class": 2, "permanent": true, "length_km": 4.0 }, "geometry": { "type": "LineString", "coordinates": [ [ 3.77359, 44.85277 ], [ 3.76965, 44.85368 ], [ 3.76366, 44.85345 ], [ 3.75934, 44.84866 ], [ 3.75477, 44.84799 ], [ 3.7545, 44.84057 ], [ 3.75105, 44.8352 ], [ 3.74563, 44.83491 ] ] } },
{ "type": "Feature", "properties": { "name": "Ruisseau de Rauret", "weight_class": 1, "permanent": false, "length_km": 2.5 }, "geometry": { "type": "LineString", "coordinates": [ [ 3.80796, 44.8206 ], [ 3.80027, 44.82246 ], [ 3.79846, 44.82019 ], [ 3.79657, 44.82 ], [ 3.79127, 44.81536 ], [ 3.78821, 44.81002 ] ] } },
{ "type": "Feature", "properties": { "name": "Ruisseau du Mas Henry", "weight_class": 1, "permanent": false, "length_km": 2.6 }, "geometry": { "type": "LineString", "coordinates": [ [ 3.86641, 44.75475 ], [ 3.85414, 44.75529 ], [ 3.84801, 44.7627 ], [ 3.84595, 44.76717 ] ] } },
{ "type": "Feature", "properties": { "name": "Ruisseau du Crest", "weight_class": 1, "permanent": true, "length_km": 3.7 }, "geometry": { "type": "LineString", "coordinates": [ [ 3.74884, 44.87971 ], [ 3.74232, 44.87958 ], [ 3.73901, 44.87876 ], [ 3.73708, 44.87723 ], [ 3.73113, 44.87609 ], [ 3.73029, 44.87501 ], [ 3.72518, 44.87427 ], [ 3.71653, 44.87674 ], [ 3.71486, 44.87536 ], [ 3.71332, 44.87066 ] ] } },
{ "type": "Feature", "properties": { "name": "Ruisseau du Crouzet ou Tatissou", "weight_class": 1, "permanent": true, "length_km": 2.0 }, "geometry": { "type": "LineString", "coordinates": [ [ 3.75486, 44.86242 ], [ 3.7525, 44.85836 ], [ 3.74877, 44.85831 ], [ 3.74507, 44.8569 ], [ 3.74111, 44.85747 ], [ 3.73769, 44.85681 ], [ 3.73717, 44.85816 ] ] } },
{ "type": "Feature", "properties": { "name": null, "weight_class": 1, "permanent": false, "length_km": 4.4 }, "geometry": { "type": "LineString", "coordinates": [ [ 3.76669, 44.87832 ], [ 3.75881, 44.87596 ], [ 3.75637, 44.87373 ], [ 3.75531, 44.871 ], [ 3.75308, 44.86993 ], [ 3.74645, 44.86967 ], [ 3.74348, 44.86742 ], [ 3.74167, 44.86737 ], [ 3.73961, 44.86526 ], [ 3.73473, 44.86622 ], [ 3.73413, 44.86325 ], [ 3.72929, 44.85971 ] ] } },
{ "type": "Feature", "properties": { "name": null, "weight_class": 1, "permanent": true, "length_km": 4.8 }, "geometry": { "type": "LineString", "coordinates": [ [ 3.81229, 44.86658 ], [ 3.81665, 44.86198 ], [ 3.81569, 44.86088 ], [ 3.81703, 44.85918 ], [ 3.8166, 44.85676 ], [ 3.81849, 44.85407 ], [ 3.82792, 44.84844 ], [ 3.82704, 44.84682 ], [ 3.82923, 44.84248 ], [ 3.82883, 44.84141 ], [ 3.81573, 44.83616 ] ] } },
{ "type": "Feature", "properties": { "name": "le Monteil", "weight_class": 1, "permanent": true, "length_km": 5.2 }, "geometry": { "type": "LineString", "coordinates": [ [ 3.78918, 44.85067 ], [ 3.79028, 44.84724 ], [ 3.78469, 44.8428 ], [ 3.77875, 44.84068 ], [ 3.77218, 44.84033 ], [ 3.76913, 44.83905 ], [ 3.76716, 44.83585 ], [ 3.76349, 44.83542 ], [ 3.76245, 44.83374 ], [ 3.75609, 44.83509 ], [ 3.75166, 44.82834 ] ] } },
{ "type": "Feature", "properties": { "name": "Ruisseau des Empèzes", "weight_class": 1, "permanent": true, "length_km": 7.7 }, "geometry": { "type": "LineString", "coordinates": [ [ 3.83002, 44.83615 ], [ 3.82335, 44.83494 ], [ 3.81523, 44.83621 ], [ 3.808, 44.83571 ], [ 3.80345, 44.83297 ], [ 3.79845, 44.82556 ], [ 3.7943, 44.82459 ], [ 3.79339, 44.82337 ], [ 3.79109, 44.82343 ], [ 3.7884, 44.82485 ], [ 3.78709, 44.82297 ], [ 3.78502, 44.82281 ], [ 3.78513, 44.82079 ], [ 3.78106, 44.8201 ], [ 3.78049, 44.81824 ], [ 3.77728, 44.81812 ], [ 3.77606, 44.81707 ], [ 3.7637, 44.81882 ], [ 3.76144, 44.81827 ], [ 3.75955, 44.81611 ] ] } },
{ "type": "Feature", "properties": { "name": "le Freycenet/Ruisseau de Freycenet", "weight_class": 1, "permanent": false, "length_km": 5.2 }, "geometry": { "type": "LineString", "coordinates": [ [ 3.81586, 44.81858 ], [ 3.81305, 44.81761 ], [ 3.81094, 44.8138 ], [ 3.80429, 44.80713 ], [ 3.79969, 44.80671 ], [ 3.7928, 44.80763 ], [ 3.78796, 44.81005 ], [ 3.78341, 44.80832 ], [ 3.77963, 44.80831 ], [ 3.77713, 44.80629 ], [ 3.77066, 44.80701 ], [ 3.7692, 44.80404 ] ] } },
{ "type": "Feature", "properties": { "name": "Ruisseau de Livoute ou du Mazel", "weight_class": 1, "permanent": true, "length_km": 3.5 }, "geometry": { "type": "LineString", "coordinates": [ [ 3.79024, 44.83811 ], [ 3.77944, 44.82957 ], [ 3.76846, 44.82779 ], [ 3.76698, 44.82295 ], [ 3.76398, 44.81881 ] ] } },
{ "type": "Feature", "properties": { "name": "Ruisseau de la Combe", "weight_class": 1, "permanent": true, "length_km": 4.1 }, "geometry": { "type": "LineString", "coordinates": [ [ 3.84964, 44.79908 ], [ 3.85036, 44.79563 ], [ 3.8473, 44.79134 ], [ 3.84545, 44.79111 ], [ 3.84281, 44.78617 ], [ 3.84086, 44.78572 ], [ 3.83787, 44.78691 ], [ 3.83433, 44.78629 ], [ 3.83113, 44.78721 ], [ 3.82819, 44.79002 ], [ 3.82528, 44.78831 ], [ 3.82306, 44.78857 ], [ 3.82203, 44.78762 ], [ 3.81978, 44.7875 ] ] } },
{ "type": "Feature", "properties": { "name": null, "weight_class": 1, "permanent": false, "length_km": 2.1 }, "geometry": { "type": "LineString", "coordinates": [ [ 3.7368, 44.88281 ], [ 3.73482, 44.88151 ], [ 3.73087, 44.88123 ], [ 3.72907, 44.88028 ], [ 3.72508, 44.88189 ], [ 3.72243, 44.88179 ], [ 3.71965, 44.88038 ], [ 3.71653, 44.87674 ] ] } },
{ "type": "Feature", "properties": { "name": "Ruisseau de la Planchette", "weight_class": 1, "permanent": true, "length_km": 2.1 }, "geometry": { "type": "LineString", "coordinates": [ [ 3.57637, 45.35958 ], [ 3.57295, 45.36009 ], [ 3.56594, 45.3593 ], [ 3.56342, 45.35322 ], [ 3.55785, 45.35164 ] ] } },
{ "type": "Feature", "properties": { "name": "Ruisseau de Chalus", "weight_class": 1, "permanent": true, "length_km": 4.9 }, "geometry": { "type": "LineString", "coordinates": [ [ 3.52452, 45.3598 ], [ 3.5274, 45.35774 ], [ 3.53353, 45.35714 ], [ 3.54313, 45.35285 ], [ 3.54239, 45.34896 ], [ 3.54079, 45.34744 ], [ 3.54087, 45.34476 ], [ 3.54503, 45.3365 ], [ 3.54768, 45.33394 ], [ 3.54824, 45.33076 ], [ 3.55187, 45.32782 ] ] } },
{ "type": "Feature", "properties": { "name": "Ruisseau de Saugues", "weight_class": 1, "permanent": true, "length_km": 3.7 }, "geometry": { "type": "LineString", "coordinates": [ [ 3.59986, 45.34743 ], [ 3.59288, 45.34995 ], [ 3.58497, 45.35134 ], [ 3.58169, 45.34851 ], [ 3.58192, 45.34642 ], [ 3.58014, 45.34428 ], [ 3.57699, 45.34272 ], [ 3.56549, 45.34265 ], [ 3.56438, 45.34436 ] ] } },
{ "type": "Feature", "properties": { "name": "le Doulon", "weight_class": 2, "permanent": true, "length_km": 24.8 }, "geometry": { "type": "LineString", "coordinates": [ [ 3.53062, 45.40209 ], [ 3.53165, 45.39991 ], [ 3.52948, 45.39796 ], [ 3.53064, 45.39262 ], [ 3.52798, 45.3883 ], [ 3.52927, 45.38723 ], [ 3.5287, 45.38404 ], [ 3.52998, 45.38043 ], [ 3.52831, 45.37826 ], [ 3.52941, 45.37686 ], [ 3.5287, 45.37564 ], [ 3.53121, 45.37012 ], [ 3.53714, 45.36868 ], [ 3.53944, 45.36697 ], [ 3.54337, 45.36591 ], [ 3.54617, 45.36695 ], [ 3.54969, 45.36392 ], [ 3.55339, 45.36411 ], [ 3.55328, 45.3607 ], [ 3.55154, 45.36085 ], [ 3.55337, 45.35561 ], [ 3.55786, 45.35162 ], [ 3.55892, 45.34831 ], [ 3.56251, 45.34785 ], [ 3.5647, 45.34483 ], [ 3.56166, 45.34406 ], [ 3.56102, 45.3421 ], [ 3.56225, 45.34119 ], [ 3.56209, 45.33921 ], [ 3.55704, 45.33393 ], [ 3.55355, 45.33182 ], [ 3.55307, 45.32942 ], [ 3.55033, 45.32724 ], [ 3.55035, 45.32592 ], [ 3.54812, 45.32509 ], [ 3.54006, 45.31653 ], [ 3.53965, 45.31395 ], [ 3.54165, 45.31371 ], [ 3.5436, 45.31138 ], [ 3.53981, 45.30879 ], [ 3.53801, 45.30571 ], [ 3.53697, 45.30129 ], [ 3.54087, 45.30042 ], [ 3.53808, 45.29878 ], [ 3.5387, 45.29648 ], [ 3.53375, 45.29248 ], [ 3.5313, 45.29381 ], [ 3.52965, 45.29132 ], [ 3.52618, 45.29176 ], [ 3.52787, 45.29008 ], [ 3.52512, 45.28832 ], [ 3.52606, 45.28678 ], [ 3.52433, 45.28353 ], [ 3.52489, 45.28178 ], [ 3.52066, 45.27857 ], [ 3.52136, 45.27569 ], [ 3.5239, 45.27305 ], [ 3.51962, 45.2699 ], [ 3.52154, 45.2685 ], [ 3.52144, 45.26707 ], [ 3.52576, 45.26146 ], [ 3.52303, 45.25832 ], [ 3.52332, 45.25673 ], [ 3.52178, 45.25614 ], [ 3.52004, 45.252 ], [ 3.51532, 45.25074 ], [ 3.51318, 45.25201 ], [ 3.50969, 45.25131 ], [ 3.50706, 45.25221 ] ] } },
{ "type": "Feature", "properties": { "name": "le Vignon", "weight_class": 1, "permanent": true, "length_km": 4.4 }, "geometry": { "type": "LineString", "coordinates": [ [ 3.55388, 45.40133 ], [ 3.55523, 45.3988 ], [ 3.55396, 45.39717 ], [ 3.55489, 45.39351 ], [ 3.55317, 45.39265 ], [ 3.55275, 45.3908 ], [ 3.54251, 45.38542 ], [ 3.54011, 45.37987 ], [ 3.53384, 45.37414 ], [ 3.5321, 45.36978 ] ] } },
{ "type": "Feature", "properties": { "name": "le Guet", "weight_class": 1, "permanent": true, "length_km": 2.2 }, "geometry": { "type": "LineString", "coordinates": [ [ 3.57009, 45.4042 ], [ 3.56454, 45.3953 ], [ 3.56029, 45.39426 ], [ 3.55651, 45.39165 ], [ 3.55377, 45.39307 ] ] } },
{ "type": "Feature", "properties": { "name": "le Mont", "weight_class": 1, "permanent": false, "length_km": 3.5 }, "geometry": { "type": "LineString", "coordinates": [ [ 3.67162, 45.35768 ], [ 3.66382, 45.36142 ], [ 3.66534, 45.37043 ], [ 3.66683, 45.37215 ], [ 3.66731, 45.37659 ], [ 3.66955, 45.37703 ], [ 3.66919, 45.38139 ], [ 3.67059, 45.3835 ] ] } },
{ "type": "Feature", "properties": { "name": "le Piot/Ruisseau de la Guelle", "weight_class": 1, "permanent": false, "length_km": 3.7 }, "geometry": { "type": "LineString", "coordinates": [ [ 3.56838, 45.38517 ], [ 3.56619, 45.38201 ], [ 3.5717, 45.37183 ], [ 3.56793, 45.36838 ], [ 3.56159, 45.36581 ], [ 3.55792, 45.3625 ], [ 3.55328, 45.3607 ] ] } },
{ "type": "Feature", "properties": { "name": null, "weight_class": 1, "permanent": false, "length_km": 3.0 }, "geometry": { "type": "MultiLineString", "coordinates": [ [ [ 3.6903, 45.35502 ], [ 3.69141, 45.35703 ], [ 3.69118, 45.36098 ], [ 3.69298, 45.36322 ], [ 3.69473, 45.3647 ], [ 3.70665, 45.3691 ] ], [ [ 3.70705, 45.37004 ], [ 3.70627, 45.37281 ], [ 3.7075, 45.37572 ] ] ] } },
{ "type": "Feature", "properties": { "name": null, "weight_class": 1, "permanent": false, "length_km": 2.4 }, "geometry": { "type": "LineString", "coordinates": [ [ 3.68926, 45.3668 ], [ 3.68779, 45.37327 ], [ 3.69654, 45.37277 ], [ 3.69902, 45.37184 ], [ 3.70467, 45.37369 ], [ 3.70529, 45.37506 ] ] } },
{ "type": "Feature", "properties": { "name": "le Saint Alyre", "weight_class": 1, "permanent": true, "length_km": 2.1 }, "geometry": { "type": "LineString", "coordinates": [ [ 3.65411, 45.33304 ], [ 3.65144, 45.33851 ], [ 3.64755, 45.3408 ], [ 3.64377, 45.3459 ], [ 3.64049, 45.34826 ] ] } },
{ "type": "Feature", "properties": { "name": "la Dielle", "weight_class": 1, "permanent": false, "length_km": 2.4 }, "geometry": { "type": "LineString", "coordinates": [ [ 3.6128, 45.33463 ], [ 3.61771, 45.32642 ], [ 3.62002, 45.32432 ], [ 3.62459, 45.32302 ], [ 3.6254, 45.31982 ], [ 3.62713, 45.31818 ] ] } },
{ "type": "Feature", "properties": { "name": "Ruisseau de Ratingot", "weight_class": 1, "permanent": true, "length_km": 2.3 }, "geometry": { "type": "LineString", "coordinates": [ [ 3.60308, 45.33482 ], [ 3.59329, 45.33586 ], [ 3.59003, 45.33923 ], [ 3.58142, 45.34164 ], [ 3.57881, 45.34347 ] ] } },
{ "type": "Feature", "properties": { "name": "Ruisseau de la Vèze/Ruisseau de la Mouteyre", "weight_class": 1, "permanent": true, "length_km": 2.9 }, "geometry": { "type": "LineString", "coordinates": [ [ 3.52499, 45.33912 ], [ 3.52714, 45.33483 ], [ 3.53137, 45.33113 ], [ 3.53357, 45.32692 ], [ 3.53375, 45.3216 ], [ 3.54124, 45.31836 ] ] } },
{ "type": "Feature", "properties": { "name": "Ruisseau du Boissial", "weight_class": 1, "permanent": false, "length_km": 2.3 }, "geometry": { "type": "LineString", "coordinates": [ [ 3.59923, 45.29808 ], [ 3.5957, 45.28994 ], [ 3.58662, 45.2886 ], [ 3.58176, 45.2867 ] ] } },
{ "type": "Feature", "properties": { "name": "Ruisseau de Lousparel", "weight_class": 1, "permanent": true, "length_km": 2.9 }, "geometry": { "type": "LineString", "coordinates": [ [ 3.5918, 45.31361 ], [ 3.58995, 45.3124 ], [ 3.58577, 45.31245 ], [ 3.58469, 45.31137 ], [ 3.57124, 45.31067 ], [ 3.56719, 45.30619 ], [ 3.56417, 45.30546 ], [ 3.56303, 45.30406 ] ] } },
{ "type": "Feature", "properties": { "name": "Ruisseau du Montel", "weight_class": 1, "permanent": true, "length_km": 2.0 }, "geometry": { "type": "LineString", "coordinates": [ [ 3.5857, 45.31685 ], [ 3.58026, 45.31947 ], [ 3.57481, 45.31972 ], [ 3.57024, 45.32377 ], [ 3.56528, 45.32511 ] ] } },
{ "type": "Feature", "properties": { "name": "Ruisseau de Souvy", "weight_class": 1, "permanent": true, "length_km": 5.1 }, "geometry": { "type": "LineString", "coordinates": [ [ 3.5905, 45.30805 ], [ 3.58962, 45.30717 ], [ 3.58335, 45.30572 ], [ 3.57844, 45.29854 ], [ 3.57254, 45.29953 ], [ 3.56365, 45.30409 ], [ 3.55433, 45.30332 ], [ 3.55025, 45.30503 ], [ 3.54362, 45.30285 ], [ 3.54085, 45.3003 ] ] } },
{ "type": "Feature", "properties": { "name": "Ruisseau de Montclard", "weight_class": 1, "permanent": false, "length_km": 4.0 }, "geometry": { "type": "LineString", "coordinates": [ [ 3.59484, 45.2681 ], [ 3.59049, 45.26583 ], [ 3.58361, 45.26581 ], [ 3.58018, 45.26609 ], [ 3.57636, 45.26912 ], [ 3.57093, 45.26849 ], [ 3.56141, 45.27044 ], [ 3.55389, 45.26792 ], [ 3.55064, 45.26845 ] ] } },
{ "type": "Feature", "properties": { "name": "Ruisseau des Biounes", "weight_class": 1, "permanent": true, "length_km": 3.0 }, "geometry": { "type": "LineString", "coordinates": [ [ 3.55556, 45.2631 ], [ 3.53554, 45.25444 ], [ 3.5256, 45.25434 ], [ 3.52301, 45.25635 ] ] } },
{ "type": "Feature", "properties": { "name": "Ruisseau du Viallard", "weight_class": 1, "permanent": true, "length_km": 2.4 }, "geometry": { "type": "LineString", "coordinates": [ [ 3.62722, 45.20592 ], [ 3.624, 45.2067 ], [ 3.61561, 45.21514 ], [ 3.61089, 45.21759 ], [ 3.60952, 45.22154 ] ] } },
{ "type": "Feature", "properties": { "name": "Ruisseau d'Aurouze", "weight_class": 1, "permanent": true, "length_km": 2.5 }, "geometry": { "type": "LineString", "coordinates": [ [ 3.60065, 45.18314 ], [ 3.59397, 45.1878 ], [ 3.59026, 45.18691 ], [ 3.58731, 45.18767 ], [ 3.5832, 45.18728 ], [ 3.57971, 45.1861 ], [ 3.57765, 45.18638 ], [ 3.57552, 45.18918 ] ] } },
{ "type": "Feature", "properties": { "name": "Ruisseau du Mazel", "weight_class": 1, "permanent": true, "length_km": 5.2 }, "geometry": { "type": "LineString", "coordinates": [ [ 3.59567, 45.17072 ], [ 3.59012, 45.17154 ], [ 3.57948, 45.17105 ], [ 3.57032, 45.16769 ], [ 3.5626, 45.17224 ], [ 3.56177, 45.1745 ], [ 3.55797, 45.17712 ], [ 3.549, 45.18016 ], [ 3.54823, 45.18282 ], [ 3.55146, 45.18497 ] ] } },
{ "type": "Feature", "properties": { "name": "Ruisseau de Chavaniac", "weight_class": 1, "permanent": true, "length_km": 5.2 }, "geometry": { "type": "LineString", "coordinates": [ [ 3.60433, 45.15049 ], [ 3.59977, 45.15201 ], [ 3.59867, 45.15546 ], [ 3.59533, 45.15779 ], [ 3.59274, 45.15719 ], [ 3.58725, 45.1583 ], [ 3.58073, 45.15744 ], [ 3.57874, 45.15642 ], [ 3.56825, 45.16145 ], [ 3.5595, 45.16726 ], [ 3.55419, 45.1666 ], [ 3.5531, 45.16727 ] ] } },
{ "type": "Feature", "properties": { "name": "Ruisseau le Creux", "weight_class": 1, "permanent": true, "length_km": 2.2 }, "geometry": { "type": "LineString", "coordinates": [ [ 3.68932, 45.32237 ], [ 3.68171, 45.32233 ], [ 3.68006, 45.31971 ], [ 3.6694, 45.3143 ] ] } },
{ "type": "Feature", "properties": { "name": "Ruisseau de Saint-Léger", "weight_class": 1, "permanent": true, "length_km": 4.0 }, "geometry": { "type": "LineString", "coordinates": [ [ 3.68314, 45.28261 ], [ 3.68116, 45.27954 ], [ 3.68368, 45.2663 ], [ 3.68157, 45.26437 ], [ 3.68408, 45.25909 ], [ 3.68129, 45.25321 ], [ 3.68125, 45.25001 ] ] } },
{ "type": "Feature", "properties": { "name": "le Barlière", "weight_class": 1, "permanent": false, "length_km": 3.0 }, "geometry": { "type": "LineString", "coordinates": [ [ 3.62288, 45.29828 ], [ 3.63166, 45.29369 ], [ 3.63694, 45.28905 ], [ 3.64213, 45.28813 ], [ 3.64533, 45.28449 ], [ 3.64777, 45.28379 ], [ 3.64907, 45.2814 ] ] } },
{ "type": "Feature", "properties": { "name": null, "weight_class": 1, "permanent": false, "length_km": 2.6 }, "geometry": { "type": "LineString", "coordinates": [ [ 3.623, 45.30763 ], [ 3.6244, 45.30983 ], [ 3.62594, 45.31004 ], [ 3.63118, 45.31025 ], [ 3.63339, 45.30918 ], [ 3.64009, 45.30961 ], [ 3.64027, 45.31513 ], [ 3.64177, 45.3179 ] ] } },
{ "type": "Feature", "properties": { "name": "Ruisseau de Lamandie", "weight_class": 1, "permanent": false, "length_km": 6.9 }, "geometry": { "type": "LineString", "coordinates": [ [ 3.59989, 45.31807 ], [ 3.60884, 45.31799 ], [ 3.60999, 45.31887 ], [ 3.61924, 45.31959 ], [ 3.62161, 45.31807 ], [ 3.62824, 45.31787 ], [ 3.63381, 45.31504 ], [ 3.63786, 45.31406 ], [ 3.64532, 45.3206 ], [ 3.64839, 45.32096 ], [ 3.65298, 45.31996 ], [ 3.65638, 45.32191 ], [ 3.66561, 45.31777 ] ] } },
{ "type": "Feature", "properties": { "name": "Ruisseau de Tourchon", "weight_class": 1, "permanent": true, "length_km": 5.2 }, "geometry": { "type": "LineString", "coordinates": [ [ 3.59334, 45.32281 ], [ 3.59196, 45.32533 ], [ 3.58874, 45.32747 ], [ 3.57737, 45.32852 ], [ 3.57111, 45.32801 ], [ 3.56207, 45.32356 ], [ 3.55976, 45.32331 ], [ 3.5589, 45.32217 ], [ 3.55655, 45.32188 ], [ 3.5505, 45.31695 ], [ 3.54988, 45.31443 ], [ 3.5476, 45.31209 ], [ 3.5462, 45.31111 ], [ 3.54357, 45.31118 ] ] } },
{ "type": "Feature", "properties": { "name": "le Granat", "weight_class": 1, "permanent": true, "length_km": 11.2 }, "geometry": { "type": "LineString", "coordinates": [ [ 3.52399, 45.31614 ], [ 3.51684, 45.31344 ], [ 3.51528, 45.30799 ], [ 3.51235, 45.30489 ], [ 3.50588, 45.3019 ], [ 3.50285, 45.30157 ], [ 3.4988, 45.30244 ], [ 3.49515, 45.30159 ], [ 3.49252, 45.30033 ], [ 3.4871, 45.29434 ], [ 3.48033, 45.29227 ], [ 3.47669, 45.29304 ], [ 3.47592, 45.29409 ], [ 3.46881, 45.29411 ], [ 3.46786, 45.28719 ], [ 3.46629, 45.28569 ], [ 3.46387, 45.28638 ], [ 3.46274, 45.28839 ], [ 3.45679, 45.28713 ], [ 3.4525, 45.28765 ], [ 3.44658, 45.28989 ], [ 3.43726, 45.29613 ], [ 3.42518, 45.29642 ] ] } },
{ "type": "Feature", "properties": { "name": "le Pissis", "weight_class": 1, "permanent": false, "length_km": 2.1 }, "geometry": { "type": "LineString", "coordinates": [ [ 3.62322, 45.28283 ], [ 3.62865, 45.28194 ], [ 3.63319, 45.28003 ], [ 3.64169, 45.28388 ], [ 3.64533, 45.28449 ] ] } },
{ "type": "Feature", "properties": { "name": "la Trinité/Ruisseau de la Trinité", "weight_class": 1, "permanent": true, "length_km": 10.6 }, "geometry": { "type": "LineString", "coordinates": [ [ 3.6101, 45.27612 ], [ 3.60348, 45.27859 ], [ 3.60242, 45.28105 ], [ 3.59945, 45.28278 ], [ 3.59411, 45.28271 ], [ 3.58822, 45.28055 ], [ 3.58361, 45.28256 ], [ 3.58176, 45.2867 ], [ 3.57561, 45.28744 ], [ 3.56851, 45.2834 ], [ 3.56526, 45.2798 ], [ 3.56497, 45.27714 ], [ 3.55599, 45.2742 ], [ 3.55184, 45.2711 ], [ 3.5525, 45.26998 ], [ 3.55094, 45.26962 ], [ 3.55064, 45.26845 ], [ 3.54816, 45.2689 ], [ 3.54643, 45.26827 ], [ 3.5435, 45.26873 ], [ 3.5425, 45.27052 ], [ 3.54336, 45.27162 ], [ 3.54082, 45.27523 ], [ 3.54141, 45.27806 ], [ 3.53737, 45.28138 ], [ 3.531, 45.28096 ], [ 3.52793, 45.2794 ], [ 3.52286, 45.2807 ] ] } },
{ "type": "Feature", "properties": { "name": "Ruisseau de Moullys", "weight_class": 1, "permanent": true, "length_km": 6.2 }, "geometry": { "type": "LineString", "coordinates": [ [ 3.70647, 45.24118 ], [ 3.7038, 45.23789 ], [ 3.69974, 45.23686 ], [ 3.69621, 45.23812 ], [ 3.69385, 45.24167 ], [ 3.69409, 45.24295 ], [ 3.69132, 45.24439 ], [ 3.68954, 45.24671 ], [ 3.68633, 45.24731 ], [ 3.68195, 45.24985 ], [ 3.6789, 45.25006 ], [ 3.67687, 45.25255 ], [ 3.66284, 45.25839 ], [ 3.66228, 45.25955 ], [ 3.66038, 45.25914 ], [ 3.6586, 45.25999 ], [ 3.65803, 45.25878 ], [ 3.65427, 45.25706 ] ] } },
{ "type": "Feature", "properties": { "name": "le Renoux", "weight_class": 1, "permanent": false, "length_km": 2.4 }, "geometry": { "type": "LineString", "coordinates": [ [ 3.61026, 45.25322 ], [ 3.61463, 45.25008 ], [ 3.61945, 45.24824 ], [ 3.62013, 45.24166 ], [ 3.62364, 45.23835 ], [ 3.62378, 45.23686 ] ] } },
{ "type": "Feature", "properties": { "name": "Ruisseau de Chape", "weight_class": 1, "permanent": false, "length_km": 3.9 }, "geometry": { "type": "LineString", "coordinates": [ [ 3.58516, 45.24094 ], [ 3.56972, 45.23546 ], [ 3.55889, 45.23428 ], [ 3.5573, 45.23326 ], [ 3.55193, 45.23568 ], [ 3.54139, 45.23815 ] ] } },
{ "type": "Feature", "properties": { "name": "le Montorgue", "weight_class": 1, "permanent": true, "length_km": 10.0 }, "geometry": { "type": "LineString", "coordinates": [ [ 3.59934, 45.26358 ], [ 3.60025, 45.25984 ], [ 3.59232, 45.25945 ], [ 3.58746, 45.25396 ], [ 3.58375, 45.25166 ], [ 3.57936, 45.25057 ], [ 3.57333, 45.2509 ], [ 3.56517, 45.25405 ], [ 3.56281, 45.25401 ], [ 3.56043, 45.25262 ], [ 3.55314, 45.24384 ], [ 3.54949, 45.24234 ], [ 3.54812, 45.24041 ], [ 3.54426, 45.23989 ], [ 3.52747, 45.23254 ], [ 3.52036, 45.2345 ], [ 3.51939, 45.23413 ], [ 3.51741, 45.23532 ], [ 3.51482, 45.23466 ], [ 3.51354, 45.23553 ], [ 3.51051, 45.23446 ], [ 3.51047, 45.23279 ] ] } },
{ "type": "Feature", "properties": { "name": "Ruisseau de Charbonnières", "weight_class": 1, "permanent": true, "length_km": 4.7 }, "geometry": { "type": "LineString", "coordinates": [ [ 3.59407, 45.24825 ], [ 3.59327, 45.23771 ], [ 3.58873, 45.23386 ], [ 3.58512, 45.2266 ], [ 3.58866, 45.21628 ], [ 3.59438, 45.21106 ] ] } },
{ "type": "Feature", "properties": { "name": null, "weight_class": 2, "permanent": false, "length_km": 4.5 }, "geometry": { "type": "LineString", "coordinates": [ [ 3.55355, 45.25457 ], [ 3.5498, 45.25172 ], [ 3.5501, 45.24847 ], [ 3.54659, 45.24666 ], [ 3.54013, 45.24617 ], [ 3.53544, 45.24433 ], [ 3.53002, 45.24521 ], [ 3.5252, 45.24768 ], [ 3.52115, 45.24492 ], [ 3.51752, 45.2458 ], [ 3.51546, 45.25076 ] ] } },
{ "type": "Feature", "properties": { "name": "Ruisseau du Moulin", "weight_class": 1, "permanent": false, "length_km": 3.2 }, "geometry": { "type": "LineString", "coordinates": [ [ 3.65962, 45.21878 ], [ 3.66583, 45.21888 ], [ 3.6689, 45.2177 ], [ 3.67303, 45.21436 ], [ 3.67671, 45.21375 ], [ 3.683, 45.2106 ], [ 3.68522, 45.21077 ], [ 3.68823, 45.20721 ] ] } },
{ "type": "Feature", "properties": { "name": "Ruisseau d'Estublat", "weight_class": 1, "permanent": true, "length_km": 3.3 }, "geometry": { "type": "LineString", "coordinates": [ [ 3.6466, 45.20478 ], [ 3.65048, 45.20618 ], [ 3.65528, 45.20613 ], [ 3.66076, 45.20945 ], [ 3.66458, 45.2106 ], [ 3.67276, 45.20895 ], [ 3.67492, 45.20997 ], [ 3.6798, 45.20975 ], [ 3.68157, 45.21144 ] ] } },
{ "type": "Feature", "properties": { "name": null, "weight_class": 1, "permanent": false, "length_km": 2.5 }, "geometry": { "type": "LineString", "coordinates": [ [ 3.67994, 45.22914 ], [ 3.68593, 45.22643 ], [ 3.68735, 45.22375 ], [ 3.69061, 45.22127 ], [ 3.69107, 45.21903 ], [ 3.69603, 45.21941 ], [ 3.6967, 45.21592 ] ] } },
{ "type": "Feature", "properties": { "name": null, "weight_class": 1, "permanent": false, "length_km": 3.8 }, "geometry": { "type": "LineString", "coordinates": [ [ 3.56992, 45.2281 ], [ 3.56272, 45.22565 ], [ 3.55874, 45.22665 ], [ 3.55191, 45.22526 ], [ 3.54756, 45.22643 ], [ 3.5433, 45.22963 ], [ 3.53984, 45.22964 ], [ 3.53644, 45.2326 ], [ 3.52963, 45.23315 ] ] } },
{ "type": "Feature", "properties": { "name": null, "weight_class": 1, "permanent": false, "length_km": 2.1 }, "geometry": { "type": "LineString", "coordinates": [ [ 3.61852, 45.20659 ], [ 3.61632, 45.20769 ], [ 3.59942, 45.20619 ], [ 3.59353, 45.20693 ] ] } },
{ "type": "Feature", "properties": { "name": null, "weight_class": 1, "permanent": false, "length_km": 3.1 }, "geometry": { "type": "LineString", "coordinates": [ [ 3.55893, 45.22299 ], [ 3.55493, 45.22019 ], [ 3.55084, 45.22009 ], [ 3.54269, 45.22154 ], [ 3.53915, 45.22062 ], [ 3.53385, 45.22127 ], [ 3.52871, 45.21951 ], [ 3.52494, 45.21931 ], [ 3.52458, 45.21857 ] ] } },
{ "type": "Feature", "properties": { "name": null, "weight_class": 1, "permanent": false, "length_km": 6.6 }, "geometry": { "type": "LineString", "coordinates": [ [ 3.57675, 45.22308 ], [ 3.57613, 45.22145 ], [ 3.57102, 45.21799 ], [ 3.56601, 45.21819 ], [ 3.56414, 45.21637 ], [ 3.56063, 45.21661 ], [ 3.55828, 45.21476 ], [ 3.5555, 45.21476 ], [ 3.55015, 45.21277 ], [ 3.54148, 45.21483 ], [ 3.53949, 45.21695 ], [ 3.53582, 45.21848 ], [ 3.52998, 45.21784 ], [ 3.52424, 45.21856 ], [ 3.52259, 45.21718 ], [ 3.51675, 45.21889 ], [ 3.51525, 45.21795 ], [ 3.50969, 45.21912 ], [ 3.50912, 45.21844 ] ] } },
{ "type": "Feature", "properties": { "name": "Ruisseau de Cheneville", "weight_class": 1, "permanent": true, "length_km": 6.8 }, "geometry": { "type": "MultiLineString", "coordinates": [ [ [ 3.65887, 45.18467 ], [ 3.65919, 45.18463 ] ], [ [ 3.65887, 45.18467 ], [ 3.65908, 45.18482 ], [ 3.65919, 45.18463 ] ], [ [ 3.66042, 45.1569 ], [ 3.66114, 45.16133 ], [ 3.65901, 45.16367 ], [ 3.6593, 45.16834 ], [ 3.65775, 45.17113 ], [ 3.65881, 45.17313 ], [ 3.65588, 45.178 ], [ 3.65687, 45.18167 ], [ 3.65605, 45.18292 ], [ 3.65887, 45.18467 ] ], [ [ 3.65919, 45.18463 ], [ 3.66107, 45.18404 ], [ 3.66624, 45.18607 ], [ 3.6689, 45.18554 ], [ 3.67835, 45.19045 ], [ 3.68499, 45.18987 ], [ 3.68637, 45.18871 ], [ 3.68936, 45.18899 ] ] ] } },
{ "type": "Feature", "properties": { "name": "Ravin de Courniguet", "weight_class": 1, "permanent": false, "length_km": 2.1 }, "geometry": { "type": "LineString", "coordinates": [ [ 3.63726, 45.19519 ], [ 3.62707, 45.19793 ], [ 3.62215, 45.1975 ], [ 3.61742, 45.1949 ], [ 3.6137, 45.19537 ] ] } },
{ "type": "Feature", "properties": { "name": "la Ribeyrette", "weight_class": 1, "permanent": false, "length_km": 8.3 }, "geometry": { "type": "LineString", "coordinates": [ [ 3.64667, 45.16096 ], [ 3.63774, 45.16058 ], [ 3.63494, 45.16228 ], [ 3.63347, 45.16752 ], [ 3.63063, 45.17225 ], [ 3.63085, 45.17569 ], [ 3.62763, 45.17707 ], [ 3.6253, 45.18017 ], [ 3.62244, 45.18157 ], [ 3.61926, 45.18954 ], [ 3.61312, 45.19602 ], [ 3.60909, 45.19711 ], [ 3.59953, 45.19623 ], [ 3.59064, 45.19734 ], [ 3.58302, 45.19663 ], [ 3.58165, 45.1953 ] ] } },
{ "type": "Feature", "properties": { "name": null, "weight_class": 1, "permanent": true, "length_km": 2.0 }, "geometry": { "type": "LineString", "coordinates": [ [ 3.56352, 45.19944 ], [ 3.56196, 45.19566 ], [ 3.55694, 45.19295 ], [ 3.55854, 45.18393 ] ] } },
{ "type": "Feature", "properties": { "name": null, "weight_class": 1, "permanent": false, "length_km": 2.2 }, "geometry": { "type": "LineString", "coordinates": [ [ 3.59898, 45.17676 ], [ 3.59427, 45.17975 ], [ 3.59087, 45.17999 ], [ 3.58656, 45.18199 ], [ 3.58302, 45.18206 ], [ 3.57844, 45.18454 ], [ 3.57765, 45.18638 ] ] } },
{ "type": "Feature", "properties": { "name": null, "weight_class": 1, "permanent": false, "length_km": 2.5 }, "geometry": { "type": "LineString", "coordinates": [ [ 3.68716, 45.16574 ], [ 3.6913, 45.16896 ], [ 3.6955, 45.16952 ], [ 3.69545, 45.16856 ], [ 3.69715, 45.16816 ], [ 3.69908, 45.17065 ], [ 3.70586, 45.17263 ], [ 3.70883, 45.17548 ] ] } },
{ "type": "Feature", "properties": { "name": "la Fioule", "weight_class": 1, "permanent": false, "length_km": 16.1 }, "geometry": { "type": "LineString", "coordinates": [ [ 3.65794, 45.15304 ], [ 3.65865, 45.1502 ], [ 3.65667, 45.1485 ], [ 3.6587, 45.1435 ], [ 3.65672, 45.14167 ], [ 3.65088, 45.1398 ], [ 3.6496, 45.1373 ], [ 3.64544, 45.13514 ], [ 3.6396, 45.12932 ], [ 3.63712, 45.12384 ], [ 3.6346, 45.12211 ], [ 3.63379, 45.11987 ], [ 3.63006, 45.11792 ], [ 3.62063, 45.11945 ], [ 3.61875, 45.11808 ], [ 3.61469, 45.1173 ], [ 3.61408, 45.11624 ], [ 3.61196, 45.11609 ], [ 3.61155, 45.1147 ], [ 3.60837, 45.11308 ], [ 3.60784, 45.11131 ], [ 3.6061, 45.11023 ], [ 3.60385, 45.10449 ], [ 3.59973, 45.10205 ], [ 3.59924, 45.09988 ], [ 3.59446, 45.09682 ], [ 3.59557, 45.09042 ], [ 3.58839, 45.08787 ], [ 3.58677, 45.08442 ], [ 3.58412, 45.0827 ], [ 3.58436, 45.08153 ], [ 3.58124, 45.08066 ], [ 3.57845, 45.0777 ], [ 3.57189, 45.0751 ], [ 3.56811, 45.07205 ], [ 3.56875, 45.07066 ], [ 3.56555, 45.06944 ], [ 3.55714, 45.0679 ], [ 3.55168, 45.0685 ], [ 3.54928, 45.07023 ], [ 3.54668, 45.06948 ] ] } },
{ "type": "Feature", "properties": { "name": "Ruisseau de Razonnet", "weight_class": 1, "permanent": true, "length_km": 6.7 }, "geometry": { "type": "LineString", "coordinates": [ [ 3.66939, 45.16799 ], [ 3.67097, 45.1659 ], [ 3.67568, 45.16293 ], [ 3.68401, 45.16047 ], [ 3.68704, 45.15827 ], [ 3.69449, 45.15753 ], [ 3.6973, 45.15562 ], [ 3.70111, 45.1562 ], [ 3.7021, 45.15519 ], [ 3.70154, 45.15359 ], [ 3.70308, 45.15225 ], [ 3.70992, 45.15026 ], [ 3.71427, 45.15142 ], [ 3.71726, 45.15002 ], [ 3.71883, 45.15052 ], [ 3.72033, 45.15284 ], [ 3.72659, 45.15407 ], [ 3.73, 45.15694 ] ] } },
{ "type": "Feature", "properties": { "name": "le Breuil", "weight_class": 1, "permanent": false, "length_km": 2.5 }, "geometry": { "type": "LineString", "coordinates": [ [ 3.61667, 45.17078 ], [ 3.61211, 45.16642 ], [ 3.60756, 45.16676 ], [ 3.60481, 45.1656 ], [ 3.60353, 45.16279 ], [ 3.59873, 45.16206 ], [ 3.59674, 45.16085 ], [ 3.59629, 45.15904 ] ] } },
{ "type": "Feature", "properties": { "name": null, "weight_class": 1, "permanent": true, "length_km": 2.1 }, "geometry": { "type": "LineString", "coordinates": [ [ 3.59481, 45.16411 ], [ 3.59129, 45.16251 ], [ 3.58517, 45.16302 ], [ 3.57881, 45.16584 ], [ 3.57069, 45.16761 ] ] } },
{ "type": "Feature", "properties": { "name": "Ruisseau de Chantuzier", "weight_class": 1, "permanent": true, "length_km": 2.2 }, "geometry": { "type": "LineString", "coordinates": [ [ 3.66033, 45.10901 ], [ 3.6552, 45.10769 ], [ 3.65212, 45.1085 ], [ 3.64645, 45.11405 ], [ 3.64171, 45.1145 ], [ 3.63974, 45.11571 ] ] } },
{ "type": "Feature", "properties": { "name": "la Grone", "weight_class": 1, "permanent": true, "length_km": 3.6 }, "geometry": { "type": "LineString", "coordinates": [ [ 3.6692, 45.12058 ], [ 3.65846, 45.12061 ], [ 3.65286, 45.11764 ], [ 3.64309, 45.11784 ], [ 3.63762, 45.1153 ], [ 3.63466, 45.11764 ], [ 3.63006, 45.11792 ] ] } },
{ "type": "Feature", "properties": { "name": "Ruisseau de Saint-Romain", "weight_class": 1, "permanent": true, "length_km": 2.7 }, "geometry": { "type": "LineString", "coordinates": [ [ 3.68335, 45.0897 ], [ 3.68665, 45.08144 ], [ 3.6852, 45.0793 ], [ 3.68636, 45.07766 ], [ 3.69573, 45.07451 ], [ 3.69939, 45.07223 ] ] } },
{ "type": "Feature", "properties": { "name": "la Gazelle", "weight_class": 1, "permanent": true, "length_km": 13.2 }, "geometry": { "type": "LineString", "coordinates": [ [ 3.67358, 45.1183 ], [ 3.68072, 45.12176 ], [ 3.6846, 45.12234 ], [ 3.6857, 45.12477 ], [ 3.68499, 45.12577 ], [ 3.68669, 45.12636 ], [ 3.69401, 45.12622 ], [ 3.70386, 45.12253 ], [ 3.7129, 45.12402 ], [ 3.71597, 45.12309 ], [ 3.72604, 45.12521 ], [ 3.73693, 45.1231 ], [ 3.74105, 45.12438 ], [ 3.73927, 45.12936 ], [ 3.74335, 45.131 ], [ 3.75244, 45.12743 ], [ 3.75445, 45.12484 ], [ 3.75743, 45.1241 ], [ 3.76488, 45.11958 ], [ 3.76726, 45.12122 ], [ 3.76776, 45.12403 ], [ 3.76945, 45.12446 ], [ 3.78597, 45.11754 ], [ 3.78752, 45.12058 ], [ 3.78572, 45.1235 ], [ 3.78662, 45.12539 ] ] } },
{ "type": "Feature", "properties": { "name": "Ruisseau des Moulins", "weight_class": 1, "permanent": true, "length_km": 3.1 }, "geometry": { "type": "LineString", "coordinates": [ [ 3.64406, 45.03448 ], [ 3.63629, 45.03365 ], [ 3.6276, 45.02916 ], [ 3.61746, 45.02511 ], [ 3.61528, 45.02522 ], [ 3.61454, 45.02083 ] ] } },
{ "type": "Feature", "properties": { "name": "Ruisseau de Fonsaur", "weight_class": 1, "permanent": true, "length_km": 3.3 }, "geometry": { "type": "LineString", "coordinates": [ [ 3.57847, 45.10622 ], [ 3.5695, 45.10828 ], [ 3.5609, 45.10917 ], [ 3.55288, 45.1089 ], [ 3.53794, 45.1109 ] ] } },
{ "type": "Feature", "properties": { "name": "Ruisseau de Guissou", "weight_class": 1, "permanent": true, "length_km": 6.4 }, "geometry": { "type": "LineString", "coordinates": [ [ 3.64073, 45.06047 ], [ 3.63744, 45.06305 ], [ 3.63287, 45.06362 ], [ 3.63026, 45.06648 ], [ 3.62763, 45.06661 ], [ 3.62635, 45.06771 ], [ 3.61678, 45.06548 ], [ 3.60726, 45.06516 ], [ 3.601, 45.06754 ], [ 3.59485, 45.06831 ], [ 3.59085, 45.06789 ], [ 3.58609, 45.06619 ], [ 3.58456, 45.0644 ], [ 3.58027, 45.0633 ], [ 3.57579, 45.05775 ] ] } },
{ "type": "Feature", "properties": { "name": "le Merdanson", "weight_class": 2, "permanent": false, "length_km": 3.3 }, "geometry": { "type": "LineString", "coordinates": [ [ 3.5962, 45.07694 ], [ 3.59092, 45.07741 ], [ 3.58437, 45.07469 ], [ 3.58285, 45.0726 ], [ 3.57944, 45.07246 ], [ 3.5766, 45.07043 ], [ 3.5728, 45.07025 ], [ 3.57049, 45.06822 ], [ 3.56976, 45.06445 ], [ 3.56668, 45.06252 ] ] } },
{ "type": "Feature", "properties": { "name": "Ruisseau le Metou", "weight_class": 1, "permanent": false, "length_km": 5.3 }, "geometry": { "type": "LineString", "coordinates": [ [ 3.63948, 45.05279 ], [ 3.63473, 45.05445 ], [ 3.6286, 45.05274 ], [ 3.6235, 45.05674 ], [ 3.62089, 45.05756 ], [ 3.61457, 45.05768 ], [ 3.61245, 45.05677 ], [ 3.60872, 45.05711 ], [ 3.60015, 45.05585 ], [ 3.59589, 45.05705 ], [ 3.58937, 45.05694 ], [ 3.58641, 45.0558 ], [ 3.5836, 45.05543 ], [ 3.58173, 45.05633 ], [ 3.58042, 45.05551 ] ] } },
{ "type": "Feature", "properties": { "name": "Ruisseau de Darne", "weight_class": 1, "permanent": true, "length_km": 5.3 }, "geometry": { "type": "LineString", "coordinates": [ [ 3.54118, 45.02211 ], [ 3.54212, 45.02376 ], [ 3.54507, 45.02501 ], [ 3.54584, 45.02674 ], [ 3.55011, 45.02837 ], [ 3.55183, 45.03098 ], [ 3.55698, 45.03281 ], [ 3.55936, 45.03489 ], [ 3.56078, 45.03876 ], [ 3.56543, 45.04188 ], [ 3.56828, 45.04336 ], [ 3.57673, 45.04298 ], [ 3.57854, 45.04477 ], [ 3.58296, 45.04574 ], [ 3.58412, 45.04781 ], [ 3.58489, 45.04734 ] ] } },
{ "type": "Feature", "properties": { "name": "Ruisseau de Pourcheresse", "weight_class": 1, "permanent": true, "length_km": 2.9 }, "geometry": { "type": "LineString", "coordinates": [ [ 3.54137, 45.02855 ], [ 3.53915, 45.03249 ], [ 3.53484, 45.03415 ], [ 3.53248, 45.0369 ], [ 3.53213, 45.03859 ], [ 3.53367, 45.04089 ], [ 3.53111, 45.04393 ], [ 3.53072, 45.04632 ], [ 3.5328, 45.05047 ] ] } },
{ "type": "Feature", "properties": { "name": "Ruisseau de Digons", "weight_class": 1, "permanent": true, "length_km": 3.1 }, "geometry": { "type": "LineString", "coordinates": [ [ 3.525, 45.02639 ], [ 3.52519, 45.03075 ], [ 3.52934, 45.03262 ], [ 3.53083, 45.03431 ], [ 3.53059, 45.03603 ], [ 3.52795, 45.03791 ], [ 3.52609, 45.04143 ], [ 3.52981, 45.04973 ] ] } },
{ "type": "Feature", "properties": { "name": "Ruisseau la Pissis/le Pissis", "weight_class": 1, "permanent": true, "length_km": 3.7 }, "geometry": { "type": "LineString", "coordinates": [ [ 3.6028, 44.99069 ], [ 3.60088, 44.99339 ], [ 3.60111, 45.00039 ], [ 3.60393, 45.00307 ], [ 3.60599, 45.00874 ], [ 3.61198, 45.01314 ], [ 3.61679, 45.01876 ] ] } },
{ "type": "Feature", "properties": { "name": null, "weight_class": 1, "permanent": true, "length_km": 3.0 }, "geometry": { "type": "LineString", "coordinates": [ [ 3.58197, 45.15054 ], [ 3.56538, 45.15823 ], [ 3.55821, 45.16322 ], [ 3.5562, 45.16604 ], [ 3.55419, 45.1666 ] ] } },
{ "type": "Feature", "properties": { "name": "l'Ance", "weight_class": 1, "permanent": true, "length_km": 8.8 }, "geometry": { "type": "LineString", "coordinates": [ [ 3.66458, 45.06889 ], [ 3.6661, 45.07049 ], [ 3.66605, 45.07245 ], [ 3.67093, 45.07642 ], [ 3.67093, 45.07746 ], [ 3.66573, 45.08307 ], [ 3.66569, 45.08646 ], [ 3.66322, 45.08821 ], [ 3.66332, 45.08965 ], [ 3.65862, 45.09212 ], [ 3.65088, 45.10081 ], [ 3.64622, 45.10118 ], [ 3.6366, 45.1039 ], [ 3.63198, 45.10351 ], [ 3.62615, 45.10491 ], [ 3.62184, 45.10498 ], [ 3.61508, 45.10821 ], [ 3.61115, 45.10748 ], [ 3.60838, 45.10894 ], [ 3.60605, 45.10859 ] ] } },
{ "type": "Feature", "properties": { "name": "Ruisseau de Griniac", "weight_class": 1, "permanent": true, "length_km": 3.3 }, "geometry": { "type": "LineString", "coordinates": [ [ 3.63152, 45.09462 ], [ 3.6267, 45.09413 ], [ 3.6205, 45.09481 ], [ 3.61463, 45.09363 ], [ 3.6136, 45.09215 ], [ 3.60888, 45.09316 ], [ 3.60136, 45.09147 ], [ 3.59993, 45.09028 ], [ 3.59557, 45.09042 ] ] } },
{ "type": "Feature", "properties": { "name": "le Cizières", "weight_class": 1, "permanent": true, "length_km": 10.0 }, "geometry": { "type": "LineString", "coordinates": [ [ 3.58593, 45.1147 ], [ 3.58446, 45.11573 ], [ 3.58013, 45.11541 ], [ 3.57586, 45.11632 ], [ 3.57122, 45.12255 ], [ 3.56361, 45.12728 ], [ 3.5603, 45.12796 ], [ 3.55538, 45.12494 ], [ 3.5524, 45.12017 ], [ 3.54664, 45.11768 ], [ 3.54121, 45.11884 ], [ 3.53853, 45.11768 ], [ 3.53722, 45.10947 ], [ 3.51635, 45.10747 ], [ 3.51245, 45.10854 ], [ 3.51223, 45.10954 ], [ 3.50866, 45.11043 ], [ 3.50514, 45.11277 ], [ 3.50263, 45.11123 ], [ 3.50139, 45.11201 ], [ 3.49869, 45.11138 ] ] } },
{ "type": "Feature", "properties": { "name": null, "weight_class": 1, "permanent": true, "length_km": 3.7 }, "geometry": { "type": "LineString", "coordinates": [ [ 3.57031, 45.09613 ], [ 3.56424, 45.09482 ], [ 3.55844, 45.098 ], [ 3.55086, 45.09525 ], [ 3.54563, 45.09522 ], [ 3.54239, 45.09316 ], [ 3.5329, 45.09288 ], [ 3.53134, 45.09129 ] ] } },
{ "type": "Feature", "properties": { "name": null, "weight_class": 1, "permanent": false, "length_km": 2.5 }, "geometry": { "type": "LineString", "coordinates": [ [ 3.53875, 45.1 ], [ 3.53211, 45.09995 ], [ 3.53147, 45.10104 ], [ 3.5325, 45.1032 ], [ 3.52988, 45.10491 ], [ 3.52675, 45.10602 ], [ 3.5229, 45.10506 ], [ 3.51955, 45.10539 ], [ 3.51702, 45.10754 ] ] } },
{ "type": "Feature", "properties": { "name": null, "weight_class": 1, "permanent": false, "length_km": 2.1 }, "geometry": { "type": "LineString", "coordinates": [ [ 3.56507, 45.08523 ], [ 3.56613, 45.07796 ], [ 3.5632, 45.07658 ], [ 3.55954, 45.07245 ], [ 3.56054, 45.06856 ] ] } },
{ "type": "Feature", "properties": { "name": "la Desges", "weight_class": 1, "permanent": true, "length_km": 30.6 }, "geometry": { "type": "LineString", "coordinates": [ [ 3.39135, 44.94807 ], [ 3.39374, 44.9486 ], [ 3.39408, 44.95069 ], [ 3.3921, 44.95331 ], [ 3.39688, 44.95827 ], [ 3.39871, 44.96326 ], [ 3.4027, 44.96669 ], [ 3.40494, 44.96668 ], [ 3.41029, 44.96888 ], [ 3.41191, 44.9749 ], [ 3.40993, 44.97774 ], [ 3.41069, 44.98157 ], [ 3.40925, 44.98303 ], [ 3.41154, 44.98481 ], [ 3.41123, 44.98699 ], [ 3.41274, 44.9893 ], [ 3.42128, 44.99459 ], [ 3.42329, 44.99709 ], [ 3.42543, 44.99727 ], [ 3.42631, 44.99896 ], [ 3.43207, 45.00285 ], [ 3.43609, 45.00338 ], [ 3.43681, 45.0044 ], [ 3.43808, 45.00405 ], [ 3.44061, 45.00558 ], [ 3.44546, 45.00549 ], [ 3.44646, 45.01078 ], [ 3.44442, 45.01223 ], [ 3.44758, 45.01463 ], [ 3.44866, 45.01718 ], [ 3.4502, 45.01753 ], [ 3.45383, 45.01534 ], [ 3.45705, 45.01494 ], [ 3.4606, 45.01626 ], [ 3.46546, 45.01467 ], [ 3.46891, 45.01243 ], [ 3.46733, 45.00974 ], [ 3.46952, 45.00895 ], [ 3.47571, 45.01006 ], [ 3.4783, 45.01137 ], [ 3.4771, 45.01259 ], [ 3.4777, 45.01373 ], [ 3.48069, 45.01384 ], [ 3.4776, 45.01673 ], [ 3.48124, 45.01649 ], [ 3.48243, 45.01755 ], [ 3.48163, 45.01842 ], [ 3.48396, 45.01854 ], [ 3.48453, 45.01955 ], [ 3.48649, 45.01821 ], [ 3.48929, 45.01812 ], [ 3.49098, 45.01582 ], [ 3.49455, 45.01606 ], [ 3.49581, 45.0154 ], [ 3.49753, 45.01713 ], [ 3.50128, 45.01651 ], [ 3.49962, 45.01942 ], [ 3.50355, 45.02279 ], [ 3.50469, 45.02532 ], [ 3.50353, 45.03006 ], [ 3.50539, 45.03155 ], [ 3.50408, 45.03374 ], [ 3.50681, 45.03639 ], [ 3.50617, 45.03863 ], [ 3.50783, 45.04011 ], [ 3.50866, 45.04438 ], [ 3.51137, 45.04482 ], [ 3.51277, 45.04762 ], [ 3.51515, 45.04857 ], [ 3.5187, 45.04924 ], [ 3.52068, 45.04871 ], [ 3.5225, 45.0501 ], [ 3.52965, 45.04968 ], [ 3.53156, 45.05091 ], [ 3.53432, 45.04991 ], [ 3.53592, 45.05219 ], [ 3.53552, 45.05401 ], [ 3.5375, 45.05343 ], [ 3.54262, 45.05416 ], [ 3.54394, 45.0567 ], [ 3.54826, 45.05775 ], [ 3.5465, 45.06766 ], [ 3.53732, 45.06778 ], [ 3.53499, 45.06902 ], [ 3.53451, 45.07113 ], [ 3.53221, 45.07095 ], [ 3.53295, 45.07228 ], [ 3.52858, 45.07403 ], [ 3.52854, 45.07657 ], [ 3.5313, 45.07726 ], [ 3.53386, 45.07935 ] ] } },
{ "type": "Feature", "properties": { "name": "le Rouchoux", "weight_class": 1, "permanent": true, "length_km": 8.0 }, "geometry": { "type": "LineString", "coordinates": [ [ 3.68462, 45.03334 ], [ 3.68443, 45.03064 ], [ 3.68219, 45.02757 ], [ 3.68441, 45.02207 ], [ 3.68182, 45.01939 ], [ 3.67854, 45.01085 ], [ 3.67593, 45.00925 ], [ 3.6732, 45.00428 ], [ 3.67508, 44.99838 ], [ 3.67707, 44.99789 ], [ 3.6802, 44.99378 ], [ 3.68309, 44.99212 ], [ 3.68045, 44.98889 ], [ 3.67952, 44.9839 ], [ 3.68448, 44.98005 ], [ 3.68467, 44.97778 ], [ 3.68229, 44.97436 ], [ 3.68052, 44.97427 ] ] } },
{ "type": "Feature", "properties": { "name": null, "weight_class": 1, "permanent": false, "length_km": 2.8 }, "geometry": { "type": "LineString", "coordinates": [ [ 3.61892, 45.05176 ], [ 3.61348, 45.054 ], [ 3.61182, 45.05347 ], [ 3.60446, 45.05429 ], [ 3.5981, 45.05042 ], [ 3.59548, 45.04646 ], [ 3.59164, 45.0447 ] ] } },
{ "type": "Feature", "properties": { "name": null, "weight_class": 1, "permanent": true, "length_km": 2.9 }, "geometry": { "type": "LineString", "coordinates": [ [ 3.61785, 45.04387 ], [ 3.61541, 45.04338 ], [ 3.61336, 45.04153 ], [ 3.61298, 45.03862 ], [ 3.61043, 45.03753 ], [ 3.6062, 45.0392 ], [ 3.60151, 45.04276 ], [ 3.5974, 45.04157 ], [ 3.59146, 45.04245 ] ] } },
{ "type": "Feature", "properties": { "name": "Ruisseau de Grosse Vache", "weight_class": 1, "permanent": true, "length_km": 3.2 }, "geometry": { "type": "LineString", "coordinates": [ [ 3.62891, 45.0397 ], [ 3.62482, 45.03684 ], [ 3.61974, 45.0356 ], [ 3.61832, 45.03421 ], [ 3.61131, 45.033 ], [ 3.60693, 45.02852 ], [ 3.598, 45.02529 ] ] } },
{ "type": "Feature", "properties": { "name": null, "weight_class": 1, "permanent": true, "length_km": 3.6 }, "geometry": { "type": "LineString", "coordinates": [ [ 3.65749, 45.02492 ], [ 3.65684, 45.01681 ], [ 3.65237, 45.01208 ], [ 3.6487, 45.00974 ], [ 3.64424, 45.00869 ], [ 3.64166, 45.00972 ], [ 3.63618, 45.00982 ], [ 3.63095, 45.00777 ] ] } },
{ "type": "Feature", "properties": { "name": "Ruisseau de la Planchette", "weight_class": 1, "permanent": false, "length_km": 4.0 }, "geometry": { "type": "LineString", "coordinates": [ [ 3.65796, 45.00346 ], [ 3.6606, 45.0015 ], [ 3.66367, 45.00078 ], [ 3.66796, 44.99743 ], [ 3.66809, 44.99244 ], [ 3.67102, 44.98886 ], [ 3.67142, 44.98494 ], [ 3.67644, 44.98252 ], [ 3.67845, 44.97981 ], [ 3.67819, 44.97504 ] ] } },
{ "type": "Feature", "properties": { "name": "la Besque", "weight_class": 1, "permanent": false, "length_km": 10.8 }, "geometry": { "type": "LineString", "coordinates": [ [ 3.49637, 44.99058 ], [ 3.49829, 44.99181 ], [ 3.49833, 44.99436 ], [ 3.49995, 44.99524 ], [ 3.50146, 44.99486 ], [ 3.50471, 44.99802 ], [ 3.50602, 44.99787 ], [ 3.51532, 45.00167 ], [ 3.52114, 45.00675 ], [ 3.53115, 45.00948 ], [ 3.5374, 45.00774 ], [ 3.54051, 45.00808 ], [ 3.54418, 45.01044 ], [ 3.54901, 45.01096 ], [ 3.55024, 45.01265 ], [ 3.56203, 45.01455 ], [ 3.56929, 45.01729 ], [ 3.5704, 45.0168 ], [ 3.5717, 45.01767 ], [ 3.5714, 45.01889 ], [ 3.57416, 45.01935 ], [ 3.57481, 45.02068 ], [ 3.58112, 45.02294 ], [ 3.5857, 45.02237 ], [ 3.58849, 45.02465 ], [ 3.59119, 45.02515 ], [ 3.59132, 45.02938 ], [ 3.59236, 45.03017 ] ] } },
{ "type": "Feature", "properties": { "name": "la Seuge", "weight_class": 2, "permanent": true, "length_km": 37.3 }, "geometry": { "type": "LineString", "coordinates": [ [ 3.43711, 44.87551 ], [ 3.44021, 44.8752 ], [ 3.44305, 44.87652 ], [ 3.44838, 44.87657 ], [ 3.45033, 44.87202 ], [ 3.45192, 44.87193 ], [ 3.4539, 44.87038 ], [ 3.45745, 44.86414 ], [ 3.4594, 44.86335 ], [ 3.46207, 44.86562 ], [ 3.46107, 44.86775 ], [ 3.46238, 44.87143 ], [ 3.46783, 44.87532 ], [ 3.4667, 44.87767 ], [ 3.46944, 44.87878 ], [ 3.46975, 44.88064 ], [ 3.47588, 44.88431 ], [ 3.47561, 44.88628 ], [ 3.47754, 44.88905 ], [ 3.47451, 44.89284 ], [ 3.47519, 44.89622 ], [ 3.47305, 44.89784 ], [ 3.47457, 44.90152 ], [ 3.47652, 44.90262 ], [ 3.47642, 44.90539 ], [ 3.47927, 44.90814 ], [ 3.48137, 44.90861 ], [ 3.48489, 44.91184 ], [ 3.48736, 44.9125 ], [ 3.4901, 44.91467 ], [ 3.49383, 44.91372 ], [ 3.49743, 44.91416 ], [ 3.50023, 44.91776 ], [ 3.50212, 44.91731 ], [ 3.50398, 44.9191 ], [ 3.50612, 44.91846 ], [ 3.50849, 44.91944 ], [ 3.50928, 44.91775 ], [ 3.51069, 44.91847 ], [ 3.51275, 44.91698 ], [ 3.51587, 44.91658 ], [ 3.51934, 44.91734 ], [ 3.51984, 44.91839 ], [ 3.52493, 44.91879 ], [ 3.52647, 44.91972 ], [ 3.53192, 44.91809 ], [ 3.53946, 44.91898 ], [ 3.54201, 44.92053 ], [ 3.54258, 44.92713 ], [ 3.53989, 44.92952 ], [ 3.54039, 44.93021 ], [ 3.53813, 44.93305 ], [ 3.53895, 44.93558 ], [ 3.54037, 44.93589 ], [ 3.54169, 44.93831 ], [ 3.53682, 44.94439 ], [ 3.53888, 44.94655 ], [ 3.53761, 44.95322 ], [ 3.54109, 44.95661 ], [ 3.54074, 44.96433 ], [ 3.54641, 44.96895 ], [ 3.54731, 44.96836 ], [ 3.55201, 44.97189 ], [ 3.55134, 44.97416 ], [ 3.55238, 44.97501 ], [ 3.55151, 44.97539 ], [ 3.55423, 44.97716 ], [ 3.55382, 44.97911 ], [ 3.55845, 44.98091 ], [ 3.56055, 44.98348 ], [ 3.56328, 44.98404 ], [ 3.56437, 44.98552 ], [ 3.56814, 44.9836 ], [ 3.57037, 44.98459 ], [ 3.57767, 44.98344 ], [ 3.58409, 44.98462 ], [ 3.58835, 44.99313 ], [ 3.58666, 44.99421 ], [ 3.58828, 44.99749 ], [ 3.58685, 44.99948 ], [ 3.59065, 44.99881 ], [ 3.5903, 45.00163 ], [ 3.58759, 45.00371 ], [ 3.5892, 45.00607 ], [ 3.58706, 45.01029 ], [ 3.58881, 45.01327 ], [ 3.59121, 45.01389 ], [ 3.59107, 45.01569 ], [ 3.59387, 45.01706 ], [ 3.5923, 45.02542 ], [ 3.59368, 45.02929 ] ] } },
{ "type": "Feature", "properties": { "name": null, "weight_class": 1, "permanent": false, "length_km": 5.4 }, "geometry": { "type": "LineString", "coordinates": [ [ 3.51752, 44.9903 ], [ 3.51931, 44.98977 ], [ 3.53245, 44.99465 ], [ 3.53407, 45.00028 ], [ 3.54192, 45.0024 ], [ 3.54187, 45.00399 ], [ 3.54448, 45.00547 ], [ 3.5531, 45.00615 ], [ 3.55794, 45.00987 ], [ 3.5584, 45.01233 ], [ 3.56265, 45.0136 ], [ 3.56278, 45.01481 ] ] } },
{ "type": "Feature", "properties": { "name": null, "weight_class": 2, "permanent": true, "length_km": 2.2 }, "geometry": { "type": "LineString", "coordinates": [ [ 3.54183, 44.99258 ], [ 3.54103, 44.98593 ], [ 3.54399, 44.98518 ], [ 3.55414, 44.97923 ] ] } },
{ "type": "Feature", "properties": { "name": null, "weight_class": 1, "permanent": true, "length_km": 2.6 }, "geometry": { "type": "LineString", "coordinates": [ [ 3.53724, 44.98431 ], [ 3.53804, 44.97696 ], [ 3.53469, 44.97075 ], [ 3.5357, 44.96884 ], [ 3.54355, 44.96619 ] ] } },
{ "type": "Feature", "properties": { "name": "Rieu de Roche", "weight_class": 1, "permanent": false, "length_km": 2.8 }, "geometry": { "type": "LineString", "coordinates": [ [ 3.64732, 44.91004 ], [ 3.64928, 44.9143 ], [ 3.64199, 44.91938 ], [ 3.63493, 44.91737 ], [ 3.6334, 44.91635 ], [ 3.6327, 44.91384 ], [ 3.62846, 44.91248 ] ] } },
{ "type": "Feature", "properties": { "name": "Ruisseau de Romagnaguet/Ruisseau de Bois Grand", "weight_class": 1, "permanent": false, "length_km": 2.3 }, "geometry": { "type": "LineString", "coordinates": [ [ 3.66966, 44.88273 ], [ 3.67611, 44.88369 ], [ 3.67809, 44.88489 ], [ 3.67769, 44.88646 ], [ 3.68131, 44.88851 ], [ 3.68293, 44.89322 ], [ 3.67986, 44.89593 ] ] } },
{ "type": "Feature", "properties": { "name": "Ruisseau de France", "weight_class": 1, "permanent": false, "length_km": 2.4 }, "geometry": { "type": "LineString", "coordinates": [ [ 3.68887, 44.84524 ], [ 3.69177, 44.84587 ], [ 3.69397, 44.84523 ], [ 3.69628, 44.84304 ], [ 3.69711, 44.84161 ], [ 3.69634, 44.83814 ], [ 3.69931, 44.83343 ], [ 3.69749, 44.83173 ], [ 3.69942, 44.83066 ] ] } },
{ "type": "Feature", "properties": { "name": "Ravin de Pouzas", "weight_class": 1, "permanent": false, "length_km": 2.3 }, "geometry": { "type": "LineString", "coordinates": [ [ 3.60742, 44.94951 ], [ 3.60997, 44.94729 ], [ 3.61216, 44.94702 ], [ 3.61384, 44.94491 ], [ 3.61366, 44.94329 ], [ 3.61593, 44.94132 ], [ 3.61523, 44.93655 ], [ 3.61691, 44.93312 ] ] } },
{ "type": "Feature", "properties": { "name": "Ruisseau d'Alzon", "weight_class": 1, "permanent": true, "length_km": 2.6 }, "geometry": { "type": "LineString", "coordinates": [ [ 3.62772, 44.87771 ], [ 3.63053, 44.88018 ], [ 3.62827, 44.88266 ], [ 3.629, 44.88698 ], [ 3.63086, 44.8894 ], [ 3.62933, 44.89527 ], [ 3.63011, 44.8977 ] ] } },
{ "type": "Feature", "properties": { "name": "Ruisseau de Donaldes", "weight_class": 1, "permanent": true, "length_km": 4.7 }, "geometry": { "type": "LineString", "coordinates": [ [ 3.60302, 44.84382 ], [ 3.59754, 44.84893 ], [ 3.59601, 44.85406 ], [ 3.58965, 44.861 ], [ 3.58602, 44.86993 ], [ 3.58157, 44.87619 ] ] } },
{ "type": "Feature", "properties": { "name": "Ruisseau du Crouzet", "weight_class": 1, "permanent": true, "length_km": 6.4 }, "geometry": { "type": "LineString", "coordinates": [ [ 3.55603, 44.83344 ], [ 3.55204, 44.83672 ], [ 3.55161, 44.83921 ], [ 3.55797, 44.84323 ], [ 3.56312, 44.84365 ], [ 3.56412, 44.84473 ], [ 3.56304, 44.85158 ], [ 3.56692, 44.85523 ], [ 3.5676, 44.85793 ], [ 3.56398, 44.86657 ], [ 3.56598, 44.86788 ], [ 3.57151, 44.8691 ], [ 3.57148, 44.87171 ] ] } },
{ "type": "Feature", "properties": { "name": null, "weight_class": 1, "permanent": true, "length_km": 5.1 }, "geometry": { "type": "LineString", "coordinates": [ [ 3.6254, 44.93297 ], [ 3.62722, 44.93451 ], [ 3.62757, 44.93825 ], [ 3.62901, 44.93915 ], [ 3.62922, 44.94173 ], [ 3.63062, 44.94191 ], [ 3.63092, 44.94664 ], [ 3.63348, 44.95013 ], [ 3.63341, 44.95768 ], [ 3.63249, 44.95885 ], [ 3.63396, 44.96191 ], [ 3.6424, 44.96343 ], [ 3.64349, 44.96281 ], [ 3.64634, 44.96843 ] ] } },
{ "type": "Feature", "properties": { "name": "l'Esparins", "weight_class": 1, "permanent": false, "length_km": 4.2 }, "geometry": { "type": "LineString", "coordinates": [ [ 3.57004, 44.95399 ], [ 3.57615, 44.9567 ], [ 3.57406, 44.96242 ], [ 3.58498, 44.97904 ], [ 3.58302, 44.98073 ], [ 3.58386, 44.98436 ] ] } },
{ "type": "Feature", "properties": { "name": "le Payre/Ruisseau de Peyre", "weight_class": 1, "permanent": true, "length_km": 5.0 }, "geometry": { "type": "LineString", "coordinates": [ [ 3.64799, 44.92432 ], [ 3.64813, 44.92762 ], [ 3.64672, 44.93028 ], [ 3.64914, 44.93271 ], [ 3.64819, 44.93703 ], [ 3.65179, 44.94554 ], [ 3.65062, 44.95341 ], [ 3.65124, 44.95626 ], [ 3.64796, 44.96182 ], [ 3.64846, 44.96605 ] ] } },
{ "type": "Feature", "properties": { "name": "la Gazelle", "weight_class": 1, "permanent": false, "length_km": 3.1 }, "geometry": { "type": "LineString", "coordinates": [ [ 3.65394, 44.92292 ], [ 3.65976, 44.92897 ], [ 3.66307, 44.93055 ], [ 3.66438, 44.93406 ], [ 3.66783, 44.93685 ], [ 3.67006, 44.94403 ], [ 3.67267, 44.94376 ] ] } },
{ "type": "Feature", "properties": { "name": "le Chante Rome", "weight_class": 1, "permanent": true, "length_km": 9.7 }, "geometry": { "type": "LineString", "coordinates": [ [ 3.57095, 44.93851 ], [ 3.57101, 44.94141 ], [ 3.57703, 44.94791 ], [ 3.5829, 44.95084 ], [ 3.58279, 44.95744 ], [ 3.58634, 44.96135 ], [ 3.59078, 44.963 ], [ 3.59357, 44.96281 ], [ 3.5957, 44.96451 ], [ 3.60575, 44.96237 ], [ 3.61193, 44.96915 ], [ 3.612, 44.97232 ], [ 3.61312, 44.97269 ], [ 3.61021, 44.9784 ], [ 3.6116, 44.98162 ], [ 3.61658, 44.98444 ], [ 3.62007, 44.9841 ], [ 3.62245, 44.98631 ], [ 3.62477, 44.98607 ], [ 3.62727, 44.98855 ] ] } },
{ "type": "Feature", "properties": { "name": null, "weight_class": 1, "permanent": false, "length_km": 3.5 }, "geometry": { "type": "LineString", "coordinates": [ [ 3.56764, 44.94767 ], [ 3.56527, 44.94748 ], [ 3.5639, 44.9487 ], [ 3.56183, 44.95326 ], [ 3.5595, 44.953 ], [ 3.55423, 44.95517 ], [ 3.55096, 44.95844 ], [ 3.54995, 44.96312 ], [ 3.5519, 44.96763 ], [ 3.54958, 44.96988 ] ] } },
{ "type": "Feature", "properties": { "name": null, "weight_class": 1, "permanent": false, "length_km": 2.0 }, "geometry": { "type": "LineString", "coordinates": [ [ 3.56091, 44.94069 ], [ 3.55, 44.94509 ], [ 3.54791, 44.94455 ], [ 3.54377, 44.9453 ], [ 3.53995, 44.94439 ], [ 3.53823, 44.94512 ] ] } },
{ "type": "Feature", "properties": { "name": null, "weight_class": 1, "permanent": false, "length_km": 2.8 }, "geometry": { "type": "LineString", "coordinates": [ [ 3.5866, 44.94096 ], [ 3.589, 44.94165 ], [ 3.59169, 44.94423 ], [ 3.59083, 44.94637 ], [ 3.59129, 44.95384 ], [ 3.59489, 44.95711 ], [ 3.59976, 44.95813 ], [ 3.60105, 44.95929 ] ] } },
{ "type": "Feature", "properties": { "name": "le Pontajou", "weight_class": 1, "permanent": true, "length_km": 19.1 }, "geometry": { "type": "LineString", "coordinates": [ [ 3.44347, 44.88325 ], [ 3.44219, 44.88422 ], [ 3.44272, 44.89202 ], [ 3.44038, 44.89563 ], [ 3.44758, 44.90289 ], [ 3.44726, 44.9069 ], [ 3.45544, 44.91114 ], [ 3.45657, 44.91346 ], [ 3.45476, 44.91924 ], [ 3.45132, 44.92144 ], [ 3.44942, 44.92668 ], [ 3.44681, 44.92902 ], [ 3.44734, 44.93031 ], [ 3.45193, 44.93251 ], [ 3.455, 44.93252 ], [ 3.45647, 44.93664 ], [ 3.45866, 44.93649 ], [ 3.45955, 44.93959 ], [ 3.46208, 44.94001 ], [ 3.46747, 44.94316 ], [ 3.46881, 44.94594 ], [ 3.47114, 44.94703 ], [ 3.47081, 44.94859 ], [ 3.47929, 44.95211 ], [ 3.48215, 44.95179 ], [ 3.48649, 44.95413 ], [ 3.48966, 44.95401 ], [ 3.48975, 44.95502 ], [ 3.49387, 44.95654 ], [ 3.49381, 44.95776 ], [ 3.49722, 44.95635 ], [ 3.49897, 44.95701 ], [ 3.50145, 44.95557 ], [ 3.50261, 44.95705 ], [ 3.50636, 44.95665 ], [ 3.50736, 44.95461 ], [ 3.50945, 44.95572 ], [ 3.51265, 44.95518 ], [ 3.51314, 44.95429 ], [ 3.51706, 44.95356 ], [ 3.5185, 44.95196 ], [ 3.51876, 44.95264 ], [ 3.52437, 44.95383 ], [ 3.52759, 44.9572 ], [ 3.52847, 44.95643 ], [ 3.52995, 44.95768 ], [ 3.53342, 44.95806 ], [ 3.53314, 44.95903 ], [ 3.53559, 44.95973 ], [ 3.53711, 44.96203 ], [ 3.5366, 44.96391 ], [ 3.54085, 44.9628 ] ] } },
{ "type": "Feature", "properties": { "name": "le Malaval", "weight_class": 1, "permanent": false, "length_km": 10.0 }, "geometry": { "type": "LineString", "coordinates": [ [ 3.75686, 44.90091 ], [ 3.7563, 44.89769 ], [ 3.75319, 44.89464 ], [ 3.75327, 44.8927 ], [ 3.74795, 44.89264 ], [ 3.74424, 44.89061 ], [ 3.74075, 44.8907 ], [ 3.7391, 44.88949 ], [ 3.73378, 44.88865 ], [ 3.72886, 44.89262 ], [ 3.72286, 44.89342 ], [ 3.71939, 44.89519 ], [ 3.71893, 44.89862 ], [ 3.71472, 44.90257 ], [ 3.71256, 44.90302 ], [ 3.71226, 44.90459 ], [ 3.7094, 44.9069 ], [ 3.7049, 44.9089 ], [ 3.7, 44.90866 ], [ 3.69872, 44.90969 ], [ 3.69223, 44.91014 ], [ 3.68721, 44.90898 ], [ 3.67269, 44.91625 ], [ 3.67125, 44.91885 ] ] } },
{ "type": "Feature", "properties": { "name": "la Virlange", "weight_class": 1, "permanent": true, "length_km": 27.0 }, "geometry": { "type": "LineString", "coordinates": [ [ 3.47437, 44.82101 ], [ 3.48013, 44.82325 ], [ 3.48071, 44.82703 ], [ 3.47953, 44.83001 ], [ 3.48208, 44.83331 ], [ 3.48117, 44.83541 ], [ 3.48197, 44.83682 ], [ 3.47966, 44.83893 ], [ 3.48417, 44.83994 ], [ 3.48192, 44.84211 ], [ 3.48189, 44.84439 ], [ 3.48519, 44.84574 ], [ 3.48524, 44.84821 ], [ 3.48833, 44.84928 ], [ 3.49081, 44.853 ], [ 3.49021, 44.85715 ], [ 3.49202, 44.86134 ], [ 3.49297, 44.87091 ], [ 3.49473, 44.87252 ], [ 3.49404, 44.87382 ], [ 3.4984, 44.87677 ], [ 3.49909, 44.87835 ], [ 3.50301, 44.87982 ], [ 3.50371, 44.88188 ], [ 3.50697, 44.88324 ], [ 3.51095, 44.88918 ], [ 3.51285, 44.88889 ], [ 3.51508, 44.8913 ], [ 3.52227, 44.89416 ], [ 3.52583, 44.89405 ], [ 3.52697, 44.89523 ], [ 3.53028, 44.8958 ], [ 3.53259, 44.8952 ], [ 3.53435, 44.89731 ], [ 3.53692, 44.89827 ], [ 3.53882, 44.89795 ], [ 3.54057, 44.89946 ], [ 3.54445, 44.89938 ], [ 3.54559, 44.89819 ], [ 3.54713, 44.89828 ], [ 3.55017, 44.90008 ], [ 3.55315, 44.90061 ], [ 3.55446, 44.90332 ], [ 3.55722, 44.90388 ], [ 3.55695, 44.90597 ], [ 3.56053, 44.90973 ], [ 3.56269, 44.91008 ], [ 3.56223, 44.91274 ], [ 3.56458, 44.91341 ], [ 3.56377, 44.9153 ], [ 3.56611, 44.92074 ], [ 3.57064, 44.92273 ], [ 3.57344, 44.926 ], [ 3.57326, 44.92729 ], [ 3.57685, 44.9279 ], [ 3.57606, 44.92857 ], [ 3.57806, 44.9293 ], [ 3.57744, 44.92979 ], [ 3.57935, 44.93164 ], [ 3.58836, 44.93287 ], [ 3.5916, 44.93137 ], [ 3.59649, 44.93109 ], [ 3.59801, 44.92866 ], [ 3.6044, 44.92712 ], [ 3.60814, 44.92978 ], [ 3.61073, 44.93028 ], [ 3.61263, 44.93284 ], [ 3.6254, 44.93297 ] ] } },
{ "type": "Feature", "properties": { "name": "Ruisseau du Mazel", "weight_class": 1, "permanent": false, "length_km": 3.9 }, "geometry": { "type": "LineString", "coordinates": [ [ 3.5758, 44.9146 ], [ 3.58921, 44.91912 ], [ 3.59546, 44.91901 ], [ 3.60064, 44.92123 ], [ 3.61051, 44.92173 ], [ 3.6189, 44.92611 ] ] } },
{ "type": "Feature", "properties": { "name": null, "weight_class": 1, "permanent": false, "length_km": 2.9 }, "geometry": { "type": "LineString", "coordinates": [ [ 3.57179, 44.9 ], [ 3.5765, 44.89933 ], [ 3.57821, 44.8983 ], [ 3.58254, 44.89867 ], [ 3.58462, 44.89781 ], [ 3.58894, 44.90061 ], [ 3.59063, 44.89992 ], [ 3.59346, 44.90169 ], [ 3.60213, 44.8988 ] ] } },
{ "type": "Feature", "properties": { "name": "le Panis/Ruisseau de Panis", "weight_class": 1, "permanent": true, "length_km": 18.6 }, "geometry": { "type": "LineString", "coordinates": [ [ 3.50981, 44.82418 ], [ 3.51345, 44.829 ], [ 3.51892, 44.83181 ], [ 3.52163, 44.8353 ], [ 3.52344, 44.83863 ], [ 3.52261, 44.84195 ], [ 3.52437, 44.84333 ], [ 3.52378, 44.84458 ], [ 3.52718, 44.84743 ], [ 3.52709, 44.84901 ], [ 3.52971, 44.85246 ], [ 3.52851, 44.85667 ], [ 3.53052, 44.85929 ], [ 3.52991, 44.86067 ], [ 3.5325, 44.86343 ], [ 3.53187, 44.86546 ], [ 3.53317, 44.86639 ], [ 3.53323, 44.86851 ], [ 3.53591, 44.87121 ], [ 3.54158, 44.87407 ], [ 3.55518, 44.87742 ], [ 3.56258, 44.87323 ], [ 3.56728, 44.8728 ], [ 3.57109, 44.87124 ], [ 3.57353, 44.87524 ], [ 3.57627, 44.87625 ], [ 3.58147, 44.87611 ], [ 3.58178, 44.87796 ], [ 3.58356, 44.87824 ], [ 3.58513, 44.88353 ], [ 3.58787, 44.88402 ], [ 3.58579, 44.88578 ], [ 3.58772, 44.88685 ], [ 3.58696, 44.89163 ], [ 3.59315, 44.89723 ], [ 3.59554, 44.89672 ], [ 3.59744, 44.89805 ], [ 3.60145, 44.89826 ], [ 3.60521, 44.90008 ], [ 3.60874, 44.89938 ], [ 3.61313, 44.90069 ], [ 3.62565, 44.89689 ], [ 3.63148, 44.89803 ] ] } },
{ "type": "Feature", "properties": { "name": null, "weight_class": 1, "permanent": false, "length_km": 2.3 }, "geometry": { "type": "LineString", "coordinates": [ [ 3.5257, 44.90371 ], [ 3.52946, 44.90726 ], [ 3.53387, 44.90875 ], [ 3.53422, 44.91081 ], [ 3.53955, 44.91661 ], [ 3.53916, 44.91892 ] ] } },
{ "type": "Feature", "properties": { "name": null, "weight_class": 2, "permanent": true, "length_km": 2.1 }, "geometry": { "type": "LineString", "coordinates": [ [ 3.67282, 44.87371 ], [ 3.67431, 44.87636 ], [ 3.67956, 44.87937 ], [ 3.68052, 44.88094 ], [ 3.68576, 44.88088 ], [ 3.68975, 44.87862 ], [ 3.69175, 44.87919 ] ] } },
{ "type": "Feature", "properties": { "name": "le Baragnac/Ruisseau de Baragnac", "weight_class": 1, "permanent": true, "length_km": 2.2 }, "geometry": { "type": "MultiLineString", "coordinates": [ [ [ 3.67135, 44.83005 ], [ 3.67948, 44.83014 ], [ 3.68254, 44.82916 ] ], [ [ 3.68555, 44.82988 ], [ 3.68706, 44.83177 ], [ 3.68898, 44.83208 ], [ 3.69841, 44.83075 ] ] ] } },
{ "type": "Feature", "properties": { "name": null, "weight_class": 1, "permanent": true, "length_km": 2.8 }, "geometry": { "type": "LineString", "coordinates": [ [ 3.5411, 44.83186 ], [ 3.53877, 44.83642 ], [ 3.53915, 44.83957 ], [ 3.5368, 44.84145 ], [ 3.53473, 44.84553 ], [ 3.53259, 44.84626 ], [ 3.52971, 44.85246 ] ] } },
{ "type": "Feature", "properties": { "name": "l'Ance", "weight_class": 2, "permanent": true, "length_km": 16.7 }, "geometry": { "type": "MultiLineString", "coordinates": [ [ [ 3.64479, 44.87595 ], [ 3.64401, 44.87998 ], [ 3.64542, 44.8806 ], [ 3.64527, 44.88369 ], [ 3.64668, 44.8848 ], [ 3.64324, 44.88539 ], [ 3.64223, 44.88657 ], [ 3.63991, 44.88603 ], [ 3.63627, 44.88734 ], [ 3.63839, 44.8907 ], [ 3.63769, 44.89586 ], [ 3.63602, 44.89727 ], [ 3.63399, 44.89649 ], [ 3.63097, 44.89739 ], [ 3.63227, 44.89826 ], [ 3.63078, 44.90039 ], [ 3.63268, 44.90327 ], [ 3.63285, 44.90841 ], [ 3.62858, 44.91246 ], [ 3.62544, 44.91406 ], [ 3.62305, 44.91949 ], [ 3.61968, 44.91878 ], [ 3.6204, 44.92272 ], [ 3.6189, 44.92611 ], [ 3.62051, 44.92951 ], [ 3.62789, 44.93409 ], [ 3.62876, 44.93672 ], [ 3.62796, 44.93793 ], [ 3.62976, 44.93908 ], [ 3.62908, 44.94545 ], [ 3.63182, 44.95045 ], [ 3.63005, 44.95677 ], [ 3.62815, 44.95896 ], [ 3.63076, 44.9644 ], [ 3.63248, 44.96558 ], [ 3.63572, 44.96602 ], [ 3.63909, 44.96878 ], [ 3.64234, 44.96909 ], [ 3.64276, 44.97001 ] ], [ [ 3.66156, 44.86447 ], [ 3.66161, 44.86689 ], [ 3.65937, 44.86947 ], [ 3.65996, 44.87111 ], [ 3.6572, 44.87169 ], [ 3.65352, 44.87619 ], [ 3.6515, 44.87441 ], [ 3.64996, 44.8743 ] ] ] } },
{ "type": "Feature", "properties": { "name": "Rivière l'Allier", "weight_class": 2, "permanent": true, "length_km": 7.0 }, "geometry": { "type": "MultiLineString", "coordinates": [ [ [ 3.37627, 45.34846 ], [ 3.37841, 45.35154 ], [ 3.37723, 45.35554 ], [ 3.37506, 45.35663 ] ], [ [ 3.37627, 45.34846 ], [ 3.3743, 45.34974 ], [ 3.37542, 45.35181 ] ], [ [ 3.37971, 45.34817 ], [ 3.37627, 45.34846 ] ], [ [ 3.40456, 45.28373 ], [ 3.40778, 45.28918 ], [ 3.40654, 45.29241 ], [ 3.40376, 45.29426 ], [ 3.40499, 45.29521 ], [ 3.40496, 45.29628 ] ], [ [ 3.40456, 45.28373 ], [ 3.40075, 45.28913 ], [ 3.40037, 45.29176 ], [ 3.40496, 45.29628 ] ], [ [ 3.40757, 45.27955 ], [ 3.40456, 45.28373 ] ], [ [ 3.40496, 45.29628 ], [ 3.40221, 45.30041 ], [ 3.4051, 45.30534 ] ] ] } },
{ "type": "Feature", "properties": { "name": "l'Allier", "weight_class": 4, "permanent": true, "length_km": 134.9 }, "geometry": { "type": "MultiLineString", "coordinates": [ [ [ 3.36055, 45.38216 ], [ 3.35949, 45.38442 ], [ 3.35162, 45.38946 ], [ 3.34652, 45.39175 ], [ 3.3397, 45.39244 ], [ 3.33365, 45.39887 ], [ 3.33361, 45.40739 ], [ 3.33825, 45.41225 ] ], [ [ 3.33961, 45.41394 ], [ 3.34389, 45.41693 ], [ 3.34093, 45.41932 ] ], [ [ 3.36082, 45.38046 ], [ 3.35923, 45.3808 ], [ 3.36055, 45.38216 ] ], [ [ 3.36082, 45.38046 ], [ 3.36055, 45.38216 ] ], [ [ 3.74688, 44.82939 ], [ 3.7439, 44.83834 ], [ 3.73858, 44.8386 ], [ 3.73516, 44.84016 ], [ 3.74043, 44.8437 ], [ 3.73993, 44.84567 ], [ 3.73519, 44.84597 ], [ 3.73328, 44.84764 ], [ 3.73802, 44.8488 ], [ 3.73552, 44.85338 ], [ 3.73707, 44.85842 ], [ 3.71708, 44.86184 ], [ 3.71884, 44.86567 ], [ 3.71693, 44.86925 ], [ 3.71435, 44.87062 ], [ 3.71189, 44.87087 ], [ 3.71057, 44.86988 ], [ 3.70716, 44.87075 ], [ 3.70548, 44.87217 ], [ 3.70546, 44.87427 ], [ 3.70109, 44.87705 ], [ 3.69861, 44.87669 ], [ 3.69647, 44.87378 ], [ 3.69118, 44.87316 ], [ 3.68913, 44.87499 ], [ 3.68912, 44.87732 ], [ 3.69126, 44.87908 ], [ 3.69591, 44.8791 ], [ 3.69636, 44.88082 ], [ 3.69514, 44.88276 ], [ 3.68809, 44.88369 ], [ 3.69078, 44.88504 ], [ 3.69098, 44.88651 ], [ 3.69371, 44.88741 ], [ 3.69338, 44.89252 ], [ 3.68541, 44.89865 ], [ 3.68385, 44.89863 ], [ 3.68208, 44.89668 ], [ 3.6783, 44.89532 ], [ 3.67387, 44.89581 ], [ 3.67243, 44.89714 ], [ 3.67607, 44.90677 ], [ 3.67549, 44.91201 ], [ 3.6737, 44.91459 ], [ 3.66823, 44.91275 ], [ 3.66551, 44.91603 ], [ 3.67283, 44.9198 ], [ 3.68013, 44.92571 ], [ 3.68215, 44.92936 ], [ 3.68122, 44.93439 ], [ 3.67514, 44.93709 ], [ 3.67148, 44.94052 ], [ 3.67162, 44.94313 ], [ 3.6734, 44.94464 ], [ 3.67304, 44.947 ], [ 3.67511, 44.94831 ], [ 3.67529, 44.95003 ], [ 3.68098, 44.94942 ], [ 3.68461, 44.95014 ], [ 3.68919, 44.95332 ], [ 3.69596, 44.95513 ], [ 3.69686, 44.95686 ], [ 3.69479, 44.95921 ], [ 3.68641, 44.95938 ], [ 3.68416, 44.96273 ], [ 3.68417, 44.96445 ], [ 3.68581, 44.96564 ], [ 3.68512, 44.96658 ], [ 3.68211, 44.96725 ], [ 3.68266, 44.97017 ], [ 3.68012, 44.97468 ], [ 3.67567, 44.97512 ], [ 3.67436, 44.96987 ], [ 3.67196, 44.96892 ], [ 3.6665, 44.97167 ], [ 3.66339, 44.96927 ], [ 3.65819, 44.96957 ], [ 3.65041, 44.96824 ], [ 3.64849, 44.96605 ], [ 3.64649, 44.96835 ], [ 3.64083, 44.97137 ], [ 3.6444, 44.97339 ], [ 3.64486, 44.97472 ], [ 3.64331, 44.97595 ], [ 3.64026, 44.97638 ], [ 3.63978, 44.98023 ], [ 3.63692, 44.98108 ], [ 3.63428, 44.98369 ], [ 3.63387, 44.98635 ], [ 3.62708, 44.98883 ], [ 3.62777, 44.99508 ], [ 3.62384, 45.00103 ], [ 3.626, 45.00397 ], [ 3.6313, 45.00736 ], [ 3.62665, 45.01216 ], [ 3.62646, 45.01446 ], [ 3.62433, 45.01677 ], [ 3.61934, 45.01731 ], [ 3.61138, 45.02254 ], [ 3.59842, 45.02438 ], [ 3.59709, 45.02871 ], [ 3.5957, 45.02963 ], [ 3.59287, 45.02944 ], [ 3.59123, 45.03384 ], [ 3.58793, 45.03427 ], [ 3.58613, 45.03926 ], [ 3.59088, 45.04159 ], [ 3.59241, 45.04388 ], [ 3.58096, 45.04926 ], [ 3.57976, 45.05134 ], [ 3.58088, 45.0549 ], [ 3.57869, 45.05745 ], [ 3.56998, 45.05973 ], [ 3.56319, 45.06458 ], [ 3.5607, 45.0651 ], [ 3.55526, 45.06434 ], [ 3.55228, 45.06506 ], [ 3.54348, 45.07229 ], [ 3.53782, 45.07428 ], [ 3.53394, 45.07903 ], [ 3.53418, 45.08684 ], [ 3.53013, 45.0923 ], [ 3.51666, 45.0957 ], [ 3.50769, 45.09278 ], [ 3.49839, 45.09702 ], [ 3.49765, 45.0988 ], [ 3.49846, 45.1006 ], [ 3.50466, 45.10507 ], [ 3.49831, 45.11179 ], [ 3.49342, 45.11253 ], [ 3.49097, 45.11487 ], [ 3.49069, 45.11915 ], [ 3.48685, 45.12888 ], [ 3.48839, 45.13635 ], [ 3.48485, 45.13958 ], [ 3.47714, 45.14242 ], [ 3.46716, 45.13906 ], [ 3.46569, 45.13978 ], [ 3.4649, 45.14402 ], [ 3.4617, 45.14633 ], [ 3.45745, 45.14297 ], [ 3.45022, 45.14631 ], [ 3.44649, 45.14573 ], [ 3.44192, 45.14344 ], [ 3.44029, 45.14493 ], [ 3.43991, 45.1475 ], [ 3.44436, 45.15323 ], [ 3.44066, 45.15574 ], [ 3.43246, 45.154 ], [ 3.42652, 45.15629 ], [ 3.4216, 45.15572 ], [ 3.42037, 45.15423 ], [ 3.41992, 45.14985 ], [ 3.42111, 45.14715 ], [ 3.42008, 45.1453 ], [ 3.41148, 45.14549 ], [ 3.41019, 45.1477 ], [ 3.40736, 45.14915 ], [ 3.40439, 45.1485 ], [ 3.40223, 45.1467 ], [ 3.40099, 45.14725 ], [ 3.40169, 45.14856 ], [ 3.40843, 45.15193 ], [ 3.40864, 45.15417 ], [ 3.40692, 45.15498 ], [ 3.40556, 45.15748 ], [ 3.41203, 45.1623 ], [ 3.41337, 45.16474 ], [ 3.4142, 45.16882 ], [ 3.40688, 45.17133 ], [ 3.40546, 45.17577 ], [ 3.40673, 45.17675 ], [ 3.41167, 45.17646 ], [ 3.41214, 45.17873 ], [ 3.406, 45.18214 ], [ 3.40276, 45.18109 ], [ 3.40296, 45.17963 ], [ 3.40116, 45.17836 ], [ 3.39205, 45.17832 ], [ 3.38993, 45.17907 ], [ 3.38851, 45.18183 ], [ 3.39079, 45.18533 ], [ 3.38626, 45.18878 ], [ 3.38554, 45.19451 ], [ 3.38711, 45.19884 ], [ 3.39081, 45.19942 ], [ 3.3963, 45.20178 ], [ 3.39948, 45.20498 ], [ 3.39774, 45.21604 ], [ 3.3926, 45.21961 ], [ 3.39321, 45.22577 ], [ 3.39542, 45.22757 ], [ 3.39815, 45.22753 ], [ 3.39932, 45.22832 ], [ 3.39918, 45.23228 ], [ 3.39558, 45.23426 ], [ 3.39728, 45.23796 ], [ 3.39561, 45.24057 ], [ 3.39664, 45.24286 ], [ 3.39522, 45.24515 ], [ 3.39553, 45.24852 ], [ 3.4001, 45.25106 ], [ 3.40399, 45.25542 ], [ 3.40895, 45.2585 ], [ 3.40701, 45.2641 ], [ 3.41024, 45.26684 ], [ 3.40757, 45.27955 ], [ 3.41213, 45.29599 ], [ 3.40641, 45.29988 ], [ 3.40638, 45.30328 ], [ 3.40426, 45.30701 ], [ 3.40264, 45.31383 ], [ 3.39651, 45.3189 ], [ 3.39805, 45.32359 ], [ 3.39747, 45.32435 ], [ 3.39476, 45.32455 ], [ 3.39221, 45.32962 ], [ 3.39287, 45.33084 ], [ 3.39736, 45.33122 ], [ 3.39346, 45.33343 ], [ 3.38792, 45.33483 ], [ 3.38696, 45.33668 ], [ 3.38933, 45.33706 ], [ 3.3898, 45.33806 ], [ 3.38162, 45.34273 ], [ 3.38005, 45.34783 ], [ 3.3757, 45.35112 ], [ 3.37491, 45.35692 ], [ 3.37347, 45.35745 ], [ 3.37057, 45.35686 ], [ 3.36883, 45.35786 ], [ 3.36822, 45.35912 ], [ 3.37168, 45.36015 ], [ 3.37252, 45.36146 ], [ 3.37545, 45.36099 ], [ 3.37622, 45.36218 ], [ 3.37363, 45.36635 ], [ 3.37133, 45.36436 ], [ 3.36737, 45.36676 ], [ 3.36345, 45.36695 ], [ 3.36172, 45.36823 ], [ 3.36297, 45.37118 ], [ 3.36113, 45.37472 ], [ 3.36284, 45.37866 ], [ 3.36082, 45.38046 ] ], [ [ 3.74974, 44.82405 ], [ 3.75165, 44.82548 ], [ 3.75197, 44.82775 ], [ 3.75092, 44.82868 ], [ 3.74921, 44.82857 ] ], [ [ 3.75632, 44.81668 ], [ 3.75494, 44.82018 ], [ 3.7516, 44.82154 ], [ 3.74961, 44.82358 ] ], [ [ 3.75857, 44.80602 ], [ 3.76291, 44.80981 ], [ 3.76021, 44.81568 ], [ 3.75732, 44.81648 ] ], [ [ 3.79436, 44.78823 ], [ 3.78769, 44.79237 ], [ 3.78715, 44.79385 ], [ 3.78291, 44.79557 ], [ 3.77949, 44.79586 ], [ 3.77829, 44.79886 ], [ 3.77481, 44.79653 ], [ 3.7716, 44.79685 ], [ 3.77137, 44.79875 ], [ 3.7735, 44.79907 ], [ 3.77407, 44.80004 ], [ 3.77104, 44.80353 ], [ 3.76888, 44.80404 ], [ 3.76658, 44.80333 ], [ 3.76407, 44.80049 ], [ 3.76124, 44.80164 ], [ 3.76122, 44.80333 ] ], [ [ 3.80479, 44.77327 ], [ 3.80195, 44.78024 ], [ 3.80313, 44.78158 ], [ 3.7987, 44.78607 ], [ 3.79577, 44.78741 ] ], [ [ 3.83675, 44.74437 ], [ 3.83513, 44.74741 ], [ 3.83627, 44.75107 ], [ 3.82976, 44.75515 ], [ 3.83112, 44.75663 ], [ 3.83393, 44.75754 ], [ 3.83491, 44.75932 ], [ 3.83702, 44.75998 ], [ 3.84262, 44.76739 ], [ 3.84213, 44.77213 ], [ 3.8349, 44.77355 ], [ 3.83361, 44.77647 ], [ 3.83154, 44.7768 ], [ 3.82871, 44.77473 ], [ 3.82325, 44.77412 ], [ 3.81755, 44.77199 ], [ 3.81805, 44.77037 ], [ 3.81617, 44.76851 ], [ 3.8121, 44.76899 ], [ 3.81122, 44.7654 ], [ 3.80889, 44.7653 ], [ 3.80867, 44.76667 ], [ 3.80439, 44.76925 ] ] ] } },
{ "type": "Feature", "properties": { "name": "le Cé", "weight_class": 1, "permanent": true, "length_km": 3.3 }, "geometry": { "type": "LineString", "coordinates": [ [ 3.36819, 45.41093 ], [ 3.36657, 45.40603 ], [ 3.36145, 45.40093 ], [ 3.35248, 45.39788 ], [ 3.34938, 45.39796 ], [ 3.34646, 45.39558 ], [ 3.34692, 45.39164 ] ] } },
{ "type": "Feature", "properties": { "name": "l'Alagnon", "weight_class": 3, "permanent": true, "length_km": 22.7 }, "geometry": { "type": "LineString", "coordinates": [ [ 3.18888, 45.27986 ], [ 3.18635, 45.286 ], [ 3.19044, 45.28872 ], [ 3.19134, 45.29064 ], [ 3.18713, 45.29158 ], [ 3.18418, 45.2945 ], [ 3.18598, 45.29705 ], [ 3.18521, 45.30029 ], [ 3.18931, 45.30246 ], [ 3.1901, 45.30484 ], [ 3.18587, 45.30883 ], [ 3.18535, 45.31293 ], [ 3.19082, 45.31613 ], [ 3.19297, 45.32055 ], [ 3.19874, 45.32228 ], [ 3.20079, 45.32861 ], [ 3.20637, 45.33014 ], [ 3.20901, 45.33232 ], [ 3.20888, 45.3343 ], [ 3.20432, 45.33478 ], [ 3.20299, 45.3373 ], [ 3.20531, 45.3408 ], [ 3.20534, 45.34642 ], [ 3.20973, 45.34759 ], [ 3.20972, 45.35121 ], [ 3.21201, 45.35122 ], [ 3.21505, 45.34791 ], [ 3.22204, 45.35063 ], [ 3.21895, 45.35347 ], [ 3.21806, 45.3597 ], [ 3.21383, 45.36082 ], [ 3.21322, 45.362 ], [ 3.21567, 45.36378 ], [ 3.21833, 45.36394 ], [ 3.22542, 45.37103 ], [ 3.22592, 45.37328 ], [ 3.23056, 45.37497 ], [ 3.23235, 45.37429 ], [ 3.23314, 45.37061 ], [ 3.23635, 45.37459 ], [ 3.23954, 45.37188 ], [ 3.24843, 45.37196 ], [ 3.24728, 45.37653 ], [ 3.25285, 45.37752 ], [ 3.2539, 45.37951 ], [ 3.25572, 45.3801 ], [ 3.26317, 45.38141 ], [ 3.26636, 45.38513 ], [ 3.26839, 45.39035 ], [ 3.27426, 45.39367 ], [ 3.27521, 45.39545 ], [ 3.2812, 45.39689 ], [ 3.28084, 45.39899 ] ] } },
{ "type": "Feature", "properties": { "name": "Ruisseau d'Échandelon", "weight_class": 1, "permanent": true, "length_km": 4.0 }, "geometry": { "type": "MultiLineString", "coordinates": [ [ [ 3.50637, 45.41153 ], [ 3.51156, 45.40734 ], [ 3.51592, 45.40703 ] ], [ [ 3.51881, 45.40456 ], [ 3.52266, 45.4012 ], [ 3.52369, 45.39893 ], [ 3.52244, 45.39548 ], [ 3.52498, 45.39197 ], [ 3.5252, 45.38424 ], [ 3.52938, 45.38215 ] ] ] } },
{ "type": "Feature", "properties": { "name": "Ruisseau le Gaudarel", "weight_class": 1, "permanent": false, "length_km": 3.6 }, "geometry": { "type": "LineString", "coordinates": [ [ 3.40326, 45.38667 ], [ 3.39683, 45.384 ], [ 3.39129, 45.38444 ], [ 3.38646, 45.38602 ], [ 3.38461, 45.39169 ], [ 3.38107, 45.39337 ], [ 3.37729, 45.393 ], [ 3.37188, 45.39081 ], [ 3.36903, 45.39205 ] ] } },
{ "type": "Feature", "properties": { "name": "Ruisseau du Bois d'Arbioux", "weight_class": 1, "permanent": false, "length_km": 2.2 }, "geometry": { "type": "LineString", "coordinates": [ [ 3.49642, 45.3768 ], [ 3.49378, 45.37375 ], [ 3.48846, 45.37184 ], [ 3.48788, 45.36878 ], [ 3.48907, 45.3655 ], [ 3.4874, 45.36126 ] ] } },
{ "type": "Feature", "properties": { "name": "Ruisseau de Chausse", "weight_class": 1, "permanent": true, "length_km": 2.8 }, "geometry": { "type": "LineString", "coordinates": [ [ 3.42556, 45.35304 ], [ 3.42355, 45.35185 ], [ 3.41333, 45.35283 ], [ 3.40906, 45.35146 ], [ 3.40349, 45.35288 ], [ 3.40023, 45.35254 ], [ 3.39299, 45.35543 ] ] } },
{ "type": "Feature", "properties": { "name": "Ruisseau de la Prade", "weight_class": 1, "permanent": true, "length_km": 4.4 }, "geometry": { "type": "LineString", "coordinates": [ [ 3.25775, 45.36372 ], [ 3.26404, 45.36565 ], [ 3.26936, 45.36587 ], [ 3.27164, 45.36509 ], [ 3.27158, 45.36885 ], [ 3.27032, 45.36915 ], [ 3.26696, 45.37404 ], [ 3.2707, 45.37847 ], [ 3.27241, 45.38338 ], [ 3.27424, 45.38377 ], [ 3.27327, 45.38798 ], [ 3.27429, 45.38898 ] ] } },
{ "type": "Feature", "properties": { "name": "Ruisseau du Lavadou", "weight_class": 1, "permanent": true, "length_km": 2.9 }, "geometry": { "type": "LineString", "coordinates": [ [ 3.50162, 45.33156 ], [ 3.49683, 45.32238 ], [ 3.48657, 45.31323 ], [ 3.48631, 45.30936 ] ] } },
{ "type": "Feature", "properties": { "name": "Ruisseau de Vedrines", "weight_class": 1, "permanent": true, "length_km": 3.7 }, "geometry": { "type": "LineString", "coordinates": [ [ 3.48572, 45.32684 ], [ 3.48241, 45.32594 ], [ 3.48037, 45.32025 ], [ 3.47618, 45.3185 ], [ 3.4679, 45.30896 ], [ 3.45728, 45.30979 ], [ 3.45633, 45.31139 ] ] } },
{ "type": "Feature", "properties": { "name": "Ruisseau de la Broussette", "weight_class": 1, "permanent": true, "length_km": 2.5 }, "geometry": { "type": "LineString", "coordinates": [ [ 3.48947, 45.33114 ], [ 3.48722, 45.33202 ], [ 3.47741, 45.32875 ], [ 3.47041, 45.32379 ], [ 3.46352, 45.32169 ] ] } },
{ "type": "Feature", "properties": { "name": "Ruisseau d'Isseuges", "weight_class": 1, "permanent": true, "length_km": 2.9 }, "geometry": { "type": "LineString", "coordinates": [ [ 3.48558, 45.3508 ], [ 3.48274, 45.34818 ], [ 3.48212, 45.34558 ], [ 3.47289, 45.34164 ], [ 3.46815, 45.33825 ], [ 3.46673, 45.33573 ], [ 3.46738, 45.33126 ] ] } },
{ "type": "Feature", "properties": { "name": "Ruisseau de Cohade", "weight_class": 1, "permanent": false, "length_km": 7.7 }, "geometry": { "type": "LineString", "coordinates": [ [ 3.36172, 45.29951 ], [ 3.36879, 45.30629 ], [ 3.3833, 45.31058 ], [ 3.37973, 45.31645 ], [ 3.37954, 45.32335 ], [ 3.37538, 45.32921 ], [ 3.37502, 45.33194 ], [ 3.37186, 45.33735 ], [ 3.37457, 45.34048 ], [ 3.37144, 45.34715 ], [ 3.3716, 45.35013 ], [ 3.36611, 45.35413 ] ] } },
{ "type": "Feature", "properties": { "name": "Ruisseau des Combes", "weight_class": 1, "permanent": true, "length_km": 2.2 }, "geometry": { "type": "LineString", "coordinates": [ [ 3.31932, 45.30718 ], [ 3.32439, 45.30982 ], [ 3.32961, 45.31053 ], [ 3.33477, 45.31321 ], [ 3.34005, 45.31101 ], [ 3.3409, 45.31161 ], [ 3.34273, 45.31091 ] ] } },
{ "type": "Feature", "properties": { "name": "Ruisseau de Martinon", "weight_class": 1, "permanent": true, "length_km": 3.5 }, "geometry": { "type": "LineString", "coordinates": [ [ 3.5003, 45.27822 ], [ 3.49658, 45.27785 ], [ 3.49091, 45.27479 ], [ 3.48863, 45.27751 ], [ 3.48541, 45.27706 ], [ 3.48096, 45.27788 ], [ 3.47639, 45.28125 ], [ 3.47148, 45.28122 ], [ 3.46941, 45.28221 ], [ 3.46773, 45.28531 ], [ 3.46629, 45.28569 ] ] } },
{ "type": "Feature", "properties": { "name": "Ruisseau de Cumignat", "weight_class": 1, "permanent": true, "length_km": 3.0 }, "geometry": { "type": "LineString", "coordinates": [ [ 3.51203, 45.2898 ], [ 3.50997, 45.2873 ], [ 3.50241, 45.28366 ], [ 3.49439, 45.28649 ], [ 3.48976, 45.29034 ], [ 3.48371, 45.29318 ] ] } },
{ "type": "Feature", "properties": { "name": "Ruisseau de Fauchey", "weight_class": 1, "permanent": false, "length_km": 2.7 }, "geometry": { "type": "LineString", "coordinates": [ [ 3.50907, 45.27665 ], [ 3.5069, 45.27459 ], [ 3.502, 45.27327 ], [ 3.50075, 45.26798 ], [ 3.49399, 45.26463 ], [ 3.48783, 45.26011 ] ] } },
{ "type": "Feature", "properties": { "name": "Ruisseau de Malaure", "weight_class": 1, "permanent": true, "length_km": 6.8 }, "geometry": { "type": "MultiLineString", "coordinates": [ [ [ 3.45669, 45.40552 ], [ 3.45125, 45.40461 ], [ 3.45002, 45.4033 ], [ 3.44554, 45.40218 ], [ 3.43993, 45.40233 ], [ 3.43686, 45.40079 ], [ 3.43311, 45.40083 ], [ 3.43006, 45.40218 ], [ 3.42782, 45.40144 ], [ 3.42527, 45.40183 ], [ 3.4223, 45.39914 ], [ 3.42068, 45.39911 ], [ 3.42094, 45.39778 ] ], [ [ 3.47351, 45.41459 ], [ 3.46913, 45.41338 ], [ 3.46858, 45.41121 ], [ 3.4656, 45.40841 ], [ 3.46102, 45.40681 ] ], [ [ 3.49894, 45.42751 ], [ 3.49137, 45.42299 ], [ 3.48055, 45.42148 ] ] ] } },
{ "type": "Feature", "properties": { "name": null, "weight_class": 1, "permanent": false, "length_km": 2.8 }, "geometry": { "type": "LineString", "coordinates": [ [ 3.49232, 45.40058 ], [ 3.48854, 45.39987 ], [ 3.48759, 45.39789 ], [ 3.48515, 45.39731 ], [ 3.48271, 45.39532 ], [ 3.48253, 45.3936 ], [ 3.48106, 45.39344 ], [ 3.47771, 45.38728 ], [ 3.47827, 45.38213 ] ] } },
{ "type": "Feature", "properties": { "name": null, "weight_class": 1, "permanent": false, "length_km": 2.7 }, "geometry": { "type": "LineString", "coordinates": [ [ 3.47168, 45.39516 ], [ 3.47089, 45.39415 ], [ 3.46839, 45.39428 ], [ 3.46595, 45.39287 ], [ 3.45988, 45.39201 ], [ 3.45479, 45.39444 ], [ 3.44902, 45.39515 ], [ 3.44675, 45.39707 ], [ 3.44422, 45.3952 ] ] } },
{ "type": "Feature", "properties": { "name": "l'Auzon", "weight_class": 1, "permanent": true, "length_km": 18.5 }, "geometry": { "type": "LineString", "coordinates": [ [ 3.51274, 45.3761 ], [ 3.50864, 45.38091 ], [ 3.50649, 45.38196 ], [ 3.49979, 45.38343 ], [ 3.49426, 45.38655 ], [ 3.48888, 45.3873 ], [ 3.48279, 45.38561 ], [ 3.47985, 45.38212 ], [ 3.47827, 45.38213 ], [ 3.47697, 45.38046 ], [ 3.46892, 45.37806 ], [ 3.46413, 45.3816 ], [ 3.46331, 45.38381 ], [ 3.4615, 45.38327 ], [ 3.45923, 45.38489 ], [ 3.45066, 45.38637 ], [ 3.44906, 45.38772 ], [ 3.44679, 45.39428 ], [ 3.43998, 45.39617 ], [ 3.43052, 45.39417 ], [ 3.42868, 45.3954 ], [ 3.42457, 45.39584 ], [ 3.42243, 45.39831 ], [ 3.41952, 45.39754 ], [ 3.41863, 45.4007 ], [ 3.41539, 45.40111 ], [ 3.41419, 45.39991 ], [ 3.41154, 45.40192 ], [ 3.40541, 45.4037 ], [ 3.40269, 45.4 ], [ 3.39829, 45.40109 ], [ 3.39627, 45.39951 ], [ 3.39614, 45.40131 ], [ 3.39385, 45.4015 ], [ 3.3919, 45.40366 ], [ 3.38751, 45.4028 ], [ 3.38483, 45.4037 ], [ 3.38415, 45.402 ], [ 3.38142, 45.401 ], [ 3.38115, 45.39599 ], [ 3.37898, 45.39448 ], [ 3.36995, 45.39195 ], [ 3.36788, 45.39223 ], [ 3.3667, 45.39066 ], [ 3.36461, 45.39108 ], [ 3.3574, 45.38522 ] ] } },
{ "type": "Feature", "properties": { "name": "la Leuge/Ruisseau de Dannat", "weight_class": 1, "permanent": false, "length_km": 12.4 }, "geometry": { "type": "LineString", "coordinates": [ [ 3.30108, 45.3111 ], [ 3.30533, 45.31319 ], [ 3.3078, 45.31206 ], [ 3.30982, 45.31235 ], [ 3.31398, 45.3162 ], [ 3.32083, 45.32034 ], [ 3.32167, 45.32451 ], [ 3.31739, 45.32692 ], [ 3.31771, 45.32923 ], [ 3.31487, 45.33262 ], [ 3.31461, 45.33488 ], [ 3.31589, 45.33632 ], [ 3.31515, 45.34377 ], [ 3.31208, 45.34848 ], [ 3.31101, 45.35298 ], [ 3.30857, 45.3556 ], [ 3.30836, 45.3588 ], [ 3.31389, 45.36609 ], [ 3.31468, 45.37604 ], [ 3.31702, 45.37835 ], [ 3.31749, 45.38395 ], [ 3.31981, 45.38509 ], [ 3.32367, 45.38943 ], [ 3.32417, 45.3915 ], [ 3.33321, 45.39915 ] ] } },
{ "type": "Feature", "properties": { "name": null, "weight_class": 1, "permanent": false, "length_km": 2.0 }, "geometry": { "type": "LineString", "coordinates": [ [ 3.28584, 45.37716 ], [ 3.28119, 45.38117 ], [ 3.28758, 45.39272 ] ] } },
{ "type": "Feature", "properties": { "name": null, "weight_class": 1, "permanent": true, "length_km": 2.4 }, "geometry": { "type": "LineString", "coordinates": [ [ 3.29659, 45.38032 ], [ 3.29469, 45.38165 ], [ 3.29481, 45.38424 ], [ 3.29327, 45.3869 ], [ 3.28705, 45.3934 ], [ 3.28641, 45.39961 ] ] } },
{ "type": "Feature", "properties": { "name": null, "weight_class": 2, "permanent": true, "length_km": 3.2 }, "geometry": { "type": "LineString", "coordinates": [ [ 3.23541, 45.38833 ], [ 3.23862, 45.38803 ], [ 3.24172, 45.3899 ], [ 3.24653, 45.39001 ], [ 3.25162, 45.39355 ], [ 3.25456, 45.39325 ], [ 3.2574, 45.39427 ], [ 3.26272, 45.39425 ], [ 3.27077, 45.3919 ] ] } },
{ "type": "Feature", "properties": { "name": "le Bois d'Arbioux", "weight_class": 1, "permanent": true, "length_km": 12.6 }, "geometry": { "type": "LineString", "coordinates": [ [ 3.5158, 45.37293 ], [ 3.51174, 45.37133 ], [ 3.51039, 45.36988 ], [ 3.51015, 45.36704 ], [ 3.50777, 45.36558 ], [ 3.49921, 45.36554 ], [ 3.49405, 45.36178 ], [ 3.49079, 45.3609 ], [ 3.4874, 45.36126 ], [ 3.48612, 45.35955 ], [ 3.47944, 45.35644 ], [ 3.47745, 45.35673 ], [ 3.47423, 45.35559 ], [ 3.4662, 45.35578 ], [ 3.45999, 45.35065 ], [ 3.44953, 45.3464 ], [ 3.4477, 45.34655 ], [ 3.44482, 45.3448 ], [ 3.43741, 45.34445 ], [ 3.43211, 45.34157 ], [ 3.42657, 45.34046 ], [ 3.42058, 45.33695 ], [ 3.41726, 45.33609 ], [ 3.41656, 45.33481 ], [ 3.41416, 45.33448 ], [ 3.40923, 45.33092 ], [ 3.40817, 45.32759 ], [ 3.39891, 45.32592 ], [ 3.39757, 45.32715 ], [ 3.39764, 45.32995 ], [ 3.39636, 45.3308 ] ] } },
{ "type": "Feature", "properties": { "name": "le Ternivol", "weight_class": 1, "permanent": true, "length_km": 12.2 }, "geometry": { "type": "LineString", "coordinates": [ [ 3.51043, 45.35586 ], [ 3.51144, 45.35229 ], [ 3.50606, 45.34704 ], [ 3.50066, 45.34437 ], [ 3.50023, 45.3427 ], [ 3.49337, 45.3405 ], [ 3.48846, 45.33731 ], [ 3.4807, 45.33715 ], [ 3.476, 45.33478 ], [ 3.47175, 45.33426 ], [ 3.46708, 45.33123 ], [ 3.46497, 45.32914 ], [ 3.4631, 45.32007 ], [ 3.46183, 45.31951 ], [ 3.4625, 45.31807 ], [ 3.45325, 45.30902 ], [ 3.44919, 45.3071 ], [ 3.4434, 45.30654 ], [ 3.4414, 45.3045 ], [ 3.43596, 45.303 ], [ 3.4332, 45.30098 ], [ 3.43373, 45.29996 ], [ 3.42543, 45.29645 ], [ 3.41541, 45.29782 ], [ 3.41078, 45.29744 ] ] } },
{ "type": "Feature", "properties": { "name": null, "weight_class": 1, "permanent": false, "length_km": 2.4 }, "geometry": { "type": "LineString", "coordinates": [ [ 3.45042, 45.37884 ], [ 3.43661, 45.37821 ], [ 3.43315, 45.38016 ], [ 3.42742, 45.38076 ], [ 3.42424, 45.38197 ], [ 3.42305, 45.38351 ] ] } },
{ "type": "Feature", "properties": { "name": "le Chazelle/Ruisseau de Jauriat", "weight_class": 1, "permanent": true, "length_km": 8.7 }, "geometry": { "type": "LineString", "coordinates": [ [ 3.4723, 45.37088 ], [ 3.46897, 45.37132 ], [ 3.45877, 45.36746 ], [ 3.44014, 45.36712 ], [ 3.43461, 45.36295 ], [ 3.42616, 45.3609 ], [ 3.4182, 45.36144 ], [ 3.41502, 45.36256 ], [ 3.40658, 45.36263 ], [ 3.39812, 45.3595 ], [ 3.39671, 45.35736 ], [ 3.39221, 45.35514 ], [ 3.38986, 45.35201 ], [ 3.37779, 45.34985 ] ] } },
{ "type": "Feature", "properties": { "name": null, "weight_class": 1, "permanent": true, "length_km": 2.1 }, "geometry": { "type": "LineString", "coordinates": [ [ 3.4216, 45.37238 ], [ 3.41762, 45.36967 ], [ 3.41214, 45.36892 ], [ 3.40188, 45.37013 ], [ 3.39906, 45.37186 ] ] } },
{ "type": "Feature", "properties": { "name": "le Chastan/Ruisseau de Chastan", "weight_class": 1, "permanent": true, "length_km": 6.6 }, "geometry": { "type": "LineString", "coordinates": [ [ 3.43728, 45.38324 ], [ 3.43585, 45.3848 ], [ 3.4317, 45.38528 ], [ 3.41048, 45.38135 ], [ 3.40784, 45.37735 ], [ 3.40027, 45.37201 ], [ 3.38938, 45.36885 ], [ 3.37777, 45.36997 ], [ 3.37522, 45.36813 ], [ 3.37378, 45.3683 ], [ 3.37056, 45.36468 ] ] } },
{ "type": "Feature", "properties": { "name": "Ruisseau de Vendage", "weight_class": 1, "permanent": true, "length_km": 20.9 }, "geometry": { "type": "LineString", "coordinates": [ [ 3.27023, 45.23509 ], [ 3.27313, 45.23875 ], [ 3.27773, 45.24027 ], [ 3.27992, 45.24346 ], [ 3.27998, 45.25256 ], [ 3.28515, 45.25763 ], [ 3.2898, 45.25874 ], [ 3.2918, 45.26328 ], [ 3.29592, 45.26709 ], [ 3.29997, 45.26892 ], [ 3.30343, 45.26904 ], [ 3.30795, 45.27295 ], [ 3.31296, 45.27412 ], [ 3.31407, 45.27577 ], [ 3.31634, 45.27639 ], [ 3.31744, 45.27576 ], [ 3.32138, 45.27762 ], [ 3.32525, 45.27755 ], [ 3.32878, 45.27624 ], [ 3.33099, 45.27714 ], [ 3.3325, 45.27575 ], [ 3.34074, 45.28339 ], [ 3.33993, 45.28821 ], [ 3.34113, 45.2897 ], [ 3.33987, 45.29095 ], [ 3.34092, 45.29151 ], [ 3.34126, 45.29412 ], [ 3.34546, 45.29871 ], [ 3.3521, 45.30228 ], [ 3.35135, 45.30544 ], [ 3.34629, 45.30897 ], [ 3.34743, 45.31632 ], [ 3.35057, 45.32071 ], [ 3.35154, 45.3276 ], [ 3.36428, 45.33636 ], [ 3.36762, 45.34156 ], [ 3.3683, 45.35053 ], [ 3.36337, 45.36081 ], [ 3.36605, 45.36271 ], [ 3.36628, 45.36408 ], [ 3.36418, 45.36424 ], [ 3.36173, 45.36581 ], [ 3.36172, 45.36823 ] ] } },
{ "type": "Feature", "properties": { "name": "Ruisseau de Gizaguet", "weight_class": 1, "permanent": true, "length_km": 3.9 }, "geometry": { "type": "LineString", "coordinates": [ [ 3.28184, 45.347 ], [ 3.28346, 45.35036 ], [ 3.28288, 45.3515 ], [ 3.28803, 45.35709 ], [ 3.29431, 45.35908 ], [ 3.3053, 45.36484 ], [ 3.30971, 45.36592 ], [ 3.31142, 45.36864 ], [ 3.31435, 45.36845 ] ] } },
{ "type": "Feature", "properties": { "name": "le Chaniat/Ruisseau de la Gazelle", "weight_class": 1, "permanent": true, "length_km": 8.2 }, "geometry": { "type": "LineString", "coordinates": [ [ 3.51449, 45.33017 ], [ 3.5131, 45.32371 ], [ 3.50522, 45.32258 ], [ 3.49711, 45.31809 ], [ 3.48767, 45.31073 ], [ 3.48407, 45.3051 ], [ 3.4789, 45.30086 ], [ 3.47206, 45.29919 ], [ 3.47136, 45.29825 ], [ 3.46704, 45.2987 ], [ 3.46201, 45.29713 ], [ 3.45477, 45.2977 ], [ 3.45224, 45.2962 ], [ 3.44589, 45.29573 ], [ 3.44251, 45.29247 ] ] } },
{ "type": "Feature", "properties": { "name": "Ruisseau de Sauvagnat", "weight_class": 1, "permanent": true, "length_km": 4.7 }, "geometry": { "type": "LineString", "coordinates": [ [ 3.45934, 45.34154 ], [ 3.45504, 45.33474 ], [ 3.45064, 45.33266 ], [ 3.44185, 45.33334 ], [ 3.43769, 45.33566 ], [ 3.42976, 45.33415 ], [ 3.42665, 45.33221 ], [ 3.42232, 45.33133 ], [ 3.41371, 45.33403 ] ] } },
{ "type": "Feature", "properties": { "name": "Ruisseau de la Bastide", "weight_class": 1, "permanent": true, "length_km": 4.0 }, "geometry": { "type": "LineString", "coordinates": [ [ 3.42951, 45.34791 ], [ 3.42275, 45.34514 ], [ 3.41776, 45.34415 ], [ 3.40237, 45.34446 ], [ 3.39874, 45.34214 ], [ 3.39599, 45.34215 ], [ 3.39478, 45.34078 ], [ 3.39179, 45.34215 ], [ 3.38496, 45.34098 ] ] } },
{ "type": "Feature", "properties": { "name": null, "weight_class": 2, "permanent": true, "length_km": 3.5 }, "geometry": { "type": "LineString", "coordinates": [ [ 3.41509, 45.30442 ], [ 3.41739, 45.31047 ], [ 3.41399, 45.31629 ], [ 3.41427, 45.31892 ], [ 3.40904, 45.32276 ], [ 3.40538, 45.32304 ], [ 3.40537, 45.32447 ], [ 3.3978, 45.32404 ] ] } },
{ "type": "Feature", "properties": { "name": null, "weight_class": 1, "permanent": false, "length_km": 3.8 }, "geometry": { "type": "LineString", "coordinates": [ [ 3.39404, 45.31387 ], [ 3.39443, 45.32196 ], [ 3.39075, 45.32396 ], [ 3.38836, 45.32697 ], [ 3.38195, 45.33021 ], [ 3.38232, 45.33168 ], [ 3.38584, 45.33243 ], [ 3.38608, 45.33776 ], [ 3.38496, 45.34098 ] ] } },
{ "type": "Feature", "properties": { "name": "la Prade/Ruisseau de Batuzat", "weight_class": 1, "permanent": true, "length_km": 6.4 }, "geometry": { "type": "LineString", "coordinates": [ [ 3.28463, 45.2877 ], [ 3.2906, 45.29179 ], [ 3.29502, 45.29268 ], [ 3.30479, 45.29705 ], [ 3.30761, 45.29666 ], [ 3.30906, 45.2954 ], [ 3.31225, 45.296 ], [ 3.31951, 45.30199 ], [ 3.32339, 45.30212 ], [ 3.3261, 45.30529 ], [ 3.32869, 45.3063 ], [ 3.33138, 45.306 ], [ 3.33704, 45.30966 ], [ 3.34655, 45.3115 ] ] } },
{ "type": "Feature", "properties": { "name": null, "weight_class": 1, "permanent": false, "length_km": 3.3 }, "geometry": { "type": "LineString", "coordinates": [ [ 3.28218, 45.31174 ], [ 3.28298, 45.31314 ], [ 3.28143, 45.31517 ], [ 3.28232, 45.31893 ], [ 3.28047, 45.32235 ], [ 3.27121, 45.32846 ], [ 3.26973, 45.32705 ], [ 3.26138, 45.33112 ] ] } },
{ "type": "Feature", "properties": { "name": "Ruisseau de Courgoux", "weight_class": 2, "permanent": true, "length_km": 11.2 }, "geometry": { "type": "LineString", "coordinates": [ [ 3.30459, 45.24378 ], [ 3.30981, 45.25229 ], [ 3.31537, 45.25226 ], [ 3.32347, 45.25784 ], [ 3.33094, 45.25942 ], [ 3.3345, 45.26285 ], [ 3.33978, 45.26552 ], [ 3.34175, 45.26531 ], [ 3.34625, 45.26793 ], [ 3.35401, 45.27002 ], [ 3.36158, 45.26796 ], [ 3.36553, 45.26888 ], [ 3.36717, 45.27467 ], [ 3.36911, 45.27535 ], [ 3.37066, 45.27801 ], [ 3.3793, 45.27995 ], [ 3.38235, 45.2836 ], [ 3.38853, 45.28775 ], [ 3.40251, 45.29437 ] ] } },
{ "type": "Feature", "properties": { "name": "le Longiroux", "weight_class": 1, "permanent": true, "length_km": 6.8 }, "geometry": { "type": "LineString", "coordinates": [ [ 3.28672, 45.28291 ], [ 3.28856, 45.28194 ], [ 3.29608, 45.28127 ], [ 3.29831, 45.28265 ], [ 3.30112, 45.28224 ], [ 3.30699, 45.28673 ], [ 3.31341, 45.2886 ], [ 3.31577, 45.2914 ], [ 3.31845, 45.29125 ], [ 3.32088, 45.29229 ], [ 3.32431, 45.29582 ], [ 3.33177, 45.29615 ], [ 3.33545, 45.30022 ], [ 3.34002, 45.29961 ], [ 3.34137, 45.30106 ], [ 3.34134, 45.30444 ], [ 3.34447, 45.30847 ], [ 3.34629, 45.30897 ] ] } },
{ "type": "Feature", "properties": { "name": null, "weight_class": 1, "permanent": false, "length_km": 4.3 }, "geometry": { "type": "LineString", "coordinates": [ [ 3.2762, 45.29189 ], [ 3.27877, 45.29993 ], [ 3.27603, 45.30419 ], [ 3.27681, 45.30767 ], [ 3.27517, 45.31016 ], [ 3.26906, 45.31412 ], [ 3.26703, 45.31831 ], [ 3.26178, 45.32426 ] ] } },
{ "type": "Feature", "properties": { "name": null, "weight_class": 1, "permanent": false, "length_km": 2.7 }, "geometry": { "type": "LineString", "coordinates": [ [ 3.28059, 45.28266 ], [ 3.28213, 45.27832 ], [ 3.28567, 45.27702 ], [ 3.29083, 45.27261 ], [ 3.2983, 45.27392 ], [ 3.30114, 45.26904 ] ] } },
{ "type": "Feature", "properties": { "name": null, "weight_class": 1, "permanent": true, "length_km": 2.4 }, "geometry": { "type": "LineString", "coordinates": [ [ 3.2688, 45.28635 ], [ 3.26622, 45.28371 ], [ 3.26713, 45.28216 ], [ 3.26619, 45.28102 ], [ 3.26145, 45.27904 ], [ 3.25769, 45.27616 ], [ 3.2491, 45.27915 ] ] } },
{ "type": "Feature", "properties": { "name": "l'Allagnon", "weight_class": 1, "permanent": true, "length_km": 4.7 }, "geometry": { "type": "LineString", "coordinates": [ [ 3.26522, 45.38347 ], [ 3.26837, 45.38653 ], [ 3.27858, 45.39055 ], [ 3.28004, 45.39256 ], [ 3.28331, 45.39365 ], [ 3.28424, 45.39503 ], [ 3.28369, 45.39713 ], [ 3.29048, 45.40158 ], [ 3.29211, 45.40744 ], [ 3.29333, 45.4083 ], [ 3.29324, 45.41116 ], [ 3.29518, 45.41356 ] ] } },
{ "type": "Feature", "properties": { "name": "Ruisseau de Senèze", "weight_class": 1, "permanent": false, "length_km": 2.3 }, "geometry": { "type": "LineString", "coordinates": [ [ 3.48159, 45.24107 ], [ 3.48488, 45.2414 ], [ 3.48733, 45.24288 ], [ 3.49118, 45.25026 ], [ 3.49099, 45.25303 ], [ 3.49278, 45.25476 ], [ 3.49252, 45.25775 ] ] } },
{ "type": "Feature", "properties": { "name": "Ruisseau de Cherlet", "weight_class": 1, "permanent": false, "length_km": 2.7 }, "geometry": { "type": "LineString", "coordinates": [ [ 3.47549, 45.24951 ], [ 3.47072, 45.24739 ], [ 3.46599, 45.24115 ], [ 3.4635, 45.24135 ], [ 3.46088, 45.24351 ], [ 3.45342, 45.24248 ], [ 3.44911, 45.24307 ] ] } },
{ "type": "Feature", "properties": { "name": "Ruisseau de Combechave", "weight_class": 1, "permanent": false, "length_km": 3.7 }, "geometry": { "type": "LineString", "coordinates": [ [ 3.47554, 45.21835 ], [ 3.47807, 45.2182 ], [ 3.48102, 45.22302 ], [ 3.48495, 45.22475 ], [ 3.48839, 45.22478 ], [ 3.4928, 45.22151 ], [ 3.49441, 45.22283 ], [ 3.49907, 45.22163 ], [ 3.49937, 45.21968 ], [ 3.50215, 45.21818 ], [ 3.50499, 45.21871 ], [ 3.50625, 45.22104 ] ] } },
{ "type": "Feature", "properties": { "name": "Ruisseau de Barret", "weight_class": 1, "permanent": false, "length_km": 6.5 }, "geometry": { "type": "LineString", "coordinates": [ [ 3.55388, 45.14786 ], [ 3.55208, 45.15099 ], [ 3.54807, 45.15352 ], [ 3.5465, 45.15712 ], [ 3.54209, 45.16019 ], [ 3.54018, 45.16472 ], [ 3.53589, 45.16618 ], [ 3.53385, 45.16795 ], [ 3.52737, 45.16854 ], [ 3.52441, 45.16982 ], [ 3.52248, 45.16905 ], [ 3.52003, 45.16999 ], [ 3.51585, 45.16784 ], [ 3.51252, 45.16803 ], [ 3.50742, 45.16594 ], [ 3.50168, 45.16847 ], [ 3.49657, 45.17231 ] ] } },
{ "type": "Feature", "properties": { "name": "Ruisseau de Nozeyrolles", "weight_class": 1, "permanent": false, "length_km": 2.8 }, "geometry": { "type": "LineString", "coordinates": [ [ 3.51635, 45.13191 ], [ 3.50427, 45.1254 ], [ 3.49396, 45.12835 ], [ 3.49094, 45.12842 ], [ 3.48785, 45.13063 ] ] } },
{ "type": "Feature", "properties": { "name": "Ruisseau de Reilhac", "weight_class": 1, "permanent": false, "length_km": 3.0 }, "geometry": { "type": "LineString", "coordinates": [ [ 3.4636, 45.10698 ], [ 3.46516, 45.10896 ], [ 3.47199, 45.11031 ], [ 3.47417, 45.11569 ], [ 3.48086, 45.1189 ], [ 3.4858, 45.1237 ], [ 3.48825, 45.12431 ] ] } },
{ "type": "Feature", "properties": { "name": "Riou Martin", "weight_class": 1, "permanent": false, "length_km": 2.5 }, "geometry": { "type": "LineString", "coordinates": [ [ 3.41629, 45.12558 ], [ 3.41109, 45.1292 ], [ 3.41263, 45.13162 ], [ 3.41112, 45.1356 ], [ 3.41472, 45.14055 ], [ 3.41464, 45.14507 ] ] } },
{ "type": "Feature", "properties": { "name": "le Ceroux", "weight_class": 1, "permanent": true, "length_km": 20.7 }, "geometry": { "type": "MultiLineString", "coordinates": [ [ [ 3.25915, 45.17981 ], [ 3.26241, 45.18083 ], [ 3.26237, 45.18172 ], [ 3.26063, 45.18224 ], [ 3.26169, 45.18459 ], [ 3.26508, 45.18547 ], [ 3.26551, 45.18805 ], [ 3.26871, 45.18739 ], [ 3.27086, 45.18977 ], [ 3.27092, 45.19137 ] ], [ [ 3.27246, 45.20689 ], [ 3.27316, 45.20837 ], [ 3.27222, 45.21018 ], [ 3.2746, 45.21077 ], [ 3.27689, 45.21452 ], [ 3.27889, 45.21416 ], [ 3.28331, 45.21726 ], [ 3.28843, 45.21762 ], [ 3.29084, 45.22005 ], [ 3.29411, 45.2205 ], [ 3.29504, 45.22247 ], [ 3.29944, 45.2213 ], [ 3.30155, 45.22283 ], [ 3.30609, 45.22091 ], [ 3.31, 45.2227 ], [ 3.31424, 45.22216 ], [ 3.31501, 45.22403 ], [ 3.31633, 45.22291 ], [ 3.31772, 45.22323 ], [ 3.31639, 45.2253 ], [ 3.31869, 45.22624 ], [ 3.32085, 45.22521 ], [ 3.3215, 45.2237 ], [ 3.32384, 45.2232 ], [ 3.32765, 45.22571 ], [ 3.32982, 45.22559 ], [ 3.33169, 45.22708 ], [ 3.33082, 45.22888 ], [ 3.33289, 45.22851 ], [ 3.33496, 45.23022 ], [ 3.33405, 45.23176 ], [ 3.33615, 45.23299 ], [ 3.3352, 45.23552 ], [ 3.33657, 45.23472 ], [ 3.33825, 45.23602 ], [ 3.34295, 45.23522 ], [ 3.34465, 45.23638 ], [ 3.35225, 45.23628 ], [ 3.35601, 45.23879 ], [ 3.35611, 45.24137 ], [ 3.36056, 45.2413 ], [ 3.36189, 45.24476 ], [ 3.36321, 45.24352 ], [ 3.3651, 45.24471 ], [ 3.36546, 45.24728 ], [ 3.36905, 45.24788 ], [ 3.36751, 45.24935 ], [ 3.37033, 45.2499 ], [ 3.37113, 45.25285 ], [ 3.37301, 45.25443 ], [ 3.37293, 45.25651 ], [ 3.37546, 45.25737 ], [ 3.38019, 45.26188 ], [ 3.38243, 45.26094 ], [ 3.38668, 45.26274 ], [ 3.38924, 45.26188 ], [ 3.39342, 45.26335 ], [ 3.39516, 45.26048 ], [ 3.40567, 45.2614 ], [ 3.40723, 45.25952 ], [ 3.40889, 45.25934 ] ] ] } },
{ "type": "Feature", "properties": { "name": "le Cherlet", "weight_class": 1, "permanent": true, "length_km": 5.6 }, "geometry": { "type": "LineString", "coordinates": [ [ 3.45892, 45.23708 ], [ 3.45675, 45.23935 ], [ 3.45106, 45.23975 ], [ 3.44943, 45.24289 ], [ 3.44289, 45.24566 ], [ 3.42959, 45.24721 ], [ 3.42713, 45.24596 ], [ 3.42598, 45.24754 ], [ 3.41844, 45.24818 ], [ 3.41747, 45.2494 ], [ 3.41593, 45.24915 ], [ 3.41139, 45.25152 ], [ 3.40914, 45.25135 ], [ 3.40499, 45.2561 ] ] } },
{ "type": "Feature", "properties": { "name": null, "weight_class": 1, "permanent": false, "length_km": 3.5 }, "geometry": { "type": "LineString", "coordinates": [ [ 3.47304, 45.21155 ], [ 3.47486, 45.20515 ], [ 3.47799, 45.20346 ], [ 3.48225, 45.20268 ], [ 3.48294, 45.20144 ], [ 3.4899, 45.20276 ], [ 3.49787, 45.20721 ], [ 3.50139, 45.2073 ], [ 3.50446, 45.20603 ] ] } },
{ "type": "Feature", "properties": { "name": "le Lidenne", "weight_class": 1, "permanent": true, "length_km": 17.1 }, "geometry": { "type": "LineString", "coordinates": [ [ 3.64124, 45.15121 ], [ 3.64066, 45.1523 ], [ 3.63701, 45.15236 ], [ 3.63315, 45.14825 ], [ 3.62336, 45.14649 ], [ 3.62001, 45.14673 ], [ 3.61753, 45.14581 ], [ 3.61502, 45.14286 ], [ 3.60718, 45.14046 ], [ 3.60398, 45.13808 ], [ 3.59904, 45.1388 ], [ 3.59367, 45.14247 ], [ 3.58795, 45.14388 ], [ 3.58609, 45.14523 ], [ 3.57499, 45.14534 ], [ 3.5692, 45.15036 ], [ 3.56848, 45.15367 ], [ 3.55731, 45.16018 ], [ 3.54941, 45.17235 ], [ 3.53296, 45.17945 ], [ 3.52587, 45.17993 ], [ 3.51645, 45.1838 ], [ 3.51405, 45.18397 ], [ 3.51225, 45.18581 ], [ 3.50751, 45.18755 ], [ 3.50594, 45.19168 ], [ 3.50235, 45.19612 ], [ 3.50341, 45.2045 ], [ 3.5052, 45.20705 ] ] } },
{ "type": "Feature", "properties": { "name": "le Bouchassou", "weight_class": 1, "permanent": true, "length_km": 6.0 }, "geometry": { "type": "LineString", "coordinates": [ [ 3.45772, 45.22786 ], [ 3.4535, 45.23061 ], [ 3.44865, 45.22666 ], [ 3.44361, 45.22624 ], [ 3.42692, 45.22233 ], [ 3.42401, 45.22063 ], [ 3.41819, 45.21967 ], [ 3.41591, 45.2179 ], [ 3.41271, 45.21946 ], [ 3.40898, 45.21958 ], [ 3.40786, 45.21911 ], [ 3.40761, 45.21696 ], [ 3.40535, 45.21611 ], [ 3.40279, 45.21571 ], [ 3.39955, 45.21668 ], [ 3.39779, 45.21591 ] ] } },
{ "type": "Feature", "properties": { "name": null, "weight_class": 1, "permanent": false, "length_km": 2.4 }, "geometry": { "type": "LineString", "coordinates": [ [ 3.42787, 45.22731 ], [ 3.42973, 45.2301 ], [ 3.42937, 45.23596 ], [ 3.43207, 45.23977 ], [ 3.42877, 45.24274 ], [ 3.42734, 45.24596 ] ] } },
{ "type": "Feature", "properties": { "name": "le Chambas", "weight_class": 1, "permanent": false, "length_km": 4.0 }, "geometry": { "type": "LineString", "coordinates": [ [ 3.46469, 45.21031 ], [ 3.45269, 45.20942 ], [ 3.44952, 45.2113 ], [ 3.44001, 45.21403 ], [ 3.43924, 45.21514 ], [ 3.42883, 45.21534 ], [ 3.42351, 45.21821 ], [ 3.42214, 45.22059 ] ] } },
{ "type": "Feature", "properties": { "name": "le Couteuges", "weight_class": 1, "permanent": true, "length_km": 5.0 }, "geometry": { "type": "LineString", "coordinates": [ [ 3.48522, 45.16325 ], [ 3.49117, 45.16451 ], [ 3.49298, 45.17002 ], [ 3.4958, 45.17138 ], [ 3.4966, 45.17341 ], [ 3.49979, 45.17538 ], [ 3.49964, 45.18395 ], [ 3.50149, 45.18861 ], [ 3.50084, 45.19598 ], [ 3.50327, 45.20007 ] ] } },
{ "type": "Feature", "properties": { "name": "Ruisseau d'Espitavy", "weight_class": 1, "permanent": true, "length_km": 3.2 }, "geometry": { "type": "LineString", "coordinates": [ [ 3.46752, 45.18638 ], [ 3.47241, 45.18579 ], [ 3.47466, 45.18665 ], [ 3.48127, 45.18493 ], [ 3.49235, 45.18924 ], [ 3.49769, 45.19346 ], [ 3.50093, 45.19474 ] ] } },
{ "type": "Feature", "properties": { "name": "le Bançillon/Ruisseau du Bancillon", "weight_class": 2, "permanent": true, "length_km": 4.3 }, "geometry": { "type": "LineString", "coordinates": [ [ 3.45134, 45.19558 ], [ 3.44839, 45.19318 ], [ 3.44287, 45.19305 ], [ 3.438, 45.18994 ], [ 3.43606, 45.1867 ], [ 3.43326, 45.18483 ], [ 3.42263, 45.18187 ], [ 3.41362, 45.17593 ], [ 3.41175, 45.17653 ] ] } },
{ "type": "Feature", "properties": { "name": "Ruisseau de la Rode", "weight_class": 1, "permanent": true, "length_km": 3.0 }, "geometry": { "type": "LineString", "coordinates": [ [ 3.43007, 45.19515 ], [ 3.4265, 45.19493 ], [ 3.42228, 45.19831 ], [ 3.41485, 45.19989 ], [ 3.40765, 45.20361 ], [ 3.40384, 45.20724 ], [ 3.40217, 45.20735 ], [ 3.39957, 45.20597 ] ] } },
{ "type": "Feature", "properties": { "name": "Ruisseau des Veyssaires", "weight_class": 1, "permanent": false, "length_km": 2.3 }, "geometry": { "type": "LineString", "coordinates": [ [ 3.4378, 45.17074 ], [ 3.43, 45.16564 ], [ 3.42492, 45.16552 ], [ 3.4204, 45.16741 ], [ 3.41489, 45.1663 ], [ 3.41377, 45.16735 ] ] } },
{ "type": "Feature", "properties": { "name": "Ruisseau de Josan", "weight_class": 1, "permanent": false, "length_km": 3.7 }, "geometry": { "type": "LineString", "coordinates": [ [ 3.45647, 45.17484 ], [ 3.45712, 45.172 ], [ 3.45588, 45.16982 ], [ 3.45804, 45.16495 ], [ 3.4572, 45.16009 ], [ 3.45834, 45.15743 ], [ 3.45272, 45.1497 ], [ 3.45361, 45.14706 ], [ 3.45251, 45.14541 ] ] } },
{ "type": "Feature", "properties": { "name": null, "weight_class": 1, "permanent": true, "length_km": 2.8 }, "geometry": { "type": "LineString", "coordinates": [ [ 3.52802, 45.1341 ], [ 3.52708, 45.13632 ], [ 3.51942, 45.14341 ], [ 3.51991, 45.14687 ], [ 3.51819, 45.14889 ], [ 3.5147, 45.15053 ], [ 3.51092, 45.15039 ], [ 3.50925, 45.15113 ] ] } },
{ "type": "Feature", "properties": { "name": "le Malgascon", "weight_class": 2, "permanent": true, "length_km": 16.0 }, "geometry": { "type": "LineString", "coordinates": [ [ 3.63652, 45.13973 ], [ 3.63354, 45.13908 ], [ 3.62971, 45.13953 ], [ 3.62011, 45.13545 ], [ 3.61469, 45.13559 ], [ 3.60652, 45.13436 ], [ 3.5975, 45.13069 ], [ 3.58805, 45.13471 ], [ 3.58443, 45.13458 ], [ 3.58001, 45.13248 ], [ 3.57722, 45.13225 ], [ 3.57179, 45.1328 ], [ 3.56668, 45.13472 ], [ 3.56121, 45.13353 ], [ 3.55758, 45.13505 ], [ 3.54938, 45.13463 ], [ 3.54843, 45.13712 ], [ 3.54251, 45.14334 ], [ 3.53991, 45.14866 ], [ 3.53199, 45.15305 ], [ 3.52703, 45.15441 ], [ 3.52195, 45.15883 ], [ 3.51504, 45.15659 ], [ 3.51386, 45.154 ], [ 3.50925, 45.15113 ], [ 3.49927, 45.14807 ], [ 3.4987, 45.14351 ], [ 3.49728, 45.14207 ], [ 3.49075, 45.14064 ], [ 3.48953, 45.13897 ], [ 3.4854, 45.13916 ] ] } },
{ "type": "Feature", "properties": { "name": "l'Avesne", "weight_class": 1, "permanent": true, "length_km": 9.8 }, "geometry": { "type": "LineString", "coordinates": [ [ 3.32088, 45.11639 ], [ 3.32777, 45.11536 ], [ 3.32946, 45.11251 ], [ 3.33481, 45.11113 ], [ 3.3477, 45.11299 ], [ 3.35162, 45.1119 ], [ 3.35276, 45.11307 ], [ 3.35532, 45.11323 ], [ 3.36009, 45.11546 ], [ 3.37061, 45.11638 ], [ 3.37239, 45.11843 ], [ 3.37273, 45.12114 ], [ 3.37596, 45.12289 ], [ 3.38081, 45.12857 ], [ 3.38448, 45.13003 ], [ 3.38847, 45.13489 ], [ 3.39199, 45.13551 ], [ 3.39519, 45.13784 ], [ 3.4035, 45.14103 ], [ 3.40279, 45.14204 ], [ 3.40618, 45.145 ], [ 3.40314, 45.14714 ] ] } },
{ "type": "Feature", "properties": { "name": "la Cronce", "weight_class": 1, "permanent": true, "length_km": 20.1 }, "geometry": { "type": "LineString", "coordinates": [ [ 3.3122, 45.0809 ], [ 3.31453, 45.08228 ], [ 3.3175, 45.08143 ], [ 3.32196, 45.08236 ], [ 3.32266, 45.08047 ], [ 3.32759, 45.08019 ], [ 3.32907, 45.08198 ], [ 3.32837, 45.08593 ], [ 3.32993, 45.08701 ], [ 3.33291, 45.08447 ], [ 3.34149, 45.08316 ], [ 3.34309, 45.08552 ], [ 3.34589, 45.08569 ], [ 3.34591, 45.08734 ], [ 3.34885, 45.08977 ], [ 3.35262, 45.09068 ], [ 3.3524, 45.09216 ], [ 3.35524, 45.09134 ], [ 3.35878, 45.09157 ], [ 3.36613, 45.09559 ], [ 3.36809, 45.10014 ], [ 3.37059, 45.10067 ], [ 3.37041, 45.10295 ], [ 3.37234, 45.10391 ], [ 3.3737, 45.10345 ], [ 3.3759, 45.10604 ], [ 3.37984, 45.10491 ], [ 3.38809, 45.11027 ], [ 3.39038, 45.11002 ], [ 3.39462, 45.1119 ], [ 3.39622, 45.11177 ], [ 3.39798, 45.11375 ], [ 3.4009, 45.1133 ], [ 3.40172, 45.11389 ], [ 3.40097, 45.11444 ], [ 3.40295, 45.11502 ], [ 3.40586, 45.11424 ], [ 3.40759, 45.11687 ], [ 3.41446, 45.11686 ], [ 3.41672, 45.11821 ], [ 3.41816, 45.11713 ], [ 3.42015, 45.1185 ], [ 3.42228, 45.11597 ], [ 3.42161, 45.11485 ], [ 3.42354, 45.11329 ], [ 3.42609, 45.11441 ], [ 3.42842, 45.11394 ], [ 3.43015, 45.11598 ], [ 3.43579, 45.11596 ], [ 3.44416, 45.12187 ], [ 3.44371, 45.12443 ], [ 3.44638, 45.12741 ], [ 3.44448, 45.13346 ], [ 3.44488, 45.13588 ], [ 3.43937, 45.14073 ], [ 3.43173, 45.14356 ], [ 3.42798, 45.14636 ], [ 3.42358, 45.1473 ], [ 3.42094, 45.14629 ] ] } },
{ "type": "Feature", "properties": { "name": "le Peyrusse/Ruisseau de Peyrusse", "weight_class": 1, "permanent": true, "length_km": 14.2 }, "geometry": { "type": "LineString", "coordinates": [ [ 3.43257, 45.04569 ], [ 3.43273, 45.04896 ], [ 3.43595, 45.05191 ], [ 3.43458, 45.0565 ], [ 3.43778, 45.0581 ], [ 3.43762, 45.06095 ], [ 3.43451, 45.06283 ], [ 3.43429, 45.0655 ], [ 3.43571, 45.06656 ], [ 3.43369, 45.06794 ], [ 3.43452, 45.07103 ], [ 3.43055, 45.07641 ], [ 3.42881, 45.0776 ], [ 3.42727, 45.07705 ], [ 3.42593, 45.07765 ], [ 3.42513, 45.07985 ], [ 3.42827, 45.08047 ], [ 3.42743, 45.08218 ], [ 3.42958, 45.08256 ], [ 3.4287, 45.08412 ], [ 3.43109, 45.08532 ], [ 3.43313, 45.08993 ], [ 3.43532, 45.09087 ], [ 3.43532, 45.09406 ], [ 3.43827, 45.09484 ], [ 3.43896, 45.09856 ], [ 3.44038, 45.09974 ], [ 3.43969, 45.10178 ], [ 3.43725, 45.10297 ], [ 3.44329, 45.10625 ], [ 3.44403, 45.10853 ], [ 3.44827, 45.11114 ], [ 3.44862, 45.1136 ], [ 3.45213, 45.11724 ], [ 3.454, 45.11766 ], [ 3.45527, 45.11986 ], [ 3.45682, 45.11974 ], [ 3.46022, 45.12386 ], [ 3.46109, 45.12524 ], [ 3.46018, 45.12638 ], [ 3.46204, 45.12749 ], [ 3.4637, 45.13051 ], [ 3.46299, 45.13638 ], [ 3.46646, 45.13929 ] ] } },
{ "type": "Feature", "properties": { "name": "Ruisseau de Vassou", "weight_class": 1, "permanent": true, "length_km": 4.2 }, "geometry": { "type": "LineString", "coordinates": [ [ 3.36323, 45.21565 ], [ 3.36602, 45.21796 ], [ 3.36554, 45.21964 ], [ 3.3687, 45.22245 ], [ 3.36996, 45.22519 ], [ 3.37911, 45.23019 ], [ 3.3842, 45.23108 ], [ 3.38639, 45.2367 ], [ 3.38948, 45.23896 ], [ 3.39621, 45.2398 ] ] } },
{ "type": "Feature", "properties": { "name": "Ruisseau de Gazelle", "weight_class": 1, "permanent": true, "length_km": 4.7 }, "geometry": { "type": "LineString", "coordinates": [ [ 3.33911, 45.19003 ], [ 3.33645, 45.19715 ], [ 3.34129, 45.20173 ], [ 3.34245, 45.20474 ], [ 3.34141, 45.21334 ], [ 3.34061, 45.2161 ], [ 3.33515, 45.22186 ], [ 3.3347, 45.2244 ], [ 3.33016, 45.22606 ] ] } },
{ "type": "Feature", "properties": { "name": "Ruisseau du Bénéfice", "weight_class": 1, "permanent": true, "length_km": 3.9 }, "geometry": { "type": "LineString", "coordinates": [ [ 3.3185, 45.12671 ], [ 3.32263, 45.12533 ], [ 3.32354, 45.1235 ], [ 3.32982, 45.12052 ], [ 3.33203, 45.11802 ], [ 3.34482, 45.12004 ], [ 3.35002, 45.11857 ], [ 3.35665, 45.11372 ] ] } },
{ "type": "Feature", "properties": { "name": null, "weight_class": 1, "permanent": false, "length_km": 2.1 }, "geometry": { "type": "LineString", "coordinates": [ [ 3.32577, 45.24328 ], [ 3.32819, 45.24582 ], [ 3.32762, 45.24806 ], [ 3.32302, 45.25103 ], [ 3.32626, 45.2543 ], [ 3.32812, 45.2588 ] ] } },
{ "type": "Feature", "properties": { "name": null, "weight_class": 1, "permanent": true, "length_km": 2.3 }, "geometry": { "type": "LineString", "coordinates": [ [ 3.32852, 45.24075 ], [ 3.33415, 45.24046 ], [ 3.34087, 45.24153 ], [ 3.34725, 45.24054 ], [ 3.34899, 45.24117 ], [ 3.35531, 45.23851 ] ] } },
{ "type": "Feature", "properties": { "name": "Ruisseau de Fontaride", "weight_class": 1, "permanent": false, "length_km": 6.0 }, "geometry": { "type": "LineString", "coordinates": [ [ 3.34679, 45.18919 ], [ 3.34626, 45.19066 ], [ 3.35012, 45.1949 ], [ 3.34932, 45.19781 ], [ 3.35636, 45.20367 ], [ 3.36027, 45.20251 ], [ 3.36532, 45.20444 ], [ 3.36989, 45.20412 ], [ 3.37324, 45.20634 ], [ 3.37796, 45.2073 ], [ 3.38002, 45.20694 ], [ 3.38277, 45.20922 ], [ 3.38853, 45.20914 ], [ 3.39357, 45.20823 ], [ 3.39667, 45.20601 ], [ 3.39949, 45.20635 ] ] } },
{ "type": "Feature", "properties": { "name": "Ruisseau de Chilone", "weight_class": 1, "permanent": false, "length_km": 2.2 }, "geometry": { "type": "LineString", "coordinates": [ [ 3.35576, 45.21936 ], [ 3.35284, 45.22023 ], [ 3.34979, 45.22297 ], [ 3.34704, 45.22985 ], [ 3.34419, 45.23171 ], [ 3.34284, 45.23523 ] ] } },
{ "type": "Feature", "properties": { "name": null, "weight_class": 1, "permanent": false, "length_km": 3.6 }, "geometry": { "type": "LineString", "coordinates": [ [ 3.27859, 45.23263 ], [ 3.27894, 45.2343 ], [ 3.28375, 45.2365 ], [ 3.29335, 45.24689 ], [ 3.29177, 45.25072 ], [ 3.28798, 45.25467 ], [ 3.28927, 45.25838 ] ] } },
{ "type": "Feature", "properties": { "name": "Ruisseau du Pra du Bois", "weight_class": 1, "permanent": true, "length_km": 3.9 }, "geometry": { "type": "LineString", "coordinates": [ [ 3.31553, 45.18713 ], [ 3.31658, 45.18844 ], [ 3.32139, 45.18947 ], [ 3.32301, 45.19091 ], [ 3.32245, 45.19587 ], [ 3.32407, 45.19792 ], [ 3.32457, 45.2034 ], [ 3.31945, 45.20735 ], [ 3.30775, 45.20953 ] ] } },
{ "type": "Feature", "properties": { "name": "le Cenioucelle", "weight_class": 1, "permanent": true, "length_km": 7.6 }, "geometry": { "type": "LineString", "coordinates": [ [ 3.28511, 45.1683 ], [ 3.28459, 45.17262 ], [ 3.28855, 45.17585 ], [ 3.29278, 45.17744 ], [ 3.29926, 45.1847 ], [ 3.29899, 45.18569 ], [ 3.30204, 45.18785 ], [ 3.30102, 45.19012 ], [ 3.30561, 45.19684 ], [ 3.30242, 45.20364 ], [ 3.30529, 45.20554 ], [ 3.30775, 45.20953 ], [ 3.30499, 45.21192 ], [ 3.30504, 45.21377 ], [ 3.3072, 45.21441 ], [ 3.31091, 45.2176 ], [ 3.30977, 45.21927 ], [ 3.31195, 45.2222 ] ] } },
{ "type": "Feature", "properties": { "name": "Ruisseau d'Arçon", "weight_class": 1, "permanent": true, "length_km": 11.9 }, "geometry": { "type": "LineString", "coordinates": [ [ 3.31093, 45.14408 ], [ 3.30972, 45.1473 ], [ 3.30644, 45.14936 ], [ 3.30351, 45.1545 ], [ 3.29817, 45.15954 ], [ 3.29922, 45.1668 ], [ 3.30362, 45.16921 ], [ 3.3064, 45.1688 ], [ 3.30854, 45.1701 ], [ 3.31626, 45.17116 ], [ 3.31814, 45.17227 ], [ 3.33061, 45.17136 ], [ 3.33274, 45.17259 ], [ 3.3371, 45.17195 ], [ 3.33866, 45.17271 ], [ 3.34261, 45.17241 ], [ 3.35103, 45.17496 ], [ 3.35451, 45.17375 ], [ 3.36036, 45.17591 ], [ 3.36957, 45.18371 ], [ 3.3725, 45.18434 ], [ 3.37298, 45.1871 ], [ 3.37554, 45.1902 ], [ 3.37934, 45.19161 ], [ 3.3803, 45.19095 ], [ 3.38267, 45.1914 ], [ 3.38312, 45.1906 ], [ 3.3854, 45.19114 ] ] } },
{ "type": "Feature", "properties": { "name": "Riou Marquis", "weight_class": 1, "permanent": false, "length_km": 3.8 }, "geometry": { "type": "LineString", "coordinates": [ [ 3.3629, 45.15685 ], [ 3.36743, 45.16073 ], [ 3.37251, 45.16146 ], [ 3.37455, 45.16289 ], [ 3.37712, 45.16276 ], [ 3.38029, 45.16658 ], [ 3.38169, 45.17404 ], [ 3.38372, 45.17795 ], [ 3.38852, 45.18115 ] ] } },
{ "type": "Feature", "properties": { "name": null, "weight_class": 1, "permanent": false, "length_km": 3.5 }, "geometry": { "type": "LineString", "coordinates": [ [ 3.33036, 45.19556 ], [ 3.33272, 45.19708 ], [ 3.33019, 45.20486 ], [ 3.33215, 45.21082 ], [ 3.32983, 45.21396 ], [ 3.32553, 45.21682 ], [ 3.32401, 45.22327 ] ] } },
{ "type": "Feature", "properties": { "name": "la Noire", "weight_class": 1, "permanent": true, "length_km": 8.2 }, "geometry": { "type": "LineString", "coordinates": [ [ 3.31392, 45.13454 ], [ 3.30979, 45.13803 ], [ 3.30373, 45.13727 ], [ 3.29876, 45.13804 ], [ 3.29, 45.14374 ], [ 3.28444, 45.15037 ], [ 3.28018, 45.1528 ], [ 3.27979, 45.15528 ], [ 3.27695, 45.15581 ], [ 3.27542, 45.15834 ], [ 3.27171, 45.15914 ], [ 3.26882, 45.15878 ], [ 3.26525, 45.16025 ], [ 3.26242, 45.16995 ], [ 3.26081, 45.17084 ], [ 3.26068, 45.17343 ], [ 3.26345, 45.17697 ], [ 3.26241, 45.18083 ] ] } },
{ "type": "Feature", "properties": { "name": "Ruisseau du Pradal", "weight_class": 1, "permanent": true, "length_km": 3.3 }, "geometry": { "type": "LineString", "coordinates": [ [ 3.3702, 45.14757 ], [ 3.37359, 45.14788 ], [ 3.37727, 45.14946 ], [ 3.38373, 45.14976 ], [ 3.38871, 45.14884 ], [ 3.40185, 45.1533 ], [ 3.40486, 45.14954 ] ] } },
{ "type": "Feature", "properties": { "name": null, "weight_class": 1, "permanent": false, "length_km": 2.4 }, "geometry": { "type": "LineString", "coordinates": [ [ 3.33844, 45.14845 ], [ 3.34386, 45.15657 ], [ 3.34787, 45.159 ], [ 3.3492, 45.16677 ] ] } },
{ "type": "Feature", "properties": { "name": "Ruisseau de Strouaire", "weight_class": 1, "permanent": false, "length_km": 3.2 }, "geometry": { "type": "LineString", "coordinates": [ [ 3.31988, 45.13735 ], [ 3.31953, 45.13892 ], [ 3.32252, 45.14096 ], [ 3.32897, 45.15036 ], [ 3.32897, 45.15464 ], [ 3.32746, 45.15746 ], [ 3.32863, 45.16238 ] ] } },
{ "type": "Feature", "properties": { "name": "Ruisseau de la Ribeyre", "weight_class": 1, "permanent": true, "length_km": 4.8 }, "geometry": { "type": "LineString", "coordinates": [ [ 3.31091, 45.15299 ], [ 3.31301, 45.15725 ], [ 3.31879, 45.1595 ], [ 3.32389, 45.1599 ], [ 3.32701, 45.16237 ], [ 3.33038, 45.16279 ], [ 3.33441, 45.16548 ], [ 3.34972, 45.16697 ], [ 3.35451, 45.17375 ] ] } },
{ "type": "Feature", "properties": { "name": "le Rousset", "weight_class": 1, "permanent": true, "length_km": 6.2 }, "geometry": { "type": "LineString", "coordinates": [ [ 3.33198, 45.13787 ], [ 3.33794, 45.13949 ], [ 3.34438, 45.13912 ], [ 3.34666, 45.13799 ], [ 3.3489, 45.13892 ], [ 3.35527, 45.13775 ], [ 3.3602, 45.14129 ], [ 3.37193, 45.14284 ], [ 3.37342, 45.14215 ], [ 3.38375, 45.14435 ], [ 3.38765, 45.14274 ], [ 3.39219, 45.14273 ], [ 3.39452, 45.14112 ], [ 3.4002, 45.13996 ] ] } },
{ "type": "Feature", "properties": { "name": "la Roulière/Ruisseau de la Roulière", "weight_class": 1, "permanent": false, "length_km": 4.8 }, "geometry": { "type": "LineString", "coordinates": [ [ 3.33086, 45.13511 ], [ 3.34138, 45.13097 ], [ 3.34576, 45.13196 ], [ 3.35661, 45.13087 ], [ 3.36505, 45.1326 ], [ 3.38112, 45.1328 ], [ 3.38649, 45.1343 ], [ 3.38799, 45.13399 ] ] } },
{ "type": "Feature", "properties": { "name": "le Serre/Ravin de Serres", "weight_class": 1, "permanent": false, "length_km": 4.8 }, "geometry": { "type": "LineString", "coordinates": [ [ 3.32644, 45.13385 ], [ 3.32747, 45.1285 ], [ 3.33621, 45.12476 ], [ 3.34047, 45.12378 ], [ 3.35735, 45.12505 ], [ 3.36581, 45.12122 ], [ 3.36812, 45.12114 ], [ 3.37196, 45.12252 ], [ 3.37427, 45.12195 ] ] } },
{ "type": "Feature", "properties": { "name": null, "weight_class": 1, "permanent": false, "length_km": 2.1 }, "geometry": { "type": "LineString", "coordinates": [ [ 3.29165, 45.12414 ], [ 3.29194, 45.12604 ], [ 3.29678, 45.12767 ], [ 3.30226, 45.13163 ], [ 3.29988, 45.13775 ] ] } },
{ "type": "Feature", "properties": { "name": null, "weight_class": 1, "permanent": false, "length_km": 2.3 }, "geometry": { "type": "LineString", "coordinates": [ [ 3.28503, 45.12671 ], [ 3.28742, 45.1283 ], [ 3.28551, 45.13079 ], [ 3.28652, 45.13338 ], [ 3.28477, 45.1384 ], [ 3.28549, 45.14042 ], [ 3.28999, 45.14409 ] ] } },
{ "type": "Feature", "properties": { "name": "les Chaux", "weight_class": 1, "permanent": true, "length_km": 5.5 }, "geometry": { "type": "MultiLineString", "coordinates": [ [ [ 3.27336, 45.10237 ], [ 3.28445, 45.09819 ], [ 3.29181, 45.09338 ], [ 3.2939, 45.09327 ], [ 3.29421, 45.09102 ], [ 3.29774, 45.09144 ], [ 3.29826, 45.09014 ], [ 3.30785, 45.08619 ] ], [ [ 3.30918, 45.08588 ], [ 3.31167, 45.08589 ], [ 3.31288, 45.08498 ], [ 3.31764, 45.08626 ], [ 3.32027, 45.0851 ], [ 3.32194, 45.08583 ], [ 3.32727, 45.08521 ], [ 3.32837, 45.08593 ] ] ] } },
{ "type": "Feature", "properties": { "name": "Ravin des Oliviers", "weight_class": 1, "permanent": false, "length_km": 4.8 }, "geometry": { "type": "LineString", "coordinates": [ [ 3.45232, 45.08064 ], [ 3.45371, 45.08333 ], [ 3.45729, 45.08536 ], [ 3.45884, 45.091 ], [ 3.4616, 45.09189 ], [ 3.46479, 45.09446 ], [ 3.48115, 45.09966 ], [ 3.48897, 45.10058 ], [ 3.49822, 45.10018 ] ] } },
{ "type": "Feature", "properties": { "name": "Ruisseau de Bonnat", "weight_class": 1, "permanent": false, "length_km": 3.5 }, "geometry": { "type": "LineString", "coordinates": [ [ 3.46313, 45.08566 ], [ 3.46819, 45.0874 ], [ 3.47024, 45.09074 ], [ 3.47664, 45.09499 ], [ 3.48475, 45.09558 ], [ 3.48809, 45.09764 ], [ 3.49265, 45.09751 ], [ 3.49766, 45.09865 ] ] } },
{ "type": "Feature", "properties": { "name": "Ruisseau de Chassignolles", "weight_class": 1, "permanent": true, "length_km": 2.2 }, "geometry": { "type": "LineString", "coordinates": [ [ 3.41578, 45.1002 ], [ 3.42523, 45.10384 ], [ 3.43356, 45.1051 ], [ 3.43467, 45.10593 ], [ 3.43946, 45.10405 ] ] } },
{ "type": "Feature", "properties": { "name": "Ruisseau de Lair", "weight_class": 1, "permanent": true, "length_km": 4.1 }, "geometry": { "type": "LineString", "coordinates": [ [ 3.40673, 45.07709 ], [ 3.40722, 45.07963 ], [ 3.41093, 45.08169 ], [ 3.41377, 45.08632 ], [ 3.41667, 45.08703 ], [ 3.42222, 45.09206 ], [ 3.4256, 45.09241 ], [ 3.42774, 45.09495 ], [ 3.43103, 45.09542 ], [ 3.43239, 45.09678 ], [ 3.43654, 45.09718 ], [ 3.43708, 45.09827 ], [ 3.43896, 45.09856 ] ] } },
{ "type": "Feature", "properties": { "name": "Ruisseau de Rocharlet", "weight_class": 1, "permanent": false, "length_km": 2.1 }, "geometry": { "type": "LineString", "coordinates": [ [ 3.34226, 45.10152 ], [ 3.3587, 45.09882 ], [ 3.35957, 45.09758 ], [ 3.36281, 45.09699 ], [ 3.36535, 45.09527 ] ] } },
{ "type": "Feature", "properties": { "name": "Ruisseau de Jahon", "weight_class": 1, "permanent": false, "length_km": 2.9 }, "geometry": { "type": "LineString", "coordinates": [ [ 3.46052, 45.07994 ], [ 3.46466, 45.0755 ], [ 3.46958, 45.07627 ], [ 3.47509, 45.07561 ], [ 3.48196, 45.07606 ], [ 3.49007, 45.073 ] ] } },
{ "type": "Feature", "properties": { "name": "Ruisseau de Paradon", "weight_class": 1, "permanent": true, "length_km": 2.1 }, "geometry": { "type": "LineString", "coordinates": [ [ 3.39877, 45.05724 ], [ 3.40318, 45.05949 ], [ 3.40955, 45.06084 ], [ 3.4117, 45.06247 ], [ 3.41281, 45.06526 ], [ 3.41226, 45.06775 ], [ 3.41359, 45.06962 ] ] } },
{ "type": "Feature", "properties": { "name": "Ruisseau de Passadoux", "weight_class": 1, "permanent": true, "length_km": 2.7 }, "geometry": { "type": "LineString", "coordinates": [ [ 3.33363, 45.05948 ], [ 3.3339, 45.06346 ], [ 3.33651, 45.06587 ], [ 3.33408, 45.06726 ], [ 3.33235, 45.07297 ], [ 3.32769, 45.07709 ], [ 3.32761, 45.0802 ] ] } },
{ "type": "Feature", "properties": { "name": "Ruisseau de la Borie", "weight_class": 1, "permanent": false, "length_km": 2.1 }, "geometry": { "type": "LineString", "coordinates": [ [ 3.4845, 45.03086 ], [ 3.48726, 45.02998 ], [ 3.49051, 45.03054 ], [ 3.49377, 45.03282 ], [ 3.50222, 45.03626 ], [ 3.505, 45.03655 ], [ 3.50635, 45.03817 ] ] } },
{ "type": "Feature", "properties": { "name": "Ruisseau de la Gazelle", "weight_class": 1, "permanent": true, "length_km": 4.7 }, "geometry": { "type": "LineString", "coordinates": [ [ 3.36933, 45.03404 ], [ 3.3754, 45.03581 ], [ 3.37661, 45.04069 ], [ 3.38202, 45.04194 ], [ 3.38469, 45.04461 ], [ 3.38653, 45.04454 ], [ 3.38877, 45.0459 ], [ 3.38878, 45.05093 ], [ 3.38758, 45.05367 ], [ 3.38453, 45.0564 ], [ 3.38426, 45.06136 ], [ 3.38147, 45.06413 ] ] } },
{ "type": "Feature", "properties": { "name": "Ruisseau du Boussillon", "weight_class": 1, "permanent": true, "length_km": 2.0 }, "geometry": { "type": "LineString", "coordinates": [ [ 3.38087, 45.0333 ], [ 3.38938, 45.0336 ], [ 3.39504, 45.03218 ], [ 3.39552, 45.02884 ], [ 3.39444, 45.02541 ] ] } },
{ "type": "Feature", "properties": { "name": "Ruisseau du Crépoux", "weight_class": 1, "permanent": true, "length_km": 2.6 }, "geometry": { "type": "LineString", "coordinates": [ [ 3.35213, 45.01237 ], [ 3.35715, 45.0075 ], [ 3.36102, 45.00673 ], [ 3.36541, 45.00767 ], [ 3.36998, 45.01154 ], [ 3.37621, 45.01426 ] ] } },
{ "type": "Feature", "properties": { "name": "Ruisseau de la Chalède", "weight_class": 1, "permanent": false, "length_km": 2.6 }, "geometry": { "type": "LineString", "coordinates": [ [ 3.46663, 45.10304 ], [ 3.47259, 45.10372 ], [ 3.47594, 45.10503 ], [ 3.47696, 45.10709 ], [ 3.47873, 45.10795 ], [ 3.48237, 45.10867 ], [ 3.48751, 45.11132 ], [ 3.49024, 45.11099 ], [ 3.49384, 45.11245 ] ] } },
{ "type": "Feature", "properties": { "name": null, "weight_class": 1, "permanent": true, "length_km": 2.1 }, "geometry": { "type": "LineString", "coordinates": [ [ 3.39881, 45.09259 ], [ 3.40365, 45.09067 ], [ 3.41245, 45.09312 ], [ 3.41721, 45.09184 ], [ 3.42247, 45.09214 ] ] } },
{ "type": "Feature", "properties": { "name": "le Chalons/Ruisseau de la Grange Neuve", "weight_class": 1, "permanent": true, "length_km": 14.9 }, "geometry": { "type": "LineString", "coordinates": [ [ 3.32842, 45.01268 ], [ 3.33099, 45.01109 ], [ 3.33532, 45.0135 ], [ 3.33757, 45.01348 ], [ 3.34496, 45.01858 ], [ 3.3488, 45.02402 ], [ 3.35267, 45.02562 ], [ 3.35816, 45.03063 ], [ 3.35801, 45.03319 ], [ 3.35991, 45.03615 ], [ 3.35748, 45.03995 ], [ 3.35794, 45.04227 ], [ 3.35147, 45.0463 ], [ 3.35003, 45.04811 ], [ 3.35115, 45.04969 ], [ 3.35501, 45.05302 ], [ 3.3638, 45.05466 ], [ 3.36926, 45.05667 ], [ 3.3734, 45.05938 ], [ 3.37597, 45.0599 ], [ 3.38147, 45.06413 ], [ 3.38092, 45.0663 ], [ 3.38225, 45.06926 ], [ 3.37678, 45.07368 ], [ 3.37896, 45.07479 ], [ 3.37933, 45.07774 ], [ 3.38156, 45.0794 ], [ 3.38208, 45.08165 ], [ 3.38388, 45.08246 ], [ 3.38307, 45.08405 ], [ 3.3845, 45.08927 ], [ 3.3834, 45.0925 ], [ 3.38438, 45.0943 ], [ 3.37983, 45.10173 ], [ 3.37713, 45.10202 ], [ 3.37877, 45.10484 ] ] } },
{ "type": "Feature", "properties": { "name": "Ravin de Rouvelet", "weight_class": 1, "permanent": true, "length_km": 3.7 }, "geometry": { "type": "LineString", "coordinates": [ [ 3.29137, 45.1061 ], [ 3.2917, 45.1045 ], [ 3.29895, 45.1002 ], [ 3.30093, 45.09763 ], [ 3.31456, 45.09313 ], [ 3.31951, 45.09035 ], [ 3.3215, 45.08883 ], [ 3.32209, 45.08583 ] ] } },
{ "type": "Feature", "properties": { "name": "le Chilhaguet/Ruisseau de Chilhaguet", "weight_class": 1, "permanent": true, "length_km": 5.7 }, "geometry": { "type": "LineString", "coordinates": [ [ 3.44761, 45.04668 ], [ 3.45235, 45.04963 ], [ 3.45704, 45.05803 ], [ 3.47298, 45.06402 ], [ 3.48657, 45.07246 ], [ 3.49021, 45.07304 ], [ 3.49786, 45.07615 ] ] } },
{ "type": "Feature", "properties": { "name": "le Marsange", "weight_class": 1, "permanent": true, "length_km": 9.4 }, "geometry": { "type": "LineString", "coordinates": [ [ 3.44378, 45.04026 ], [ 3.44521, 45.03906 ], [ 3.45237, 45.03858 ], [ 3.45888, 45.04024 ], [ 3.46656, 45.04533 ], [ 3.47249, 45.04747 ], [ 3.47596, 45.05226 ], [ 3.48116, 45.05432 ], [ 3.48075, 45.05526 ], [ 3.48215, 45.05627 ], [ 3.48547, 45.05729 ], [ 3.48562, 45.0608 ], [ 3.49073, 45.06827 ], [ 3.49647, 45.07324 ], [ 3.49603, 45.07421 ], [ 3.49897, 45.07671 ], [ 3.49981, 45.08038 ], [ 3.50401, 45.08336 ], [ 3.5043, 45.09111 ], [ 3.50641, 45.09326 ] ] } },
{ "type": "Feature", "properties": { "name": null, "weight_class": 1, "permanent": true, "length_km": 3.2 }, "geometry": { "type": "LineString", "coordinates": [ [ 3.51709, 45.06829 ], [ 3.51687, 45.07201 ], [ 3.51851, 45.07471 ], [ 3.51922, 45.0813 ], [ 3.51808, 45.08298 ], [ 3.51229, 45.08645 ], [ 3.50889, 45.09297 ] ] } },
{ "type": "Feature", "properties": { "name": "Ruisseau du Brinçoux", "weight_class": 1, "permanent": true, "length_km": 4.6 }, "geometry": { "type": "LineString", "coordinates": [ [ 3.4049, 45.04455 ], [ 3.41213, 45.044 ], [ 3.4204, 45.0455 ], [ 3.424, 45.04666 ], [ 3.4263, 45.04971 ], [ 3.42709, 45.052 ], [ 3.42548, 45.05485 ], [ 3.4257, 45.05801 ], [ 3.41969, 45.06278 ], [ 3.41722, 45.06719 ], [ 3.41746, 45.06955 ] ] } },
{ "type": "Feature", "properties": { "name": "la Ramade", "weight_class": 1, "permanent": true, "length_km": 4.4 }, "geometry": { "type": "LineString", "coordinates": [ [ 3.39371, 45.05427 ], [ 3.39515, 45.05666 ], [ 3.39439, 45.05852 ], [ 3.3957, 45.0599 ], [ 3.39534, 45.06125 ], [ 3.39811, 45.06452 ], [ 3.4062, 45.06897 ], [ 3.41145, 45.06994 ], [ 3.41746, 45.06955 ], [ 3.41953, 45.07361 ], [ 3.42066, 45.07361 ], [ 3.42126, 45.07547 ], [ 3.42538, 45.07828 ] ] } },
{ "type": "Feature", "properties": { "name": "le Cronçoux", "weight_class": 1, "permanent": false, "length_km": 4.6 }, "geometry": { "type": "LineString", "coordinates": [ [ 3.34554, 45.05626 ], [ 3.34429, 45.06228 ], [ 3.34612, 45.06485 ], [ 3.34843, 45.06597 ], [ 3.34945, 45.07273 ], [ 3.35674, 45.07869 ], [ 3.35799, 45.08159 ], [ 3.35687, 45.08298 ], [ 3.35705, 45.08577 ], [ 3.36, 45.08988 ], [ 3.35957, 45.09183 ] ] } },
{ "type": "Feature", "properties": { "name": null, "weight_class": 1, "permanent": false, "length_km": 2.0 }, "geometry": { "type": "LineString", "coordinates": [ [ 3.50583, 45.05792 ], [ 3.50547, 45.06497 ], [ 3.49941, 45.07046 ], [ 3.49501, 45.07225 ] ] } },
{ "type": "Feature", "properties": { "name": null, "weight_class": 1, "permanent": true, "length_km": 2.5 }, "geometry": { "type": "LineString", "coordinates": [ [ 3.49787, 45.0518 ], [ 3.495, 45.05668 ], [ 3.49649, 45.05816 ], [ 3.49524, 45.0611 ], [ 3.49618, 45.06733 ], [ 3.49226, 45.0702 ] ] } },
{ "type": "Feature", "properties": { "name": null, "weight_class": 1, "permanent": true, "length_km": 2.0 }, "geometry": { "type": "LineString", "coordinates": [ [ 3.46669, 45.03123 ], [ 3.47049, 45.03468 ], [ 3.4721, 45.04029 ], [ 3.47051, 45.04592 ], [ 3.47197, 45.04729 ] ] } },
{ "type": "Feature", "properties": { "name": "le Lescoussousses", "weight_class": 1, "permanent": true, "length_km": 4.5 }, "geometry": { "type": "LineString", "coordinates": [ [ 3.41033, 45.03795 ], [ 3.41833, 45.03572 ], [ 3.42072, 45.03609 ], [ 3.42534, 45.03509 ], [ 3.43736, 45.03109 ], [ 3.439, 45.02914 ], [ 3.44328, 45.02732 ], [ 3.45115, 45.01987 ], [ 3.45209, 45.0162 ] ] } },
{ "type": "Feature", "properties": { "name": "le Retroussayre/Ruisseau de la Bouquellerie", "weight_class": 1, "permanent": true, "length_km": 8.9 }, "geometry": { "type": "LineString", "coordinates": [ [ 3.31322, 45.02169 ], [ 3.3137, 45.02311 ], [ 3.32125, 45.02546 ], [ 3.32435, 45.03053 ], [ 3.32781, 45.03247 ], [ 3.32835, 45.03486 ], [ 3.32686, 45.04318 ], [ 3.32379, 45.04669 ], [ 3.3273, 45.05172 ], [ 3.32461, 45.05431 ], [ 3.32073, 45.05606 ], [ 3.31765, 45.0602 ], [ 3.31797, 45.06158 ], [ 3.31332, 45.06352 ], [ 3.31602, 45.06599 ], [ 3.31894, 45.07198 ], [ 3.31748, 45.07314 ], [ 3.31778, 45.07583 ], [ 3.31551, 45.07641 ], [ 3.31738, 45.08144 ] ] } },
{ "type": "Feature", "properties": { "name": "le Besseyre/Ruisseau de la Besseyre", "weight_class": 1, "permanent": true, "length_km": 6.7 }, "geometry": { "type": "MultiLineString", "coordinates": [ [ [ 3.30638, 45.02671 ], [ 3.30042, 45.03122 ], [ 3.29724, 45.03753 ] ], [ [ 3.30178, 45.04195 ], [ 3.30434, 45.04354 ], [ 3.30515, 45.04582 ], [ 3.30434, 45.04868 ], [ 3.30096, 45.0531 ], [ 3.30239, 45.05733 ], [ 3.3074, 45.06299 ], [ 3.30586, 45.06526 ], [ 3.30876, 45.06793 ], [ 3.30775, 45.07048 ], [ 3.31041, 45.07309 ], [ 3.31064, 45.07572 ], [ 3.31254, 45.07837 ], [ 3.3122, 45.0809 ] ] ] } },
{ "type": "Feature", "properties": { "name": null, "weight_class": 1, "permanent": false, "length_km": 2.7 }, "geometry": { "type": "LineString", "coordinates": [ [ 3.45581, 45.02675 ], [ 3.45846, 45.02588 ], [ 3.46939, 45.02764 ], [ 3.48027, 45.02256 ], [ 3.48441, 45.01952 ] ] } },
{ "type": "Feature", "properties": { "name": "le Frau/Ruisseau du Frau", "weight_class": 1, "permanent": true, "length_km": 5.3 }, "geometry": { "type": "LineString", "coordinates": [ [ 3.4322, 44.98206 ], [ 3.43324, 44.98427 ], [ 3.4454, 44.98829 ], [ 3.44705, 44.99097 ], [ 3.44534, 44.996 ], [ 3.44848, 44.99846 ], [ 3.44773, 45.00065 ], [ 3.44876, 45.00278 ], [ 3.45503, 45.00597 ], [ 3.45947, 45.00554 ], [ 3.46521, 45.01474 ] ] } },
{ "type": "Feature", "properties": { "name": "le Fajole/Ruisseau de la Fajole", "weight_class": 1, "permanent": true, "length_km": 3.4 }, "geometry": { "type": "LineString", "coordinates": [ [ 3.39233, 44.99738 ], [ 3.39742, 45.0021 ], [ 3.39598, 45.00856 ], [ 3.39944, 45.01287 ], [ 3.41169, 45.01489 ], [ 3.41482, 45.01744 ] ] } },
{ "type": "Feature", "properties": { "name": "la Gourgueyre", "weight_class": 1, "permanent": true, "length_km": 13.5 }, "geometry": { "type": "MultiLineString", "coordinates": [ [ [ 3.34788, 44.97388 ], [ 3.34778, 44.97554 ], [ 3.34914, 44.97671 ], [ 3.34675, 44.98021 ], [ 3.3475, 44.98267 ], [ 3.34549, 44.98585 ] ], [ [ 3.36031, 44.98956 ], [ 3.36287, 44.98948 ], [ 3.36469, 44.9905 ], [ 3.36909, 44.99606 ], [ 3.36991, 44.99948 ], [ 3.37465, 45.00121 ], [ 3.37568, 45.00604 ], [ 3.3785, 45.00953 ], [ 3.37567, 45.01318 ], [ 3.37674, 45.02083 ], [ 3.37811, 45.02218 ], [ 3.38058, 45.02116 ], [ 3.38599, 45.02289 ], [ 3.38849, 45.02504 ], [ 3.39107, 45.0254 ], [ 3.39284, 45.02456 ], [ 3.39434, 45.02545 ], [ 3.39605, 45.02269 ], [ 3.39913, 45.02245 ], [ 3.40056, 45.02118 ], [ 3.40463, 45.0215 ], [ 3.40651, 45.01968 ], [ 3.40585, 45.01841 ], [ 3.40772, 45.01772 ], [ 3.40833, 45.01881 ], [ 3.41147, 45.01901 ], [ 3.41277, 45.01752 ], [ 3.42458, 45.01721 ], [ 3.42797, 45.01904 ], [ 3.43193, 45.01688 ], [ 3.44517, 45.0172 ], [ 3.44789, 45.0155 ] ] ] } },
{ "type": "Feature", "properties": { "name": "Ruisseau de la Bécade", "weight_class": 1, "permanent": false, "length_km": 2.1 }, "geometry": { "type": "LineString", "coordinates": [ [ 3.36817, 44.97863 ], [ 3.37253, 44.98418 ], [ 3.37012, 44.99465 ], [ 3.36852, 44.99533 ] ] } },
{ "type": "Feature", "properties": { "name": "Ruisseau de Fongondy", "weight_class": 1, "permanent": false, "length_km": 2.9 }, "geometry": { "type": "LineString", "coordinates": [ [ 3.38083, 44.97924 ], [ 3.38707, 44.97844 ], [ 3.39082, 44.98027 ], [ 3.39355, 44.97973 ], [ 3.39535, 44.97822 ], [ 3.40152, 44.97751 ], [ 3.40633, 44.98262 ], [ 3.40949, 44.98369 ] ] } },
{ "type": "Feature", "properties": { "name": "Ruisseau de Beauregard", "weight_class": 1, "permanent": false, "length_km": 4.7 }, "geometry": { "type": "LineString", "coordinates": [ [ 3.51366, 44.92367 ], [ 3.5117, 44.93003 ], [ 3.51383, 44.93364 ], [ 3.51279, 44.93596 ], [ 3.51355, 44.9389 ], [ 3.51793, 44.94089 ], [ 3.51792, 44.9434 ], [ 3.52285, 44.94818 ], [ 3.52853, 44.94825 ], [ 3.5323, 44.94989 ], [ 3.53389, 44.94952 ], [ 3.53585, 44.95138 ], [ 3.53812, 44.9513 ] ] } },
{ "type": "Feature", "properties": { "name": "Ruisseau de Pratcros", "weight_class": 1, "permanent": true, "length_km": 2.6 }, "geometry": { "type": "LineString", "coordinates": [ [ 3.43395, 44.96456 ], [ 3.42603, 44.96113 ], [ 3.42329, 44.96098 ], [ 3.41796, 44.96371 ], [ 3.41505, 44.96835 ], [ 3.41332, 44.96818 ], [ 3.41052, 44.97006 ] ] } },
{ "type": "Feature", "properties": { "name": "Ruisseau de Recoules", "weight_class": 1, "permanent": false, "length_km": 4.4 }, "geometry": { "type": "LineString", "coordinates": [ [ 3.47985, 44.92908 ], [ 3.48386, 44.9308 ], [ 3.49094, 44.93054 ], [ 3.49501, 44.93791 ], [ 3.50375, 44.94424 ], [ 3.50813, 44.94948 ], [ 3.50812, 44.95106 ], [ 3.5134, 44.95424 ] ] } },
{ "type": "Feature", "properties": { "name": "Ruisseau de Meyronne", "weight_class": 1, "permanent": true, "length_km": 5.4 }, "geometry": { "type": "LineString", "coordinates": [ [ 3.45105, 44.98048 ], [ 3.45417, 44.98213 ], [ 3.46191, 44.98299 ], [ 3.46485, 44.98801 ], [ 3.47, 44.98964 ], [ 3.47398, 44.99339 ], [ 3.47702, 44.99351 ], [ 3.47824, 44.99504 ], [ 3.48264, 44.99617 ], [ 3.48471, 44.99959 ], [ 3.48411, 45.00358 ], [ 3.48161, 45.00682 ], [ 3.47938, 45.00754 ], [ 3.47752, 45.01102 ] ] } },
{ "type": "Feature", "properties": { "name": null, "weight_class": 1, "permanent": false, "length_km": 4.1 }, "geometry": { "type": "LineString", "coordinates": [ [ 3.50247, 44.98502 ], [ 3.50519, 44.98268 ], [ 3.50495, 44.9814 ], [ 3.50833, 44.97967 ], [ 3.50971, 44.97616 ], [ 3.50893, 44.97318 ], [ 3.51067, 44.97148 ], [ 3.51322, 44.9713 ], [ 3.51613, 44.97236 ], [ 3.5193, 44.97076 ], [ 3.52761, 44.97323 ], [ 3.5347, 44.97078 ] ] } },
{ "type": "Feature", "properties": { "name": null, "weight_class": 1, "permanent": true, "length_km": 3.5 }, "geometry": { "type": "LineString", "coordinates": [ [ 3.50453, 44.98877 ], [ 3.50492, 44.98795 ], [ 3.50819, 44.98801 ], [ 3.5153, 44.98531 ], [ 3.52095, 44.98184 ], [ 3.52493, 44.98148 ], [ 3.52793, 44.97989 ], [ 3.53106, 44.98043 ], [ 3.53437, 44.9771 ], [ 3.53426, 44.97536 ], [ 3.53634, 44.97415 ] ] } },
{ "type": "Feature", "properties": { "name": "le Lavès", "weight_class": 1, "permanent": true, "length_km": 10.9 }, "geometry": { "type": "LineString", "coordinates": [ [ 3.44854, 44.96096 ], [ 3.45073, 44.96357 ], [ 3.44825, 44.97196 ], [ 3.45328, 44.97315 ], [ 3.4591, 44.97735 ], [ 3.46857, 44.97801 ], [ 3.47005, 44.98002 ], [ 3.47533, 44.9814 ], [ 3.47934, 44.98021 ], [ 3.48215, 44.97591 ], [ 3.48563, 44.97456 ], [ 3.48808, 44.97198 ], [ 3.49697, 44.9695 ], [ 3.4988, 44.96999 ], [ 3.50037, 44.96754 ], [ 3.50269, 44.96746 ], [ 3.50242, 44.96669 ], [ 3.50494, 44.96481 ], [ 3.50889, 44.96391 ], [ 3.5124, 44.95815 ], [ 3.51843, 44.95623 ], [ 3.52169, 44.95708 ], [ 3.52579, 44.95609 ] ] } },
{ "type": "Feature", "properties": { "name": null, "weight_class": 1, "permanent": false, "length_km": 4.8 }, "geometry": { "type": "LineString", "coordinates": [ [ 3.46824, 44.9334 ], [ 3.47315, 44.93224 ], [ 3.47887, 44.93476 ], [ 3.4806, 44.93972 ], [ 3.49018, 44.94067 ], [ 3.49111, 44.94213 ], [ 3.4903, 44.94364 ], [ 3.49372, 44.947 ], [ 3.4943, 44.95106 ], [ 3.49742, 44.95424 ], [ 3.50019, 44.95536 ], [ 3.49977, 44.95663 ] ] } },
{ "type": "Feature", "properties": { "name": "le Servillanges", "weight_class": 1, "permanent": true, "length_km": 5.4 }, "geometry": { "type": "LineString", "coordinates": [ [ 3.43867, 44.95123 ], [ 3.4424, 44.95114 ], [ 3.44429, 44.95267 ], [ 3.44573, 44.95157 ], [ 3.4487, 44.9515 ], [ 3.45015, 44.95385 ], [ 3.45669, 44.95584 ], [ 3.46015, 44.95981 ], [ 3.46658, 44.96346 ], [ 3.4711, 44.96005 ], [ 3.48979, 44.95503 ] ] } },
{ "type": "Feature", "properties": { "name": null, "weight_class": 1, "permanent": true, "length_km": 2.7 }, "geometry": { "type": "LineString", "coordinates": [ [ 3.37685, 44.97036 ], [ 3.38271, 44.96102 ], [ 3.38891, 44.9606 ], [ 3.39007, 44.95868 ], [ 3.39482, 44.95693 ] ] } },
{ "type": "Feature", "properties": { "name": null, "weight_class": 1, "permanent": true, "length_km": 2.2 }, "geometry": { "type": "LineString", "coordinates": [ [ 3.47039, 44.9155 ], [ 3.46486, 44.91878 ], [ 3.46406, 44.92212 ], [ 3.45782, 44.92274 ], [ 3.45412, 44.92431 ], [ 3.45207, 44.92345 ], [ 3.45063, 44.92404 ] ] } },
{ "type": "Feature", "properties": { "name": null, "weight_class": 1, "permanent": false, "length_km": 3.5 }, "geometry": { "type": "LineString", "coordinates": [ [ 3.42103, 44.93937 ], [ 3.42372, 44.94233 ], [ 3.42544, 44.94258 ], [ 3.42676, 44.93927 ], [ 3.43032, 44.93754 ], [ 3.43179, 44.93551 ], [ 3.43487, 44.93438 ], [ 3.43715, 44.935 ], [ 3.43938, 44.93386 ], [ 3.44296, 44.93405 ], [ 3.44632, 44.93184 ], [ 3.44926, 44.9315 ] ] } },
{ "type": "Feature", "properties": { "name": null, "weight_class": 1, "permanent": true, "length_km": 4.0 }, "geometry": { "type": "LineString", "coordinates": [ [ 3.48905, 44.89383 ], [ 3.49908, 44.89857 ], [ 3.49889, 44.90195 ], [ 3.50184, 44.9069 ], [ 3.50829, 44.91046 ], [ 3.51154, 44.91122 ], [ 3.51248, 44.91283 ], [ 3.51483, 44.91382 ], [ 3.51587, 44.91677 ] ] } },
{ "type": "Feature", "properties": { "name": null, "weight_class": 1, "permanent": false, "length_km": 2.5 }, "geometry": { "type": "LineString", "coordinates": [ [ 3.42718, 44.9016 ], [ 3.43322, 44.90499 ], [ 3.43429, 44.90684 ], [ 3.4379, 44.90733 ], [ 3.44047, 44.90983 ], [ 3.44284, 44.90909 ], [ 3.44489, 44.907 ], [ 3.44848, 44.90788 ] ] } },
{ "type": "Feature", "properties": { "name": null, "weight_class": 1, "permanent": false, "length_km": 2.3 }, "geometry": { "type": "LineString", "coordinates": [ [ 3.41956, 44.90067 ], [ 3.42551, 44.89983 ], [ 3.42722, 44.89665 ], [ 3.43374, 44.89861 ], [ 3.44014, 44.89781 ], [ 3.44173, 44.8968 ] ] } },
{ "type": "Feature", "properties": { "name": "Buissonnet", "weight_class": 1, "permanent": false, "length_km": 3.7 }, "geometry": { "type": "LineString", "coordinates": [ [ 3.45536, 44.88011 ], [ 3.4567, 44.88059 ], [ 3.45699, 44.88211 ], [ 3.45521, 44.88418 ], [ 3.45615, 44.89042 ], [ 3.46002, 44.89703 ], [ 3.46557, 44.8976 ], [ 3.46869, 44.89614 ], [ 3.4718, 44.89662 ], [ 3.47305, 44.89784 ] ] } },
{ "type": "Feature", "properties": { "name": "Ruisseau la Chèvre", "weight_class": 1, "permanent": true, "length_km": 6.0 }, "geometry": { "type": "LineString", "coordinates": [ [ 3.44961, 44.84788 ], [ 3.45202, 44.85007 ], [ 3.44862, 44.8569 ], [ 3.45692, 44.86069 ], [ 3.45914, 44.8608 ], [ 3.46078, 44.85988 ], [ 3.46412, 44.86088 ], [ 3.4709, 44.8605 ], [ 3.4734, 44.86132 ], [ 3.47945, 44.86046 ], [ 3.48462, 44.86313 ], [ 3.48807, 44.85984 ], [ 3.49108, 44.85905 ] ] } },
{ "type": "Feature", "properties": { "name": "Ruisseau de la Chazette", "weight_class": 1, "permanent": true, "length_km": 2.5 }, "geometry": { "type": "LineString", "coordinates": [ [ 3.4598, 44.84393 ], [ 3.46274, 44.84591 ], [ 3.46713, 44.84598 ], [ 3.46883, 44.84459 ], [ 3.47113, 44.84448 ], [ 3.47659, 44.8459 ], [ 3.47732, 44.84694 ], [ 3.48528, 44.84825 ] ] } },
{ "type": "Feature", "properties": { "name": "Ruisseau la Bessayre", "weight_class": 1, "permanent": true, "length_km": 2.8 }, "geometry": { "type": "LineString", "coordinates": [ [ 3.49101, 44.80864 ], [ 3.4873, 44.81315 ], [ 3.48654, 44.81574 ], [ 3.4878, 44.82342 ], [ 3.48062, 44.82612 ] ] } },
{ "type": "Feature", "properties": { "name": null, "weight_class": 1, "permanent": true, "length_km": 2.8 }, "geometry": { "type": "LineString", "coordinates": [ [ 3.49427, 44.83212 ], [ 3.49444, 44.84079 ], [ 3.49626, 44.84402 ], [ 3.496, 44.8457 ], [ 3.48972, 44.85048 ], [ 3.49048, 44.85263 ] ] } },
{ "type": "Feature", "properties": { "name": null, "weight_class": 1, "permanent": true, "length_km": 2.5 }, "geometry": { "type": "LineString", "coordinates": [ [ 3.5017, 44.8224 ], [ 3.49838, 44.8261 ], [ 3.49438, 44.82822 ], [ 3.4908, 44.82886 ], [ 3.48778, 44.82672 ], [ 3.48525, 44.82639 ], [ 3.48033, 44.82862 ] ] } },
{ "type": "Feature", "properties": { "name": "Ruisseau de Vernassa/Ruisseau d'Espalem", "weight_class": 1, "permanent": false, "length_km": 4.7 }, "geometry": { "type": "LineString", "coordinates": [ [ 3.22671, 45.31104 ], [ 3.2306, 45.31226 ], [ 3.23085, 45.31522 ], [ 3.23516, 45.32006 ], [ 3.23159, 45.32417 ], [ 3.22987, 45.33096 ], [ 3.235, 45.33582 ], [ 3.23833, 45.34083 ], [ 3.24136, 45.34266 ], [ 3.24108, 45.34445 ], [ 3.23943, 45.34525 ] ] } },
{ "type": "Feature", "properties": { "name": "Ruisseau de la Vigne", "weight_class": 1, "permanent": true, "length_km": 2.2 }, "geometry": { "type": "LineString", "coordinates": [ [ 3.1408, 45.33503 ], [ 3.14332, 45.33447 ], [ 3.14707, 45.335 ], [ 3.14798, 45.33405 ], [ 3.15352, 45.33286 ], [ 3.15676, 45.33367 ], [ 3.15912, 45.33306 ], [ 3.16556, 45.33369 ] ] } },
{ "type": "Feature", "properties": { "name": "Ruisseau de Lanat", "weight_class": 1, "permanent": false, "length_km": 2.4 }, "geometry": { "type": "LineString", "coordinates": [ [ 3.14307, 45.33252 ], [ 3.14787, 45.33056 ], [ 3.14452, 45.32666 ], [ 3.14658, 45.32461 ], [ 3.14635, 45.32015 ], [ 3.14805, 45.31761 ], [ 3.15002, 45.31668 ] ] } },
{ "type": "Feature", "properties": { "name": "Ruisseau du Chemin d'Espalem", "weight_class": 1, "permanent": false, "length_km": 2.1 }, "geometry": { "type": "LineString", "coordinates": [ [ 3.21777, 45.29728 ], [ 3.22422, 45.2947 ], [ 3.21928, 45.28475 ], [ 3.21934, 45.28251 ] ] } },
{ "type": "Feature", "properties": { "name": "Ruisseau de la Fontaine Salée", "weight_class": 1, "permanent": true, "length_km": 2.4 }, "geometry": { "type": "MultiLineString", "coordinates": [ [ [ 3.22213, 45.23826 ], [ 3.22037, 45.24245 ], [ 3.22186, 45.24578 ], [ 3.22502, 45.24852 ], [ 3.22542, 45.2521 ] ], [ [ 3.22641, 45.25407 ], [ 3.22976, 45.25962 ] ] ] } },
{ "type": "Feature", "properties": { "name": "Ruisseau de Bouchaud", "weight_class": 1, "permanent": false, "length_km": 3.1 }, "geometry": { "type": "LineString", "coordinates": [ [ 3.25735, 45.24007 ], [ 3.2581, 45.24094 ], [ 3.25647, 45.24474 ], [ 3.2592, 45.24825 ], [ 3.25984, 45.25115 ], [ 3.2582, 45.25725 ], [ 3.26393, 45.26549 ] ] } },
{ "type": "Feature", "properties": { "name": "le Merdansai/Ruisseau de Merdenson", "weight_class": 1, "permanent": true, "length_km": 2.4 }, "geometry": { "type": "LineString", "coordinates": [ [ 3.18153, 45.36484 ], [ 3.18907, 45.36288 ], [ 3.19585, 45.36276 ], [ 3.20049, 45.35841 ], [ 3.20742, 45.35751 ] ] } },
{ "type": "Feature", "properties": { "name": "le Saduit", "weight_class": 1, "permanent": true, "length_km": 11.5 }, "geometry": { "type": "LineString", "coordinates": [ [ 3.2574, 45.29354 ], [ 3.25587, 45.29568 ], [ 3.25389, 45.29647 ], [ 3.24863, 45.29664 ], [ 3.24903, 45.30082 ], [ 3.24764, 45.30219 ], [ 3.25059, 45.30469 ], [ 3.25401, 45.31045 ], [ 3.25802, 45.31377 ], [ 3.2598, 45.32125 ], [ 3.26196, 45.32445 ], [ 3.26172, 45.33168 ], [ 3.25695, 45.33429 ], [ 3.25243, 45.33342 ], [ 3.25227, 45.33609 ], [ 3.25035, 45.3389 ], [ 3.24426, 45.34127 ], [ 3.24216, 45.34572 ], [ 3.23995, 45.34593 ], [ 3.23733, 45.34386 ], [ 3.23638, 45.34492 ], [ 3.23317, 45.34567 ], [ 3.23223, 45.34745 ], [ 3.23113, 45.34702 ], [ 3.22971, 45.35439 ], [ 3.22341, 45.35691 ], [ 3.22215, 45.35518 ], [ 3.21856, 45.35828 ] ] } },
{ "type": "Feature", "properties": { "name": "la Voireuze", "weight_class": 1, "permanent": true, "length_km": 7.3 }, "geometry": { "type": "LineString", "coordinates": [ [ 3.1114, 45.31068 ], [ 3.11284, 45.31123 ], [ 3.1227, 45.31064 ], [ 3.12623, 45.31013 ], [ 3.12815, 45.30859 ], [ 3.13322, 45.30925 ], [ 3.13764, 45.3115 ], [ 3.13917, 45.31065 ], [ 3.13998, 45.31187 ], [ 3.14393, 45.31346 ], [ 3.14398, 45.31493 ], [ 3.14749, 45.31667 ], [ 3.15051, 45.31676 ], [ 3.15103, 45.31854 ], [ 3.15751, 45.32022 ], [ 3.1638, 45.31893 ], [ 3.16544, 45.31935 ], [ 3.17331, 45.31674 ], [ 3.1764, 45.31733 ], [ 3.18509, 45.31311 ] ] } },
{ "type": "Feature", "properties": { "name": "le Gazanne", "weight_class": 1, "permanent": true, "length_km": 6.1 }, "geometry": { "type": "LineString", "coordinates": [ [ 3.0807, 45.29012 ], [ 3.08489, 45.2894 ], [ 3.08795, 45.29102 ], [ 3.08981, 45.29442 ], [ 3.09374, 45.29563 ], [ 3.10889, 45.29671 ], [ 3.11969, 45.30415 ], [ 3.12294, 45.30474 ], [ 3.13164, 45.30422 ], [ 3.13423, 45.30573 ], [ 3.13708, 45.30604 ], [ 3.1398, 45.30808 ], [ 3.13917, 45.31065 ] ] } },
{ "type": "Feature", "properties": { "name": "le Ferrière/Ruisseau de Ferrière", "weight_class": 1, "permanent": true, "length_km": 5.1 }, "geometry": { "type": "LineString", "coordinates": [ [ 3.12455, 45.28442 ], [ 3.13142, 45.28733 ], [ 3.13659, 45.29699 ], [ 3.14703, 45.30129 ], [ 3.1515, 45.30587 ], [ 3.16647, 45.30741 ], [ 3.1711, 45.30865 ] ] } },
{ "type": "Feature", "properties": { "name": "Ruisseau de Daü", "weight_class": 1, "permanent": true, "length_km": 6.5 }, "geometry": { "type": "MultiLineString", "coordinates": [ [ [ 3.22695, 45.26801 ], [ 3.22657, 45.273 ], [ 3.22423, 45.27744 ], [ 3.22505, 45.28382 ] ], [ [ 3.23423, 45.22907 ], [ 3.23472, 45.23577 ], [ 3.23153, 45.24295 ], [ 3.233, 45.24736 ], [ 3.23506, 45.24956 ], [ 3.23572, 45.25354 ], [ 3.23241, 45.25872 ], [ 3.22888, 45.26015 ], [ 3.22972, 45.26401 ], [ 3.22783, 45.2664 ] ] ] } },
{ "type": "Feature", "properties": { "name": "la Violette/Ruisseau de Violette", "weight_class": 1, "permanent": true, "length_km": 15.7 }, "geometry": { "type": "LineString", "coordinates": [ [ 3.25225, 45.2116 ], [ 3.25311, 45.21422 ], [ 3.25804, 45.21749 ], [ 3.26122, 45.2177 ], [ 3.26662, 45.22077 ], [ 3.26956, 45.22431 ], [ 3.26799, 45.22762 ], [ 3.26391, 45.23132 ], [ 3.26263, 45.23865 ], [ 3.27454, 45.254 ], [ 3.27594, 45.25824 ], [ 3.2745, 45.26154 ], [ 3.27216, 45.26346 ], [ 3.26456, 45.26483 ], [ 3.26005, 45.26798 ], [ 3.25906, 45.27066 ], [ 3.24698, 45.27222 ], [ 3.24534, 45.27394 ], [ 3.24486, 45.27818 ], [ 3.24217, 45.2794 ], [ 3.23833, 45.27942 ], [ 3.23657, 45.28064 ], [ 3.2358, 45.28297 ], [ 3.23188, 45.28233 ], [ 3.22659, 45.28291 ], [ 3.22395, 45.28415 ], [ 3.21842, 45.28223 ], [ 3.21645, 45.28307 ], [ 3.21487, 45.28275 ], [ 3.20624, 45.2861 ], [ 3.19789, 45.28619 ], [ 3.19657, 45.28685 ], [ 3.19457, 45.28629 ], [ 3.19043, 45.2871 ], [ 3.18964, 45.28828 ] ] } },
{ "type": "Feature", "properties": { "name": "Ruisseau de Vazeille", "weight_class": 1, "permanent": false, "length_km": 2.8 }, "geometry": { "type": "LineString", "coordinates": [ [ 3.14529, 45.28996 ], [ 3.15088, 45.29246 ], [ 3.15129, 45.29426 ], [ 3.15475, 45.29714 ], [ 3.16175, 45.29881 ], [ 3.16528, 45.30185 ], [ 3.16896, 45.30256 ], [ 3.17066, 45.30177 ] ] } },
{ "type": "Feature", "properties": { "name": "le Roulier", "weight_class": 1, "permanent": true, "length_km": 2.1 }, "geometry": { "type": "LineString", "coordinates": [ [ 3.16432, 45.27031 ], [ 3.16897, 45.27503 ], [ 3.17006, 45.28023 ], [ 3.16592, 45.28667 ] ] } },
{ "type": "Feature", "properties": { "name": null, "weight_class": 1, "permanent": false, "length_km": 5.6 }, "geometry": { "type": "LineString", "coordinates": [ [ 3.24839, 45.23055 ], [ 3.24797, 45.23236 ], [ 3.25038, 45.23976 ], [ 3.24568, 45.24453 ], [ 3.24636, 45.24673 ], [ 3.25014, 45.24898 ], [ 3.2514, 45.25083 ], [ 3.25083, 45.2529 ], [ 3.2459, 45.2568 ], [ 3.24514, 45.25918 ], [ 3.24839, 45.26208 ], [ 3.25218, 45.2626 ], [ 3.25672, 45.26486 ], [ 3.25721, 45.26758 ], [ 3.25902, 45.26911 ], [ 3.25865, 45.27069 ] ] } },
{ "type": "Feature", "properties": { "name": null, "weight_class": 1, "permanent": false, "length_km": 2.2 }, "geometry": { "type": "LineString", "coordinates": [ [ 3.253, 45.2198 ], [ 3.25406, 45.22531 ], [ 3.25855, 45.23057 ], [ 3.2592, 45.23405 ], [ 3.26255, 45.2373 ] ] } },
{ "type": "Feature", "properties": { "name": "l'Auze/Ruisseau d'Auze", "weight_class": 1, "permanent": true, "length_km": 4.1 }, "geometry": { "type": "LineString", "coordinates": [ [ 3.17277, 45.35478 ], [ 3.17593, 45.35482 ], [ 3.17931, 45.35293 ], [ 3.18209, 45.35333 ], [ 3.18625, 45.35138 ], [ 3.19112, 45.35214 ], [ 3.19224, 45.3533 ], [ 3.19365, 45.35226 ], [ 3.19711, 45.35222 ], [ 3.21428, 45.36068 ] ] } },
{ "type": "Feature", "properties": { "name": "le Merdan/la Bellan", "weight_class": 1, "permanent": true, "length_km": 8.1 }, "geometry": { "type": "LineString", "coordinates": [ [ 3.11051, 45.3419 ], [ 3.11485, 45.34184 ], [ 3.12169, 45.33989 ], [ 3.12433, 45.34071 ], [ 3.12794, 45.34032 ], [ 3.13284, 45.33808 ], [ 3.13902, 45.3378 ], [ 3.15055, 45.34031 ], [ 3.15393, 45.34205 ], [ 3.1556, 45.34411 ], [ 3.16037, 45.3445 ], [ 3.16536, 45.34121 ], [ 3.16784, 45.33587 ], [ 3.17005, 45.33374 ], [ 3.16877, 45.32934 ], [ 3.16537, 45.32581 ], [ 3.16945, 45.32 ], [ 3.16855, 45.31819 ] ] } },
{ "type": "Feature", "properties": { "name": "la Bave", "weight_class": 1, "permanent": true, "length_km": 10.5 }, "geometry": { "type": "MultiLineString", "coordinates": [ [ [ 3.09647, 45.3519 ], [ 3.10088, 45.35236 ], [ 3.10256, 45.35437 ], [ 3.10934, 45.35139 ], [ 3.1146, 45.35131 ], [ 3.11949, 45.35295 ], [ 3.12027, 45.35159 ], [ 3.12237, 45.35134 ], [ 3.12261, 45.3502 ], [ 3.1241, 45.35176 ], [ 3.1262, 45.35205 ], [ 3.13113, 45.35079 ], [ 3.13423, 45.35346 ], [ 3.13896, 45.35511 ], [ 3.14345, 45.35397 ], [ 3.14267, 45.35265 ], [ 3.14343, 45.35166 ], [ 3.1477, 45.35037 ] ], [ [ 3.16738, 45.35149 ], [ 3.16743, 45.34959 ], [ 3.17097, 45.34818 ], [ 3.17241, 45.3459 ], [ 3.17377, 45.34602 ], [ 3.17776, 45.34376 ], [ 3.17952, 45.34038 ], [ 3.17867, 45.33577 ], [ 3.18041, 45.33298 ], [ 3.1867, 45.33212 ], [ 3.19544, 45.33458 ], [ 3.19773, 45.33549 ], [ 3.19778, 45.33638 ], [ 3.20301, 45.33746 ] ] ] } },
{ "type": "Feature", "properties": { "name": "le Saillus", "weight_class": 1, "permanent": true, "length_km": 4.3 }, "geometry": { "type": "LineString", "coordinates": [ [ 3.10013, 45.32814 ], [ 3.1044, 45.32875 ], [ 3.10919, 45.32695 ], [ 3.11486, 45.3274 ], [ 3.11839, 45.32603 ], [ 3.12013, 45.32624 ], [ 3.12481, 45.32242 ], [ 3.12741, 45.32116 ], [ 3.13027, 45.32117 ], [ 3.13124, 45.31982 ], [ 3.13559, 45.31851 ], [ 3.13684, 45.31734 ], [ 3.13643, 45.31541 ], [ 3.13837, 45.31126 ] ] } },
{ "type": "Feature", "properties": { "name": "Ruisseau de Vialle", "weight_class": 1, "permanent": true, "length_km": 2.3 }, "geometry": { "type": "LineString", "coordinates": [ [ 3.11183, 45.2907 ], [ 3.11469, 45.29263 ], [ 3.12028, 45.29367 ], [ 3.1263, 45.29701 ], [ 3.12939, 45.30004 ], [ 3.13108, 45.30423 ] ] } },
{ "type": "Feature", "properties": { "name": "la Sianne", "weight_class": 3, "permanent": true, "length_km": 5.3 }, "geometry": { "type": "LineString", "coordinates": [ [ 3.16233, 45.2832 ], [ 3.17147, 45.29281 ], [ 3.17019, 45.29412 ], [ 3.17181, 45.29566 ], [ 3.16979, 45.29657 ], [ 3.16964, 45.2988 ], [ 3.1702, 45.30161 ], [ 3.17124, 45.30206 ], [ 3.1698, 45.30537 ], [ 3.17142, 45.30904 ], [ 3.17085, 45.3113 ], [ 3.17415, 45.31274 ], [ 3.1778, 45.31227 ], [ 3.17957, 45.31307 ], [ 3.18311, 45.31161 ], [ 3.1854, 45.31305 ] ] } },
{ "type": "Feature", "properties": { "name": "Ruisseau de Riomartin", "weight_class": 1, "permanent": false, "length_km": 2.4 }, "geometry": { "type": "LineString", "coordinates": [ [ 3.29352, 45.33223 ], [ 3.29534, 45.33557 ], [ 3.30094, 45.33594 ], [ 3.30821, 45.34264 ], [ 3.31516, 45.34296 ] ] } },
{ "type": "Feature", "properties": { "name": "le Sambalou", "weight_class": 1, "permanent": false, "length_km": 4.0 }, "geometry": { "type": "LineString", "coordinates": [ [ 4.31802, 45.31547 ], [ 4.31955, 45.32349 ], [ 4.31864, 45.3252 ], [ 4.31992, 45.32572 ], [ 4.31865, 45.32721 ], [ 4.3177, 45.33265 ], [ 4.31237, 45.33612 ], [ 4.31143, 45.33556 ], [ 4.30897, 45.33629 ], [ 4.30492, 45.33999 ], [ 4.29943, 45.33867 ] ] } },
{ "type": "Feature", "properties": { "name": "le Doux", "weight_class": 1, "permanent": true, "length_km": 2.8 }, "geometry": { "type": "MultiLineString", "coordinates": [ [ [ 4.43453, 45.13671 ], [ 4.43996, 45.1389 ], [ 4.44494, 45.13791 ] ], [ [ 4.44706, 45.136 ], [ 4.44597, 45.13368 ], [ 4.44783, 45.12913 ], [ 4.45277, 45.12772 ] ], [ [ 4.45719, 45.12372 ], [ 4.45717, 45.11887 ] ] ] } },
{ "type": "Feature", "properties": { "name": "la Rimande", "weight_class": 1, "permanent": true, "length_km": 6.1 }, "geometry": { "type": "MultiLineString", "coordinates": [ [ [ 4.20268, 44.92755 ], [ 4.20426, 44.93128 ], [ 4.20979, 44.93624 ], [ 4.21321, 44.93621 ], [ 4.22228, 44.93982 ] ], [ [ 4.25264, 44.95881 ], [ 4.26169, 44.96045 ], [ 4.26682, 44.96264 ], [ 4.26884, 44.96221 ], [ 4.27393, 44.96584 ], [ 4.27651, 44.9661 ], [ 4.27791, 44.96718 ], [ 4.28415, 44.96766 ], [ 4.28917, 44.96619 ], [ 4.29148, 44.96728 ] ] ] } },
{ "type": "Feature", "properties": { "name": "Ruisseau de Sagnebesses", "weight_class": 1, "permanent": false, "length_km": 3.2 }, "geometry": { "type": "LineString", "coordinates": [ [ 4.24822, 44.97343 ], [ 4.25343, 44.97626 ], [ 4.26552, 44.97478 ], [ 4.27455, 44.97184 ], [ 4.27825, 44.96868 ], [ 4.27801, 44.96719 ] ] } }
]
}
