{
"type": "FeatureCollection",
"name": "dep59_overview.geojson",
"crs": { "type": "name", "properties": { "name": "urn:ogc:def:crs:OGC:1.3:CRS84" } },
"xy_coordinate_resolution": 1e-05,
"features": [
{ "type": "Feature", "properties": { "name": "Ruisseau des Gillettes", "weight_class": 1, "permanent": true, "length_km": 2.4 }, "geometry": { "type": "LineString", "coordinates": [ [ 4.22705, 50.08572 ], [ 4.22123, 50.08605 ], [ 4.21741, 50.08811 ], [ 4.21201, 50.0881 ], [ 4.2081, 50.09452 ], [ 4.20399, 50.09662 ] ] } },
{ "type": "Feature", "properties": { "name": "la Neuve Grange", "weight_class": 1, "permanent": true, "length_km": 2.0 }, "geometry": { "type": "LineString", "coordinates": [ [ 4.17232, 50.07748 ], [ 4.17408, 50.08042 ], [ 4.17627, 50.08166 ], [ 4.17543, 50.08372 ], [ 4.17653, 50.08595 ], [ 4.16956, 50.08857 ], [ 4.16881, 50.0912 ] ] } },
{ "type": "Feature", "properties": { "name": "Ruisseau de sous le Bois", "weight_class": 1, "permanent": true, "length_km": 2.2 }, "geometry": { "type": "LineString", "coordinates": [ [ 4.21638, 50.25786 ], [ 4.19751, 50.2591 ], [ 4.19137, 50.26097 ], [ 4.18856, 50.2629 ] ] } },
{ "type": "Feature", "properties": { "name": "Ruisseau des Étangs", "weight_class": 1, "permanent": true, "length_km": 2.4 }, "geometry": { "type": "LineString", "coordinates": [ [ 4.18312, 50.13598 ], [ 4.17948, 50.13466 ], [ 4.17745, 50.13486 ], [ 4.17571, 50.13342 ], [ 4.1753, 50.13104 ], [ 4.16781, 50.12423 ], [ 4.16812, 50.11977 ] ] } },
{ "type": "Feature", "properties": { "name": "Hante", "weight_class": 2, "permanent": true, "length_km": 6.7 }, "geometry": { "type": "LineString", "coordinates": [ [ 4.20003, 50.23984 ], [ 4.19961, 50.24055 ], [ 4.19672, 50.23991 ], [ 4.19339, 50.24146 ], [ 4.19261, 50.24076 ], [ 4.18305, 50.24207 ], [ 4.18063, 50.24701 ], [ 4.17765, 50.24824 ], [ 4.17807, 50.25049 ], [ 4.17942, 50.25078 ], [ 4.17991, 50.25341 ], [ 4.18336, 50.25741 ], [ 4.18154, 50.25899 ], [ 4.1779, 50.2596 ], [ 4.17766, 50.26086 ], [ 4.18163, 50.26588 ], [ 4.18455, 50.26761 ], [ 4.1834, 50.2717 ], [ 4.18163, 50.27287 ], [ 4.18299, 50.27582 ] ] } },
{ "type": "Feature", "properties": { "name": "Ruisseau de Montbliard", "weight_class": 1, "permanent": true, "length_km": 3.4 }, "geometry": { "type": "LineString", "coordinates": [ [ 4.20493, 50.12375 ], [ 4.20218, 50.12372 ], [ 4.20207, 50.1227 ], [ 4.19642, 50.12026 ], [ 4.18882, 50.1202 ], [ 4.18668, 50.11802 ], [ 4.18339, 50.11765 ], [ 4.18205, 50.11905 ], [ 4.17828, 50.11893 ], [ 4.17732, 50.11765 ], [ 4.1753, 50.118 ] ] } },
{ "type": "Feature", "properties": { "name": "Ruisseau de Bailièvre", "weight_class": 1, "permanent": true, "length_km": 3.3 }, "geometry": { "type": "LineString", "coordinates": [ [ 4.23026, 50.07447 ], [ 4.21998, 50.07455 ], [ 4.21634, 50.07575 ], [ 4.21411, 50.07484 ], [ 4.21385, 50.0757 ], [ 4.21218, 50.07584 ], [ 4.20632, 50.07598 ], [ 4.20564, 50.07536 ], [ 4.20407, 50.07666 ], [ 4.19635, 50.07741 ] ] } },
{ "type": "Feature", "properties": { "name": "Ruisseau de Baives", "weight_class": 1, "permanent": true, "length_km": 3.8 }, "geometry": { "type": "LineString", "coordinates": [ [ 4.20214, 50.05687 ], [ 4.19933, 50.05754 ], [ 4.19733, 50.05938 ], [ 4.19852, 50.06451 ], [ 4.20208, 50.06767 ], [ 4.20152, 50.06977 ], [ 4.19939, 50.07151 ], [ 4.2003, 50.07295 ], [ 4.19626, 50.0751 ], [ 4.19635, 50.07741 ], [ 4.19335, 50.08103 ] ] } },
{ "type": "Feature", "properties": { "name": "Ruisseau des Prés à Rieux", "weight_class": 1, "permanent": false, "length_km": 2.5 }, "geometry": { "type": "LineString", "coordinates": [ [ 3.9824, 50.33238 ], [ 3.98761, 50.3383 ], [ 3.99205, 50.34108 ], [ 3.99317, 50.34378 ], [ 3.99999, 50.34843 ], [ 4.00122, 50.35039 ] ] } },
{ "type": "Feature", "properties": { "name": "Ruisseau du Marais", "weight_class": 1, "permanent": true, "length_km": 3.0 }, "geometry": { "type": "LineString", "coordinates": [ [ 3.97818, 50.30066 ], [ 3.99499, 50.30935 ], [ 4.00043, 50.31484 ], [ 4.00751, 50.31783 ] ] } },
{ "type": "Feature", "properties": { "name": "le Ronça", "weight_class": 1, "permanent": true, "length_km": 4.7 }, "geometry": { "type": "LineString", "coordinates": [ [ 3.95292, 50.30397 ], [ 3.95607, 50.30599 ], [ 3.96295, 50.30828 ], [ 3.98391, 50.30945 ], [ 3.99307, 50.31693 ], [ 4.00627, 50.32234 ] ] } },
{ "type": "Feature", "properties": { "name": "Ri du Frilou", "weight_class": 1, "permanent": true, "length_km": 2.2 }, "geometry": { "type": "LineString", "coordinates": [ [ 4.03482, 50.31759 ], [ 4.04697, 50.32281 ], [ 4.04898, 50.32468 ], [ 4.05117, 50.33022 ], [ 4.04874, 50.33015 ] ] } },
{ "type": "Feature", "properties": { "name": "Ruisseau de l'Hôpital", "weight_class": 1, "permanent": true, "length_km": 5.8 }, "geometry": { "type": "LineString", "coordinates": [ [ 3.99215, 50.29725 ], [ 3.99189, 50.29857 ], [ 3.99422, 50.29976 ], [ 4.00298, 50.30323 ], [ 4.00875, 50.30438 ], [ 4.01572, 50.31128 ], [ 4.01306, 50.31445 ], [ 4.0076, 50.3176 ], [ 4.00582, 50.3218 ], [ 4.00787, 50.3239 ], [ 4.0223, 50.33127 ] ] } },
{ "type": "Feature", "properties": { "name": "Ruisseau des Gouffres", "weight_class": 1, "permanent": false, "length_km": 3.4 }, "geometry": { "type": "LineString", "coordinates": [ [ 3.98813, 50.33017 ], [ 3.99275, 50.33007 ], [ 3.99483, 50.3317 ], [ 3.9987, 50.33214 ], [ 4.00579, 50.33543 ], [ 4.0086, 50.33578 ], [ 4.01856, 50.34401 ], [ 4.02119, 50.3433 ], [ 4.02525, 50.34392 ] ] } },
{ "type": "Feature", "properties": { "name": "le Faubourg", "weight_class": 1, "permanent": false, "length_km": 2.6 }, "geometry": { "type": "LineString", "coordinates": [ [ 4.00192, 50.33654 ], [ 4.00617, 50.33895 ], [ 4.0089, 50.34364 ], [ 4.01403, 50.34548 ], [ 4.01757, 50.34843 ], [ 4.02693, 50.34741 ] ] } },
{ "type": "Feature", "properties": { "name": "le Courant entre les Bois", "weight_class": 1, "permanent": false, "length_km": 2.0 }, "geometry": { "type": "LineString", "coordinates": [ [ 4.07663, 50.21995 ], [ 4.06785, 50.21565 ], [ 4.058, 50.20777 ] ] } },
{ "type": "Feature", "properties": { "name": "Ruisseau de la Fachelle", "weight_class": 1, "permanent": true, "length_km": 2.2 }, "geometry": { "type": "LineString", "coordinates": [ [ 4.06914, 50.22215 ], [ 4.05847, 50.21481 ], [ 4.05225, 50.20911 ], [ 4.05202, 50.20724 ] ] } },
{ "type": "Feature", "properties": { "name": "Ruisseau de la Carnoye", "weight_class": 1, "permanent": true, "length_km": 3.1 }, "geometry": { "type": "LineString", "coordinates": [ [ 4.0554, 50.22581 ], [ 4.04252, 50.22461 ], [ 4.03657, 50.22219 ], [ 4.03536, 50.22063 ], [ 4.02584, 50.21839 ], [ 4.01793, 50.22045 ] ] } },
{ "type": "Feature", "properties": { "name": "Ruisseau des Prés sous la Ville", "weight_class": 1, "permanent": true, "length_km": 2.6 }, "geometry": { "type": "LineString", "coordinates": [ [ 4.11318, 50.21898 ], [ 4.11041, 50.21698 ], [ 4.10449, 50.21575 ], [ 4.0847, 50.20865 ], [ 4.08444, 50.20728 ] ] } },
{ "type": "Feature", "properties": { "name": "Ruisseau du Paradis", "weight_class": 1, "permanent": true, "length_km": 3.5 }, "geometry": { "type": "LineString", "coordinates": [ [ 3.95868, 50.23952 ], [ 3.95936, 50.24202 ], [ 3.95528, 50.24501 ], [ 3.95309, 50.24847 ], [ 3.95681, 50.25518 ], [ 3.95693, 50.25817 ], [ 3.94515, 50.25788 ], [ 3.94214, 50.25875 ] ] } },
{ "type": "Feature", "properties": { "name": "Ruisseau le Fourneau", "weight_class": 1, "permanent": true, "length_km": 2.8 }, "geometry": { "type": "LineString", "coordinates": [ [ 4.12004, 50.22734 ], [ 4.12278, 50.23071 ], [ 4.12775, 50.23332 ], [ 4.13104, 50.23973 ], [ 4.13027, 50.24241 ], [ 4.13695, 50.24717 ] ] } },
{ "type": "Feature", "properties": { "name": "Trouille", "weight_class": 1, "permanent": true, "length_km": 8.1 }, "geometry": { "type": "LineString", "coordinates": [ [ 4.07659, 50.32143 ], [ 4.07084, 50.32418 ], [ 4.06481, 50.33073 ], [ 4.05833, 50.33223 ], [ 4.04924, 50.33066 ], [ 4.04728, 50.32857 ], [ 4.04234, 50.32704 ], [ 4.03915, 50.32728 ], [ 4.03601, 50.32878 ], [ 4.02908, 50.32896 ], [ 4.02536, 50.33092 ], [ 4.02225, 50.33128 ], [ 4.02179, 50.333 ], [ 4.01869, 50.33344 ], [ 4.01838, 50.33694 ], [ 4.02534, 50.34326 ], [ 4.02685, 50.34508 ], [ 4.02692, 50.34815 ], [ 4.03095, 50.35141 ] ] } },
{ "type": "Feature", "properties": { "name": "la Sambre Canalisée", "weight_class": 3, "permanent": true, "length_km": 64.6 }, "geometry": { "type": "LineString", "coordinates": [ [ 3.6432, 50.04754 ], [ 3.64282, 50.05775 ], [ 3.64879, 50.06302 ], [ 3.6474, 50.07404 ], [ 3.63918, 50.08189 ], [ 3.63244, 50.09325 ], [ 3.63398, 50.09805 ], [ 3.64717, 50.11042 ], [ 3.65411, 50.11408 ], [ 3.66362, 50.11075 ], [ 3.66916, 50.11313 ], [ 3.69011, 50.12798 ], [ 3.70374, 50.13217 ], [ 3.71069, 50.13319 ], [ 3.71501, 50.13285 ], [ 3.71951, 50.13471 ], [ 3.72025, 50.13617 ], [ 3.71709, 50.13831 ], [ 3.72092, 50.1423 ], [ 3.72194, 50.14717 ], [ 3.73119, 50.15436 ], [ 3.736, 50.1565 ], [ 3.74135, 50.15681 ], [ 3.75821, 50.15511 ], [ 3.76301, 50.15577 ], [ 3.77516, 50.16146 ], [ 3.77605, 50.16431 ], [ 3.77484, 50.16874 ], [ 3.77806, 50.17096 ], [ 3.78445, 50.17245 ], [ 3.79625, 50.17263 ], [ 3.80284, 50.17543 ], [ 3.81192, 50.1753 ], [ 3.81864, 50.17752 ], [ 3.82254, 50.18178 ], [ 3.81953, 50.18285 ], [ 3.8202, 50.18581 ], [ 3.81633, 50.18744 ], [ 3.8179, 50.18921 ], [ 3.81285, 50.19444 ], [ 3.81417, 50.19868 ], [ 3.81855, 50.20327 ], [ 3.82131, 50.2054 ], [ 3.8246, 50.20613 ], [ 3.82886, 50.21181 ], [ 3.84061, 50.22212 ], [ 3.84237, 50.2221 ], [ 3.84564, 50.22023 ], [ 3.84829, 50.21721 ], [ 3.84788, 50.21472 ], [ 3.85222, 50.21391 ], [ 3.8537, 50.21267 ], [ 3.86239, 50.21515 ], [ 3.86664, 50.22049 ], [ 3.8656, 50.22339 ], [ 3.86271, 50.22485 ], [ 3.86034, 50.22522 ], [ 3.8598, 50.22311 ], [ 3.85785, 50.22238 ], [ 3.854, 50.22372 ], [ 3.85153, 50.22633 ], [ 3.8474, 50.23412 ], [ 3.8534, 50.24195 ], [ 3.85699, 50.24196 ], [ 3.85951, 50.23916 ], [ 3.85909, 50.23744 ], [ 3.86234, 50.23559 ], [ 3.87022, 50.23524 ], [ 3.8763, 50.23358 ], [ 3.88177, 50.22859 ], [ 3.88658, 50.2293 ], [ 3.89007, 50.23283 ], [ 3.88429, 50.23854 ], [ 3.88532, 50.24115 ], [ 3.8935, 50.24681 ], [ 3.89704, 50.24712 ], [ 3.90138, 50.24912 ], [ 3.90815, 50.2489 ], [ 3.91657, 50.25036 ], [ 3.92104, 50.25357 ], [ 3.92236, 50.26071 ], [ 3.92861, 50.26451 ], [ 3.93418, 50.26262 ], [ 3.9417, 50.2621 ], [ 3.95419, 50.26383 ], [ 3.95981, 50.27421 ], [ 3.96954, 50.27688 ], [ 3.97389, 50.27642 ], [ 3.97747, 50.27449 ], [ 3.99044, 50.27523 ], [ 3.99827, 50.27753 ], [ 3.99908, 50.28072 ], [ 4.00561, 50.28427 ], [ 4.0123, 50.28485 ], [ 4.02701, 50.27912 ], [ 4.03405, 50.28164 ], [ 4.03608, 50.28472 ], [ 4.0435, 50.28844 ], [ 4.05428, 50.28425 ], [ 4.0637, 50.28534 ], [ 4.06716, 50.28654 ], [ 4.07049, 50.29041 ], [ 4.08407, 50.29971 ], [ 4.09406, 50.29853 ], [ 4.09974, 50.29978 ], [ 4.10181, 50.29795 ], [ 4.10415, 50.29781 ], [ 4.10727, 50.29868 ], [ 4.11713, 50.30434 ] ] } },
{ "type": "Feature", "properties": { "name": "Thure", "weight_class": 2, "permanent": true, "length_km": 12.2 }, "geometry": { "type": "MultiLineString", "coordinates": [ [ [ 4.16484, 50.19122 ], [ 4.15807, 50.19177 ], [ 4.15454, 50.19347 ], [ 4.15206, 50.19661 ], [ 4.15436, 50.19773 ], [ 4.15379, 50.20244 ], [ 4.15606, 50.20378 ], [ 4.1534, 50.20709 ], [ 4.15208, 50.20692 ], [ 4.1526, 50.21087 ], [ 4.14892, 50.21485 ], [ 4.14998, 50.21768 ], [ 4.14616, 50.22035 ], [ 4.14758, 50.22184 ], [ 4.14618, 50.22258 ], [ 4.14687, 50.22458 ], [ 4.14521, 50.22618 ], [ 4.14672, 50.22809 ], [ 4.14588, 50.23018 ], [ 4.14702, 50.23144 ], [ 4.14703, 50.23525 ], [ 4.14564, 50.23877 ], [ 4.14354, 50.24025 ], [ 4.1499, 50.2473 ], [ 4.14926, 50.24837 ], [ 4.14653, 50.24859 ], [ 4.14427, 50.25033 ], [ 4.14685, 50.25297 ], [ 4.14772, 50.2582 ] ], [ [ 4.14942, 50.27545 ], [ 4.15056, 50.27811 ], [ 4.15552, 50.28037 ], [ 4.1544, 50.28115 ], [ 4.15538, 50.28378 ], [ 4.15407, 50.28414 ] ], [ [ 4.15017, 50.27372 ], [ 4.1498, 50.27506 ] ] ] } },
{ "type": "Feature", "properties": { "name": "Ruisseau de Watissart", "weight_class": 1, "permanent": true, "length_km": 4.5 }, "geometry": { "type": "LineString", "coordinates": [ [ 4.11657, 50.27459 ], [ 4.09757, 50.27428 ], [ 4.09354, 50.27603 ], [ 4.09508, 50.27826 ], [ 4.09464, 50.28282 ], [ 4.09925, 50.29387 ], [ 4.09715, 50.29895 ] ] } },
{ "type": "Feature", "properties": { "name": "Pisselotte", "weight_class": 1, "permanent": true, "length_km": 4.6 }, "geometry": { "type": "LineString", "coordinates": [ [ 3.95472, 50.29847 ], [ 3.96441, 50.30009 ], [ 3.96772, 50.29753 ], [ 3.97915, 50.29602 ], [ 3.98343, 50.2925 ], [ 3.97793, 50.28493 ], [ 3.97976, 50.28244 ], [ 3.97898, 50.28029 ], [ 3.97422, 50.27624 ] ] } },
{ "type": "Feature", "properties": { "name": "Ruisseau de Grandireux", "weight_class": 1, "permanent": true, "length_km": 5.1 }, "geometry": { "type": "LineString", "coordinates": [ [ 4.10538, 50.23057 ], [ 4.10635, 50.23521 ], [ 4.10898, 50.23847 ], [ 4.10482, 50.2425 ], [ 4.10979, 50.24703 ], [ 4.11529, 50.24796 ], [ 4.14099, 50.24705 ], [ 4.14357, 50.24857 ], [ 4.14433, 50.25069 ] ] } },
{ "type": "Feature", "properties": { "name": "Ruisseau de l'Escrière", "weight_class": 1, "permanent": true, "length_km": 8.8 }, "geometry": { "type": "LineString", "coordinates": [ [ 4.11102, 50.25703 ], [ 4.10061, 50.25554 ], [ 4.09783, 50.25621 ], [ 4.08879, 50.25547 ], [ 4.08003, 50.25661 ], [ 4.07812, 50.2581 ], [ 4.07771, 50.26154 ], [ 4.06868, 50.2627 ], [ 4.0641, 50.26524 ], [ 4.06259, 50.26521 ], [ 4.05849, 50.26786 ], [ 4.05758, 50.26995 ], [ 4.05495, 50.27027 ], [ 4.04789, 50.26907 ], [ 4.03878, 50.27153 ], [ 4.03591, 50.27479 ], [ 4.0365, 50.27682 ], [ 4.04044, 50.28377 ], [ 4.04531, 50.28763 ] ] } },
{ "type": "Feature", "properties": { "name": "Ruisseau de Quiévelon", "weight_class": 1, "permanent": true, "length_km": 7.2 }, "geometry": { "type": "LineString", "coordinates": [ [ 4.08584, 50.22683 ], [ 4.08403, 50.22846 ], [ 4.08357, 50.23264 ], [ 4.07709, 50.23218 ], [ 4.07515, 50.23312 ], [ 4.0745, 50.23404 ], [ 4.07661, 50.23838 ], [ 4.07631, 50.23973 ], [ 4.07374, 50.2406 ], [ 4.05974, 50.24056 ], [ 4.0557, 50.2391 ], [ 4.05056, 50.23897 ], [ 4.0434, 50.24046 ], [ 4.03945, 50.23923 ], [ 4.03714, 50.24231 ], [ 4.02705, 50.23965 ], [ 4.01804, 50.23853 ] ] } },
{ "type": "Feature", "properties": { "name": "Radiève", "weight_class": 1, "permanent": true, "length_km": 2.7 }, "geometry": { "type": "LineString", "coordinates": [ [ 3.985, 50.24021 ], [ 3.98698, 50.23787 ], [ 3.99038, 50.23761 ], [ 3.9953, 50.23532 ], [ 3.99755, 50.23585 ], [ 3.99967, 50.23819 ], [ 4.00879, 50.24135 ], [ 4.00963, 50.24231 ], [ 4.00815, 50.2436 ], [ 4.00919, 50.24402 ] ] } },
{ "type": "Feature", "properties": { "name": "Ruisseau des Besaces", "weight_class": 2, "permanent": true, "length_km": 3.1 }, "geometry": { "type": "LineString", "coordinates": [ [ 3.96859, 50.24287 ], [ 3.96824, 50.24491 ], [ 3.97005, 50.2487 ], [ 3.97429, 50.2534 ], [ 3.98192, 50.25501 ], [ 3.98661, 50.25379 ], [ 3.99304, 50.25373 ], [ 3.99631, 50.25541 ] ] } },
{ "type": "Feature", "properties": { "name": "Solre", "weight_class": 1, "permanent": true, "length_km": 23.1 }, "geometry": { "type": "LineString", "coordinates": [ [ 4.08894, 50.17786 ], [ 4.0866, 50.1788 ], [ 4.08339, 50.17875 ], [ 4.07956, 50.18054 ], [ 4.0753, 50.18016 ], [ 4.06558, 50.18279 ], [ 4.0649, 50.18467 ], [ 4.06608, 50.18783 ], [ 4.06262, 50.1902 ], [ 4.06543, 50.19294 ], [ 4.06455, 50.19503 ], [ 4.06651, 50.20518 ], [ 4.06196, 50.20558 ], [ 4.06167, 50.20665 ], [ 4.06103, 50.20618 ], [ 4.058, 50.20777 ], [ 4.05649, 50.2063 ], [ 4.0519, 50.20724 ], [ 4.04977, 50.20515 ], [ 4.04583, 50.20685 ], [ 4.04346, 50.20573 ], [ 4.04082, 50.2065 ], [ 4.03883, 50.20608 ], [ 4.03646, 50.20688 ], [ 4.03098, 50.21137 ], [ 4.02841, 50.21142 ], [ 4.02869, 50.21258 ], [ 4.02487, 50.2124 ], [ 4.02454, 50.21315 ], [ 4.02783, 50.2158 ], [ 4.02703, 50.21723 ], [ 4.02102, 50.21886 ], [ 4.02043, 50.21837 ], [ 4.01923, 50.21938 ], [ 4.01727, 50.21913 ], [ 4.01729, 50.22161 ], [ 4.01948, 50.22322 ], [ 4.0204, 50.22784 ], [ 4.01885, 50.22834 ], [ 4.018, 50.23197 ], [ 4.0144, 50.23224 ], [ 4.01251, 50.23386 ], [ 4.01368, 50.23556 ], [ 4.01759, 50.23751 ], [ 4.01803, 50.24086 ], [ 4.01343, 50.24246 ], [ 4.00989, 50.24221 ], [ 4.00918, 50.25013 ], [ 4.00795, 50.24979 ], [ 4.00561, 50.25079 ], [ 4.00311, 50.25364 ], [ 3.99962, 50.25428 ], [ 3.99911, 50.25357 ], [ 3.99808, 50.255 ], [ 3.9949, 50.25603 ], [ 3.99706, 50.2594 ], [ 3.9972, 50.26397 ], [ 3.99588, 50.26613 ], [ 4.00054, 50.26831 ], [ 4.0011, 50.27025 ], [ 4.00403, 50.27216 ], [ 4.00432, 50.27305 ], [ 4.00273, 50.27351 ], [ 4.00431, 50.27698 ], [ 4.00955, 50.28019 ], [ 4.00964, 50.2815 ], [ 4.01331, 50.28196 ], [ 4.01273, 50.28313 ], [ 4.01445, 50.28406 ] ] } },
{ "type": "Feature", "properties": { "name": "Ruisseau des Prés à Forêt", "weight_class": 1, "permanent": true, "length_km": 4.2 }, "geometry": { "type": "LineString", "coordinates": [ [ 3.94713, 50.23565 ], [ 3.94816, 50.23177 ], [ 3.94235, 50.22967 ], [ 3.93956, 50.22603 ], [ 3.93416, 50.22392 ], [ 3.92935, 50.22007 ], [ 3.92364, 50.21906 ], [ 3.92129, 50.21962 ], [ 3.90684, 50.21869 ] ] } },
{ "type": "Feature", "properties": { "name": "le Pont de Chimay", "weight_class": 1, "permanent": false, "length_km": 2.2 }, "geometry": { "type": "LineString", "coordinates": [ [ 4.13478, 50.04817 ], [ 4.13888, 50.0515 ], [ 4.14751, 50.05141 ], [ 4.1515, 50.05296 ], [ 4.16154, 50.05346 ] ] } },
{ "type": "Feature", "properties": { "name": "Eppe-Sauvage", "weight_class": 1, "permanent": true, "length_km": 3.0 }, "geometry": { "type": "LineString", "coordinates": [ [ 4.13371, 50.07915 ], [ 4.13617, 50.08192 ], [ 4.14018, 50.08365 ], [ 4.14143, 50.09026 ], [ 4.15333, 50.09752 ], [ 4.15497, 50.09998 ] ] } },
{ "type": "Feature", "properties": { "name": "Ferme à Lunettes", "weight_class": 1, "permanent": true, "length_km": 5.6 }, "geometry": { "type": "LineString", "coordinates": [ [ 4.12615, 50.06869 ], [ 4.1227, 50.06952 ], [ 4.11798, 50.06901 ], [ 4.11369, 50.07097 ], [ 4.1078, 50.07155 ], [ 4.10546, 50.0708 ], [ 4.09849, 50.07181 ], [ 4.09178, 50.07473 ], [ 4.08509, 50.07205 ], [ 4.07987, 50.0732 ], [ 4.07723, 50.07285 ], [ 4.07144, 50.06871 ], [ 4.06453, 50.06926 ], [ 4.06243, 50.06826 ], [ 4.05981, 50.0692 ] ] } },
{ "type": "Feature", "properties": { "name": "le Paradis", "weight_class": 1, "permanent": true, "length_km": 4.0 }, "geometry": { "type": "LineString", "coordinates": [ [ 4.06579, 50.08826 ], [ 4.06308, 50.09416 ], [ 4.0675, 50.09708 ], [ 4.06887, 50.10067 ], [ 4.07741, 50.10966 ], [ 4.07635, 50.11175 ], [ 4.07884, 50.11398 ], [ 4.07904, 50.11532 ], [ 4.07763, 50.11636 ], [ 4.07429, 50.11718 ] ] } },
{ "type": "Feature", "properties": { "name": "Ruisseau des Viviers", "weight_class": 1, "permanent": true, "length_km": 2.2 }, "geometry": { "type": "LineString", "coordinates": [ [ 4.06323, 50.05089 ], [ 4.06797, 50.05756 ], [ 4.06999, 50.05865 ], [ 4.07256, 50.06411 ], [ 4.07847, 50.06599 ] ] } },
{ "type": "Feature", "properties": { "name": "Ruisseau du Corbion", "weight_class": 1, "permanent": true, "length_km": 4.6 }, "geometry": { "type": "LineString", "coordinates": [ [ 4.10591, 50.09216 ], [ 4.10743, 50.09095 ], [ 4.10345, 50.08781 ], [ 4.08607, 50.08262 ], [ 4.08098, 50.08192 ], [ 4.07038, 50.07583 ], [ 4.07011, 50.07403 ], [ 4.06655, 50.07103 ], [ 4.05981, 50.0692 ] ] } },
{ "type": "Feature", "properties": { "name": "Ferme à Lunettes", "weight_class": 1, "permanent": true, "length_km": 2.1 }, "geometry": { "type": "LineString", "coordinates": [ [ 4.03351, 50.08188 ], [ 4.03251, 50.08058 ], [ 4.03313, 50.07856 ], [ 4.04015, 50.07484 ], [ 4.03697, 50.06791 ], [ 4.03816, 50.06599 ] ] } },
{ "type": "Feature", "properties": { "name": "le Pont de Sains", "weight_class": 1, "permanent": true, "length_km": 3.9 }, "geometry": { "type": "LineString", "coordinates": [ [ 4.05375, 50.08501 ], [ 4.05728, 50.08516 ], [ 4.05952, 50.08312 ], [ 4.05676, 50.07651 ], [ 4.05224, 50.07116 ], [ 4.05368, 50.06921 ], [ 4.04875, 50.06905 ], [ 4.04571, 50.06741 ], [ 4.03939, 50.06675 ], [ 4.03447, 50.06466 ] ] } },
{ "type": "Feature", "properties": { "name": "Ruisseau de la Plate Pierre", "weight_class": 1, "permanent": true, "length_km": 4.4 }, "geometry": { "type": "LineString", "coordinates": [ [ 3.96162, 50.09135 ], [ 3.9541, 50.0893 ], [ 3.94865, 50.08494 ], [ 3.94181, 50.0735 ], [ 3.93569, 50.07185 ], [ 3.92724, 50.07283 ], [ 3.92307, 50.06962 ] ] } },
{ "type": "Feature", "properties": { "name": "l'Écluse", "weight_class": 1, "permanent": true, "length_km": 2.4 }, "geometry": { "type": "LineString", "coordinates": [ [ 3.99419, 50.07363 ], [ 3.98942, 50.06982 ], [ 3.99043, 50.06809 ], [ 3.98824, 50.06474 ], [ 3.98972, 50.06274 ], [ 3.99143, 50.06265 ], [ 3.99693, 50.05941 ], [ 3.99592, 50.05781 ] ] } },
{ "type": "Feature", "properties": { "name": "Canal de la Folie", "weight_class": 1, "permanent": true, "length_km": 3.8 }, "geometry": { "type": "LineString", "coordinates": [ [ 4.10347, 50.06452 ], [ 4.10815, 50.06599 ], [ 4.12615, 50.06869 ], [ 4.13066, 50.06729 ], [ 4.14109, 50.06635 ], [ 4.15077, 50.068 ], [ 4.15339, 50.06951 ] ] } },
{ "type": "Feature", "properties": { "name": "Ri de Maubeuge", "weight_class": 1, "permanent": false, "length_km": 2.8 }, "geometry": { "type": "LineString", "coordinates": [ [ 3.98244, 50.15705 ], [ 4.00224, 50.16568 ], [ 4.01073, 50.16787 ], [ 4.01539, 50.16654 ] ] } },
{ "type": "Feature", "properties": { "name": "Ruisseau du Lepet", "weight_class": 1, "permanent": true, "length_km": 2.0 }, "geometry": { "type": "LineString", "coordinates": [ [ 4.01098, 50.15648 ], [ 4.01362, 50.15898 ], [ 4.01551, 50.1667 ], [ 4.02498, 50.16984 ] ] } },
{ "type": "Feature", "properties": { "name": "Ruisseau de Pluscon", "weight_class": 1, "permanent": true, "length_km": 3.5 }, "geometry": { "type": "LineString", "coordinates": [ [ 3.97844, 50.1912 ], [ 3.98083, 50.19262 ], [ 3.98945, 50.19064 ], [ 3.9934, 50.19213 ], [ 3.99609, 50.19107 ], [ 4.00558, 50.19301 ], [ 4.01171, 50.19309 ], [ 4.01329, 50.19234 ], [ 4.02029, 50.19387 ], [ 4.0221, 50.19354 ] ] } },
{ "type": "Feature", "properties": { "name": "Ruisseau de Glarge", "weight_class": 1, "permanent": true, "length_km": 3.1 }, "geometry": { "type": "LineString", "coordinates": [ [ 3.9893, 50.202 ], [ 3.9897, 50.20339 ], [ 3.99591, 50.20568 ], [ 4.00909, 50.21681 ], [ 4.01617, 50.2195 ], [ 4.01741, 50.21894 ] ] } },
{ "type": "Feature", "properties": { "name": "Ruisseau de Solre-le-Château", "weight_class": 1, "permanent": true, "length_km": 2.4 }, "geometry": { "type": "LineString", "coordinates": [ [ 4.0726, 50.16545 ], [ 4.07497, 50.17215 ], [ 4.07338, 50.1749 ], [ 4.06893, 50.17628 ], [ 4.06594, 50.17897 ], [ 4.06531, 50.18025 ], [ 4.06737, 50.18181 ], [ 4.06618, 50.18275 ] ] } },
{ "type": "Feature", "properties": { "name": "Malakoff", "weight_class": 1, "permanent": true, "length_km": 2.8 }, "geometry": { "type": "LineString", "coordinates": [ [ 4.09575, 50.15641 ], [ 4.09327, 50.16468 ], [ 4.09108, 50.16634 ], [ 4.08715, 50.16729 ], [ 4.08901, 50.1722 ], [ 4.08894, 50.17786 ] ] } },
{ "type": "Feature", "properties": { "name": "Ruisseau de Bouvret", "weight_class": 2, "permanent": true, "length_km": 4.2 }, "geometry": { "type": "LineString", "coordinates": [ [ 4.0075, 50.14893 ], [ 3.99751, 50.14386 ], [ 3.98964, 50.13785 ], [ 3.98645, 50.13353 ], [ 3.98234, 50.13269 ], [ 3.97588, 50.12749 ], [ 3.9665, 50.12547 ] ] } },
{ "type": "Feature", "properties": { "name": "Ruisseau de Bas-Lieu", "weight_class": 1, "permanent": true, "length_km": 4.5 }, "geometry": { "type": "LineString", "coordinates": [ [ 3.98965, 50.14909 ], [ 3.98307, 50.14525 ], [ 3.97695, 50.14401 ], [ 3.96136, 50.13864 ], [ 3.9583, 50.13621 ], [ 3.95767, 50.13164 ], [ 3.95477, 50.12822 ], [ 3.94941, 50.12667 ], [ 3.94557, 50.12712 ] ] } },
{ "type": "Feature", "properties": { "name": "le Culot", "weight_class": 1, "permanent": true, "length_km": 2.4 }, "geometry": { "type": "LineString", "coordinates": [ [ 4.0906, 50.10519 ], [ 4.09045, 50.10819 ], [ 4.0927, 50.1128 ], [ 4.08748, 50.11618 ], [ 4.08553, 50.11957 ], [ 4.08138, 50.12049 ], [ 4.07933, 50.11984 ] ] } },
{ "type": "Feature", "properties": { "name": "la Perrière", "weight_class": 1, "permanent": true, "length_km": 3.7 }, "geometry": { "type": "LineString", "coordinates": [ [ 4.0769, 50.14444 ], [ 4.07581, 50.14302 ], [ 4.06804, 50.13943 ], [ 4.06598, 50.13717 ], [ 4.06594, 50.13474 ], [ 4.0681, 50.13322 ], [ 4.06551, 50.13099 ], [ 4.06488, 50.12843 ], [ 4.06841, 50.12506 ], [ 4.0639, 50.12243 ], [ 4.05853, 50.12288 ] ] } },
{ "type": "Feature", "properties": { "name": "Ruisseau du Courtil", "weight_class": 1, "permanent": true, "length_km": 2.5 }, "geometry": { "type": "LineString", "coordinates": [ [ 4.04475, 50.09814 ], [ 4.04921, 50.10273 ], [ 4.04591, 50.10609 ], [ 4.05021, 50.11163 ], [ 4.04701, 50.11689 ] ] } },
{ "type": "Feature", "properties": { "name": "Ruisseau du Fourmanoir", "weight_class": 1, "permanent": true, "length_km": 3.3 }, "geometry": { "type": "LineString", "coordinates": [ [ 3.96353, 50.09808 ], [ 3.96267, 50.1067 ], [ 3.96087, 50.10879 ], [ 3.95868, 50.10927 ], [ 3.95749, 50.1112 ], [ 3.95507, 50.11233 ], [ 3.95118, 50.11245 ], [ 3.94446, 50.11494 ], [ 3.94256, 50.11671 ] ] } },
{ "type": "Feature", "properties": { "name": "Ruisseau de la Braquennière", "weight_class": 1, "permanent": true, "length_km": 3.9 }, "geometry": { "type": "LineString", "coordinates": [ [ 3.97117, 50.19212 ], [ 3.96586, 50.18919 ], [ 3.96001, 50.18374 ], [ 3.94945, 50.18292 ], [ 3.94288, 50.18118 ], [ 3.93603, 50.17733 ], [ 3.93613, 50.17641 ], [ 3.93146, 50.17484 ] ] } },
{ "type": "Feature", "properties": { "name": "Rieu de Cripotte", "weight_class": 1, "permanent": false, "length_km": 2.2 }, "geometry": { "type": "LineString", "coordinates": [ [ 4.12905, 50.19242 ], [ 4.13031, 50.19429 ], [ 4.13511, 50.19589 ], [ 4.13896, 50.19914 ], [ 4.14591, 50.20186 ], [ 4.1484, 50.20463 ], [ 4.14785, 50.20553 ] ] } },
{ "type": "Feature", "properties": { "name": "Rieu de Grand Champ", "weight_class": 1, "permanent": false, "length_km": 2.8 }, "geometry": { "type": "LineString", "coordinates": [ [ 4.12117, 50.1975 ], [ 4.1321, 50.20336 ], [ 4.13873, 50.20403 ], [ 4.14414, 50.20706 ], [ 4.14831, 50.20546 ], [ 4.15209, 50.2069 ] ] } },
{ "type": "Feature", "properties": { "name": "Ruisseau de l'Écrevisse", "weight_class": 1, "permanent": true, "length_km": 8.3 }, "geometry": { "type": "LineString", "coordinates": [ [ 4.14604, 50.16861 ], [ 4.1458, 50.17027 ], [ 4.1481, 50.1729 ], [ 4.14805, 50.17413 ], [ 4.14603, 50.17542 ], [ 4.13712, 50.17782 ], [ 4.1327, 50.17706 ], [ 4.12385, 50.17804 ], [ 4.12211, 50.17749 ], [ 4.12112, 50.17884 ], [ 4.11124, 50.18389 ], [ 4.10068, 50.18464 ], [ 4.09717, 50.18681 ], [ 4.09823, 50.18909 ], [ 4.09418, 50.1906 ], [ 4.0859, 50.18744 ], [ 4.08017, 50.18752 ], [ 4.07578, 50.18886 ], [ 4.06671, 50.18843 ], [ 4.06435, 50.18933 ] ] } },
{ "type": "Feature", "properties": { "name": "Ruisseau de Hayette", "weight_class": 1, "permanent": true, "length_km": 2.6 }, "geometry": { "type": "LineString", "coordinates": [ [ 4.11902, 50.20761 ], [ 4.0907, 50.20674 ], [ 4.08444, 50.20728 ] ] } },
{ "type": "Feature", "properties": { "name": "le Riamé", "weight_class": 1, "permanent": true, "length_km": 4.6 }, "geometry": { "type": "LineString", "coordinates": [ [ 4.13105, 50.16433 ], [ 4.12571, 50.16391 ], [ 4.1207, 50.1616 ], [ 4.11357, 50.16254 ], [ 4.10817, 50.16708 ], [ 4.10652, 50.17027 ], [ 4.10254, 50.17138 ], [ 4.10157, 50.17252 ], [ 4.10275, 50.17477 ], [ 4.10249, 50.17825 ], [ 4.10119, 50.17925 ], [ 4.09672, 50.17929 ], [ 4.08894, 50.17786 ] ] } },
{ "type": "Feature", "properties": { "name": "Ruisseau de la Fontaine Saint-Liénard", "weight_class": 1, "permanent": true, "length_km": 2.4 }, "geometry": { "type": "LineString", "coordinates": [ [ 4.12201, 50.15435 ], [ 4.11902, 50.14769 ], [ 4.12732, 50.14638 ], [ 4.12833, 50.14397 ], [ 4.12739, 50.14053 ], [ 4.12963, 50.13916 ] ] } },
{ "type": "Feature", "properties": { "name": "Ruisseau de Stordoir", "weight_class": 1, "permanent": true, "length_km": 8.5 }, "geometry": { "type": "LineString", "coordinates": [ [ 4.05516, 50.15852 ], [ 4.05483, 50.16042 ], [ 4.04618, 50.16411 ], [ 4.04364, 50.17046 ], [ 4.03475, 50.17249 ], [ 4.02657, 50.1721 ], [ 4.02202, 50.17469 ], [ 4.01935, 50.17802 ], [ 4.02104, 50.18051 ], [ 4.01948, 50.18625 ], [ 4.02029, 50.19026 ], [ 4.02548, 50.19771 ], [ 4.02525, 50.19888 ], [ 4.02818, 50.20087 ], [ 4.02733, 50.2028 ], [ 4.031, 50.20369 ], [ 4.0339, 50.20648 ], [ 4.03409, 50.20856 ] ] } },
{ "type": "Feature", "properties": { "name": "Tarsy", "weight_class": 1, "permanent": true, "length_km": 15.9 }, "geometry": { "type": "LineString", "coordinates": [ [ 3.98393, 50.18338 ], [ 3.97594, 50.18357 ], [ 3.9688, 50.18152 ], [ 3.95779, 50.17418 ], [ 3.94557, 50.17464 ], [ 3.94299, 50.17577 ], [ 3.93924, 50.17554 ], [ 3.93497, 50.17334 ], [ 3.93146, 50.17484 ], [ 3.92603, 50.17432 ], [ 3.92445, 50.17235 ], [ 3.91951, 50.17142 ], [ 3.91431, 50.1675 ], [ 3.9062, 50.16481 ], [ 3.90321, 50.16229 ], [ 3.89994, 50.1622 ], [ 3.89707, 50.16076 ], [ 3.89118, 50.1647 ], [ 3.8899, 50.1685 ], [ 3.88708, 50.16942 ], [ 3.88604, 50.17117 ], [ 3.88335, 50.17251 ], [ 3.87778, 50.17207 ], [ 3.87447, 50.17049 ], [ 3.8709, 50.1706 ], [ 3.87067, 50.17134 ], [ 3.86245, 50.17052 ], [ 3.85294, 50.1745 ], [ 3.8492, 50.1745 ], [ 3.8429, 50.17665 ], [ 3.84016, 50.1788 ], [ 3.83068, 50.17834 ], [ 3.82928, 50.17952 ], [ 3.82233, 50.18115 ] ] } },
{ "type": "Feature", "properties": { "name": "Ruisseau d'Orbaye", "weight_class": 1, "permanent": true, "length_km": 4.0 }, "geometry": { "type": "MultiLineString", "coordinates": [ [ [ 4.12872, 50.13721 ], [ 4.12508, 50.13343 ], [ 4.12237, 50.13317 ], [ 4.12058, 50.13143 ], [ 4.12174, 50.12979 ], [ 4.11694, 50.12376 ], [ 4.11878, 50.11949 ] ], [ [ 4.14039, 50.16288 ], [ 4.14, 50.15955 ], [ 4.1354, 50.15573 ], [ 4.1351, 50.15392 ], [ 4.13723, 50.15078 ] ] ] } },
{ "type": "Feature", "properties": { "name": "Ruisseau de la Patûre aux Boeufs", "weight_class": 1, "permanent": true, "length_km": 5.5 }, "geometry": { "type": "LineString", "coordinates": [ [ 4.10372, 50.15345 ], [ 4.10236, 50.1501 ], [ 4.09996, 50.14859 ], [ 4.10007, 50.1455 ], [ 4.08928, 50.13806 ], [ 4.09278, 50.13575 ], [ 4.09172, 50.13415 ], [ 4.08837, 50.13292 ], [ 4.09038, 50.12976 ], [ 4.07733, 50.12403 ], [ 4.07306, 50.12085 ], [ 4.06846, 50.11979 ] ] } },
{ "type": "Feature", "properties": { "name": "Ruisseau de la Belleuse", "weight_class": 2, "permanent": true, "length_km": 9.3 }, "geometry": { "type": "LineString", "coordinates": [ [ 4.09133, 50.15295 ], [ 4.07987, 50.15229 ], [ 4.07786, 50.151 ], [ 4.06959, 50.15 ], [ 4.06639, 50.14884 ], [ 4.05779, 50.14921 ], [ 4.05551, 50.15107 ], [ 4.04508, 50.15072 ], [ 4.03507, 50.14916 ], [ 4.02224, 50.14035 ], [ 4.01584, 50.13891 ], [ 4.01424, 50.13659 ], [ 4.00629, 50.13188 ], [ 4.00361, 50.12868 ], [ 4.00392, 50.1256 ], [ 4.00146, 50.12061 ], [ 4.00305, 50.11946 ] ] } },
{ "type": "Feature", "properties": { "name": "Ruisseau de Saint-Aubin à Semousies", "weight_class": 1, "permanent": true, "length_km": 4.6 }, "geometry": { "type": "LineString", "coordinates": [ [ 3.97358, 50.16097 ], [ 3.97396, 50.16369 ], [ 3.97174, 50.16449 ], [ 3.9567, 50.16564 ], [ 3.94932, 50.16862 ], [ 3.93535, 50.16683 ], [ 3.93119, 50.16835 ], [ 3.9259, 50.17268 ], [ 3.92452, 50.17241 ] ] } },
{ "type": "Feature", "properties": { "name": "Helpe Majeure", "weight_class": 2, "permanent": true, "length_km": 70.8 }, "geometry": { "type": "MultiLineString", "coordinates": [ [ [ 4.15396, 50.04006 ], [ 4.16242, 50.04941 ], [ 4.16154, 50.05346 ], [ 4.16428, 50.05494 ], [ 4.16971, 50.05607 ], [ 4.17325, 50.05815 ], [ 4.17501, 50.06149 ], [ 4.17881, 50.0632 ], [ 4.17986, 50.06524 ], [ 4.18712, 50.06958 ], [ 4.18897, 50.06942 ], [ 4.19194, 50.07075 ], [ 4.19334, 50.07365 ], [ 4.19214, 50.07436 ], [ 4.19475, 50.07658 ], [ 4.19244, 50.08002 ], [ 4.19302, 50.08277 ], [ 4.19663, 50.08402 ], [ 4.19805, 50.08585 ], [ 4.20074, 50.08629 ], [ 4.20038, 50.08751 ], [ 4.20228, 50.08808 ], [ 4.20319, 50.09108 ], [ 4.20629, 50.0919 ], [ 4.20585, 50.09539 ], [ 4.20365, 50.09684 ], [ 4.19696, 50.09568 ], [ 4.19505, 50.09782 ], [ 4.19087, 50.09737 ], [ 4.19029, 50.09973 ], [ 4.19254, 50.10372 ], [ 4.19111, 50.1067 ], [ 4.18981, 50.10769 ], [ 4.1847, 50.10836 ], [ 4.18206, 50.11374 ], [ 4.18063, 50.11351 ], [ 4.17974, 50.11472 ], [ 4.17839, 50.11464 ], [ 4.17338, 50.11999 ], [ 4.17155, 50.11993 ], [ 4.17225, 50.11909 ], [ 4.16936, 50.11999 ], [ 4.16583, 50.11911 ], [ 4.16022, 50.1198 ], [ 4.15407, 50.11719 ], [ 4.15261, 50.12083 ], [ 4.15091, 50.12122 ], [ 4.1481, 50.11567 ], [ 4.13246, 50.11512 ], [ 4.12972, 50.11837 ], [ 4.12599, 50.12032 ], [ 4.10642, 50.11837 ], [ 4.10585, 50.11915 ], [ 4.10212, 50.11944 ], [ 4.09706, 50.11877 ], [ 4.09639, 50.11728 ], [ 4.09279, 50.11509 ], [ 4.08997, 50.11626 ], [ 4.08947, 50.12001 ], [ 4.08657, 50.12143 ], [ 4.08028, 50.12087 ], [ 4.07897, 50.11936 ], [ 4.07453, 50.11809 ], [ 4.07421, 50.11676 ], [ 4.07268, 50.11712 ], [ 4.07277, 50.1162 ], [ 4.07013, 50.11726 ], [ 4.07096, 50.11826 ], [ 4.06682, 50.12049 ], [ 4.06097, 50.11756 ], [ 4.06109, 50.11867 ], [ 4.05851, 50.11911 ], [ 4.05799, 50.12019 ], [ 4.05859, 50.12315 ], [ 4.05619, 50.12409 ], [ 4.05519, 50.12563 ], [ 4.05239, 50.12381 ], [ 4.05469, 50.11913 ], [ 4.05068, 50.11671 ], [ 4.04157, 50.11766 ], [ 4.03831, 50.12009 ], [ 4.0374, 50.11939 ], [ 4.03571, 50.11974 ], [ 4.0356, 50.11902 ], [ 4.03409, 50.11956 ], [ 4.03346, 50.11864 ], [ 4.03123, 50.11904 ], [ 4.03158, 50.11998 ], [ 4.02806, 50.11996 ], [ 4.02634, 50.11877 ], [ 4.02425, 50.1194 ], [ 4.02361, 50.11853 ], [ 4.01845, 50.12163 ], [ 4.01816, 50.12277 ], [ 4.01937, 50.1232 ], [ 4.0154, 50.12323 ], [ 4.01418, 50.12219 ], [ 4.01493, 50.1206 ], [ 4.01355, 50.12028 ], [ 4.01454, 50.1175 ], [ 4.01741, 50.11613 ], [ 4.01401, 50.115 ], [ 4.00935, 50.11684 ], [ 4.01015, 50.11801 ], [ 4.00844, 50.12095 ], [ 3.99823, 50.11822 ], [ 3.99713, 50.11886 ], [ 3.99387, 50.11858 ], [ 3.99267, 50.11727 ], [ 3.99219, 50.11874 ], [ 3.99008, 50.11806 ], [ 3.99056, 50.11969 ], [ 3.98789, 50.1189 ], [ 3.98543, 50.1211 ], [ 3.9835, 50.12047 ], [ 3.97922, 50.12235 ], [ 3.97809, 50.1216 ], [ 3.97588, 50.12218 ], [ 3.97554, 50.1213 ], [ 3.97185, 50.12221 ], [ 3.96919, 50.12102 ], [ 3.96931, 50.12414 ], [ 3.96617, 50.12555 ], [ 3.95379, 50.12258 ], [ 3.95329, 50.12153 ], [ 3.95115, 50.12104 ], [ 3.94667, 50.12235 ], [ 3.94674, 50.12374 ], [ 3.94515, 50.12462 ], [ 3.94541, 50.12765 ], [ 3.9417, 50.12786 ], [ 3.94093, 50.12904 ], [ 3.93813, 50.12704 ], [ 3.93836, 50.12451 ], [ 3.93414, 50.12361 ], [ 3.9329, 50.12521 ], [ 3.92685, 50.12635 ], [ 3.92733, 50.12812 ], [ 3.92404, 50.13037 ], [ 3.9208, 50.13029 ], [ 3.91763, 50.12891 ], [ 3.91628, 50.12596 ], [ 3.91147, 50.12662 ], [ 3.91105, 50.12763 ], [ 3.90739, 50.12845 ], [ 3.90681, 50.12934 ], [ 3.901, 50.1285 ], [ 3.89866, 50.13045 ], [ 3.90109, 50.1314 ], [ 3.9003, 50.13299 ], [ 3.89388, 50.13769 ], [ 3.88662, 50.13627 ], [ 3.88307, 50.13413 ], [ 3.88482, 50.13375 ], [ 3.8844, 50.13285 ], [ 3.88121, 50.1337 ], [ 3.87883, 50.13341 ], [ 3.87815, 50.13225 ], [ 3.87653, 50.13294 ], [ 3.87508, 50.13233 ], [ 3.87513, 50.13398 ], [ 3.86965, 50.13376 ], [ 3.86932, 50.13301 ], [ 3.86703, 50.13679 ], [ 3.86789, 50.1375 ], [ 3.8629, 50.14049 ], [ 3.86266, 50.1418 ], [ 3.85784, 50.13956 ], [ 3.85873, 50.13666 ], [ 3.86294, 50.13438 ], [ 3.85814, 50.13191 ], [ 3.85243, 50.13331 ], [ 3.85264, 50.13485 ], [ 3.85114, 50.13489 ], [ 3.85017, 50.13704 ], [ 3.85263, 50.13724 ], [ 3.8501, 50.13842 ], [ 3.84998, 50.13998 ], [ 3.84845, 50.13941 ], [ 3.84756, 50.14052 ], [ 3.84237, 50.13965 ], [ 3.84361, 50.13827 ], [ 3.8425, 50.1367 ], [ 3.84489, 50.13333 ], [ 3.84398, 50.13205 ], [ 3.84125, 50.13384 ], [ 3.83764, 50.13364 ], [ 3.83649, 50.13462 ], [ 3.8364, 50.13724 ], [ 3.83747, 50.13737 ], [ 3.83653, 50.13794 ], [ 3.83843, 50.13876 ], [ 3.83814, 50.14033 ], [ 3.83434, 50.14107 ], [ 3.82989, 50.13998 ], [ 3.82944, 50.14077 ], [ 3.82535, 50.14158 ], [ 3.82502, 50.14252 ], [ 3.82019, 50.14252 ], [ 3.81711, 50.1482 ], [ 3.81409, 50.15091 ], [ 3.81202, 50.15101 ], [ 3.81223, 50.15314 ], [ 3.80622, 50.15422 ], [ 3.80425, 50.15555 ], [ 3.80205, 50.15488 ], [ 3.79998, 50.15585 ], [ 3.79196, 50.1567 ], [ 3.79259, 50.15722 ], [ 3.7903, 50.15836 ], [ 3.79096, 50.15896 ], [ 3.78851, 50.16215 ], [ 3.79417, 50.16461 ], [ 3.79442, 50.16545 ], [ 3.79238, 50.16645 ], [ 3.79602, 50.1666 ], [ 3.79382, 50.16799 ], [ 3.79612, 50.16781 ], [ 3.79485, 50.16893 ], [ 3.79775, 50.16931 ], [ 3.79565, 50.17117 ], [ 3.79625, 50.17263 ] ], [ [ 4.14378, 50.02721 ], [ 4.14447, 50.03102 ], [ 4.14857, 50.03224 ] ], [ [ 4.15228, 50.03833 ], [ 4.15343, 50.0397 ] ] ] } },
{ "type": "Feature", "properties": { "name": "Ruisseau Voyon", "weight_class": 1, "permanent": true, "length_km": 9.3 }, "geometry": { "type": "LineString", "coordinates": [ [ 4.15339, 50.06951 ], [ 4.15576, 50.07458 ], [ 4.15374, 50.07793 ], [ 4.16423, 50.08514 ], [ 4.1657, 50.08985 ], [ 4.17108, 50.09249 ], [ 4.17159, 50.09519 ], [ 4.16898, 50.09708 ], [ 4.16374, 50.09781 ], [ 4.16433, 50.09827 ], [ 4.16189, 50.09964 ], [ 4.15763, 50.09948 ], [ 4.15253, 50.10132 ], [ 4.14967, 50.10055 ], [ 4.14617, 50.1017 ], [ 4.1411, 50.10588 ], [ 4.13743, 50.1069 ], [ 4.13246, 50.11512 ] ] } },
{ "type": "Feature", "properties": { "name": "le Rieu Trouble", "weight_class": 1, "permanent": true, "length_km": 4.7 }, "geometry": { "type": "LineString", "coordinates": [ [ 4.12119, 50.08739 ], [ 4.11619, 50.08798 ], [ 4.11854, 50.09213 ], [ 4.11653, 50.09329 ], [ 4.11592, 50.0951 ], [ 4.11299, 50.09509 ], [ 4.11223, 50.0964 ], [ 4.1078, 50.09829 ], [ 4.10712, 50.1037 ], [ 4.10346, 50.10514 ], [ 4.10124, 50.10891 ], [ 4.10224, 50.11195 ], [ 4.10058, 50.11567 ], [ 4.09658, 50.11751 ] ] } },
{ "type": "Feature", "properties": { "name": "Ruisseau de Sains", "weight_class": 1, "permanent": true, "length_km": 2.3 }, "geometry": { "type": "LineString", "coordinates": [ [ 4.02416, 50.09464 ], [ 4.02235, 50.0954 ], [ 4.01858, 50.0949 ], [ 4.01255, 50.1025 ], [ 4.00945, 50.10407 ], [ 4.00705, 50.10411 ], [ 4.00626, 50.1069 ] ] } },
{ "type": "Feature", "properties": { "name": "Ruisseau Saint Pierre", "weight_class": 1, "permanent": true, "length_km": 5.4 }, "geometry": { "type": "LineString", "coordinates": [ [ 3.98405, 50.15225 ], [ 3.97645, 50.15235 ], [ 3.97246, 50.1505 ], [ 3.96688, 50.14955 ], [ 3.95844, 50.1456 ], [ 3.9492, 50.1385 ], [ 3.94017, 50.13674 ], [ 3.93996, 50.13568 ], [ 3.9354, 50.13341 ], [ 3.93243, 50.12942 ], [ 3.92715, 50.12824 ] ] } },
{ "type": "Feature", "properties": { "name": "Lorain Fossé", "weight_class": 1, "permanent": true, "length_km": 5.2 }, "geometry": { "type": "LineString", "coordinates": [ [ 4.10097, 50.04246 ], [ 4.10101, 50.04452 ], [ 4.09843, 50.04686 ], [ 4.09049, 50.04877 ], [ 4.08624, 50.04794 ], [ 4.0827, 50.04985 ], [ 4.07575, 50.05055 ], [ 4.07369, 50.05153 ], [ 4.07691, 50.05747 ], [ 4.07734, 50.0653 ], [ 4.08237, 50.06844 ], [ 4.08319, 50.07086 ] ] } },
{ "type": "Feature", "properties": { "name": "Rivière du Pont de Sains", "weight_class": 1, "permanent": true, "length_km": 8.9 }, "geometry": { "type": "LineString", "coordinates": [ [ 4.05981, 50.0692 ], [ 4.05795, 50.06943 ], [ 4.05504, 50.06676 ], [ 4.05209, 50.06695 ], [ 4.05004, 50.06817 ], [ 4.03623, 50.0644 ], [ 4.02937, 50.06487 ], [ 4.02706, 50.0662 ], [ 4.02368, 50.0644 ], [ 4.01398, 50.0651 ], [ 4.00931, 50.06387 ], [ 4.00807, 50.06173 ], [ 4.00342, 50.05896 ], [ 3.98948, 50.0569 ], [ 3.9823, 50.05322 ], [ 3.97582, 50.05358 ], [ 3.96954, 50.05242 ], [ 3.96384, 50.05729 ], [ 3.95925, 50.05713 ] ] } },
{ "type": "Feature", "properties": { "name": "Ruisseau de la Longue Queue", "weight_class": 1, "permanent": true, "length_km": 5.0 }, "geometry": { "type": "LineString", "coordinates": [ [ 3.98497, 50.08597 ], [ 3.97805, 50.0783 ], [ 3.97333, 50.07636 ], [ 3.97232, 50.0748 ], [ 3.96885, 50.07449 ], [ 3.96397, 50.07607 ], [ 3.95898, 50.0756 ], [ 3.95569, 50.07174 ], [ 3.94618, 50.06534 ], [ 3.9448, 50.06067 ] ] } },
{ "type": "Feature", "properties": { "name": "Ru de Feron", "weight_class": 1, "permanent": true, "length_km": 6.0 }, "geometry": { "type": "LineString", "coordinates": [ [ 4.05562, 50.04098 ], [ 4.05197, 50.04263 ], [ 4.04552, 50.04073 ], [ 4.04282, 50.04256 ], [ 4.03335, 50.04219 ], [ 4.03102, 50.04353 ], [ 4.02643, 50.04436 ], [ 4.02628, 50.04835 ], [ 4.02787, 50.04895 ], [ 4.02711, 50.04981 ], [ 4.01835, 50.05053 ], [ 4.01668, 50.05156 ], [ 4.01187, 50.05218 ], [ 4.00579, 50.05139 ], [ 4.0032, 50.05279 ], [ 4.00357, 50.05763 ], [ 4.00192, 50.0587 ] ] } },
{ "type": "Feature", "properties": { "name": "Ruisseau des Dardennes", "weight_class": 1, "permanent": true, "length_km": 2.3 }, "geometry": { "type": "LineString", "coordinates": [ [ 4.13455, 50.02553 ], [ 4.13209, 50.02632 ], [ 4.13123, 50.02766 ], [ 4.12901, 50.02774 ], [ 4.12006, 50.02706 ], [ 4.11598, 50.0252 ], [ 4.10532, 50.02577 ] ] } },
{ "type": "Feature", "properties": { "name": "Rue des Étangs", "weight_class": 1, "permanent": false, "length_km": 2.9 }, "geometry": { "type": "LineString", "coordinates": [ [ 4.05231, 49.98976 ], [ 4.04913, 49.99584 ], [ 4.05144, 49.99669 ], [ 4.05172, 49.99864 ], [ 4.05489, 50.00184 ], [ 4.05694, 50.00658 ], [ 4.05597, 50.01016 ], [ 4.05847, 50.01256 ] ] } },
{ "type": "Feature", "properties": { "name": "Ruisseau des Maillets", "weight_class": 1, "permanent": true, "length_km": 2.6 }, "geometry": { "type": "LineString", "coordinates": [ [ 4.0289, 49.99055 ], [ 4.02582, 49.99464 ], [ 4.02605, 49.99783 ], [ 4.02187, 50.0016 ], [ 4.01507, 50.00292 ], [ 4.00862, 50.00679 ] ] } },
{ "type": "Feature", "properties": { "name": "Ruisseau des Ringeards", "weight_class": 1, "permanent": true, "length_km": 2.2 }, "geometry": { "type": "LineString", "coordinates": [ [ 3.9799, 50.0037 ], [ 3.98614, 50.01126 ], [ 3.98995, 50.01274 ], [ 3.99482, 50.0174 ], [ 3.99766, 50.01777 ] ] } },
{ "type": "Feature", "properties": { "name": "Planchette", "weight_class": 1, "permanent": true, "length_km": 4.2 }, "geometry": { "type": "LineString", "coordinates": [ [ 4.09127, 50.00659 ], [ 4.0819, 50.00504 ], [ 4.06955, 50.00137 ], [ 4.06265, 50.00777 ], [ 4.06125, 50.01246 ], [ 4.05825, 50.01283 ], [ 4.0581, 50.01618 ], [ 4.05405, 50.01867 ] ] } },
{ "type": "Feature", "properties": { "name": "Ruisseau de la Fontaine Rouge", "weight_class": 1, "permanent": true, "length_km": 3.1 }, "geometry": { "type": "LineString", "coordinates": [ [ 4.04643, 50.03072 ], [ 4.04527, 50.03175 ], [ 4.03933, 50.03114 ], [ 4.0353, 50.02912 ], [ 4.03109, 50.03058 ], [ 4.02808, 50.02989 ], [ 4.02641, 50.02879 ], [ 4.02665, 50.02688 ], [ 4.02259, 50.0215 ], [ 4.02195, 50.01843 ] ] } },
{ "type": "Feature", "properties": { "name": "l'Helpe Mineure", "weight_class": 3, "permanent": true, "length_km": 49.7 }, "geometry": { "type": "MultiLineString", "coordinates": [ [ [ 3.97332, 50.03694 ], [ 3.9718, 50.03659 ], [ 3.97199, 50.03754 ], [ 3.96916, 50.03769 ], [ 3.96811, 50.03939 ], [ 3.96654, 50.03954 ], [ 3.96447, 50.04468 ], [ 3.96257, 50.04581 ], [ 3.96532, 50.04985 ], [ 3.96288, 50.05028 ], [ 3.96171, 50.05225 ], [ 3.96251, 50.05451 ], [ 3.95827, 50.05777 ], [ 3.95571, 50.05763 ], [ 3.95327, 50.05482 ], [ 3.94917, 50.0555 ], [ 3.94817, 50.05482 ], [ 3.9474, 50.05768 ], [ 3.94628, 50.05777 ], [ 3.94665, 50.05963 ], [ 3.9451, 50.06096 ], [ 3.94351, 50.05746 ], [ 3.93986, 50.05661 ], [ 3.9357, 50.06082 ], [ 3.92956, 50.06072 ], [ 3.92444, 50.06312 ], [ 3.92387, 50.06514 ], [ 3.92535, 50.06632 ], [ 3.92437, 50.06804 ], [ 3.92554, 50.06864 ], [ 3.91963, 50.07063 ], [ 3.91908, 50.06994 ], [ 3.91764, 50.07048 ], [ 3.91611, 50.07391 ], [ 3.91391, 50.07256 ], [ 3.90937, 50.07256 ], [ 3.90693, 50.07416 ], [ 3.90562, 50.07399 ], [ 3.90643, 50.07488 ], [ 3.9051, 50.0763 ], [ 3.90162, 50.07392 ], [ 3.90092, 50.07465 ], [ 3.89779, 50.07438 ], [ 3.89693, 50.07552 ], [ 3.89268, 50.07355 ], [ 3.88986, 50.07601 ], [ 3.88937, 50.08088 ], [ 3.88575, 50.08134 ], [ 3.88576, 50.08247 ], [ 3.88172, 50.08364 ], [ 3.88172, 50.08443 ], [ 3.87892, 50.08407 ], [ 3.8746, 50.08545 ], [ 3.87241, 50.0849 ], [ 3.87214, 50.08605 ], [ 3.87097, 50.08614 ], [ 3.86527, 50.08397 ], [ 3.86605, 50.08572 ], [ 3.86161, 50.08586 ], [ 3.86326, 50.0876 ], [ 3.85642, 50.08753 ], [ 3.85398, 50.09111 ], [ 3.85842, 50.09287 ], [ 3.85579, 50.09563 ], [ 3.84933, 50.09614 ], [ 3.84358, 50.09426 ], [ 3.84295, 50.09732 ], [ 3.84084, 50.09786 ], [ 3.84046, 50.09888 ], [ 3.83477, 50.09821 ], [ 3.83366, 50.0993 ], [ 3.83122, 50.09809 ], [ 3.82854, 50.09987 ], [ 3.8263, 50.09989 ], [ 3.82457, 50.10176 ], [ 3.82531, 50.10421 ], [ 3.8227, 50.10543 ], [ 3.82067, 50.10465 ], [ 3.8195, 50.10579 ], [ 3.81983, 50.11134 ], [ 3.81383, 50.11238 ], [ 3.81159, 50.11217 ], [ 3.81186, 50.11107 ], [ 3.80874, 50.11118 ], [ 3.80605, 50.11384 ], [ 3.80636, 50.11468 ], [ 3.81021, 50.11564 ], [ 3.80721, 50.11991 ], [ 3.80397, 50.11984 ], [ 3.80334, 50.1205 ], [ 3.80127, 50.1184 ], [ 3.79978, 50.11987 ], [ 3.79674, 50.12025 ], [ 3.79711, 50.12122 ], [ 3.79425, 50.12204 ], [ 3.79471, 50.1234 ], [ 3.79272, 50.12296 ], [ 3.7921, 50.12483 ], [ 3.78853, 50.12414 ], [ 3.78803, 50.12522 ], [ 3.78354, 50.12316 ], [ 3.78177, 50.12504 ], [ 3.78237, 50.12721 ], [ 3.77935, 50.12809 ], [ 3.77876, 50.12698 ], [ 3.77811, 50.12791 ], [ 3.77709, 50.12715 ], [ 3.77545, 50.1277 ], [ 3.77496, 50.12595 ], [ 3.77083, 50.12708 ], [ 3.77049, 50.12584 ], [ 3.76776, 50.12519 ], [ 3.7652, 50.1284 ], [ 3.76495, 50.13066 ], [ 3.75941, 50.13236 ], [ 3.75348, 50.13189 ], [ 3.75003, 50.1345 ], [ 3.74796, 50.13433 ], [ 3.74321, 50.13731 ], [ 3.74172, 50.13688 ], [ 3.74038, 50.13881 ], [ 3.74134, 50.13945 ], [ 3.73951, 50.13985 ], [ 3.73988, 50.14105 ], [ 3.7361, 50.14073 ], [ 3.73795, 50.14301 ], [ 3.73524, 50.14386 ], [ 3.73604, 50.14464 ], [ 3.73516, 50.14516 ], [ 3.73648, 50.14545 ], [ 3.73386, 50.14761 ], [ 3.73492, 50.14877 ], [ 3.73077, 50.14903 ], [ 3.73244, 50.15074 ], [ 3.72967, 50.15057 ], [ 3.72877, 50.15241 ] ], [ [ 4.10532, 50.02577 ], [ 4.09851, 50.02479 ], [ 4.09848, 50.02599 ], [ 4.09683, 50.02605 ], [ 4.09264, 50.02347 ], [ 4.08559, 50.02201 ], [ 4.07795, 50.02164 ], [ 4.07364, 50.02312 ], [ 4.06495, 50.0217 ], [ 4.06324, 50.0225 ], [ 4.06055, 50.02211 ], [ 4.05405, 50.01867 ], [ 4.0506, 50.01842 ], [ 4.04793, 50.01691 ], [ 4.03766, 50.01613 ], [ 4.03142, 50.01788 ], [ 4.02651, 50.01856 ], [ 4.02527, 50.01791 ], [ 4.02262, 50.01871 ], [ 4.01402, 50.01596 ], [ 4.00756, 50.01515 ], [ 4.00337, 50.01588 ], [ 4.00182, 50.01716 ], [ 3.99847, 50.01711 ], [ 3.99646, 50.0195 ], [ 3.99065, 50.02075 ], [ 3.98599, 50.02397 ], [ 3.98468, 50.02355 ], [ 3.98216, 50.02442 ], [ 3.98023, 50.02634 ] ] ] } },
{ "type": "Feature", "properties": { "name": "Ruisseau du Petit Moulin", "weight_class": 1, "permanent": true, "length_km": 3.7 }, "geometry": { "type": "LineString", "coordinates": [ [ 3.99974, 49.99492 ], [ 4.00547, 50.00024 ], [ 4.00629, 50.00505 ], [ 4.00899, 50.00752 ], [ 4.00746, 50.00954 ], [ 4.00526, 50.01023 ], [ 4.0025, 50.00953 ], [ 3.99931, 50.01154 ], [ 4.00337, 50.01588 ] ] } },
{ "type": "Feature", "properties": { "name": "la Petite Honnelle", "weight_class": 1, "permanent": true, "length_km": 5.1 }, "geometry": { "type": "MultiLineString", "coordinates": [ [ [ 3.814, 50.3532 ], [ 3.801, 50.35654 ] ], [ [ 3.85305, 50.33802 ], [ 3.85647, 50.34014 ], [ 3.85771, 50.34582 ], [ 3.85635, 50.34786 ], [ 3.85007, 50.35169 ], [ 3.84486, 50.35277 ], [ 3.84123, 50.35134 ], [ 3.83602, 50.35316 ], [ 3.83289, 50.3524 ], [ 3.82432, 50.35344 ] ] ] } },
{ "type": "Feature", "properties": { "name": "Ruisseau des Prés", "weight_class": 1, "permanent": false, "length_km": 3.0 }, "geometry": { "type": "LineString", "coordinates": [ [ 3.91579, 50.31987 ], [ 3.92429, 50.32657 ], [ 3.93667, 50.32897 ], [ 3.94036, 50.3285 ], [ 3.94288, 50.33191 ], [ 3.94778, 50.33281 ] ] } },
{ "type": "Feature", "properties": { "name": "Ruisseau de Roteleux", "weight_class": 1, "permanent": false, "length_km": 2.3 }, "geometry": { "type": "LineString", "coordinates": [ [ 3.94047, 50.31483 ], [ 3.94278, 50.31642 ], [ 3.94281, 50.31977 ], [ 3.9471, 50.32308 ], [ 3.94715, 50.32871 ], [ 3.94859, 50.33121 ], [ 3.94778, 50.33281 ] ] } },
{ "type": "Feature", "properties": { "name": "Ruisseau de l'Érelle", "weight_class": 1, "permanent": true, "length_km": 3.4 }, "geometry": { "type": "LineString", "coordinates": [ [ 3.89511, 50.32751 ], [ 3.88766, 50.32651 ], [ 3.88306, 50.32723 ], [ 3.87789, 50.32657 ], [ 3.87303, 50.3233 ], [ 3.86225, 50.32167 ], [ 3.8554, 50.31627 ] ] } },
{ "type": "Feature", "properties": { "name": "Ruisseau des Bas Vents", "weight_class": 1, "permanent": true, "length_km": 4.7 }, "geometry": { "type": "LineString", "coordinates": [ [ 3.89847, 50.31698 ], [ 3.89083, 50.31789 ], [ 3.88655, 50.3156 ], [ 3.87859, 50.31639 ], [ 3.87527, 50.31465 ], [ 3.8644, 50.31347 ], [ 3.85941, 50.31404 ], [ 3.85236, 50.31731 ], [ 3.84516, 50.3165 ], [ 3.84162, 50.31464 ] ] } },
{ "type": "Feature", "properties": { "name": "Ruisseau de Goez", "weight_class": 1, "permanent": true, "length_km": 2.8 }, "geometry": { "type": "LineString", "coordinates": [ [ 3.84985, 50.32377 ], [ 3.85095, 50.32748 ], [ 3.84531, 50.3308 ], [ 3.83382, 50.33103 ], [ 3.82925, 50.32984 ], [ 3.82402, 50.32681 ] ] } },
{ "type": "Feature", "properties": { "name": "Ruisseau du Bois Plantis", "weight_class": 1, "permanent": false, "length_km": 2.3 }, "geometry": { "type": "LineString", "coordinates": [ [ 3.88148, 50.28598 ], [ 3.88648, 50.2884 ], [ 3.8919, 50.2897 ], [ 3.89676, 50.29298 ], [ 3.90204, 50.29387 ], [ 3.9083, 50.29287 ] ] } },
{ "type": "Feature", "properties": { "name": "Ruisseau de Braquemart", "weight_class": 1, "permanent": true, "length_km": 3.0 }, "geometry": { "type": "LineString", "coordinates": [ [ 3.80218, 50.349 ], [ 3.79794, 50.3512 ], [ 3.78546, 50.35349 ], [ 3.77579, 50.35318 ], [ 3.77071, 50.35107 ], [ 3.76665, 50.35313 ] ] } },
{ "type": "Feature", "properties": { "name": "Ruisseau des Prés", "weight_class": 1, "permanent": false, "length_km": 2.5 }, "geometry": { "type": "LineString", "coordinates": [ [ 3.82742, 50.27838 ], [ 3.82686, 50.28487 ], [ 3.81864, 50.2868 ], [ 3.81392, 50.28911 ], [ 3.80784, 50.29007 ], [ 3.80563, 50.28909 ] ] } },
{ "type": "Feature", "properties": { "name": "Ruisseau d'Audignies", "weight_class": 1, "permanent": true, "length_km": 3.5 }, "geometry": { "type": "LineString", "coordinates": [ [ 3.81999, 50.27686 ], [ 3.81562, 50.27933 ], [ 3.8144, 50.28131 ], [ 3.8105, 50.28277 ], [ 3.80904, 50.28783 ], [ 3.80701, 50.28883 ], [ 3.79575, 50.29115 ], [ 3.79224, 50.29104 ], [ 3.78922, 50.29238 ], [ 3.78698, 50.29173 ] ] } },
{ "type": "Feature", "properties": { "name": "Ruisseau Rico-Folie", "weight_class": 1, "permanent": true, "length_km": 2.1 }, "geometry": { "type": "LineString", "coordinates": [ [ 3.76628, 50.28005 ], [ 3.76768, 50.28209 ], [ 3.76717, 50.28622 ], [ 3.76336, 50.29107 ], [ 3.76409, 50.2941 ], [ 3.76197, 50.29672 ] ] } },
{ "type": "Feature", "properties": { "name": "Riez Raoult", "weight_class": 1, "permanent": false, "length_km": 3.2 }, "geometry": { "type": "LineString", "coordinates": [ [ 3.81625, 50.30132 ], [ 3.8132, 50.3043 ], [ 3.80415, 50.30489 ], [ 3.79969, 50.31079 ], [ 3.79846, 50.31566 ], [ 3.7934, 50.31729 ], [ 3.79203, 50.32029 ] ] } },
{ "type": "Feature", "properties": { "name": "Ruisseau de Courbagne", "weight_class": 1, "permanent": true, "length_km": 4.0 }, "geometry": { "type": "LineString", "coordinates": [ [ 3.82915, 50.34096 ], [ 3.82649, 50.34161 ], [ 3.82432, 50.34071 ], [ 3.82267, 50.34162 ], [ 3.81824, 50.34186 ], [ 3.81398, 50.34029 ], [ 3.80749, 50.34145 ], [ 3.80355, 50.33997 ], [ 3.7984, 50.33522 ], [ 3.79717, 50.33183 ], [ 3.80113, 50.33028 ], [ 3.80066, 50.32632 ] ] } },
{ "type": "Feature", "properties": { "name": "Ruisseau de la Marlière", "weight_class": 1, "permanent": false, "length_km": 5.2 }, "geometry": { "type": "LineString", "coordinates": [ [ 3.87373, 50.26986 ], [ 3.88301, 50.27202 ], [ 3.886, 50.27482 ], [ 3.89594, 50.278 ], [ 3.89932, 50.28141 ], [ 3.89622, 50.28182 ], [ 3.8958, 50.28275 ], [ 3.90218, 50.28404 ], [ 3.90748, 50.29215 ], [ 3.91224, 50.29441 ], [ 3.91423, 50.29661 ], [ 3.9166, 50.29714 ] ] } },
{ "type": "Feature", "properties": { "name": "Ruisseau de la Maladrerie", "weight_class": 1, "permanent": true, "length_km": 3.7 }, "geometry": { "type": "LineString", "coordinates": [ [ 3.76679, 50.25409 ], [ 3.7744, 50.26134 ], [ 3.77523, 50.26377 ], [ 3.77404, 50.27102 ], [ 3.77506, 50.27385 ], [ 3.77756, 50.27559 ], [ 3.77879, 50.27534 ], [ 3.78408, 50.27978 ], [ 3.78619, 50.28012 ] ] } },
{ "type": "Feature", "properties": { "name": "Ruisseau de la Cense d'Obies", "weight_class": 1, "permanent": false, "length_km": 2.3 }, "geometry": { "type": "LineString", "coordinates": [ [ 3.78279, 50.25353 ], [ 3.78668, 50.25738 ], [ 3.78586, 50.26035 ], [ 3.78768, 50.2636 ], [ 3.78729, 50.26531 ], [ 3.79167, 50.27182 ] ] } },
{ "type": "Feature", "properties": { "name": "Ruisseau de Louvon", "weight_class": 1, "permanent": true, "length_km": 2.1 }, "geometry": { "type": "LineString", "coordinates": [ [ 3.79848, 50.26154 ], [ 3.79762, 50.26804 ], [ 3.79119, 50.27239 ], [ 3.7903, 50.2778 ] ] } },
{ "type": "Feature", "properties": { "name": "Rue du Pied Perchon", "weight_class": 1, "permanent": true, "length_km": 2.9 }, "geometry": { "type": "LineString", "coordinates": [ [ 3.81074, 50.24819 ], [ 3.81663, 50.24959 ], [ 3.82733, 50.24815 ], [ 3.83248, 50.25186 ], [ 3.84022, 50.25387 ], [ 3.84641, 50.25249 ] ] } },
{ "type": "Feature", "properties": { "name": "la Cabine", "weight_class": 1, "permanent": true, "length_km": 2.3 }, "geometry": { "type": "LineString", "coordinates": [ [ 3.82007, 50.23946 ], [ 3.81416, 50.24295 ], [ 3.81249, 50.24273 ], [ 3.80801, 50.23932 ], [ 3.79987, 50.23826 ], [ 3.79624, 50.23595 ] ] } },
{ "type": "Feature", "properties": { "name": "la Cabine", "weight_class": 1, "permanent": false, "length_km": 2.2 }, "geometry": { "type": "LineString", "coordinates": [ [ 3.80284, 50.24419 ], [ 3.8004, 50.24563 ], [ 3.79524, 50.24617 ], [ 3.79245, 50.24556 ], [ 3.79077, 50.24374 ], [ 3.78982, 50.23916 ], [ 3.79399, 50.23813 ], [ 3.79504, 50.23701 ] ] } },
{ "type": "Feature", "properties": { "name": "Brai Préchon", "weight_class": 1, "permanent": false, "length_km": 2.2 }, "geometry": { "type": "LineString", "coordinates": [ [ 3.76598, 50.22081 ], [ 3.7674, 50.23396 ], [ 3.7734, 50.23889 ] ] } },
{ "type": "Feature", "properties": { "name": "Brai des Hommes", "weight_class": 1, "permanent": true, "length_km": 2.7 }, "geometry": { "type": "LineString", "coordinates": [ [ 3.77198, 50.22071 ], [ 3.77437, 50.22605 ], [ 3.77996, 50.23015 ], [ 3.78793, 50.23312 ], [ 3.79815, 50.23332 ] ] } },
{ "type": "Feature", "properties": { "name": "Ruisseau des Grandes Haies", "weight_class": 1, "permanent": true, "length_km": 2.9 }, "geometry": { "type": "LineString", "coordinates": [ [ 3.77577, 50.21648 ], [ 3.78701, 50.21563 ], [ 3.79249, 50.217 ], [ 3.8077, 50.22345 ], [ 3.81068, 50.22387 ] ] } },
{ "type": "Feature", "properties": { "name": "Cité des Blancs Bois", "weight_class": 2, "permanent": true, "length_km": 2.2 }, "geometry": { "type": "LineString", "coordinates": [ [ 3.82495, 50.23349 ], [ 3.82788, 50.23159 ], [ 3.82766, 50.23013 ], [ 3.83362, 50.22658 ], [ 3.83455, 50.22276 ], [ 3.83766, 50.22313 ], [ 3.8377, 50.22108 ], [ 3.8396, 50.22111 ] ] } },
{ "type": "Feature", "properties": { "name": "Flamenne/Ruisseau de la Flamenne", "weight_class": 1, "permanent": true, "length_km": 8.9 }, "geometry": { "type": "LineString", "coordinates": [ [ 3.88294, 50.29929 ], [ 3.89064, 50.30203 ], [ 3.89278, 50.30169 ], [ 3.89537, 50.29979 ], [ 3.90436, 50.29924 ], [ 3.91336, 50.2968 ], [ 3.91601, 50.29732 ], [ 3.92163, 50.29587 ], [ 3.92342, 50.29614 ], [ 3.92775, 50.29344 ], [ 3.93414, 50.29371 ], [ 3.93518, 50.28963 ], [ 3.92855, 50.28372 ], [ 3.92958, 50.27929 ], [ 3.9326, 50.27722 ], [ 3.93931, 50.27575 ], [ 3.94056, 50.27456 ], [ 3.93567, 50.27111 ], [ 3.93724, 50.26846 ], [ 3.93175, 50.26335 ] ] } },
{ "type": "Feature", "properties": { "name": "Ruisseau des Viviers", "weight_class": 1, "permanent": false, "length_km": 3.0 }, "geometry": { "type": "LineString", "coordinates": [ [ 3.91098, 50.31499 ], [ 3.91408, 50.31513 ], [ 3.92182, 50.31274 ], [ 3.92778, 50.3019 ], [ 3.92459, 50.2954 ] ] } },
{ "type": "Feature", "properties": { "name": "Ruisseau des Guides", "weight_class": 1, "permanent": true, "length_km": 3.4 }, "geometry": { "type": "LineString", "coordinates": [ [ 3.89883, 50.26513 ], [ 3.90369, 50.26902 ], [ 3.90647, 50.27001 ], [ 3.90822, 50.27541 ], [ 3.9152, 50.27851 ], [ 3.918, 50.28101 ], [ 3.92071, 50.28224 ], [ 3.92671, 50.28229 ], [ 3.92936, 50.27995 ] ] } },
{ "type": "Feature", "properties": { "name": "Ruisseau de Wargnories", "weight_class": 1, "permanent": true, "length_km": 3.2 }, "geometry": { "type": "LineString", "coordinates": [ [ 3.93496, 50.24112 ], [ 3.93237, 50.24058 ], [ 3.92943, 50.23845 ], [ 3.92649, 50.23815 ], [ 3.92037, 50.2411 ], [ 3.91174, 50.23971 ], [ 3.89486, 50.23895 ] ] } },
{ "type": "Feature", "properties": { "name": "Ruisseau de la Fosse", "weight_class": 1, "permanent": true, "length_km": 4.7 }, "geometry": { "type": "LineString", "coordinates": [ [ 3.88486, 50.26241 ], [ 3.88353, 50.26077 ], [ 3.86979, 50.25924 ], [ 3.86572, 50.25626 ], [ 3.86303, 50.25697 ], [ 3.85986, 50.25519 ], [ 3.86027, 50.24634 ], [ 3.86251, 50.24113 ], [ 3.85902, 50.23762 ] ] } },
{ "type": "Feature", "properties": { "name": "Ruisseau de la Forêt de Mormal", "weight_class": 1, "permanent": true, "length_km": 3.3 }, "geometry": { "type": "LineString", "coordinates": [ [ 3.82896, 50.25363 ], [ 3.82799, 50.25711 ], [ 3.84274, 50.26059 ], [ 3.85706, 50.25562 ], [ 3.85697, 50.2539 ], [ 3.8603, 50.25244 ] ] } },
{ "type": "Feature", "properties": { "name": "Ruisseau d'Hoisies", "weight_class": 1, "permanent": true, "length_km": 3.2 }, "geometry": { "type": "LineString", "coordinates": [ [ 3.82331, 50.23907 ], [ 3.83757, 50.24612 ], [ 3.84062, 50.24683 ], [ 3.84563, 50.25055 ], [ 3.84641, 50.25249 ], [ 3.85436, 50.25263 ], [ 3.85744, 50.25377 ] ] } },
{ "type": "Feature", "properties": { "name": "Sambrette", "weight_class": 1, "permanent": true, "length_km": 9.9 }, "geometry": { "type": "LineString", "coordinates": [ [ 3.78372, 50.25037 ], [ 3.78047, 50.24887 ], [ 3.77459, 50.25186 ], [ 3.77097, 50.25166 ], [ 3.76652, 50.2464 ], [ 3.76756, 50.24312 ], [ 3.76582, 50.24127 ], [ 3.77202, 50.23878 ], [ 3.78728, 50.23895 ], [ 3.79446, 50.23728 ], [ 3.80088, 50.23162 ], [ 3.80181, 50.22726 ], [ 3.80817, 50.22731 ], [ 3.81021, 50.22491 ], [ 3.8147, 50.22351 ], [ 3.81929, 50.22459 ], [ 3.8192, 50.22342 ], [ 3.82113, 50.22208 ], [ 3.82444, 50.22227 ], [ 3.8264, 50.22144 ], [ 3.82537, 50.21866 ], [ 3.83244, 50.21485 ] ] } },
{ "type": "Feature", "properties": { "name": "Cligneux", "weight_class": 1, "permanent": true, "length_km": 11.9 }, "geometry": { "type": "LineString", "coordinates": [ [ 3.97668, 50.20757 ], [ 3.97983, 50.21292 ], [ 3.97947, 50.21564 ], [ 3.97737, 50.21644 ], [ 3.97166, 50.21576 ], [ 3.96542, 50.21365 ], [ 3.95828, 50.21343 ], [ 3.95434, 50.21186 ], [ 3.9466, 50.21139 ], [ 3.93696, 50.20681 ], [ 3.92964, 50.20522 ], [ 3.92278, 50.20748 ], [ 3.92031, 50.20947 ], [ 3.91733, 50.20944 ], [ 3.91602, 50.21105 ], [ 3.91074, 50.21246 ], [ 3.91147, 50.21787 ], [ 3.90622, 50.21925 ], [ 3.90765, 50.22499 ], [ 3.90562, 50.22683 ], [ 3.90157, 50.22794 ], [ 3.89924, 50.23207 ], [ 3.89474, 50.23314 ], [ 3.89327, 50.23483 ], [ 3.89486, 50.23895 ], [ 3.89174, 50.24003 ], [ 3.89106, 50.24207 ], [ 3.88878, 50.24355 ] ] } },
{ "type": "Feature", "properties": { "name": "Ruisseau de la Demi-Route", "weight_class": 1, "permanent": true, "length_km": 3.2 }, "geometry": { "type": "LineString", "coordinates": [ [ 3.93799, 50.09092 ], [ 3.93416, 50.0917 ], [ 3.92567, 50.08769 ], [ 3.91668, 50.07897 ], [ 3.91683, 50.077 ], [ 3.91543, 50.07603 ], [ 3.91616, 50.07387 ] ] } },
{ "type": "Feature", "properties": { "name": "Riez Semau", "weight_class": 1, "permanent": true, "length_km": 2.1 }, "geometry": { "type": "LineString", "coordinates": [ [ 3.90987, 50.09132 ], [ 3.89898, 50.08581 ], [ 3.89539, 50.0828 ], [ 3.89003, 50.08207 ], [ 3.88829, 50.08076 ] ] } },
{ "type": "Feature", "properties": { "name": "Ruisseau de Buchemont/Ruisseau de la Croisette", "weight_class": 1, "permanent": true, "length_km": 5.1 }, "geometry": { "type": "LineString", "coordinates": [ [ 3.94328, 50.15609 ], [ 3.93596, 50.15617 ], [ 3.93152, 50.1541 ], [ 3.92362, 50.14802 ], [ 3.91865, 50.14718 ], [ 3.91496, 50.1451 ], [ 3.91315, 50.1428 ], [ 3.91278, 50.1404 ], [ 3.9149, 50.13785 ], [ 3.91302, 50.13408 ], [ 3.91021, 50.13091 ], [ 3.90661, 50.13149 ], [ 3.90484, 50.13091 ], [ 3.90516, 50.12916 ] ] } },
{ "type": "Feature", "properties": { "name": "Dompierre-sur-Helpe", "weight_class": 1, "permanent": true, "length_km": 2.0 }, "geometry": { "type": "LineString", "coordinates": [ [ 3.88348, 50.14841 ], [ 3.87792, 50.14469 ], [ 3.87524, 50.14132 ], [ 3.87168, 50.14111 ], [ 3.86871, 50.14255 ], [ 3.86304, 50.14134 ] ] } },
{ "type": "Feature", "properties": { "name": "Petit Fuchau", "weight_class": 1, "permanent": true, "length_km": 2.9 }, "geometry": { "type": "LineString", "coordinates": [ [ 3.88384, 50.11671 ], [ 3.87821, 50.12069 ], [ 3.8747, 50.11984 ], [ 3.86961, 50.12176 ], [ 3.87206, 50.12325 ], [ 3.8728, 50.12548 ], [ 3.87021, 50.12973 ], [ 3.87062, 50.13232 ], [ 3.86924, 50.13302 ] ] } },
{ "type": "Feature", "properties": { "name": "Marbaix", "weight_class": 1, "permanent": true, "length_km": 2.5 }, "geometry": { "type": "LineString", "coordinates": [ [ 3.85738, 50.11306 ], [ 3.85726, 50.1161 ], [ 3.85886, 50.11859 ], [ 3.85791, 50.1195 ], [ 3.85186, 50.12203 ], [ 3.84809, 50.12494 ], [ 3.84142, 50.12683 ], [ 3.83999, 50.12805 ] ] } },
{ "type": "Feature", "properties": { "name": "Taisnières-en-Thiérache", "weight_class": 1, "permanent": false, "length_km": 2.3 }, "geometry": { "type": "LineString", "coordinates": [ [ 3.84372, 50.15573 ], [ 3.83355, 50.15547 ], [ 3.82779, 50.15086 ], [ 3.82179, 50.14908 ], [ 3.81661, 50.14861 ] ] } },
{ "type": "Feature", "properties": { "name": "Ruisseau du Père Queue", "weight_class": 1, "permanent": true, "length_km": 2.5 }, "geometry": { "type": "LineString", "coordinates": [ [ 3.91875, 50.15849 ], [ 3.91718, 50.15986 ], [ 3.91435, 50.1599 ], [ 3.90651, 50.15738 ], [ 3.90318, 50.15522 ], [ 3.89998, 50.15475 ], [ 3.89794, 50.15558 ], [ 3.89735, 50.1609 ] ] } },
{ "type": "Feature", "properties": { "name": "Riez Wiart", "weight_class": 1, "permanent": true, "length_km": 2.5 }, "geometry": { "type": "LineString", "coordinates": [ [ 3.86667, 50.15501 ], [ 3.85604, 50.16277 ], [ 3.85391, 50.16784 ], [ 3.8572, 50.17264 ] ] } },
{ "type": "Feature", "properties": { "name": "Ruisseau des Avéries", "weight_class": 1, "permanent": true, "length_km": 2.4 }, "geometry": { "type": "LineString", "coordinates": [ [ 3.88169, 50.10247 ], [ 3.88088, 50.09947 ], [ 3.87213, 50.08993 ], [ 3.8648, 50.08602 ] ] } },
{ "type": "Feature", "properties": { "name": "Grand Fossé", "weight_class": 1, "permanent": true, "length_km": 2.6 }, "geometry": { "type": "LineString", "coordinates": [ [ 3.76693, 50.15229 ], [ 3.77652, 50.15777 ], [ 3.77815, 50.16155 ], [ 3.78282, 50.16433 ], [ 3.77813, 50.16682 ], [ 3.77773, 50.16953 ] ] } },
{ "type": "Feature", "properties": { "name": null, "weight_class": 1, "permanent": true, "length_km": 2.1 }, "geometry": { "type": "LineString", "coordinates": [ [ 3.78881, 50.16238 ], [ 3.78587, 50.16107 ], [ 3.78655, 50.16229 ], [ 3.78462, 50.16315 ], [ 3.78555, 50.1649 ], [ 3.78468, 50.1653 ], [ 3.78758, 50.16608 ], [ 3.78679, 50.16719 ], [ 3.78548, 50.16688 ], [ 3.78482, 50.16829 ], [ 3.78649, 50.16864 ], [ 3.78408, 50.17025 ] ] } },
{ "type": "Feature", "properties": { "name": null, "weight_class": 1, "permanent": true, "length_km": 2.9 }, "geometry": { "type": "MultiLineString", "coordinates": [ [ [ 3.79618, 50.16784 ], [ 3.79753, 50.16734 ], [ 3.80065, 50.16956 ], [ 3.80263, 50.16917 ], [ 3.80848, 50.17165 ] ], [ [ 3.80126, 50.17427 ], [ 3.80486, 50.17203 ], [ 3.80669, 50.17272 ], [ 3.80848, 50.17165 ] ], [ [ 3.80848, 50.17165 ], [ 3.81015, 50.17212 ] ], [ [ 3.81015, 50.17212 ], [ 3.80897, 50.17242 ], [ 3.80979, 50.17528 ] ], [ [ 3.81499, 50.17103 ], [ 3.81015, 50.17212 ] ] ] } },
{ "type": "Feature", "properties": { "name": "le Câtelet", "weight_class": 1, "permanent": true, "length_km": 2.8 }, "geometry": { "type": "LineString", "coordinates": [ [ 3.84021, 50.11374 ], [ 3.84212, 50.11744 ], [ 3.8412, 50.11823 ], [ 3.84191, 50.12108 ], [ 3.83916, 50.12442 ], [ 3.84025, 50.129 ], [ 3.83865, 50.1305 ], [ 3.84109, 50.13125 ], [ 3.84112, 50.13387 ] ] } },
{ "type": "Feature", "properties": { "name": "Taisnières-en-Thiérache", "weight_class": 1, "permanent": false, "length_km": 2.3 }, "geometry": { "type": "LineString", "coordinates": [ [ 3.80118, 50.13233 ], [ 3.80104, 50.13475 ], [ 3.80545, 50.13778 ], [ 3.81356, 50.1463 ], [ 3.81756, 50.14686 ] ] } },
{ "type": "Feature", "properties": { "name": "Noyelles-sur-Sambre", "weight_class": 1, "permanent": false, "length_km": 2.4 }, "geometry": { "type": "LineString", "coordinates": [ [ 3.78227, 50.13958 ], [ 3.78676, 50.14402 ], [ 3.78855, 50.1443 ], [ 3.7911, 50.14662 ], [ 3.79215, 50.14636 ], [ 3.79346, 50.15272 ], [ 3.79633, 50.15615 ] ] } },
{ "type": "Feature", "properties": { "name": "le Petit Paris", "weight_class": 1, "permanent": false, "length_km": 2.0 }, "geometry": { "type": "LineString", "coordinates": [ [ 3.78432, 50.1942 ], [ 3.79321, 50.19491 ], [ 3.79952, 50.19747 ], [ 3.80109, 50.19719 ], [ 3.8051, 50.19881 ], [ 3.80716, 50.20105 ] ] } },
{ "type": "Feature", "properties": { "name": null, "weight_class": 1, "permanent": true, "length_km": 2.6 }, "geometry": { "type": "LineString", "coordinates": [ [ 3.7619, 50.1554 ], [ 3.77484, 50.16087 ], [ 3.77633, 50.16328 ], [ 3.7757, 50.16906 ], [ 3.78115, 50.17174 ] ] } },
{ "type": "Feature", "properties": { "name": "les Ponts", "weight_class": 1, "permanent": true, "length_km": 3.3 }, "geometry": { "type": "LineString", "coordinates": [ [ 3.79104, 50.10224 ], [ 3.79442, 50.10329 ], [ 3.79525, 50.10457 ], [ 3.79492, 50.11086 ], [ 3.79795, 50.11459 ], [ 3.79408, 50.11944 ], [ 3.78981, 50.11949 ], [ 3.78708, 50.12042 ], [ 3.78807, 50.12123 ], [ 3.78718, 50.12185 ], [ 3.78514, 50.12214 ] ] } },
{ "type": "Feature", "properties": { "name": null, "weight_class": 1, "permanent": false, "length_km": 3.5 }, "geometry": { "type": "LineString", "coordinates": [ [ 3.74408, 50.15671 ], [ 3.77212, 50.16178 ], [ 3.77129, 50.16747 ], [ 3.77779, 50.17126 ] ] } },
{ "type": "Feature", "properties": { "name": null, "weight_class": 1, "permanent": true, "length_km": 2.7 }, "geometry": { "type": "LineString", "coordinates": [ [ 3.74574, 50.1559 ], [ 3.74762, 50.15421 ], [ 3.74428, 50.15303 ], [ 3.74842, 50.14887 ], [ 3.75164, 50.14929 ], [ 3.75512, 50.14858 ], [ 3.76883, 50.15224 ] ] } },
{ "type": "Feature", "properties": { "name": "les Ponts", "weight_class": 1, "permanent": true, "length_km": 2.9 }, "geometry": { "type": "LineString", "coordinates": [ [ 3.76746, 50.09749 ], [ 3.76936, 50.10118 ], [ 3.77691, 50.10447 ], [ 3.77977, 50.10625 ], [ 3.78262, 50.10998 ], [ 3.78409, 50.11009 ], [ 3.78508, 50.11458 ], [ 3.78333, 50.11715 ] ] } },
{ "type": "Feature", "properties": { "name": "Fossé des Berlières", "weight_class": 1, "permanent": false, "length_km": 3.1 }, "geometry": { "type": "LineString", "coordinates": [ [ 3.75164, 50.14929 ], [ 3.75022, 50.14975 ], [ 3.75184, 50.1514 ], [ 3.75794, 50.15168 ], [ 3.76146, 50.15316 ], [ 3.77069, 50.15227 ], [ 3.77654, 50.15613 ], [ 3.77966, 50.16141 ] ] } },
{ "type": "Feature", "properties": { "name": "Ruisseau d'Éclaibes", "weight_class": 1, "permanent": true, "length_km": 4.5 }, "geometry": { "type": "LineString", "coordinates": [ [ 3.97274, 50.19707 ], [ 3.96019, 50.19623 ], [ 3.9546, 50.19493 ], [ 3.94896, 50.19185 ], [ 3.94229, 50.19158 ], [ 3.94144, 50.19543 ], [ 3.93734, 50.19675 ], [ 3.93516, 50.19991 ], [ 3.93613, 50.20037 ], [ 3.93465, 50.20367 ], [ 3.93124, 50.20578 ] ] } },
{ "type": "Feature", "properties": { "name": "Ruisseau d'Écuelin", "weight_class": 1, "permanent": true, "length_km": 4.0 }, "geometry": { "type": "LineString", "coordinates": [ [ 3.91263, 50.18671 ], [ 3.91425, 50.18825 ], [ 3.91356, 50.19109 ], [ 3.90864, 50.1965 ], [ 3.90802, 50.20214 ], [ 3.90535, 50.20338 ], [ 3.90443, 50.20722 ], [ 3.90502, 50.20929 ], [ 3.90966, 50.21416 ], [ 3.91063, 50.21787 ] ] } },
{ "type": "Feature", "properties": { "name": "Ruisseau des Mortiers", "weight_class": 1, "permanent": false, "length_km": 4.5 }, "geometry": { "type": "LineString", "coordinates": [ [ 3.86024, 50.18424 ], [ 3.8542, 50.18543 ], [ 3.84789, 50.18534 ], [ 3.84197, 50.18756 ], [ 3.83672, 50.1877 ], [ 3.83316, 50.19025 ], [ 3.82489, 50.18928 ], [ 3.8232, 50.18999 ], [ 3.82308, 50.19134 ], [ 3.81668, 50.19346 ], [ 3.816, 50.19487 ], [ 3.81778, 50.20035 ] ] } },
{ "type": "Feature", "properties": { "name": "Rieux des Arbreux", "weight_class": 2, "permanent": true, "length_km": 7.3 }, "geometry": { "type": "LineString", "coordinates": [ [ 3.74171, 50.19549 ], [ 3.74612, 50.19712 ], [ 3.75938, 50.19735 ], [ 3.76587, 50.20185 ], [ 3.77721, 50.20518 ], [ 3.78131, 50.20888 ], [ 3.78725, 50.20933 ], [ 3.78935, 50.20924 ], [ 3.79048, 50.20814 ], [ 3.79584, 50.2086 ], [ 3.79968, 50.20762 ], [ 3.80394, 50.20286 ], [ 3.80928, 50.19996 ], [ 3.80786, 50.19718 ], [ 3.81314, 50.19551 ] ] } },
{ "type": "Feature", "properties": { "name": "Ruisseau du Rie Grives", "weight_class": 1, "permanent": true, "length_km": 4.3 }, "geometry": { "type": "LineString", "coordinates": [ [ 3.92283, 50.09987 ], [ 3.91941, 50.10143 ], [ 3.91779, 50.10443 ], [ 3.91302, 50.10513 ], [ 3.91097, 50.10639 ], [ 3.90838, 50.10913 ], [ 3.90877, 50.11126 ], [ 3.90404, 50.11295 ], [ 3.9021, 50.11472 ], [ 3.90052, 50.11873 ], [ 3.90221, 50.12512 ], [ 3.90102, 50.12851 ] ] } },
{ "type": "Feature", "properties": { "name": "Ruisseau du Moulin ou Sambre", "weight_class": 1, "permanent": true, "length_km": 3.5 }, "geometry": { "type": "LineString", "coordinates": [ [ 3.94217, 50.0981 ], [ 3.94389, 50.09894 ], [ 3.94665, 50.10384 ], [ 3.94495, 50.10655 ], [ 3.9427, 50.10752 ], [ 3.94128, 50.11656 ], [ 3.94256, 50.11671 ], [ 3.9417, 50.11821 ], [ 3.94443, 50.12073 ], [ 3.94428, 50.12233 ], [ 3.94672, 50.12233 ] ] } },
{ "type": "Feature", "properties": { "name": "Ruisseau du Sart ou Helpe Mineure", "weight_class": 1, "permanent": true, "length_km": 4.1 }, "geometry": { "type": "LineString", "coordinates": [ [ 3.77542, 50.09012 ], [ 3.78508, 50.09227 ], [ 3.79425, 50.09601 ], [ 3.80159, 50.10095 ], [ 3.80735, 50.10224 ], [ 3.8121, 50.10752 ], [ 3.81165, 50.10898 ], [ 3.81311, 50.11074 ], [ 3.81205, 50.11117 ] ] } },
{ "type": "Feature", "properties": { "name": "Ruisseau de la Fontaine Durand", "weight_class": 1, "permanent": false, "length_km": 3.3 }, "geometry": { "type": "LineString", "coordinates": [ [ 3.93049, 50.03145 ], [ 3.931, 50.03236 ], [ 3.94507, 50.03733 ], [ 3.9506, 50.0402 ], [ 3.95485, 50.0403 ], [ 3.95526, 50.03969 ], [ 3.95804, 50.04059 ], [ 3.96096, 50.04229 ], [ 3.96257, 50.04581 ] ] } },
{ "type": "Feature", "properties": { "name": "la Basse Boulogne", "weight_class": 1, "permanent": true, "length_km": 2.8 }, "geometry": { "type": "LineString", "coordinates": [ [ 3.89987, 50.05249 ], [ 3.89924, 50.0539 ], [ 3.90122, 50.05706 ], [ 3.90038, 50.05895 ], [ 3.90541, 50.06468 ], [ 3.90189, 50.06817 ], [ 3.90041, 50.07272 ], [ 3.90137, 50.07398 ] ] } },
{ "type": "Feature", "properties": { "name": "Ruisseau du Housquin", "weight_class": 1, "permanent": false, "length_km": 2.0 }, "geometry": { "type": "LineString", "coordinates": [ [ 3.90341, 50.02231 ], [ 3.88742, 50.02801 ], [ 3.88295, 50.02887 ], [ 3.87847, 50.02815 ] ] } },
{ "type": "Feature", "properties": { "name": "Ruisseau du Bois de la Houssoye", "weight_class": 1, "permanent": true, "length_km": 3.6 }, "geometry": { "type": "LineString", "coordinates": [ [ 3.91296, 50.02684 ], [ 3.9041, 50.03056 ], [ 3.89989, 50.03116 ], [ 3.88712, 50.03837 ], [ 3.87166, 50.04174 ] ] } },
{ "type": "Feature", "properties": { "name": "Ruisseau du Pavillon", "weight_class": 1, "permanent": true, "length_km": 2.5 }, "geometry": { "type": "LineString", "coordinates": [ [ 3.84713, 50.05539 ], [ 3.85345, 50.05895 ], [ 3.86762, 50.06204 ], [ 3.86705, 50.06275 ], [ 3.86838, 50.06382 ], [ 3.87415, 50.06595 ] ] } },
{ "type": "Feature", "properties": { "name": "le Bon Debout", "weight_class": 1, "permanent": true, "length_km": 2.7 }, "geometry": { "type": "LineString", "coordinates": [ [ 3.84379, 50.05778 ], [ 3.84442, 50.06567 ], [ 3.8506, 50.06902 ], [ 3.85213, 50.07427 ], [ 3.85524, 50.0782 ] ] } },
{ "type": "Feature", "properties": { "name": "Ruisseau d'Air", "weight_class": 1, "permanent": true, "length_km": 4.1 }, "geometry": { "type": "LineString", "coordinates": [ [ 3.80143, 50.07588 ], [ 3.80429, 50.08023 ], [ 3.8027, 50.08527 ], [ 3.80839, 50.09182 ], [ 3.81249, 50.10022 ], [ 3.81439, 50.10132 ], [ 3.81724, 50.10114 ], [ 3.82059, 50.10467 ] ] } },
{ "type": "Feature", "properties": { "name": "la Rue d'en haut", "weight_class": 1, "permanent": true, "length_km": 2.2 }, "geometry": { "type": "LineString", "coordinates": [ [ 3.75913, 50.06276 ], [ 3.74532, 50.06176 ], [ 3.7408, 50.05993 ], [ 3.73607, 50.0599 ], [ 3.73223, 50.05752 ] ] } },
{ "type": "Feature", "properties": { "name": "le Gravier", "weight_class": 1, "permanent": true, "length_km": 2.6 }, "geometry": { "type": "LineString", "coordinates": [ [ 3.83086, 50.03881 ], [ 3.81829, 50.04507 ], [ 3.80777, 50.05588 ] ] } },
{ "type": "Feature", "properties": { "name": "Ruisseau du Grand Sart", "weight_class": 1, "permanent": true, "length_km": 2.5 }, "geometry": { "type": "LineString", "coordinates": [ [ 3.82096, 50.06103 ], [ 3.82312, 50.06267 ], [ 3.82143, 50.07144 ], [ 3.82469, 50.07454 ], [ 3.83081, 50.07749 ] ] } },
{ "type": "Feature", "properties": { "name": "Grand Rieu", "weight_class": 1, "permanent": true, "length_km": 2.5 }, "geometry": { "type": "LineString", "coordinates": [ [ 3.83081, 50.07749 ], [ 3.83318, 50.08075 ], [ 3.83276, 50.08256 ], [ 3.83771, 50.08663 ], [ 3.83949, 50.08956 ], [ 3.84328, 50.09183 ], [ 3.84392, 50.09427 ] ] } },
{ "type": "Feature", "properties": { "name": "Ruisseau Bouvrout", "weight_class": 1, "permanent": true, "length_km": 3.7 }, "geometry": { "type": "LineString", "coordinates": [ [ 3.91687, 50.03533 ], [ 3.91617, 50.03974 ], [ 3.91967, 50.04578 ], [ 3.91863, 50.05251 ], [ 3.92038, 50.05473 ], [ 3.92429, 50.05441 ], [ 3.9258, 50.05516 ], [ 3.92691, 50.06161 ] ] } },
{ "type": "Feature", "properties": { "name": "Ruisseau de la Queue Broche", "weight_class": 1, "permanent": true, "length_km": 3.3 }, "geometry": { "type": "LineString", "coordinates": [ [ 3.84033, 50.05244 ], [ 3.83916, 50.05405 ], [ 3.83429, 50.05588 ], [ 3.83686, 50.06619 ], [ 3.83117, 50.07255 ], [ 3.83081, 50.07749 ] ] } },
{ "type": "Feature", "properties": { "name": "Rivièrette ou Sambre", "weight_class": 1, "permanent": true, "length_km": 20.9 }, "geometry": { "type": "MultiLineString", "coordinates": [ [ [ 3.84285, 50.04263 ], [ 3.83746, 50.04696 ], [ 3.82962, 50.05034 ], [ 3.82123, 50.0526 ], [ 3.81525, 50.05563 ], [ 3.80774, 50.05588 ], [ 3.80253, 50.05699 ], [ 3.78891, 50.06341 ], [ 3.78345, 50.06362 ], [ 3.78379, 50.06533 ], [ 3.78147, 50.0664 ], [ 3.77764, 50.07102 ], [ 3.76855, 50.07362 ], [ 3.7694, 50.07579 ], [ 3.76555, 50.07878 ], [ 3.76332, 50.07734 ], [ 3.76239, 50.07865 ], [ 3.76358, 50.07946 ], [ 3.76216, 50.08123 ], [ 3.75701, 50.0835 ], [ 3.74935, 50.08362 ], [ 3.74378, 50.0867 ], [ 3.74279, 50.08642 ], [ 3.74243, 50.08935 ], [ 3.74109, 50.08993 ], [ 3.74177, 50.09071 ], [ 3.73844, 50.09212 ], [ 3.7375, 50.09361 ], [ 3.73366, 50.09477 ], [ 3.73292, 50.09688 ], [ 3.73214, 50.09627 ], [ 3.72888, 50.09752 ], [ 3.72939, 50.09824 ], [ 3.72667, 50.0981 ], [ 3.72248, 50.10104 ], [ 3.71136, 50.10128 ], [ 3.70948, 50.10244 ], [ 3.70855, 50.1015 ], [ 3.70714, 50.10282 ], [ 3.70449, 50.1032 ], [ 3.70062, 50.10248 ], [ 3.69267, 50.10625 ], [ 3.68616, 50.10723 ], [ 3.68583, 50.11433 ], [ 3.68693, 50.11584 ], [ 3.68395, 50.12016 ], [ 3.68089, 50.12178 ] ], [ [ 3.8473, 50.03994 ], [ 3.8435, 50.04226 ] ] ] } },
{ "type": "Feature", "properties": { "name": "Rivière Sambre", "weight_class": 1, "permanent": true, "length_km": 3.8 }, "geometry": { "type": "MultiLineString", "coordinates": [ [ [ 3.66025, 50.03973 ], [ 3.66021, 50.03952 ] ], [ [ 3.80864, 50.04147 ], [ 3.80373, 50.0429 ], [ 3.7996, 50.04816 ], [ 3.7938, 50.04898 ], [ 3.78434, 50.048 ], [ 3.76954, 50.04361 ] ] ] } },
{ "type": "Feature", "properties": { "name": "Ruisseau de Chevireuil", "weight_class": 1, "permanent": true, "length_km": 9.2 }, "geometry": { "type": "LineString", "coordinates": [ [ 3.869, 50.03288 ], [ 3.87026, 50.04055 ], [ 3.87176, 50.04213 ], [ 3.87074, 50.04381 ], [ 3.87301, 50.04549 ], [ 3.87224, 50.04722 ], [ 3.87469, 50.05205 ], [ 3.87468, 50.05634 ], [ 3.87598, 50.05709 ], [ 3.87441, 50.05994 ], [ 3.87466, 50.07048 ], [ 3.87385, 50.07224 ], [ 3.86956, 50.07436 ], [ 3.85959, 50.07586 ], [ 3.85639, 50.07856 ], [ 3.85522, 50.0782 ], [ 3.85515, 50.08182 ], [ 3.85286, 50.08321 ], [ 3.85215, 50.08522 ], [ 3.85484, 50.08882 ] ] } },
{ "type": "Feature", "properties": { "name": "le Marais", "weight_class": 1, "permanent": true, "length_km": 3.8 }, "geometry": { "type": "MultiLineString", "coordinates": [ [ [ 3.64662, 50.41764 ], [ 3.64663, 50.42201 ], [ 3.64781, 50.42211 ], [ 3.6507, 50.42017 ], [ 3.65078, 50.41618 ] ], [ [ 3.64662, 50.41764 ], [ 3.64342, 50.41798 ], [ 3.64163, 50.41628 ], [ 3.64351, 50.41461 ], [ 3.64569, 50.41488 ], [ 3.64815, 50.4126 ] ], [ [ 3.65078, 50.41618 ], [ 3.64649, 50.41658 ], [ 3.64662, 50.41764 ] ], [ [ 3.6554, 50.41485 ], [ 3.65119, 50.41365 ], [ 3.65078, 50.41618 ] ] ] } },
{ "type": "Feature", "properties": { "name": null, "weight_class": 1, "permanent": false, "length_km": 7.5 }, "geometry": { "type": "MultiLineString", "coordinates": [ [ [ 3.61933, 50.44025 ], [ 3.60848, 50.43765 ] ], [ [ 3.60928, 50.4306 ], [ 3.60805, 50.4306 ], [ 3.60772, 50.4322 ], [ 3.60848, 50.43765 ] ], [ [ 3.61963, 50.43642 ], [ 3.6155, 50.43522 ], [ 3.61454, 50.43654 ], [ 3.61118, 50.43567 ], [ 3.60848, 50.43765 ] ], [ [ 3.62118, 50.43342 ], [ 3.61765, 50.43248 ], [ 3.60941, 50.43231 ], [ 3.60928, 50.4306 ] ], [ [ 3.60928, 50.4306 ], [ 3.61138, 50.42958 ], [ 3.61961, 50.4305 ] ], [ [ 3.61961, 50.4305 ], [ 3.62352, 50.43224 ], [ 3.62229, 50.43629 ], [ 3.62459, 50.43708 ], [ 3.62588, 50.43582 ], [ 3.6277, 50.43651 ], [ 3.63101, 50.43623 ] ], [ [ 3.63145, 50.43121 ], [ 3.63048, 50.42982 ], [ 3.62591, 50.42811 ], [ 3.62482, 50.42901 ], [ 3.62095, 50.42931 ], [ 3.61961, 50.4305 ] ] ] } },
{ "type": "Feature", "properties": { "name": null, "weight_class": 1, "permanent": false, "length_km": 3.5 }, "geometry": { "type": "LineString", "coordinates": [ [ 3.60883, 50.41236 ], [ 3.60785, 50.41355 ], [ 3.61087, 50.41581 ], [ 3.60994, 50.41666 ], [ 3.61669, 50.42173 ], [ 3.6182, 50.42414 ], [ 3.6222, 50.42223 ], [ 3.62486, 50.42341 ], [ 3.62449, 50.42496 ], [ 3.62783, 50.42562 ], [ 3.62817, 50.42672 ], [ 3.63136, 50.42595 ], [ 3.63087, 50.42794 ] ] } },
{ "type": "Feature", "properties": { "name": null, "weight_class": 3, "permanent": true, "length_km": 2.1 }, "geometry": { "type": "LineString", "coordinates": [ [ 3.58463, 50.44685 ], [ 3.57729, 50.44807 ], [ 3.57114, 50.45212 ], [ 3.56629, 50.4538 ], [ 3.55935, 50.45401 ] ] } },
{ "type": "Feature", "properties": { "name": null, "weight_class": 3, "permanent": true, "length_km": 2.2 }, "geometry": { "type": "LineString", "coordinates": [ [ 3.6075, 50.44959 ], [ 3.59551, 50.44942 ], [ 3.59242, 50.44601 ], [ 3.59443, 50.44223 ], [ 3.59432, 50.43845 ] ] } },
{ "type": "Feature", "properties": { "name": "Ruisseau du Séminaire", "weight_class": 1, "permanent": true, "length_km": 3.1 }, "geometry": { "type": "LineString", "coordinates": [ [ 3.67227, 50.4223 ], [ 3.66903, 50.42296 ], [ 3.66984, 50.43722 ], [ 3.6668, 50.44055 ], [ 3.6628, 50.44175 ], [ 3.65949, 50.44513 ] ] } },
{ "type": "Feature", "properties": { "name": "Ruisseau de la Flamengrie", "weight_class": 1, "permanent": true, "length_km": 2.5 }, "geometry": { "type": "LineString", "coordinates": [ [ 3.72728, 50.30285 ], [ 3.72727, 50.3049 ], [ 3.72572, 50.30502 ], [ 3.7225, 50.30746 ], [ 3.71735, 50.31502 ], [ 3.70946, 50.31924 ] ] } },
{ "type": "Feature", "properties": { "name": "Marais de la Chapelle Saint-Aybert", "weight_class": 1, "permanent": false, "length_km": 8.4 }, "geometry": { "type": "MultiLineString", "coordinates": [ [ [ 3.62956, 50.45636 ], [ 3.63838, 50.45907 ] ], [ [ 3.63424, 50.45206 ], [ 3.63457, 50.45333 ], [ 3.6295, 50.45429 ], [ 3.62956, 50.45636 ] ], [ [ 3.64056, 50.45365 ], [ 3.63919, 50.45412 ], [ 3.64042, 50.45507 ], [ 3.63785, 50.45653 ], [ 3.63465, 50.45583 ], [ 3.62956, 50.45636 ] ], [ [ 3.6297, 50.45737 ], [ 3.63902, 50.45998 ] ], [ [ 3.63231, 50.45087 ], [ 3.62846, 50.45314 ], [ 3.6301, 50.4538 ], [ 3.63424, 50.45206 ] ], [ [ 3.6351, 50.45174 ], [ 3.63424, 50.45206 ] ], [ [ 3.63838, 50.45907 ], [ 3.63902, 50.45998 ] ], [ [ 3.64411, 50.45479 ], [ 3.63838, 50.45907 ] ], [ [ 3.64866, 50.46208 ], [ 3.64433, 50.46199 ], [ 3.63902, 50.45998 ] ], [ [ 3.65667, 50.45218 ], [ 3.65201, 50.45191 ], [ 3.64773, 50.45565 ] ], [ [ 3.65667, 50.45218 ], [ 3.65488, 50.45842 ], [ 3.65194, 50.46033 ], [ 3.65171, 50.45974 ], [ 3.64806, 50.4598 ] ], [ [ 3.66129, 50.45128 ], [ 3.65667, 50.45218 ] ] ] } },
{ "type": "Feature", "properties": { "name": null, "weight_class": 1, "permanent": false, "length_km": 2.1 }, "geometry": { "type": "LineString", "coordinates": [ [ 3.633, 50.47464 ], [ 3.63898, 50.46731 ], [ 3.63068, 50.46384 ], [ 3.62609, 50.46303 ], [ 3.62712, 50.46222 ] ] } },
{ "type": "Feature", "properties": { "name": "Vergne", "weight_class": 1, "permanent": true, "length_km": 5.6 }, "geometry": { "type": "MultiLineString", "coordinates": [ [ [ 3.52368, 50.4954 ], [ 3.5199, 50.49444 ], [ 3.51515, 50.49112 ], [ 3.5108, 50.49094 ], [ 3.50887, 50.49031 ], [ 3.50884, 50.4894 ], [ 3.50314, 50.48794 ], [ 3.49791, 50.48455 ] ], [ [ 3.54097, 50.49504 ], [ 3.53902, 50.49435 ], [ 3.53773, 50.49503 ] ], [ [ 3.54467, 50.49723 ], [ 3.54157, 50.49546 ] ], [ [ 3.56906, 50.50092 ], [ 3.56247, 50.49788 ], [ 3.56038, 50.49769 ], [ 3.55791, 50.49873 ], [ 3.55424, 50.49772 ], [ 3.55273, 50.49842 ] ] ] } },
{ "type": "Feature", "properties": { "name": "Canal de Mons de la Frontière Belge au Confluent de l'Escaut Canalisé", "weight_class": 4, "permanent": true, "length_km": 5.4 }, "geometry": { "type": "LineString", "coordinates": [ [ 3.66082, 50.45019 ], [ 3.63234, 50.44975 ], [ 3.61586, 50.44857 ], [ 3.59042, 50.43693 ] ] } },
{ "type": "Feature", "properties": { "name": "Courant de Bernissart", "weight_class": 1, "permanent": true, "length_km": 3.0 }, "geometry": { "type": "LineString", "coordinates": [ [ 3.64165, 50.46623 ], [ 3.63585, 50.46472 ], [ 3.6338, 50.46267 ], [ 3.63262, 50.46322 ], [ 3.62922, 50.46203 ], [ 3.62843, 50.46266 ], [ 3.62326, 50.46055 ], [ 3.62152, 50.46514 ], [ 3.61727, 50.46776 ], [ 3.61434, 50.46828 ] ] } },
{ "type": "Feature", "properties": { "name": "Contre Fossé Rive Droite du Canal de Mons", "weight_class": 1, "permanent": true, "length_km": 4.2 }, "geometry": { "type": "LineString", "coordinates": [ [ 3.65593, 50.46179 ], [ 3.64866, 50.46208 ], [ 3.64802, 50.45936 ], [ 3.65116, 50.4568 ], [ 3.62997, 50.45014 ], [ 3.61968, 50.44997 ], [ 3.61188, 50.452 ] ] } },
{ "type": "Feature", "properties": { "name": "Courant de Macou", "weight_class": 1, "permanent": true, "length_km": 4.2 }, "geometry": { "type": "LineString", "coordinates": [ [ 3.63377, 50.48006 ], [ 3.62792, 50.47916 ], [ 3.6212, 50.47189 ], [ 3.60315, 50.46149 ], [ 3.60058, 50.45891 ], [ 3.60107, 50.4572 ], [ 3.59809, 50.45487 ], [ 3.59871, 50.45393 ] ] } },
{ "type": "Feature", "properties": { "name": "Canal de Saint Saulve Canal Malolin", "weight_class": 1, "permanent": true, "length_km": 6.1 }, "geometry": { "type": "LineString", "coordinates": [ [ 3.56439, 50.40636 ], [ 3.5717, 50.40486 ], [ 3.57447, 50.4075 ], [ 3.57635, 50.40675 ], [ 3.58043, 50.4103 ], [ 3.58457, 50.41001 ], [ 3.58699, 50.41261 ], [ 3.58877, 50.41829 ], [ 3.59666, 50.42457 ], [ 3.5969, 50.42672 ], [ 3.59935, 50.42868 ], [ 3.59497, 50.43038 ], [ 3.58624, 50.4251 ], [ 3.58199, 50.4275 ] ] } },
{ "type": "Feature", "properties": { "name": "Courant de la Savernière", "weight_class": 1, "permanent": true, "length_km": 2.0 }, "geometry": { "type": "LineString", "coordinates": [ [ 3.65949, 50.44513 ], [ 3.65741, 50.44444 ], [ 3.64837, 50.44459 ], [ 3.64553, 50.44325 ], [ 3.64106, 50.44625 ], [ 3.63952, 50.44988 ] ] } },
{ "type": "Feature", "properties": { "name": "Courant des Vaucelles", "weight_class": 1, "permanent": true, "length_km": 5.4 }, "geometry": { "type": "LineString", "coordinates": [ [ 3.64731, 50.42213 ], [ 3.64501, 50.42386 ], [ 3.6458, 50.42665 ], [ 3.64154, 50.42822 ], [ 3.64037, 50.42775 ], [ 3.63447, 50.42904 ], [ 3.63145, 50.43121 ], [ 3.63097, 50.43713 ], [ 3.6296, 50.43788 ], [ 3.62547, 50.43739 ], [ 3.61489, 50.44275 ], [ 3.60786, 50.44052 ], [ 3.60419, 50.44361 ], [ 3.60886, 50.44584 ] ] } },
{ "type": "Feature", "properties": { "name": "Hogneau", "weight_class": 1, "permanent": true, "length_km": 24.7 }, "geometry": { "type": "MultiLineString", "coordinates": [ [ [ 3.67364, 50.41413 ], [ 3.67044, 50.41646 ], [ 3.66743, 50.42278 ], [ 3.66505, 50.42304 ], [ 3.66379, 50.42515 ], [ 3.65902, 50.42652 ], [ 3.64443, 50.43581 ], [ 3.64048, 50.43766 ], [ 3.63514, 50.43865 ], [ 3.63056, 50.4418 ], [ 3.63119, 50.44447 ], [ 3.62928, 50.44767 ], [ 3.62588, 50.44891 ], [ 3.61586, 50.44857 ] ], [ [ 3.82945, 50.26872 ], [ 3.83787, 50.2694 ], [ 3.83971, 50.27075 ], [ 3.84324, 50.27564 ], [ 3.84626, 50.2778 ], [ 3.84764, 50.28241 ], [ 3.85322, 50.29085 ], [ 3.85188, 50.29546 ], [ 3.84833, 50.29742 ], [ 3.84582, 50.3003 ], [ 3.84803, 50.30626 ], [ 3.84559, 50.30878 ], [ 3.84548, 50.31107 ], [ 3.84174, 50.31455 ], [ 3.83714, 50.31657 ], [ 3.82913, 50.31698 ], [ 3.82712, 50.31954 ], [ 3.8281, 50.32303 ], [ 3.8255, 50.32596 ], [ 3.82026, 50.32801 ], [ 3.81503, 50.32665 ], [ 3.80846, 50.32944 ], [ 3.80311, 50.32784 ], [ 3.7984, 50.32372 ], [ 3.79451, 50.32252 ], [ 3.79374, 50.32055 ], [ 3.78677, 50.31983 ], [ 3.77315, 50.32518 ], [ 3.7732, 50.32776 ], [ 3.77046, 50.32827 ], [ 3.76724, 50.33187 ], [ 3.76256, 50.33118 ], [ 3.75593, 50.33356 ], [ 3.75446, 50.33178 ], [ 3.75235, 50.33275 ], [ 3.7523, 50.33383 ], [ 3.7462, 50.33426 ], [ 3.74151, 50.33337 ], [ 3.7388, 50.33401 ], [ 3.7376, 50.33654 ], [ 3.73416, 50.33563 ] ] ] } },
{ "type": "Feature", "properties": { "name": "l'Escaut Canalisée", "weight_class": 4, "permanent": true, "length_km": 59.3 }, "geometry": { "type": "LineString", "coordinates": [ [ 3.22171, 50.1762 ], [ 3.22805, 50.18361 ], [ 3.23641, 50.19 ], [ 3.25793, 50.19639 ], [ 3.26102, 50.20085 ], [ 3.26522, 50.20352 ], [ 3.26554, 50.207 ], [ 3.2684, 50.21057 ], [ 3.2744, 50.21603 ], [ 3.28439, 50.22335 ], [ 3.29627, 50.22717 ], [ 3.30484, 50.2335 ], [ 3.30847, 50.23887 ], [ 3.30362, 50.24383 ], [ 3.30308, 50.24651 ], [ 3.30633, 50.25264 ], [ 3.30392, 50.25409 ], [ 3.29895, 50.2621 ], [ 3.30692, 50.27593 ], [ 3.31194, 50.28042 ], [ 3.32685, 50.28665 ], [ 3.34033, 50.29652 ], [ 3.35833, 50.30693 ], [ 3.37643, 50.31204 ], [ 3.38259, 50.31572 ], [ 3.39219, 50.31908 ], [ 3.40712, 50.32236 ], [ 3.42557, 50.32367 ], [ 3.43217, 50.32327 ], [ 3.43624, 50.32194 ], [ 3.44515, 50.31526 ], [ 3.44915, 50.31353 ], [ 3.45585, 50.31241 ], [ 3.46729, 50.31278 ], [ 3.47234, 50.31411 ], [ 3.48319, 50.31904 ], [ 3.49385, 50.32552 ], [ 3.49829, 50.32977 ], [ 3.50492, 50.34439 ], [ 3.51447, 50.36074 ], [ 3.51543, 50.36457 ], [ 3.53084, 50.38119 ], [ 3.56463, 50.40657 ], [ 3.58258, 50.42817 ], [ 3.5892, 50.43439 ], [ 3.59042, 50.43693 ], [ 3.58724, 50.44006 ], [ 3.57132, 50.45108 ], [ 3.54246, 50.45731 ], [ 3.53363, 50.46314 ], [ 3.50526, 50.47768 ], [ 3.47414, 50.49663 ], [ 3.45587, 50.50015 ], [ 3.44674, 50.50085 ], [ 3.44086, 50.50323 ], [ 3.43277, 50.50822 ] ] } },
{ "type": "Feature", "properties": { "name": "Vieil-Escaut", "weight_class": 1, "permanent": true, "length_km": 4.0 }, "geometry": { "type": "LineString", "coordinates": [ [ 3.56494, 50.412 ], [ 3.56144, 50.41356 ], [ 3.5621, 50.41522 ], [ 3.55913, 50.4176 ], [ 3.5627, 50.42071 ], [ 3.56139, 50.42218 ], [ 3.5677, 50.42413 ], [ 3.56913, 50.42559 ], [ 3.56774, 50.42598 ], [ 3.56816, 50.42667 ], [ 3.57131, 50.42847 ], [ 3.57509, 50.42925 ], [ 3.57769, 50.43123 ], [ 3.57931, 50.43171 ], [ 3.58495, 50.43082 ] ] } },
{ "type": "Feature", "properties": { "name": "Dérivation du Canal de Saint Saulve", "weight_class": 1, "permanent": true, "length_km": 3.4 }, "geometry": { "type": "LineString", "coordinates": [ [ 3.56169, 50.40447 ], [ 3.56947, 50.40422 ], [ 3.57282, 50.4029 ], [ 3.57513, 50.40047 ], [ 3.57682, 50.40178 ], [ 3.5794, 50.39962 ], [ 3.59387, 50.40662 ], [ 3.59659, 50.40926 ] ] } },
{ "type": "Feature", "properties": { "name": "Ruisseau du Roleur", "weight_class": 1, "permanent": false, "length_km": 6.9 }, "geometry": { "type": "LineString", "coordinates": [ [ 3.59341, 50.33012 ], [ 3.59504, 50.33185 ], [ 3.59417, 50.33372 ], [ 3.5855, 50.34056 ], [ 3.58281, 50.3444 ], [ 3.57976, 50.34526 ], [ 3.57996, 50.3461 ], [ 3.57707, 50.34742 ], [ 3.57727, 50.34982 ], [ 3.57547, 50.35309 ], [ 3.56699, 50.35748 ], [ 3.55527, 50.3578 ], [ 3.54607, 50.3607 ], [ 3.54121, 50.36091 ], [ 3.5373, 50.36796 ] ] } },
{ "type": "Feature", "properties": { "name": "Ruisseau de Bavay", "weight_class": 1, "permanent": true, "length_km": 14.2 }, "geometry": { "type": "LineString", "coordinates": [ [ 3.80242, 50.24963 ], [ 3.80691, 50.25108 ], [ 3.80924, 50.25304 ], [ 3.80881, 50.2598 ], [ 3.81056, 50.26255 ], [ 3.80891, 50.26503 ], [ 3.80963, 50.26971 ], [ 3.79892, 50.27541 ], [ 3.79202, 50.27657 ], [ 3.78651, 50.27974 ], [ 3.78659, 50.28393 ], [ 3.78496, 50.28614 ], [ 3.78696, 50.29178 ], [ 3.78096, 50.29421 ], [ 3.7786, 50.29668 ], [ 3.77674, 50.29635 ], [ 3.77232, 50.29811 ], [ 3.76864, 50.29816 ], [ 3.76075, 50.29671 ], [ 3.75838, 50.29835 ], [ 3.75397, 50.29932 ], [ 3.75101, 50.30201 ], [ 3.75066, 50.30562 ], [ 3.74845, 50.30799 ], [ 3.74831, 50.31539 ], [ 3.74667, 50.31782 ], [ 3.74921, 50.32016 ], [ 3.75087, 50.32501 ], [ 3.75011, 50.32847 ], [ 3.74662, 50.33229 ], [ 3.74722, 50.33409 ] ] } },
{ "type": "Feature", "properties": { "name": "Ruisseau Saint-Jean", "weight_class": 1, "permanent": false, "length_km": 3.6 }, "geometry": { "type": "LineString", "coordinates": [ [ 3.70592, 50.29195 ], [ 3.70385, 50.29211 ], [ 3.69558, 50.29644 ], [ 3.69245, 50.30029 ], [ 3.68637, 50.30362 ], [ 3.68138, 50.30908 ], [ 3.67942, 50.3159 ] ] } },
{ "type": "Feature", "properties": { "name": "le Sart", "weight_class": 1, "permanent": true, "length_km": 9.2 }, "geometry": { "type": "LineString", "coordinates": [ [ 3.73024, 50.28738 ], [ 3.73189, 50.28952 ], [ 3.72697, 50.29585 ], [ 3.71877, 50.29891 ], [ 3.71386, 50.29894 ], [ 3.71175, 50.30004 ], [ 3.71022, 50.30356 ], [ 3.70359, 50.30761 ], [ 3.69533, 50.31042 ], [ 3.69303, 50.3126 ], [ 3.68518, 50.31644 ], [ 3.67942, 50.3159 ], [ 3.67649, 50.31705 ], [ 3.66936, 50.32163 ], [ 3.66353, 50.32829 ], [ 3.66024, 50.32915 ], [ 3.65393, 50.33282 ], [ 3.64651, 50.33439 ] ] } },
{ "type": "Feature", "properties": { "name": "Ruisseau de Marvi", "weight_class": 1, "permanent": true, "length_km": 2.5 }, "geometry": { "type": "LineString", "coordinates": [ [ 3.75281, 50.28631 ], [ 3.74434, 50.2928 ], [ 3.74281, 50.29595 ], [ 3.74403, 50.29981 ], [ 3.74731, 50.30291 ], [ 3.75006, 50.30329 ] ] } },
{ "type": "Feature", "properties": { "name": "Ruisseau des Prés Massin", "weight_class": 1, "permanent": false, "length_km": 2.7 }, "geometry": { "type": "LineString", "coordinates": [ [ 3.74292, 50.24622 ], [ 3.74324, 50.24761 ], [ 3.73597, 50.25136 ], [ 3.73108, 50.25624 ], [ 3.72552, 50.25875 ], [ 3.72162, 50.26429 ] ] } },
{ "type": "Feature", "properties": { "name": "Brai Moulcon", "weight_class": 1, "permanent": false, "length_km": 2.0 }, "geometry": { "type": "LineString", "coordinates": [ [ 3.7413, 50.23908 ], [ 3.73684, 50.24504 ], [ 3.73334, 50.24717 ], [ 3.72453, 50.24996 ], [ 3.72186, 50.24932 ] ] } },
{ "type": "Feature", "properties": { "name": "Potelle", "weight_class": 1, "permanent": false, "length_km": 3.5 }, "geometry": { "type": "LineString", "coordinates": [ [ 3.69058, 50.22727 ], [ 3.68565, 50.23316 ], [ 3.68244, 50.23497 ], [ 3.67889, 50.23568 ], [ 3.67281, 50.23529 ], [ 3.67074, 50.23687 ], [ 3.66703, 50.24229 ], [ 3.66782, 50.24595 ], [ 3.6701, 50.24813 ] ] } },
{ "type": "Feature", "properties": { "name": "Ruisseau le Roniau", "weight_class": 1, "permanent": false, "length_km": 8.8 }, "geometry": { "type": "LineString", "coordinates": [ [ 3.63061, 50.23868 ], [ 3.62691, 50.24065 ], [ 3.6237, 50.2395 ], [ 3.61796, 50.23978 ], [ 3.61611, 50.24127 ], [ 3.61534, 50.24442 ], [ 3.60846, 50.24592 ], [ 3.60202, 50.25175 ], [ 3.59091, 50.2567 ], [ 3.58462, 50.25662 ], [ 3.58331, 50.25749 ], [ 3.57672, 50.2571 ], [ 3.54814, 50.26337 ], [ 3.53476, 50.26942 ], [ 3.53108, 50.26867 ] ] } },
{ "type": "Feature", "properties": { "name": "le Quesnoy", "weight_class": 1, "permanent": true, "length_km": 2.1 }, "geometry": { "type": "LineString", "coordinates": [ [ 3.64407, 50.24183 ], [ 3.64153, 50.24342 ], [ 3.64182, 50.24489 ], [ 3.63627, 50.2446 ], [ 3.63392, 50.24557 ], [ 3.63172, 50.2448 ], [ 3.63122, 50.24703 ] ] } },
{ "type": "Feature", "properties": { "name": "Rieu du Vivier Corbeau", "weight_class": 1, "permanent": true, "length_km": 2.7 }, "geometry": { "type": "LineString", "coordinates": [ [ 3.69476, 50.22104 ], [ 3.69014, 50.22093 ], [ 3.68633, 50.22449 ], [ 3.6828, 50.22611 ], [ 3.67893, 50.22453 ], [ 3.67171, 50.22699 ], [ 3.66386, 50.22746 ] ] } },
{ "type": "Feature", "properties": { "name": "Canal de l'Écaillon", "weight_class": 1, "permanent": true, "length_km": 4.9 }, "geometry": { "type": "LineString", "coordinates": [ [ 3.67788, 50.2078 ], [ 3.67552, 50.20915 ], [ 3.67289, 50.21276 ], [ 3.67478, 50.21436 ], [ 3.6728, 50.21648 ], [ 3.67253, 50.21889 ], [ 3.66735, 50.22245 ], [ 3.65872, 50.23413 ], [ 3.65006, 50.23871 ], [ 3.64914, 50.2412 ], [ 3.64407, 50.24183 ] ] } },
{ "type": "Feature", "properties": { "name": "Ruisseau Tabar", "weight_class": 1, "permanent": true, "length_km": 2.9 }, "geometry": { "type": "LineString", "coordinates": [ [ 3.70469, 50.19101 ], [ 3.70518, 50.19202 ], [ 3.70237, 50.1945 ], [ 3.69618, 50.1967 ], [ 3.67681, 50.20773 ] ] } },
{ "type": "Feature", "properties": { "name": "Rouillie Grand Hère", "weight_class": 1, "permanent": false, "length_km": 3.1 }, "geometry": { "type": "LineString", "coordinates": [ [ 3.6943, 50.18718 ], [ 3.69221, 50.18771 ], [ 3.68512, 50.19493 ], [ 3.68271, 50.19523 ], [ 3.67659, 50.19857 ], [ 3.67483, 50.20308 ], [ 3.67675, 50.20775 ] ] } },
{ "type": "Feature", "properties": { "name": "Ruisseau des Frototets", "weight_class": 1, "permanent": false, "length_km": 2.2 }, "geometry": { "type": "LineString", "coordinates": [ [ 3.6538, 50.20058 ], [ 3.64624, 50.20726 ], [ 3.64364, 50.21773 ] ] } },
{ "type": "Feature", "properties": { "name": "Ruisseau de Gay/le Pont à l'Eau", "weight_class": 1, "permanent": true, "length_km": 5.8 }, "geometry": { "type": "LineString", "coordinates": [ [ 3.66784, 50.19226 ], [ 3.66399, 50.19182 ], [ 3.65982, 50.19327 ], [ 3.65454, 50.19255 ], [ 3.64588, 50.1971 ], [ 3.62531, 50.21254 ], [ 3.62093, 50.21937 ], [ 3.6217, 50.22294 ], [ 3.61918, 50.22424 ] ] } },
{ "type": "Feature", "properties": { "name": "Ruisseau du Renard", "weight_class": 1, "permanent": false, "length_km": 2.8 }, "geometry": { "type": "LineString", "coordinates": [ [ 3.69087, 50.17892 ], [ 3.68931, 50.18363 ], [ 3.68706, 50.18468 ], [ 3.68396, 50.18458 ], [ 3.67601, 50.1886 ], [ 3.67146, 50.18868 ], [ 3.66295, 50.18553 ] ] } },
{ "type": "Feature", "properties": { "name": "le Vivreuil", "weight_class": 1, "permanent": true, "length_km": 2.1 }, "geometry": { "type": "LineString", "coordinates": [ [ 3.6424, 50.16494 ], [ 3.63419, 50.17053 ], [ 3.63247, 50.17326 ], [ 3.62675, 50.177 ], [ 3.62524, 50.17942 ] ] } },
{ "type": "Feature", "properties": { "name": "Ruisseau de la Fontaine le Comte", "weight_class": 1, "permanent": false, "length_km": 4.3 }, "geometry": { "type": "LineString", "coordinates": [ [ 3.69408, 50.14983 ], [ 3.69178, 50.15046 ], [ 3.69136, 50.15257 ], [ 3.68482, 50.15608 ], [ 3.67362, 50.1565 ], [ 3.66841, 50.15902 ], [ 3.66702, 50.16121 ], [ 3.65972, 50.1643 ], [ 3.65659, 50.16468 ], [ 3.65318, 50.16783 ], [ 3.65275, 50.17036 ] ] } },
{ "type": "Feature", "properties": { "name": "Brai Martin", "weight_class": 1, "permanent": false, "length_km": 2.5 }, "geometry": { "type": "LineString", "coordinates": [ [ 3.72473, 50.20424 ], [ 3.73045, 50.21336 ], [ 3.7309, 50.22152 ], [ 3.73397, 50.22247 ], [ 3.73667, 50.22213 ] ] } },
{ "type": "Feature", "properties": { "name": "Ruisseau de Gargantua", "weight_class": 1, "permanent": false, "length_km": 3.1 }, "geometry": { "type": "LineString", "coordinates": [ [ 3.73998, 50.19816 ], [ 3.73927, 50.20608 ], [ 3.73604, 50.21646 ], [ 3.73667, 50.22213 ], [ 3.7392, 50.22402 ] ] } },
{ "type": "Feature", "properties": { "name": "Ruisseau Sendrier", "weight_class": 1, "permanent": false, "length_km": 2.0 }, "geometry": { "type": "LineString", "coordinates": [ [ 3.72023, 50.22034 ], [ 3.72131, 50.22233 ], [ 3.72101, 50.22675 ], [ 3.71668, 50.23311 ], [ 3.71556, 50.23719 ] ] } },
{ "type": "Feature", "properties": { "name": "la Petite Rhonelle/Ruisseau aux Chevaux", "weight_class": 1, "permanent": true, "length_km": 4.6 }, "geometry": { "type": "LineString", "coordinates": [ [ 3.72319, 50.20594 ], [ 3.72346, 50.2101 ], [ 3.71916, 50.21445 ], [ 3.71454, 50.21668 ], [ 3.70902, 50.22349 ], [ 3.71107, 50.22838 ], [ 3.70481, 50.24173 ] ] } },
{ "type": "Feature", "properties": { "name": "le Rieu", "weight_class": 1, "permanent": false, "length_km": 2.4 }, "geometry": { "type": "LineString", "coordinates": [ [ 3.69487, 50.22405 ], [ 3.69526, 50.22781 ], [ 3.69886, 50.23353 ], [ 3.69538, 50.23936 ], [ 3.68997, 50.24235 ] ] } },
{ "type": "Feature", "properties": { "name": "Ruisseau du Cambrésis", "weight_class": 1, "permanent": true, "length_km": 5.0 }, "geometry": { "type": "LineString", "coordinates": [ [ 3.61924, 50.126 ], [ 3.61126, 50.12593 ], [ 3.60511, 50.13058 ], [ 3.60197, 50.13157 ], [ 3.58859, 50.13113 ], [ 3.57865, 50.12748 ], [ 3.56795, 50.12637 ], [ 3.56081, 50.12118 ] ] } },
{ "type": "Feature", "properties": { "name": "Brai Grande Rouillie", "weight_class": 1, "permanent": false, "length_km": 2.3 }, "geometry": { "type": "LineString", "coordinates": [ [ 3.75982, 50.22529 ], [ 3.75619, 50.23553 ], [ 3.75745, 50.23754 ], [ 3.76055, 50.23785 ], [ 3.76351, 50.24125 ], [ 3.76587, 50.24151 ] ] } },
{ "type": "Feature", "properties": { "name": "Ruisseau de la Malgueule", "weight_class": 1, "permanent": true, "length_km": 2.3 }, "geometry": { "type": "LineString", "coordinates": [ [ 3.75594, 50.20655 ], [ 3.75947, 50.21046 ], [ 3.76619, 50.21159 ], [ 3.77654, 50.21006 ], [ 3.7808, 50.20806 ] ] } },
{ "type": "Feature", "properties": { "name": "Ruisseau du Faubourg", "weight_class": 1, "permanent": true, "length_km": 3.0 }, "geometry": { "type": "LineString", "coordinates": [ [ 3.69746, 50.11418 ], [ 3.70421, 50.12604 ], [ 3.70919, 50.12681 ], [ 3.71215, 50.12832 ], [ 3.71097, 50.13011 ], [ 3.71678, 50.13184 ], [ 3.71588, 50.13292 ] ] } },
{ "type": "Feature", "properties": { "name": "Ruisseau de la Boufflette", "weight_class": 1, "permanent": true, "length_km": 2.9 }, "geometry": { "type": "LineString", "coordinates": [ [ 3.72531, 50.1125 ], [ 3.72061, 50.11905 ], [ 3.72093, 50.12212 ], [ 3.71963, 50.12347 ], [ 3.72167, 50.12562 ], [ 3.72228, 50.12869 ], [ 3.72134, 50.13027 ], [ 3.71948, 50.12993 ], [ 3.71618, 50.13312 ] ] } },
{ "type": "Feature", "properties": { "name": "Ruisseau des Basses Pâtures", "weight_class": 1, "permanent": false, "length_km": 2.5 }, "geometry": { "type": "LineString", "coordinates": [ [ 3.74296, 50.13244 ], [ 3.73964, 50.13227 ], [ 3.73565, 50.13494 ], [ 3.7273, 50.13612 ], [ 3.72743, 50.13806 ], [ 3.72558, 50.13979 ], [ 3.72707, 50.14065 ], [ 3.72891, 50.14548 ] ] } },
{ "type": "Feature", "properties": { "name": "Fossé Quarré", "weight_class": 2, "permanent": false, "length_km": 2.9 }, "geometry": { "type": "LineString", "coordinates": [ [ 3.75591, 50.13194 ], [ 3.74776, 50.13792 ], [ 3.74347, 50.13895 ], [ 3.74086, 50.14173 ], [ 3.74144, 50.1451 ], [ 3.75023, 50.14873 ] ] } },
{ "type": "Feature", "properties": { "name": "le Magoniau", "weight_class": 1, "permanent": false, "length_km": 2.5 }, "geometry": { "type": "LineString", "coordinates": [ [ 3.75378, 50.17805 ], [ 3.76064, 50.17459 ], [ 3.76168, 50.17347 ], [ 3.76101, 50.17146 ], [ 3.76413, 50.1703 ], [ 3.76557, 50.1715 ], [ 3.7735, 50.17274 ], [ 3.77806, 50.17096 ] ] } },
{ "type": "Feature", "properties": { "name": "le Culot Noir", "weight_class": 1, "permanent": false, "length_km": 2.1 }, "geometry": { "type": "LineString", "coordinates": [ [ 3.75039, 50.17217 ], [ 3.75475, 50.16734 ], [ 3.76013, 50.16764 ], [ 3.7605, 50.1643 ], [ 3.76381, 50.16174 ], [ 3.76645, 50.16115 ] ] } },
{ "type": "Feature", "properties": { "name": null, "weight_class": 1, "permanent": true, "length_km": 2.6 }, "geometry": { "type": "LineString", "coordinates": [ [ 3.7445, 50.15623 ], [ 3.75162, 50.15641 ], [ 3.75683, 50.15754 ], [ 3.76297, 50.1572 ], [ 3.76689, 50.15896 ], [ 3.76721, 50.16115 ], [ 3.77179, 50.16084 ], [ 3.77315, 50.16187 ], [ 3.77254, 50.16259 ] ] } },
{ "type": "Feature", "properties": { "name": "Ruisseau de l'Ermitage", "weight_class": 1, "permanent": true, "length_km": 3.4 }, "geometry": { "type": "LineString", "coordinates": [ [ 3.736, 50.1777 ], [ 3.74081, 50.17876 ], [ 3.74454, 50.17752 ], [ 3.7456, 50.17624 ], [ 3.74186, 50.16795 ], [ 3.74441, 50.16392 ], [ 3.74596, 50.16342 ], [ 3.74426, 50.16191 ], [ 3.74388, 50.15901 ], [ 3.74492, 50.15807 ], [ 3.74389, 50.15634 ] ] } },
{ "type": "Feature", "properties": { "name": "les Grandes Pâtures", "weight_class": 1, "permanent": true, "length_km": 2.8 }, "geometry": { "type": "LineString", "coordinates": [ [ 3.69308, 50.16317 ], [ 3.6988, 50.16878 ], [ 3.70405, 50.17052 ], [ 3.71086, 50.16947 ], [ 3.71735, 50.1709 ], [ 3.72214, 50.16912 ] ] } },
{ "type": "Feature", "properties": { "name": "le Grand Rieu", "weight_class": 1, "permanent": false, "length_km": 2.9 }, "geometry": { "type": "LineString", "coordinates": [ [ 3.69577, 50.15247 ], [ 3.70621, 50.16166 ], [ 3.71249, 50.1623 ], [ 3.7188, 50.16715 ], [ 3.72256, 50.16755 ] ] } },
{ "type": "Feature", "properties": { "name": "Ruisseau du Neuf Vivier", "weight_class": 1, "permanent": true, "length_km": 6.3 }, "geometry": { "type": "LineString", "coordinates": [ [ 3.69222, 50.17529 ], [ 3.6972, 50.17542 ], [ 3.70433, 50.18303 ], [ 3.70914, 50.18345 ], [ 3.71318, 50.1815 ], [ 3.71479, 50.178 ], [ 3.71776, 50.17767 ], [ 3.72271, 50.17484 ], [ 3.7235, 50.17177 ], [ 3.7221, 50.16966 ], [ 3.72244, 50.16769 ], [ 3.72764, 50.165 ], [ 3.72968, 50.16267 ], [ 3.73572, 50.16184 ], [ 3.73722, 50.15921 ], [ 3.73675, 50.15672 ] ] } },
{ "type": "Feature", "properties": { "name": "Ruisseau de l'Abîme", "weight_class": 1, "permanent": false, "length_km": 2.6 }, "geometry": { "type": "LineString", "coordinates": [ [ 3.69195, 50.14645 ], [ 3.70258, 50.14953 ], [ 3.71249, 50.14846 ], [ 3.71612, 50.14715 ], [ 3.71741, 50.14523 ], [ 3.72146, 50.146 ] ] } },
{ "type": "Feature", "properties": { "name": "Ruisseau Dégobille", "weight_class": 1, "permanent": false, "length_km": 2.2 }, "geometry": { "type": "LineString", "coordinates": [ [ 3.69505, 50.14511 ], [ 3.70169, 50.14737 ], [ 3.70653, 50.14631 ], [ 3.70989, 50.14404 ], [ 3.71387, 50.14285 ], [ 3.72079, 50.14208 ] ] } },
{ "type": "Feature", "properties": { "name": "Ruisseau Jean Marion", "weight_class": 1, "permanent": true, "length_km": 3.3 }, "geometry": { "type": "LineString", "coordinates": [ [ 3.74824, 50.10503 ], [ 3.75053, 50.10854 ], [ 3.74862, 50.11487 ], [ 3.74936, 50.11687 ], [ 3.75345, 50.12033 ], [ 3.75441, 50.12248 ], [ 3.7565, 50.12277 ], [ 3.75825, 50.12428 ], [ 3.7578, 50.12674 ], [ 3.75996, 50.12966 ] ] } },
{ "type": "Feature", "properties": { "name": "Riot de Prisches", "weight_class": 1, "permanent": true, "length_km": 4.0 }, "geometry": { "type": "LineString", "coordinates": [ [ 3.75141, 50.10011 ], [ 3.75599, 50.10428 ], [ 3.76594, 50.10771 ], [ 3.775, 50.11541 ], [ 3.78258, 50.11613 ], [ 3.78487, 50.11966 ], [ 3.7852, 50.12243 ], [ 3.784, 50.12321 ] ] } },
{ "type": "Feature", "properties": { "name": "Notre-Dame de Bonsecours", "weight_class": 1, "permanent": false, "length_km": 2.2 }, "geometry": { "type": "LineString", "coordinates": [ [ 3.62162, 50.12622 ], [ 3.62585, 50.1224 ], [ 3.62348, 50.1169 ], [ 3.62561, 50.11254 ], [ 3.62784, 50.11179 ], [ 3.6289, 50.10912 ] ] } },
{ "type": "Feature", "properties": { "name": "Ruisseau de l'Ermitage", "weight_class": 1, "permanent": true, "length_km": 2.0 }, "geometry": { "type": "LineString", "coordinates": [ [ 3.6207, 50.11246 ], [ 3.6222, 50.11021 ], [ 3.62864, 50.1091 ], [ 3.63299, 50.10957 ], [ 3.64114, 50.10805 ], [ 3.64487, 50.10854 ] ] } },
{ "type": "Feature", "properties": { "name": "la Motte", "weight_class": 1, "permanent": true, "length_km": 3.5 }, "geometry": { "type": "LineString", "coordinates": [ [ 3.66221, 50.13619 ], [ 3.65657, 50.13252 ], [ 3.65411, 50.13196 ], [ 3.65433, 50.1302 ], [ 3.65111, 50.12523 ], [ 3.65334, 50.1216 ], [ 3.65118, 50.11939 ], [ 3.65091, 50.11643 ], [ 3.65461, 50.11495 ], [ 3.65298, 50.11414 ], [ 3.65543, 50.11444 ], [ 3.65639, 50.11359 ] ] } },
{ "type": "Feature", "properties": { "name": "Happegarbes", "weight_class": 2, "permanent": true, "length_km": 2.0 }, "geometry": { "type": "LineString", "coordinates": [ [ 3.66173, 50.12863 ], [ 3.6602, 50.12193 ], [ 3.67087, 50.12024 ], [ 3.67403, 50.12087 ], [ 3.67433, 50.12184 ] ] } },
{ "type": "Feature", "properties": { "name": "Ruisseau des Fontaines", "weight_class": 1, "permanent": true, "length_km": 2.0 }, "geometry": { "type": "LineString", "coordinates": [ [ 3.6598, 50.09637 ], [ 3.65667, 50.0968 ], [ 3.64972, 50.09511 ], [ 3.63322, 50.09548 ] ] } },
{ "type": "Feature", "properties": { "name": "Ruisseau de la Fontaine le Comte", "weight_class": 1, "permanent": false, "length_km": 5.5 }, "geometry": { "type": "LineString", "coordinates": [ [ 3.67039, 50.17009 ], [ 3.66499, 50.17036 ], [ 3.66239, 50.17132 ], [ 3.65218, 50.17025 ], [ 3.64795, 50.17116 ], [ 3.64395, 50.17311 ], [ 3.63819, 50.17819 ], [ 3.63236, 50.1796 ], [ 3.62524, 50.17942 ], [ 3.61364, 50.18531 ], [ 3.61255, 50.18498 ], [ 3.6098, 50.18838 ] ] } },
{ "type": "Feature", "properties": { "name": "Ruisseau des Harpies", "weight_class": 1, "permanent": true, "length_km": 24.6 }, "geometry": { "type": "LineString", "coordinates": [ [ 3.68772, 50.14354 ], [ 3.68485, 50.14766 ], [ 3.67937, 50.15049 ], [ 3.67051, 50.15228 ], [ 3.66306, 50.15195 ], [ 3.65621, 50.15462 ], [ 3.65089, 50.15553 ], [ 3.64372, 50.15573 ], [ 3.63252, 50.15269 ], [ 3.62758, 50.15308 ], [ 3.62181, 50.15269 ], [ 3.62054, 50.1519 ], [ 3.61428, 50.15236 ], [ 3.61446, 50.15351 ], [ 3.61153, 50.15543 ], [ 3.6093, 50.15939 ], [ 3.60047, 50.16143 ], [ 3.59527, 50.16406 ], [ 3.5864, 50.1653 ], [ 3.58502, 50.16719 ], [ 3.58258, 50.1678 ], [ 3.5832, 50.16857 ], [ 3.58004, 50.16953 ], [ 3.57753, 50.17203 ], [ 3.57478, 50.17872 ], [ 3.5664, 50.18395 ], [ 3.56534, 50.18887 ], [ 3.55701, 50.19031 ], [ 3.55415, 50.19187 ], [ 3.55306, 50.19452 ], [ 3.54954, 50.19598 ], [ 3.54478, 50.19542 ], [ 3.53889, 50.19817 ], [ 3.53355, 50.19826 ], [ 3.53398, 50.19976 ], [ 3.53232, 50.20092 ], [ 3.53099, 50.2 ], [ 3.52838, 50.20125 ], [ 3.5237, 50.20666 ], [ 3.52343, 50.20886 ], [ 3.52492, 50.20956 ], [ 3.52021, 50.21433 ], [ 3.52025, 50.22216 ], [ 3.5147, 50.22807 ], [ 3.51541, 50.23485 ], [ 3.51112, 50.23903 ], [ 3.51395, 50.24441 ], [ 3.51112, 50.24929 ], [ 3.50906, 50.25012 ], [ 3.50667, 50.25332 ], [ 3.5084, 50.25874 ] ] } },
{ "type": "Feature", "properties": { "name": "Ruisseau du Lannoy", "weight_class": 1, "permanent": true, "length_km": 4.9 }, "geometry": { "type": "LineString", "coordinates": [ [ 3.66693, 50.13705 ], [ 3.66564, 50.13984 ], [ 3.65247, 50.1448 ], [ 3.64972, 50.14666 ], [ 3.64084, 50.14907 ], [ 3.63715, 50.14813 ], [ 3.63392, 50.1486 ], [ 3.63085, 50.1475 ], [ 3.61839, 50.14773 ], [ 3.61515, 50.15002 ], [ 3.61428, 50.15236 ] ] } },
{ "type": "Feature", "properties": { "name": "Ruisseau des Bultiaux", "weight_class": 1, "permanent": true, "length_km": 7.9 }, "geometry": { "type": "LineString", "coordinates": [ [ 3.7594, 50.26437 ], [ 3.75901, 50.26728 ], [ 3.75326, 50.26807 ], [ 3.73292, 50.27847 ], [ 3.724, 50.27899 ], [ 3.71724, 50.28345 ], [ 3.71248, 50.28331 ], [ 3.70459, 50.28468 ], [ 3.69709, 50.28784 ], [ 3.6924, 50.2881 ], [ 3.68788, 50.28556 ], [ 3.68457, 50.28548 ], [ 3.67116, 50.28859 ] ] } },
{ "type": "Feature", "properties": { "name": "Hirondelle ou Escaut/Ruisseau de Mortry", "weight_class": 1, "permanent": true, "length_km": 7.5 }, "geometry": { "type": "LineString", "coordinates": [ [ 3.62286, 50.24762 ], [ 3.62085, 50.25151 ], [ 3.61324, 50.2592 ], [ 3.60825, 50.26122 ], [ 3.60395, 50.26082 ], [ 3.59774, 50.26225 ], [ 3.58936, 50.26626 ], [ 3.58573, 50.27048 ], [ 3.58286, 50.27194 ], [ 3.5797, 50.27797 ], [ 3.57186, 50.28167 ], [ 3.5663, 50.28564 ], [ 3.56244, 50.29128 ], [ 3.56341, 50.29268 ] ] } },
{ "type": "Feature", "properties": { "name": "Aunelle", "weight_class": 1, "permanent": true, "length_km": 28.6 }, "geometry": { "type": "LineString", "coordinates": [ [ 3.76043, 50.25667 ], [ 3.75507, 50.25633 ], [ 3.74827, 50.26056 ], [ 3.74429, 50.26054 ], [ 3.72727, 50.26465 ], [ 3.72162, 50.26429 ], [ 3.71806, 50.26564 ], [ 3.71107, 50.27051 ], [ 3.6986, 50.26978 ], [ 3.69635, 50.26742 ], [ 3.69146, 50.26827 ], [ 3.68913, 50.26777 ], [ 3.68569, 50.26965 ], [ 3.68457, 50.2693 ], [ 3.6824, 50.27064 ], [ 3.68289, 50.27168 ], [ 3.67909, 50.27269 ], [ 3.67121, 50.2807 ], [ 3.66997, 50.28558 ], [ 3.67129, 50.28826 ], [ 3.6682, 50.29391 ], [ 3.66832, 50.29883 ], [ 3.65767, 50.3036 ], [ 3.65761, 50.30767 ], [ 3.65507, 50.30937 ], [ 3.65144, 50.31024 ], [ 3.64935, 50.30937 ], [ 3.64469, 50.31016 ], [ 3.64422, 50.30948 ], [ 3.64139, 50.31146 ], [ 3.64203, 50.31744 ], [ 3.64092, 50.31956 ], [ 3.64242, 50.32014 ], [ 3.64277, 50.32427 ], [ 3.64639, 50.33068 ], [ 3.64716, 50.33647 ], [ 3.65259, 50.34677 ], [ 3.65151, 50.35103 ], [ 3.6502, 50.35117 ], [ 3.64834, 50.35409 ], [ 3.65264, 50.3639 ], [ 3.65253, 50.36733 ], [ 3.65445, 50.36975 ], [ 3.65863, 50.37136 ], [ 3.65832, 50.37355 ], [ 3.66259, 50.37577 ], [ 3.66564, 50.37873 ], [ 3.66645, 50.38195 ], [ 3.66834, 50.38221 ], [ 3.66719, 50.38304 ], [ 3.66992, 50.38537 ], [ 3.66934, 50.38692 ], [ 3.67225, 50.38734 ], [ 3.67404, 50.38961 ], [ 3.67231, 50.3941 ], [ 3.67362, 50.39722 ], [ 3.67296, 50.39967 ], [ 3.67498, 50.40316 ], [ 3.67285, 50.40556 ], [ 3.67375, 50.40929 ], [ 3.67172, 50.41559 ] ] } },
{ "type": "Feature", "properties": { "name": "Ruisseau de Carnoy", "weight_class": 1, "permanent": true, "length_km": 7.9 }, "geometry": { "type": "LineString", "coordinates": [ [ 3.75567, 50.21749 ], [ 3.75713, 50.22135 ], [ 3.75223, 50.22772 ], [ 3.74577, 50.23212 ], [ 3.73566, 50.23584 ], [ 3.72552, 50.24226 ], [ 3.7223, 50.24787 ], [ 3.72135, 50.25267 ], [ 3.71822, 50.25364 ], [ 3.71479, 50.25704 ], [ 3.70714, 50.26049 ], [ 3.70344, 50.26426 ], [ 3.69635, 50.26742 ] ] } },
{ "type": "Feature", "properties": { "name": "Ruisseau de l'Ange", "weight_class": 1, "permanent": true, "length_km": 3.1 }, "geometry": { "type": "LineString", "coordinates": [ [ 3.63276, 50.2552 ], [ 3.62944, 50.25805 ], [ 3.62818, 50.26185 ], [ 3.62501, 50.26324 ], [ 3.62051, 50.26991 ], [ 3.62097, 50.27399 ], [ 3.62381, 50.27792 ] ] } },
{ "type": "Feature", "properties": { "name": "Ruisseau du Bois", "weight_class": 1, "permanent": true, "length_km": 6.7 }, "geometry": { "type": "LineString", "coordinates": [ [ 3.73595, 50.18632 ], [ 3.74094, 50.19187 ], [ 3.74312, 50.19249 ], [ 3.7498, 50.18869 ], [ 3.75605, 50.18645 ], [ 3.75753, 50.18401 ], [ 3.76135, 50.18299 ], [ 3.77035, 50.18268 ], [ 3.77999, 50.1853 ], [ 3.7839, 50.18414 ], [ 3.78676, 50.18202 ], [ 3.78278, 50.17539 ], [ 3.78442, 50.17267 ], [ 3.788, 50.17236 ] ] } },
{ "type": "Feature", "properties": { "name": "Ruisseau du Château", "weight_class": 1, "permanent": true, "length_km": 2.0 }, "geometry": { "type": "LineString", "coordinates": [ [ 3.66137, 50.19871 ], [ 3.65714, 50.20755 ], [ 3.65213, 50.21086 ], [ 3.65186, 50.21424 ] ] } },
{ "type": "Feature", "properties": { "name": "Contre-Fossé Rive Droite Sambre", "weight_class": 1, "permanent": true, "length_km": 7.2 }, "geometry": { "type": "LineString", "coordinates": [ [ 3.69226, 50.12855 ], [ 3.70387, 50.13201 ], [ 3.71062, 50.13301 ], [ 3.71496, 50.13268 ], [ 3.71982, 50.13462 ], [ 3.72056, 50.13621 ], [ 3.71738, 50.13831 ], [ 3.72114, 50.14217 ], [ 3.72212, 50.14701 ], [ 3.72584, 50.1505 ], [ 3.7362, 50.15635 ], [ 3.74154, 50.15653 ], [ 3.75824, 50.15471 ], [ 3.7619, 50.15557 ] ] } },
{ "type": "Feature", "properties": { "name": "Rivière Sambre", "weight_class": 1, "permanent": true, "length_km": 12.5 }, "geometry": { "type": "LineString", "coordinates": [ [ 3.64349, 50.04835 ], [ 3.64325, 50.05239 ], [ 3.64453, 50.05487 ], [ 3.64305, 50.05578 ], [ 3.64308, 50.05763 ], [ 3.64469, 50.0591 ], [ 3.64651, 50.05911 ], [ 3.64703, 50.06083 ], [ 3.64893, 50.06099 ], [ 3.64763, 50.07433 ], [ 3.63941, 50.08196 ], [ 3.63332, 50.09146 ], [ 3.63381, 50.09732 ], [ 3.64723, 50.11018 ], [ 3.65238, 50.11337 ], [ 3.65492, 50.11382 ], [ 3.66162, 50.11065 ], [ 3.66386, 50.11061 ], [ 3.67295, 50.11566 ], [ 3.67267, 50.11761 ], [ 3.67496, 50.12012 ], [ 3.67428, 50.1221 ], [ 3.67577, 50.12329 ], [ 3.68345, 50.12671 ], [ 3.68668, 50.12601 ] ] } },
{ "type": "Feature", "properties": { "name": "Ruisseau de la Béquière", "weight_class": 1, "permanent": false, "length_km": 3.5 }, "geometry": { "type": "LineString", "coordinates": [ [ 3.57948, 50.05133 ], [ 3.58333, 50.05133 ], [ 3.58581, 50.04931 ], [ 3.58983, 50.04855 ], [ 3.59158, 50.04723 ], [ 3.60043, 50.04544 ], [ 3.60021, 50.04142 ], [ 3.60725, 50.04169 ], [ 3.61114, 50.0442 ], [ 3.61411, 50.0439 ] ] } },
{ "type": "Feature", "properties": { "name": "Ruisseau du Bois de Ribeaucourt", "weight_class": 1, "permanent": true, "length_km": 2.4 }, "geometry": { "type": "LineString", "coordinates": [ [ 3.60728, 50.02623 ], [ 3.60961, 50.02732 ], [ 3.60907, 50.03008 ], [ 3.61196, 50.03263 ], [ 3.61225, 50.03656 ], [ 3.61498, 50.03811 ], [ 3.6157, 50.04048 ], [ 3.61411, 50.0439 ] ] } },
{ "type": "Feature", "properties": { "name": "le Petit Saint-Martin", "weight_class": 1, "permanent": true, "length_km": 2.3 }, "geometry": { "type": "LineString", "coordinates": [ [ 3.69141, 50.06575 ], [ 3.68493, 50.06493 ], [ 3.68225, 50.06375 ], [ 3.67037, 50.06313 ], [ 3.66691, 50.06378 ], [ 3.66288, 50.06728 ] ] } },
{ "type": "Feature", "properties": { "name": "Catillon-sur-Sambre", "weight_class": 1, "permanent": true, "length_km": 3.4 }, "geometry": { "type": "LineString", "coordinates": [ [ 3.6931, 50.06873 ], [ 3.68925, 50.06957 ], [ 3.67997, 50.06773 ], [ 3.66285, 50.06729 ], [ 3.65969, 50.06545 ], [ 3.64863, 50.06668 ] ] } },
{ "type": "Feature", "properties": { "name": "Ruisseau d'Heurtebise", "weight_class": 1, "permanent": true, "length_km": 3.6 }, "geometry": { "type": "LineString", "coordinates": [ [ 3.67776, 50.08569 ], [ 3.6761, 50.08849 ], [ 3.658, 50.08579 ], [ 3.65138, 50.08208 ], [ 3.64966, 50.07833 ], [ 3.64599, 50.07727 ], [ 3.64298, 50.07891 ] ] } },
{ "type": "Feature", "properties": { "name": null, "weight_class": 1, "permanent": true, "length_km": 3.1 }, "geometry": { "type": "LineString", "coordinates": [ [ 3.63834, 50.0827 ], [ 3.6351, 50.08089 ], [ 3.63654, 50.08328 ], [ 3.63539, 50.08377 ], [ 3.6364, 50.08485 ], [ 3.63482, 50.08679 ], [ 3.62991, 50.08905 ], [ 3.62939, 50.09044 ], [ 3.62709, 50.09061 ], [ 3.62652, 50.09473 ], [ 3.62905, 50.09638 ], [ 3.633, 50.09685 ] ] } },
{ "type": "Feature", "properties": { "name": "Ruisseau de la Grande Fontaine", "weight_class": 1, "permanent": true, "length_km": 5.1 }, "geometry": { "type": "LineString", "coordinates": [ [ 3.72242, 50.08065 ], [ 3.71826, 50.08163 ], [ 3.70918, 50.08707 ], [ 3.69973, 50.08765 ], [ 3.69324, 50.0917 ], [ 3.68804, 50.09309 ], [ 3.68123, 50.09749 ], [ 3.68231, 50.10414 ], [ 3.68631, 50.1072 ] ] } },
{ "type": "Feature", "properties": { "name": "Ruisseau du Bois de Toillon/Ruisseau du Grand Toillon", "weight_class": 1, "permanent": true, "length_km": 8.1 }, "geometry": { "type": "LineString", "coordinates": [ [ 3.74395, 50.07065 ], [ 3.73954, 50.07311 ], [ 3.73466, 50.07367 ], [ 3.7312, 50.07306 ], [ 3.72006, 50.07607 ], [ 3.7156, 50.0754 ], [ 3.71438, 50.07443 ], [ 3.70369, 50.0769 ], [ 3.698, 50.07608 ], [ 3.69467, 50.07367 ], [ 3.68801, 50.07701 ], [ 3.68476, 50.07751 ], [ 3.68319, 50.07668 ], [ 3.67787, 50.07682 ], [ 3.67209, 50.07851 ], [ 3.66447, 50.0779 ], [ 3.65941, 50.0786 ], [ 3.65319, 50.07652 ], [ 3.64587, 50.07658 ] ] } },
{ "type": "Feature", "properties": { "name": "l'Autreppe", "weight_class": 1, "permanent": true, "length_km": 9.5 }, "geometry": { "type": "LineString", "coordinates": [ [ 3.75076, 50.06763 ], [ 3.73641, 50.06653 ], [ 3.72448, 50.06795 ], [ 3.71756, 50.06665 ], [ 3.71202, 50.06789 ], [ 3.7095, 50.06611 ], [ 3.70493, 50.06561 ], [ 3.70057, 50.06298 ], [ 3.69841, 50.06334 ], [ 3.68926, 50.061 ], [ 3.68743, 50.05958 ], [ 3.67923, 50.0586 ], [ 3.67548, 50.05605 ], [ 3.66639, 50.05509 ], [ 3.65841, 50.04836 ], [ 3.65787, 50.04465 ], [ 3.65585, 50.04355 ], [ 3.6494, 50.04304 ] ] } },
{ "type": "Feature", "properties": { "name": "Canal de la Sambre à l'Oise Bief de Partage de l'Ecl 1 le Gard à l'Ecl 1 Bois-l'Abbaye", "weight_class": 3, "permanent": true, "length_km": 2.7 }, "geometry": { "type": "LineString", "coordinates": [ [ 3.67025, 50.03457 ], [ 3.66358, 50.03884 ], [ 3.64467, 50.04274 ], [ 3.64339, 50.04404 ], [ 3.6432, 50.04754 ] ] } },
{ "type": "Feature", "properties": { "name": "Sambre Rive Gauche", "weight_class": 1, "permanent": true, "length_km": 12.1 }, "geometry": { "type": "LineString", "coordinates": [ [ 3.65984, 50.03928 ], [ 3.64481, 50.04201 ], [ 3.6426, 50.04346 ], [ 3.64172, 50.0575 ], [ 3.64852, 50.06309 ], [ 3.64694, 50.07384 ], [ 3.64556, 50.07629 ], [ 3.63892, 50.08181 ], [ 3.63216, 50.09378 ], [ 3.63403, 50.09853 ], [ 3.64688, 50.11047 ], [ 3.65227, 50.11377 ], [ 3.65524, 50.11412 ], [ 3.66321, 50.11101 ], [ 3.66837, 50.11288 ], [ 3.6724, 50.11586 ] ] } },
{ "type": "Feature", "properties": { "name": "la Braie", "weight_class": 1, "permanent": false, "length_km": 2.6 }, "geometry": { "type": "LineString", "coordinates": [ [ 3.51597, 50.41976 ], [ 3.49342, 50.42322 ], [ 3.48393, 50.42886 ] ] } },
{ "type": "Feature", "properties": { "name": null, "weight_class": 1, "permanent": false, "length_km": 3.8 }, "geometry": { "type": "LineString", "coordinates": [ [ 3.43717, 50.4534 ], [ 3.43923, 50.4534 ], [ 3.43946, 50.45455 ], [ 3.44177, 50.45413 ], [ 3.441, 50.45637 ], [ 3.44515, 50.45898 ], [ 3.44609, 50.45934 ], [ 3.44795, 50.45796 ], [ 3.45066, 50.45951 ], [ 3.45292, 50.46384 ], [ 3.45249, 50.46522 ], [ 3.45457, 50.46466 ], [ 3.4559, 50.46543 ], [ 3.45526, 50.46636 ], [ 3.4586, 50.46659 ], [ 3.45694, 50.46715 ], [ 3.46343, 50.46938 ] ] } },
{ "type": "Feature", "properties": { "name": "le Long Héri", "weight_class": 1, "permanent": true, "length_km": 4.1 }, "geometry": { "type": "LineString", "coordinates": [ [ 3.5306, 50.43451 ], [ 3.52669, 50.43693 ], [ 3.53517, 50.44105 ], [ 3.5422, 50.44645 ], [ 3.54526, 50.453 ], [ 3.54544, 50.45567 ], [ 3.5394, 50.45782 ], [ 3.53476, 50.46166 ] ] } },
{ "type": "Feature", "properties": { "name": "Courant du Hainaut", "weight_class": 1, "permanent": false, "length_km": 2.3 }, "geometry": { "type": "LineString", "coordinates": [ [ 3.51574, 50.44609 ], [ 3.53513, 50.46226 ] ] } },
{ "type": "Feature", "properties": { "name": "Ruisseau de la Chuinelle", "weight_class": 1, "permanent": true, "length_km": 2.9 }, "geometry": { "type": "LineString", "coordinates": [ [ 3.47806, 50.49696 ], [ 3.46554, 50.50076 ], [ 3.46235, 50.50081 ], [ 3.45264, 50.50325 ], [ 3.44334, 50.50864 ] ] } },
{ "type": "Feature", "properties": { "name": "Roeux", "weight_class": 1, "permanent": true, "length_km": 3.9 }, "geometry": { "type": "LineString", "coordinates": [ [ 3.48497, 50.53062 ], [ 3.48071, 50.53015 ], [ 3.47693, 50.526 ], [ 3.47489, 50.52593 ], [ 3.47373, 50.52484 ], [ 3.46926, 50.52689 ], [ 3.46537, 50.52358 ], [ 3.46341, 50.52491 ], [ 3.45315, 50.51903 ], [ 3.45042, 50.52025 ], [ 3.45063, 50.52165 ], [ 3.44913, 50.52257 ] ] } },
{ "type": "Feature", "properties": { "name": null, "weight_class": 1, "permanent": false, "length_km": 43.8 }, "geometry": { "type": "MultiLineString", "coordinates": [ [ [ 3.41149, 50.42734 ], [ 3.41744, 50.42286 ], [ 3.41805, 50.4209 ], [ 3.42048, 50.42015 ] ], [ [ 3.41739, 50.4352 ], [ 3.41651, 50.43447 ], [ 3.41735, 50.43371 ], [ 3.4227, 50.43805 ] ], [ [ 3.42048, 50.42015 ], [ 3.42165, 50.42394 ], [ 3.42281, 50.42323 ], [ 3.42394, 50.42443 ], [ 3.42794, 50.42376 ], [ 3.42978, 50.42227 ], [ 3.43889, 50.4206 ] ], [ [ 3.42926, 50.41197 ], [ 3.42423, 50.41655 ], [ 3.42374, 50.41822 ], [ 3.42048, 50.42015 ] ], [ [ 3.42153, 50.43308 ], [ 3.4224, 50.43556 ], [ 3.42093, 50.43623 ], [ 3.41775, 50.43368 ], [ 3.42184, 50.43029 ], [ 3.42529, 50.43092 ] ], [ [ 3.42228, 50.40518 ], [ 3.42414, 50.40634 ], [ 3.42351, 50.4073 ], [ 3.42599, 50.4121 ], [ 3.42926, 50.41197 ] ], [ [ 3.44138, 50.413 ], [ 3.4356, 50.41364 ], [ 3.43175, 50.41193 ], [ 3.42926, 50.41197 ] ], [ [ 3.46995, 50.41494 ], [ 3.46495, 50.41212 ], [ 3.45657, 50.4116 ] ], [ [ 3.47585, 50.42706 ], [ 3.47351, 50.42788 ], [ 3.46716, 50.42723 ], [ 3.46282, 50.42867 ], [ 3.46591, 50.43366 ] ], [ [ 3.46639, 50.41911 ], [ 3.46636, 50.41797 ], [ 3.46918, 50.41692 ], [ 3.46995, 50.41494 ] ], [ [ 3.47016, 50.41508 ], [ 3.46995, 50.41494 ] ], [ [ 3.47162, 50.42021 ], [ 3.47257, 50.41709 ], [ 3.47016, 50.41508 ] ], [ [ 3.47465, 50.40441 ], [ 3.47357, 50.4117 ], [ 3.47016, 50.41508 ] ], [ [ 3.47114, 50.4651 ], [ 3.47183, 50.46687 ], [ 3.47534, 50.46764 ], [ 3.47977, 50.46444 ] ], [ [ 3.47114, 50.4651 ], [ 3.46803, 50.46299 ], [ 3.474, 50.4575 ] ], [ [ 3.48744, 50.45889 ], [ 3.48564, 50.45915 ], [ 3.48039, 50.46286 ], [ 3.47751, 50.4626 ], [ 3.47583, 50.46398 ], [ 3.47479, 50.46351 ], [ 3.47114, 50.4651 ] ], [ [ 3.47698, 50.42397 ], [ 3.47162, 50.42021 ] ], [ [ 3.4845, 50.41571 ], [ 3.47162, 50.42021 ] ], [ [ 3.47617, 50.44804 ], [ 3.47484, 50.45078 ], [ 3.47241, 50.45124 ] ], [ [ 3.47263, 50.44412 ], [ 3.47558, 50.44575 ], [ 3.47788, 50.44585 ], [ 3.47913, 50.44512 ], [ 3.47769, 50.4433 ] ], [ [ 3.47366, 50.43377 ], [ 3.47859, 50.43412 ], [ 3.48033, 50.43341 ], [ 3.47997, 50.43137 ], [ 3.47704, 50.42946 ], [ 3.47585, 50.42706 ] ], [ [ 3.47472, 50.40278 ], [ 3.47465, 50.40441 ] ], [ [ 3.4864, 50.41493 ], [ 3.48367, 50.41125 ], [ 3.47562, 50.40431 ], [ 3.47465, 50.40441 ] ], [ [ 3.47585, 50.42706 ], [ 3.47852, 50.42505 ] ], [ [ 3.47852, 50.42505 ], [ 3.47698, 50.42397 ] ], [ [ 3.48856, 50.41984 ], [ 3.47698, 50.42397 ] ], [ [ 3.48851, 50.43369 ], [ 3.48256, 50.42697 ], [ 3.47994, 50.42714 ], [ 3.47852, 50.42505 ] ], [ [ 3.47949, 50.44167 ], [ 3.47579, 50.44001 ], [ 3.47393, 50.43587 ], [ 3.48333, 50.43429 ], [ 3.48655, 50.43558 ], [ 3.49011, 50.43579 ] ], [ [ 3.48043, 50.41245 ], [ 3.4845, 50.41571 ] ], [ [ 3.4845, 50.41571 ], [ 3.4864, 50.41493 ] ], [ [ 3.49949, 50.41487 ], [ 3.50082, 50.41322 ], [ 3.49985, 50.41221 ], [ 3.49787, 50.4122 ], [ 3.48772, 50.41564 ], [ 3.4864, 50.41493 ] ], [ [ 3.487, 50.41672 ], [ 3.48856, 50.41984 ] ], [ [ 3.48796, 50.39649 ], [ 3.49756, 50.40059 ] ], [ [ 3.49011, 50.43579 ], [ 3.48851, 50.43369 ] ], [ [ 3.50504, 50.43054 ], [ 3.48851, 50.43369 ] ], [ [ 3.48856, 50.41984 ], [ 3.4896, 50.42543 ] ], [ [ 3.49949, 50.41487 ], [ 3.49655, 50.41717 ], [ 3.49545, 50.42034 ], [ 3.49182, 50.41865 ], [ 3.48856, 50.41984 ] ], [ [ 3.50177, 50.43256 ], [ 3.49332, 50.4383 ], [ 3.49011, 50.43579 ] ], [ [ 3.49756, 50.40059 ], [ 3.49419, 50.40417 ] ], [ [ 3.49756, 50.40059 ], [ 3.50188, 50.40221 ] ], [ [ 3.49949, 50.41487 ], [ 3.50451, 50.41495 ], [ 3.51006, 50.42066 ] ], [ [ 3.51149, 50.43843 ], [ 3.50177, 50.43256 ] ], [ [ 3.50504, 50.43054 ], [ 3.50177, 50.43256 ] ], [ [ 3.51348, 50.43369 ], [ 3.50892, 50.43029 ], [ 3.50687, 50.43188 ], [ 3.50504, 50.43054 ] ], [ [ 3.51945, 50.44177 ], [ 3.51149, 50.43843 ] ], [ [ 3.51348, 50.43369 ], [ 3.51712, 50.4363 ], [ 3.51149, 50.43843 ] ], [ [ 3.52452, 50.43862 ], [ 3.51816, 50.43225 ], [ 3.51348, 50.43369 ] ] ] } },
{ "type": "Feature", "properties": { "name": null, "weight_class": 1, "permanent": false, "length_km": 3.3 }, "geometry": { "type": "LineString", "coordinates": [ [ 3.49286, 50.45958 ], [ 3.50779, 50.44875 ], [ 3.50084, 50.44366 ], [ 3.49679, 50.44259 ], [ 3.49332, 50.4383 ] ] } },
{ "type": "Feature", "properties": { "name": "la Vergne Blanche", "weight_class": 1, "permanent": true, "length_km": 3.5 }, "geometry": { "type": "LineString", "coordinates": [ [ 3.54097, 50.49504 ], [ 3.53739, 50.49391 ], [ 3.53253, 50.49508 ], [ 3.52186, 50.49406 ], [ 3.5145, 50.48929 ], [ 3.50688, 50.48796 ], [ 3.49938, 50.48512 ] ] } },
{ "type": "Feature", "properties": { "name": "la Calonne", "weight_class": 1, "permanent": true, "length_km": 5.6 }, "geometry": { "type": "LineString", "coordinates": [ [ 3.52067, 50.52457 ], [ 3.5181, 50.52179 ], [ 3.51786, 50.51833 ], [ 3.51551, 50.51532 ], [ 3.51693, 50.51465 ], [ 3.51501, 50.512 ], [ 3.5069, 50.50747 ], [ 3.50026, 50.50681 ], [ 3.49785, 50.50412 ], [ 3.49261, 50.50161 ], [ 3.49289, 50.50069 ], [ 3.49092, 50.49934 ], [ 3.47794, 50.49688 ] ] } },
{ "type": "Feature", "properties": { "name": "l'Alouette", "weight_class": 1, "permanent": false, "length_km": 2.0 }, "geometry": { "type": "LineString", "coordinates": [ [ 3.49768, 50.51774 ], [ 3.49896, 50.51586 ], [ 3.49723, 50.51014 ], [ 3.49874, 50.5065 ], [ 3.49507, 50.50247 ] ] } },
{ "type": "Feature", "properties": { "name": "Courant des Balles Amont et la Seuve", "weight_class": 1, "permanent": true, "length_km": 6.7 }, "geometry": { "type": "LineString", "coordinates": [ [ 3.53289, 50.46045 ], [ 3.52202, 50.46635 ], [ 3.51979, 50.46674 ], [ 3.51841, 50.46542 ], [ 3.50753, 50.46959 ], [ 3.49267, 50.48459 ], [ 3.4859, 50.48882 ], [ 3.48375, 50.48872 ], [ 3.46971, 50.49619 ], [ 3.47125, 50.49767 ] ] } },
{ "type": "Feature", "properties": { "name": "Jard", "weight_class": 3, "permanent": true, "length_km": 11.9 }, "geometry": { "type": "LineString", "coordinates": [ [ 3.61188, 50.452 ], [ 3.5999, 50.45309 ], [ 3.59871, 50.45393 ], [ 3.59421, 50.45243 ], [ 3.58838, 50.45234 ], [ 3.58792, 50.45073 ], [ 3.5845, 50.44887 ], [ 3.57394, 50.45385 ], [ 3.55771, 50.45775 ], [ 3.51868, 50.47166 ], [ 3.49791, 50.48455 ], [ 3.48509, 50.49579 ], [ 3.47794, 50.49688 ] ] } },
{ "type": "Feature", "properties": { "name": "Décours Aval", "weight_class": 1, "permanent": true, "length_km": 2.2 }, "geometry": { "type": "LineString", "coordinates": [ [ 3.45265, 50.49064 ], [ 3.45039, 50.49193 ], [ 3.44911, 50.49469 ], [ 3.43873, 50.50204 ], [ 3.43549, 50.5065 ] ] } },
{ "type": "Feature", "properties": { "name": "Rieu de Condé", "weight_class": 1, "permanent": true, "length_km": 3.1 }, "geometry": { "type": "LineString", "coordinates": [ [ 3.56817, 50.47733 ], [ 3.5624, 50.47601 ], [ 3.5613, 50.47762 ], [ 3.5597, 50.47777 ], [ 3.55427, 50.47617 ], [ 3.55184, 50.46854 ], [ 3.544, 50.46289 ] ] } },
{ "type": "Feature", "properties": { "name": "Malanoye", "weight_class": 1, "permanent": true, "length_km": 5.1 }, "geometry": { "type": "LineString", "coordinates": [ [ 3.52249, 50.42017 ], [ 3.52535, 50.42221 ], [ 3.54104, 50.42642 ], [ 3.54876, 50.43053 ], [ 3.56316, 50.43523 ], [ 3.57523, 50.44077 ], [ 3.57512, 50.44202 ], [ 3.5782, 50.44355 ] ] } },
{ "type": "Feature", "properties": { "name": "Cuyet", "weight_class": 1, "permanent": true, "length_km": 2.8 }, "geometry": { "type": "LineString", "coordinates": [ [ 3.47769, 50.4433 ], [ 3.47072, 50.43827 ], [ 3.46767, 50.43997 ], [ 3.46617, 50.43975 ], [ 3.46544, 50.44096 ], [ 3.45995, 50.44167 ], [ 3.45268, 50.44404 ], [ 3.44767, 50.44445 ] ] } },
{ "type": "Feature", "properties": { "name": "Balle Tilliere", "weight_class": 1, "permanent": true, "length_km": 7.0 }, "geometry": { "type": "LineString", "coordinates": [ [ 3.50194, 50.40686 ], [ 3.4893, 50.40251 ], [ 3.47352, 50.40275 ], [ 3.46799, 50.40531 ], [ 3.4644, 50.40853 ], [ 3.45734, 50.41078 ], [ 3.45144, 50.41787 ], [ 3.44357, 50.41725 ], [ 3.43846, 50.42097 ], [ 3.43785, 50.42354 ], [ 3.43897, 50.42606 ], [ 3.43571, 50.42695 ], [ 3.43583, 50.4294 ] ] } },
{ "type": "Feature", "properties": { "name": "la Scarpe Canalisée", "weight_class": 3, "permanent": true, "length_km": 43.7 }, "geometry": { "type": "LineString", "coordinates": [ [ 3.0528, 50.33894 ], [ 3.05474, 50.34146 ], [ 3.06318, 50.34552 ], [ 3.07204, 50.3646 ], [ 3.07784, 50.36961 ], [ 3.07893, 50.37351 ], [ 3.08363, 50.37619 ], [ 3.08593, 50.37948 ], [ 3.0891, 50.38162 ], [ 3.08791, 50.3848 ], [ 3.09391, 50.38572 ], [ 3.11066, 50.39841 ], [ 3.11589, 50.40045 ], [ 3.13056, 50.41035 ], [ 3.13382, 50.4106 ], [ 3.13982, 50.40943 ], [ 3.1421, 50.41002 ], [ 3.14456, 50.40913 ], [ 3.14928, 50.40256 ], [ 3.16222, 50.39531 ], [ 3.16915, 50.39503 ], [ 3.19676, 50.38777 ], [ 3.20229, 50.38766 ], [ 3.21067, 50.38993 ], [ 3.22027, 50.38999 ], [ 3.23107, 50.38957 ], [ 3.24358, 50.38716 ], [ 3.25059, 50.39179 ], [ 3.25604, 50.3978 ], [ 3.27837, 50.40581 ], [ 3.28478, 50.40605 ], [ 3.28942, 50.40219 ], [ 3.29587, 50.40158 ], [ 3.32063, 50.40484 ], [ 3.32433, 50.40683 ], [ 3.33284, 50.40807 ], [ 3.3532, 50.41375 ], [ 3.36125, 50.41729 ], [ 3.37523, 50.42536 ], [ 3.39691, 50.42853 ], [ 3.40943, 50.42841 ], [ 3.4153, 50.43464 ], [ 3.41645, 50.43996 ], [ 3.43551, 50.44395 ], [ 3.44382, 50.44994 ], [ 3.45041, 50.45816 ], [ 3.46684, 50.47096 ], [ 3.46287, 50.47961 ], [ 3.46382, 50.48172 ], [ 3.46302, 50.48392 ], [ 3.44674, 50.50085 ] ] } },
{ "type": "Feature", "properties": { "name": "Rivièrette ou Scarpe Aval", "weight_class": 1, "permanent": true, "length_km": 2.8 }, "geometry": { "type": "LineString", "coordinates": [ [ 3.42254, 50.44128 ], [ 3.43374, 50.45109 ], [ 3.45038, 50.45811 ] ] } },
{ "type": "Feature", "properties": { "name": "Grande Traitoire", "weight_class": 2, "permanent": true, "length_km": 24.6 }, "geometry": { "type": "LineString", "coordinates": [ [ 3.24977, 50.38605 ], [ 3.25222, 50.38826 ], [ 3.30776, 50.39069 ], [ 3.31815, 50.39401 ], [ 3.32497, 50.393 ], [ 3.33561, 50.39619 ], [ 3.34095, 50.40255 ], [ 3.34938, 50.4056 ], [ 3.35747, 50.41404 ], [ 3.37045, 50.41931 ], [ 3.3764, 50.41873 ], [ 3.38206, 50.42094 ], [ 3.38922, 50.42095 ], [ 3.39083, 50.42403 ], [ 3.39337, 50.4249 ], [ 3.40381, 50.4244 ], [ 3.41143, 50.4282 ], [ 3.42389, 50.43051 ], [ 3.43256, 50.4287 ], [ 3.43863, 50.42987 ], [ 3.44119, 50.43293 ], [ 3.43847, 50.43621 ], [ 3.44023, 50.44071 ], [ 3.44786, 50.44458 ], [ 3.4491, 50.44961 ], [ 3.45516, 50.45323 ], [ 3.45415, 50.45453 ], [ 3.45649, 50.45859 ], [ 3.458, 50.45952 ], [ 3.46186, 50.45963 ], [ 3.46309, 50.4608 ], [ 3.46586, 50.46909 ], [ 3.46802, 50.47124 ], [ 3.46461, 50.47947 ], [ 3.46809, 50.48396 ], [ 3.46782, 50.4858 ], [ 3.46083, 50.48925 ], [ 3.4595, 50.49117 ], [ 3.45506, 50.49157 ] ] } },
{ "type": "Feature", "properties": { "name": "Courant des Hamaides", "weight_class": 1, "permanent": false, "length_km": 3.8 }, "geometry": { "type": "LineString", "coordinates": [ [ 3.4261, 50.4298 ], [ 3.42442, 50.43199 ], [ 3.41739, 50.4352 ], [ 3.42455, 50.43947 ], [ 3.42381, 50.44016 ], [ 3.43837, 50.44462 ], [ 3.44276, 50.44368 ], [ 3.44755, 50.44438 ] ] } },
{ "type": "Feature", "properties": { "name": "Jard", "weight_class": 1, "permanent": true, "length_km": 3.6 }, "geometry": { "type": "LineString", "coordinates": [ [ 3.50686, 50.40136 ], [ 3.50867, 50.40142 ], [ 3.51086, 50.39591 ], [ 3.51959, 50.39175 ], [ 3.52025, 50.38844 ], [ 3.52957, 50.38677 ], [ 3.53256, 50.38767 ], [ 3.5373, 50.38765 ], [ 3.53933, 50.38906 ], [ 3.54069, 50.38844 ] ] } },
{ "type": "Feature", "properties": { "name": null, "weight_class": 1, "permanent": true, "length_km": 2.1 }, "geometry": { "type": "LineString", "coordinates": [ [ 3.32783, 50.44537 ], [ 3.3282, 50.44443 ], [ 3.32662, 50.44383 ], [ 3.32588, 50.44444 ], [ 3.31862, 50.44111 ], [ 3.31778, 50.44164 ], [ 3.31628, 50.44004 ], [ 3.31526, 50.44285 ], [ 3.31248, 50.4439 ], [ 3.31328, 50.44535 ] ] } },
{ "type": "Feature", "properties": { "name": null, "weight_class": 1, "permanent": true, "length_km": 3.8 }, "geometry": { "type": "LineString", "coordinates": [ [ 3.37355, 50.44341 ], [ 3.37988, 50.44561 ], [ 3.38567, 50.44178 ], [ 3.38912, 50.44246 ], [ 3.38963, 50.44133 ], [ 3.3965, 50.44053 ], [ 3.39949, 50.44143 ], [ 3.40514, 50.43962 ], [ 3.415, 50.44287 ] ] } },
{ "type": "Feature", "properties": { "name": "Courant des Muchottes", "weight_class": 1, "permanent": false, "length_km": 3.4 }, "geometry": { "type": "LineString", "coordinates": [ [ 3.38105, 50.45417 ], [ 3.38397, 50.45696 ], [ 3.38808, 50.45861 ], [ 3.39214, 50.45756 ], [ 3.39662, 50.45901 ], [ 3.40318, 50.45785 ], [ 3.40995, 50.46184 ], [ 3.41606, 50.45607 ] ] } },
{ "type": "Feature", "properties": { "name": null, "weight_class": 1, "permanent": false, "length_km": 2.0 }, "geometry": { "type": "LineString", "coordinates": [ [ 3.41462, 50.39376 ], [ 3.41163, 50.39628 ], [ 3.4104, 50.40061 ], [ 3.40852, 50.4022 ], [ 3.39714, 50.40261 ], [ 3.39619, 50.40343 ] ] } },
{ "type": "Feature", "properties": { "name": "les Trois Pucelles", "weight_class": 1, "permanent": false, "length_km": 2.1 }, "geometry": { "type": "LineString", "coordinates": [ [ 3.2953, 50.43606 ], [ 3.29169, 50.43662 ], [ 3.28878, 50.4358 ], [ 3.28298, 50.43721 ], [ 3.27988, 50.43626 ], [ 3.26779, 50.43699 ] ] } },
{ "type": "Feature", "properties": { "name": null, "weight_class": 1, "permanent": false, "length_km": 2.2 }, "geometry": { "type": "LineString", "coordinates": [ [ 3.29796, 50.41776 ], [ 3.30392, 50.42108 ], [ 3.30329, 50.42199 ], [ 3.30439, 50.42302 ], [ 3.30842, 50.42387 ], [ 3.30984, 50.4257 ], [ 3.30945, 50.42777 ], [ 3.31332, 50.43222 ] ] } },
{ "type": "Feature", "properties": { "name": "Courant dit Branche du Jambon", "weight_class": 1, "permanent": true, "length_km": 2.2 }, "geometry": { "type": "LineString", "coordinates": [ [ 3.34013, 50.42548 ], [ 3.35438, 50.42844 ], [ 3.35969, 50.43156 ], [ 3.36285, 50.43652 ] ] } },
{ "type": "Feature", "properties": { "name": null, "weight_class": 1, "permanent": true, "length_km": 2.8 }, "geometry": { "type": "LineString", "coordinates": [ [ 3.29, 50.40336 ], [ 3.29199, 50.40347 ], [ 3.29336, 50.40238 ], [ 3.30471, 50.40502 ], [ 3.30587, 50.40617 ], [ 3.30433, 50.40852 ], [ 3.30554, 50.41143 ], [ 3.30715, 50.41245 ], [ 3.30949, 50.41193 ], [ 3.30818, 50.41456 ] ] } },
{ "type": "Feature", "properties": { "name": null, "weight_class": 1, "permanent": true, "length_km": 2.7 }, "geometry": { "type": "LineString", "coordinates": [ [ 3.37859, 50.39907 ], [ 3.38068, 50.3997 ], [ 3.38017, 50.4004 ], [ 3.38649, 50.40058 ], [ 3.39485, 50.40309 ], [ 3.39718, 50.40662 ], [ 3.40205, 50.40791 ], [ 3.40746, 50.40757 ], [ 3.4076, 50.40834 ] ] } },
{ "type": "Feature", "properties": { "name": null, "weight_class": 1, "permanent": true, "length_km": 2.5 }, "geometry": { "type": "LineString", "coordinates": [ [ 3.39105, 50.37977 ], [ 3.38591, 50.38355 ], [ 3.38531, 50.38523 ], [ 3.38687, 50.38706 ], [ 3.38165, 50.38923 ], [ 3.38274, 50.39192 ], [ 3.3783, 50.39778 ] ] } },
{ "type": "Feature", "properties": { "name": null, "weight_class": 1, "permanent": true, "length_km": 2.1 }, "geometry": { "type": "LineString", "coordinates": [ [ 3.34768, 50.38975 ], [ 3.34328, 50.39034 ], [ 3.34096, 50.38749 ], [ 3.32233, 50.38738 ] ] } },
{ "type": "Feature", "properties": { "name": null, "weight_class": 1, "permanent": true, "length_km": 2.7 }, "geometry": { "type": "LineString", "coordinates": [ [ 3.35596, 50.38737 ], [ 3.35873, 50.38861 ], [ 3.35963, 50.39093 ], [ 3.35773, 50.39246 ], [ 3.36196, 50.39839 ], [ 3.36781, 50.39932 ], [ 3.3707, 50.39793 ], [ 3.37768, 50.39762 ] ] } },
{ "type": "Feature", "properties": { "name": "Ruisseau de Hautour", "weight_class": 1, "permanent": false, "length_km": 6.3 }, "geometry": { "type": "LineString", "coordinates": [ [ 3.38809, 50.47423 ], [ 3.38594, 50.47813 ], [ 3.38323, 50.47873 ], [ 3.38166, 50.47786 ], [ 3.38007, 50.48015 ], [ 3.37644, 50.47983 ], [ 3.37428, 50.48136 ], [ 3.3693, 50.4792 ], [ 3.36468, 50.47442 ], [ 3.36975, 50.4697 ], [ 3.37304, 50.47128 ], [ 3.37755, 50.46901 ], [ 3.3741, 50.46615 ], [ 3.37654, 50.46267 ], [ 3.37838, 50.46269 ], [ 3.37875, 50.45578 ], [ 3.38105, 50.45417 ] ] } },
{ "type": "Feature", "properties": { "name": "Ruisseau des Enclos", "weight_class": 1, "permanent": false, "length_km": 2.3 }, "geometry": { "type": "LineString", "coordinates": [ [ 3.34543, 50.47042 ], [ 3.34193, 50.47175 ], [ 3.34026, 50.47362 ], [ 3.33792, 50.4718 ], [ 3.34263, 50.46827 ], [ 3.34541, 50.46908 ], [ 3.35195, 50.46531 ] ] } },
{ "type": "Feature", "properties": { "name": "Ruisseau de Poquin", "weight_class": 1, "permanent": false, "length_km": 2.5 }, "geometry": { "type": "LineString", "coordinates": [ [ 3.36249, 50.47073 ], [ 3.35909, 50.47393 ], [ 3.35642, 50.47882 ], [ 3.35736, 50.47792 ], [ 3.36403, 50.47934 ], [ 3.36667, 50.48163 ], [ 3.36859, 50.4858 ] ] } },
{ "type": "Feature", "properties": { "name": "Courant des Hauts Champs", "weight_class": 1, "permanent": false, "length_km": 3.6 }, "geometry": { "type": "LineString", "coordinates": [ [ 3.30379, 50.45976 ], [ 3.30642, 50.45819 ], [ 3.30872, 50.45875 ], [ 3.31024, 50.45665 ], [ 3.31261, 50.45626 ], [ 3.31722, 50.45303 ], [ 3.32, 50.45249 ], [ 3.32134, 50.45365 ], [ 3.32555, 50.4537 ], [ 3.34067, 50.44981 ], [ 3.34232, 50.44732 ] ] } },
{ "type": "Feature", "properties": { "name": "Ruisseau de la Basse Frête", "weight_class": 1, "permanent": false, "length_km": 2.2 }, "geometry": { "type": "LineString", "coordinates": [ [ 3.4328, 50.46992 ], [ 3.41966, 50.46763 ], [ 3.41726, 50.46462 ], [ 3.41473, 50.46529 ], [ 3.41414, 50.46361 ], [ 3.41153, 50.46385 ], [ 3.41034, 50.46295 ] ] } },
{ "type": "Feature", "properties": { "name": "Ruisseau des Épêches", "weight_class": 1, "permanent": false, "length_km": 3.3 }, "geometry": { "type": "LineString", "coordinates": [ [ 3.4225, 50.48465 ], [ 3.42081, 50.4818 ], [ 3.42308, 50.48126 ], [ 3.42491, 50.47905 ], [ 3.41854, 50.47552 ], [ 3.42018, 50.47437 ], [ 3.41786, 50.47316 ], [ 3.41517, 50.47464 ], [ 3.41288, 50.47283 ], [ 3.40859, 50.4718 ], [ 3.40987, 50.46858 ], [ 3.4086, 50.46819 ] ] } },
{ "type": "Feature", "properties": { "name": "Ruisseau le Rieu", "weight_class": 1, "permanent": false, "length_km": 2.8 }, "geometry": { "type": "LineString", "coordinates": [ [ 3.31027, 50.49381 ], [ 3.31215, 50.49314 ], [ 3.32908, 50.49557 ], [ 3.33478, 50.49757 ], [ 3.34012, 50.49793 ], [ 3.3452, 50.50048 ] ] } },
{ "type": "Feature", "properties": { "name": "Elnon", "weight_class": 1, "permanent": true, "length_km": 10.5 }, "geometry": { "type": "MultiLineString", "coordinates": [ [ [ 3.32063, 50.51874 ], [ 3.32081, 50.51655 ], [ 3.32406, 50.51492 ], [ 3.32891, 50.50834 ], [ 3.33323, 50.50776 ], [ 3.33723, 50.50883 ] ], [ [ 3.36371, 50.50246 ], [ 3.36525, 50.49989 ], [ 3.36919, 50.49791 ], [ 3.37069, 50.49384 ], [ 3.38388, 50.48866 ], [ 3.3851, 50.48777 ], [ 3.38378, 50.48549 ], [ 3.38743, 50.4831 ], [ 3.3944, 50.48091 ], [ 3.39915, 50.47514 ], [ 3.40678, 50.47228 ], [ 3.40864, 50.4681 ], [ 3.40823, 50.46544 ], [ 3.41063, 50.46125 ], [ 3.41595, 50.45746 ], [ 3.41624, 50.45577 ], [ 3.41977, 50.455 ], [ 3.42143, 50.45318 ], [ 3.42354, 50.45319 ] ] ] } },
{ "type": "Feature", "properties": { "name": "Sceuf", "weight_class": 1, "permanent": false, "length_km": 3.0 }, "geometry": { "type": "LineString", "coordinates": [ [ 3.33619, 50.48805 ], [ 3.34092, 50.49173 ], [ 3.35728, 50.49372 ], [ 3.35913, 50.49485 ], [ 3.35855, 50.49625 ], [ 3.36145, 50.49686 ], [ 3.36399, 50.49597 ], [ 3.36921, 50.49586 ] ] } },
{ "type": "Feature", "properties": { "name": "Caterie", "weight_class": 1, "permanent": false, "length_km": 3.3 }, "geometry": { "type": "LineString", "coordinates": [ [ 3.35525, 50.46471 ], [ 3.3577, 50.46167 ], [ 3.35669, 50.46093 ], [ 3.36283, 50.45501 ], [ 3.36105, 50.4539 ], [ 3.36206, 50.45237 ], [ 3.35952, 50.44985 ], [ 3.35929, 50.44856 ], [ 3.36101, 50.44712 ], [ 3.35866, 50.44686 ], [ 3.35934, 50.44545 ], [ 3.3569, 50.44454 ], [ 3.35589, 50.44301 ] ] } },
{ "type": "Feature", "properties": { "name": "Canal du Décours", "weight_class": 2, "permanent": true, "length_km": 16.1 }, "geometry": { "type": "LineString", "coordinates": [ [ 3.20479, 50.40137 ], [ 3.21822, 50.40027 ], [ 3.22857, 50.40426 ], [ 3.2393, 50.40711 ], [ 3.27477, 50.4111 ], [ 3.27732, 50.41047 ], [ 3.28818, 50.41105 ], [ 3.31457, 50.41615 ], [ 3.32886, 50.4158 ], [ 3.33531, 50.41656 ], [ 3.34006, 50.41844 ], [ 3.36473, 50.42347 ], [ 3.36781, 50.42525 ], [ 3.36788, 50.42643 ], [ 3.37133, 50.42796 ], [ 3.37225, 50.42751 ], [ 3.3791, 50.42906 ], [ 3.38784, 50.42813 ], [ 3.39862, 50.43244 ], [ 3.40158, 50.43029 ], [ 3.40308, 50.4309 ], [ 3.41202, 50.42832 ] ] } },
{ "type": "Feature", "properties": { "name": "Courant des Fontaines d'Hertain", "weight_class": 1, "permanent": true, "length_km": 9.7 }, "geometry": { "type": "MultiLineString", "coordinates": [ [ [ 3.36642, 50.37553 ], [ 3.36529, 50.37553 ], [ 3.37122, 50.38198 ], [ 3.37396, 50.39108 ] ], [ [ 3.37396, 50.39108 ], [ 3.37616, 50.39493 ], [ 3.37772, 50.39638 ], [ 3.37776, 50.40084 ] ], [ [ 3.37396, 50.39108 ], [ 3.37464, 50.39098 ], [ 3.3763, 50.39194 ], [ 3.37741, 50.39363 ], [ 3.37664, 50.39488 ], [ 3.37793, 50.39601 ], [ 3.37899, 50.39989 ], [ 3.37776, 50.40084 ] ], [ [ 3.37776, 50.40084 ], [ 3.38505, 50.40093 ], [ 3.38827, 50.40189 ], [ 3.38994, 50.40317 ], [ 3.39081, 50.40646 ], [ 3.39353, 50.40837 ], [ 3.40044, 50.40789 ], [ 3.40462, 50.40918 ], [ 3.4076, 50.40834 ], [ 3.40895, 50.40935 ], [ 3.40923, 50.41369 ], [ 3.40762, 50.41518 ], [ 3.4076, 50.4194 ], [ 3.41139, 50.42435 ], [ 3.41034, 50.42623 ], [ 3.41168, 50.42814 ] ] ] } },
{ "type": "Feature", "properties": { "name": "Petite Traitoire", "weight_class": 1, "permanent": true, "length_km": 5.1 }, "geometry": { "type": "LineString", "coordinates": [ [ 3.37815, 50.39994 ], [ 3.37689, 50.40149 ], [ 3.3807, 50.40646 ], [ 3.3801, 50.40897 ], [ 3.37843, 50.40937 ], [ 3.37699, 50.41643 ], [ 3.3785, 50.41668 ], [ 3.37917, 50.41852 ], [ 3.38835, 50.4192 ], [ 3.4052, 50.42473 ], [ 3.41006, 50.42666 ], [ 3.41142, 50.4282 ] ] } },
{ "type": "Feature", "properties": { "name": "Courant de Tilloy/Courant de l'entre Deux Bois", "weight_class": 1, "permanent": false, "length_km": 5.5 }, "geometry": { "type": "LineString", "coordinates": [ [ 3.30943, 50.44461 ], [ 3.31127, 50.44321 ], [ 3.31057, 50.44071 ], [ 3.31226, 50.43961 ], [ 3.31003, 50.43603 ], [ 3.31298, 50.4354 ], [ 3.31368, 50.43313 ], [ 3.31759, 50.43363 ], [ 3.32115, 50.43063 ], [ 3.32473, 50.42928 ], [ 3.32423, 50.42704 ], [ 3.32701, 50.4249 ], [ 3.33556, 50.42327 ], [ 3.33935, 50.42608 ], [ 3.34389, 50.42437 ], [ 3.346, 50.42226 ], [ 3.35069, 50.42072 ] ] } },
{ "type": "Feature", "properties": { "name": "Courant d'Helesmes", "weight_class": 1, "permanent": true, "length_km": 5.2 }, "geometry": { "type": "LineString", "coordinates": [ [ 3.35048, 50.36367 ], [ 3.34932, 50.36612 ], [ 3.35105, 50.36998 ], [ 3.35297, 50.37112 ], [ 3.35139, 50.37193 ], [ 3.35408, 50.37506 ], [ 3.35215, 50.38241 ], [ 3.35561, 50.385 ], [ 3.35638, 50.39167 ], [ 3.35378, 50.39481 ], [ 3.35371, 50.39659 ], [ 3.34736, 50.40078 ], [ 3.3476, 50.40549 ] ] } },
{ "type": "Feature", "properties": { "name": "Courant du Wacheux", "weight_class": 1, "permanent": true, "length_km": 5.0 }, "geometry": { "type": "LineString", "coordinates": [ [ 3.28232, 50.39734 ], [ 3.29317, 50.39675 ], [ 3.30532, 50.39935 ], [ 3.30642, 50.3984 ], [ 3.30982, 50.39826 ], [ 3.31016, 50.39895 ], [ 3.31568, 50.39817 ], [ 3.31583, 50.39753 ], [ 3.32072, 50.39752 ], [ 3.33131, 50.40482 ], [ 3.34195, 50.40315 ] ] } },
{ "type": "Feature", "properties": { "name": "Courant de la Montée", "weight_class": 1, "permanent": false, "length_km": 4.0 }, "geometry": { "type": "LineString", "coordinates": [ [ 3.30855, 50.4011 ], [ 3.31142, 50.40146 ], [ 3.31371, 50.40071 ], [ 3.31789, 50.40194 ], [ 3.31308, 50.40717 ], [ 3.32507, 50.41197 ], [ 3.34069, 50.41321 ], [ 3.34099, 50.41032 ] ] } },
{ "type": "Feature", "properties": { "name": "Courant de Coutiches Aval", "weight_class": 1, "permanent": true, "length_km": 2.0 }, "geometry": { "type": "LineString", "coordinates": [ [ 3.28464, 50.41906 ], [ 3.28786, 50.41673 ], [ 3.29026, 50.4164 ], [ 3.30445, 50.41763 ], [ 3.30664, 50.41698 ], [ 3.30833, 50.4146 ] ] } },
{ "type": "Feature", "properties": { "name": "Courant d'Heurteau", "weight_class": 1, "permanent": true, "length_km": 2.9 }, "geometry": { "type": "MultiLineString", "coordinates": [ [ [ 3.33751, 50.37638 ], [ 3.33899, 50.37765 ] ], [ [ 3.33899, 50.37765 ], [ 3.33937, 50.37945 ], [ 3.3434, 50.37981 ], [ 3.3447, 50.38179 ], [ 3.34337, 50.38326 ], [ 3.34703, 50.38633 ], [ 3.34768, 50.38975 ], [ 3.34934, 50.38967 ], [ 3.35289, 50.39259 ], [ 3.35378, 50.39481 ] ], [ [ 3.33995, 50.37669 ], [ 3.33899, 50.37765 ] ] ] } },
{ "type": "Feature", "properties": { "name": "la Goulée", "weight_class": 1, "permanent": false, "length_km": 2.2 }, "geometry": { "type": "LineString", "coordinates": [ [ 3.41598, 50.37806 ], [ 3.41252, 50.379 ], [ 3.40904, 50.38274 ], [ 3.40207, 50.3788 ], [ 3.39728, 50.37979 ], [ 3.39549, 50.37822 ], [ 3.39425, 50.37849 ] ] } },
{ "type": "Feature", "properties": { "name": "Courant Saint-Martin", "weight_class": 1, "permanent": false, "length_km": 2.6 }, "geometry": { "type": "LineString", "coordinates": [ [ 3.44883, 50.37765 ], [ 3.46163, 50.38656 ], [ 3.46143, 50.39132 ], [ 3.46559, 50.39644 ] ] } },
{ "type": "Feature", "properties": { "name": "le Coucou", "weight_class": 1, "permanent": true, "length_km": 2.2 }, "geometry": { "type": "LineString", "coordinates": [ [ 3.32168, 50.3702 ], [ 3.32191, 50.37218 ], [ 3.32539, 50.3735 ], [ 3.32692, 50.37682 ], [ 3.32233, 50.38738 ] ] } },
{ "type": "Feature", "properties": { "name": "l'Ermitage", "weight_class": 1, "permanent": true, "length_km": 2.1 }, "geometry": { "type": "LineString", "coordinates": [ [ 3.33147, 50.3709 ], [ 3.33034, 50.37763 ], [ 3.33321, 50.37762 ], [ 3.33274, 50.38765 ] ] } },
{ "type": "Feature", "properties": { "name": "le Long Coron", "weight_class": 1, "permanent": false, "length_km": 2.4 }, "geometry": { "type": "LineString", "coordinates": [ [ 3.4378, 50.35528 ], [ 3.43305, 50.35566 ], [ 3.43169, 50.354 ], [ 3.42381, 50.3504 ], [ 3.41752, 50.35187 ], [ 3.41363, 50.35387 ], [ 3.41296, 50.35525 ], [ 3.41177, 50.3551 ] ] } },
{ "type": "Feature", "properties": { "name": "Vieil Escaut de Valenciennes", "weight_class": 1, "permanent": true, "length_km": 6.6 }, "geometry": { "type": "LineString", "coordinates": [ [ 3.51161, 50.35583 ], [ 3.51245, 50.35478 ], [ 3.5153, 50.35846 ], [ 3.51936, 50.36014 ], [ 3.52595, 50.35984 ], [ 3.53189, 50.36637 ], [ 3.54086, 50.36922 ], [ 3.54188, 50.37088 ], [ 3.54414, 50.37116 ], [ 3.54622, 50.37357 ], [ 3.55181, 50.37656 ], [ 3.55201, 50.37856 ], [ 3.54488, 50.38617 ], [ 3.54914, 50.39472 ] ] } },
{ "type": "Feature", "properties": { "name": "Maing", "weight_class": 1, "permanent": false, "length_km": 2.1 }, "geometry": { "type": "LineString", "coordinates": [ [ 3.47294, 50.30826 ], [ 3.47968, 50.30782 ], [ 3.47867, 50.30957 ], [ 3.4805, 50.30997 ], [ 3.48095, 50.31269 ], [ 3.47939, 50.31413 ], [ 3.48743, 50.31529 ] ] } },
{ "type": "Feature", "properties": { "name": "Rivière la Rié", "weight_class": 1, "permanent": true, "length_km": 3.2 }, "geometry": { "type": "LineString", "coordinates": [ [ 3.50385, 50.29766 ], [ 3.50195, 50.30597 ], [ 3.49659, 50.31148 ], [ 3.49172, 50.31206 ], [ 3.48829, 50.31384 ], [ 3.48437, 50.31961 ] ] } },
{ "type": "Feature", "properties": { "name": "Riot Monneral", "weight_class": 1, "permanent": false, "length_km": 3.5 }, "geometry": { "type": "LineString", "coordinates": [ [ 3.42793, 50.28006 ], [ 3.42558, 50.28475 ], [ 3.41974, 50.28581 ], [ 3.41785, 50.28852 ], [ 3.40672, 50.28126 ], [ 3.39844, 50.28279 ], [ 3.39461, 50.28202 ] ] } },
{ "type": "Feature", "properties": { "name": null, "weight_class": 1, "permanent": true, "length_km": 2.0 }, "geometry": { "type": "LineString", "coordinates": [ [ 3.32706, 50.27612 ], [ 3.33198, 50.28606 ], [ 3.32805, 50.28383 ], [ 3.32469, 50.28391 ], [ 3.32302, 50.28308 ] ] } },
{ "type": "Feature", "properties": { "name": "Fossé à l'Eau", "weight_class": 1, "permanent": false, "length_km": 2.2 }, "geometry": { "type": "LineString", "coordinates": [ [ 3.44062, 50.26268 ], [ 3.446, 50.26745 ], [ 3.45687, 50.27297 ], [ 3.45809, 50.2777 ] ] } },
{ "type": "Feature", "properties": { "name": "Vieil-Escaut", "weight_class": 2, "permanent": true, "length_km": 6.0 }, "geometry": { "type": "LineString", "coordinates": [ [ 3.30861, 50.23898 ], [ 3.30406, 50.24379 ], [ 3.30342, 50.24658 ], [ 3.30678, 50.2524 ], [ 3.30576, 50.25503 ], [ 3.30924, 50.26385 ], [ 3.30786, 50.26537 ], [ 3.3184, 50.27306 ], [ 3.32344, 50.2752 ], [ 3.32206, 50.27955 ], [ 3.32323, 50.28017 ], [ 3.32205, 50.28208 ], [ 3.32337, 50.28489 ] ] } },
{ "type": "Feature", "properties": { "name": null, "weight_class": 3, "permanent": true, "length_km": 3.6 }, "geometry": { "type": "LineString", "coordinates": [ [ 3.26827, 50.25961 ], [ 3.26891, 50.25291 ], [ 3.27614, 50.24912 ], [ 3.28903, 50.24969 ], [ 3.2979, 50.2552 ], [ 3.30355, 50.25496 ] ] } },
{ "type": "Feature", "properties": { "name": "Écaillon", "weight_class": 2, "permanent": true, "length_km": 34.9 }, "geometry": { "type": "LineString", "coordinates": [ [ 3.7302, 50.18949 ], [ 3.73561, 50.19401 ], [ 3.73514, 50.19682 ], [ 3.73066, 50.19681 ], [ 3.72459, 50.19884 ], [ 3.71828, 50.19973 ], [ 3.69938, 50.20712 ], [ 3.69242, 50.20556 ], [ 3.68601, 50.20694 ], [ 3.67743, 50.20749 ], [ 3.67107, 50.21203 ], [ 3.67169, 50.2135 ], [ 3.66711, 50.21519 ], [ 3.66302, 50.21541 ], [ 3.65553, 50.21395 ], [ 3.65019, 50.21453 ], [ 3.64576, 50.21718 ], [ 3.64316, 50.21767 ], [ 3.64093, 50.2196 ], [ 3.64028, 50.22298 ], [ 3.63452, 50.22392 ], [ 3.63305, 50.22554 ], [ 3.62761, 50.22601 ], [ 3.62277, 50.22531 ], [ 3.6221, 50.22453 ], [ 3.62061, 50.22514 ], [ 3.61918, 50.22424 ], [ 3.61218, 50.22735 ], [ 3.60628, 50.2275 ], [ 3.60425, 50.22827 ], [ 3.60357, 50.23199 ], [ 3.59796, 50.23261 ], [ 3.59531, 50.23379 ], [ 3.59455, 50.23802 ], [ 3.59313, 50.23827 ], [ 3.59237, 50.24011 ], [ 3.58739, 50.24238 ], [ 3.58332, 50.24334 ], [ 3.57214, 50.24256 ], [ 3.5721, 50.24197 ], [ 3.56776, 50.24277 ], [ 3.56714, 50.24215 ], [ 3.5628, 50.24243 ], [ 3.56075, 50.24351 ], [ 3.55575, 50.24414 ], [ 3.55189, 50.24617 ], [ 3.54704, 50.24588 ], [ 3.54237, 50.24758 ], [ 3.53443, 50.24808 ], [ 3.524, 50.25164 ], [ 3.52216, 50.25065 ], [ 3.51996, 50.25144 ], [ 3.52089, 50.25193 ], [ 3.51977, 50.25294 ], [ 3.51747, 50.25301 ], [ 3.51471, 50.25505 ], [ 3.51347, 50.25477 ], [ 3.51348, 50.25552 ], [ 3.51118, 50.25598 ], [ 3.51153, 50.25759 ], [ 3.50853, 50.25856 ], [ 3.50932, 50.25959 ], [ 3.50464, 50.26237 ], [ 3.50416, 50.26466 ], [ 3.50126, 50.26604 ], [ 3.49475, 50.265 ], [ 3.49441, 50.26632 ], [ 3.49315, 50.2664 ], [ 3.49241, 50.26531 ], [ 3.49064, 50.26691 ], [ 3.48509, 50.26669 ], [ 3.48129, 50.26906 ], [ 3.47661, 50.26833 ], [ 3.47312, 50.27003 ], [ 3.47011, 50.26941 ], [ 3.46669, 50.27048 ], [ 3.46489, 50.27275 ], [ 3.46568, 50.27418 ], [ 3.45326, 50.28031 ], [ 3.45311, 50.28225 ], [ 3.4545, 50.28337 ], [ 3.45378, 50.28974 ], [ 3.44935, 50.29406 ], [ 3.45062, 50.29598 ], [ 3.44993, 50.30148 ], [ 3.45138, 50.30275 ], [ 3.45169, 50.30635 ], [ 3.4612, 50.31231 ] ] } },
{ "type": "Feature", "properties": { "name": "Ruisseau Saint-Georges", "weight_class": 1, "permanent": true, "length_km": 20.7 }, "geometry": { "type": "LineString", "coordinates": [ [ 3.68976, 50.15673 ], [ 3.69063, 50.15871 ], [ 3.68809, 50.16214 ], [ 3.68662, 50.16848 ], [ 3.68346, 50.17036 ], [ 3.67918, 50.17524 ], [ 3.66885, 50.18086 ], [ 3.66395, 50.18517 ], [ 3.65795, 50.18593 ], [ 3.64728, 50.18366 ], [ 3.64433, 50.18841 ], [ 3.63329, 50.19142 ], [ 3.62771, 50.19042 ], [ 3.61295, 50.19009 ], [ 3.6098, 50.18838 ], [ 3.60658, 50.189 ], [ 3.60098, 50.19347 ], [ 3.5991, 50.19385 ], [ 3.59849, 50.19712 ], [ 3.59562, 50.19709 ], [ 3.59461, 50.19823 ], [ 3.59157, 50.19861 ], [ 3.58828, 50.20045 ], [ 3.58598, 50.20012 ], [ 3.58604, 50.2012 ], [ 3.58322, 50.20321 ], [ 3.57886, 50.20503 ], [ 3.57583, 50.21534 ], [ 3.57441, 50.21657 ], [ 3.57092, 50.21821 ], [ 3.57104, 50.21903 ], [ 3.56446, 50.22133 ], [ 3.56565, 50.22185 ], [ 3.56281, 50.22211 ], [ 3.5597, 50.22423 ], [ 3.55284, 50.22564 ], [ 3.54584, 50.23057 ], [ 3.54467, 50.23332 ], [ 3.5464, 50.23485 ], [ 3.54492, 50.23536 ], [ 3.54339, 50.23875 ], [ 3.54655, 50.24121 ], [ 3.54662, 50.2452 ], [ 3.54002, 50.24474 ], [ 3.53609, 50.24598 ], [ 3.53521, 50.24795 ] ] } },
{ "type": "Feature", "properties": { "name": "Navie", "weight_class": 1, "permanent": true, "length_km": 3.6 }, "geometry": { "type": "LineString", "coordinates": [ [ 3.3142, 50.36355 ], [ 3.3144, 50.36521 ], [ 3.31708, 50.3678 ], [ 3.31442, 50.37308 ], [ 3.31746, 50.37724 ], [ 3.31567, 50.39367 ] ] } },
{ "type": "Feature", "properties": { "name": "Courant de la Fontaine", "weight_class": 1, "permanent": true, "length_km": 2.0 }, "geometry": { "type": "LineString", "coordinates": [ [ 3.30278, 50.3747 ], [ 3.30128, 50.37686 ], [ 3.30037, 50.38312 ], [ 3.30434, 50.38869 ], [ 3.30801, 50.39078 ] ] } },
{ "type": "Feature", "properties": { "name": "Bras de Décharge de l'Escaut", "weight_class": 2, "permanent": true, "length_km": 3.6 }, "geometry": { "type": "LineString", "coordinates": [ [ 3.51604, 50.35857 ], [ 3.51643, 50.36086 ], [ 3.52349, 50.36454 ], [ 3.53454, 50.37506 ], [ 3.54114, 50.3784 ], [ 3.54996, 50.38041 ] ] } },
{ "type": "Feature", "properties": { "name": "Courant de Wallers", "weight_class": 1, "permanent": true, "length_km": 6.1 }, "geometry": { "type": "LineString", "coordinates": [ [ 3.41235, 50.35009 ], [ 3.41101, 50.35873 ], [ 3.41252, 50.36199 ], [ 3.41143, 50.36433 ], [ 3.39887, 50.37537 ], [ 3.38439, 50.38116 ], [ 3.3807, 50.38427 ], [ 3.37668, 50.38514 ], [ 3.37736, 50.38913 ], [ 3.37461, 50.38918 ], [ 3.37464, 50.39098 ] ] } },
{ "type": "Feature", "properties": { "name": "Ruisseau de Saméon", "weight_class": 1, "permanent": false, "length_km": 4.3 }, "geometry": { "type": "LineString", "coordinates": [ [ 3.59418, 50.30682 ], [ 3.58527, 50.31039 ], [ 3.58049, 50.31095 ], [ 3.57601, 50.30994 ], [ 3.56744, 50.31149 ], [ 3.55247, 50.3099 ], [ 3.54446, 50.31128 ], [ 3.53959, 50.31043 ] ] } },
{ "type": "Feature", "properties": { "name": "Etang de Trith", "weight_class": 1, "permanent": false, "length_km": 2.7 }, "geometry": { "type": "LineString", "coordinates": [ [ 3.49267, 50.33481 ], [ 3.49021, 50.33478 ], [ 3.48892, 50.33581 ], [ 3.49007, 50.33887 ], [ 3.50404, 50.34642 ], [ 3.50636, 50.34814 ], [ 3.50573, 50.34893 ], [ 3.50914, 50.35098 ] ] } },
{ "type": "Feature", "properties": { "name": "Navie Malvaux", "weight_class": 1, "permanent": true, "length_km": 6.8 }, "geometry": { "type": "LineString", "coordinates": [ [ 3.3081, 50.30394 ], [ 3.30978, 50.30186 ], [ 3.3392, 50.30032 ], [ 3.34715, 50.30539 ], [ 3.35524, 50.309 ], [ 3.36034, 50.31001 ], [ 3.36026, 50.31103 ], [ 3.36466, 50.31136 ], [ 3.36862, 50.31086 ], [ 3.36934, 50.3099 ], [ 3.3733, 50.31073 ], [ 3.38652, 50.31699 ], [ 3.38849, 50.31705 ] ] } },
{ "type": "Feature", "properties": { "name": "Rhonelle", "weight_class": 1, "permanent": true, "length_km": 32.5 }, "geometry": { "type": "LineString", "coordinates": [ [ 3.74468, 50.19971 ], [ 3.74592, 50.20175 ], [ 3.74531, 50.20698 ], [ 3.74823, 50.21482 ], [ 3.7468, 50.21834 ], [ 3.73921, 50.22381 ], [ 3.73938, 50.22641 ], [ 3.73208, 50.23518 ], [ 3.7241, 50.23691 ], [ 3.71457, 50.23727 ], [ 3.69988, 50.24358 ], [ 3.69489, 50.24413 ], [ 3.68955, 50.24215 ], [ 3.68564, 50.24258 ], [ 3.67744, 50.24624 ], [ 3.67074, 50.24769 ], [ 3.66256, 50.25511 ], [ 3.65365, 50.25733 ], [ 3.64613, 50.26522 ], [ 3.64114, 50.26647 ], [ 3.64038, 50.26877 ], [ 3.63227, 50.2728 ], [ 3.62875, 50.27344 ], [ 3.62592, 50.27613 ], [ 3.62465, 50.27575 ], [ 3.62324, 50.27861 ], [ 3.6199, 50.27992 ], [ 3.61683, 50.28003 ], [ 3.61672, 50.28105 ], [ 3.60932, 50.28408 ], [ 3.60449, 50.28415 ], [ 3.60186, 50.28606 ], [ 3.59904, 50.28599 ], [ 3.59597, 50.28753 ], [ 3.59358, 50.28729 ], [ 3.58987, 50.28835 ], [ 3.58656, 50.29084 ], [ 3.58464, 50.28954 ], [ 3.58416, 50.29021 ], [ 3.57447, 50.29102 ], [ 3.57162, 50.29219 ], [ 3.56987, 50.29118 ], [ 3.56844, 50.29247 ], [ 3.56055, 50.2928 ], [ 3.55878, 50.29206 ], [ 3.55428, 50.29224 ], [ 3.5524, 50.2911 ], [ 3.54961, 50.29195 ], [ 3.5487, 50.29387 ], [ 3.54612, 50.2949 ], [ 3.54449, 50.29772 ], [ 3.54103, 50.29988 ], [ 3.54287, 50.3084 ], [ 3.53971, 50.30991 ], [ 3.53655, 50.31445 ], [ 3.53277, 50.31513 ], [ 3.52793, 50.31992 ], [ 3.52925, 50.32067 ], [ 3.52819, 50.32207 ], [ 3.52899, 50.32628 ], [ 3.53268, 50.33241 ], [ 3.53821, 50.33719 ], [ 3.54096, 50.34538 ], [ 3.53904, 50.35024 ], [ 3.52731, 50.35365 ] ] } },
{ "type": "Feature", "properties": { "name": "Rivière Sensée", "weight_class": 2, "permanent": true, "length_km": 17.3 }, "geometry": { "type": "MultiLineString", "coordinates": [ [ [ 3.12798, 50.26694 ], [ 3.12882, 50.26611 ], [ 3.13364, 50.2662 ], [ 3.13657, 50.26488 ], [ 3.13818, 50.26542 ] ], [ [ 3.15417, 50.26486 ], [ 3.1572, 50.26398 ], [ 3.16277, 50.26 ], [ 3.16572, 50.26038 ], [ 3.17363, 50.25771 ], [ 3.18791, 50.26002 ], [ 3.1942, 50.25909 ], [ 3.20487, 50.26246 ], [ 3.20855, 50.26243 ], [ 3.21127, 50.26381 ], [ 3.21323, 50.26295 ], [ 3.22006, 50.26353 ], [ 3.22414, 50.26278 ], [ 3.23203, 50.26378 ], [ 3.23725, 50.26247 ], [ 3.23742, 50.26153 ], [ 3.24259, 50.26239 ], [ 3.24512, 50.26122 ], [ 3.2514, 50.26317 ], [ 3.25285, 50.26083 ], [ 3.26275, 50.26356 ], [ 3.26848, 50.2602 ], [ 3.27223, 50.25953 ], [ 3.27159, 50.25826 ], [ 3.27334, 50.25761 ], [ 3.27664, 50.2527 ], [ 3.28018, 50.25141 ], [ 3.28275, 50.25219 ], [ 3.28412, 50.25405 ], [ 3.28455, 50.25569 ], [ 3.28209, 50.25591 ], [ 3.28229, 50.25672 ], [ 3.28566, 50.25739 ], [ 3.28421, 50.26161 ], [ 3.28516, 50.26422 ], [ 3.28797, 50.26495 ], [ 3.28701, 50.2674 ], [ 3.28917, 50.27191 ], [ 3.29136, 50.27227 ], [ 3.29167, 50.27355 ], [ 3.29894, 50.27776 ], [ 3.31276, 50.28088 ] ] ] } },
{ "type": "Feature", "properties": { "name": "Courbineau", "weight_class": 1, "permanent": true, "length_km": 2.5 }, "geometry": { "type": "LineString", "coordinates": [ [ 3.3172, 50.2371 ], [ 3.30976, 50.23998 ], [ 3.3084, 50.24629 ], [ 3.30531, 50.24961 ], [ 3.30718, 50.25321 ], [ 3.30595, 50.25561 ] ] } },
{ "type": "Feature", "properties": { "name": "Erclin", "weight_class": 1, "permanent": true, "length_km": 33.8 }, "geometry": { "type": "LineString", "coordinates": [ [ 3.45652, 50.07282 ], [ 3.46701, 50.07414 ], [ 3.47603, 50.07945 ], [ 3.4777, 50.0894 ], [ 3.47364, 50.09249 ], [ 3.47262, 50.09651 ], [ 3.47274, 50.0993 ], [ 3.47493, 50.10125 ], [ 3.47564, 50.10397 ], [ 3.47245, 50.10571 ], [ 3.46893, 50.10622 ], [ 3.46737, 50.10973 ], [ 3.47508, 50.11729 ], [ 3.47539, 50.12176 ], [ 3.4747, 50.12298 ], [ 3.46751, 50.12679 ], [ 3.45483, 50.1265 ], [ 3.4532, 50.1289 ], [ 3.44609, 50.13342 ], [ 3.44602, 50.13641 ], [ 3.44326, 50.13797 ], [ 3.4425, 50.14679 ], [ 3.43919, 50.14743 ], [ 3.43795, 50.14949 ], [ 3.43588, 50.15042 ], [ 3.43584, 50.15213 ], [ 3.43288, 50.15341 ], [ 3.43479, 50.15568 ], [ 3.43369, 50.15901 ], [ 3.43007, 50.16247 ], [ 3.42706, 50.16353 ], [ 3.43069, 50.17349 ], [ 3.43051, 50.17807 ], [ 3.42682, 50.18351 ], [ 3.42703, 50.18522 ], [ 3.42218, 50.18739 ], [ 3.42356, 50.19131 ], [ 3.42571, 50.19312 ], [ 3.4254, 50.1949 ], [ 3.42113, 50.19801 ], [ 3.41784, 50.19821 ], [ 3.41592, 50.20197 ], [ 3.4157, 50.20331 ], [ 3.41797, 50.20583 ], [ 3.41773, 50.20871 ], [ 3.41295, 50.21259 ], [ 3.40698, 50.213 ], [ 3.40458, 50.21231 ], [ 3.40158, 50.20932 ], [ 3.40042, 50.20939 ], [ 3.40025, 50.20731 ], [ 3.3969, 50.20652 ], [ 3.39599, 50.20353 ], [ 3.392, 50.20269 ], [ 3.38896, 50.20027 ], [ 3.38446, 50.20244 ], [ 3.38172, 50.19999 ], [ 3.37499, 50.20045 ], [ 3.37349, 50.19853 ], [ 3.36982, 50.20125 ], [ 3.3627, 50.19967 ], [ 3.35953, 50.19984 ], [ 3.35682, 50.2008 ], [ 3.35249, 50.20541 ], [ 3.3496, 50.20593 ], [ 3.34483, 50.20454 ], [ 3.34331, 50.20574 ], [ 3.34383, 50.20889 ], [ 3.3423, 50.21104 ], [ 3.33835, 50.21033 ], [ 3.33886, 50.20929 ], [ 3.33769, 50.20866 ], [ 3.33376, 50.20873 ], [ 3.33211, 50.21204 ], [ 3.32623, 50.21505 ], [ 3.32506, 50.21912 ], [ 3.32239, 50.21988 ], [ 3.31246, 50.23177 ], [ 3.30781, 50.23415 ], [ 3.30831, 50.23622 ] ] } },
{ "type": "Feature", "properties": { "name": "Riot Hippolyte", "weight_class": 1, "permanent": false, "length_km": 3.5 }, "geometry": { "type": "LineString", "coordinates": [ [ 3.37483, 50.05059 ], [ 3.37855, 50.05026 ], [ 3.38214, 50.05223 ], [ 3.38638, 50.05162 ], [ 3.39398, 50.04797 ], [ 3.40057, 50.04705 ], [ 3.40414, 50.04755 ], [ 3.40468, 50.04662 ], [ 3.40891, 50.04699 ], [ 3.41557, 50.04342 ] ] } },
{ "type": "Feature", "properties": { "name": "Carnières", "weight_class": 1, "permanent": false, "length_km": 2.1 }, "geometry": { "type": "LineString", "coordinates": [ [ 3.35479, 50.14707 ], [ 3.35245, 50.15503 ], [ 3.35322, 50.16092 ], [ 3.35045, 50.16396 ], [ 3.34847, 50.16462 ] ] } },
{ "type": "Feature", "properties": { "name": "Naves", "weight_class": 1, "permanent": false, "length_km": 4.4 }, "geometry": { "type": "LineString", "coordinates": [ [ 3.34264, 50.16797 ], [ 3.33881, 50.17352 ], [ 3.33271, 50.17637 ], [ 3.33261, 50.17922 ], [ 3.3293, 50.18292 ], [ 3.32701, 50.18332 ], [ 3.32686, 50.18462 ], [ 3.3235, 50.18594 ], [ 3.32107, 50.18836 ], [ 3.31981, 50.19435 ], [ 3.31591, 50.19966 ] ] } },
{ "type": "Feature", "properties": { "name": "le Grand Riot", "weight_class": 1, "permanent": false, "length_km": 4.3 }, "geometry": { "type": "LineString", "coordinates": [ [ 3.30998, 50.16276 ], [ 3.30977, 50.17232 ], [ 3.30642, 50.18026 ], [ 3.31002, 50.18924 ], [ 3.30845, 50.19091 ], [ 3.31173, 50.19764 ], [ 3.31093, 50.19921 ] ] } },
{ "type": "Feature", "properties": { "name": "Croix Saint-Hubert", "weight_class": 1, "permanent": true, "length_km": 2.1 }, "geometry": { "type": "LineString", "coordinates": [ [ 3.31246, 50.20382 ], [ 3.31201, 50.20638 ], [ 3.31387, 50.20948 ], [ 3.31876, 50.21265 ], [ 3.3192, 50.21466 ], [ 3.32073, 50.21475 ], [ 3.32268, 50.21972 ] ] } },
{ "type": "Feature", "properties": { "name": "Beart", "weight_class": 1, "permanent": true, "length_km": 3.8 }, "geometry": { "type": "LineString", "coordinates": [ [ 3.5249, 50.17586 ], [ 3.5241, 50.17896 ], [ 3.52133, 50.17947 ], [ 3.52202, 50.18048 ], [ 3.51819, 50.18249 ], [ 3.51906, 50.18333 ], [ 3.51466, 50.18588 ], [ 3.51315, 50.18812 ], [ 3.50383, 50.18801 ], [ 3.49616, 50.18588 ], [ 3.4931, 50.18397 ] ] } },
{ "type": "Feature", "properties": { "name": "Riot de Caudry/le Riot de Beauvois", "weight_class": 1, "permanent": true, "length_km": 10.2 }, "geometry": { "type": "LineString", "coordinates": [ [ 3.40129, 50.13077 ], [ 3.39918, 50.13307 ], [ 3.38961, 50.13645 ], [ 3.38475, 50.14609 ], [ 3.37676, 50.15022 ], [ 3.37701, 50.15223 ], [ 3.37042, 50.16041 ], [ 3.36215, 50.16556 ], [ 3.36235, 50.16864 ], [ 3.35758, 50.17787 ], [ 3.35753, 50.18077 ], [ 3.35292, 50.1866 ], [ 3.35067, 50.20083 ], [ 3.3495, 50.20352 ], [ 3.34714, 50.20477 ] ] } },
{ "type": "Feature", "properties": { "name": "Ruisseau de Richemont", "weight_class": 1, "permanent": true, "length_km": 10.3 }, "geometry": { "type": "LineString", "coordinates": [ [ 3.61779, 50.06561 ], [ 3.61274, 50.06631 ], [ 3.61124, 50.07023 ], [ 3.60688, 50.07196 ], [ 3.60752, 50.0772 ], [ 3.60569, 50.07908 ], [ 3.60509, 50.08218 ], [ 3.59901, 50.08627 ], [ 3.59412, 50.09446 ], [ 3.59495, 50.09708 ], [ 3.59343, 50.09865 ], [ 3.58266, 50.10015 ], [ 3.57857, 50.10313 ], [ 3.57958, 50.10828 ], [ 3.57391, 50.11337 ], [ 3.57397, 50.11442 ], [ 3.57023, 50.11528 ], [ 3.56049, 50.1214 ], [ 3.55466, 50.12118 ], [ 3.55271, 50.12011 ], [ 3.54969, 50.12019 ], [ 3.54407, 50.11871 ] ] } },
{ "type": "Feature", "properties": { "name": "Torrent d'Esnes", "weight_class": 1, "permanent": true, "length_km": 19.0 }, "geometry": { "type": "LineString", "coordinates": [ [ 3.44996, 50.09311 ], [ 3.45568, 50.10274 ], [ 3.45514, 50.10616 ], [ 3.4512, 50.10777 ], [ 3.44872, 50.11013 ], [ 3.43321, 50.11121 ], [ 3.42403, 50.1088 ], [ 3.42265, 50.10724 ], [ 3.41778, 50.10659 ], [ 3.41324, 50.10864 ], [ 3.40224, 50.10953 ], [ 3.39801, 50.11242 ], [ 3.38938, 50.11097 ], [ 3.3795, 50.11393 ], [ 3.37169, 50.11409 ], [ 3.37004, 50.11526 ], [ 3.363, 50.11572 ], [ 3.34982, 50.1113 ], [ 3.34576, 50.11196 ], [ 3.34307, 50.11044 ], [ 3.33868, 50.11162 ], [ 3.33562, 50.10914 ], [ 3.33101, 50.10921 ], [ 3.32924, 50.10779 ], [ 3.32437, 50.10672 ], [ 3.32183, 50.10522 ], [ 3.32191, 50.10419 ], [ 3.31447, 50.1029 ], [ 3.3123, 50.10324 ], [ 3.31213, 50.10119 ], [ 3.31072, 50.10038 ], [ 3.30294, 50.10175 ], [ 3.29825, 50.10356 ], [ 3.29038, 50.10277 ], [ 3.28675, 50.10077 ], [ 3.27349, 50.10312 ], [ 3.2698, 50.10139 ], [ 3.26246, 50.09982 ], [ 3.25025, 50.1032 ] ] } },
{ "type": "Feature", "properties": { "name": "Ruisseau d'Iris/Riot Michel Lebas", "weight_class": 1, "permanent": false, "length_km": 8.8 }, "geometry": { "type": "LineString", "coordinates": [ [ 3.40777, 50.06482 ], [ 3.40152, 50.06369 ], [ 3.39093, 50.06574 ], [ 3.3893, 50.06999 ], [ 3.39134, 50.07744 ], [ 3.3856, 50.07894 ], [ 3.37306, 50.07861 ], [ 3.36011, 50.08245 ], [ 3.35949, 50.08532 ], [ 3.36266, 50.09402 ], [ 3.36097, 50.09575 ], [ 3.35691, 50.09729 ], [ 3.35493, 50.10025 ], [ 3.35388, 50.10449 ], [ 3.35479, 50.10964 ], [ 3.35366, 50.11231 ] ] } },
{ "type": "Feature", "properties": { "name": "Ruisseau de Sargrenon", "weight_class": 1, "permanent": false, "length_km": 7.9 }, "geometry": { "type": "LineString", "coordinates": [ [ 3.31112, 50.03783 ], [ 3.31036, 50.04274 ], [ 3.3124, 50.04494 ], [ 3.31312, 50.05018 ], [ 3.31564, 50.05382 ], [ 3.31407, 50.05622 ], [ 3.31555, 50.06225 ], [ 3.31703, 50.06374 ], [ 3.31556, 50.06762 ], [ 3.31752, 50.07143 ], [ 3.31679, 50.0731 ], [ 3.31333, 50.0729 ], [ 3.31278, 50.07503 ], [ 3.31395, 50.07714 ], [ 3.3115, 50.07831 ], [ 3.31093, 50.07991 ], [ 3.31092, 50.08326 ], [ 3.31224, 50.08479 ], [ 3.31089, 50.08621 ], [ 3.3116, 50.08838 ], [ 3.30945, 50.08992 ], [ 3.30884, 50.09245 ], [ 3.31072, 50.10038 ] ] } },
{ "type": "Feature", "properties": { "name": "Selle ou Escaut", "weight_class": 2, "permanent": true, "length_km": 46.1 }, "geometry": { "type": "LineString", "coordinates": [ [ 3.53938, 50.04592 ], [ 3.54119, 50.04659 ], [ 3.54099, 50.05075 ], [ 3.53775, 50.05206 ], [ 3.5364, 50.05938 ], [ 3.53765, 50.06104 ], [ 3.53581, 50.064 ], [ 3.53939, 50.06784 ], [ 3.53531, 50.07068 ], [ 3.53395, 50.07488 ], [ 3.53202, 50.075 ], [ 3.5315, 50.07862 ], [ 3.53305, 50.08093 ], [ 3.53035, 50.08186 ], [ 3.53113, 50.08746 ], [ 3.52902, 50.09006 ], [ 3.54011, 50.09924 ], [ 3.54019, 50.10795 ], [ 3.54293, 50.10826 ], [ 3.54473, 50.10981 ], [ 3.54742, 50.11547 ], [ 3.54665, 50.11788 ], [ 3.54363, 50.11891 ], [ 3.54333, 50.12031 ], [ 3.54041, 50.12049 ], [ 3.53839, 50.12171 ], [ 3.53756, 50.12505 ], [ 3.53485, 50.12651 ], [ 3.53448, 50.12799 ], [ 3.53316, 50.12778 ], [ 3.53324, 50.12863 ], [ 3.5302, 50.12949 ], [ 3.52967, 50.13056 ], [ 3.5308, 50.13048 ], [ 3.52936, 50.13262 ], [ 3.51925, 50.13628 ], [ 3.51714, 50.13992 ], [ 3.51226, 50.14196 ], [ 3.50764, 50.14139 ], [ 3.50491, 50.14314 ], [ 3.50226, 50.14302 ], [ 3.49792, 50.14574 ], [ 3.49832, 50.14964 ], [ 3.49697, 50.1499 ], [ 3.49806, 50.15176 ], [ 3.49623, 50.15204 ], [ 3.49508, 50.15467 ], [ 3.49215, 50.15563 ], [ 3.48947, 50.15893 ], [ 3.49001, 50.16616 ], [ 3.48805, 50.16887 ], [ 3.49048, 50.17011 ], [ 3.49012, 50.17339 ], [ 3.4951, 50.17642 ], [ 3.49491, 50.17807 ], [ 3.49284, 50.17884 ], [ 3.49384, 50.18362 ], [ 3.49199, 50.18356 ], [ 3.48859, 50.18524 ], [ 3.48666, 50.18737 ], [ 3.48456, 50.18731 ], [ 3.48106, 50.19185 ], [ 3.48297, 50.19727 ], [ 3.47831, 50.20072 ], [ 3.48113, 50.20396 ], [ 3.48147, 50.20662 ], [ 3.47622, 50.21137 ], [ 3.47607, 50.21275 ], [ 3.47755, 50.21302 ], [ 3.47947, 50.21597 ], [ 3.478, 50.21846 ], [ 3.47613, 50.21823 ], [ 3.47503, 50.21959 ], [ 3.47586, 50.22194 ], [ 3.4729, 50.22353 ], [ 3.4708, 50.22336 ], [ 3.4677, 50.22454 ], [ 3.46577, 50.22406 ], [ 3.46302, 50.22615 ], [ 3.459, 50.22584 ], [ 3.45661, 50.22692 ], [ 3.45371, 50.23082 ], [ 3.45473, 50.23167 ], [ 3.45328, 50.23357 ], [ 3.44777, 50.23411 ], [ 3.4439, 50.23714 ], [ 3.44284, 50.2369 ], [ 3.43779, 50.24479 ], [ 3.43925, 50.24586 ], [ 3.43439, 50.24872 ], [ 3.4323, 50.24939 ], [ 3.43106, 50.24883 ], [ 3.42816, 50.25079 ], [ 3.42319, 50.2508 ], [ 3.41821, 50.25363 ], [ 3.41545, 50.25898 ], [ 3.41121, 50.25889 ], [ 3.4088, 50.26036 ], [ 3.40794, 50.26004 ], [ 3.40573, 50.26269 ], [ 3.40797, 50.26804 ], [ 3.40699, 50.27052 ], [ 3.40336, 50.27163 ], [ 3.40452, 50.27414 ], [ 3.40376, 50.27737 ], [ 3.3995, 50.2787 ], [ 3.39872, 50.27817 ], [ 3.39558, 50.28154 ], [ 3.39063, 50.28327 ], [ 3.38938, 50.28781 ], [ 3.39085, 50.28987 ], [ 3.38859, 50.29156 ], [ 3.38882, 50.29341 ], [ 3.38771, 50.29367 ], [ 3.38862, 50.29458 ], [ 3.38651, 50.29527 ], [ 3.38446, 50.2997 ], [ 3.38028, 50.30137 ], [ 3.38098, 50.30196 ], [ 3.37889, 50.30536 ], [ 3.37487, 50.30802 ], [ 3.37586, 50.30916 ], [ 3.38059, 50.31029 ], [ 3.38228, 50.31376 ], [ 3.39094, 50.3177 ], [ 3.39167, 50.31883 ] ] } },
{ "type": "Feature", "properties": { "name": "Riot de la Ville", "weight_class": 1, "permanent": true, "length_km": 11.9 }, "geometry": { "type": "LineString", "coordinates": [ [ 3.46266, 50.02944 ], [ 3.46506, 50.0308 ], [ 3.46535, 50.0364 ], [ 3.46843, 50.04172 ], [ 3.46798, 50.04454 ], [ 3.46119, 50.04845 ], [ 3.45704, 50.05363 ], [ 3.44573, 50.05288 ], [ 3.43104, 50.04691 ], [ 3.41557, 50.04342 ], [ 3.41347, 50.03699 ], [ 3.40169, 50.02988 ], [ 3.40023, 50.03036 ], [ 3.39724, 50.02962 ], [ 3.39044, 50.0262 ], [ 3.38868, 50.02295 ], [ 3.38354, 50.02016 ], [ 3.37745, 50.01464 ], [ 3.37668, 50.01232 ], [ 3.3708, 50.00844 ] ] } },
{ "type": "Feature", "properties": { "name": "Ferme Castel", "weight_class": 1, "permanent": false, "length_km": 2.9 }, "geometry": { "type": "LineString", "coordinates": [ [ 3.16462, 50.54095 ], [ 3.16241, 50.54407 ], [ 3.16349, 50.54487 ], [ 3.1628, 50.54788 ], [ 3.16451, 50.54835 ], [ 3.16324, 50.55197 ], [ 3.16113, 50.55338 ], [ 3.16354, 50.55433 ], [ 3.16326, 50.55579 ], [ 3.17387, 50.55744 ] ] } },
{ "type": "Feature", "properties": { "name": "Ferme Castel", "weight_class": 1, "permanent": false, "length_km": 2.0 }, "geometry": { "type": "LineString", "coordinates": [ [ 3.14951, 50.55305 ], [ 3.1571, 50.55669 ], [ 3.16248, 50.55787 ], [ 3.17279, 50.55829 ], [ 3.1741, 50.55756 ] ] } },
{ "type": "Feature", "properties": { "name": "la Poissonnerie", "weight_class": 1, "permanent": false, "length_km": 2.1 }, "geometry": { "type": "LineString", "coordinates": [ [ 3.14666, 50.48738 ], [ 3.15344, 50.49139 ], [ 3.15262, 50.49222 ], [ 3.15735, 50.49451 ], [ 3.15619, 50.49572 ], [ 3.15379, 50.49478 ], [ 3.14952, 50.49802 ] ] } },
{ "type": "Feature", "properties": { "name": "Ruisseau du Gland", "weight_class": 1, "permanent": false, "length_km": 2.5 }, "geometry": { "type": "LineString", "coordinates": [ [ 3.21182, 50.58198 ], [ 3.20476, 50.58182 ], [ 3.20237, 50.58126 ], [ 3.20236, 50.58028 ], [ 3.19762, 50.57961 ], [ 3.1884, 50.58323 ], [ 3.18735, 50.58449 ], [ 3.1827, 50.58521 ] ] } },
{ "type": "Feature", "properties": { "name": null, "weight_class": 1, "permanent": false, "length_km": 3.2 }, "geometry": { "type": "LineString", "coordinates": [ [ 3.26851, 50.59133 ], [ 3.27052, 50.59098 ], [ 3.27462, 50.59295 ], [ 3.27648, 50.59245 ], [ 3.27639, 50.58898 ], [ 3.27208, 50.58656 ], [ 3.27165, 50.58149 ], [ 3.25895, 50.58245 ] ] } },
{ "type": "Feature", "properties": { "name": "Rue Zlatin", "weight_class": 1, "permanent": false, "length_km": 5.7 }, "geometry": { "type": "LineString", "coordinates": [ [ 3.27927, 50.48749 ], [ 3.28425, 50.48622 ], [ 3.28604, 50.48639 ], [ 3.28672, 50.4879 ], [ 3.2931, 50.48684 ], [ 3.29771, 50.48816 ], [ 3.30192, 50.48682 ], [ 3.30576, 50.48726 ], [ 3.31644, 50.48555 ], [ 3.31779, 50.4865 ], [ 3.3205, 50.48557 ], [ 3.3236, 50.48309 ], [ 3.32624, 50.47502 ], [ 3.32833, 50.4734 ], [ 3.32578, 50.47092 ], [ 3.32669, 50.46885 ] ] } },
{ "type": "Feature", "properties": { "name": "la Gare", "weight_class": 1, "permanent": false, "length_km": 6.7 }, "geometry": { "type": "MultiLineString", "coordinates": [ [ [ 3.25379, 50.53827 ], [ 3.25318, 50.53746 ], [ 3.25581, 50.53232 ], [ 3.26028, 50.52876 ], [ 3.26373, 50.52756 ], [ 3.27025, 50.52895 ], [ 3.26998, 50.52793 ], [ 3.27531, 50.52725 ], [ 3.2833, 50.52839 ], [ 3.28634, 50.52792 ], [ 3.28856, 50.52579 ], [ 3.29053, 50.52591 ] ], [ [ 3.29136, 50.52546 ], [ 3.29239, 50.52408 ], [ 3.2936, 50.52471 ], [ 3.30464, 50.52037 ], [ 3.31074, 50.5191 ], [ 3.31693, 50.51923 ], [ 3.31767, 50.51818 ], [ 3.32031, 50.51784 ] ] ] } },
{ "type": "Feature", "properties": { "name": "la Potence", "weight_class": 1, "permanent": false, "length_km": 2.2 }, "geometry": { "type": "LineString", "coordinates": [ [ 3.15748, 50.48144 ], [ 3.15209, 50.47769 ], [ 3.1513, 50.47583 ], [ 3.14888, 50.47503 ], [ 3.14696, 50.46524 ] ] } },
{ "type": "Feature", "properties": { "name": "Verneceuille", "weight_class": 1, "permanent": false, "length_km": 4.9 }, "geometry": { "type": "LineString", "coordinates": [ [ 3.17279, 50.48896 ], [ 3.17472, 50.48631 ], [ 3.17593, 50.48729 ], [ 3.17924, 50.48419 ], [ 3.1814, 50.48344 ], [ 3.18389, 50.48379 ], [ 3.1861, 50.4824 ], [ 3.18234, 50.48068 ], [ 3.181, 50.4815 ], [ 3.17713, 50.47855 ], [ 3.17415, 50.47801 ], [ 3.17519, 50.47116 ], [ 3.17388, 50.46518 ], [ 3.16695, 50.45945 ] ] } },
{ "type": "Feature", "properties": { "name": "Coutiches", "weight_class": 1, "permanent": false, "length_km": 2.3 }, "geometry": { "type": "LineString", "coordinates": [ [ 3.18871, 50.46523 ], [ 3.18526, 50.46311 ], [ 3.18192, 50.45606 ], [ 3.18373, 50.45332 ], [ 3.19039, 50.45301 ] ] } },
{ "type": "Feature", "properties": { "name": "la Jonquière", "weight_class": 1, "permanent": false, "length_km": 3.0 }, "geometry": { "type": "LineString", "coordinates": [ [ 3.19309, 50.47054 ], [ 3.1935, 50.46904 ], [ 3.19547, 50.46815 ], [ 3.19515, 50.4644 ], [ 3.19709, 50.46272 ], [ 3.19658, 50.46179 ], [ 3.19851, 50.46128 ], [ 3.19864, 50.45932 ], [ 3.19574, 50.45474 ], [ 3.19102, 50.45396 ], [ 3.19124, 50.45042 ] ] } },
{ "type": "Feature", "properties": { "name": "Ruisseau de Guérondelle", "weight_class": 1, "permanent": true, "length_km": 2.3 }, "geometry": { "type": "LineString", "coordinates": [ [ 3.20514, 50.46527 ], [ 3.20905, 50.45905 ], [ 3.2052, 50.45327 ], [ 3.20544, 50.45146 ], [ 3.20742, 50.45144 ], [ 3.20747, 50.44863 ] ] } },
{ "type": "Feature", "properties": { "name": "Maison Forestière de Sec Marais", "weight_class": 1, "permanent": true, "length_km": 3.7 }, "geometry": { "type": "LineString", "coordinates": [ [ 3.28221, 50.44113 ], [ 3.2801, 50.44202 ], [ 3.27796, 50.44134 ], [ 3.26968, 50.44174 ], [ 3.26588, 50.44001 ], [ 3.26597, 50.43791 ], [ 3.26753, 50.43758 ], [ 3.26803, 50.43596 ], [ 3.26363, 50.43169 ], [ 3.26667, 50.42089 ] ] } },
{ "type": "Feature", "properties": { "name": null, "weight_class": 2, "permanent": true, "length_km": 2.1 }, "geometry": { "type": "LineString", "coordinates": [ [ 3.26457, 50.44598 ], [ 3.26321, 50.44573 ], [ 3.26237, 50.44829 ], [ 3.26482, 50.44915 ], [ 3.26429, 50.45026 ], [ 3.27609, 50.449 ], [ 3.28054, 50.44726 ] ] } },
{ "type": "Feature", "properties": { "name": "Courant d'Eau", "weight_class": 1, "permanent": true, "length_km": 2.1 }, "geometry": { "type": "LineString", "coordinates": [ [ 3.25926, 50.44627 ], [ 3.2569, 50.44576 ], [ 3.25444, 50.44332 ], [ 3.25534, 50.44102 ], [ 3.25193, 50.43692 ], [ 3.24671, 50.43709 ], [ 3.24474, 50.43871 ] ] } },
{ "type": "Feature", "properties": { "name": null, "weight_class": 1, "permanent": true, "length_km": 2.2 }, "geometry": { "type": "LineString", "coordinates": [ [ 3.22351, 50.4613 ], [ 3.22664, 50.45894 ], [ 3.22465, 50.45864 ], [ 3.22031, 50.45323 ], [ 3.21711, 50.45061 ], [ 3.21494, 50.45011 ], [ 3.21342, 50.4469 ] ] } },
{ "type": "Feature", "properties": { "name": "le Pape", "weight_class": 1, "permanent": true, "length_km": 2.7 }, "geometry": { "type": "LineString", "coordinates": [ [ 3.17124, 50.75281 ], [ 3.16339, 50.75002 ], [ 3.16077, 50.75078 ], [ 3.15962, 50.7534 ], [ 3.15647, 50.75542 ], [ 3.14608, 50.75349 ], [ 3.14076, 50.7544 ] ] } },
{ "type": "Feature", "properties": { "name": "Bras de la Marque", "weight_class": 2, "permanent": true, "length_km": 2.5 }, "geometry": { "type": "LineString", "coordinates": [ [ 3.1804, 50.64978 ], [ 3.17449, 50.64858 ], [ 3.17334, 50.64979 ], [ 3.17119, 50.64988 ], [ 3.17036, 50.64763 ], [ 3.16641, 50.64783 ], [ 3.16345, 50.65033 ], [ 3.16416, 50.65294 ], [ 3.16268, 50.65366 ], [ 3.16308, 50.65507 ] ] } },
{ "type": "Feature", "properties": { "name": "le Riez", "weight_class": 1, "permanent": true, "length_km": 3.9 }, "geometry": { "type": "LineString", "coordinates": [ [ 3.21925, 50.66856 ], [ 3.23401, 50.66996 ], [ 3.23772, 50.67266 ], [ 3.25886, 50.67869 ], [ 3.26805, 50.68224 ] ] } },
{ "type": "Feature", "properties": { "name": "Courant de Robigeux", "weight_class": 1, "permanent": true, "length_km": 3.6 }, "geometry": { "type": "LineString", "coordinates": [ [ 3.24482, 50.65103 ], [ 3.24371, 50.64801 ], [ 3.24073, 50.64619 ], [ 3.23897, 50.64342 ], [ 3.23406, 50.64233 ], [ 3.23016, 50.64013 ], [ 3.20968, 50.63259 ] ] } },
{ "type": "Feature", "properties": { "name": "Canal de Roubaix Bief de Partage de l'Ecl 7 Mazure à l'Ecl 8 Union", "weight_class": 3, "permanent": true, "length_km": 3.5 }, "geometry": { "type": "LineString", "coordinates": [ [ 3.13437, 50.68377 ], [ 3.15486, 50.70136 ], [ 3.16851, 50.70537 ] ] } },
{ "type": "Feature", "properties": { "name": "l'Espierre", "weight_class": 3, "permanent": true, "length_km": 7.8 }, "geometry": { "type": "LineString", "coordinates": [ [ 3.16851, 50.70537 ], [ 3.17563, 50.70693 ], [ 3.18149, 50.70568 ], [ 3.19154, 50.69263 ], [ 3.20204, 50.69372 ], [ 3.20595, 50.69138 ], [ 3.21502, 50.68954 ], [ 3.22501, 50.68918 ], [ 3.2401, 50.68965 ], [ 3.24584, 50.69192 ], [ 3.26101, 50.69114 ] ] } },
{ "type": "Feature", "properties": { "name": "Rivière Espierre", "weight_class": 1, "permanent": false, "length_km": 7.9 }, "geometry": { "type": "LineString", "coordinates": [ [ 3.19458, 50.71005 ], [ 3.20273, 50.71203 ], [ 3.20835, 50.71107 ], [ 3.21424, 50.70778 ], [ 3.21514, 50.70391 ], [ 3.20497, 50.69762 ], [ 3.20373, 50.69543 ], [ 3.20429, 50.69293 ], [ 3.20626, 50.69152 ], [ 3.21532, 50.68969 ], [ 3.23284, 50.68942 ], [ 3.24324, 50.69226 ], [ 3.26177, 50.69163 ] ] } },
{ "type": "Feature", "properties": { "name": "Fausse Marque", "weight_class": 3, "permanent": true, "length_km": 2.5 }, "geometry": { "type": "LineString", "coordinates": [ [ 3.14559, 50.66532 ], [ 3.1484, 50.66961 ], [ 3.14806, 50.6715 ], [ 3.14139, 50.67183 ], [ 3.13678, 50.67469 ], [ 3.13441, 50.67496 ], [ 3.12989, 50.67092 ] ] } },
{ "type": "Feature", "properties": { "name": "Riez Simon", "weight_class": 1, "permanent": true, "length_km": 4.2 }, "geometry": { "type": "LineString", "coordinates": [ [ 3.24753, 50.62268 ], [ 3.24318, 50.62434 ], [ 3.24275, 50.62327 ], [ 3.23385, 50.62257 ], [ 3.23391, 50.6216 ], [ 3.22761, 50.62074 ], [ 3.21691, 50.62434 ], [ 3.21612, 50.62316 ], [ 3.20949, 50.6257 ], [ 3.21095, 50.63222 ] ] } },
{ "type": "Feature", "properties": { "name": "Petite Marque", "weight_class": 1, "permanent": true, "length_km": 6.1 }, "geometry": { "type": "LineString", "coordinates": [ [ 3.23492, 50.6296 ], [ 3.23555, 50.62849 ], [ 3.23303, 50.62571 ], [ 3.22648, 50.62419 ], [ 3.22368, 50.62607 ], [ 3.2188, 50.6267 ], [ 3.2132, 50.6316 ], [ 3.20796, 50.63264 ], [ 3.20636, 50.63576 ], [ 3.19132, 50.63817 ], [ 3.18921, 50.63936 ], [ 3.19089, 50.64244 ], [ 3.18792, 50.64417 ], [ 3.18579, 50.64211 ], [ 3.18414, 50.64245 ], [ 3.18131, 50.64064 ] ] } },
{ "type": "Feature", "properties": { "name": "Ruisseau de Sainghin", "weight_class": 1, "permanent": false, "length_km": 2.9 }, "geometry": { "type": "LineString", "coordinates": [ [ 3.15306, 50.59684 ], [ 3.15459, 50.59546 ], [ 3.15863, 50.59444 ], [ 3.15692, 50.59333 ], [ 3.15904, 50.59189 ], [ 3.16999, 50.59087 ], [ 3.17476, 50.58913 ], [ 3.18476, 50.58764 ] ] } },
{ "type": "Feature", "properties": { "name": "Ruisseau de Cysoing", "weight_class": 1, "permanent": false, "length_km": 8.8 }, "geometry": { "type": "LineString", "coordinates": [ [ 3.25729, 50.56865 ], [ 3.26097, 50.56693 ], [ 3.26081, 50.56535 ], [ 3.26325, 50.5637 ], [ 3.26317, 50.56236 ], [ 3.26149, 50.56164 ], [ 3.25768, 50.56113 ], [ 3.24753, 50.562 ], [ 3.24641, 50.5611 ], [ 3.24035, 50.56141 ], [ 3.23823, 50.5595 ], [ 3.22789, 50.55924 ], [ 3.22701, 50.56289 ], [ 3.22046, 50.56254 ], [ 3.21674, 50.56056 ], [ 3.20932, 50.56217 ], [ 3.20646, 50.56198 ], [ 3.20674, 50.56059 ], [ 3.203, 50.56056 ], [ 3.20203, 50.56298 ], [ 3.19502, 50.563 ], [ 3.19478, 50.56373 ], [ 3.19734, 50.56509 ], [ 3.19429, 50.56617 ], [ 3.19097, 50.56548 ], [ 3.18631, 50.56668 ], [ 3.1867, 50.5695 ] ] } },
{ "type": "Feature", "properties": { "name": "Courant des Planches", "weight_class": 1, "permanent": false, "length_km": 5.2 }, "geometry": { "type": "LineString", "coordinates": [ [ 3.2368, 50.53436 ], [ 3.23532, 50.53649 ], [ 3.22801, 50.53682 ], [ 3.2232, 50.5407 ], [ 3.22444, 50.54612 ], [ 3.22284, 50.54828 ], [ 3.21886, 50.54914 ], [ 3.21533, 50.54783 ], [ 3.21133, 50.54855 ], [ 3.20546, 50.54803 ], [ 3.20549, 50.55047 ], [ 3.19836, 50.54893 ], [ 3.19432, 50.5471 ], [ 3.19097, 50.54708 ] ] } },
{ "type": "Feature", "properties": { "name": "Ruisseau du Pont du Nid", "weight_class": 1, "permanent": false, "length_km": 10.5 }, "geometry": { "type": "MultiLineString", "coordinates": [ [ [ 3.23847, 50.51187 ], [ 3.23959, 50.51115 ], [ 3.24408, 50.51291 ], [ 3.25101, 50.51379 ], [ 3.25369, 50.51301 ], [ 3.25752, 50.5149 ], [ 3.26162, 50.51399 ], [ 3.26572, 50.51199 ], [ 3.26798, 50.50896 ], [ 3.27568, 50.50622 ], [ 3.28573, 50.50681 ] ], [ [ 3.28573, 50.50681 ], [ 3.28937, 50.50681 ] ], [ [ 3.28573, 50.50681 ], [ 3.28878, 50.50562 ], [ 3.29123, 50.5058 ], [ 3.29123, 50.50663 ] ], [ [ 3.28937, 50.50681 ], [ 3.29585, 50.50822 ], [ 3.29958, 50.50822 ], [ 3.30094, 50.50732 ], [ 3.30592, 50.50775 ], [ 3.3082, 50.50914 ], [ 3.30879, 50.50843 ], [ 3.31232, 50.50872 ], [ 3.31437, 50.5081 ] ], [ [ 3.28937, 50.50681 ], [ 3.29123, 50.50663 ] ], [ [ 3.29123, 50.50663 ], [ 3.29895, 50.50628 ], [ 3.30774, 50.50801 ], [ 3.31437, 50.5081 ] ], [ [ 3.31437, 50.5081 ], [ 3.31933, 50.50693 ], [ 3.32884, 50.50844 ] ] ] } },
{ "type": "Feature", "properties": { "name": "le Zécart", "weight_class": 1, "permanent": true, "length_km": 12.6 }, "geometry": { "type": "LineString", "coordinates": [ [ 3.13386, 50.48887 ], [ 3.13937, 50.49029 ], [ 3.1467, 50.49466 ], [ 3.14903, 50.49702 ], [ 3.1487, 50.49853 ], [ 3.15093, 50.4998 ], [ 3.15173, 50.4994 ], [ 3.15864, 50.50417 ], [ 3.16783, 50.50581 ], [ 3.1727, 50.508 ], [ 3.17697, 50.51153 ], [ 3.17677, 50.51264 ], [ 3.18082, 50.51424 ], [ 3.18283, 50.51813 ], [ 3.1845, 50.5175 ], [ 3.18592, 50.51877 ], [ 3.19182, 50.52044 ], [ 3.19202, 50.52141 ], [ 3.19597, 50.52223 ], [ 3.1988, 50.52457 ], [ 3.20148, 50.52476 ], [ 3.1996, 50.53192 ], [ 3.19994, 50.53468 ], [ 3.20217, 50.5376 ], [ 3.20164, 50.54187 ], [ 3.17672, 50.55455 ], [ 3.17387, 50.55757 ] ] } },
{ "type": "Feature", "properties": { "name": "Courant de l'Hôpital", "weight_class": 1, "permanent": true, "length_km": 30.3 }, "geometry": { "type": "LineString", "coordinates": [ [ 3.18732, 50.48693 ], [ 3.19077, 50.48509 ], [ 3.20299, 50.48795 ], [ 3.20915, 50.48853 ], [ 3.21636, 50.48713 ], [ 3.22, 50.48766 ], [ 3.2357, 50.48487 ], [ 3.24723, 50.48619 ], [ 3.25028, 50.48583 ], [ 3.26131, 50.48163 ], [ 3.26167, 50.47893 ], [ 3.25894, 50.47441 ], [ 3.26048, 50.47115 ], [ 3.26373, 50.46836 ], [ 3.26345, 50.46712 ], [ 3.26557, 50.46536 ], [ 3.27072, 50.46408 ], [ 3.27786, 50.4641 ], [ 3.28506, 50.46255 ], [ 3.28862, 50.45834 ], [ 3.28697, 50.45384 ], [ 3.29494, 50.44776 ], [ 3.29646, 50.44759 ], [ 3.29771, 50.4448 ], [ 3.30408, 50.44352 ], [ 3.30868, 50.44426 ], [ 3.31138, 50.44656 ], [ 3.3133, 50.44527 ], [ 3.31842, 50.44441 ], [ 3.32169, 50.44554 ], [ 3.32673, 50.44494 ], [ 3.32804, 50.4457 ], [ 3.33616, 50.44635 ], [ 3.33956, 50.44788 ], [ 3.34614, 50.4462 ], [ 3.34816, 50.44321 ], [ 3.35589, 50.44301 ], [ 3.35833, 50.43663 ], [ 3.36285, 50.43652 ], [ 3.36474, 50.43742 ], [ 3.36813, 50.43602 ], [ 3.37018, 50.4368 ], [ 3.37623, 50.43308 ], [ 3.37816, 50.43341 ], [ 3.39199, 50.4311 ], [ 3.39648, 50.43283 ], [ 3.40389, 50.43321 ], [ 3.41231, 50.43565 ], [ 3.4148, 50.43778 ], [ 3.41324, 50.43875 ], [ 3.41456, 50.44004 ], [ 3.4144, 50.44352 ], [ 3.41643, 50.44509 ], [ 3.41587, 50.44651 ], [ 3.41938, 50.44784 ], [ 3.42638, 50.456 ], [ 3.42501, 50.45878 ], [ 3.44045, 50.46397 ], [ 3.44555, 50.46441 ], [ 3.45186, 50.46633 ], [ 3.45609, 50.47182 ], [ 3.45997, 50.47412 ], [ 3.46289, 50.4841 ] ] } },
{ "type": "Feature", "properties": { "name": "Carpiere", "weight_class": 1, "permanent": true, "length_km": 2.3 }, "geometry": { "type": "LineString", "coordinates": [ [ 3.27008, 50.44643 ], [ 3.27497, 50.44373 ], [ 3.27883, 50.44414 ], [ 3.28126, 50.44783 ], [ 3.28492, 50.44823 ], [ 3.28681, 50.44945 ], [ 3.29, 50.44964 ], [ 3.29494, 50.44776 ] ] } },
{ "type": "Feature", "properties": { "name": "Courant du Houblon", "weight_class": 1, "permanent": true, "length_km": 2.4 }, "geometry": { "type": "LineString", "coordinates": [ [ 3.25443, 50.43957 ], [ 3.25706, 50.43754 ], [ 3.25456, 50.43475 ], [ 3.25427, 50.42773 ], [ 3.25714, 50.42709 ], [ 3.25811, 50.42491 ], [ 3.26053, 50.42419 ], [ 3.26041, 50.42269 ] ] } },
{ "type": "Feature", "properties": { "name": "Courant du Moulin", "weight_class": 1, "permanent": false, "length_km": 2.4 }, "geometry": { "type": "LineString", "coordinates": [ [ 3.28383, 50.37958 ], [ 3.28089, 50.37886 ], [ 3.28123, 50.37638 ], [ 3.26873, 50.37728 ], [ 3.26295, 50.37634 ], [ 3.26214, 50.37295 ] ] } },
{ "type": "Feature", "properties": { "name": null, "weight_class": 1, "permanent": true, "length_km": 2.5 }, "geometry": { "type": "LineString", "coordinates": [ [ 3.2393, 50.40676 ], [ 3.23797, 50.40564 ], [ 3.24027, 50.40203 ], [ 3.23176, 50.40237 ], [ 3.21805, 50.39992 ], [ 3.21717, 50.39775 ] ] } },
{ "type": "Feature", "properties": { "name": "le Marais", "weight_class": 1, "permanent": true, "length_km": 4.8 }, "geometry": { "type": "MultiLineString", "coordinates": [ [ [ 3.21619, 50.39181 ], [ 3.21311, 50.39154 ], [ 3.21188, 50.39001 ] ], [ [ 3.21845, 50.392 ], [ 3.21619, 50.39181 ] ], [ [ 3.21777, 50.39475 ], [ 3.21717, 50.39775 ], [ 3.21407, 50.39686 ], [ 3.21619, 50.39181 ] ], [ [ 3.21777, 50.39475 ], [ 3.21845, 50.392 ] ], [ [ 3.21777, 50.39475 ], [ 3.22182, 50.39323 ] ], [ [ 3.22854, 50.39075 ], [ 3.22706, 50.38999 ], [ 3.22399, 50.39025 ], [ 3.22223, 50.39069 ], [ 3.22167, 50.39197 ], [ 3.21988, 50.3921 ], [ 3.21845, 50.392 ] ], [ [ 3.22182, 50.39323 ], [ 3.2229, 50.39499 ], [ 3.22461, 50.39457 ], [ 3.2291, 50.39226 ], [ 3.22854, 50.39075 ] ], [ [ 3.22182, 50.39323 ], [ 3.22854, 50.39075 ] ] ] } },
{ "type": "Feature", "properties": { "name": null, "weight_class": 1, "permanent": false, "length_km": 3.5 }, "geometry": { "type": "LineString", "coordinates": [ [ 3.25525, 50.39202 ], [ 3.25839, 50.391 ], [ 3.25686, 50.38862 ], [ 3.27787, 50.38963 ], [ 3.2786, 50.39141 ], [ 3.28216, 50.39093 ], [ 3.28001, 50.40001 ] ] } },
{ "type": "Feature", "properties": { "name": null, "weight_class": 1, "permanent": true, "length_km": 3.7 }, "geometry": { "type": "LineString", "coordinates": [ [ 3.19947, 50.42476 ], [ 3.19993, 50.42379 ], [ 3.2031, 50.42347 ], [ 3.20447, 50.42361 ], [ 3.20513, 50.42504 ], [ 3.21312, 50.42444 ], [ 3.21988, 50.41699 ], [ 3.22004, 50.41421 ], [ 3.23613, 50.41592 ] ] } },
{ "type": "Feature", "properties": { "name": null, "weight_class": 1, "permanent": true, "length_km": 2.6 }, "geometry": { "type": "LineString", "coordinates": [ [ 3.23649, 50.42934 ], [ 3.23474, 50.4281 ], [ 3.23817, 50.42646 ], [ 3.23765, 50.42483 ], [ 3.23927, 50.42458 ], [ 3.23748, 50.42114 ], [ 3.23589, 50.42039 ], [ 3.23265, 50.42138 ], [ 3.23087, 50.42049 ], [ 3.23043, 50.41562 ] ] } },
{ "type": "Feature", "properties": { "name": null, "weight_class": 1, "permanent": false, "length_km": 3.7 }, "geometry": { "type": "MultiLineString", "coordinates": [ [ [ 3.2165, 50.40658 ], [ 3.21667, 50.40212 ], [ 3.20544, 50.40207 ], [ 3.20433, 50.4008 ] ], [ [ 3.20433, 50.4008 ], [ 3.20327, 50.39881 ], [ 3.20562, 50.39724 ], [ 3.20905, 50.39666 ], [ 3.21155, 50.39042 ] ], [ [ 3.21488, 50.39885 ], [ 3.20433, 50.4008 ] ] ] } },
{ "type": "Feature", "properties": { "name": null, "weight_class": 1, "permanent": true, "length_km": 2.7 }, "geometry": { "type": "LineString", "coordinates": [ [ 3.20844, 50.36661 ], [ 3.21031, 50.36765 ], [ 3.21126, 50.36716 ], [ 3.21551, 50.37063 ], [ 3.21414, 50.37191 ], [ 3.21441, 50.37621 ], [ 3.21277, 50.37993 ], [ 3.21663, 50.38523 ] ] } },
{ "type": "Feature", "properties": { "name": null, "weight_class": 1, "permanent": true, "length_km": 2.0 }, "geometry": { "type": "LineString", "coordinates": [ [ 3.21663, 50.38523 ], [ 3.20716, 50.38597 ], [ 3.20541, 50.38252 ], [ 3.1926, 50.38207 ] ] } },
{ "type": "Feature", "properties": { "name": "Marais des Six Villes", "weight_class": 1, "permanent": false, "length_km": 13.1 }, "geometry": { "type": "MultiLineString", "coordinates": [ [ [ 3.17233, 50.40969 ], [ 3.15873, 50.40848 ] ], [ [ 3.16199, 50.39585 ], [ 3.18632, 50.41143 ] ], [ [ 3.16243, 50.40075 ], [ 3.17233, 50.40969 ] ], [ [ 3.17233, 50.40969 ], [ 3.17454, 50.41127 ], [ 3.17788, 50.40965 ], [ 3.18139, 50.41254 ] ], [ [ 3.17414, 50.39834 ], [ 3.19255, 50.4103 ] ], [ [ 3.19825, 50.40927 ], [ 3.1776, 50.39547 ] ], [ [ 3.18159, 50.39353 ], [ 3.20309, 50.4084 ] ], [ [ 3.20479, 50.40137 ], [ 3.19988, 50.40177 ], [ 3.20787, 50.40755 ] ] ] } },
{ "type": "Feature", "properties": { "name": null, "weight_class": 1, "permanent": false, "length_km": 2.0 }, "geometry": { "type": "MultiLineString", "coordinates": [ [ [ 3.22629, 50.36058 ], [ 3.22355, 50.36268 ] ], [ [ 3.22629, 50.36058 ], [ 3.23281, 50.35704 ], [ 3.23409, 50.35781 ], [ 3.23316, 50.35858 ], [ 3.23429, 50.35988 ], [ 3.22907, 50.36187 ], [ 3.22629, 50.36058 ] ] ] } },
{ "type": "Feature", "properties": { "name": null, "weight_class": 1, "permanent": false, "length_km": 2.2 }, "geometry": { "type": "LineString", "coordinates": [ [ 3.1688, 50.29802 ], [ 3.17545, 50.29746 ], [ 3.17567, 50.29553 ], [ 3.17985, 50.2969 ], [ 3.18019, 50.29805 ], [ 3.1694, 50.29941 ], [ 3.1688, 50.29802 ] ] } },
{ "type": "Feature", "properties": { "name": "Marais d'Aubigny", "weight_class": 1, "permanent": true, "length_km": 3.3 }, "geometry": { "type": "MultiLineString", "coordinates": [ [ [ 3.13818, 50.26542 ], [ 3.15052, 50.26501 ] ], [ [ 3.1409, 50.26907 ], [ 3.14263, 50.26909 ], [ 3.14576, 50.26691 ], [ 3.15189, 50.26799 ] ], [ [ 3.15052, 50.26501 ], [ 3.15417, 50.26486 ] ], [ [ 3.15189, 50.26799 ], [ 3.15052, 50.26501 ] ], [ [ 3.15826, 50.27321 ], [ 3.15189, 50.26799 ] ] ] } },
{ "type": "Feature", "properties": { "name": null, "weight_class": 2, "permanent": true, "length_km": 2.1 }, "geometry": { "type": "LineString", "coordinates": [ [ 3.26617, 50.2178 ], [ 3.27165, 50.21939 ], [ 3.27487, 50.2185 ], [ 3.27553, 50.21928 ], [ 3.27662, 50.21797 ], [ 3.2798, 50.22334 ], [ 3.28386, 50.22425 ], [ 3.28554, 50.22382 ] ] } },
{ "type": "Feature", "properties": { "name": "Pichard", "weight_class": 1, "permanent": true, "length_km": 2.7 }, "geometry": { "type": "LineString", "coordinates": [ [ 3.18052, 50.14069 ], [ 3.1752, 50.14792 ], [ 3.18089, 50.15425 ], [ 3.18422, 50.15439 ], [ 3.18293, 50.1503 ], [ 3.18433, 50.14855 ] ] } },
{ "type": "Feature", "properties": { "name": "le Riot Chantrain", "weight_class": 1, "permanent": true, "length_km": 3.8 }, "geometry": { "type": "LineString", "coordinates": [ [ 3.27895, 50.07214 ], [ 3.27599, 50.07707 ], [ 3.27157, 50.07884 ], [ 3.26828, 50.08216 ], [ 3.26745, 50.09641 ], [ 3.2691, 50.09696 ], [ 3.27023, 50.09987 ], [ 3.26933, 50.10082 ], [ 3.26692, 50.10077 ] ] } },
{ "type": "Feature", "properties": { "name": "le Bosquet", "weight_class": 1, "permanent": true, "length_km": 3.7 }, "geometry": { "type": "LineString", "coordinates": [ [ 3.20803, 50.0699 ], [ 3.21037, 50.07535 ], [ 3.21678, 50.07527 ], [ 3.21815, 50.076 ], [ 3.21752, 50.07662 ], [ 3.21989, 50.07897 ], [ 3.21926, 50.08304 ], [ 3.22219, 50.08549 ], [ 3.22942, 50.08729 ], [ 3.23692, 50.09092 ] ] } },
{ "type": "Feature", "properties": { "name": "Courant de Coutiches Aval", "weight_class": 1, "permanent": true, "length_km": 3.9 }, "geometry": { "type": "LineString", "coordinates": [ [ 3.23613, 50.41592 ], [ 3.24046, 50.41709 ], [ 3.24359, 50.42021 ], [ 3.25284, 50.42043 ], [ 3.25704, 50.42283 ], [ 3.26291, 50.42248 ], [ 3.26531, 50.42095 ], [ 3.28464, 50.41906 ] ] } },
{ "type": "Feature", "properties": { "name": "Courant des Fientons", "weight_class": 1, "permanent": true, "length_km": 2.0 }, "geometry": { "type": "LineString", "coordinates": [ [ 3.22813, 50.38059 ], [ 3.22528, 50.38056 ], [ 3.2251, 50.38123 ], [ 3.23834, 50.38444 ], [ 3.24838, 50.38554 ] ] } },
{ "type": "Feature", "properties": { "name": "Fossé le Bouchard", "weight_class": 1, "permanent": true, "length_km": 6.5 }, "geometry": { "type": "LineString", "coordinates": [ [ 3.15678, 50.39414 ], [ 3.16515, 50.39323 ], [ 3.1745, 50.38681 ], [ 3.17528, 50.38739 ], [ 3.17667, 50.38678 ], [ 3.17967, 50.38272 ], [ 3.18323, 50.38155 ], [ 3.19837, 50.38282 ], [ 3.2075, 50.38654 ], [ 3.21671, 50.38563 ], [ 3.21688, 50.38877 ], [ 3.22997, 50.38802 ] ] } },
{ "type": "Feature", "properties": { "name": "Marichon", "weight_class": 1, "permanent": true, "length_km": 9.7 }, "geometry": { "type": "LineString", "coordinates": [ [ 3.17223, 50.42807 ], [ 3.17244, 50.42636 ], [ 3.17705, 50.42554 ], [ 3.17874, 50.42092 ], [ 3.17762, 50.42048 ], [ 3.17608, 50.42147 ], [ 3.17462, 50.42078 ], [ 3.17303, 50.41558 ], [ 3.17174, 50.41485 ], [ 3.21392, 50.40655 ], [ 3.2384, 50.40722 ], [ 3.27408, 50.41079 ] ] } },
{ "type": "Feature", "properties": { "name": "Marais des Six Villes", "weight_class": 1, "permanent": false, "length_km": 5.4 }, "geometry": { "type": "LineString", "coordinates": [ [ 3.15163, 50.40166 ], [ 3.15457, 50.40213 ], [ 3.16108, 50.40565 ], [ 3.16807, 50.40726 ], [ 3.17459, 50.40384 ], [ 3.19988, 50.40177 ], [ 3.18428, 50.39103 ] ] } },
{ "type": "Feature", "properties": { "name": "Raches Aval", "weight_class": 1, "permanent": true, "length_km": 12.9 }, "geometry": { "type": "MultiLineString", "coordinates": [ [ [ 3.11223, 50.40696 ], [ 3.11395, 50.40686 ], [ 3.11959, 50.40987 ], [ 3.13183, 50.41374 ], [ 3.13999, 50.41041 ], [ 3.14725, 50.41122 ], [ 3.15032, 50.41304 ], [ 3.15891, 50.41244 ], [ 3.16295, 50.41384 ], [ 3.17125, 50.41474 ], [ 3.21414, 50.40636 ], [ 3.23414, 50.4074 ], [ 3.23804, 50.40688 ] ], [ [ 3.23825, 50.40693 ], [ 3.24787, 50.40744 ], [ 3.26119, 50.40637 ], [ 3.27372, 50.4084 ], [ 3.27837, 50.40581 ] ] ] } },
{ "type": "Feature", "properties": { "name": "Godion", "weight_class": 1, "permanent": true, "length_km": 4.7 }, "geometry": { "type": "LineString", "coordinates": [ [ 3.12835, 50.38054 ], [ 3.12845, 50.38777 ], [ 3.1294, 50.38805 ], [ 3.12791, 50.3907 ], [ 3.13051, 50.39416 ], [ 3.13802, 50.39529 ], [ 3.14055, 50.39484 ], [ 3.1428, 50.39897 ], [ 3.147, 50.40064 ], [ 3.14915, 50.40013 ], [ 3.15183, 50.40152 ], [ 3.16164, 50.39558 ] ] } },
{ "type": "Feature", "properties": { "name": "Cavin", "weight_class": 1, "permanent": false, "length_km": 6.7 }, "geometry": { "type": "LineString", "coordinates": [ [ 3.27444, 50.3393 ], [ 3.27767, 50.34303 ], [ 3.28062, 50.35112 ], [ 3.28532, 50.35511 ], [ 3.28608, 50.35768 ], [ 3.28789, 50.35835 ], [ 3.28688, 50.36187 ], [ 3.28941, 50.36766 ], [ 3.28404, 50.36986 ], [ 3.27951, 50.37003 ], [ 3.28383, 50.37958 ], [ 3.28646, 50.3808 ], [ 3.28555, 50.38977 ] ] } },
{ "type": "Feature", "properties": { "name": "Courant de Larrentis", "weight_class": 1, "permanent": false, "length_km": 3.8 }, "geometry": { "type": "MultiLineString", "coordinates": [ [ [ 3.25489, 50.38136 ], [ 3.24954, 50.38592 ] ], [ [ 3.25489, 50.38136 ], [ 3.25398, 50.38258 ] ], [ [ 3.25644, 50.35947 ], [ 3.25577, 50.36511 ], [ 3.25962, 50.37131 ], [ 3.25615, 50.37399 ], [ 3.25563, 50.37595 ], [ 3.2541, 50.37663 ], [ 3.25479, 50.3772 ], [ 3.25154, 50.37842 ], [ 3.25489, 50.38136 ] ] ] } },
{ "type": "Feature", "properties": { "name": "Courant de Masny", "weight_class": 1, "permanent": true, "length_km": 3.9 }, "geometry": { "type": "LineString", "coordinates": [ [ 3.19481, 50.34268 ], [ 3.19644, 50.34393 ], [ 3.19446, 50.34473 ], [ 3.19542, 50.3454 ], [ 3.1942, 50.34814 ], [ 3.19059, 50.34891 ], [ 3.19276, 50.35132 ], [ 3.19192, 50.35418 ], [ 3.1928, 50.35553 ], [ 3.19528, 50.35794 ], [ 3.19878, 50.35832 ], [ 3.21163, 50.36654 ] ] } },
{ "type": "Feature", "properties": { "name": "Bay", "weight_class": 1, "permanent": true, "length_km": 4.3 }, "geometry": { "type": "LineString", "coordinates": [ [ 3.16836, 50.35799 ], [ 3.15788, 50.36198 ], [ 3.15994, 50.36489 ], [ 3.15922, 50.36643 ], [ 3.15624, 50.3617 ], [ 3.15162, 50.36601 ], [ 3.1507, 50.36737 ], [ 3.15503, 50.37599 ], [ 3.15171, 50.37901 ] ] } },
{ "type": "Feature", "properties": { "name": "Bouchard", "weight_class": 2, "permanent": true, "length_km": 8.3 }, "geometry": { "type": "LineString", "coordinates": [ [ 3.12835, 50.38054 ], [ 3.1268, 50.37776 ], [ 3.11986, 50.37441 ], [ 3.11859, 50.37193 ], [ 3.11999, 50.36796 ], [ 3.12333, 50.36634 ], [ 3.12282, 50.36473 ], [ 3.12492, 50.36238 ], [ 3.13038, 50.35997 ], [ 3.13257, 50.36271 ], [ 3.13208, 50.36507 ], [ 3.15171, 50.37901 ], [ 3.1509, 50.38783 ], [ 3.15635, 50.39016 ], [ 3.15636, 50.39422 ], [ 3.16103, 50.3948 ], [ 3.16164, 50.39558 ] ] } },
{ "type": "Feature", "properties": { "name": "Courant du Rivage", "weight_class": 1, "permanent": true, "length_km": 3.6 }, "geometry": { "type": "LineString", "coordinates": [ [ 3.2529, 50.36417 ], [ 3.25324, 50.36342 ], [ 3.24832, 50.35939 ], [ 3.24376, 50.36111 ], [ 3.23962, 50.36001 ], [ 3.23373, 50.36219 ], [ 3.23089, 50.36397 ], [ 3.22687, 50.37498 ], [ 3.2253, 50.37532 ] ] } },
{ "type": "Feature", "properties": { "name": "Courant de Lewarde", "weight_class": 1, "permanent": true, "length_km": 2.8 }, "geometry": { "type": "LineString", "coordinates": [ [ 3.17371, 50.3349 ], [ 3.17876, 50.33949 ], [ 3.18186, 50.34485 ], [ 3.18497, 50.3466 ], [ 3.18462, 50.34754 ], [ 3.18837, 50.34732 ], [ 3.19064, 50.35129 ], [ 3.18984, 50.35179 ], [ 3.19265, 50.3533 ] ] } },
{ "type": "Feature", "properties": { "name": "Ecaillon ou Scarpe", "weight_class": 1, "permanent": true, "length_km": 8.7 }, "geometry": { "type": "LineString", "coordinates": [ [ 3.24338, 50.35156 ], [ 3.22624, 50.34559 ], [ 3.22152, 50.34619 ], [ 3.22079, 50.3489 ], [ 3.21912, 50.34918 ], [ 3.21918, 50.35138 ], [ 3.22246, 50.35566 ], [ 3.2188, 50.35866 ], [ 3.21699, 50.3589 ], [ 3.2136, 50.36553 ], [ 3.2116, 50.36644 ], [ 3.21668, 50.36935 ], [ 3.21781, 50.37455 ], [ 3.22082, 50.37361 ], [ 3.22522, 50.37508 ], [ 3.22588, 50.37781 ], [ 3.22303, 50.37983 ], [ 3.22168, 50.37955 ], [ 3.22103, 50.3839 ], [ 3.23007, 50.3865 ], [ 3.22997, 50.38802 ], [ 3.23445, 50.38874 ] ] } },
{ "type": "Feature", "properties": { "name": "Naville Tortue", "weight_class": 1, "permanent": true, "length_km": 8.2 }, "geometry": { "type": "LineString", "coordinates": [ [ 3.20929, 50.30209 ], [ 3.2106, 50.2984 ], [ 3.21603, 50.29546 ], [ 3.21448, 50.29391 ], [ 3.22217, 50.29107 ], [ 3.22955, 50.29017 ], [ 3.23422, 50.28809 ], [ 3.24507, 50.28707 ], [ 3.25183, 50.2847 ], [ 3.27209, 50.28621 ], [ 3.27995, 50.28492 ], [ 3.28664, 50.28539 ], [ 3.2915, 50.28128 ], [ 3.29973, 50.27789 ] ] } },
{ "type": "Feature", "properties": { "name": "Ravin de Bantigny la Racine", "weight_class": 1, "permanent": false, "length_km": 8.2 }, "geometry": { "type": "LineString", "coordinates": [ [ 3.18544, 50.213 ], [ 3.20719, 50.22075 ], [ 3.21902, 50.22298 ], [ 3.24413, 50.23947 ], [ 3.25068, 50.24751 ], [ 3.24981, 50.25371 ], [ 3.25072, 50.25417 ], [ 3.24944, 50.2568 ], [ 3.24604, 50.25897 ], [ 3.24165, 50.25865 ] ] } },
{ "type": "Feature", "properties": { "name": "Rasse", "weight_class": 1, "permanent": true, "length_km": 4.3 }, "geometry": { "type": "LineString", "coordinates": [ [ 3.26878, 50.1988 ], [ 3.27223, 50.20219 ], [ 3.27639, 50.20325 ], [ 3.27606, 50.20453 ], [ 3.27716, 50.20473 ], [ 3.27952, 50.2123 ], [ 3.27742, 50.21353 ], [ 3.27729, 50.21518 ], [ 3.28062, 50.21759 ], [ 3.27914, 50.21879 ], [ 3.28757, 50.22163 ], [ 3.28713, 50.22236 ], [ 3.28934, 50.22389 ], [ 3.29188, 50.22444 ], [ 3.29196, 50.22568 ] ] } },
{ "type": "Feature", "properties": { "name": "Contre-Fossé Rive Gauche du Canal de St-Quentin", "weight_class": 1, "permanent": true, "length_km": 3.9 }, "geometry": { "type": "LineString", "coordinates": [ [ 3.18537, 50.15852 ], [ 3.18738, 50.16402 ], [ 3.2186, 50.1718 ], [ 3.22009, 50.17332 ], [ 3.2198, 50.17625 ], [ 3.22233, 50.17778 ] ] } },
{ "type": "Feature", "properties": { "name": "Canal de St-Quentin vers l'Escaut Canalisée", "weight_class": 3, "permanent": true, "length_km": 25.2 }, "geometry": { "type": "LineString", "coordinates": [ [ 3.19747, 50.02778 ], [ 3.19622, 50.03234 ], [ 3.20294, 50.03792 ], [ 3.19833, 50.04205 ], [ 3.20257, 50.04629 ], [ 3.19662, 50.051 ], [ 3.19614, 50.05358 ], [ 3.20109, 50.05912 ], [ 3.20247, 50.0662 ], [ 3.20716, 50.07039 ], [ 3.20654, 50.0752 ], [ 3.21047, 50.07747 ], [ 3.21655, 50.0771 ], [ 3.21882, 50.07781 ], [ 3.21902, 50.08319 ], [ 3.22128, 50.08511 ], [ 3.22926, 50.08752 ], [ 3.2428, 50.09398 ], [ 3.24829, 50.09937 ], [ 3.24165, 50.10594 ], [ 3.22805, 50.10739 ], [ 3.21982, 50.10712 ], [ 3.21458, 50.11199 ], [ 3.20762, 50.11387 ], [ 3.20125, 50.11726 ], [ 3.19483, 50.11736 ], [ 3.18359, 50.11578 ], [ 3.1797, 50.11814 ], [ 3.17998, 50.12018 ], [ 3.19373, 50.13416 ], [ 3.19158, 50.13892 ], [ 3.1861, 50.14321 ], [ 3.18555, 50.14773 ], [ 3.18358, 50.15058 ], [ 3.18836, 50.16301 ], [ 3.19199, 50.16505 ], [ 3.21918, 50.17178 ], [ 3.22171, 50.1762 ] ] } },
{ "type": "Feature", "properties": { "name": "Rivière Escaut", "weight_class": 1, "permanent": true, "length_km": 30.1 }, "geometry": { "type": "LineString", "coordinates": [ [ 3.20043, 50.01952 ], [ 3.20348, 50.02265 ], [ 3.1999, 50.02489 ], [ 3.20052, 50.03027 ], [ 3.19667, 50.03226 ], [ 3.20322, 50.03749 ], [ 3.20317, 50.03868 ], [ 3.19922, 50.04176 ], [ 3.20415, 50.04592 ], [ 3.20299, 50.04907 ], [ 3.1975, 50.05088 ], [ 3.19682, 50.05344 ], [ 3.20293, 50.05845 ], [ 3.20259, 50.06439 ], [ 3.20855, 50.06956 ], [ 3.21096, 50.0746 ], [ 3.22109, 50.07633 ], [ 3.22395, 50.07965 ], [ 3.22289, 50.08139 ], [ 3.22415, 50.08311 ], [ 3.22722, 50.0851 ], [ 3.23466, 50.08752 ], [ 3.23686, 50.08911 ], [ 3.23694, 50.09093 ], [ 3.24949, 50.09716 ], [ 3.24844, 50.10095 ], [ 3.2515, 50.10231 ], [ 3.24737, 50.10457 ], [ 3.23814, 50.1074 ], [ 3.23415, 50.1074 ], [ 3.23304, 50.10607 ], [ 3.2276, 50.10711 ], [ 3.21829, 50.10638 ], [ 3.21452, 50.11139 ], [ 3.20741, 50.11356 ], [ 3.20024, 50.11706 ], [ 3.18436, 50.1153 ], [ 3.18105, 50.11596 ], [ 3.17835, 50.11756 ], [ 3.17911, 50.12186 ], [ 3.17517, 50.12411 ], [ 3.18, 50.12507 ], [ 3.18832, 50.13077 ], [ 3.18639, 50.13141 ], [ 3.18758, 50.13469 ], [ 3.18321, 50.14029 ], [ 3.18167, 50.14618 ], [ 3.18304, 50.14813 ], [ 3.18544, 50.14899 ], [ 3.18605, 50.15223 ], [ 3.18816, 50.15425 ], [ 3.18629, 50.15598 ], [ 3.18972, 50.16329 ], [ 3.19361, 50.16493 ], [ 3.19776, 50.16391 ], [ 3.2019, 50.16467 ], [ 3.20796, 50.16413 ], [ 3.22059, 50.16942 ], [ 3.22445, 50.17837 ], [ 3.23002, 50.18165 ], [ 3.22907, 50.18452 ] ] } },
{ "type": "Feature", "properties": { "name": "l'Eauette", "weight_class": 1, "permanent": true, "length_km": 2.1 }, "geometry": { "type": "LineString", "coordinates": [ [ 3.16131, 50.1117 ], [ 3.1612, 50.11623 ], [ 3.1658, 50.11715 ], [ 3.17195, 50.12268 ], [ 3.17517, 50.12407 ] ] } },
{ "type": "Feature", "properties": { "name": "Banteux", "weight_class": 1, "permanent": false, "length_km": 2.4 }, "geometry": { "type": "LineString", "coordinates": [ [ 3.19868, 50.04203 ], [ 3.20308, 50.04666 ], [ 3.19704, 50.05108 ], [ 3.19659, 50.05347 ], [ 3.20219, 50.06003 ] ] } },
{ "type": "Feature", "properties": { "name": null, "weight_class": 1, "permanent": true, "length_km": 3.2 }, "geometry": { "type": "LineString", "coordinates": [ [ 3.20019, 50.01655 ], [ 3.19556, 50.03233 ], [ 3.20254, 50.03816 ], [ 3.19857, 50.03983 ], [ 3.19861, 50.04108 ] ] } },
{ "type": "Feature", "properties": { "name": "le Corbeau", "weight_class": 1, "permanent": true, "length_km": 2.3 }, "geometry": { "type": "LineString", "coordinates": [ [ 3.0033, 50.65784 ], [ 3.01056, 50.65966 ], [ 3.01795, 50.66381 ], [ 3.01766, 50.66539 ], [ 3.01878, 50.66592 ], [ 3.01762, 50.66911 ], [ 3.01965, 50.67214 ] ] } },
{ "type": "Feature", "properties": { "name": "Prez", "weight_class": 1, "permanent": false, "length_km": 2.3 }, "geometry": { "type": "LineString", "coordinates": [ [ 3.0747, 50.52108 ], [ 3.0848, 50.51709 ], [ 3.09851, 50.51679 ], [ 3.10156, 50.51456 ] ] } },
{ "type": "Feature", "properties": { "name": "la Planque", "weight_class": 1, "permanent": false, "length_km": 2.4 }, "geometry": { "type": "LineString", "coordinates": [ [ 3.13963, 50.51403 ], [ 3.13547, 50.51616 ], [ 3.13465, 50.51807 ], [ 3.13187, 50.51813 ], [ 3.12763, 50.52028 ], [ 3.12678, 50.5251 ], [ 3.12104, 50.52704 ] ] } },
{ "type": "Feature", "properties": { "name": "Courant du Pont Tissard", "weight_class": 1, "permanent": false, "length_km": 3.8 }, "geometry": { "type": "LineString", "coordinates": [ [ 3.1614, 50.53804 ], [ 3.15935, 50.53675 ], [ 3.15709, 50.53892 ], [ 3.15055, 50.53629 ], [ 3.14675, 50.53779 ], [ 3.13924, 50.53771 ], [ 3.1421, 50.52999 ], [ 3.13487, 50.52507 ] ] } },
{ "type": "Feature", "properties": { "name": null, "weight_class": 1, "permanent": false, "length_km": 4.3 }, "geometry": { "type": "LineString", "coordinates": [ [ 3.13093, 50.55259 ], [ 3.12608, 50.55255 ], [ 3.1142, 50.55018 ], [ 3.11401, 50.55096 ], [ 3.1258, 50.5536 ], [ 3.13697, 50.55295 ], [ 3.14271, 50.55447 ], [ 3.15314, 50.55477 ] ] } },
{ "type": "Feature", "properties": { "name": "le Héron", "weight_class": 1, "permanent": true, "length_km": 2.2 }, "geometry": { "type": "LineString", "coordinates": [ [ 3.14236, 50.63563 ], [ 3.15184, 50.63632 ], [ 3.15671, 50.63509 ], [ 3.16167, 50.63735 ], [ 3.17029, 50.63454 ] ] } },
{ "type": "Feature", "properties": { "name": "Fossé des Moines", "weight_class": 1, "permanent": false, "length_km": 2.9 }, "geometry": { "type": "LineString", "coordinates": [ [ 3.0097, 50.51074 ], [ 3.00383, 50.51327 ], [ 3.00094, 50.51602 ], [ 3.0036, 50.51753 ], [ 3.00073, 50.52314 ], [ 3.01157, 50.52952 ] ] } },
{ "type": "Feature", "properties": { "name": "la Becque", "weight_class": 1, "permanent": true, "length_km": 5.1 }, "geometry": { "type": "LineString", "coordinates": [ [ 3.02814, 50.58147 ], [ 3.02488, 50.57934 ], [ 3.0125, 50.58161 ], [ 3.00986, 50.57793 ], [ 2.98687, 50.58235 ], [ 2.98742, 50.587 ], [ 2.9834, 50.59071 ], [ 2.98518, 50.59207 ], [ 2.98118, 50.59491 ] ] } },
{ "type": "Feature", "properties": { "name": "Harponlieu", "weight_class": 1, "permanent": true, "length_km": 2.6 }, "geometry": { "type": "LineString", "coordinates": [ [ 3.01837, 50.44809 ], [ 3.02034, 50.44765 ], [ 3.02063, 50.44595 ], [ 3.02175, 50.44696 ], [ 3.02318, 50.44613 ], [ 3.02475, 50.44746 ], [ 3.0267, 50.44659 ], [ 3.02626, 50.44541 ], [ 3.0294, 50.44668 ], [ 3.03065, 50.44541 ], [ 3.03164, 50.44677 ], [ 3.03016, 50.44775 ], [ 3.03253, 50.45231 ] ] } },
{ "type": "Feature", "properties": { "name": "Château du Liez", "weight_class": 1, "permanent": true, "length_km": 2.4 }, "geometry": { "type": "LineString", "coordinates": [ [ 3.10421, 50.45377 ], [ 3.10525, 50.45242 ], [ 3.10991, 50.45057 ], [ 3.11611, 50.45065 ], [ 3.1226, 50.4494 ], [ 3.12865, 50.44364 ] ] } },
{ "type": "Feature", "properties": { "name": "la Blanche Bannière", "weight_class": 1, "permanent": true, "length_km": 3.8 }, "geometry": { "type": "LineString", "coordinates": [ [ 3.0534, 50.75738 ], [ 3.05924, 50.75267 ], [ 3.05291, 50.75071 ], [ 3.04871, 50.7477 ], [ 3.04732, 50.7489 ], [ 3.03751, 50.74644 ], [ 3.03449, 50.75019 ], [ 3.03317, 50.75026 ], [ 3.02786, 50.75434 ] ] } },
{ "type": "Feature", "properties": { "name": "Rivière la Lys", "weight_class": 3, "permanent": true, "length_km": 2.0 }, "geometry": { "type": "LineString", "coordinates": [ [ 3.0185, 50.77316 ], [ 3.02437, 50.77087 ], [ 3.03351, 50.7698 ], [ 3.03737, 50.77162 ], [ 3.03964, 50.7757 ] ] } },
{ "type": "Feature", "properties": { "name": null, "weight_class": 1, "permanent": false, "length_km": 16.5 }, "geometry": { "type": "MultiLineString", "coordinates": [ [ [ 3.01333, 50.71276 ], [ 3.012, 50.71291 ], [ 3.00635, 50.70921 ] ], [ [ 3.01896, 50.72204 ], [ 3.01481, 50.71715 ], [ 3.01333, 50.71276 ] ], [ [ 3.02174, 50.71281 ], [ 3.01424, 50.71078 ], [ 3.01333, 50.71276 ] ], [ [ 3.02634, 50.72503 ], [ 3.02516, 50.72599 ], [ 3.0276, 50.72811 ], [ 3.02327, 50.73064 ], [ 3.01896, 50.72204 ] ], [ [ 3.02634, 50.72503 ], [ 3.02215, 50.72245 ], [ 3.02061, 50.72205 ], [ 3.01973, 50.72201 ], [ 3.01896, 50.72204 ] ], [ [ 3.02743, 50.71624 ], [ 3.02174, 50.71281 ] ], [ [ 3.03024, 50.70933 ], [ 3.02856, 50.71026 ], [ 3.02772, 50.70939 ], [ 3.02722, 50.71032 ], [ 3.02516, 50.7096 ], [ 3.02174, 50.71281 ] ], [ [ 3.04175, 50.72535 ], [ 3.04024, 50.72687 ], [ 3.04129, 50.72762 ], [ 3.03593, 50.73073 ], [ 3.03431, 50.72967 ], [ 3.03201, 50.7299 ], [ 3.02634, 50.72503 ] ], [ [ 3.03224, 50.70893 ], [ 3.03525, 50.71066 ], [ 3.03439, 50.71552 ], [ 3.03179, 50.71714 ], [ 3.02743, 50.71624 ] ], [ [ 3.04175, 50.72535 ], [ 3.03048, 50.72194 ], [ 3.03199, 50.72033 ], [ 3.02693, 50.71716 ], [ 3.02743, 50.71624 ] ], [ [ 3.04668, 50.72366 ], [ 3.04175, 50.72535 ] ], [ [ 3.05588, 50.7217 ], [ 3.05789, 50.72023 ], [ 3.05633, 50.71891 ], [ 3.05291, 50.71738 ], [ 3.0456, 50.71676 ], [ 3.04472, 50.71944 ], [ 3.0426, 50.72107 ], [ 3.0464, 50.72236 ], [ 3.04668, 50.72366 ] ], [ [ 3.06162, 50.7248 ], [ 3.05984, 50.72404 ], [ 3.05879, 50.72507 ], [ 3.05418, 50.72372 ], [ 3.05334, 50.72441 ], [ 3.04874, 50.72331 ], [ 3.04668, 50.72366 ] ] ] } },
{ "type": "Feature", "properties": { "name": null, "weight_class": 1, "permanent": true, "length_km": 2.8 }, "geometry": { "type": "LineString", "coordinates": [ [ 3.01845, 50.68382 ], [ 3.02133, 50.68554 ], [ 3.02119, 50.68671 ], [ 3.02561, 50.68903 ], [ 3.02788, 50.68733 ], [ 3.03009, 50.68757 ], [ 3.03264, 50.68506 ], [ 3.03357, 50.68545 ], [ 3.03735, 50.6833 ], [ 3.03124, 50.68042 ] ] } },
{ "type": "Feature", "properties": { "name": "Ferme des Deux Treilles", "weight_class": 1, "permanent": true, "length_km": 4.6 }, "geometry": { "type": "LineString", "coordinates": [ [ 3.00441, 50.73668 ], [ 2.9999, 50.73383 ], [ 2.98855, 50.73066 ], [ 2.98442, 50.73179 ], [ 2.9771, 50.7311 ], [ 2.97714, 50.73351 ], [ 2.97375, 50.73456 ], [ 2.96321, 50.72725 ], [ 2.9644, 50.72254 ] ] } },
{ "type": "Feature", "properties": { "name": "Becque de Prés Bévin", "weight_class": 1, "permanent": true, "length_km": 5.7 }, "geometry": { "type": "LineString", "coordinates": [ [ 3.09658, 50.72642 ], [ 3.09501, 50.72545 ], [ 3.08616, 50.72458 ], [ 3.08194, 50.72279 ], [ 3.07858, 50.72282 ], [ 3.06991, 50.71958 ], [ 3.06765, 50.72054 ], [ 3.06582, 50.71957 ], [ 3.06883, 50.71551 ], [ 3.06592, 50.71479 ], [ 3.06607, 50.71372 ], [ 3.06429, 50.71311 ], [ 3.0632, 50.7137 ], [ 3.05868, 50.7127 ], [ 3.05868, 50.71122 ], [ 3.05593, 50.70872 ], [ 3.05292, 50.70741 ], [ 3.05174, 50.70875 ], [ 3.04659, 50.70468 ] ] } },
{ "type": "Feature", "properties": { "name": "Citadelle", "weight_class": 1, "permanent": true, "length_km": 3.3 }, "geometry": { "type": "MultiLineString", "coordinates": [ [ [ 3.04351, 50.63896 ], [ 3.0471, 50.63889 ], [ 3.04838, 50.64169 ], [ 3.04512, 50.64307 ] ], [ [ 3.04512, 50.64307 ], [ 3.04429, 50.64356 ], [ 3.04054, 50.64165 ], [ 3.04221, 50.63876 ], [ 3.04351, 50.63896 ] ], [ [ 3.04512, 50.64307 ], [ 3.0442, 50.64438 ], [ 3.03925, 50.64178 ], [ 3.04155, 50.63815 ], [ 3.04351, 50.63896 ] ] ] } },
{ "type": "Feature", "properties": { "name": "Canal de la Deûle", "weight_class": 3, "permanent": true, "length_km": 2.2 }, "geometry": { "type": "LineString", "coordinates": [ [ 3.03685, 50.63882 ], [ 3.0435, 50.63662 ], [ 3.05218, 50.63858 ], [ 3.05247, 50.64285 ], [ 3.04844, 50.64614 ] ] } },
{ "type": "Feature", "properties": { "name": "Becque de Marcq", "weight_class": 1, "permanent": true, "length_km": 4.5 }, "geometry": { "type": "LineString", "coordinates": [ [ 3.11362, 50.71001 ], [ 3.11064, 50.70075 ], [ 3.10696, 50.6991 ], [ 3.10723, 50.69788 ], [ 3.10541, 50.69614 ], [ 3.10615, 50.69299 ], [ 3.10022, 50.68831 ], [ 3.10085, 50.68781 ], [ 3.09545, 50.68502 ], [ 3.09682, 50.68117 ], [ 3.09964, 50.6786 ], [ 3.09875, 50.6773 ] ] } },
{ "type": "Feature", "properties": { "name": "la Lys", "weight_class": 3, "permanent": true, "length_km": 43.6 }, "geometry": { "type": "MultiLineString", "coordinates": [ [ [ 2.45473, 50.65062 ], [ 2.46596, 50.64604 ], [ 2.46842, 50.64318 ] ], [ [ 2.48607, 50.63292 ], [ 2.49453, 50.63182 ] ], [ [ 2.50721, 50.63407 ], [ 2.5233, 50.64045 ] ], [ [ 2.53633, 50.63282 ], [ 2.54138, 50.62913 ], [ 2.54813, 50.62622 ], [ 2.5553, 50.62588 ] ], [ [ 2.55886, 50.62753 ], [ 2.56617, 50.6308 ] ], [ [ 2.57024, 50.63169 ], [ 2.58505, 50.63496 ], [ 2.59019, 50.63518 ] ], [ [ 2.5915, 50.63523 ], [ 2.62351, 50.63575 ], [ 2.63439, 50.63803 ], [ 2.63699, 50.63982 ], [ 2.65111, 50.6378 ], [ 2.66096, 50.63809 ], [ 2.68125, 50.64171 ], [ 2.69047, 50.64025 ], [ 2.69646, 50.64283 ], [ 2.71085, 50.63901 ], [ 2.72535, 50.64288 ], [ 2.73223, 50.64225 ], [ 2.7368, 50.64342 ], [ 2.74226, 50.64199 ], [ 2.74956, 50.64304 ], [ 2.75387, 50.64552 ], [ 2.75583, 50.64928 ], [ 2.75896, 50.65096 ], [ 2.76033, 50.65566 ], [ 2.76328, 50.6596 ], [ 2.76659, 50.66085 ], [ 2.77048, 50.66428 ], [ 2.77372, 50.66516 ], [ 2.77587, 50.6646 ] ], [ [ 2.77754, 50.66447 ], [ 2.78414, 50.6651 ], [ 2.79177, 50.66311 ] ], [ [ 2.80922, 50.66902 ], [ 2.81663, 50.67414 ], [ 2.82258, 50.67655 ], [ 2.83686, 50.67731 ], [ 2.84068, 50.67826 ], [ 2.85395, 50.68504 ], [ 2.8622, 50.69244 ], [ 2.86933, 50.69522 ], [ 2.87334, 50.69543 ], [ 2.89141, 50.6924 ], [ 2.90288, 50.69332 ] ], [ [ 2.91012, 50.69781 ], [ 2.91293, 50.70014 ], [ 2.92374, 50.70355 ], [ 2.92525, 50.70677 ] ], [ [ 2.92719, 50.70836 ], [ 2.92919, 50.7097 ] ], [ [ 2.92944, 50.72447 ], [ 2.93266, 50.72899 ], [ 2.94385, 50.73142 ] ], [ [ 2.92993, 50.71083 ], [ 2.92994, 50.71202 ] ], [ [ 2.93002, 50.71299 ], [ 2.93074, 50.72061 ] ], [ [ 2.93937, 50.7379 ], [ 2.93931, 50.74204 ], [ 2.94186, 50.74625 ], [ 2.94794, 50.74933 ], [ 2.9632, 50.75165 ] ], [ [ 3.00057, 50.76412 ], [ 3.01255, 50.76943 ], [ 3.0185, 50.77316 ] ], [ [ 3.0526, 50.77894 ], [ 3.06216, 50.77961 ] ], [ [ 3.06603, 50.77898 ], [ 3.07891, 50.7748 ], [ 3.08711, 50.77488 ] ], [ [ 3.10385, 50.78218 ], [ 3.11127, 50.78753 ], [ 3.12207, 50.79003 ] ] ] } },
{ "type": "Feature", "properties": { "name": "Becque de Neuville", "weight_class": 1, "permanent": true, "length_km": 8.6 }, "geometry": { "type": "LineString", "coordinates": [ [ 3.16338, 50.74184 ], [ 3.1605, 50.74083 ], [ 3.15771, 50.7416 ], [ 3.15217, 50.73994 ], [ 3.14845, 50.74161 ], [ 3.14721, 50.74364 ], [ 3.14183, 50.7468 ], [ 3.1412, 50.7511 ], [ 3.13891, 50.75331 ], [ 3.14076, 50.7544 ], [ 3.14043, 50.75792 ], [ 3.12777, 50.7637 ], [ 3.12678, 50.76627 ], [ 3.12247, 50.76945 ], [ 3.12275, 50.77071 ], [ 3.13151, 50.77805 ], [ 3.14311, 50.78512 ], [ 3.14826, 50.79018 ] ] } },
{ "type": "Feature", "properties": { "name": "Ruisseau Riez", "weight_class": 1, "permanent": true, "length_km": 3.9 }, "geometry": { "type": "LineString", "coordinates": [ [ 3.09111, 50.74634 ], [ 3.0979, 50.74954 ], [ 3.09987, 50.74858 ], [ 3.10783, 50.75326 ], [ 3.1104, 50.75635 ], [ 3.11168, 50.76111 ], [ 3.11518, 50.7629 ], [ 3.11586, 50.76464 ], [ 3.12345, 50.7686 ] ] } },
{ "type": "Feature", "properties": { "name": "Becque des Bois", "weight_class": 1, "permanent": true, "length_km": 8.3 }, "geometry": { "type": "LineString", "coordinates": [ [ 3.06156, 50.74775 ], [ 3.06015, 50.74568 ], [ 3.06092, 50.7448 ], [ 3.05881, 50.74411 ], [ 3.05935, 50.74318 ], [ 3.05712, 50.74245 ], [ 3.05632, 50.74063 ], [ 3.05189, 50.73966 ], [ 3.04735, 50.73967 ], [ 3.0458, 50.74019 ], [ 3.04582, 50.7413 ], [ 3.04213, 50.74104 ], [ 3.04203, 50.74274 ], [ 3.03577, 50.74119 ], [ 3.03216, 50.74372 ], [ 3.02299, 50.74554 ], [ 3.02419, 50.748 ], [ 3.02265, 50.75026 ], [ 3.02368, 50.75227 ], [ 3.02782, 50.75402 ], [ 3.02979, 50.75628 ], [ 3.03454, 50.75688 ], [ 3.03301, 50.75924 ], [ 3.03579, 50.76023 ], [ 3.03756, 50.76353 ], [ 3.0346, 50.76471 ], [ 3.03159, 50.76432 ], [ 3.03013, 50.7704 ] ] } },
{ "type": "Feature", "properties": { "name": "Becque de Waziers", "weight_class": 1, "permanent": true, "length_km": 8.0 }, "geometry": { "type": "LineString", "coordinates": [ [ 3.10323, 50.70788 ], [ 3.10026, 50.70733 ], [ 3.09378, 50.71136 ], [ 3.08894, 50.70964 ], [ 3.08801, 50.71149 ], [ 3.07769, 50.70915 ], [ 3.0765, 50.71001 ], [ 3.0734, 50.70986 ], [ 3.07217, 50.71098 ], [ 3.06426, 50.70443 ], [ 3.06052, 50.70331 ], [ 3.05782, 50.70329 ], [ 3.05594, 50.70224 ], [ 3.047, 50.70481 ], [ 3.0396, 50.70292 ], [ 3.03392, 50.70316 ], [ 3.02374, 50.70033 ], [ 3.02188, 50.69866 ], [ 3.02351, 50.69716 ] ] } },
{ "type": "Feature", "properties": { "name": "Marque", "weight_class": 1, "permanent": true, "length_km": 32.6 }, "geometry": { "type": "LineString", "coordinates": [ [ 3.0629, 50.48018 ], [ 3.06242, 50.48203 ], [ 3.06498, 50.48629 ], [ 3.07422, 50.49053 ], [ 3.07457, 50.49273 ], [ 3.07744, 50.49503 ], [ 3.07885, 50.49945 ], [ 3.07795, 50.50032 ], [ 3.08293, 50.50533 ], [ 3.08923, 50.5081 ], [ 3.09391, 50.51267 ], [ 3.10599, 50.51586 ], [ 3.11184, 50.52046 ], [ 3.11068, 50.52127 ], [ 3.11962, 50.52598 ], [ 3.12218, 50.52937 ], [ 3.13028, 50.53323 ], [ 3.133, 50.53659 ], [ 3.13703, 50.53788 ], [ 3.13653, 50.53874 ], [ 3.13909, 50.53998 ], [ 3.13754, 50.54134 ], [ 3.13922, 50.54506 ], [ 3.14354, 50.54742 ], [ 3.14466, 50.54641 ], [ 3.14528, 50.54687 ], [ 3.14388, 50.55107 ], [ 3.16277, 50.55768 ], [ 3.17566, 50.55762 ], [ 3.1867, 50.5695 ], [ 3.18051, 50.58276 ], [ 3.18813, 50.59146 ], [ 3.19873, 50.59667 ], [ 3.203, 50.60253 ], [ 3.19518, 50.61073 ], [ 3.19514, 50.61573 ], [ 3.19771, 50.61772 ], [ 3.19562, 50.6264 ], [ 3.18854, 50.62945 ], [ 3.1862, 50.62957 ], [ 3.17771, 50.63382 ], [ 3.18025, 50.63942 ], [ 3.18353, 50.64311 ], [ 3.1804, 50.64963 ], [ 3.18049, 50.65299 ], [ 3.17741, 50.6543 ], [ 3.17159, 50.6543 ], [ 3.17041, 50.65289 ], [ 3.16872, 50.65278 ], [ 3.16545, 50.65368 ], [ 3.16308, 50.65507 ], [ 3.15844, 50.66171 ], [ 3.14694, 50.6644 ], [ 3.13551, 50.67001 ], [ 3.13127, 50.67116 ], [ 3.12836, 50.67055 ], [ 3.1224, 50.67203 ] ] } },
{ "type": "Feature", "properties": { "name": "Canal de Roubaix", "weight_class": 3, "permanent": true, "length_km": 9.2 }, "geometry": { "type": "LineString", "coordinates": [ [ 3.13437, 50.68377 ], [ 3.1224, 50.67203 ], [ 3.11893, 50.67465 ], [ 3.1199, 50.67844 ], [ 3.1148, 50.68133 ], [ 3.11128, 50.68158 ], [ 3.10806, 50.67809 ], [ 3.10451, 50.67639 ], [ 3.10117, 50.67614 ], [ 3.09505, 50.67819 ], [ 3.09186, 50.67446 ], [ 3.08773, 50.67428 ], [ 3.08506, 50.67315 ], [ 3.08186, 50.66867 ], [ 3.08036, 50.66819 ], [ 3.07739, 50.6683 ], [ 3.07295, 50.6713 ], [ 3.07261, 50.67335 ], [ 3.07536, 50.67757 ], [ 3.07225, 50.67924 ], [ 3.06894, 50.67874 ], [ 3.06523, 50.67436 ], [ 3.06175, 50.67376 ] ] } },
{ "type": "Feature", "properties": { "name": "Becque du Corbeau", "weight_class": 1, "permanent": true, "length_km": 7.8 }, "geometry": { "type": "LineString", "coordinates": [ [ 2.96732, 50.65674 ], [ 2.98736, 50.66339 ], [ 2.99825, 50.66948 ], [ 3.00096, 50.66955 ], [ 3.00512, 50.67163 ], [ 3.01523, 50.67183 ], [ 3.01772, 50.6728 ], [ 3.02435, 50.67154 ], [ 3.02705, 50.67279 ], [ 3.03019, 50.67226 ], [ 3.03119, 50.67294 ], [ 3.03573, 50.67294 ], [ 3.03759, 50.67162 ], [ 3.04704, 50.67469 ], [ 3.0472, 50.67561 ], [ 3.04906, 50.67548 ], [ 3.05924, 50.6786 ] ] } },
{ "type": "Feature", "properties": { "name": "Courant de Maitre David", "weight_class": 1, "permanent": false, "length_km": 2.7 }, "geometry": { "type": "LineString", "coordinates": [ [ 3.14305, 50.63334 ], [ 3.1494, 50.6336 ], [ 3.15898, 50.6317 ], [ 3.16693, 50.63323 ], [ 3.17498, 50.63615 ], [ 3.17917, 50.63655 ] ] } },
{ "type": "Feature", "properties": { "name": "Port de Lille", "weight_class": 4, "permanent": true, "length_km": 2.1 }, "geometry": { "type": "LineString", "coordinates": [ [ 3.01959, 50.62575 ], [ 3.02445, 50.62628 ], [ 3.02959, 50.62886 ], [ 3.03642, 50.63499 ], [ 3.03685, 50.63876 ] ] } },
{ "type": "Feature", "properties": { "name": "la Petite Marque", "weight_class": 1, "permanent": true, "length_km": 5.2 }, "geometry": { "type": "LineString", "coordinates": [ [ 3.10932, 50.4829 ], [ 3.12425, 50.49065 ], [ 3.12609, 50.49349 ], [ 3.12638, 50.4969 ], [ 3.12553, 50.50022 ], [ 3.12281, 50.50217 ], [ 3.12131, 50.50998 ], [ 3.11872, 50.5141 ], [ 3.10934, 50.51855 ] ] } },
{ "type": "Feature", "properties": { "name": "Courant de Coutiches Amont", "weight_class": 1, "permanent": true, "length_km": 18.0 }, "geometry": { "type": "LineString", "coordinates": [ [ 3.08095, 50.46729 ], [ 3.08682, 50.46769 ], [ 3.09284, 50.46982 ], [ 3.09695, 50.46932 ], [ 3.10041, 50.46748 ], [ 3.10544, 50.46769 ], [ 3.11767, 50.46574 ], [ 3.12464, 50.46698 ], [ 3.13033, 50.46601 ], [ 3.13263, 50.46683 ], [ 3.14451, 50.46644 ], [ 3.1541, 50.46219 ], [ 3.15789, 50.46219 ], [ 3.16017, 50.4607 ], [ 3.16724, 50.45948 ], [ 3.17388, 50.45679 ], [ 3.18247, 50.45089 ], [ 3.20505, 50.44933 ], [ 3.21319, 50.44703 ], [ 3.21684, 50.44545 ], [ 3.21706, 50.44339 ], [ 3.22273, 50.44112 ], [ 3.22398, 50.43715 ], [ 3.22655, 50.43526 ], [ 3.22537, 50.43304 ], [ 3.21663, 50.4265 ], [ 3.2176, 50.42132 ], [ 3.22255, 50.41714 ], [ 3.22728, 50.41551 ], [ 3.23635, 50.41588 ], [ 3.23472, 50.41102 ], [ 3.2393, 50.40676 ] ] } },
{ "type": "Feature", "properties": { "name": "Fossé du Bois Saint Eloi", "weight_class": 1, "permanent": true, "length_km": 3.2 }, "geometry": { "type": "LineString", "coordinates": [ [ 3.05592, 50.46994 ], [ 3.04943, 50.46621 ], [ 3.03024, 50.46394 ], [ 3.02347, 50.46742 ], [ 3.01867, 50.46866 ] ] } },
{ "type": "Feature", "properties": { "name": "Filet Maurant Amont", "weight_class": 1, "permanent": true, "length_km": 2.5 }, "geometry": { "type": "MultiLineString", "coordinates": [ [ [ 3.04033, 50.45578 ], [ 3.03781, 50.44797 ], [ 3.04243, 50.44561 ], [ 3.04157, 50.4446 ] ], [ [ 3.05207, 50.42638 ], [ 3.05038, 50.42541 ], [ 3.05088, 50.42356 ], [ 3.05398, 50.41968 ] ] ] } },
{ "type": "Feature", "properties": { "name": "Courant des Vingt-Quatre Pieds", "weight_class": 1, "permanent": true, "length_km": 3.8 }, "geometry": { "type": "LineString", "coordinates": [ [ 3.13982, 50.4285 ], [ 3.13021, 50.42565 ], [ 3.13031, 50.42504 ], [ 3.11873, 50.42636 ], [ 3.09817, 50.42666 ], [ 3.09213, 50.42276 ] ] } },
{ "type": "Feature", "properties": { "name": "Ruisseau du Pont Ducat", "weight_class": 1, "permanent": true, "length_km": 4.2 }, "geometry": { "type": "LineString", "coordinates": [ [ 3.12865, 50.44364 ], [ 3.13143, 50.44342 ], [ 3.13902, 50.44557 ], [ 3.15166, 50.44745 ], [ 3.15579, 50.4472 ], [ 3.15939, 50.4484 ], [ 3.16641, 50.44888 ], [ 3.17223, 50.45015 ], [ 3.17359, 50.45129 ], [ 3.18031, 50.45183 ] ] } },
{ "type": "Feature", "properties": { "name": "Filet Maurant Aval", "weight_class": 1, "permanent": true, "length_km": 4.2 }, "geometry": { "type": "LineString", "coordinates": [ [ 3.06199, 50.42564 ], [ 3.06391, 50.42465 ], [ 3.06955, 50.42605 ], [ 3.07681, 50.42616 ], [ 3.08035, 50.42532 ], [ 3.08753, 50.4265 ], [ 3.09144, 50.42566 ], [ 3.09416, 50.41908 ], [ 3.09272, 50.41345 ], [ 3.0992, 50.41154 ] ] } },
{ "type": "Feature", "properties": { "name": "Marais le Dezbier", "weight_class": 1, "permanent": true, "length_km": 4.0 }, "geometry": { "type": "MultiLineString", "coordinates": [ [ [ 3.14088, 50.38372 ], [ 3.13702, 50.38537 ] ], [ [ 3.1423, 50.37651 ], [ 3.1372, 50.3843 ], [ 3.13602, 50.38332 ], [ 3.13836, 50.3801 ] ], [ [ 3.13912, 50.37466 ], [ 3.14387, 50.37655 ], [ 3.14088, 50.38372 ] ], [ [ 3.14088, 50.38372 ], [ 3.1421, 50.38444 ], [ 3.14725, 50.38378 ], [ 3.14876, 50.38815 ] ] ] } },
{ "type": "Feature", "properties": { "name": "le Marais de Dechy", "weight_class": 1, "permanent": true, "length_km": 2.5 }, "geometry": { "type": "MultiLineString", "coordinates": [ [ [ 3.1199, 50.37123 ], [ 3.12258, 50.37423 ], [ 3.12614, 50.3761 ], [ 3.12939, 50.37449 ], [ 3.12761, 50.3722 ], [ 3.12288, 50.37012 ], [ 3.1199, 50.37123 ] ], [ [ 3.1199, 50.37123 ], [ 3.12192, 50.36709 ] ] ] } },
{ "type": "Feature", "properties": { "name": "Goeulzin", "weight_class": 1, "permanent": false, "length_km": 2.1 }, "geometry": { "type": "MultiLineString", "coordinates": [ [ [ 3.07508, 50.29954 ], [ 3.0787, 50.29977 ], [ 3.08217, 50.30196 ], [ 3.08107, 50.30358 ], [ 3.08208, 50.30697 ], [ 3.08591, 50.30891 ], [ 3.08396, 50.31107 ] ], [ [ 3.08127, 50.31304 ], [ 3.08095, 50.31434 ] ] ] } },
{ "type": "Feature", "properties": { "name": "Rivière la Sensée", "weight_class": 1, "permanent": true, "length_km": 8.9 }, "geometry": { "type": "LineString", "coordinates": [ [ 3.00773, 50.27955 ], [ 3.01194, 50.28172 ], [ 3.02015, 50.28362 ], [ 3.02483, 50.28371 ], [ 3.02889, 50.28276 ], [ 3.0369, 50.28453 ], [ 3.0392, 50.28314 ], [ 3.04272, 50.28297 ], [ 3.04176, 50.28161 ], [ 3.04414, 50.27919 ], [ 3.05102, 50.27729 ], [ 3.05813, 50.27322 ], [ 3.06189, 50.27248 ], [ 3.07668, 50.27785 ], [ 3.08848, 50.2758 ], [ 3.10119, 50.27844 ], [ 3.10411, 50.27768 ], [ 3.1036, 50.27634 ], [ 3.10497, 50.27627 ], [ 3.10422, 50.2726 ] ] } },
{ "type": "Feature", "properties": { "name": "Rivière la Sensée", "weight_class": 1, "permanent": true, "length_km": 2.5 }, "geometry": { "type": "LineString", "coordinates": [ [ 3.0143, 50.27772 ], [ 3.02741, 50.28013 ], [ 3.02688, 50.28129 ], [ 3.02805, 50.28138 ], [ 3.02858, 50.2839 ], [ 3.03036, 50.28478 ], [ 3.04211, 50.28536 ] ] } },
{ "type": "Feature", "properties": { "name": "Moeuvres", "weight_class": 1, "permanent": false, "length_km": 5.0 }, "geometry": { "type": "LineString", "coordinates": [ [ 3.0089, 50.13345 ], [ 3.01437, 50.1371 ], [ 3.01962, 50.14476 ], [ 3.02576, 50.14877 ], [ 3.03104, 50.15116 ], [ 3.04053, 50.1518 ], [ 3.06021, 50.16007 ] ] } },
{ "type": "Feature", "properties": { "name": "Rivière l'Eauette", "weight_class": 1, "permanent": false, "length_km": 7.8 }, "geometry": { "type": "LineString", "coordinates": [ [ 3.11541, 50.05426 ], [ 3.12275, 50.06201 ], [ 3.13421, 50.06937 ], [ 3.13717, 50.07435 ], [ 3.1353, 50.0769 ], [ 3.13597, 50.07971 ], [ 3.14246, 50.0839 ], [ 3.14636, 50.09132 ], [ 3.15805, 50.1053 ], [ 3.15955, 50.11005 ], [ 3.16131, 50.1117 ] ] } },
{ "type": "Feature", "properties": { "name": "Raches Amont Ouest", "weight_class": 1, "permanent": true, "length_km": 2.6 }, "geometry": { "type": "LineString", "coordinates": [ [ 3.10767, 50.40658 ], [ 3.10624, 50.40428 ], [ 3.09948, 50.402 ], [ 3.09432, 50.40255 ], [ 3.08908, 50.40135 ], [ 3.08403, 50.39673 ], [ 3.0793, 50.39602 ] ] } },
{ "type": "Feature", "properties": { "name": "Courant de la Vieille Rivière", "weight_class": 1, "permanent": true, "length_km": 2.5 }, "geometry": { "type": "LineString", "coordinates": [ [ 3.08066, 50.41764 ], [ 3.09256, 50.4136 ], [ 3.09698, 50.40857 ], [ 3.10767, 50.40658 ] ] } },
{ "type": "Feature", "properties": { "name": "Collecteur du Chemin Vert", "weight_class": 1, "permanent": false, "length_km": 4.2 }, "geometry": { "type": "LineString", "coordinates": [ [ 3.14894, 50.40013 ], [ 3.1462, 50.40473 ], [ 3.14298, 50.40371 ], [ 3.14054, 50.40618 ], [ 3.13741, 50.40475 ], [ 3.13063, 50.40413 ], [ 3.13093, 50.40173 ], [ 3.1394, 50.40183 ], [ 3.13561, 50.39797 ], [ 3.1416, 50.39771 ], [ 3.1402, 50.39482 ] ] } },
{ "type": "Feature", "properties": { "name": "Courant Brunel", "weight_class": 1, "permanent": false, "length_km": 2.3 }, "geometry": { "type": "LineString", "coordinates": [ [ 3.05429, 50.40633 ], [ 3.0627, 50.40855 ], [ 3.06692, 50.40707 ], [ 3.06965, 50.40486 ], [ 3.07152, 50.40571 ], [ 3.07748, 50.40019 ] ] } },
{ "type": "Feature", "properties": { "name": "Escrebieux", "weight_class": 1, "permanent": true, "length_km": 8.0 }, "geometry": { "type": "LineString", "coordinates": [ [ 2.99422, 50.37079 ], [ 3.00234, 50.37311 ], [ 3.00799, 50.37289 ], [ 3.01467, 50.3749 ], [ 3.01553, 50.37422 ], [ 3.01684, 50.37464 ], [ 3.02242, 50.37888 ], [ 3.03058, 50.38246 ], [ 3.04688, 50.38743 ], [ 3.04886, 50.38884 ], [ 3.04843, 50.39025 ], [ 3.05214, 50.39238 ], [ 3.05619, 50.39197 ], [ 3.05794, 50.39342 ], [ 3.06716, 50.39377 ], [ 3.07026, 50.39509 ], [ 3.07014, 50.39706 ], [ 3.07245, 50.39685 ], [ 3.07417, 50.40002 ], [ 3.07831, 50.40021 ] ] } },
{ "type": "Feature", "properties": { "name": "Cunette ou Scarpe", "weight_class": 1, "permanent": true, "length_km": 2.9 }, "geometry": { "type": "LineString", "coordinates": [ [ 3.09295, 50.37111 ], [ 3.09259, 50.37803 ], [ 3.09525, 50.37943 ], [ 3.09447, 50.38069 ], [ 3.0969, 50.38312 ], [ 3.0962, 50.38426 ], [ 3.1054, 50.39229 ], [ 3.10421, 50.39317 ] ] } },
{ "type": "Feature", "properties": { "name": "Dérivation de la Scarpe", "weight_class": 4, "permanent": true, "length_km": 6.2 }, "geometry": { "type": "LineString", "coordinates": [ [ 3.05328, 50.33995 ], [ 3.05176, 50.35126 ], [ 3.05279, 50.35638 ], [ 3.06493, 50.37126 ], [ 3.08003, 50.38147 ], [ 3.08148, 50.3843 ], [ 3.08108, 50.38945 ] ] } },
{ "type": "Feature", "properties": { "name": "Courant de l'Enfant Jesus", "weight_class": 1, "permanent": true, "length_km": 3.0 }, "geometry": { "type": "LineString", "coordinates": [ [ 3.0338, 50.35718 ], [ 3.03328, 50.35785 ], [ 3.04345, 50.36256 ], [ 3.05351, 50.36358 ], [ 3.0528, 50.3652 ], [ 3.05379, 50.36658 ], [ 3.06382, 50.37006 ] ] } },
{ "type": "Feature", "properties": { "name": "Petite Sensée", "weight_class": 1, "permanent": true, "length_km": 6.2 }, "geometry": { "type": "LineString", "coordinates": [ [ 3.08801, 50.30863 ], [ 3.08593, 50.31109 ], [ 3.08621, 50.31489 ], [ 3.06896, 50.32654 ], [ 3.06506, 50.33304 ], [ 3.06554, 50.3385 ], [ 3.06324, 50.34499 ], [ 3.0654, 50.34517 ], [ 3.06632, 50.34667 ], [ 3.06818, 50.35595 ] ] } },
{ "type": "Feature", "properties": { "name": "Canal de la Sensée", "weight_class": 4, "permanent": true, "length_km": 8.6 }, "geometry": { "type": "LineString", "coordinates": [ [ 3.11751, 50.27901 ], [ 3.11922, 50.28232 ], [ 3.11917, 50.28675 ], [ 3.11087, 50.29688 ], [ 3.1013, 50.30508 ], [ 3.09096, 50.30745 ], [ 3.08618, 50.30979 ], [ 3.05338, 50.33952 ] ] } },
{ "type": "Feature", "properties": { "name": "Canal du Nord", "weight_class": 3, "permanent": true, "length_km": 4.5 }, "geometry": { "type": "MultiLineString", "coordinates": [ [ [ 3.07287, 50.14846 ], [ 3.07004, 50.15373 ], [ 3.07306, 50.16475 ], [ 3.06796, 50.17547 ] ], [ [ 3.10663, 50.26917 ], [ 3.1154, 50.27811 ], [ 3.11751, 50.27901 ] ] ] } },
{ "type": "Feature", "properties": { "name": "Canal de la Sensée du Confluent du Canal du Nord au Confluent de l'Escaut Canalisé", "weight_class": 4, "permanent": true, "length_km": 12.9 }, "geometry": { "type": "MultiLineString", "coordinates": [ [ [ 3.11751, 50.27901 ], [ 3.11913, 50.27326 ], [ 3.12561, 50.2664 ] ], [ [ 3.14786, 50.26129 ], [ 3.1766, 50.25642 ], [ 3.19045, 50.25887 ], [ 3.21229, 50.25715 ], [ 3.22659, 50.26005 ], [ 3.24802, 50.25933 ], [ 3.26207, 50.26018 ], [ 3.26909, 50.25968 ], [ 3.27911, 50.25678 ], [ 3.28423, 50.25622 ], [ 3.2928, 50.25788 ], [ 3.29895, 50.2621 ] ] ] } },
{ "type": "Feature", "properties": { "name": "le Riot", "weight_class": 1, "permanent": false, "length_km": 4.8 }, "geometry": { "type": "LineString", "coordinates": [ [ 3.1041, 50.10996 ], [ 3.11441, 50.10989 ], [ 3.12161, 50.10842 ], [ 3.12738, 50.10968 ], [ 3.13124, 50.10871 ], [ 3.1349, 50.11034 ], [ 3.14026, 50.11053 ], [ 3.1471, 50.114 ], [ 3.15205, 50.11369 ], [ 3.1604, 50.1172 ], [ 3.16317, 50.11704 ] ] } },
{ "type": "Feature", "properties": { "name": "Becque Germaine", "weight_class": 1, "permanent": true, "length_km": 3.5 }, "geometry": { "type": "LineString", "coordinates": [ [ 2.95267, 50.70416 ], [ 2.94914, 50.70672 ], [ 2.95029, 50.70721 ], [ 2.94907, 50.70835 ], [ 2.94776, 50.70805 ], [ 2.9463, 50.70919 ], [ 2.95051, 50.7114 ], [ 2.95335, 50.71179 ], [ 2.95294, 50.713 ], [ 2.94147, 50.71345 ], [ 2.93075, 50.71651 ] ] } },
{ "type": "Feature", "properties": { "name": "Stil Becque", "weight_class": 1, "permanent": true, "length_km": 4.3 }, "geometry": { "type": "LineString", "coordinates": [ [ 2.78508, 50.72593 ], [ 2.79112, 50.7249 ], [ 2.80214, 50.72078 ], [ 2.83637, 50.70539 ] ] } },
{ "type": "Feature", "properties": { "name": "Yser", "weight_class": 2, "permanent": true, "length_km": 33.2 }, "geometry": { "type": "LineString", "coordinates": [ [ 2.33463, 50.81392 ], [ 2.32491, 50.81353 ], [ 2.32403, 50.81674 ], [ 2.32641, 50.8198 ], [ 2.32647, 50.82214 ], [ 2.33, 50.82363 ], [ 2.33315, 50.82909 ], [ 2.33705, 50.83145 ], [ 2.33547, 50.83622 ], [ 2.33249, 50.83743 ], [ 2.33129, 50.84014 ], [ 2.3297, 50.84017 ], [ 2.32785, 50.84174 ], [ 2.32766, 50.84533 ], [ 2.3308, 50.851 ], [ 2.33413, 50.85265 ], [ 2.33481, 50.85498 ], [ 2.3377, 50.85646 ], [ 2.34102, 50.86342 ], [ 2.34622, 50.8661 ], [ 2.35316, 50.86756 ], [ 2.35568, 50.86729 ], [ 2.35706, 50.86616 ], [ 2.3598, 50.86638 ], [ 2.36811, 50.87048 ], [ 2.37379, 50.87073 ], [ 2.37774, 50.86922 ], [ 2.37857, 50.86995 ], [ 2.37762, 50.87161 ], [ 2.38067, 50.8734 ], [ 2.3866, 50.87542 ], [ 2.39232, 50.87549 ], [ 2.39638, 50.87666 ], [ 2.39672, 50.87759 ], [ 2.40491, 50.88078 ], [ 2.4055, 50.88172 ], [ 2.40739, 50.88139 ], [ 2.41463, 50.88354 ], [ 2.41569, 50.88157 ], [ 2.41832, 50.88247 ], [ 2.4244, 50.88254 ], [ 2.43416, 50.88591 ], [ 2.4425, 50.89121 ], [ 2.44488, 50.89071 ], [ 2.44727, 50.89359 ], [ 2.45131, 50.89301 ], [ 2.45402, 50.89368 ], [ 2.45529, 50.89465 ], [ 2.45363, 50.89583 ], [ 2.45415, 50.89716 ], [ 2.45607, 50.89758 ], [ 2.45753, 50.89982 ], [ 2.46273, 50.90104 ], [ 2.46553, 50.90029 ], [ 2.46931, 50.90245 ], [ 2.47219, 50.90145 ], [ 2.47845, 50.90145 ], [ 2.47995, 50.9028 ], [ 2.48354, 50.90286 ], [ 2.49004, 50.90538 ], [ 2.50938, 50.9083 ], [ 2.51494, 50.90688 ], [ 2.51733, 50.90475 ], [ 2.5268, 50.90428 ], [ 2.52869, 50.90194 ], [ 2.53275, 50.90016 ], [ 2.53468, 50.90046 ], [ 2.54875, 50.89741 ], [ 2.55211, 50.89826 ], [ 2.55717, 50.89692 ], [ 2.55938, 50.89788 ], [ 2.56214, 50.89732 ], [ 2.57213, 50.89863 ], [ 2.57704, 50.90074 ], [ 2.59141, 50.90109 ], [ 2.59475, 50.9034 ], [ 2.59863, 50.90368 ], [ 2.60278, 50.9063 ], [ 2.60576, 50.90695 ], [ 2.60802, 50.91004 ], [ 2.60641, 50.91106 ], [ 2.60752, 50.91277 ] ] } },
{ "type": "Feature", "properties": { "name": "Becque de Rawensberg", "weight_class": 1, "permanent": true, "length_km": 5.9 }, "geometry": { "type": "LineString", "coordinates": [ [ 2.75696, 50.75264 ], [ 2.75619, 50.74502 ], [ 2.7544, 50.74517 ], [ 2.75417, 50.74313 ], [ 2.75312, 50.74328 ], [ 2.75127, 50.73998 ], [ 2.75199, 50.7386 ], [ 2.74657, 50.7363 ], [ 2.74513, 50.73351 ], [ 2.75093, 50.72797 ], [ 2.74725, 50.72147 ], [ 2.74901, 50.7206 ], [ 2.74814, 50.7199 ], [ 2.74944, 50.71783 ], [ 2.75641, 50.70917 ] ] } },
{ "type": "Feature", "properties": { "name": "Canal de la Deûle", "weight_class": 4, "permanent": true, "length_km": 41.5 }, "geometry": { "type": "MultiLineString", "coordinates": [ [ [ 2.88174, 50.50777 ], [ 2.88288, 50.51399 ], [ 2.88898, 50.52628 ], [ 2.90869, 50.54343 ], [ 2.92325, 50.54723 ], [ 2.94072, 50.55318 ], [ 2.94964, 50.55719 ], [ 2.97715, 50.5771 ], [ 2.97843, 50.58074 ], [ 2.97842, 50.59117 ], [ 2.98338, 50.59927 ], [ 2.9818, 50.61071 ], [ 2.98548, 50.61614 ], [ 2.99101, 50.62049 ], [ 2.99498, 50.62212 ], [ 3.00701, 50.62514 ], [ 3.01959, 50.62575 ], [ 3.01973, 50.62958 ], [ 3.03353, 50.63816 ], [ 3.03685, 50.63882 ], [ 3.03686, 50.64209 ], [ 3.03864, 50.64441 ], [ 3.04975, 50.65009 ], [ 3.05771, 50.6562 ], [ 3.06366, 50.66897 ], [ 3.05979, 50.67657 ], [ 3.0589, 50.68387 ], [ 3.05031, 50.69124 ], [ 3.03662, 50.69362 ], [ 3.0219, 50.69772 ], [ 3.0088, 50.70807 ], [ 3.00534, 50.70956 ], [ 2.99784, 50.71073 ], [ 2.99068, 50.71394 ], [ 2.9735, 50.71862 ], [ 2.96513, 50.7224 ], [ 2.95204, 50.72381 ], [ 2.94385, 50.73142 ] ], [ [ 3.08108, 50.38945 ], [ 3.07768, 50.40269 ], [ 3.0701, 50.41026 ], [ 3.05858, 50.41799 ], [ 3.04841, 50.42146 ], [ 3.0389, 50.42308 ] ] ] } },
{ "type": "Feature", "properties": { "name": "Stil Becque", "weight_class": 1, "permanent": true, "length_km": 6.2 }, "geometry": { "type": "MultiLineString", "coordinates": [ [ [ 2.81056, 50.71696 ], [ 2.79897, 50.71175 ], [ 2.79206, 50.71136 ], [ 2.78473, 50.71282 ], [ 2.78008, 50.71036 ], [ 2.77798, 50.70805 ], [ 2.77754, 50.70192 ], [ 2.77627, 50.69927 ], [ 2.775, 50.69907 ], [ 2.7777, 50.69299 ], [ 2.7744, 50.68642 ], [ 2.77219, 50.68523 ] ], [ [ 2.81483, 50.71757 ], [ 2.81147, 50.71653 ] ] ] } },
{ "type": "Feature", "properties": { "name": "Serpentine Becque", "weight_class": 1, "permanent": true, "length_km": 3.4 }, "geometry": { "type": "LineString", "coordinates": [ [ 2.78008, 50.71036 ], [ 2.77707, 50.71291 ], [ 2.77598, 50.71241 ], [ 2.77358, 50.713 ], [ 2.77346, 50.71384 ], [ 2.76987, 50.71423 ], [ 2.7654, 50.71114 ], [ 2.76404, 50.71101 ], [ 2.76361, 50.71214 ], [ 2.76055, 50.71162 ], [ 2.75947, 50.7101 ], [ 2.75599, 50.70906 ], [ 2.75582, 50.70817 ], [ 2.74849, 50.70463 ] ] } },
{ "type": "Feature", "properties": { "name": "Becque du Château", "weight_class": 1, "permanent": true, "length_km": 3.0 }, "geometry": { "type": "LineString", "coordinates": [ [ 2.95503, 50.68307 ], [ 2.95793, 50.68553 ], [ 2.9619, 50.69228 ], [ 2.95381, 50.69753 ], [ 2.9508, 50.6985 ], [ 2.95228, 50.69963 ], [ 2.94843, 50.70197 ], [ 2.94918, 50.7025 ] ] } },
{ "type": "Feature", "properties": { "name": "Courant du Pont Pendu", "weight_class": 1, "permanent": true, "length_km": 2.3 }, "geometry": { "type": "LineString", "coordinates": [ [ 2.94918, 50.7025 ], [ 2.94177, 50.70659 ], [ 2.94004, 50.70524 ], [ 2.93683, 50.70565 ], [ 2.92678, 50.70283 ], [ 2.92286, 50.7032 ] ] } },
{ "type": "Feature", "properties": { "name": null, "weight_class": 1, "permanent": true, "length_km": 3.9 }, "geometry": { "type": "LineString", "coordinates": [ [ 2.92935, 50.64556 ], [ 2.92554, 50.64861 ], [ 2.92482, 50.64826 ], [ 2.91286, 50.65422 ], [ 2.914, 50.65734 ], [ 2.91578, 50.65671 ], [ 2.91847, 50.65812 ], [ 2.91843, 50.65952 ], [ 2.91256, 50.6606 ], [ 2.9126, 50.66409 ], [ 2.91104, 50.66341 ], [ 2.90598, 50.66353 ] ] } },
{ "type": "Feature", "properties": { "name": "le Petit Porte Égal", "weight_class": 1, "permanent": false, "length_km": 2.6 }, "geometry": { "type": "LineString", "coordinates": [ [ 2.95053, 50.65277 ], [ 2.95001, 50.65518 ], [ 2.9514, 50.65741 ], [ 2.93833, 50.66701 ], [ 2.93241, 50.67008 ] ] } },
{ "type": "Feature", "properties": { "name": null, "weight_class": 1, "permanent": true, "length_km": 2.5 }, "geometry": { "type": "LineString", "coordinates": [ [ 2.92043, 50.66637 ], [ 2.91557, 50.66913 ], [ 2.91652, 50.6708 ], [ 2.91446, 50.67162 ], [ 2.91661, 50.67196 ], [ 2.91743, 50.67305 ], [ 2.92106, 50.68231 ], [ 2.92277, 50.68364 ] ] } },
{ "type": "Feature", "properties": { "name": "Grande Becque", "weight_class": 1, "permanent": true, "length_km": 6.8 }, "geometry": { "type": "LineString", "coordinates": [ [ 2.94566, 50.63924 ], [ 2.93125, 50.64819 ], [ 2.93277, 50.6496 ], [ 2.92629, 50.65364 ], [ 2.92724, 50.65428 ], [ 2.92398, 50.65816 ], [ 2.92325, 50.66015 ], [ 2.92469, 50.66093 ], [ 2.92327, 50.66209 ], [ 2.93105, 50.66695 ], [ 2.93469, 50.67574 ], [ 2.92351, 50.68276 ], [ 2.92319, 50.68395 ] ] } },
{ "type": "Feature", "properties": { "name": "Becque de la Planche de Pierre", "weight_class": 1, "permanent": true, "length_km": 2.8 }, "geometry": { "type": "LineString", "coordinates": [ [ 2.94853, 50.67349 ], [ 2.94962, 50.67514 ], [ 2.94904, 50.67732 ], [ 2.9453, 50.67875 ], [ 2.94365, 50.67699 ], [ 2.92653, 50.68742 ] ] } },
{ "type": "Feature", "properties": { "name": null, "weight_class": 1, "permanent": false, "length_km": 3.2 }, "geometry": { "type": "LineString", "coordinates": [ [ 2.87348, 50.64226 ], [ 2.85593, 50.6618 ], [ 2.84988, 50.66672 ] ] } },
{ "type": "Feature", "properties": { "name": "Becque Meurisse", "weight_class": 1, "permanent": true, "length_km": 3.0 }, "geometry": { "type": "LineString", "coordinates": [ [ 2.99723, 50.68688 ], [ 2.99996, 50.6892 ], [ 2.99838, 50.69004 ], [ 3.00108, 50.69212 ], [ 3.00368, 50.69228 ], [ 3.01277, 50.69618 ], [ 3.01415, 50.69508 ], [ 3.02068, 50.69771 ], [ 3.01796, 50.70048 ] ] } },
{ "type": "Feature", "properties": { "name": "Becque du Plaquet", "weight_class": 1, "permanent": true, "length_km": 6.3 }, "geometry": { "type": "LineString", "coordinates": [ [ 2.97834, 50.67913 ], [ 2.96682, 50.69041 ], [ 2.9633, 50.69243 ], [ 2.9636, 50.6942 ], [ 2.96643, 50.69602 ], [ 2.96806, 50.6953 ], [ 2.97054, 50.6959 ], [ 2.97652, 50.69796 ], [ 2.97618, 50.69922 ], [ 2.97954, 50.6994 ], [ 2.99104, 50.70348 ], [ 2.99661, 50.70436 ], [ 3.00328, 50.70388 ], [ 3.00968, 50.70733 ] ] } },
{ "type": "Feature", "properties": { "name": null, "weight_class": 1, "permanent": false, "length_km": 2.8 }, "geometry": { "type": "LineString", "coordinates": [ [ 2.89047, 50.61618 ], [ 2.88556, 50.6156 ], [ 2.88343, 50.61655 ], [ 2.87989, 50.6233 ], [ 2.87556, 50.62813 ], [ 2.87187, 50.6267 ], [ 2.87044, 50.62824 ], [ 2.86869, 50.62747 ] ] } },
{ "type": "Feature", "properties": { "name": "la Becque", "weight_class": 1, "permanent": true, "length_km": 4.8 }, "geometry": { "type": "LineString", "coordinates": [ [ 2.95268, 50.62668 ], [ 2.95118, 50.62687 ], [ 2.95131, 50.62549 ], [ 2.95015, 50.62649 ], [ 2.94778, 50.62599 ], [ 2.94062, 50.62968 ], [ 2.93838, 50.62863 ], [ 2.93499, 50.62957 ], [ 2.93357, 50.62809 ], [ 2.93262, 50.62866 ], [ 2.93038, 50.62791 ], [ 2.92796, 50.62574 ], [ 2.92105, 50.62615 ], [ 2.91861, 50.62707 ], [ 2.91094, 50.63645 ], [ 2.91242, 50.63802 ] ] } },
{ "type": "Feature", "properties": { "name": "Maugré", "weight_class": 1, "permanent": false, "length_km": 2.4 }, "geometry": { "type": "LineString", "coordinates": [ [ 2.93615, 50.59234 ], [ 2.94314, 50.59173 ], [ 2.9449, 50.5896 ], [ 2.9545, 50.59192 ], [ 2.95929, 50.58917 ], [ 2.96288, 50.58934 ] ] } },
{ "type": "Feature", "properties": { "name": "Rosoir", "weight_class": 1, "permanent": true, "length_km": 4.3 }, "geometry": { "type": "LineString", "coordinates": [ [ 2.91951, 50.5806 ], [ 2.92884, 50.5823 ], [ 2.9338, 50.58415 ], [ 2.93737, 50.58204 ], [ 2.9383, 50.57972 ], [ 2.94156, 50.58026 ], [ 2.9427, 50.57966 ], [ 2.94817, 50.58169 ], [ 2.95093, 50.58105 ], [ 2.95365, 50.58249 ], [ 2.95698, 50.58289 ], [ 2.95822, 50.58044 ], [ 2.96206, 50.57917 ], [ 2.96322, 50.57984 ], [ 2.96373, 50.5782 ] ] } },
{ "type": "Feature", "properties": { "name": "Ruisseau du Pont des Planques", "weight_class": 1, "permanent": false, "length_km": 5.7 }, "geometry": { "type": "LineString", "coordinates": [ [ 2.91785, 50.60663 ], [ 2.92338, 50.60373 ], [ 2.92731, 50.60439 ], [ 2.93049, 50.60355 ], [ 2.93443, 50.60025 ], [ 2.93748, 50.59986 ], [ 2.9419, 50.60032 ], [ 2.94314, 50.60138 ], [ 2.95131, 50.60102 ], [ 2.95226, 50.60271 ], [ 2.95376, 50.6028 ], [ 2.95445, 50.60171 ], [ 2.96034, 50.60345 ], [ 2.96408, 50.6028 ], [ 2.97222, 50.60564 ], [ 2.97611, 50.60202 ], [ 2.97918, 50.60107 ] ] } },
{ "type": "Feature", "properties": { "name": null, "weight_class": 1, "permanent": true, "length_km": 2.0 }, "geometry": { "type": "LineString", "coordinates": [ [ 3.00516, 50.62665 ], [ 2.99479, 50.62396 ], [ 2.98381, 50.61564 ] ] } },
{ "type": "Feature", "properties": { "name": "Rivière des Layes", "weight_class": 1, "permanent": true, "length_km": 18.7 }, "geometry": { "type": "MultiLineString", "coordinates": [ [ [ 2.78918, 50.58326 ], [ 2.79928, 50.59416 ], [ 2.80588, 50.60442 ], [ 2.80628, 50.60677 ], [ 2.81475, 50.61041 ], [ 2.83443, 50.62224 ], [ 2.83884, 50.62673 ] ], [ [ 2.84815, 50.57292 ], [ 2.84484, 50.57228 ], [ 2.84637, 50.57053 ], [ 2.84565, 50.56989 ], [ 2.84275, 50.57191 ], [ 2.8414, 50.5705 ], [ 2.83975, 50.57149 ], [ 2.83857, 50.56853 ], [ 2.83268, 50.56599 ], [ 2.83302, 50.56491 ], [ 2.83126, 50.564 ], [ 2.82762, 50.5629 ], [ 2.82656, 50.56382 ], [ 2.82353, 50.56321 ], [ 2.82184, 50.56434 ], [ 2.81689, 50.5616 ], [ 2.81492, 50.56261 ] ], [ [ 2.85752, 50.63889 ], [ 2.86286, 50.64173 ], [ 2.86391, 50.64076 ], [ 2.86525, 50.6414 ], [ 2.86712, 50.6398 ], [ 2.88622, 50.64673 ], [ 2.8777, 50.65562 ], [ 2.88185, 50.66413 ], [ 2.88181, 50.66709 ], [ 2.87923, 50.66938 ], [ 2.88641, 50.67403 ], [ 2.87816, 50.67865 ], [ 2.88085, 50.68186 ], [ 2.88605, 50.6822 ], [ 2.89008, 50.68451 ], [ 2.88865, 50.68841 ] ] ] } },
{ "type": "Feature", "properties": { "name": "Vieille Lys d'Armentières", "weight_class": 1, "permanent": true, "length_km": 2.4 }, "geometry": { "type": "LineString", "coordinates": [ [ 2.88024, 50.69413 ], [ 2.87967, 50.69012 ], [ 2.88256, 50.68746 ], [ 2.8905, 50.68896 ], [ 2.89478, 50.68874 ], [ 2.89886, 50.69083 ], [ 2.90053, 50.69325 ] ] } },
{ "type": "Feature", "properties": { "name": "la Vieille Lys", "weight_class": 3, "permanent": true, "length_km": 3.4 }, "geometry": { "type": "LineString", "coordinates": [ [ 2.86037, 50.69127 ], [ 2.86901, 50.70261 ], [ 2.87221, 50.70404 ], [ 2.87848, 50.70312 ], [ 2.88233, 50.70103 ], [ 2.88173, 50.6985 ], [ 2.88277, 50.69748 ], [ 2.88024, 50.69413 ] ] } },
{ "type": "Feature", "properties": { "name": "Courant de Rostope", "weight_class": 1, "permanent": true, "length_km": 3.4 }, "geometry": { "type": "LineString", "coordinates": [ [ 2.98487, 50.68933 ], [ 2.98867, 50.69103 ], [ 2.98774, 50.69217 ], [ 2.98895, 50.69257 ], [ 2.98666, 50.69408 ], [ 2.99304, 50.69509 ], [ 3.00186, 50.69975 ], [ 3.00585, 50.70036 ], [ 3.00769, 50.70228 ], [ 3.00674, 50.70401 ], [ 3.01028, 50.70449 ], [ 3.01177, 50.70555 ] ] } },
{ "type": "Feature", "properties": { "name": "Becque de la Prévôté", "weight_class": 1, "permanent": true, "length_km": 6.4 }, "geometry": { "type": "LineString", "coordinates": [ [ 2.96291, 50.67242 ], [ 2.96034, 50.67436 ], [ 2.95897, 50.67644 ], [ 2.96026, 50.67706 ], [ 2.9581, 50.67953 ], [ 2.95581, 50.67935 ], [ 2.951, 50.68237 ], [ 2.94922, 50.68186 ], [ 2.94743, 50.68345 ], [ 2.94487, 50.68374 ], [ 2.9425, 50.68618 ], [ 2.93686, 50.68815 ], [ 2.93761, 50.69008 ], [ 2.93488, 50.69223 ], [ 2.93228, 50.69281 ], [ 2.92319, 50.68395 ], [ 2.91242, 50.68515 ], [ 2.9091, 50.68656 ] ] } },
{ "type": "Feature", "properties": { "name": "Courant du Pont Bertin", "weight_class": 1, "permanent": true, "length_km": 4.6 }, "geometry": { "type": "LineString", "coordinates": [ [ 2.8919, 50.66027 ], [ 2.89375, 50.66425 ], [ 2.89329, 50.66931 ], [ 2.89526, 50.67024 ], [ 2.89874, 50.6749 ], [ 2.90291, 50.6771 ], [ 2.91056, 50.68848 ], [ 2.91084, 50.69352 ], [ 2.90805, 50.69449 ] ] } },
{ "type": "Feature", "properties": { "name": "Becque du Paradis", "weight_class": 1, "permanent": true, "length_km": 6.6 }, "geometry": { "type": "LineString", "coordinates": [ [ 2.93195, 50.64208 ], [ 2.93124, 50.64353 ], [ 2.92432, 50.64808 ], [ 2.9211, 50.64793 ], [ 2.91377, 50.65258 ], [ 2.90953, 50.65127 ], [ 2.90762, 50.65221 ], [ 2.90438, 50.65164 ], [ 2.90228, 50.6561 ], [ 2.9062, 50.66244 ], [ 2.90554, 50.66521 ], [ 2.90818, 50.67113 ], [ 2.9074, 50.67206 ], [ 2.91186, 50.67865 ], [ 2.91023, 50.6817 ], [ 2.90716, 50.68259 ] ] } },
{ "type": "Feature", "properties": { "name": "Courant de Sequedin", "weight_class": 1, "permanent": true, "length_km": 3.4 }, "geometry": { "type": "LineString", "coordinates": [ [ 2.97069, 50.64278 ], [ 2.97242, 50.64313 ], [ 2.9737, 50.63944 ], [ 2.97841, 50.63504 ], [ 2.9865, 50.63303 ], [ 2.99116, 50.62981 ], [ 2.99647, 50.62427 ], [ 2.99469, 50.62341 ], [ 2.99498, 50.62212 ] ] } },
{ "type": "Feature", "properties": { "name": "Libaude", "weight_class": 1, "permanent": true, "length_km": 10.4 }, "geometry": { "type": "LineString", "coordinates": [ [ 2.90496, 50.57962 ], [ 2.89358, 50.57867 ], [ 2.88529, 50.57543 ], [ 2.88171, 50.57869 ], [ 2.87961, 50.57772 ], [ 2.87595, 50.57843 ], [ 2.87144, 50.57403 ], [ 2.86586, 50.57345 ], [ 2.86478, 50.57034 ], [ 2.86175, 50.56763 ], [ 2.85985, 50.56031 ], [ 2.85503, 50.55858 ], [ 2.85043, 50.55229 ], [ 2.85031, 50.55141 ], [ 2.85544, 50.55117 ], [ 2.86334, 50.54805 ], [ 2.86927, 50.55045 ], [ 2.8719, 50.54889 ], [ 2.87089, 50.54826 ], [ 2.87245, 50.54675 ], [ 2.87793, 50.54531 ], [ 2.87702, 50.54303 ], [ 2.87982, 50.54263 ], [ 2.88024, 50.5408 ], [ 2.88251, 50.54032 ], [ 2.88534, 50.5372 ] ] } },
{ "type": "Feature", "properties": { "name": "Naviette", "weight_class": 1, "permanent": true, "length_km": 11.6 }, "geometry": { "type": "LineString", "coordinates": [ [ 3.04258, 50.50265 ], [ 3.04327, 50.50618 ], [ 3.04093, 50.50834 ], [ 3.04135, 50.51179 ], [ 3.03826, 50.51414 ], [ 3.03708, 50.51666 ], [ 3.02948, 50.51621 ], [ 3.02299, 50.5199 ], [ 3.02164, 50.51959 ], [ 3.00711, 50.52457 ], [ 3.01283, 50.52877 ], [ 3.01024, 50.53012 ], [ 3.01289, 50.53893 ], [ 3.00839, 50.54037 ], [ 3.00669, 50.54803 ], [ 2.99749, 50.55392 ], [ 2.9951, 50.55677 ], [ 2.98916, 50.55894 ], [ 2.98718, 50.55849 ], [ 2.98132, 50.56243 ], [ 2.97482, 50.56397 ], [ 2.97272, 50.56661 ], [ 2.96665, 50.56969 ] ] } },
{ "type": "Feature", "properties": { "name": null, "weight_class": 1, "permanent": false, "length_km": 2.9 }, "geometry": { "type": "LineString", "coordinates": [ [ 2.86661, 50.64474 ], [ 2.8594, 50.65347 ], [ 2.85732, 50.65256 ], [ 2.845, 50.66362 ] ] } },
{ "type": "Feature", "properties": { "name": null, "weight_class": 1, "permanent": true, "length_km": 3.0 }, "geometry": { "type": "LineString", "coordinates": [ [ 2.74183, 50.64326 ], [ 2.74958, 50.64544 ], [ 2.75214, 50.64709 ], [ 2.7613, 50.65892 ], [ 2.76764, 50.66321 ] ] } },
{ "type": "Feature", "properties": { "name": null, "weight_class": 1, "permanent": true, "length_km": 2.7 }, "geometry": { "type": "LineString", "coordinates": [ [ 2.80049, 50.68746 ], [ 2.79914, 50.68725 ], [ 2.79675, 50.69332 ], [ 2.7912, 50.69868 ], [ 2.78438, 50.69453 ], [ 2.77772, 50.69377 ] ] } },
{ "type": "Feature", "properties": { "name": "Becque de la Halle", "weight_class": 1, "permanent": true, "length_km": 2.7 }, "geometry": { "type": "LineString", "coordinates": [ [ 2.79281, 50.69144 ], [ 2.78747, 50.68798 ], [ 2.78817, 50.68704 ], [ 2.79161, 50.68594 ], [ 2.79472, 50.68347 ], [ 2.81221, 50.67789 ] ] } },
{ "type": "Feature", "properties": { "name": "Rivière la Vieille Lys", "weight_class": 3, "permanent": true, "length_km": 2.5 }, "geometry": { "type": "LineString", "coordinates": [ [ 2.81034, 50.67153 ], [ 2.8106, 50.67592 ], [ 2.81706, 50.68275 ], [ 2.82256, 50.68239 ], [ 2.82818, 50.67722 ] ] } },
{ "type": "Feature", "properties": { "name": "la Warnave", "weight_class": 1, "permanent": true, "length_km": 2.5 }, "geometry": { "type": "LineString", "coordinates": [ [ 2.8441, 50.69539 ], [ 2.84734, 50.69848 ], [ 2.868, 50.71165 ] ] } },
{ "type": "Feature", "properties": { "name": "Courant de Walmonchy", "weight_class": 1, "permanent": true, "length_km": 2.7 }, "geometry": { "type": "LineString", "coordinates": [ [ 2.87048, 50.60967 ], [ 2.86897, 50.60976 ], [ 2.86769, 50.61203 ], [ 2.86954, 50.61269 ], [ 2.86786, 50.61458 ], [ 2.86795, 50.6176 ], [ 2.86177, 50.62321 ], [ 2.86356, 50.62537 ], [ 2.86074, 50.6289 ] ] } },
{ "type": "Feature", "properties": { "name": null, "weight_class": 1, "permanent": false, "length_km": 2.0 }, "geometry": { "type": "LineString", "coordinates": [ [ 2.85012, 50.60053 ], [ 2.85937, 50.60498 ], [ 2.86807, 50.60722 ], [ 2.86937, 50.60321 ] ] } },
{ "type": "Feature", "properties": { "name": "le Comté", "weight_class": 1, "permanent": false, "length_km": 2.3 }, "geometry": { "type": "LineString", "coordinates": [ [ 2.85434, 50.58323 ], [ 2.86195, 50.58565 ], [ 2.86201, 50.5899 ], [ 2.86536, 50.59397 ], [ 2.86116, 50.59809 ] ] } },
{ "type": "Feature", "properties": { "name": "Courant de Valmonchy", "weight_class": 1, "permanent": true, "length_km": 3.2 }, "geometry": { "type": "LineString", "coordinates": [ [ 2.83887, 50.58667 ], [ 2.84561, 50.59007 ], [ 2.8456, 50.59169 ], [ 2.84838, 50.59243 ], [ 2.84789, 50.59321 ], [ 2.85426, 50.5957 ], [ 2.85815, 50.59611 ], [ 2.86539, 50.60188 ], [ 2.86937, 50.60321 ] ] } },
{ "type": "Feature", "properties": { "name": "le Haut Courant", "weight_class": 1, "permanent": true, "length_km": 2.3 }, "geometry": { "type": "LineString", "coordinates": [ [ 2.74843, 50.61309 ], [ 2.73886, 50.63305 ] ] } },
{ "type": "Feature", "properties": { "name": "Courant des Becques", "weight_class": 1, "permanent": true, "length_km": 2.1 }, "geometry": { "type": "LineString", "coordinates": [ [ 2.82755, 50.58589 ], [ 2.82845, 50.58631 ], [ 2.82502, 50.58969 ], [ 2.81991, 50.5908 ], [ 2.81434, 50.59332 ], [ 2.81328, 50.5928 ], [ 2.80911, 50.59685 ] ] } },
{ "type": "Feature", "properties": { "name": "Courant des Bannois", "weight_class": 1, "permanent": true, "length_km": 3.8 }, "geometry": { "type": "LineString", "coordinates": [ [ 2.79355, 50.62614 ], [ 2.78348, 50.62915 ], [ 2.77083, 50.63635 ], [ 2.75772, 50.64167 ], [ 2.75514, 50.64377 ], [ 2.75632, 50.6449 ], [ 2.7541, 50.64604 ] ] } },
{ "type": "Feature", "properties": { "name": "Courant du Ponchel", "weight_class": 1, "permanent": true, "length_km": 4.0 }, "geometry": { "type": "LineString", "coordinates": [ [ 2.79652, 50.63068 ], [ 2.78988, 50.63201 ], [ 2.78446, 50.63457 ], [ 2.78356, 50.63397 ], [ 2.77663, 50.6372 ], [ 2.7746, 50.63604 ], [ 2.77229, 50.63726 ], [ 2.77354, 50.63841 ], [ 2.77015, 50.6404 ], [ 2.75449, 50.64718 ] ] } },
{ "type": "Feature", "properties": { "name": "Rue de Leval", "weight_class": 1, "permanent": false, "length_km": 2.1 }, "geometry": { "type": "LineString", "coordinates": [ [ 2.84242, 50.60778 ], [ 2.83851, 50.61436 ], [ 2.82878, 50.61075 ], [ 2.82531, 50.61332 ] ] } },
{ "type": "Feature", "properties": { "name": "Becque du Biez", "weight_class": 1, "permanent": true, "length_km": 4.4 }, "geometry": { "type": "LineString", "coordinates": [ [ 2.83765, 50.65238 ], [ 2.83518, 50.6536 ], [ 2.83636, 50.65658 ], [ 2.84029, 50.65837 ], [ 2.84697, 50.66605 ], [ 2.84988, 50.6667 ], [ 2.84918, 50.66994 ], [ 2.85097, 50.67268 ], [ 2.85366, 50.67395 ], [ 2.84853, 50.68212 ] ] } },
{ "type": "Feature", "properties": { "name": null, "weight_class": 1, "permanent": true, "length_km": 3.0 }, "geometry": { "type": "LineString", "coordinates": [ [ 2.90632, 50.52826 ], [ 2.90809, 50.52669 ], [ 2.90922, 50.52079 ], [ 2.90196, 50.51976 ], [ 2.90053, 50.52124 ], [ 2.90094, 50.5259 ], [ 2.90403, 50.52667 ], [ 2.89941, 50.53027 ] ] } },
{ "type": "Feature", "properties": { "name": "Hantay", "weight_class": 1, "permanent": true, "length_km": 2.4 }, "geometry": { "type": "LineString", "coordinates": [ [ 2.84531, 50.54592 ], [ 2.8483, 50.54488 ], [ 2.85335, 50.54112 ], [ 2.85442, 50.53641 ], [ 2.85731, 50.53502 ], [ 2.85706, 50.53213 ], [ 2.8612, 50.53163 ], [ 2.86234, 50.53029 ] ] } },
{ "type": "Feature", "properties": { "name": null, "weight_class": 1, "permanent": true, "length_km": 2.3 }, "geometry": { "type": "LineString", "coordinates": [ [ 2.87282, 50.54653 ], [ 2.86568, 50.54291 ], [ 2.86563, 50.54067 ], [ 2.87074, 50.53699 ], [ 2.87293, 50.53868 ], [ 2.87746, 50.53452 ] ] } },
{ "type": "Feature", "properties": { "name": "Filet Mortreux", "weight_class": 1, "permanent": true, "length_km": 3.3 }, "geometry": { "type": "LineString", "coordinates": [ [ 2.8719, 50.54889 ], [ 2.87286, 50.54842 ], [ 2.87555, 50.54948 ], [ 2.87637, 50.54825 ], [ 2.87758, 50.54848 ], [ 2.8802, 50.55086 ], [ 2.89038, 50.55413 ], [ 2.89564, 50.54476 ], [ 2.89469, 50.54065 ] ] } },
{ "type": "Feature", "properties": { "name": null, "weight_class": 1, "permanent": false, "length_km": 2.7 }, "geometry": { "type": "LineString", "coordinates": [ [ 2.90495, 50.5598 ], [ 2.92037, 50.5643 ], [ 2.92812, 50.56392 ], [ 2.93205, 50.56268 ], [ 2.93409, 50.56489 ], [ 2.9331, 50.56674 ] ] } },
{ "type": "Feature", "properties": { "name": "Canal de Seclin", "weight_class": 3, "permanent": true, "length_km": 4.5 }, "geometry": { "type": "LineString", "coordinates": [ [ 3.02158, 50.54905 ], [ 3.01176, 50.55196 ], [ 2.98744, 50.56201 ], [ 2.97084, 50.57219 ] ] } },
{ "type": "Feature", "properties": { "name": "Ancien Canal de la Deûle", "weight_class": 3, "permanent": true, "length_km": 2.2 }, "geometry": { "type": "LineString", "coordinates": [ [ 2.90886, 50.54351 ], [ 2.91275, 50.55014 ], [ 2.92136, 50.55122 ], [ 2.93208, 50.55026 ] ] } },
{ "type": "Feature", "properties": { "name": "Rigole du Nord", "weight_class": 1, "permanent": true, "length_km": 15.9 }, "geometry": { "type": "MultiLineString", "coordinates": [ [ [ 2.89117, 50.52936 ], [ 2.89323, 50.53162 ], [ 2.89169, 50.53197 ], [ 2.89897, 50.5379 ], [ 2.89817, 50.5384 ], [ 2.90098, 50.54247 ], [ 2.90753, 50.5461 ], [ 2.90626, 50.54943 ], [ 2.90999, 50.55056 ], [ 2.91038, 50.55267 ], [ 2.91335, 50.55266 ], [ 2.92784, 50.55695 ], [ 2.92996, 50.55995 ], [ 2.94068, 50.56669 ], [ 2.94233, 50.56511 ], [ 2.94366, 50.55857 ], [ 2.9472, 50.55784 ], [ 2.95209, 50.55957 ], [ 2.95723, 50.56548 ], [ 2.96302, 50.56718 ] ], [ [ 2.96396, 50.56778 ], [ 2.96604, 50.5707 ], [ 2.96298, 50.57484 ], [ 2.96355, 50.57836 ], [ 2.96736, 50.58405 ], [ 2.97075, 50.58667 ], [ 2.97193, 50.59001 ], [ 2.97101, 50.5911 ], [ 2.97261, 50.59261 ], [ 2.97138, 50.59562 ], [ 2.97484, 50.59842 ], [ 2.97932, 50.59914 ], [ 2.97976, 50.60282 ], [ 2.97792, 50.60988 ], [ 2.98047, 50.61105 ], [ 2.9796, 50.61268 ], [ 2.98317, 50.61549 ], [ 2.98497, 50.61554 ] ] ] } },
{ "type": "Feature", "properties": { "name": "Rigole d'Annoeulin", "weight_class": 1, "permanent": false, "length_km": 3.9 }, "geometry": { "type": "LineString", "coordinates": [ [ 2.90812, 50.54179 ], [ 2.91149, 50.54026 ], [ 2.9139, 50.54254 ], [ 2.91738, 50.54299 ], [ 2.9178, 50.5421 ], [ 2.91931, 50.5421 ], [ 2.91875, 50.53899 ], [ 2.91627, 50.53683 ], [ 2.91732, 50.53491 ], [ 2.92326, 50.53724 ], [ 2.92781, 50.54115 ], [ 2.92704, 50.54346 ], [ 2.93091, 50.54761 ] ] } },
{ "type": "Feature", "properties": { "name": "Fossé du Plat d'Allennes", "weight_class": 1, "permanent": false, "length_km": 2.7 }, "geometry": { "type": "LineString", "coordinates": [ [ 2.94782, 50.5283 ], [ 2.93613, 50.53781 ], [ 2.92921, 50.54927 ] ] } },
{ "type": "Feature", "properties": { "name": "Flot de Wingles Aval", "weight_class": 1, "permanent": true, "length_km": 6.8 }, "geometry": { "type": "MultiLineString", "coordinates": [ [ [ 2.87977, 50.5122 ], [ 2.8843, 50.52187 ] ], [ [ 2.88457, 50.52276 ], [ 2.88574, 50.52371 ] ], [ [ 2.88696, 50.52632 ], [ 2.88991, 50.52806 ], [ 2.89185, 50.53355 ], [ 2.89883, 50.53912 ], [ 2.89739, 50.54162 ], [ 2.90215, 50.54107 ], [ 2.91177, 50.54991 ], [ 2.9107, 50.55097 ], [ 2.91727, 50.5538 ], [ 2.92116, 50.55428 ], [ 2.92807, 50.55261 ], [ 2.92935, 50.55038 ] ] ] } },
{ "type": "Feature", "properties": { "name": "Courant Saint-Martin", "weight_class": 1, "permanent": true, "length_km": 3.1 }, "geometry": { "type": "MultiLineString", "coordinates": [ [ [ 2.83422, 50.52758 ], [ 2.84561, 50.53064 ], [ 2.85313, 50.53068 ], [ 2.85518, 50.52948 ], [ 2.86234, 50.53029 ] ], [ [ 2.88534, 50.5372 ], [ 2.89741, 50.54133 ] ] ] } },
{ "type": "Feature", "properties": { "name": "Ancien Canal d'Aire à la Bassée", "weight_class": 3, "permanent": true, "length_km": 2.7 }, "geometry": { "type": "LineString", "coordinates": [ [ 2.826, 50.52545 ], [ 2.80837, 50.52951 ], [ 2.79938, 50.5269 ], [ 2.79233, 50.52304 ] ] } },
{ "type": "Feature", "properties": { "name": "Canal d'Aire à la Bassée", "weight_class": 4, "permanent": true, "length_km": 2.8 }, "geometry": { "type": "MultiLineString", "coordinates": [ [ [ 2.86103, 50.52973 ], [ 2.8265, 50.52551 ] ], [ [ 2.88598, 50.52066 ], [ 2.88512, 50.52287 ] ] ] } },
{ "type": "Feature", "properties": { "name": "Rigole du Roi", "weight_class": 1, "permanent": true, "length_km": 6.2 }, "geometry": { "type": "MultiLineString", "coordinates": [ [ [ 2.88237, 50.50608 ], [ 2.88369, 50.51411 ], [ 2.88496, 50.51609 ], [ 2.88857, 50.51649 ], [ 2.88852, 50.51922 ], [ 2.89163, 50.52081 ], [ 2.89158, 50.52255 ], [ 2.8892, 50.52393 ], [ 2.89119, 50.52546 ] ], [ [ 2.89119, 50.52546 ], [ 2.89384, 50.52705 ], [ 2.89755, 50.52709 ] ], [ [ 2.89119, 50.52546 ], [ 2.89268, 50.52511 ], [ 2.89755, 50.52709 ] ], [ [ 2.89755, 50.52709 ], [ 2.90941, 50.54304 ], [ 2.90599, 50.54522 ] ] ] } },
{ "type": "Feature", "properties": { "name": "Sensée", "weight_class": 2, "permanent": true, "length_km": 4.8 }, "geometry": { "type": "MultiLineString", "coordinates": [ [ [ 3.02749, 50.28662 ], [ 3.03466, 50.28809 ], [ 3.03729, 50.2873 ], [ 3.04051, 50.28761 ], [ 3.04232, 50.28596 ] ], [ [ 3.04214, 50.28534 ], [ 3.04201, 50.28352 ], [ 3.04429, 50.28273 ] ], [ [ 3.04991, 50.28274 ], [ 3.05502, 50.28172 ], [ 3.05336, 50.27728 ], [ 3.05109, 50.27657 ] ], [ [ 3.08439, 50.27291 ], [ 3.09095, 50.27402 ], [ 3.10112, 50.27228 ], [ 3.10219, 50.27355 ], [ 3.10915, 50.2718 ] ] ] } },
{ "type": "Feature", "properties": { "name": "Becque de Watou", "weight_class": 1, "permanent": true, "length_km": 2.4 }, "geometry": { "type": "LineString", "coordinates": [ [ 2.62376, 50.83703 ], [ 2.62039, 50.83889 ], [ 2.61889, 50.83801 ], [ 2.61672, 50.83933 ], [ 2.61716, 50.84205 ], [ 2.61557, 50.84386 ], [ 2.61673, 50.84795 ], [ 2.61255, 50.849 ], [ 2.61129, 50.85032 ] ] } },
{ "type": "Feature", "properties": { "name": "Schardouwbeek", "weight_class": 1, "permanent": true, "length_km": 2.3 }, "geometry": { "type": "LineString", "coordinates": [ [ 2.5931, 50.93739 ], [ 2.6001, 50.93726 ], [ 2.60307, 50.93864 ], [ 2.60447, 50.93817 ], [ 2.60975, 50.93936 ], [ 2.61164, 50.94112 ], [ 2.61642, 50.94038 ], [ 2.62022, 50.94175 ] ] } },
{ "type": "Feature", "properties": { "name": "Watou France", "weight_class": 1, "permanent": false, "length_km": 2.3 }, "geometry": { "type": "LineString", "coordinates": [ [ 2.61542, 50.82063 ], [ 2.61999, 50.8254 ], [ 2.61922, 50.8299 ], [ 2.62289, 50.83208 ], [ 2.6245, 50.83524 ], [ 2.62376, 50.83703 ] ] } },
{ "type": "Feature", "properties": { "name": null, "weight_class": 1, "permanent": false, "length_km": 3.1 }, "geometry": { "type": "LineString", "coordinates": [ [ 2.60229, 50.96373 ], [ 2.60567, 50.96143 ], [ 2.60863, 50.96295 ], [ 2.60028, 50.97171 ], [ 2.593, 50.97274 ], [ 2.58686, 50.97672 ] ] } },
{ "type": "Feature", "properties": { "name": "le Tilleul", "weight_class": 1, "permanent": false, "length_km": 2.6 }, "geometry": { "type": "LineString", "coordinates": [ [ 2.58874, 50.95689 ], [ 2.58013, 50.9591 ], [ 2.57503, 50.96381 ], [ 2.56246, 50.96902 ] ] } },
{ "type": "Feature", "properties": { "name": "Troisième Branche Floresbecque", "weight_class": 1, "permanent": false, "length_km": 2.8 }, "geometry": { "type": "LineString", "coordinates": [ [ 2.5649, 50.94979 ], [ 2.56702, 50.95265 ], [ 2.56553, 50.95547 ], [ 2.56729, 50.9608 ], [ 2.56485, 50.96345 ], [ 2.56062, 50.96408 ], [ 2.55934, 50.9652 ], [ 2.55818, 50.9683 ], [ 2.56073, 50.96929 ] ] } },
{ "type": "Feature", "properties": { "name": "Houtgracht", "weight_class": 2, "permanent": true, "length_km": 2.9 }, "geometry": { "type": "LineString", "coordinates": [ [ 2.6073, 50.99113 ], [ 2.59523, 50.99209 ], [ 2.57932, 50.99914 ], [ 2.57399, 51.00327 ] ] } },
{ "type": "Feature", "properties": { "name": "Ruisseau du Mont de Boeschepe", "weight_class": 1, "permanent": true, "length_km": 2.4 }, "geometry": { "type": "LineString", "coordinates": [ [ 2.68505, 50.79125 ], [ 2.68779, 50.78997 ], [ 2.69216, 50.7854 ], [ 2.70414, 50.7803 ], [ 2.70255, 50.77938 ], [ 2.70547, 50.77795 ] ] } },
{ "type": "Feature", "properties": { "name": null, "weight_class": 1, "permanent": true, "length_km": 31.3 }, "geometry": { "type": "MultiLineString", "coordinates": [ [ [ 2.53333, 51.01824 ], [ 2.51689, 51.01394 ] ], [ [ 2.51764, 51.01739 ], [ 2.52349, 51.0194 ], [ 2.52136, 51.02269 ] ], [ [ 2.51904, 51.02568 ], [ 2.51733, 51.02537 ], [ 2.51792, 51.02873 ], [ 2.52511, 51.03079 ] ], [ [ 2.5467, 51.00698 ], [ 2.53671, 51.00438 ], [ 2.52761, 51.00435 ] ], [ [ 2.55658, 51.00954 ], [ 2.53467, 51.04314 ], [ 2.53102, 51.04553 ], [ 2.5284, 51.04482 ] ], [ [ 2.53035, 51.03208 ], [ 2.54242, 51.01333 ], [ 2.5377, 51.01208 ], [ 2.53622, 51.01422 ] ], [ [ 2.53676, 51.04896 ], [ 2.53198, 51.04772 ], [ 2.53615, 51.04122 ] ], [ [ 2.55173, 51.04524 ], [ 2.54752, 51.05172 ], [ 2.53676, 51.04896 ] ], [ [ 2.53676, 51.04896 ], [ 2.56179, 51.0109 ] ], [ [ 2.55658, 51.00954 ], [ 2.5467, 51.00698 ] ], [ [ 2.5467, 51.00698 ], [ 2.55341, 50.99675 ] ], [ [ 2.56093, 51.04038 ], [ 2.55573, 51.03903 ] ], [ [ 2.56179, 51.0109 ], [ 2.55658, 51.00954 ] ], [ [ 2.55991, 51.04201 ], [ 2.56093, 51.04038 ] ], [ [ 2.56325, 51.0545 ], [ 2.56721, 51.04198 ], [ 2.56093, 51.04038 ] ], [ [ 2.56093, 51.04038 ], [ 2.56921, 51.02756 ], [ 2.56422, 51.0262 ] ], [ [ 2.56952, 51.01357 ], [ 2.56875, 51.01267 ], [ 2.56179, 51.0109 ] ], [ [ 2.56785, 51.00095 ], [ 2.56179, 51.0109 ] ], [ [ 2.56949, 51.03536 ], [ 2.56736, 51.04201 ] ], [ [ 2.57386, 51.02146 ], [ 2.5696, 51.03523 ] ], [ [ 2.57417, 51.02139 ], [ 2.57537, 51.01798 ], [ 2.57012, 51.01676 ] ] ] } },
{ "type": "Feature", "properties": { "name": "Canal le Danube", "weight_class": 1, "permanent": true, "length_km": 2.8 }, "geometry": { "type": "LineString", "coordinates": [ [ 2.55858, 50.99789 ], [ 2.54353, 51.02072 ] ] } },
{ "type": "Feature", "properties": { "name": "Canal du Moulin le Gange", "weight_class": 1, "permanent": true, "length_km": 4.0 }, "geometry": { "type": "LineString", "coordinates": [ [ 2.55173, 51.04524 ], [ 2.5715, 51.01461 ], [ 2.56952, 51.01357 ], [ 2.57014, 51.01269 ] ] } },
{ "type": "Feature", "properties": { "name": "Canal Majeur", "weight_class": 1, "permanent": true, "length_km": 4.0 }, "geometry": { "type": "LineString", "coordinates": [ [ 2.56416, 51.02616 ], [ 2.53898, 51.01951 ], [ 2.53316, 51.00878 ], [ 2.52541, 51.0029 ] ] } },
{ "type": "Feature", "properties": { "name": "Ringsloot", "weight_class": 1, "permanent": true, "length_km": 9.8 }, "geometry": { "type": "MultiLineString", "coordinates": [ [ [ 2.56488, 51.05899 ], [ 2.5566, 51.05606 ], [ 2.53686, 51.05332 ], [ 2.52837, 51.0478 ], [ 2.52847, 51.03967 ], [ 2.52734, 51.03668 ], [ 2.52573, 51.03468 ], [ 2.51785, 51.02974 ], [ 2.51631, 51.02743 ], [ 2.51689, 51.01394 ], [ 2.52042, 51.00966 ], [ 2.50783, 51.00451 ] ], [ [ 2.58214, 51.01718 ], [ 2.58169, 51.01601 ], [ 2.57707, 51.01341 ], [ 2.57014, 51.01269 ] ] ] } },
{ "type": "Feature", "properties": { "name": "Canal des Glaises", "weight_class": 1, "permanent": true, "length_km": 8.7 }, "geometry": { "type": "MultiLineString", "coordinates": [ [ [ 2.57418, 51.00359 ], [ 2.57226, 51.00226 ], [ 2.55072, 50.99542 ], [ 2.47595, 50.99198 ], [ 2.46465, 50.99313 ] ], [ [ 2.57014, 51.01269 ], [ 2.57183, 51.00833 ], [ 2.57415, 51.0069 ] ] ] } },
{ "type": "Feature", "properties": { "name": "Becque d'Hondschoote", "weight_class": 2, "permanent": true, "length_km": 2.2 }, "geometry": { "type": "LineString", "coordinates": [ [ 2.57903, 50.9795 ], [ 2.56113, 50.98473 ], [ 2.55398, 50.98904 ] ] } },
{ "type": "Feature", "properties": { "name": "Ey Becque", "weight_class": 1, "permanent": true, "length_km": 17.9 }, "geometry": { "type": "MultiLineString", "coordinates": [ [ [ 2.55249, 50.78118 ], [ 2.55372, 50.78157 ], [ 2.55322, 50.78384 ], [ 2.55564, 50.78833 ], [ 2.55749, 50.78952 ], [ 2.56865, 50.79167 ], [ 2.57476, 50.79605 ], [ 2.58339, 50.81003 ], [ 2.587, 50.81365 ], [ 2.59063, 50.81541 ], [ 2.59243, 50.81793 ], [ 2.59201, 50.81983 ], [ 2.5969, 50.82251 ], [ 2.59613, 50.82331 ], [ 2.59858, 50.82737 ], [ 2.59769, 50.82868 ], [ 2.60019, 50.83013 ], [ 2.60143, 50.83457 ], [ 2.6048, 50.83608 ], [ 2.60388, 50.84036 ], [ 2.6012, 50.84247 ], [ 2.60273, 50.84604 ], [ 2.59988, 50.84738 ], [ 2.59874, 50.85234 ], [ 2.60176, 50.85591 ], [ 2.60379, 50.85646 ], [ 2.60428, 50.85849 ], [ 2.60956, 50.86095 ], [ 2.61189, 50.86397 ] ], [ [ 2.60488, 50.88607 ], [ 2.60462, 50.88753 ], [ 2.60697, 50.89049 ], [ 2.60605, 50.8914 ], [ 2.60953, 50.89489 ], [ 2.60855, 50.89677 ], [ 2.60939, 50.89822 ], [ 2.60668, 50.89872 ], [ 2.6055, 50.90057 ], [ 2.60677, 50.90188 ], [ 2.60391, 50.9046 ], [ 2.60511, 50.90664 ] ], [ [ 2.61185, 50.86755 ], [ 2.61288, 50.86744 ], [ 2.60944, 50.86958 ], [ 2.60861, 50.87194 ], [ 2.6077, 50.87168 ], [ 2.60609, 50.87398 ], [ 2.60628, 50.87568 ], [ 2.60874, 50.87762 ] ] ] } },
{ "type": "Feature", "properties": { "name": "Haende Becque/Ruisseau d'Houtkerque", "weight_class": 1, "permanent": true, "length_km": 12.6 }, "geometry": { "type": "LineString", "coordinates": [ [ 2.54327, 50.81813 ], [ 2.54235, 50.81909 ], [ 2.54582, 50.82061 ], [ 2.55888, 50.82312 ], [ 2.56513, 50.83536 ], [ 2.56409, 50.8374 ], [ 2.55998, 50.84049 ], [ 2.56094, 50.84389 ], [ 2.55571, 50.84739 ], [ 2.55384, 50.85145 ], [ 2.55515, 50.85333 ], [ 2.54958, 50.85637 ], [ 2.54926, 50.85744 ], [ 2.54453, 50.85906 ], [ 2.54092, 50.86177 ], [ 2.54025, 50.86405 ], [ 2.54676, 50.87012 ], [ 2.55662, 50.87633 ], [ 2.56036, 50.88717 ], [ 2.56452, 50.88885 ], [ 2.56673, 50.89198 ], [ 2.56682, 50.89431 ], [ 2.57134, 50.8985 ] ] } },
{ "type": "Feature", "properties": { "name": "Becque de Saint-Acaire", "weight_class": 1, "permanent": true, "length_km": 2.1 }, "geometry": { "type": "LineString", "coordinates": [ [ 2.56514, 50.8592 ], [ 2.56259, 50.85934 ], [ 2.55847, 50.86165 ], [ 2.55828, 50.86589 ], [ 2.55208, 50.8686 ], [ 2.55018, 50.87207 ] ] } },
{ "type": "Feature", "properties": { "name": "Vleeterbeek", "weight_class": 1, "permanent": true, "length_km": 7.4 }, "geometry": { "type": "LineString", "coordinates": [ [ 2.66207, 50.78158 ], [ 2.65778, 50.77989 ], [ 2.64473, 50.77841 ], [ 2.63722, 50.78127 ], [ 2.63679, 50.78515 ], [ 2.64291, 50.79068 ], [ 2.64803, 50.79728 ], [ 2.65796, 50.80412 ], [ 2.67491, 50.81945 ] ] } },
{ "type": "Feature", "properties": { "name": "Boeshepe Beek", "weight_class": 1, "permanent": true, "length_km": 2.5 }, "geometry": { "type": "LineString", "coordinates": [ [ 2.69564, 50.79952 ], [ 2.7006, 50.80408 ], [ 2.70126, 50.80712 ], [ 2.70947, 50.81455 ], [ 2.70791, 50.8179 ] ] } },
{ "type": "Feature", "properties": { "name": "Becque de Steenwerck", "weight_class": 1, "permanent": true, "length_km": 19.0 }, "geometry": { "type": "LineString", "coordinates": [ [ 2.70777, 50.78906 ], [ 2.70696, 50.78486 ], [ 2.70567, 50.78402 ], [ 2.70578, 50.77783 ], [ 2.70868, 50.77571 ], [ 2.70679, 50.76915 ], [ 2.70988, 50.76599 ], [ 2.7156, 50.76599 ], [ 2.72186, 50.76356 ], [ 2.72583, 50.75773 ], [ 2.72543, 50.75492 ], [ 2.7294, 50.75133 ], [ 2.72837, 50.75091 ], [ 2.72753, 50.74607 ], [ 2.72844, 50.74358 ], [ 2.72134, 50.73791 ], [ 2.71938, 50.73391 ], [ 2.72056, 50.72664 ], [ 2.7224, 50.72455 ], [ 2.72908, 50.72258 ], [ 2.72816, 50.7214 ], [ 2.72996, 50.7179 ], [ 2.73228, 50.71724 ], [ 2.73566, 50.71831 ], [ 2.73741, 50.71758 ], [ 2.74459, 50.70686 ], [ 2.74436, 50.70467 ], [ 2.74849, 50.70463 ], [ 2.75534, 50.69714 ], [ 2.76891, 50.69113 ], [ 2.76804, 50.68979 ], [ 2.77234, 50.68607 ], [ 2.771, 50.68469 ], [ 2.77264, 50.68348 ], [ 2.77173, 50.68268 ], [ 2.77364, 50.68206 ], [ 2.77126, 50.67943 ], [ 2.77298, 50.67764 ], [ 2.77303, 50.67373 ], [ 2.7715, 50.67371 ], [ 2.77237, 50.67274 ], [ 2.77046, 50.67258 ], [ 2.77004, 50.67126 ], [ 2.7723, 50.66908 ], [ 2.77102, 50.66836 ], [ 2.77257, 50.66754 ], [ 2.77183, 50.66646 ], [ 2.77306, 50.66505 ] ] } },
{ "type": "Feature", "properties": { "name": "Quaebecque", "weight_class": 1, "permanent": true, "length_km": 3.0 }, "geometry": { "type": "LineString", "coordinates": [ [ 2.67388, 50.78842 ], [ 2.66972, 50.79246 ], [ 2.66759, 50.79658 ], [ 2.66779, 50.80566 ], [ 2.66925, 50.8071 ], [ 2.66688, 50.80931 ], [ 2.66621, 50.81191 ] ] } },
{ "type": "Feature", "properties": { "name": "Ruisseau du Leet", "weight_class": 1, "permanent": true, "length_km": 3.0 }, "geometry": { "type": "LineString", "coordinates": [ [ 2.73451, 50.71297 ], [ 2.7145, 50.70371 ], [ 2.69888, 50.6986 ] ] } },
{ "type": "Feature", "properties": { "name": "Rommel Becque", "weight_class": 1, "permanent": true, "length_km": 5.8 }, "geometry": { "type": "LineString", "coordinates": [ [ 2.62145, 50.77968 ], [ 2.61839, 50.78309 ], [ 2.61188, 50.78547 ], [ 2.61259, 50.78822 ], [ 2.61716, 50.79244 ], [ 2.61563, 50.80089 ], [ 2.59617, 50.80701 ], [ 2.59235, 50.81054 ], [ 2.58685, 50.81338 ] ] } },
{ "type": "Feature", "properties": { "name": null, "weight_class": 1, "permanent": true, "length_km": 19.5 }, "geometry": { "type": "MultiLineString", "coordinates": [ [ [ 2.71861, 50.67777 ], [ 2.70682, 50.67248 ] ], [ [ 2.7153, 50.68694 ], [ 2.70943, 50.68631 ], [ 2.71861, 50.67777 ] ], [ [ 2.71861, 50.67777 ], [ 2.72284, 50.67985 ] ], [ [ 2.80152, 50.59745 ], [ 2.79905, 50.59941 ] ], [ [ 2.84944, 50.62509 ], [ 2.85378, 50.6261 ], [ 2.85478, 50.62465 ], [ 2.85598, 50.62502 ], [ 2.85779, 50.62607 ], [ 2.85659, 50.62696 ], [ 2.86865, 50.63219 ] ], [ [ 2.86865, 50.63219 ], [ 2.86203, 50.63826 ] ], [ [ 2.86865, 50.63219 ], [ 2.86987, 50.63123 ], [ 2.87613, 50.63431 ] ], [ [ 2.87954, 50.63461 ], [ 2.88721, 50.63873 ] ], [ [ 2.88721, 50.63873 ], [ 2.88287, 50.64556 ] ], [ [ 2.88434, 50.62976 ], [ 2.88538, 50.62962 ], [ 2.88699, 50.63123 ] ], [ [ 2.89691, 50.64301 ], [ 2.89878, 50.64383 ], [ 2.89742, 50.64595 ], [ 2.89094, 50.64842 ], [ 2.88622, 50.64673 ] ], [ [ 2.88699, 50.63123 ], [ 2.88889, 50.63329 ], [ 2.89131, 50.63224 ], [ 2.89524, 50.63458 ], [ 2.89621, 50.63373 ], [ 2.89926, 50.63529 ] ], [ [ 2.89157, 50.62373 ], [ 2.89225, 50.62458 ], [ 2.88699, 50.63123 ] ], [ [ 2.88721, 50.63873 ], [ 2.89691, 50.64301 ] ], [ [ 2.89926, 50.63529 ], [ 2.8942, 50.63994 ], [ 2.89506, 50.64066 ], [ 2.89594, 50.6402 ], [ 2.89787, 50.64209 ], [ 2.89691, 50.64301 ] ], [ [ 2.90393, 50.63618 ], [ 2.9014, 50.63631 ], [ 2.89926, 50.63529 ] ], [ [ 2.9146, 50.62565 ], [ 2.91144, 50.62436 ], [ 2.91041, 50.62573 ], [ 2.90827, 50.62523 ], [ 2.90519, 50.62942 ], [ 2.90151, 50.63112 ], [ 2.90389, 50.63238 ], [ 2.9011, 50.63464 ], [ 2.90393, 50.63618 ] ], [ [ 2.90555, 50.63475 ], [ 2.90393, 50.63618 ] ], [ [ 2.90555, 50.63475 ], [ 2.90678, 50.63553 ], [ 2.90847, 50.63445 ], [ 2.91155, 50.63567 ] ], [ [ 2.90939, 50.6317 ], [ 2.90555, 50.63475 ] ], [ [ 2.92071, 50.63336 ], [ 2.92257, 50.63486 ], [ 2.91831, 50.63828 ], [ 2.91658, 50.63743 ], [ 2.91417, 50.63845 ], [ 2.91242, 50.63802 ] ] ] } },
{ "type": "Feature", "properties": { "name": "Courant de la Maladrerie", "weight_class": 1, "permanent": true, "length_km": 3.6 }, "geometry": { "type": "LineString", "coordinates": [ [ 2.68108, 50.6918 ], [ 2.67806, 50.6909 ], [ 2.67918, 50.68979 ], [ 2.69638, 50.67773 ], [ 2.70063, 50.66583 ] ] } },
{ "type": "Feature", "properties": { "name": null, "weight_class": 1, "permanent": true, "length_km": 2.4 }, "geometry": { "type": "LineString", "coordinates": [ [ 2.7027, 50.6713 ], [ 2.71186, 50.65925 ], [ 2.71332, 50.65503 ], [ 2.71442, 50.65416 ], [ 2.71678, 50.6545 ] ] } },
{ "type": "Feature", "properties": { "name": "Ruisseau du Mont des Cats", "weight_class": 1, "permanent": true, "length_km": 2.9 }, "geometry": { "type": "LineString", "coordinates": [ [ 2.67216, 50.78341 ], [ 2.67865, 50.78298 ], [ 2.6806, 50.78127 ], [ 2.68992, 50.78093 ], [ 2.69141, 50.77814 ], [ 2.69618, 50.77704 ], [ 2.70577, 50.77787 ] ] } },
{ "type": "Feature", "properties": { "name": null, "weight_class": 1, "permanent": true, "length_km": 2.6 }, "geometry": { "type": "LineString", "coordinates": [ [ 2.69888, 50.6986 ], [ 2.69377, 50.70651 ], [ 2.6854, 50.70436 ], [ 2.67807, 50.70386 ], [ 2.67878, 50.69935 ] ] } },
{ "type": "Feature", "properties": { "name": null, "weight_class": 1, "permanent": true, "length_km": 2.1 }, "geometry": { "type": "LineString", "coordinates": [ [ 2.70973, 50.6953 ], [ 2.7052, 50.69416 ], [ 2.69111, 50.69522 ], [ 2.69091, 50.69377 ], [ 2.68967, 50.69385 ], [ 2.68712, 50.69404 ], [ 2.68717, 50.69668 ] ] } },
{ "type": "Feature", "properties": { "name": "les Quatre Fils Aymon", "weight_class": 1, "permanent": true, "length_km": 2.9 }, "geometry": { "type": "LineString", "coordinates": [ [ 2.67785, 50.78048 ], [ 2.6795, 50.7744 ], [ 2.68454, 50.76926 ], [ 2.6844, 50.76737 ], [ 2.67948, 50.76325 ], [ 2.68065, 50.7591 ] ] } },
{ "type": "Feature", "properties": { "name": "Flêtre", "weight_class": 1, "permanent": false, "length_km": 2.1 }, "geometry": { "type": "LineString", "coordinates": [ [ 2.61546, 50.74862 ], [ 2.62977, 50.75267 ], [ 2.6417, 50.75131 ] ] } },
{ "type": "Feature", "properties": { "name": "Dom Becque", "weight_class": 1, "permanent": true, "length_km": 2.2 }, "geometry": { "type": "LineString", "coordinates": [ [ 2.65928, 50.72393 ], [ 2.66394, 50.72427 ], [ 2.67422, 50.72319 ], [ 2.67572, 50.72232 ], [ 2.6749, 50.71623 ], [ 2.67703, 50.7145 ] ] } },
{ "type": "Feature", "properties": { "name": "Courant de la Maladrerie", "weight_class": 1, "permanent": true, "length_km": 2.9 }, "geometry": { "type": "LineString", "coordinates": [ [ 2.70148, 50.66255 ], [ 2.70505, 50.66113 ], [ 2.71203, 50.64232 ], [ 2.71612, 50.6405 ] ] } },
{ "type": "Feature", "properties": { "name": "Courant Bayard", "weight_class": 1, "permanent": true, "length_km": 4.7 }, "geometry": { "type": "LineString", "coordinates": [ [ 2.71343, 50.6754 ], [ 2.72115, 50.6671 ], [ 2.72624, 50.6641 ], [ 2.72463, 50.66326 ], [ 2.72533, 50.66281 ], [ 2.74824, 50.65122 ], [ 2.75456, 50.65326 ], [ 2.75667, 50.65201 ] ] } },
{ "type": "Feature", "properties": { "name": null, "weight_class": 1, "permanent": true, "length_km": 2.4 }, "geometry": { "type": "LineString", "coordinates": [ [ 2.59108, 50.69197 ], [ 2.61954, 50.6968 ], [ 2.62092, 50.69403 ] ] } },
{ "type": "Feature", "properties": { "name": "Hondsteen Becque", "weight_class": 1, "permanent": false, "length_km": 2.4 }, "geometry": { "type": "LineString", "coordinates": [ [ 2.55985, 50.76613 ], [ 2.57387, 50.76057 ], [ 2.57544, 50.75099 ] ] } },
{ "type": "Feature", "properties": { "name": "Dole Becque", "weight_class": 2, "permanent": true, "length_km": 2.1 }, "geometry": { "type": "LineString", "coordinates": [ [ 2.5551, 50.72231 ], [ 2.55687, 50.7213 ], [ 2.55875, 50.72168 ], [ 2.56174, 50.71903 ], [ 2.55862, 50.71832 ], [ 2.56065, 50.71642 ], [ 2.55214, 50.71143 ] ] } },
{ "type": "Feature", "properties": { "name": "Acker Becque", "weight_class": 1, "permanent": false, "length_km": 3.1 }, "geometry": { "type": "LineString", "coordinates": [ [ 2.62855, 50.73174 ], [ 2.6268, 50.73062 ], [ 2.62123, 50.73162 ], [ 2.6164, 50.72938 ], [ 2.60645, 50.72944 ], [ 2.60697, 50.7216 ], [ 2.60444, 50.71791 ] ] } },
{ "type": "Feature", "properties": { "name": "Breyne Becque", "weight_class": 1, "permanent": true, "length_km": 2.1 }, "geometry": { "type": "LineString", "coordinates": [ [ 2.63186, 50.70269 ], [ 2.63588, 50.70557 ], [ 2.64317, 50.70636 ], [ 2.65835, 50.70217 ] ] } },
{ "type": "Feature", "properties": { "name": "Canal de Merville", "weight_class": 2, "permanent": true, "length_km": 2.3 }, "geometry": { "type": "LineString", "coordinates": [ [ 2.55481, 50.6891 ], [ 2.5521, 50.68755 ], [ 2.55344, 50.6863 ], [ 2.54653, 50.68224 ], [ 2.54568, 50.68062 ], [ 2.5507, 50.67834 ], [ 2.5514, 50.67778 ], [ 2.55015, 50.67699 ], [ 2.55296, 50.67508 ] ] } },
{ "type": "Feature", "properties": { "name": null, "weight_class": 2, "permanent": false, "length_km": 2.4 }, "geometry": { "type": "LineString", "coordinates": [ [ 2.55314, 50.67514 ], [ 2.5598, 50.671 ], [ 2.56466, 50.67044 ], [ 2.57606, 50.6723 ], [ 2.57877, 50.67124 ], [ 2.58195, 50.67285 ] ] } },
{ "type": "Feature", "properties": { "name": null, "weight_class": 1, "permanent": true, "length_km": 3.0 }, "geometry": { "type": "LineString", "coordinates": [ [ 2.5587, 50.70543 ], [ 2.56334, 50.7086 ], [ 2.57351, 50.70207 ], [ 2.57323, 50.70036 ], [ 2.57718, 50.69446 ], [ 2.5709, 50.69315 ] ] } },
{ "type": "Feature", "properties": { "name": "Ruisseau le Berquigneul", "weight_class": 2, "permanent": true, "length_km": 5.0 }, "geometry": { "type": "LineString", "coordinates": [ [ 2.54988, 50.66461 ], [ 2.55485, 50.65907 ], [ 2.56646, 50.65838 ], [ 2.56874, 50.65429 ], [ 2.57206, 50.65373 ], [ 2.57427, 50.65193 ], [ 2.5762, 50.65195 ], [ 2.58031, 50.64618 ], [ 2.58478, 50.6442 ], [ 2.5868, 50.64042 ], [ 2.58677, 50.63964 ], [ 2.58244, 50.63809 ], [ 2.58221, 50.63643 ] ] } },
{ "type": "Feature", "properties": { "name": "Fossé de la Forêt", "weight_class": 1, "permanent": false, "length_km": 2.3 }, "geometry": { "type": "LineString", "coordinates": [ [ 2.60192, 50.65756 ], [ 2.60059, 50.6566 ], [ 2.60259, 50.65526 ], [ 2.60197, 50.65394 ], [ 2.59445, 50.64801 ], [ 2.58352, 50.64508 ] ] } },
{ "type": "Feature", "properties": { "name": "Méteren Becque", "weight_class": 1, "permanent": true, "length_km": 19.0 }, "geometry": { "type": "LineString", "coordinates": [ [ 2.66693, 50.77925 ], [ 2.66496, 50.77591 ], [ 2.66533, 50.76849 ], [ 2.67273, 50.76209 ], [ 2.68102, 50.75842 ], [ 2.6799, 50.75578 ], [ 2.68104, 50.7531 ], [ 2.67739, 50.74528 ], [ 2.67947, 50.74358 ], [ 2.67198, 50.73526 ], [ 2.67285, 50.73292 ], [ 2.68458, 50.72648 ], [ 2.68429, 50.72363 ], [ 2.67202, 50.70888 ], [ 2.67129, 50.70627 ], [ 2.67579, 50.70372 ], [ 2.67817, 50.69346 ], [ 2.69312, 50.68467 ], [ 2.69949, 50.67914 ], [ 2.71201, 50.66786 ], [ 2.73486, 50.64293 ] ] } },
{ "type": "Feature", "properties": { "name": "Foëne Becque", "weight_class": 1, "permanent": true, "length_km": 7.5 }, "geometry": { "type": "LineString", "coordinates": [ [ 2.64041, 50.77364 ], [ 2.63751, 50.77299 ], [ 2.6344, 50.77427 ], [ 2.63017, 50.77409 ], [ 2.62615, 50.77114 ], [ 2.62137, 50.7702 ], [ 2.61236, 50.77001 ], [ 2.60297, 50.76208 ], [ 2.59295, 50.75901 ], [ 2.58658, 50.75501 ], [ 2.57547, 50.75101 ], [ 2.56341, 50.74192 ] ] } },
{ "type": "Feature", "properties": { "name": "Becque de Flêtre", "weight_class": 1, "permanent": true, "length_km": 6.0 }, "geometry": { "type": "LineString", "coordinates": [ [ 2.6557, 50.7729 ], [ 2.64595, 50.76688 ], [ 2.6463, 50.76156 ], [ 2.64174, 50.75788 ], [ 2.64159, 50.75102 ], [ 2.64425, 50.74999 ], [ 2.64689, 50.74647 ], [ 2.65947, 50.7432 ], [ 2.66941, 50.73845 ], [ 2.67185, 50.73584 ] ] } },
{ "type": "Feature", "properties": { "name": "Plate Becque", "weight_class": 1, "permanent": true, "length_km": 16.4 }, "geometry": { "type": "LineString", "coordinates": [ [ 2.60223, 50.73661 ], [ 2.60195, 50.73791 ], [ 2.59858, 50.73985 ], [ 2.59346, 50.74136 ], [ 2.58616, 50.74138 ], [ 2.57779, 50.73754 ], [ 2.57433, 50.73208 ], [ 2.58195, 50.71805 ], [ 2.59177, 50.72001 ], [ 2.6045, 50.7179 ], [ 2.62221, 50.71077 ], [ 2.62946, 50.7089 ], [ 2.63561, 50.69283 ], [ 2.64762, 50.68462 ], [ 2.64833, 50.68021 ], [ 2.65144, 50.67748 ], [ 2.65171, 50.67599 ], [ 2.64774, 50.67047 ], [ 2.64164, 50.66997 ], [ 2.64155, 50.66806 ], [ 2.64005, 50.66793 ], [ 2.63708, 50.66516 ], [ 2.63379, 50.66473 ], [ 2.63249, 50.66555 ], [ 2.63037, 50.6648 ], [ 2.62925, 50.66264 ], [ 2.62497, 50.66093 ], [ 2.62522, 50.65747 ] ] } },
{ "type": "Feature", "properties": { "name": "Courant du Doulieu", "weight_class": 1, "permanent": true, "length_km": 7.6 }, "geometry": { "type": "LineString", "coordinates": [ [ 2.7059, 50.70081 ], [ 2.71897, 50.68233 ], [ 2.73718, 50.67033 ], [ 2.74039, 50.66984 ], [ 2.74168, 50.66843 ], [ 2.74629, 50.67182 ], [ 2.7488, 50.67054 ], [ 2.75085, 50.67225 ], [ 2.75475, 50.671 ], [ 2.75864, 50.67213 ], [ 2.76147, 50.67048 ], [ 2.76249, 50.66813 ], [ 2.76857, 50.66272 ] ] } },
{ "type": "Feature", "properties": { "name": "Courant du Pont du Beurre-Courant de l'Hautdyck", "weight_class": 1, "permanent": true, "length_km": 8.1 }, "geometry": { "type": "LineString", "coordinates": [ [ 2.65835, 50.70217 ], [ 2.65642, 50.6998 ], [ 2.65807, 50.69631 ], [ 2.66313, 50.69142 ], [ 2.66377, 50.68253 ], [ 2.67355, 50.66882 ], [ 2.68098, 50.66368 ], [ 2.68016, 50.66312 ], [ 2.68181, 50.66124 ], [ 2.68632, 50.66073 ], [ 2.68952, 50.65487 ], [ 2.68482, 50.64521 ], [ 2.68768, 50.64395 ], [ 2.68912, 50.64021 ] ] } },
{ "type": "Feature", "properties": { "name": "Bras de la Bourre", "weight_class": 1, "permanent": true, "length_km": 7.8 }, "geometry": { "type": "LineString", "coordinates": [ [ 2.54398, 50.67013 ], [ 2.5368, 50.67429 ], [ 2.53794, 50.676 ], [ 2.53057, 50.67924 ], [ 2.53414, 50.68854 ], [ 2.54745, 50.69729 ], [ 2.55929, 50.69062 ], [ 2.56565, 50.6927 ], [ 2.56973, 50.69265 ], [ 2.58237, 50.68422 ], [ 2.58771, 50.68342 ] ] } },
{ "type": "Feature", "properties": { "name": "Canal de la Nieppe", "weight_class": 3, "permanent": true, "length_km": 9.2 }, "geometry": { "type": "LineString", "coordinates": [ [ 2.46568, 50.64618 ], [ 2.47362, 50.64949 ], [ 2.4732, 50.65166 ], [ 2.50485, 50.66406 ], [ 2.52781, 50.67151 ], [ 2.53371, 50.66723 ], [ 2.53603, 50.66663 ], [ 2.54072, 50.66808 ], [ 2.55296, 50.67508 ], [ 2.56734, 50.68081 ], [ 2.57063, 50.68121 ] ] } },
{ "type": "Feature", "properties": { "name": "Canal d'Hazebrouck", "weight_class": 3, "permanent": true, "length_km": 14.5 }, "geometry": { "type": "LineString", "coordinates": [ [ 2.54491, 50.7154 ], [ 2.55008, 50.71311 ], [ 2.55893, 50.7048 ], [ 2.56364, 50.70173 ], [ 2.56916, 50.70039 ], [ 2.56904, 50.68532 ], [ 2.57242, 50.68175 ], [ 2.57063, 50.68121 ], [ 2.57223, 50.67873 ], [ 2.58238, 50.67263 ], [ 2.59247, 50.6755 ], [ 2.59418, 50.67521 ], [ 2.59584, 50.67245 ], [ 2.59938, 50.6731 ], [ 2.60279, 50.67188 ], [ 2.60464, 50.66833 ], [ 2.6046, 50.66533 ], [ 2.6062, 50.66468 ], [ 2.60474, 50.66262 ], [ 2.60788, 50.66131 ], [ 2.60773, 50.66053 ], [ 2.61088, 50.66079 ], [ 2.61094, 50.6599 ], [ 2.61266, 50.66006 ], [ 2.61265, 50.65907 ], [ 2.61534, 50.6592 ], [ 2.61645, 50.65735 ], [ 2.61951, 50.65763 ], [ 2.62042, 50.65643 ], [ 2.62136, 50.65755 ], [ 2.62517, 50.65749 ], [ 2.62486, 50.65648 ], [ 2.62726, 50.65621 ], [ 2.6296, 50.65431 ], [ 2.62848, 50.65287 ], [ 2.63057, 50.65326 ], [ 2.63095, 50.65226 ], [ 2.63355, 50.65211 ], [ 2.633, 50.64951 ], [ 2.6346, 50.64888 ], [ 2.63345, 50.64476 ], [ 2.63699, 50.63982 ] ] } },
{ "type": "Feature", "properties": { "name": "Ry Becque", "weight_class": 1, "permanent": true, "length_km": 2.5 }, "geometry": { "type": "LineString", "coordinates": [ [ 2.5325, 50.68378 ], [ 2.54027, 50.6804 ], [ 2.55256, 50.68872 ], [ 2.559, 50.69076 ] ] } },
{ "type": "Feature", "properties": { "name": "Vieille Lys Aval", "weight_class": 1, "permanent": true, "length_km": 9.7 }, "geometry": { "type": "MultiLineString", "coordinates": [ [ [ 2.54878, 50.62756 ], [ 2.55106, 50.62675 ], [ 2.55622, 50.62921 ], [ 2.5635, 50.63081 ], [ 2.56708, 50.63356 ], [ 2.57287, 50.63282 ], [ 2.57805, 50.63574 ], [ 2.58678, 50.6374 ], [ 2.58676, 50.63857 ], [ 2.58974, 50.63761 ], [ 2.59144, 50.63834 ], [ 2.58952, 50.63656 ] ], [ [ 2.59383, 50.63166 ], [ 2.5982, 50.63153 ] ], [ [ 2.60366, 50.63153 ], [ 2.60727, 50.63437 ], [ 2.61007, 50.63442 ], [ 2.61096, 50.63531 ], [ 2.61463, 50.63482 ], [ 2.61554, 50.63289 ], [ 2.61405, 50.62749 ], [ 2.61585, 50.6265 ] ], [ [ 2.61982, 50.6255 ], [ 2.62228, 50.62639 ], [ 2.62624, 50.62608 ], [ 2.62765, 50.62697 ], [ 2.6299, 50.62614 ], [ 2.635, 50.6285 ], [ 2.63715, 50.62798 ], [ 2.64157, 50.63167 ], [ 2.64139, 50.63423 ], [ 2.63877, 50.63687 ], [ 2.64073, 50.63798 ], [ 2.64617, 50.63849 ] ] ] } },
{ "type": "Feature", "properties": { "name": "Courant Vittu", "weight_class": 1, "permanent": true, "length_km": 2.6 }, "geometry": { "type": "LineString", "coordinates": [ [ 2.726, 50.61413 ], [ 2.7274, 50.61476 ], [ 2.72791, 50.61395 ], [ 2.7302, 50.61531 ], [ 2.73104, 50.61478 ], [ 2.73354, 50.61628 ], [ 2.73147, 50.61768 ], [ 2.73559, 50.61971 ], [ 2.73261, 50.62167 ], [ 2.73383, 50.62263 ], [ 2.73227, 50.62347 ], [ 2.73533, 50.62491 ], [ 2.73414, 50.62586 ], [ 2.73625, 50.62678 ] ] } },
{ "type": "Feature", "properties": { "name": "Courant du Pont Rinchon", "weight_class": 1, "permanent": true, "length_km": 3.9 }, "geometry": { "type": "MultiLineString", "coordinates": [ [ [ 2.726, 50.61413 ], [ 2.72439, 50.61465 ], [ 2.71911, 50.62204 ], [ 2.72266, 50.62455 ], [ 2.7224, 50.62621 ] ], [ [ 2.72369, 50.62685 ], [ 2.72509, 50.62788 ], [ 2.72304, 50.62916 ], [ 2.72491, 50.62942 ], [ 2.72463, 50.63089 ], [ 2.72659, 50.63171 ], [ 2.72819, 50.63715 ], [ 2.73213, 50.64038 ], [ 2.73228, 50.64226 ] ] ] } },
{ "type": "Feature", "properties": { "name": "Courant du Frenelet", "weight_class": 1, "permanent": true, "length_km": 2.8 }, "geometry": { "type": "LineString", "coordinates": [ [ 2.75739, 50.6187 ], [ 2.75656, 50.62048 ], [ 2.7473, 50.62235 ], [ 2.74368, 50.62523 ], [ 2.74462, 50.62744 ], [ 2.74197, 50.6328 ], [ 2.74058, 50.63316 ], [ 2.74083, 50.63519 ] ] } },
{ "type": "Feature", "properties": { "name": "Courant Harduin", "weight_class": 1, "permanent": true, "length_km": 5.5 }, "geometry": { "type": "LineString", "coordinates": [ [ 2.74854, 50.60198 ], [ 2.74087, 50.60888 ], [ 2.74442, 50.61036 ], [ 2.74088, 50.61382 ], [ 2.73658, 50.62129 ], [ 2.73871, 50.62443 ], [ 2.73458, 50.62879 ], [ 2.73377, 50.63174 ], [ 2.73886, 50.63305 ], [ 2.73832, 50.63422 ], [ 2.74076, 50.63481 ], [ 2.73906, 50.63935 ], [ 2.74117, 50.6421 ] ] } },
{ "type": "Feature", "properties": { "name": "le Pont des Planches", "weight_class": 1, "permanent": true, "length_km": 2.0 }, "geometry": { "type": "LineString", "coordinates": [ [ 2.52933, 50.84546 ], [ 2.5355, 50.85206 ], [ 2.5408, 50.85531 ], [ 2.54142, 50.85828 ], [ 2.5437, 50.85968 ] ] } },
{ "type": "Feature", "properties": { "name": "Hooghe Huis", "weight_class": 1, "permanent": false, "length_km": 2.4 }, "geometry": { "type": "LineString", "coordinates": [ [ 2.45637, 50.9105 ], [ 2.46084, 50.91016 ], [ 2.465, 50.91092 ], [ 2.46667, 50.90987 ], [ 2.47317, 50.90938 ], [ 2.47587, 50.90752 ], [ 2.48054, 50.90703 ], [ 2.48064, 50.90293 ] ] } },
{ "type": "Feature", "properties": { "name": "Cray Becque", "weight_class": 1, "permanent": false, "length_km": 4.1 }, "geometry": { "type": "LineString", "coordinates": [ [ 2.4744, 50.9284 ], [ 2.4771, 50.92939 ], [ 2.47873, 50.92773 ], [ 2.48919, 50.92654 ], [ 2.49172, 50.92546 ], [ 2.49384, 50.91669 ], [ 2.48957, 50.91377 ], [ 2.49447, 50.90585 ] ] } },
{ "type": "Feature", "properties": { "name": null, "weight_class": 1, "permanent": true, "length_km": 2.7 }, "geometry": { "type": "LineString", "coordinates": [ [ 2.50923, 50.99401 ], [ 2.50533, 50.99382 ], [ 2.50333, 51.00344 ], [ 2.48409, 51.00228 ] ] } },
{ "type": "Feature", "properties": { "name": "Deuxième Branche Floresbeque", "weight_class": 1, "permanent": true, "length_km": 3.5 }, "geometry": { "type": "LineString", "coordinates": [ [ 2.53727, 50.95445 ], [ 2.54105, 50.95734 ], [ 2.54043, 50.95959 ], [ 2.54224, 50.95984 ], [ 2.54128, 50.96134 ], [ 2.54282, 50.96163 ], [ 2.54197, 50.96275 ], [ 2.54879, 50.96538 ], [ 2.54818, 50.96634 ], [ 2.55514, 50.96956 ], [ 2.55631, 50.97101 ], [ 2.55273, 50.97414 ], [ 2.55444, 50.97503 ] ] } },
{ "type": "Feature", "properties": { "name": "Watergang l'Haeghedoorne", "weight_class": 1, "permanent": true, "length_km": 2.3 }, "geometry": { "type": "LineString", "coordinates": [ [ 2.51648, 50.96503 ], [ 2.5159, 50.96577 ], [ 2.51961, 50.96755 ], [ 2.51886, 50.96842 ], [ 2.52264, 50.96975 ], [ 2.52186, 50.97109 ], [ 2.5255, 50.97299 ], [ 2.52636, 50.97477 ], [ 2.53092, 50.97708 ], [ 2.53208, 50.97581 ], [ 2.53382, 50.97566 ] ] } },
{ "type": "Feature", "properties": { "name": "Mille Becque", "weight_class": 1, "permanent": true, "length_km": 2.9 }, "geometry": { "type": "LineString", "coordinates": [ [ 2.50919, 50.967 ], [ 2.509, 50.96832 ], [ 2.51238, 50.97005 ], [ 2.50822, 50.97343 ], [ 2.50792, 50.97738 ], [ 2.50627, 50.97698 ], [ 2.50387, 50.97985 ], [ 2.50269, 50.97969 ], [ 2.49809, 50.98607 ] ] } },
{ "type": "Feature", "properties": { "name": "Haege Meulen Becque", "weight_class": 1, "permanent": true, "length_km": 2.3 }, "geometry": { "type": "LineString", "coordinates": [ [ 2.48522, 50.96825 ], [ 2.48715, 50.96891 ], [ 2.48513, 50.97316 ], [ 2.48524, 50.97833 ], [ 2.47897, 50.98686 ] ] } },
{ "type": "Feature", "properties": { "name": null, "weight_class": 1, "permanent": true, "length_km": 4.6 }, "geometry": { "type": "MultiLineString", "coordinates": [ [ [ 2.36639, 51.04438 ], [ 2.35467, 51.04797 ], [ 2.35426, 51.05394 ], [ 2.35247, 51.05641 ] ], [ [ 2.36294, 51.03634 ], [ 2.36805, 51.04231 ] ], [ [ 2.36398, 51.03446 ], [ 2.37007, 51.03999 ], [ 2.36805, 51.04231 ] ], [ [ 2.36639, 51.04438 ], [ 2.36622, 51.04976 ] ], [ [ 2.36805, 51.04231 ], [ 2.36639, 51.04438 ] ] ] } },
{ "type": "Feature", "properties": { "name": "Branche du Canal de Coudekerque", "weight_class": 1, "permanent": false, "length_km": 2.3 }, "geometry": { "type": "LineString", "coordinates": [ [ 2.40461, 50.9972 ], [ 2.40265, 50.99774 ], [ 2.40188, 50.99938 ], [ 2.39836, 50.99939 ], [ 2.39713, 51.00328 ], [ 2.3951, 51.00396 ], [ 2.39594, 51.00607 ], [ 2.39807, 51.00604 ], [ 2.40269, 51.0085 ] ] } },
{ "type": "Feature", "properties": { "name": "Watergang de la Chapelle", "weight_class": 1, "permanent": true, "length_km": 2.7 }, "geometry": { "type": "LineString", "coordinates": [ [ 2.40831, 51.00108 ], [ 2.42169, 51.00328 ], [ 2.42205, 51.00437 ], [ 2.42001, 51.00641 ], [ 2.41445, 51.01028 ], [ 2.41403, 51.01319 ], [ 2.4164, 51.01385 ], [ 2.4156, 51.01487 ] ] } },
{ "type": "Feature", "properties": { "name": "Yoorendyck", "weight_class": 1, "permanent": true, "length_km": 2.6 }, "geometry": { "type": "LineString", "coordinates": [ [ 2.34027, 51.00085 ], [ 2.34244, 50.99456 ], [ 2.34475, 50.99292 ], [ 2.34543, 50.99414 ], [ 2.34982, 50.99429 ], [ 2.35179, 50.99067 ], [ 2.35342, 50.99087 ], [ 2.35309, 50.99376 ], [ 2.35505, 50.99431 ] ] } },
{ "type": "Feature", "properties": { "name": "Trommels Becque", "weight_class": 1, "permanent": true, "length_km": 3.5 }, "geometry": { "type": "LineString", "coordinates": [ [ 2.41564, 50.85046 ], [ 2.42324, 50.85139 ], [ 2.42974, 50.85392 ], [ 2.43368, 50.84841 ], [ 2.43765, 50.84657 ], [ 2.45241, 50.85424 ] ] } },
{ "type": "Feature", "properties": { "name": "Roesten Helts Becque", "weight_class": 1, "permanent": false, "length_km": 3.5 }, "geometry": { "type": "LineString", "coordinates": [ [ 2.37913, 50.8447 ], [ 2.38854, 50.8499 ], [ 2.38973, 50.85182 ], [ 2.388, 50.85392 ], [ 2.39302, 50.85596 ], [ 2.39015, 50.85919 ], [ 2.38975, 50.86048 ], [ 2.39135, 50.86122 ], [ 2.38751, 50.8662 ], [ 2.38374, 50.86464 ] ] } },
{ "type": "Feature", "properties": { "name": "Becque de Bissezeele", "weight_class": 1, "permanent": false, "length_km": 2.9 }, "geometry": { "type": "LineString", "coordinates": [ [ 2.41573, 50.89985 ], [ 2.41714, 50.89985 ], [ 2.42426, 50.8955 ], [ 2.43018, 50.89547 ], [ 2.43074, 50.89421 ], [ 2.43467, 50.89235 ], [ 2.43676, 50.89404 ], [ 2.43981, 50.89447 ], [ 2.44213, 50.89297 ], [ 2.44622, 50.89254 ] ] } },
{ "type": "Feature", "properties": { "name": null, "weight_class": 1, "permanent": true, "length_km": 2.6 }, "geometry": { "type": "LineString", "coordinates": [ [ 2.41467, 50.98937 ], [ 2.41272, 50.98952 ], [ 2.40928, 50.98793 ], [ 2.40805, 50.9903 ], [ 2.40525, 50.99006 ], [ 2.40432, 50.99246 ], [ 2.40219, 50.99335 ], [ 2.40294, 50.9942 ], [ 2.40658, 50.99463 ], [ 2.40634, 50.99341 ], [ 2.41255, 50.99379 ] ] } },
{ "type": "Feature", "properties": { "name": "Oude Gracht", "weight_class": 1, "permanent": true, "length_km": 2.6 }, "geometry": { "type": "LineString", "coordinates": [ [ 2.37643, 50.96217 ], [ 2.38558, 50.96485 ], [ 2.39155, 50.96535 ], [ 2.39302, 50.96363 ], [ 2.397, 50.96471 ], [ 2.40447, 50.9682 ], [ 2.40633, 50.97041 ] ] } },
{ "type": "Feature", "properties": { "name": "Canal Lacour", "weight_class": 1, "permanent": true, "length_km": 5.3 }, "geometry": { "type": "LineString", "coordinates": [ [ 2.54014, 51.03472 ], [ 2.52512, 51.03074 ], [ 2.54726, 50.99672 ] ] } },
{ "type": "Feature", "properties": { "name": "Ouden Haven", "weight_class": 1, "permanent": false, "length_km": 3.3 }, "geometry": { "type": "LineString", "coordinates": [ [ 2.47764, 51.05351 ], [ 2.48115, 51.05194 ], [ 2.48718, 51.04539 ], [ 2.49128, 51.04413 ], [ 2.49512, 51.03993 ], [ 2.50692, 51.03265 ] ] } },
{ "type": "Feature", "properties": { "name": "Watergang Niderleet", "weight_class": 1, "permanent": true, "length_km": 3.1 }, "geometry": { "type": "LineString", "coordinates": [ [ 2.47592, 51.03118 ], [ 2.47368, 51.02988 ], [ 2.47533, 51.02756 ], [ 2.47246, 51.02653 ], [ 2.47337, 51.02588 ], [ 2.47167, 51.02505 ], [ 2.47293, 51.02279 ], [ 2.47186, 51.02247 ], [ 2.47506, 51.0203 ], [ 2.47641, 51.02106 ], [ 2.47991, 51.01829 ], [ 2.47916, 51.01785 ], [ 2.48543, 51.01351 ] ] } },
{ "type": "Feature", "properties": { "name": "Gaers Leet", "weight_class": 1, "permanent": true, "length_km": 5.7 }, "geometry": { "type": "MultiLineString", "coordinates": [ [ [ 2.47426, 51.05208 ], [ 2.4731, 51.04891 ], [ 2.47457, 51.04747 ], [ 2.47236, 51.04717 ], [ 2.47996, 51.03607 ], [ 2.48552, 51.03071 ], [ 2.48713, 51.03137 ], [ 2.48991, 51.02935 ], [ 2.49196, 51.03027 ], [ 2.50111, 51.02521 ] ], [ [ 2.50423, 51.02778 ], [ 2.50448, 51.02653 ], [ 2.51509, 51.01962 ], [ 2.51589, 51.0199 ] ] ] } },
{ "type": "Feature", "properties": { "name": "Watergang Snackedyck", "weight_class": 1, "permanent": true, "length_km": 6.2 }, "geometry": { "type": "MultiLineString", "coordinates": [ [ [ 2.42483, 51.0327 ], [ 2.43682, 51.02253 ], [ 2.43535, 51.02087 ], [ 2.42738, 51.01705 ], [ 2.42915, 51.01551 ], [ 2.42713, 51.01447 ] ], [ [ 2.43076, 51.01431 ], [ 2.43357, 51.012 ], [ 2.4322, 51.01123 ], [ 2.4378, 51.00777 ], [ 2.4417, 50.99984 ], [ 2.44537, 50.99709 ], [ 2.44159, 50.99622 ], [ 2.44443, 50.9934 ], [ 2.44443, 50.9918 ], [ 2.44214, 50.99136 ] ] ] } },
{ "type": "Feature", "properties": { "name": "Canal de l'Ile Jeanty", "weight_class": 3, "permanent": true, "length_km": 2.0 }, "geometry": { "type": "LineString", "coordinates": [ [ 2.36603, 51.02843 ], [ 2.36294, 51.03634 ], [ 2.34765, 51.03899 ] ] } },
{ "type": "Feature", "properties": { "name": "Canal de Bergues", "weight_class": 3, "permanent": true, "length_km": 7.8 }, "geometry": { "type": "LineString", "coordinates": [ [ 2.42665, 50.97156 ], [ 2.42234, 50.97524 ], [ 2.40812, 50.98332 ], [ 2.39808, 50.99129 ], [ 2.3922, 50.99764 ], [ 2.38405, 51.00203 ], [ 2.37204, 51.02988 ] ] } },
{ "type": "Feature", "properties": { "name": "Canal de Furnes à Dunkerque", "weight_class": 3, "permanent": true, "length_km": 13.3 }, "geometry": { "type": "LineString", "coordinates": [ [ 2.55914, 51.07002 ], [ 2.54608, 51.06559 ], [ 2.52344, 51.06209 ], [ 2.49513, 51.05933 ], [ 2.47322, 51.05179 ], [ 2.38644, 51.03015 ], [ 2.38309, 51.03001 ] ] } },
{ "type": "Feature", "properties": { "name": "Oudegracht", "weight_class": 1, "permanent": true, "length_km": 7.0 }, "geometry": { "type": "LineString", "coordinates": [ [ 2.30859, 50.93488 ], [ 2.31238, 50.93793 ], [ 2.31767, 50.93982 ], [ 2.32221, 50.94587 ], [ 2.34341, 50.95704 ], [ 2.35686, 50.96211 ], [ 2.35898, 50.96418 ], [ 2.36324, 50.96491 ], [ 2.36403, 50.96416 ], [ 2.36735, 50.96511 ], [ 2.36833, 50.96411 ], [ 2.37074, 50.96422 ], [ 2.3755, 50.96586 ], [ 2.37452, 50.96989 ] ] } },
{ "type": "Feature", "properties": { "name": "Moereleet", "weight_class": 1, "permanent": true, "length_km": 8.2 }, "geometry": { "type": "LineString", "coordinates": [ [ 2.55823, 51.06947 ], [ 2.54647, 51.06536 ], [ 2.52448, 51.06177 ], [ 2.49829, 51.05935 ], [ 2.49933, 51.05755 ], [ 2.49607, 51.05671 ], [ 2.49615, 51.05284 ], [ 2.4982, 51.05279 ], [ 2.49832, 51.05194 ], [ 2.50194, 51.05231 ], [ 2.50378, 51.04849 ], [ 2.50442, 51.04464 ], [ 2.5015, 51.04107 ], [ 2.502, 51.04 ], [ 2.51064, 51.03475 ] ] } },
{ "type": "Feature", "properties": { "name": "Canal Exutoire des Wateringues", "weight_class": 3, "permanent": true, "length_km": 4.4 }, "geometry": { "type": "LineString", "coordinates": [ [ 2.38208, 51.02999 ], [ 2.38792, 51.03644 ], [ 2.38622, 51.04343 ], [ 2.38423, 51.04611 ], [ 2.37748, 51.04914 ], [ 2.36622, 51.04976 ], [ 2.35688, 51.05685 ] ] } },
{ "type": "Feature", "properties": { "name": "Bassin Maritime de Dunkerque", "weight_class": 1, "permanent": true, "length_km": 8.5 }, "geometry": { "type": "LineString", "coordinates": [ [ 2.26756, 51.02594 ], [ 2.26538, 51.0421 ], [ 2.32232, 51.05282 ], [ 2.35688, 51.05685 ] ] } },
{ "type": "Feature", "properties": { "name": "Canal des Chats", "weight_class": 2, "permanent": true, "length_km": 5.9 }, "geometry": { "type": "LineString", "coordinates": [ [ 2.5284, 51.04482 ], [ 2.5199, 51.04109 ], [ 2.51561, 51.03725 ], [ 2.5042, 51.03127 ], [ 2.50478, 51.02824 ], [ 2.49878, 51.02256 ], [ 2.47466, 51.00694 ] ] } },
{ "type": "Feature", "properties": { "name": "Zee Gracht", "weight_class": 1, "permanent": true, "length_km": 4.0 }, "geometry": { "type": "LineString", "coordinates": [ [ 2.46183, 51.01332 ], [ 2.45967, 51.03479 ], [ 2.45894, 51.0375 ], [ 2.45644, 51.03823 ], [ 2.45722, 51.04784 ] ] } },
{ "type": "Feature", "properties": { "name": "Canal de Coudekerque", "weight_class": 1, "permanent": true, "length_km": 6.6 }, "geometry": { "type": "MultiLineString", "coordinates": [ [ [ 2.41526, 50.98798 ], [ 2.41186, 50.99631 ], [ 2.40253, 51.00891 ], [ 2.40064, 51.01001 ], [ 2.4015, 51.01535 ] ], [ [ 2.42076, 50.98553 ], [ 2.4194, 50.98779 ], [ 2.41823, 50.98803 ], [ 2.41526, 50.98798 ] ], [ [ 2.42076, 50.98553 ], [ 2.41523, 50.98416 ], [ 2.41287, 50.98629 ], [ 2.41509, 50.9866 ], [ 2.41526, 50.98798 ] ], [ [ 2.42744, 50.97366 ], [ 2.42486, 50.97616 ], [ 2.42452, 50.98 ], [ 2.42076, 50.98553 ] ] ] } },
{ "type": "Feature", "properties": { "name": "Canal des Moëres", "weight_class": 2, "permanent": true, "length_km": 10.8 }, "geometry": { "type": "LineString", "coordinates": [ [ 2.50783, 51.00451 ], [ 2.49969, 51.00704 ], [ 2.49218, 51.00665 ], [ 2.48842, 51.00538 ], [ 2.48396, 51.00228 ], [ 2.46027, 51.01364 ], [ 2.44169, 51.01346 ], [ 2.40168, 51.01531 ], [ 2.40018, 51.01787 ], [ 2.39665, 51.02038 ], [ 2.39689, 51.02301 ], [ 2.39019, 51.02656 ], [ 2.38449, 51.02795 ], [ 2.38353, 51.03047 ], [ 2.38492, 51.03299 ] ] } },
{ "type": "Feature", "properties": { "name": "Canal de Bourbourg", "weight_class": 3, "permanent": true, "length_km": 20.6 }, "geometry": { "type": "LineString", "coordinates": [ [ 2.15088, 50.93713 ], [ 2.15274, 50.9395 ], [ 2.1737, 50.94233 ], [ 2.19241, 50.94784 ], [ 2.19511, 50.94961 ], [ 2.20292, 50.94813 ], [ 2.26456, 50.95534 ], [ 2.27273, 50.96127 ], [ 2.28915, 50.98108 ], [ 2.29805, 50.98665 ], [ 2.32308, 50.99925 ], [ 2.34652, 51.00242 ], [ 2.3551, 51.00504 ], [ 2.36817, 51.0116 ], [ 2.3697, 51.01714 ], [ 2.36703, 51.01939 ], [ 2.36603, 51.02843 ] ] } },
{ "type": "Feature", "properties": { "name": "Zeegracht", "weight_class": 2, "permanent": true, "length_km": 3.4 }, "geometry": { "type": "LineString", "coordinates": [ [ 2.46872, 50.98347 ], [ 2.46291, 50.99617 ], [ 2.46133, 51.01342 ] ] } },
{ "type": "Feature", "properties": { "name": "Grand Hey Leet", "weight_class": 1, "permanent": true, "length_km": 3.6 }, "geometry": { "type": "LineString", "coordinates": [ [ 2.43848, 50.97373 ], [ 2.43074, 50.98963 ], [ 2.4255, 50.99194 ], [ 2.42418, 50.99451 ], [ 2.42192, 50.99522 ], [ 2.41294, 50.99301 ] ] } },
{ "type": "Feature", "properties": { "name": "Petit Hey Leet", "weight_class": 1, "permanent": true, "length_km": 3.7 }, "geometry": { "type": "LineString", "coordinates": [ [ 2.44573, 50.97705 ], [ 2.44352, 50.97944 ], [ 2.44682, 50.98218 ], [ 2.43945, 50.99513 ], [ 2.43584, 50.997 ], [ 2.43032, 50.99503 ], [ 2.42614, 50.99573 ], [ 2.42371, 50.99472 ] ] } },
{ "type": "Feature", "properties": { "name": "Langhegracht", "weight_class": 2, "permanent": true, "length_km": 13.8 }, "geometry": { "type": "LineString", "coordinates": [ [ 2.25574, 50.91886 ], [ 2.2745, 50.93319 ], [ 2.28255, 50.94506 ], [ 2.30332, 50.96457 ], [ 2.31757, 50.96964 ], [ 2.32002, 50.97116 ], [ 2.31919, 50.97368 ], [ 2.32479, 50.97427 ], [ 2.32837, 50.9757 ], [ 2.34001, 50.97666 ], [ 2.34862, 50.98427 ], [ 2.35493, 50.98552 ], [ 2.35888, 50.98732 ], [ 2.36552, 50.99104 ], [ 2.37049, 50.99562 ], [ 2.38405, 51.00203 ] ] } },
{ "type": "Feature", "properties": { "name": "Canal de la Haute Colme", "weight_class": 4, "permanent": true, "length_km": 23.4 }, "geometry": { "type": "MultiLineString", "coordinates": [ [ [ 2.20832, 50.83798 ], [ 2.2121, 50.84622 ], [ 2.2254, 50.86275 ], [ 2.23167, 50.87418 ], [ 2.24112, 50.88057 ], [ 2.25031, 50.89264 ] ], [ [ 2.25155, 50.89413 ], [ 2.2686, 50.91753 ], [ 2.28586, 50.92812 ], [ 2.29126, 50.93006 ], [ 2.30178, 50.9373 ], [ 2.3078, 50.9423 ], [ 2.32289, 50.95909 ], [ 2.33063, 50.96042 ], [ 2.34159, 50.96429 ], [ 2.36326, 50.96738 ], [ 2.37084, 50.96975 ], [ 2.42082, 50.97081 ], [ 2.42619, 50.9721 ] ] ] } },
{ "type": "Feature", "properties": { "name": "Schelf Vliet", "weight_class": 2, "permanent": true, "length_km": 7.2 }, "geometry": { "type": "LineString", "coordinates": [ [ 2.48755, 50.9465 ], [ 2.48427, 50.95137 ], [ 2.48686, 50.95276 ], [ 2.48538, 50.9556 ], [ 2.47854, 50.95842 ], [ 2.47719, 50.96181 ], [ 2.4721, 50.96249 ], [ 2.46616, 50.96105 ], [ 2.45845, 50.96198 ], [ 2.45279, 50.96074 ], [ 2.44812, 50.96205 ], [ 2.44365, 50.96152 ], [ 2.44335, 50.96237 ], [ 2.43248, 50.96349 ], [ 2.42956, 50.96484 ], [ 2.42684, 50.96464 ], [ 2.42668, 50.96561 ], [ 2.42451, 50.96642 ], [ 2.42373, 50.96883 ], [ 2.4255, 50.97011 ], [ 2.42495, 50.97172 ] ] } },
{ "type": "Feature", "properties": { "name": "Canal de la Basse Colme", "weight_class": 3, "permanent": true, "length_km": 12.1 }, "geometry": { "type": "LineString", "coordinates": [ [ 2.58169, 51.00091 ], [ 2.57824, 50.99661 ], [ 2.56389, 50.99048 ], [ 2.55639, 50.98921 ], [ 2.54646, 50.98916 ], [ 2.53281, 50.98761 ], [ 2.5269, 50.98844 ], [ 2.5189, 50.98785 ], [ 2.51252, 50.98578 ], [ 2.49809, 50.98607 ], [ 2.48998, 50.98792 ], [ 2.47568, 50.98645 ], [ 2.46723, 50.98285 ], [ 2.45128, 50.97981 ], [ 2.43372, 50.97184 ], [ 2.42665, 50.97156 ] ] } },
{ "type": "Feature", "properties": { "name": "Rokamerdyck", "weight_class": 1, "permanent": true, "length_km": 4.7 }, "geometry": { "type": "LineString", "coordinates": [ [ 2.363, 50.97694 ], [ 2.36544, 50.97685 ], [ 2.36666, 50.97441 ], [ 2.36917, 50.9758 ], [ 2.37361, 50.97508 ], [ 2.38841, 50.97943 ], [ 2.39043, 50.97632 ], [ 2.39875, 50.97862 ], [ 2.40491, 50.97818 ], [ 2.41062, 50.97907 ], [ 2.4129, 50.97997 ], [ 2.41076, 50.9818 ] ] } },
{ "type": "Feature", "properties": { "name": "Becque de Killem", "weight_class": 1, "permanent": true, "length_km": 6.0 }, "geometry": { "type": "LineString", "coordinates": [ [ 2.5172, 50.94764 ], [ 2.5251, 50.95475 ], [ 2.52245, 50.95825 ], [ 2.52516, 50.95968 ], [ 2.52407, 50.96197 ], [ 2.52611, 50.96389 ], [ 2.52643, 50.96606 ], [ 2.52499, 50.96687 ], [ 2.52584, 50.96848 ], [ 2.53484, 50.97638 ], [ 2.54092, 50.9794 ], [ 2.54788, 50.98131 ], [ 2.54173, 50.98875 ] ] } },
{ "type": "Feature", "properties": { "name": "Bierendyck", "weight_class": 1, "permanent": true, "length_km": 5.7 }, "geometry": { "type": "LineString", "coordinates": [ [ 2.37411, 50.92747 ], [ 2.37822, 50.92994 ], [ 2.38712, 50.93042 ], [ 2.39649, 50.93355 ], [ 2.39698, 50.93555 ], [ 2.40001, 50.93703 ], [ 2.39694, 50.94189 ], [ 2.40177, 50.94529 ], [ 2.4009, 50.94627 ], [ 2.40186, 50.9472 ], [ 2.40807, 50.9507 ], [ 2.40588, 50.9528 ], [ 2.41143, 50.95783 ], [ 2.40895, 50.95985 ] ] } },
{ "type": "Feature", "properties": { "name": "Verkerde Becque", "weight_class": 1, "permanent": true, "length_km": 4.2 }, "geometry": { "type": "LineString", "coordinates": [ [ 2.44048, 50.93404 ], [ 2.4404, 50.93247 ], [ 2.4348, 50.93179 ], [ 2.43058, 50.92991 ], [ 2.42501, 50.93069 ], [ 2.4207, 50.93007 ], [ 2.40894, 50.93825 ], [ 2.4086, 50.94137 ], [ 2.40315, 50.94754 ] ] } },
{ "type": "Feature", "properties": { "name": "Craene Becque", "weight_class": 1, "permanent": true, "length_km": 2.3 }, "geometry": { "type": "LineString", "coordinates": [ [ 2.3756, 50.93226 ], [ 2.3739, 50.93387 ], [ 2.37831, 50.93526 ], [ 2.38123, 50.9379 ], [ 2.38408, 50.93878 ], [ 2.38926, 50.93867 ], [ 2.39694, 50.94189 ] ] } },
{ "type": "Feature", "properties": { "name": "Houtgracht", "weight_class": 1, "permanent": true, "length_km": 9.6 }, "geometry": { "type": "LineString", "coordinates": [ [ 2.31216, 50.93774 ], [ 2.31504, 50.93564 ], [ 2.33731, 50.94241 ], [ 2.35068, 50.95065 ], [ 2.35325, 50.95374 ], [ 2.35956, 50.95688 ], [ 2.36363, 50.95537 ], [ 2.36874, 50.95509 ], [ 2.38564, 50.95856 ], [ 2.39455, 50.95759 ], [ 2.39962, 50.95823 ], [ 2.40337, 50.96049 ], [ 2.41046, 50.96028 ], [ 2.41523, 50.96401 ], [ 2.42126, 50.96535 ], [ 2.42457, 50.96706 ] ] } },
{ "type": "Feature", "properties": { "name": "Sale Becque", "weight_class": 1, "permanent": true, "length_km": 15.3 }, "geometry": { "type": "LineString", "coordinates": [ [ 2.4805, 50.80666 ], [ 2.47633, 50.81043 ], [ 2.47812, 50.81343 ], [ 2.47624, 50.81739 ], [ 2.48064, 50.821 ], [ 2.48043, 50.82211 ], [ 2.48807, 50.82593 ], [ 2.48939, 50.83175 ], [ 2.4921, 50.83504 ], [ 2.49045, 50.83562 ], [ 2.49262, 50.83957 ], [ 2.49187, 50.84082 ], [ 2.49433, 50.84409 ], [ 2.49362, 50.84527 ], [ 2.4957, 50.84701 ], [ 2.49643, 50.8499 ], [ 2.50492, 50.85712 ], [ 2.50349, 50.85892 ], [ 2.50388, 50.86049 ], [ 2.497, 50.86434 ], [ 2.49383, 50.86802 ], [ 2.48856, 50.8698 ], [ 2.485, 50.87514 ], [ 2.49266, 50.87782 ], [ 2.4962, 50.88321 ], [ 2.50005, 50.88464 ], [ 2.50622, 50.88882 ], [ 2.50791, 50.89301 ], [ 2.5065, 50.89644 ], [ 2.51449, 50.90263 ], [ 2.51965, 50.90451 ] ] } },
{ "type": "Feature", "properties": { "name": "Zwyne Becque", "weight_class": 1, "permanent": true, "length_km": 6.7 }, "geometry": { "type": "MultiLineString", "coordinates": [ [ [ 2.54143, 50.93031 ], [ 2.54343, 50.9303 ], [ 2.5434, 50.93112 ], [ 2.5492, 50.93065 ], [ 2.55256, 50.92675 ], [ 2.55524, 50.92685 ], [ 2.55527, 50.92613 ], [ 2.55868, 50.92694 ], [ 2.56488, 50.9267 ], [ 2.57, 50.92494 ], [ 2.57029, 50.92342 ], [ 2.57331, 50.9239 ], [ 2.57472, 50.92505 ], [ 2.57922, 50.92304 ], [ 2.58, 50.92353 ], [ 2.5852, 50.92261 ], [ 2.58989, 50.92049 ], [ 2.59227, 50.91537 ], [ 2.59444, 50.91438 ], [ 2.59689, 50.91493 ] ], [ [ 2.59735, 50.91501 ], [ 2.60379, 50.91666 ], [ 2.60589, 50.91359 ] ] ] } },
{ "type": "Feature", "properties": { "name": "Petite Becque/la Petite Becque", "weight_class": 1, "permanent": true, "length_km": 4.9 }, "geometry": { "type": "LineString", "coordinates": [ [ 2.50334, 50.86923 ], [ 2.51497, 50.87946 ], [ 2.53084, 50.88361 ], [ 2.53723, 50.89017 ], [ 2.54778, 50.89765 ] ] } },
{ "type": "Feature", "properties": { "name": "Peene Becque", "weight_class": 1, "permanent": true, "length_km": 25.0 }, "geometry": { "type": "LineString", "coordinates": [ [ 2.48348, 50.79251 ], [ 2.48191, 50.79112 ], [ 2.47966, 50.79079 ], [ 2.47885, 50.78576 ], [ 2.47658, 50.7831 ], [ 2.47004, 50.78405 ], [ 2.46681, 50.78301 ], [ 2.46491, 50.78377 ], [ 2.4603, 50.78311 ], [ 2.45374, 50.78429 ], [ 2.43487, 50.79283 ], [ 2.43234, 50.79545 ], [ 2.42378, 50.79687 ], [ 2.41728, 50.80167 ], [ 2.41118, 50.80379 ], [ 2.40789, 50.80394 ], [ 2.40187, 50.81099 ], [ 2.40304, 50.81271 ], [ 2.4017, 50.81457 ], [ 2.4021, 50.81669 ], [ 2.40612, 50.82422 ], [ 2.41032, 50.82679 ], [ 2.41183, 50.82654 ], [ 2.41235, 50.82911 ], [ 2.41733, 50.83099 ], [ 2.42067, 50.8353 ], [ 2.42486, 50.83709 ], [ 2.42495, 50.83808 ], [ 2.42914, 50.84079 ], [ 2.43483, 50.84101 ], [ 2.43863, 50.84352 ], [ 2.44024, 50.84295 ], [ 2.44041, 50.84374 ], [ 2.44754, 50.84557 ], [ 2.45306, 50.85171 ], [ 2.45178, 50.85527 ], [ 2.45862, 50.8549 ], [ 2.4588, 50.85884 ], [ 2.46238, 50.86002 ], [ 2.46719, 50.86502 ], [ 2.46871, 50.86535 ], [ 2.46519, 50.86761 ], [ 2.46445, 50.86902 ], [ 2.46546, 50.87076 ], [ 2.46285, 50.87218 ], [ 2.4653, 50.87281 ], [ 2.46813, 50.87718 ], [ 2.4697, 50.87783 ], [ 2.46856, 50.88056 ], [ 2.47346, 50.88713 ], [ 2.47238, 50.88767 ], [ 2.47339, 50.88821 ], [ 2.47281, 50.88944 ], [ 2.47497, 50.89112 ], [ 2.47359, 50.89168 ], [ 2.47562, 50.89342 ], [ 2.47471, 50.89422 ], [ 2.47588, 50.89441 ], [ 2.47446, 50.89719 ], [ 2.4761, 50.89862 ], [ 2.47518, 50.89968 ], [ 2.47841, 50.90145 ] ] } },
{ "type": "Feature", "properties": { "name": "Becque Separative", "weight_class": 1, "permanent": false, "length_km": 3.2 }, "geometry": { "type": "LineString", "coordinates": [ [ 2.36396, 50.85405 ], [ 2.36321, 50.85483 ], [ 2.36723, 50.85822 ], [ 2.37145, 50.85982 ], [ 2.37377, 50.85748 ], [ 2.38237, 50.86264 ], [ 2.38383, 50.86447 ], [ 2.38084, 50.86602 ], [ 2.37858, 50.86989 ] ] } },
{ "type": "Feature", "properties": { "name": "Becque d'Oudezeele Land Becque", "weight_class": 1, "permanent": true, "length_km": 7.5 }, "geometry": { "type": "LineString", "coordinates": [ [ 2.4836, 50.80703 ], [ 2.48558, 50.806 ], [ 2.49064, 50.80839 ], [ 2.49466, 50.80787 ], [ 2.50092, 50.81125 ], [ 2.49862, 50.81966 ], [ 2.50022, 50.82191 ], [ 2.49831, 50.82317 ], [ 2.5044, 50.82892 ], [ 2.50552, 50.83084 ], [ 2.50424, 50.83216 ], [ 2.50803, 50.83897 ], [ 2.50699, 50.83954 ], [ 2.50764, 50.84102 ], [ 2.50536, 50.84231 ], [ 2.50712, 50.8483 ], [ 2.50626, 50.85182 ], [ 2.50222, 50.85471 ] ] } },
{ "type": "Feature", "properties": { "name": "Cray Hill Becque", "weight_class": 1, "permanent": false, "length_km": 4.1 }, "geometry": { "type": "LineString", "coordinates": [ [ 2.36898, 50.8269 ], [ 2.37355, 50.82807 ], [ 2.3817, 50.83197 ], [ 2.39448, 50.83553 ], [ 2.39886, 50.8348 ], [ 2.40531, 50.83649 ], [ 2.41648, 50.83464 ], [ 2.41959, 50.83315 ] ] } },
{ "type": "Feature", "properties": { "name": "Oudezeele", "weight_class": 1, "permanent": false, "length_km": 2.2 }, "geometry": { "type": "LineString", "coordinates": [ [ 2.5077, 50.82005 ], [ 2.50775, 50.82226 ], [ 2.50992, 50.82501 ], [ 2.50903, 50.82572 ], [ 2.51252, 50.82866 ], [ 2.51354, 50.83152 ], [ 2.51148, 50.83364 ], [ 2.50699, 50.83564 ] ] } },
{ "type": "Feature", "properties": { "name": "Holle Becque", "weight_class": 1, "permanent": true, "length_km": 3.7 }, "geometry": { "type": "LineString", "coordinates": [ [ 2.52287, 50.82561 ], [ 2.52523, 50.82701 ], [ 2.52635, 50.82968 ], [ 2.53518, 50.83333 ], [ 2.53875, 50.8364 ], [ 2.54455, 50.83724 ], [ 2.54838, 50.83919 ], [ 2.55613, 50.84716 ] ] } },
{ "type": "Feature", "properties": { "name": "Pis Becque", "weight_class": 1, "permanent": true, "length_km": 2.9 }, "geometry": { "type": "LineString", "coordinates": [ [ 2.49854, 50.79659 ], [ 2.50265, 50.79645 ], [ 2.50455, 50.79419 ], [ 2.50253, 50.78722 ], [ 2.5003, 50.78448 ], [ 2.49022, 50.77953 ], [ 2.48925, 50.77873 ], [ 2.49022, 50.77791 ] ] } },
{ "type": "Feature", "properties": { "name": "Ruisseau de Sainte-Marie", "weight_class": 1, "permanent": true, "length_km": 2.1 }, "geometry": { "type": "LineString", "coordinates": [ [ 2.51004, 50.76737 ], [ 2.5068, 50.77073 ], [ 2.5046, 50.77006 ], [ 2.50217, 50.773 ], [ 2.49022, 50.77791 ] ] } },
{ "type": "Feature", "properties": { "name": "Bornhol Becque", "weight_class": 1, "permanent": false, "length_km": 3.7 }, "geometry": { "type": "LineString", "coordinates": [ [ 2.45189, 50.75213 ], [ 2.46219, 50.75524 ], [ 2.46145, 50.75598 ], [ 2.46541, 50.75806 ], [ 2.47072, 50.76285 ], [ 2.47256, 50.76714 ], [ 2.47538, 50.76933 ], [ 2.47336, 50.76982 ], [ 2.47134, 50.7747 ] ] } },
{ "type": "Feature", "properties": { "name": "Zuytpeene", "weight_class": 1, "permanent": false, "length_km": 3.1 }, "geometry": { "type": "LineString", "coordinates": [ [ 2.46597, 50.80357 ], [ 2.45965, 50.80193 ], [ 2.45278, 50.80398 ], [ 2.44289, 50.80412 ], [ 2.43215, 50.79553 ] ] } },
{ "type": "Feature", "properties": { "name": "Terdeghem", "weight_class": 1, "permanent": false, "length_km": 2.8 }, "geometry": { "type": "LineString", "coordinates": [ [ 2.54095, 50.79965 ], [ 2.53692, 50.80646 ], [ 2.52677, 50.80988 ], [ 2.51618, 50.80765 ], [ 2.51345, 50.80573 ] ] } },
{ "type": "Feature", "properties": { "name": "Moe Becque", "weight_class": 1, "permanent": true, "length_km": 6.0 }, "geometry": { "type": "LineString", "coordinates": [ [ 2.50998, 50.79859 ], [ 2.51492, 50.7977 ], [ 2.52441, 50.80068 ], [ 2.52484, 50.79997 ], [ 2.52904, 50.80028 ], [ 2.53588, 50.79924 ], [ 2.54308, 50.79977 ], [ 2.54702, 50.79823 ], [ 2.55715, 50.79871 ], [ 2.56999, 50.80193 ], [ 2.57793, 50.8073 ], [ 2.5821, 50.80795 ] ] } },
{ "type": "Feature", "properties": { "name": "Becque de la Bréarde", "weight_class": 1, "permanent": true, "length_km": 3.2 }, "geometry": { "type": "LineString", "coordinates": [ [ 2.52023, 50.759 ], [ 2.53627, 50.75871 ], [ 2.54707, 50.75551 ], [ 2.54866, 50.74959 ], [ 2.55233, 50.74543 ] ] } },
{ "type": "Feature", "properties": { "name": "la Maison Blanche", "weight_class": 1, "permanent": false, "length_km": 2.1 }, "geometry": { "type": "LineString", "coordinates": [ [ 2.42823, 50.75497 ], [ 2.42745, 50.75876 ], [ 2.42409, 50.76177 ], [ 2.42527, 50.7647 ], [ 2.42766, 50.7664 ], [ 2.427, 50.76953 ], [ 2.4282, 50.7716 ] ] } },
{ "type": "Feature", "properties": { "name": "Steenaert Becque", "weight_class": 1, "permanent": true, "length_km": 2.9 }, "geometry": { "type": "LineString", "coordinates": [ [ 2.37281, 50.7986 ], [ 2.37742, 50.79994 ], [ 2.38535, 50.80422 ], [ 2.3982, 50.80827 ], [ 2.40225, 50.80861 ], [ 2.40187, 50.81099 ] ] } },
{ "type": "Feature", "properties": { "name": "Ruisseau Becquerely", "weight_class": 1, "permanent": true, "length_km": 2.9 }, "geometry": { "type": "LineString", "coordinates": [ [ 2.40303, 50.71377 ], [ 2.40184, 50.71239 ], [ 2.39818, 50.71181 ], [ 2.39229, 50.70814 ], [ 2.39196, 50.7048 ], [ 2.39534, 50.70207 ], [ 2.39581, 50.70036 ], [ 2.39417, 50.69738 ], [ 2.39063, 50.6953 ] ] } },
{ "type": "Feature", "properties": { "name": "Steenaert Becque", "weight_class": 1, "permanent": false, "length_km": 2.5 }, "geometry": { "type": "LineString", "coordinates": [ [ 2.36216, 50.83118 ], [ 2.35666, 50.82784 ], [ 2.35505, 50.82856 ], [ 2.35278, 50.82682 ], [ 2.34611, 50.82951 ], [ 2.34363, 50.8332 ], [ 2.337, 50.83215 ] ] } },
{ "type": "Feature", "properties": { "name": "Zermezeele Becque", "weight_class": 1, "permanent": true, "length_km": 4.9 }, "geometry": { "type": "LineString", "coordinates": [ [ 2.45386, 50.82221 ], [ 2.45454, 50.82468 ], [ 2.45119, 50.82689 ], [ 2.46267, 50.83648 ], [ 2.46305, 50.84085 ], [ 2.46542, 50.84301 ], [ 2.46588, 50.84799 ], [ 2.46871, 50.85174 ], [ 2.46284, 50.85467 ], [ 2.4606, 50.85424 ], [ 2.45863, 50.85495 ] ] } },
{ "type": "Feature", "properties": { "name": "Poel Becque", "weight_class": 1, "permanent": true, "length_km": 2.9 }, "geometry": { "type": "LineString", "coordinates": [ [ 2.35363, 50.8135 ], [ 2.34791, 50.81352 ], [ 2.34312, 50.8159 ], [ 2.33966, 50.81623 ], [ 2.33597, 50.82033 ], [ 2.33685, 50.82073 ], [ 2.33548, 50.8255 ], [ 2.33785, 50.82661 ], [ 2.33732, 50.82846 ], [ 2.33532, 50.82973 ] ] } },
{ "type": "Feature", "properties": { "name": "Bourre", "weight_class": 1, "permanent": true, "length_km": 19.5 }, "geometry": { "type": "LineString", "coordinates": [ [ 2.45283, 50.7238 ], [ 2.45903, 50.72874 ], [ 2.45857, 50.72939 ], [ 2.46203, 50.73268 ], [ 2.46325, 50.73178 ], [ 2.46495, 50.73301 ], [ 2.46633, 50.73499 ], [ 2.46531, 50.7359 ], [ 2.47384, 50.73901 ], [ 2.47546, 50.74228 ], [ 2.47991, 50.74517 ], [ 2.49088, 50.74601 ], [ 2.49413, 50.74461 ], [ 2.49662, 50.74581 ], [ 2.50134, 50.74433 ], [ 2.51031, 50.74442 ], [ 2.51378, 50.74333 ], [ 2.51777, 50.74439 ], [ 2.53028, 50.74386 ], [ 2.5424, 50.74562 ], [ 2.54806, 50.74506 ], [ 2.55326, 50.74559 ], [ 2.56201, 50.74379 ], [ 2.56445, 50.73807 ], [ 2.56654, 50.73672 ], [ 2.56573, 50.73117 ], [ 2.56291, 50.72797 ], [ 2.57475, 50.71565 ], [ 2.5678, 50.71171 ], [ 2.58045, 50.69764 ], [ 2.58771, 50.68342 ], [ 2.59264, 50.68086 ], [ 2.59297, 50.67681 ], [ 2.59479, 50.67451 ] ] } },
{ "type": "Feature", "properties": { "name": "Longue Becque", "weight_class": 1, "permanent": true, "length_km": 9.4 }, "geometry": { "type": "LineString", "coordinates": [ [ 2.42657, 50.71739 ], [ 2.43519, 50.72483 ], [ 2.43341, 50.72922 ], [ 2.43054, 50.72919 ], [ 2.42893, 50.73016 ], [ 2.42581, 50.72938 ], [ 2.41446, 50.73149 ], [ 2.40885, 50.73401 ], [ 2.40606, 50.73362 ], [ 2.39834, 50.73999 ], [ 2.38889, 50.7374 ], [ 2.38794, 50.73486 ], [ 2.38272, 50.73386 ], [ 2.37941, 50.7319 ], [ 2.37787, 50.73004 ], [ 2.38116, 50.72693 ], [ 2.37824, 50.72376 ], [ 2.36951, 50.71969 ], [ 2.36247, 50.71409 ] ] } },
{ "type": "Feature", "properties": { "name": "Steen Becque/Grande Steenbecque", "weight_class": 1, "permanent": true, "length_km": 11.0 }, "geometry": { "type": "LineString", "coordinates": [ [ 2.43265, 50.70619 ], [ 2.43615, 50.70353 ], [ 2.44119, 50.70213 ], [ 2.44826, 50.70256 ], [ 2.4654, 50.70867 ], [ 2.47302, 50.70784 ], [ 2.4735, 50.70864 ], [ 2.48159, 50.70712 ], [ 2.48782, 50.70134 ], [ 2.48224, 50.69595 ], [ 2.48244, 50.69179 ], [ 2.48993, 50.6877 ], [ 2.4948, 50.68702 ], [ 2.4981, 50.68774 ], [ 2.50128, 50.68675 ], [ 2.50365, 50.68737 ], [ 2.5253, 50.67698 ], [ 2.52814, 50.67149 ] ] } },
{ "type": "Feature", "properties": { "name": "Fossé de la Patûre", "weight_class": 1, "permanent": true, "length_km": 2.6 }, "geometry": { "type": "LineString", "coordinates": [ [ 2.3686, 50.77176 ], [ 2.36083, 50.77556 ], [ 2.35283, 50.77728 ], [ 2.34683, 50.78004 ], [ 2.33659, 50.78143 ] ] } },
{ "type": "Feature", "properties": { "name": "Aval de Nouvelle Melde", "weight_class": 1, "permanent": true, "length_km": 11.3 }, "geometry": { "type": "MultiLineString", "coordinates": [ [ [ 2.36443, 50.70955 ], [ 2.36635, 50.70967 ], [ 2.38143, 50.70106 ], [ 2.3851, 50.69988 ], [ 2.38998, 50.69563 ], [ 2.39936, 50.6908 ], [ 2.40312, 50.68323 ], [ 2.40808, 50.68095 ], [ 2.42902, 50.65705 ], [ 2.43522, 50.65598 ], [ 2.44084, 50.65615 ], [ 2.45084, 50.65347 ] ], [ [ 2.45095, 50.6535 ], [ 2.45569, 50.65348 ], [ 2.46055, 50.65029 ], [ 2.46319, 50.65029 ], [ 2.46554, 50.65155 ], [ 2.4732, 50.65166 ] ] ] } },
{ "type": "Feature", "properties": { "name": "Lyncke Becque", "weight_class": 1, "permanent": true, "length_km": 7.0 }, "geometry": { "type": "LineString", "coordinates": [ [ 2.45289, 50.76433 ], [ 2.44994, 50.76834 ], [ 2.44104, 50.76912 ], [ 2.43504, 50.77105 ], [ 2.43253, 50.76949 ], [ 2.42641, 50.77228 ], [ 2.42355, 50.77393 ], [ 2.41941, 50.77888 ], [ 2.41256, 50.78187 ], [ 2.40783, 50.78817 ], [ 2.40365, 50.78953 ], [ 2.40851, 50.80389 ] ] } },
{ "type": "Feature", "properties": { "name": "Becque des Crosses", "weight_class": 1, "permanent": false, "length_km": 3.2 }, "geometry": { "type": "LineString", "coordinates": [ [ 2.37086, 50.74006 ], [ 2.36837, 50.73746 ], [ 2.37083, 50.73626 ], [ 2.36702, 50.7336 ], [ 2.36829, 50.73203 ], [ 2.36657, 50.73207 ], [ 2.36307, 50.73011 ], [ 2.35872, 50.72657 ], [ 2.3589, 50.72568 ], [ 2.35451, 50.72339 ], [ 2.35405, 50.72181 ], [ 2.3508, 50.71985 ] ] } },
{ "type": "Feature", "properties": { "name": "Ruisseau de Morbecque", "weight_class": 1, "permanent": false, "length_km": 4.4 }, "geometry": { "type": "LineString", "coordinates": [ [ 2.50263, 50.7021 ], [ 2.5118, 50.7107 ], [ 2.51738, 50.70958 ], [ 2.52128, 50.70975 ], [ 2.52477, 50.70807 ], [ 2.53157, 50.70826 ], [ 2.54399, 50.70386 ], [ 2.5505, 50.69958 ] ] } },
{ "type": "Feature", "properties": { "name": "le Bas", "weight_class": 1, "permanent": true, "length_km": 4.4 }, "geometry": { "type": "LineString", "coordinates": [ [ 2.46383, 50.67789 ], [ 2.47031, 50.67418 ], [ 2.48488, 50.67444 ], [ 2.48827, 50.6707 ], [ 2.49426, 50.66751 ], [ 2.49099, 50.6654 ], [ 2.49272, 50.66388 ], [ 2.50104, 50.66731 ], [ 2.50474, 50.66401 ] ] } },
{ "type": "Feature", "properties": { "name": "Fossé de la Forêt", "weight_class": 1, "permanent": true, "length_km": 4.7 }, "geometry": { "type": "LineString", "coordinates": [ [ 2.53878, 50.65533 ], [ 2.54483, 50.65509 ], [ 2.54454, 50.65269 ], [ 2.55005, 50.65345 ], [ 2.5505, 50.65074 ], [ 2.5539, 50.65071 ], [ 2.55949, 50.64896 ], [ 2.55957, 50.64789 ], [ 2.56704, 50.648 ], [ 2.56884, 50.64346 ], [ 2.57644, 50.64418 ], [ 2.57661, 50.6431 ], [ 2.57937, 50.64337 ], [ 2.57969, 50.64224 ], [ 2.58478, 50.64328 ] ] } },
{ "type": "Feature", "properties": { "name": null, "weight_class": 1, "permanent": true, "length_km": 2.6 }, "geometry": { "type": "LineString", "coordinates": [ [ 2.48546, 50.64603 ], [ 2.50375, 50.65328 ], [ 2.50971, 50.64472 ] ] } },
{ "type": "Feature", "properties": { "name": null, "weight_class": 1, "permanent": true, "length_km": 2.5 }, "geometry": { "type": "LineString", "coordinates": [ [ 2.48528, 50.64644 ], [ 2.50333, 50.65346 ], [ 2.49806, 50.66134 ] ] } },
{ "type": "Feature", "properties": { "name": "Fossé de la Forêt", "weight_class": 1, "permanent": true, "length_km": 3.7 }, "geometry": { "type": "LineString", "coordinates": [ [ 2.47963, 50.65434 ], [ 2.48566, 50.64562 ], [ 2.49246, 50.64468 ], [ 2.49234, 50.64306 ], [ 2.49983, 50.64165 ], [ 2.50105, 50.63976 ], [ 2.506, 50.64156 ], [ 2.50718, 50.64469 ], [ 2.50971, 50.64472 ] ] } },
{ "type": "Feature", "properties": { "name": "Fossé de la Forêt", "weight_class": 1, "permanent": true, "length_km": 2.8 }, "geometry": { "type": "LineString", "coordinates": [ [ 2.50971, 50.64472 ], [ 2.52667, 50.64797 ], [ 2.5309, 50.64785 ], [ 2.53283, 50.65448 ], [ 2.53878, 50.65533 ] ] } },
{ "type": "Feature", "properties": { "name": "Ruisseau le Berquigneul", "weight_class": 1, "permanent": true, "length_km": 6.9 }, "geometry": { "type": "LineString", "coordinates": [ [ 2.48394, 50.65581 ], [ 2.4858, 50.65344 ], [ 2.48393, 50.65273 ], [ 2.48689, 50.65105 ], [ 2.4989, 50.65501 ], [ 2.50028, 50.65421 ], [ 2.51287, 50.65764 ], [ 2.52257, 50.6612 ], [ 2.52329, 50.66035 ], [ 2.52682, 50.66026 ], [ 2.52806, 50.65895 ], [ 2.53074, 50.659 ], [ 2.53867, 50.65666 ], [ 2.53907, 50.6473 ], [ 2.53643, 50.64304 ], [ 2.53353, 50.64321 ] ] } },
{ "type": "Feature", "properties": { "name": "le Petit Marais", "weight_class": 1, "permanent": true, "length_km": 3.8 }, "geometry": { "type": "LineString", "coordinates": [ [ 2.43849, 50.69735 ], [ 2.43138, 50.69316 ], [ 2.4319, 50.69188 ], [ 2.42172, 50.69093 ], [ 2.41929, 50.68963 ], [ 2.41827, 50.69018 ], [ 2.41158, 50.68625 ], [ 2.41977, 50.67726 ] ] } },
{ "type": "Feature", "properties": { "name": "Becque du Dail", "weight_class": 1, "permanent": true, "length_km": 3.8 }, "geometry": { "type": "LineString", "coordinates": [ [ 2.45112, 50.6899 ], [ 2.4525, 50.68737 ], [ 2.44318, 50.6819 ], [ 2.4423, 50.67961 ], [ 2.42833, 50.67564 ], [ 2.42428, 50.67394 ], [ 2.4254, 50.67269 ], [ 2.41733, 50.6706 ] ] } },
{ "type": "Feature", "properties": { "name": "Contre-Fossé Rive Gauche du Canal de Neuffossé", "weight_class": 1, "permanent": true, "length_km": 3.8 }, "geometry": { "type": "LineString", "coordinates": [ [ 2.38254, 50.69907 ], [ 2.39407, 50.69083 ], [ 2.39737, 50.68723 ], [ 2.40263, 50.67715 ], [ 2.40475, 50.66931 ] ] } },
{ "type": "Feature", "properties": { "name": "Vieille Lys de Saint-Venant", "weight_class": 1, "permanent": true, "length_km": 6.9 }, "geometry": { "type": "MultiLineString", "coordinates": [ [ [ 2.47354, 50.63979 ], [ 2.48773, 50.63281 ], [ 2.49368, 50.63208 ], [ 2.50053, 50.6327 ], [ 2.51102, 50.63544 ], [ 2.5182, 50.638 ], [ 2.51978, 50.64013 ], [ 2.52501, 50.64209 ] ], [ [ 2.52548, 50.64211 ], [ 2.52589, 50.643 ], [ 2.52745, 50.64283 ] ], [ [ 2.53164, 50.64335 ], [ 2.53326, 50.64343 ], [ 2.53351, 50.6426 ] ], [ [ 2.53604, 50.64164 ], [ 2.53691, 50.64059 ], [ 2.53869, 50.64075 ], [ 2.53832, 50.63987 ] ], [ [ 2.53637, 50.63517 ], [ 2.53787, 50.63494 ], [ 2.53718, 50.63325 ] ], [ [ 2.53698, 50.63248 ], [ 2.54377, 50.62832 ], [ 2.54585, 50.629 ], [ 2.54763, 50.62708 ], [ 2.54878, 50.62756 ] ] ] } },
{ "type": "Feature", "properties": { "name": "Bailleux Dyck", "weight_class": 1, "permanent": true, "length_km": 2.8 }, "geometry": { "type": "LineString", "coordinates": [ [ 2.31993, 50.99779 ], [ 2.32643, 50.98947 ], [ 2.32815, 50.9889 ], [ 2.3287, 50.98704 ], [ 2.33018, 50.98698 ], [ 2.33465, 50.97643 ] ] } },
{ "type": "Feature", "properties": { "name": "Ferme Coudeville", "weight_class": 1, "permanent": true, "length_km": 3.2 }, "geometry": { "type": "LineString", "coordinates": [ [ 2.23005, 51.02599 ], [ 2.2534, 51.02495 ], [ 2.25126, 51.01109 ] ] } },
{ "type": "Feature", "properties": { "name": "Ferme Swaenepole", "weight_class": 1, "permanent": false, "length_km": 4.8 }, "geometry": { "type": "LineString", "coordinates": [ [ 2.27149, 50.9934 ], [ 2.28129, 50.99352 ], [ 2.30422, 50.99916 ], [ 2.32562, 51.00585 ], [ 2.32606, 51.00316 ], [ 2.32829, 51.00105 ] ] } },
{ "type": "Feature", "properties": { "name": "Watergangs 5 et 6", "weight_class": 1, "permanent": true, "length_km": 3.0 }, "geometry": { "type": "LineString", "coordinates": [ [ 2.23012, 51.00657 ], [ 2.23255, 51.0106 ], [ 2.23668, 51.00594 ], [ 2.23322, 51.00496 ], [ 2.23431, 51.00283 ], [ 2.23075, 51.00142 ], [ 2.2303, 51.00028 ], [ 2.23191, 50.99837 ], [ 2.22945, 50.99742 ], [ 2.23109, 50.99465 ] ] } },
{ "type": "Feature", "properties": { "name": "Watergang de la Madame", "weight_class": 1, "permanent": true, "length_km": 5.9 }, "geometry": { "type": "LineString", "coordinates": [ [ 2.23427, 51.01491 ], [ 2.22735, 51.02232 ], [ 2.21827, 51.02084 ], [ 2.21466, 51.01911 ], [ 2.21351, 51.01841 ], [ 2.21837, 51.01373 ], [ 2.20832, 51.00964 ], [ 2.20499, 51.01249 ], [ 2.19941, 51.00912 ], [ 2.20069, 51.0007 ], [ 2.20453, 50.99841 ] ] } },
{ "type": "Feature", "properties": { "name": "Schey Dyck", "weight_class": 1, "permanent": false, "length_km": 2.4 }, "geometry": { "type": "LineString", "coordinates": [ [ 2.26141, 50.93779 ], [ 2.29439, 50.93235 ] ] } },
{ "type": "Feature", "properties": { "name": "Melck Dyck", "weight_class": 1, "permanent": true, "length_km": 3.3 }, "geometry": { "type": "LineString", "coordinates": [ [ 2.27211, 50.95795 ], [ 2.28404, 50.95372 ], [ 2.30221, 50.94564 ], [ 2.30446, 50.94693 ], [ 2.30747, 50.94567 ], [ 2.31066, 50.94563 ] ] } },
{ "type": "Feature", "properties": { "name": "Watergang le Cousliet", "weight_class": 1, "permanent": true, "length_km": 3.3 }, "geometry": { "type": "LineString", "coordinates": [ [ 2.16824, 50.97218 ], [ 2.19286, 50.95462 ], [ 2.20003, 50.95748 ] ] } },
{ "type": "Feature", "properties": { "name": null, "weight_class": 1, "permanent": true, "length_km": 2.5 }, "geometry": { "type": "LineString", "coordinates": [ [ 2.19243, 50.9855 ], [ 2.19326, 50.98938 ], [ 2.18875, 50.98961 ], [ 2.19184, 50.99612 ], [ 2.17872, 50.99644 ] ] } },
{ "type": "Feature", "properties": { "name": "Helle Gracht", "weight_class": 1, "permanent": true, "length_km": 2.2 }, "geometry": { "type": "MultiLineString", "coordinates": [ [ [ 2.24413, 50.99103 ], [ 2.25847, 50.98243 ] ], [ [ 2.25937, 50.98185 ], [ 2.26776, 50.97686 ] ] ] } },
{ "type": "Feature", "properties": { "name": "Watergang Loopersfort", "weight_class": 1, "permanent": true, "length_km": 3.6 }, "geometry": { "type": "LineString", "coordinates": [ [ 2.21374, 50.97308 ], [ 2.21467, 50.97554 ], [ 2.20139, 50.97707 ], [ 2.18478, 50.97763 ], [ 2.17958, 50.98257 ], [ 2.17654, 50.98288 ], [ 2.17759, 50.9847 ] ] } },
{ "type": "Feature", "properties": { "name": "Winkaert Vliet", "weight_class": 1, "permanent": true, "length_km": 5.6 }, "geometry": { "type": "LineString", "coordinates": [ [ 2.26407, 50.96331 ], [ 2.25597, 50.96707 ], [ 2.25544, 50.96663 ], [ 2.24639, 50.97006 ], [ 2.23788, 50.971 ], [ 2.23351, 50.97055 ], [ 2.22604, 50.97194 ], [ 2.19487, 50.97481 ], [ 2.19438, 50.97173 ] ] } },
{ "type": "Feature", "properties": { "name": "Cappel Gracht", "weight_class": 1, "permanent": true, "length_km": 2.5 }, "geometry": { "type": "LineString", "coordinates": [ [ 2.21216, 50.9492 ], [ 2.20974, 50.95133 ], [ 2.20892, 50.95621 ], [ 2.20137, 50.96975 ] ] } },
{ "type": "Feature", "properties": { "name": "Wezel Gracht", "weight_class": 1, "permanent": true, "length_km": 5.0 }, "geometry": { "type": "LineString", "coordinates": [ [ 2.26231, 50.95496 ], [ 2.24953, 50.96195 ], [ 2.23819, 50.96646 ], [ 2.19883, 50.97011 ] ] } },
{ "type": "Feature", "properties": { "name": "Haute Warande Gracht", "weight_class": 1, "permanent": true, "length_km": 2.1 }, "geometry": { "type": "LineString", "coordinates": [ [ 2.18155, 50.9494 ], [ 2.16928, 50.94735 ], [ 2.16618, 50.95216 ], [ 2.16106, 50.95601 ] ] } },
{ "type": "Feature", "properties": { "name": "Ruisseau le Grand Hoymille", "weight_class": 1, "permanent": true, "length_km": 2.9 }, "geometry": { "type": "LineString", "coordinates": [ [ 2.21417, 50.92721 ], [ 2.21246, 50.93038 ], [ 2.21393, 50.94162 ], [ 2.21512, 50.94172 ], [ 2.21398, 50.94435 ], [ 2.21601, 50.94699 ], [ 2.22337, 50.94508 ] ] } },
{ "type": "Feature", "properties": { "name": "Canal du Vieil Enfer", "weight_class": 1, "permanent": true, "length_km": 2.4 }, "geometry": { "type": "LineString", "coordinates": [ [ 2.17595, 50.92299 ], [ 2.17262, 50.92549 ], [ 2.17026, 50.92943 ], [ 2.15553, 50.9402 ] ] } },
{ "type": "Feature", "properties": { "name": "Watergang de Basse Warande", "weight_class": 1, "permanent": true, "length_km": 2.4 }, "geometry": { "type": "LineString", "coordinates": [ [ 2.17663, 50.9648 ], [ 2.16492, 50.95764 ], [ 2.14996, 50.95123 ] ] } },
{ "type": "Feature", "properties": { "name": "Wasches Gracht", "weight_class": 1, "permanent": true, "length_km": 4.8 }, "geometry": { "type": "LineString", "coordinates": [ [ 2.18394, 50.94544 ], [ 2.17652, 50.95701 ], [ 2.16961, 50.96272 ], [ 2.1658, 50.96865 ], [ 2.16256, 50.96941 ], [ 2.14816, 50.96642 ], [ 2.14207, 50.96394 ] ] } },
{ "type": "Feature", "properties": { "name": "Craye Dyck", "weight_class": 1, "permanent": true, "length_km": 2.3 }, "geometry": { "type": "LineString", "coordinates": [ [ 2.16643, 50.97888 ], [ 2.14131, 50.97343 ], [ 2.14165, 50.97265 ], [ 2.1382, 50.97158 ] ] } },
{ "type": "Feature", "properties": { "name": "Port de Gravelines", "weight_class": 1, "permanent": false, "length_km": 3.4 }, "geometry": { "type": "LineString", "coordinates": [ [ 2.13265, 51.01444 ], [ 2.14682, 51.02192 ], [ 2.15276, 51.02244 ], [ 2.15657, 51.02385 ], [ 2.17041, 51.03248 ] ] } },
{ "type": "Feature", "properties": { "name": null, "weight_class": 2, "permanent": true, "length_km": 3.2 }, "geometry": { "type": "MultiLineString", "coordinates": [ [ [ 2.12488, 50.98896 ], [ 2.12259, 50.99089 ] ], [ [ 2.12293, 50.98052 ], [ 2.12444, 50.98339 ] ], [ [ 2.12444, 50.98339 ], [ 2.12407, 50.98459 ], [ 2.12165, 50.98537 ], [ 2.12488, 50.98896 ] ], [ [ 2.12444, 50.98339 ], [ 2.12455, 50.98322 ], [ 2.1286, 50.98436 ], [ 2.1313, 50.9842 ], [ 2.1326, 50.9875 ], [ 2.12856, 50.99012 ], [ 2.12606, 50.98893 ], [ 2.12488, 50.98896 ] ] ] } },
{ "type": "Feature", "properties": { "name": "Grand Saint Willebrode", "weight_class": 1, "permanent": true, "length_km": 2.8 }, "geometry": { "type": "MultiLineString", "coordinates": [ [ [ 2.1642, 50.99574 ], [ 2.16215, 50.99577 ], [ 2.16272, 50.99003 ], [ 2.15618, 50.98969 ], [ 2.15427, 50.98562 ], [ 2.15789, 50.9834 ] ], [ [ 2.17872, 50.99644 ], [ 2.16969, 50.99683 ], [ 2.16928, 50.99581 ] ] ] } },
{ "type": "Feature", "properties": { "name": "Canal de Snaekedyck Drincham", "weight_class": 1, "permanent": true, "length_km": 3.7 }, "geometry": { "type": "LineString", "coordinates": [ [ 2.31229, 50.91156 ], [ 2.31068, 50.91295 ], [ 2.31652, 50.91929 ], [ 2.30884, 50.92013 ], [ 2.30861, 50.92211 ], [ 2.30686, 50.9221 ], [ 2.30705, 50.92381 ], [ 2.30561, 50.92393 ], [ 2.30622, 50.92475 ], [ 2.28798, 50.9289 ] ] } },
{ "type": "Feature", "properties": { "name": "Haven", "weight_class": 1, "permanent": true, "length_km": 10.2 }, "geometry": { "type": "LineString", "coordinates": [ [ 2.25658, 51.00426 ], [ 2.25762, 51.00312 ], [ 2.25514, 51.00267 ], [ 2.25115, 50.99925 ], [ 2.23632, 50.98025 ], [ 2.23588, 50.97011 ], [ 2.23231, 50.95963 ], [ 2.22333, 50.94496 ], [ 2.22358, 50.94141 ], [ 2.22915, 50.93034 ], [ 2.22928, 50.92692 ], [ 2.22691, 50.92026 ] ] } },
{ "type": "Feature", "properties": { "name": "Schelvliet", "weight_class": 2, "permanent": true, "length_km": 11.4 }, "geometry": { "type": "LineString", "coordinates": [ [ 2.23553, 50.97817 ], [ 2.23422, 50.97899 ], [ 2.21171, 50.98164 ], [ 2.19411, 50.9821 ], [ 2.18979, 50.98264 ], [ 2.18721, 50.98414 ], [ 2.18231, 50.98402 ], [ 2.17724, 50.98505 ], [ 2.16379, 50.97996 ], [ 2.15777, 50.98338 ], [ 2.14816, 50.97925 ], [ 2.13927, 50.97674 ], [ 2.13067, 50.97818 ], [ 2.12526, 50.98204 ], [ 2.12689, 50.98286 ], [ 2.12913, 50.98158 ], [ 2.13018, 50.9828 ], [ 2.13315, 50.98314 ], [ 2.13351, 50.98484 ], [ 2.13525, 50.9854 ], [ 2.13425, 50.98671 ], [ 2.13554, 50.98822 ], [ 2.13393, 50.98852 ], [ 2.13196, 50.99142 ], [ 2.12661, 50.99067 ], [ 2.12242, 50.99116 ] ] } },
{ "type": "Feature", "properties": { "name": "Grand Meulen Gracht", "weight_class": 2, "permanent": true, "length_km": 5.1 }, "geometry": { "type": "LineString", "coordinates": [ [ 2.16482, 50.94101 ], [ 2.15539, 50.94526 ], [ 2.14996, 50.95123 ], [ 2.14736, 50.95784 ], [ 2.13803, 50.96839 ], [ 2.13812, 50.97171 ], [ 2.12937, 50.97816 ] ] } },
{ "type": "Feature", "properties": { "name": "Watergang des Hemmes Saint-Pol", "weight_class": 1, "permanent": true, "length_km": 2.1 }, "geometry": { "type": "LineString", "coordinates": [ [ 2.14608, 51.00673 ], [ 2.14266, 51.00623 ], [ 2.13604, 50.99703 ], [ 2.13559, 50.99411 ], [ 2.13146, 50.99164 ] ] } },
{ "type": "Feature", "properties": { "name": "Canal de Mardyck", "weight_class": 1, "permanent": true, "length_km": 6.1 }, "geometry": { "type": "LineString", "coordinates": [ [ 2.29574, 51.03447 ], [ 2.30949, 51.03426 ], [ 2.31557, 51.03218 ], [ 2.31856, 51.03206 ], [ 2.31775, 51.02994 ], [ 2.32044, 51.02726 ], [ 2.32182, 51.02772 ], [ 2.32964, 51.02061 ], [ 2.36603, 51.02843 ] ] } },
{ "type": "Feature", "properties": { "name": "Schapgracht", "weight_class": 1, "permanent": true, "length_km": 7.0 }, "geometry": { "type": "MultiLineString", "coordinates": [ [ [ 2.24173, 51.01857 ], [ 2.24062, 51.01696 ], [ 2.23554, 51.01507 ], [ 2.23253, 51.01497 ], [ 2.22765, 51.0129 ], [ 2.22191, 51.01239 ], [ 2.21763, 51.01059 ], [ 2.21191, 51.00616 ], [ 2.20466, 50.99776 ], [ 2.19914, 50.9986 ], [ 2.20135, 50.99117 ], [ 2.20162, 50.98382 ], [ 2.20548, 50.98395 ], [ 2.20625, 50.98194 ] ], [ [ 2.24804, 51.01974 ], [ 2.24402, 51.01974 ], [ 2.2419, 51.01854 ] ] ] } },
{ "type": "Feature", "properties": { "name": "Rolle Gracht", "weight_class": 1, "permanent": true, "length_km": 4.8 }, "geometry": { "type": "LineString", "coordinates": [ [ 2.21675, 50.98087 ], [ 2.22053, 50.98401 ], [ 2.22341, 50.98895 ], [ 2.22948, 50.99391 ], [ 2.24064, 50.99946 ], [ 2.24502, 51.00278 ], [ 2.23479, 51.01493 ] ] } },
{ "type": "Feature", "properties": { "name": "Nouvelle Désserte Fluviale", "weight_class": 3, "permanent": true, "length_km": 6.2 }, "geometry": { "type": "LineString", "coordinates": [ [ 2.28166, 50.97293 ], [ 2.27984, 50.97921 ], [ 2.26596, 50.99369 ], [ 2.26375, 50.99803 ], [ 2.26756, 51.02594 ] ] } },
{ "type": "Feature", "properties": { "name": "Noortgracht Est", "weight_class": 1, "permanent": true, "length_km": 3.6 }, "geometry": { "type": "LineString", "coordinates": [ [ 2.33492, 51.02124 ], [ 2.33624, 51.01621 ], [ 2.33901, 51.01368 ], [ 2.32321, 51.00942 ], [ 2.32074, 51.0078 ], [ 2.31417, 51.00686 ], [ 2.3052, 51.0039 ] ] } },
{ "type": "Feature", "properties": { "name": "Noortgracht Ouest de Grande Synthe", "weight_class": 1, "permanent": true, "length_km": 4.0 }, "geometry": { "type": "LineString", "coordinates": [ [ 2.30164, 51.00789 ], [ 2.30485, 51.00336 ], [ 2.29396, 50.99938 ], [ 2.27608, 50.9939 ], [ 2.27095, 50.99434 ], [ 2.26761, 50.99721 ], [ 2.2645, 50.99598 ] ] } },
{ "type": "Feature", "properties": { "name": "Watergang de l'Ouest", "weight_class": 1, "permanent": true, "length_km": 4.1 }, "geometry": { "type": "LineString", "coordinates": [ [ 2.29664, 51.02026 ], [ 2.29076, 51.02209 ], [ 2.28541, 51.02152 ], [ 2.27889, 51.02027 ], [ 2.27972, 51.01902 ], [ 2.27618, 51.01773 ], [ 2.27679, 51.01682 ], [ 2.27335, 51.01587 ], [ 2.27528, 51.01209 ], [ 2.28525, 51.00308 ] ] } },
{ "type": "Feature", "properties": { "name": "Dérivation Ouest du Noortgracht", "weight_class": 2, "permanent": true, "length_km": 4.4 }, "geometry": { "type": "LineString", "coordinates": [ [ 2.31032, 51.00963 ], [ 2.30622, 51.00977 ], [ 2.3033, 51.01261 ], [ 2.29977, 51.01096 ], [ 2.30164, 51.00789 ], [ 2.299, 51.00712 ], [ 2.29795, 51.0056 ], [ 2.29434, 51.00587 ], [ 2.2924, 51.00398 ], [ 2.28865, 51.00411 ], [ 2.27225, 50.9994 ], [ 2.26761, 50.99721 ] ] } },
{ "type": "Feature", "properties": { "name": "Mardyckgracht", "weight_class": 1, "permanent": true, "length_km": 4.0 }, "geometry": { "type": "LineString", "coordinates": [ [ 2.25293, 51.02211 ], [ 2.24523, 51.02216 ], [ 2.24042, 51.02108 ], [ 2.24059, 51.01967 ], [ 2.25008, 51.01117 ], [ 2.25126, 51.01109 ], [ 2.25658, 51.00426 ], [ 2.26153, 51.00524 ], [ 2.26358, 51.00192 ] ] } },
{ "type": "Feature", "properties": { "name": "Ducker Dyck", "weight_class": 1, "permanent": true, "length_km": 2.6 }, "geometry": { "type": "LineString", "coordinates": [ [ 2.31903, 50.97357 ], [ 2.29929, 50.97252 ], [ 2.28803, 50.97987 ] ] } },
{ "type": "Feature", "properties": { "name": "Soud-Gracht", "weight_class": 2, "permanent": true, "length_km": 4.0 }, "geometry": { "type": "LineString", "coordinates": [ [ 2.23553, 50.97817 ], [ 2.24109, 50.97765 ], [ 2.24446, 50.97443 ], [ 2.25469, 50.97073 ], [ 2.25729, 50.97243 ], [ 2.26631, 50.97538 ], [ 2.26838, 50.97729 ], [ 2.28006, 50.97073 ] ] } },
{ "type": "Feature", "properties": { "name": "Ancien Noortgracht", "weight_class": 1, "permanent": true, "length_km": 4.0 }, "geometry": { "type": "LineString", "coordinates": [ [ 2.24693, 50.97372 ], [ 2.24869, 50.97513 ], [ 2.24721, 50.97609 ], [ 2.24894, 50.97711 ], [ 2.2509, 50.97611 ], [ 2.25295, 50.97726 ], [ 2.25495, 50.9762 ], [ 2.25656, 50.97737 ], [ 2.25937, 50.98185 ], [ 2.2587, 50.98357 ], [ 2.26295, 50.9876 ], [ 2.24997, 50.99766 ] ] } },
{ "type": "Feature", "properties": { "name": "Palincdyck", "weight_class": 1, "permanent": true, "length_km": 6.2 }, "geometry": { "type": "LineString", "coordinates": [ [ 2.20053, 50.9483 ], [ 2.19878, 50.95067 ], [ 2.20015, 50.95676 ], [ 2.19841, 50.9589 ], [ 2.19965, 50.96151 ], [ 2.19813, 50.96353 ], [ 2.20008, 50.96392 ], [ 2.20043, 50.96491 ], [ 2.19715, 50.9673 ], [ 2.19883, 50.97011 ], [ 2.19438, 50.97173 ], [ 2.19241, 50.97047 ], [ 2.19029, 50.97164 ], [ 2.18398, 50.97262 ], [ 2.18171, 50.97125 ], [ 2.18017, 50.97425 ], [ 2.17629, 50.97655 ], [ 2.17337, 50.97623 ], [ 2.17193, 50.9778 ], [ 2.1701, 50.97731 ], [ 2.16371, 50.97997 ] ] } },
{ "type": "Feature", "properties": { "name": "Canal de Pitgam/Steene Straete Becque", "weight_class": 1, "permanent": true, "length_km": 7.1 }, "geometry": { "type": "LineString", "coordinates": [ [ 2.37338, 50.911 ], [ 2.36872, 50.91188 ], [ 2.36329, 50.91166 ], [ 2.35196, 50.90996 ], [ 2.35025, 50.91082 ], [ 2.3489, 50.91002 ], [ 2.34583, 50.91248 ], [ 2.34366, 50.91225 ], [ 2.33629, 50.91509 ], [ 2.33136, 50.91567 ], [ 2.32421, 50.92012 ], [ 2.32298, 50.91942 ], [ 2.3179, 50.92188 ], [ 2.31255, 50.9257 ], [ 2.31279, 50.93042 ], [ 2.3039, 50.93901 ] ] } },
{ "type": "Feature", "properties": { "name": "Dérivation du Canal de la Haute Colme", "weight_class": 4, "permanent": true, "length_km": 8.3 }, "geometry": { "type": "LineString", "coordinates": [ [ 2.24695, 50.88852 ], [ 2.26238, 50.94108 ], [ 2.27273, 50.96127 ] ] } },
{ "type": "Feature", "properties": { "name": "Muchenbled Nieuwgracht", "weight_class": 1, "permanent": true, "length_km": 4.0 }, "geometry": { "type": "LineString", "coordinates": [ [ 2.23521, 50.91836 ], [ 2.24085, 50.92651 ], [ 2.24111, 50.94233 ], [ 2.23733, 50.94753 ], [ 2.23691, 50.95209 ] ] } },
{ "type": "Feature", "properties": { "name": "Vieille Colme", "weight_class": 1, "permanent": true, "length_km": 2.7 }, "geometry": { "type": "LineString", "coordinates": [ [ 2.20404, 50.92435 ], [ 2.19971, 50.94048 ], [ 2.20222, 50.94813 ] ] } },
{ "type": "Feature", "properties": { "name": "Grand Meulen Gracht", "weight_class": 1, "permanent": true, "length_km": 3.4 }, "geometry": { "type": "LineString", "coordinates": [ [ 2.20334, 50.92588 ], [ 2.19999, 50.92452 ], [ 2.19055, 50.92772 ], [ 2.17887, 50.93467 ], [ 2.16482, 50.94101 ] ] } },
{ "type": "Feature", "properties": { "name": "l'Aa Canalisée", "weight_class": 4, "permanent": true, "length_km": 24.0 }, "geometry": { "type": "MultiLineString", "coordinates": [ [ [ 2.17423, 50.89603 ], [ 2.16959, 50.90263 ], [ 2.16386, 50.91651 ], [ 2.15109, 50.92919 ], [ 2.15131, 50.93575 ], [ 2.1496, 50.9408 ], [ 2.1461, 50.94367 ], [ 2.14442, 50.94679 ], [ 2.13813, 50.95121 ], [ 2.1366, 50.95532 ], [ 2.13814, 50.95753 ], [ 2.13535, 50.96452 ], [ 2.12572, 50.9686 ], [ 2.12506, 50.97073 ], [ 2.12299, 50.97175 ], [ 2.12118, 50.9792 ], [ 2.12293, 50.98053 ], [ 2.11871, 50.98375 ], [ 2.12259, 50.99089 ], [ 2.10743, 51.00331 ] ], [ [ 2.19917, 50.85403 ], [ 2.19874, 50.85565 ], [ 2.19113, 50.86218 ], [ 2.18966, 50.87292 ], [ 2.18443, 50.88292 ], [ 2.17497, 50.89484 ] ], [ [ 2.20364, 50.84861 ], [ 2.20343, 50.84987 ], [ 2.2005, 50.85165 ] ], [ [ 2.22304, 50.80953 ], [ 2.21941, 50.81161 ], [ 2.21576, 50.8205 ], [ 2.21096, 50.82692 ], [ 2.20836, 50.83294 ], [ 2.20832, 50.83798 ], [ 2.20338, 50.84247 ] ], [ [ 2.23455, 50.8045 ], [ 2.22696, 50.80781 ] ] ] } },
{ "type": "Feature", "properties": { "name": "Clinke Becque", "weight_class": 1, "permanent": true, "length_km": 3.0 }, "geometry": { "type": "LineString", "coordinates": [ [ 2.24179, 50.82944 ], [ 2.25154, 50.83842 ], [ 2.27051, 50.84762 ] ] } },
{ "type": "Feature", "properties": { "name": "Grand Berdyck", "weight_class": 1, "permanent": true, "length_km": 2.4 }, "geometry": { "type": "LineString", "coordinates": [ [ 2.23756, 50.86251 ], [ 2.24151, 50.86265 ], [ 2.24602, 50.85988 ], [ 2.25347, 50.85737 ], [ 2.26155, 50.8568 ], [ 2.26488, 50.86009 ] ] } },
{ "type": "Feature", "properties": { "name": "Landsdyck", "weight_class": 1, "permanent": true, "length_km": 2.6 }, "geometry": { "type": "LineString", "coordinates": [ [ 2.3114, 50.90043 ], [ 2.2983, 50.89646 ], [ 2.29698, 50.89585 ], [ 2.29756, 50.89489 ], [ 2.29423, 50.89399 ], [ 2.28896, 50.89399 ], [ 2.2874, 50.89682 ], [ 2.28301, 50.89567 ] ] } },
{ "type": "Feature", "properties": { "name": "Holland Becque", "weight_class": 1, "permanent": true, "length_km": 2.3 }, "geometry": { "type": "LineString", "coordinates": [ [ 2.32414, 50.88115 ], [ 2.31825, 50.88195 ], [ 2.31435, 50.88522 ], [ 2.31036, 50.88438 ], [ 2.30221, 50.88043 ], [ 2.29759, 50.87955 ] ] } },
{ "type": "Feature", "properties": { "name": "Holland Becque", "weight_class": 1, "permanent": true, "length_km": 2.9 }, "geometry": { "type": "LineString", "coordinates": [ [ 2.29759, 50.87955 ], [ 2.29581, 50.87881 ], [ 2.29511, 50.87627 ], [ 2.28, 50.87709 ], [ 2.26216, 50.8731 ] ] } },
{ "type": "Feature", "properties": { "name": "Ferme Bollart", "weight_class": 1, "permanent": true, "length_km": 3.1 }, "geometry": { "type": "LineString", "coordinates": [ [ 2.19545, 50.92638 ], [ 2.18809, 50.92252 ], [ 2.18839, 50.92088 ], [ 2.1861, 50.92051 ], [ 2.18835, 50.91822 ], [ 2.16471, 50.91454 ] ] } },
{ "type": "Feature", "properties": { "name": "Watergang Denna", "weight_class": 1, "permanent": true, "length_km": 7.5 }, "geometry": { "type": "LineString", "coordinates": [ [ 2.19042, 50.87069 ], [ 2.20253, 50.87293 ], [ 2.20651, 50.87583 ], [ 2.20757, 50.87941 ], [ 2.20574, 50.88589 ], [ 2.20888, 50.89131 ], [ 2.2089, 50.89405 ], [ 2.20401, 50.89729 ], [ 2.20445, 50.90112 ], [ 2.20158, 50.90372 ], [ 2.20149, 50.9068 ], [ 2.19715, 50.91295 ], [ 2.198, 50.922 ], [ 2.20062, 50.92422 ], [ 2.20404, 50.92435 ] ] } },
{ "type": "Feature", "properties": { "name": "Ferme du Ham", "weight_class": 1, "permanent": false, "length_km": 2.7 }, "geometry": { "type": "LineString", "coordinates": [ [ 2.25345, 50.82434 ], [ 2.25861, 50.82035 ], [ 2.2635, 50.81939 ], [ 2.26495, 50.81624 ], [ 2.26159, 50.81438 ], [ 2.25728, 50.80939 ], [ 2.26052, 50.80944 ], [ 2.26107, 50.8088 ] ] } },
{ "type": "Feature", "properties": { "name": "Watergang du Chemin Vert", "weight_class": 1, "permanent": false, "length_km": 7.2 }, "geometry": { "type": "LineString", "coordinates": [ [ 2.19015, 50.87165 ], [ 2.20114, 50.87314 ], [ 2.20318, 50.87503 ], [ 2.20635, 50.87602 ], [ 2.20533, 50.88593 ], [ 2.20829, 50.89191 ], [ 2.20305, 50.89727 ], [ 2.20382, 50.90093 ], [ 2.20135, 50.90299 ], [ 2.20153, 50.90534 ], [ 2.19768, 50.90861 ], [ 2.19591, 50.91247 ], [ 2.19826, 50.9195 ], [ 2.1978, 50.92196 ], [ 2.20068, 50.9245 ] ] } },
{ "type": "Feature", "properties": { "name": "Watergang de l'Ouest de Saint-Pierrebrouck", "weight_class": 1, "permanent": true, "length_km": 4.8 }, "geometry": { "type": "LineString", "coordinates": [ [ 2.18255, 50.91395 ], [ 2.1864, 50.9101 ], [ 2.19279, 50.89794 ], [ 2.19359, 50.88578 ], [ 2.19859, 50.87287 ] ] } },
{ "type": "Feature", "properties": { "name": "Landsdyck", "weight_class": 1, "permanent": true, "length_km": 4.1 }, "geometry": { "type": "LineString", "coordinates": [ [ 2.25683, 50.90158 ], [ 2.26608, 50.89823 ], [ 2.27286, 50.89453 ], [ 2.27993, 50.89503 ], [ 2.28301, 50.89567 ], [ 2.28062, 50.89765 ], [ 2.27935, 50.89758 ], [ 2.27893, 50.90131 ], [ 2.28594, 50.90394 ], [ 2.2802, 50.90596 ] ] } },
{ "type": "Feature", "properties": { "name": "Kerkofgracht", "weight_class": 1, "permanent": true, "length_km": 3.1 }, "geometry": { "type": "LineString", "coordinates": [ [ 2.30088, 50.91042 ], [ 2.29341, 50.90588 ], [ 2.28091, 50.91258 ], [ 2.27539, 50.91378 ], [ 2.2727, 50.91321 ], [ 2.26581, 50.91422 ] ] } },
{ "type": "Feature", "properties": { "name": "Schardauwgracht Rg du Snaekedyck", "weight_class": 1, "permanent": true, "length_km": 5.2 }, "geometry": { "type": "MultiLineString", "coordinates": [ [ [ 2.28135, 50.91174 ], [ 2.2802, 50.90596 ], [ 2.26673, 50.90157 ], [ 2.25811, 50.89048 ] ], [ [ 2.28168, 50.91223 ], [ 2.28504, 50.91626 ], [ 2.29233, 50.92026 ], [ 2.29768, 50.9268 ] ] ] } },
{ "type": "Feature", "properties": { "name": "Verlorenkost", "weight_class": 1, "permanent": false, "length_km": 5.3 }, "geometry": { "type": "LineString", "coordinates": [ [ 2.20746, 50.87912 ], [ 2.21305, 50.88302 ], [ 2.21788, 50.89005 ], [ 2.22112, 50.89821 ], [ 2.22174, 50.90657 ], [ 2.23646, 50.905 ], [ 2.23291, 50.90169 ], [ 2.23789, 50.89904 ] ] } },
{ "type": "Feature", "properties": { "name": "Vliet", "weight_class": 2, "permanent": true, "length_km": 7.7 }, "geometry": { "type": "LineString", "coordinates": [ [ 2.20404, 50.92435 ], [ 2.21606, 50.92391 ], [ 2.22351, 50.9209 ], [ 2.23421, 50.91903 ], [ 2.24148, 50.91598 ], [ 2.24567, 50.92343 ], [ 2.25673, 50.93416 ], [ 2.25712, 50.94041 ], [ 2.25998, 50.94879 ], [ 2.26456, 50.95534 ] ] } },
{ "type": "Feature", "properties": { "name": "Overdyck", "weight_class": 1, "permanent": true, "length_km": 6.7 }, "geometry": { "type": "LineString", "coordinates": [ [ 2.33094, 50.89535 ], [ 2.32974, 50.89771 ], [ 2.32708, 50.89776 ], [ 2.32197, 50.89987 ], [ 2.31931, 50.89884 ], [ 2.31642, 50.89962 ], [ 2.31551, 50.89763 ], [ 2.30483, 50.89541 ], [ 2.30434, 50.89413 ], [ 2.29766, 50.89172 ], [ 2.28877, 50.89197 ], [ 2.27728, 50.88931 ], [ 2.26426, 50.88924 ], [ 2.26118, 50.88992 ], [ 2.25979, 50.88938 ], [ 2.25702, 50.89174 ], [ 2.25239, 50.89329 ] ] } },
{ "type": "Feature", "properties": { "name": "Oleet", "weight_class": 1, "permanent": true, "length_km": 4.7 }, "geometry": { "type": "LineString", "coordinates": [ [ 2.26488, 50.86009 ], [ 2.27128, 50.8623 ], [ 2.27397, 50.86564 ], [ 2.25871, 50.87491 ], [ 2.25954, 50.87827 ], [ 2.25658, 50.89152 ], [ 2.25224, 50.89285 ] ] } },
{ "type": "Feature", "properties": { "name": "Watergang Boudyck", "weight_class": 1, "permanent": true, "length_km": 7.6 }, "geometry": { "type": "LineString", "coordinates": [ [ 2.21438, 50.83965 ], [ 2.22311, 50.85367 ], [ 2.23326, 50.86543 ], [ 2.23777, 50.86805 ], [ 2.241, 50.8734 ], [ 2.25068, 50.87933 ], [ 2.25505, 50.88019 ], [ 2.25407, 50.8893 ], [ 2.24948, 50.89075 ], [ 2.25224, 50.89285 ], [ 2.25329, 50.89475 ], [ 2.25238, 50.89518 ] ] } },
{ "type": "Feature", "properties": { "name": "Becque de la Reine", "weight_class": 1, "permanent": true, "length_km": 4.9 }, "geometry": { "type": "LineString", "coordinates": [ [ 2.27874, 50.82182 ], [ 2.28519, 50.82354 ], [ 2.2918, 50.82641 ], [ 2.29143, 50.82713 ], [ 2.29388, 50.82762 ], [ 2.29466, 50.82668 ], [ 2.29746, 50.82765 ], [ 2.30943, 50.83575 ], [ 2.33174, 50.83958 ] ] } },
{ "type": "Feature", "properties": { "name": "Lechtwater/le Houtval", "weight_class": 1, "permanent": true, "length_km": 2.1 }, "geometry": { "type": "LineString", "coordinates": [ [ 2.2326, 50.84025 ], [ 2.23248, 50.8444 ], [ 2.23143, 50.84685 ], [ 2.2283, 50.84882 ], [ 2.22867, 50.85118 ], [ 2.21992, 50.85519 ] ] } },
{ "type": "Feature", "properties": { "name": "Watergang de l'Est d'Holque", "weight_class": 1, "permanent": false, "length_km": 2.2 }, "geometry": { "type": "LineString", "coordinates": [ [ 2.20482, 50.84902 ], [ 2.20668, 50.85085 ], [ 2.20243, 50.85741 ], [ 2.2001, 50.86767 ] ] } },
{ "type": "Feature", "properties": { "name": "Collecteur", "weight_class": 1, "permanent": true, "length_km": 7.0 }, "geometry": { "type": "LineString", "coordinates": [ [ 2.19601, 50.85953 ], [ 2.20849, 50.86229 ], [ 2.20723, 50.87123 ], [ 2.22191, 50.88328 ], [ 2.22788, 50.8943 ], [ 2.23538, 50.89684 ], [ 2.23858, 50.89911 ], [ 2.25029, 50.89518 ], [ 2.25268, 50.89562 ] ] } },
{ "type": "Feature", "properties": { "name": "Zylague", "weight_class": 1, "permanent": false, "length_km": 3.0 }, "geometry": { "type": "LineString", "coordinates": [ [ 2.20422, 50.84853 ], [ 2.20397, 50.85011 ], [ 2.20036, 50.85262 ], [ 2.20082, 50.85572 ], [ 2.19196, 50.86279 ], [ 2.19095, 50.87074 ] ] } },
{ "type": "Feature", "properties": { "name": "Rivière du Ham", "weight_class": 1, "permanent": true, "length_km": 5.8 }, "geometry": { "type": "LineString", "coordinates": [ [ 2.27987, 50.81755 ], [ 2.27491, 50.81563 ], [ 2.27338, 50.81399 ], [ 2.27219, 50.80904 ], [ 2.27453, 50.8058 ], [ 2.27165, 50.80406 ], [ 2.27218, 50.8023 ], [ 2.27011, 50.80111 ], [ 2.26438, 50.80185 ], [ 2.26189, 50.80307 ], [ 2.26107, 50.8088 ], [ 2.25286, 50.80717 ], [ 2.24824, 50.80772 ], [ 2.24332, 50.8051 ], [ 2.23759, 50.80535 ], [ 2.23455, 50.8045 ] ] } },
{ "type": "Feature", "properties": { "name": "Reninghe", "weight_class": 2, "permanent": true, "length_km": 2.3 }, "geometry": { "type": "MultiLineString", "coordinates": [ [ [ 2.21336, 50.8106 ], [ 2.2134, 50.81524 ], [ 2.21146, 50.82008 ], [ 2.21301, 50.82231 ], [ 2.20729, 50.82772 ] ], [ [ 2.20771, 50.83042 ], [ 2.21001, 50.83031 ] ] ] } },
{ "type": "Feature", "properties": { "name": "Moerelak", "weight_class": 3, "permanent": true, "length_km": 4.2 }, "geometry": { "type": "MultiLineString", "coordinates": [ [ [ 2.2713, 50.78289 ], [ 2.25606, 50.78784 ], [ 2.25276, 50.78799 ] ], [ [ 2.30392, 50.78325 ], [ 2.30214, 50.78359 ], [ 2.30041, 50.78707 ], [ 2.29075, 50.78729 ], [ 2.27967, 50.78665 ], [ 2.27277, 50.783 ] ] ] } },
{ "type": "Feature", "properties": { "name": "Canal de Neuffossé", "weight_class": 4, "permanent": true, "length_km": 4.4 }, "geometry": { "type": "LineString", "coordinates": [ [ 2.405, 50.66461 ], [ 2.40549, 50.67132 ], [ 2.39785, 50.68825 ], [ 2.38304, 50.69961 ] ] } },
{ "type": "Feature", "properties": { "name": "Canal des Dunes", "weight_class": 1, "permanent": true, "length_km": 7.4 }, "geometry": { "type": "LineString", "coordinates": [ [ 2.26538, 51.0421 ], [ 2.23459, 51.03544 ], [ 2.19823, 51.02406 ], [ 2.1774, 51.01856 ], [ 2.17499, 51.01895 ], [ 2.1722, 51.02257 ] ] } },
{ "type": "Feature", "properties": { "name": "Riot de Salain", "weight_class": 1, "permanent": false, "length_km": 2.1 }, "geometry": { "type": "LineString", "coordinates": [ [ 3.6083, 50.31717 ], [ 3.60996, 50.32001 ], [ 3.6076, 50.32386 ], [ 3.60603, 50.32428 ], [ 3.6025, 50.32852 ], [ 3.59906, 50.32899 ], [ 3.59657, 50.3306 ] ] } },
{ "type": "Feature", "properties": { "name": "Wynckle Gracht", "weight_class": 1, "permanent": true, "length_km": 2.1 }, "geometry": { "type": "LineString", "coordinates": [ [ 2.26353, 50.94296 ], [ 2.26785, 50.94184 ], [ 2.26865, 50.94055 ], [ 2.27038, 50.94323 ], [ 2.27401, 50.94242 ], [ 2.28112, 50.94795 ] ] } },
{ "type": "Feature", "properties": { "name": "Watergang de Saint-Nicolas", "weight_class": 1, "permanent": true, "length_km": 3.8 }, "geometry": { "type": "LineString", "coordinates": [ [ 2.16401, 50.91665 ], [ 2.17137, 50.91832 ], [ 2.17045, 50.91946 ], [ 2.16765, 50.91893 ], [ 2.16267, 50.9233 ], [ 2.16339, 50.92471 ], [ 2.16118, 50.92723 ], [ 2.16327, 50.92786 ], [ 2.16037, 50.93156 ], [ 2.15227, 50.92988 ], [ 2.15443, 50.92712 ], [ 2.15355, 50.92682 ] ] } },
{ "type": "Feature", "properties": { "name": "Socx Becque", "weight_class": 1, "permanent": false, "length_km": 2.5 }, "geometry": { "type": "LineString", "coordinates": [ [ 2.44508, 50.89738 ], [ 2.44853, 50.8987 ], [ 2.44713, 50.902 ], [ 2.44393, 50.90279 ], [ 2.44493, 50.90417 ], [ 2.44033, 50.9081 ], [ 2.4369, 50.90875 ], [ 2.43599, 50.9104 ], [ 2.43366, 50.90978 ] ] } },
{ "type": "Feature", "properties": { "name": null, "weight_class": 1, "permanent": true, "length_km": 2.0 }, "geometry": { "type": "LineString", "coordinates": [ [ 2.74924, 50.68183 ], [ 2.75034, 50.68237 ], [ 2.74945, 50.6831 ], [ 2.75158, 50.68402 ], [ 2.75406, 50.68206 ], [ 2.76166, 50.67371 ], [ 2.75918, 50.67191 ] ] } },
{ "type": "Feature", "properties": { "name": null, "weight_class": 1, "permanent": false, "length_km": 4.9 }, "geometry": { "type": "MultiLineString", "coordinates": [ [ [ 3.15148, 50.42681 ], [ 3.15047, 50.42215 ], [ 3.14642, 50.42124 ], [ 3.14781, 50.42008 ], [ 3.14728, 50.41862 ], [ 3.14989, 50.41891 ], [ 3.1547, 50.41707 ], [ 3.15937, 50.41697 ], [ 3.16215, 50.41893 ] ], [ [ 3.16046, 50.42826 ], [ 3.16556, 50.42388 ], [ 3.16567, 50.4205 ], [ 3.16215, 50.41893 ] ], [ [ 3.16215, 50.41893 ], [ 3.16418, 50.41952 ], [ 3.16816, 50.41637 ], [ 3.17305, 50.41563 ] ] ] } },
{ "type": "Feature", "properties": { "name": null, "weight_class": 1, "permanent": false, "length_km": 4.3 }, "geometry": { "type": "MultiLineString", "coordinates": [ [ [ 3.36546, 50.45776 ], [ 3.36607, 50.45666 ], [ 3.37223, 50.45728 ], [ 3.37602, 50.4557 ], [ 3.37639, 50.45655 ] ], [ [ 3.36549, 50.44953 ], [ 3.3676, 50.44953 ], [ 3.36996, 50.45139 ], [ 3.37248, 50.45169 ], [ 3.37853, 50.4558 ] ], [ [ 3.37505, 50.46509 ], [ 3.37322, 50.46598 ], [ 3.36892, 50.46536 ], [ 3.37511, 50.46004 ], [ 3.37639, 50.45655 ] ], [ [ 3.37639, 50.45655 ], [ 3.37853, 50.4558 ] ], [ [ 3.37853, 50.4558 ], [ 3.37875, 50.45578 ] ] ] } },
{ "type": "Feature", "properties": { "name": null, "weight_class": 1, "permanent": true, "length_km": 3.5 }, "geometry": { "type": "MultiLineString", "coordinates": [ [ [ 3.21979, 50.44894 ], [ 3.22362, 50.44796 ], [ 3.22607, 50.44568 ] ], [ [ 3.22607, 50.44568 ], [ 3.22279, 50.44403 ], [ 3.22118, 50.44182 ] ], [ [ 3.23946, 50.44251 ], [ 3.23331, 50.44458 ], [ 3.22696, 50.44409 ], [ 3.22678, 50.44536 ], [ 3.22617, 50.44568 ], [ 3.22612, 50.44569 ], [ 3.22607, 50.44568 ] ], [ [ 3.24123, 50.4442 ], [ 3.23946, 50.44251 ] ], [ [ 3.24474, 50.43871 ], [ 3.23951, 50.44088 ], [ 3.23946, 50.44251 ] ] ] } },
{ "type": "Feature", "properties": { "name": null, "weight_class": 1, "permanent": false, "length_km": 3.5 }, "geometry": { "type": "LineString", "coordinates": [ [ 3.4225, 50.48465 ], [ 3.43049, 50.48552 ], [ 3.43223, 50.48511 ], [ 3.4337, 50.48303 ], [ 3.43998, 50.48347 ], [ 3.44204, 50.48182 ], [ 3.44036, 50.48012 ], [ 3.43785, 50.47944 ], [ 3.43511, 50.4748 ], [ 3.43675, 50.47353 ], [ 3.43349, 50.47204 ] ] } },
{ "type": "Feature", "properties": { "name": null, "weight_class": 1, "permanent": false, "length_km": 3.5 }, "geometry": { "type": "MultiLineString", "coordinates": [ [ [ 3.32669, 50.46885 ], [ 3.32363, 50.46353 ], [ 3.33184, 50.45803 ] ], [ [ 3.33184, 50.45803 ], [ 3.33364, 50.45871 ], [ 3.33519, 50.46174 ], [ 3.33636, 50.46082 ] ], [ [ 3.33845, 50.45497 ], [ 3.33671, 50.45508 ], [ 3.33732, 50.45654 ], [ 3.33566, 50.45824 ], [ 3.33312, 50.45585 ], [ 3.33184, 50.45803 ] ] ] } },
{ "type": "Feature", "properties": { "name": null, "weight_class": 1, "permanent": false, "length_km": 2.2 }, "geometry": { "type": "LineString", "coordinates": [ [ 3.31652, 50.36642 ], [ 3.32104, 50.36953 ], [ 3.32075, 50.37303 ], [ 3.3229, 50.37607 ], [ 3.32009, 50.3751 ], [ 3.3184, 50.37253 ], [ 3.31468, 50.37346 ] ] } },
{ "type": "Feature", "properties": { "name": null, "weight_class": 1, "permanent": true, "length_km": 2.1 }, "geometry": { "type": "LineString", "coordinates": [ [ 3.22687, 50.37498 ], [ 3.22813, 50.38059 ], [ 3.2309, 50.38031 ], [ 3.23346, 50.37816 ], [ 3.23655, 50.37864 ], [ 3.23834, 50.38444 ] ] } },
{ "type": "Feature", "properties": { "name": null, "weight_class": 1, "permanent": false, "length_km": 3.3 }, "geometry": { "type": "MultiLineString", "coordinates": [ [ [ 3.20268, 50.43368 ], [ 3.20146, 50.43092 ] ], [ [ 3.20146, 50.43092 ], [ 3.20037, 50.43001 ], [ 3.19865, 50.4316 ], [ 3.19579, 50.43068 ], [ 3.19682, 50.42991 ], [ 3.19541, 50.42905 ], [ 3.19598, 50.42769 ], [ 3.19947, 50.42476 ], [ 3.20299, 50.42869 ], [ 3.20585, 50.42971 ] ], [ [ 3.20146, 50.43092 ], [ 3.20585, 50.42971 ] ], [ [ 3.20585, 50.42971 ], [ 3.20706, 50.43262 ] ] ] } },
{ "type": "Feature", "properties": { "name": "Ruisseau d'Anor", "weight_class": 1, "permanent": true, "length_km": 8.0 }, "geometry": { "type": "LineString", "coordinates": [ [ 4.13735, 50.01417 ], [ 4.13598, 50.012 ], [ 4.13653, 50.00996 ], [ 4.12821, 50.00582 ], [ 4.12602, 50.00337 ], [ 4.1198, 50.00129 ], [ 4.11582, 49.99874 ], [ 4.10954, 49.99881 ], [ 4.10941, 49.99675 ], [ 4.10769, 49.99722 ], [ 4.10745, 49.99625 ], [ 4.10477, 49.99653 ], [ 4.10558, 49.99565 ], [ 4.10371, 49.99399 ], [ 4.10123, 49.99421 ], [ 4.09776, 49.99212 ], [ 4.09746, 49.99033 ], [ 4.09927, 49.98947 ], [ 4.09874, 49.98794 ], [ 4.10121, 49.98661 ], [ 4.09702, 49.98429 ], [ 4.09868, 49.98218 ], [ 4.09717, 49.98056 ], [ 4.10066, 49.97929 ], [ 4.10343, 49.97534 ], [ 4.10312, 49.97385 ], [ 4.10508, 49.9726 ] ] } },
{ "type": "Feature", "properties": { "name": "l'Oise", "weight_class": 1, "permanent": true, "length_km": 3.4 }, "geometry": { "type": "LineString", "coordinates": [ [ 4.14096, 49.97888 ], [ 4.13969, 49.97902 ], [ 4.13379, 49.97615 ], [ 4.12788, 49.97609 ], [ 4.12175, 49.97456 ], [ 4.11437, 49.97646 ], [ 4.10966, 49.97294 ], [ 4.10539, 49.97289 ], [ 4.10548, 49.97114 ] ] } },
{ "type": "Feature", "properties": { "name": "Ruisseau de Saint-Hubert", "weight_class": 1, "permanent": false, "length_km": 2.6 }, "geometry": { "type": "LineString", "coordinates": [ [ 4.16288, 49.9948 ], [ 4.15937, 49.9928 ], [ 4.15743, 49.98807 ], [ 4.15444, 49.98473 ], [ 4.14736, 49.98377 ], [ 4.14479, 49.97999 ], [ 4.14295, 49.97959 ] ] } },
{ "type": "Feature", "properties": { "name": "Rie de Bon Feu", "weight_class": 1, "permanent": false, "length_km": 2.1 }, "geometry": { "type": "LineString", "coordinates": [ [ 4.12968, 49.98899 ], [ 4.12585, 49.9863 ], [ 4.12607, 49.98242 ], [ 4.12477, 49.98057 ], [ 4.12058, 49.97763 ], [ 4.11437, 49.97646 ] ] } }
]
}
