{
"type": "FeatureCollection",
"name": "dep76_overview.geojson",
"crs": { "type": "name", "properties": { "name": "urn:ogc:def:crs:OGC:1.3:CRS84" } },
"xy_coordinate_resolution": 1e-05,
"features": [
{ "type": "Feature", "properties": { "name": "Fossé des Côtes-sous-Beaumont", "weight_class": 1, "permanent": false, "length_km": 2.8 }, "geometry": { "type": "MultiLineString", "coordinates": [ [ [ 1.44297, 50.02439 ], [ 1.44071, 50.02614 ], [ 1.43353, 50.02868 ], [ 1.42505, 50.0359 ], [ 1.4238, 50.03992 ] ], [ [ 1.42522, 50.04084 ], [ 1.4238, 50.04453 ] ] ] } },
{ "type": "Feature", "properties": { "name": "la Bresle", "weight_class": 2, "permanent": true, "length_km": 59.5 }, "geometry": { "type": "MultiLineString", "coordinates": [ [ [ 1.37214, 50.06208 ], [ 1.36871, 50.06653 ] ], [ [ 1.38417, 50.0601 ], [ 1.37602, 50.0603 ], [ 1.37214, 50.06208 ] ], [ [ 1.38927, 50.06109 ], [ 1.37214, 50.06208 ] ], [ [ 1.38927, 50.06109 ], [ 1.38832, 50.05934 ] ], [ [ 1.45141, 50.04377 ], [ 1.44559, 50.04687 ], [ 1.44519, 50.04812 ], [ 1.4418, 50.04814 ], [ 1.44077, 50.05012 ], [ 1.43827, 50.05123 ], [ 1.43431, 50.05142 ], [ 1.43326, 50.0528 ], [ 1.42799, 50.05248 ], [ 1.42879, 50.05087 ], [ 1.42685, 50.05 ], [ 1.42125, 50.05244 ], [ 1.41836, 50.05043 ], [ 1.39557, 50.06049 ], [ 1.38927, 50.06109 ] ], [ [ 1.45596, 50.03777 ], [ 1.45477, 50.03774 ], [ 1.45474, 50.03914 ], [ 1.45284, 50.03901 ], [ 1.45321, 50.04227 ] ], [ [ 1.47094, 50.03503 ], [ 1.46819, 50.0357 ], [ 1.46718, 50.03513 ], [ 1.46401, 50.03633 ], [ 1.46175, 50.03499 ], [ 1.46146, 50.03635 ], [ 1.45996, 50.03569 ], [ 1.4601, 50.03672 ], [ 1.45773, 50.03746 ] ], [ [ 1.48452, 50.02465 ], [ 1.4784, 50.02734 ], [ 1.477, 50.02929 ], [ 1.47766, 50.03017 ], [ 1.47461, 50.0309 ], [ 1.47528, 50.03195 ], [ 1.47289, 50.03375 ] ], [ [ 1.49532, 50.01846 ], [ 1.49302, 50.01761 ], [ 1.49125, 50.01822 ], [ 1.49036, 50.02156 ] ], [ [ 1.4988, 50.01909 ], [ 1.49822, 50.01981 ], [ 1.49532, 50.01846 ] ], [ [ 1.4988, 50.01909 ], [ 1.49708, 50.01803 ], [ 1.49532, 50.01846 ] ], [ [ 1.50474, 50.01642 ], [ 1.50155, 50.01749 ], [ 1.50106, 50.01886 ], [ 1.4988, 50.01909 ] ], [ [ 1.50974, 50.01527 ], [ 1.50716, 50.0149 ], [ 1.50484, 50.01594 ], [ 1.50474, 50.01642 ] ], [ [ 1.50706, 50.01701 ], [ 1.50652, 50.01621 ], [ 1.50474, 50.01642 ] ], [ [ 1.517, 50.00608 ], [ 1.51605, 50.00882 ], [ 1.51815, 50.0091 ], [ 1.51831, 50.0101 ], [ 1.51461, 50.01316 ] ], [ [ 1.52331, 50.0028 ], [ 1.52443, 50.00342 ], [ 1.52213, 50.00625 ], [ 1.517, 50.00608 ] ], [ [ 1.52586, 49.99771 ], [ 1.52433, 49.99985 ], [ 1.523, 50.00355 ], [ 1.51766, 50.00504 ], [ 1.517, 50.00608 ] ], [ [ 1.53938, 49.99027 ], [ 1.53517, 49.99147 ], [ 1.53237, 49.99408 ], [ 1.53089, 49.99324 ], [ 1.52957, 49.99481 ], [ 1.5274, 49.99473 ], [ 1.52689, 49.99644 ] ], [ [ 1.54183, 49.98886 ], [ 1.53943, 49.9902 ] ], [ [ 1.55761, 49.98004 ], [ 1.55503, 49.98095 ], [ 1.54676, 49.98742 ], [ 1.54289, 49.98847 ] ], [ [ 1.55761, 49.98004 ], [ 1.55526, 49.98294 ] ], [ [ 1.57432, 49.97343 ], [ 1.57029, 49.97587 ], [ 1.5657, 49.97568 ], [ 1.56309, 49.97688 ], [ 1.56271, 49.97813 ], [ 1.55816, 49.97874 ], [ 1.55761, 49.98004 ] ], [ [ 1.6085, 49.94191 ], [ 1.60413, 49.94252 ], [ 1.59962, 49.94706 ], [ 1.59837, 49.94684 ], [ 1.59418, 49.94887 ], [ 1.59174, 49.95119 ], [ 1.59054, 49.95467 ], [ 1.58641, 49.95656 ], [ 1.58728, 49.95779 ], [ 1.58624, 49.96053 ], [ 1.58348, 49.96098 ], [ 1.58184, 49.96271 ], [ 1.58081, 49.96259 ], [ 1.58142, 49.96321 ], [ 1.57752, 49.96339 ], [ 1.57798, 49.96516 ], [ 1.57653, 49.96529 ], [ 1.57553, 49.96675 ], [ 1.57481, 49.97057 ] ], [ [ 1.61558, 49.94018 ], [ 1.61316, 49.93885 ], [ 1.61161, 49.93963 ], [ 1.61273, 49.94122 ] ], [ [ 1.63594, 49.92954 ], [ 1.62574, 49.93289 ], [ 1.62477, 49.93489 ], [ 1.62237, 49.93479 ], [ 1.61975, 49.93702 ], [ 1.61758, 49.93748 ], [ 1.61631, 49.9399 ] ], [ [ 1.64483, 49.92516 ], [ 1.63659, 49.92759 ], [ 1.63594, 49.92954 ] ], [ [ 1.64483, 49.92516 ], [ 1.64385, 49.92687 ], [ 1.63594, 49.92954 ] ], [ [ 1.65511, 49.92189 ], [ 1.64814, 49.92412 ], [ 1.64644, 49.92383 ], [ 1.64483, 49.92516 ] ], [ [ 1.65511, 49.92189 ], [ 1.64677, 49.92532 ], [ 1.6455, 49.92503 ], [ 1.64483, 49.92516 ] ], [ [ 1.68353, 49.91165 ], [ 1.67846, 49.91351 ], [ 1.67399, 49.91808 ], [ 1.66398, 49.91943 ], [ 1.66075, 49.9191 ], [ 1.65511, 49.92189 ] ], [ [ 1.69949, 49.8932 ], [ 1.6974, 49.89288 ], [ 1.69259, 49.89596 ], [ 1.69187, 49.89762 ] ], [ [ 1.71868, 49.8564 ], [ 1.71939, 49.86 ], [ 1.71634, 49.8628 ], [ 1.71644, 49.86469 ], [ 1.7115, 49.87369 ], [ 1.71224, 49.87556 ], [ 1.71436, 49.87599 ] ], [ [ 1.71758, 49.85375 ], [ 1.71868, 49.8564 ] ], [ [ 1.71758, 49.85375 ], [ 1.71764, 49.85605 ], [ 1.71868, 49.8564 ] ], [ [ 1.71848, 49.85151 ], [ 1.71758, 49.85375 ] ], [ [ 1.72551, 49.83637 ], [ 1.7196, 49.84021 ], [ 1.71833, 49.84342 ], [ 1.71973, 49.84703 ], [ 1.71783, 49.84758 ], [ 1.71808, 49.84948 ] ], [ [ 1.71991, 49.85727 ], [ 1.72011, 49.86137 ] ], [ [ 1.72612, 49.83777 ], [ 1.72499, 49.84213 ], [ 1.72583, 49.84517 ], [ 1.72323, 49.84632 ], [ 1.72222, 49.84835 ] ], [ [ 1.72592, 49.83187 ], [ 1.72583, 49.83354 ] ], [ [ 1.72878, 49.82548 ], [ 1.72873, 49.82605 ] ], [ [ 1.74453, 49.72811 ], [ 1.74022, 49.73161 ], [ 1.73999, 49.73765 ], [ 1.73896, 49.73816 ], [ 1.74043, 49.74025 ], [ 1.73827, 49.74306 ], [ 1.73876, 49.74416 ], [ 1.73593, 49.74682 ], [ 1.73704, 49.74907 ], [ 1.73809, 49.74879 ], [ 1.73741, 49.74959 ], [ 1.74011, 49.74958 ], [ 1.73946, 49.7508 ], [ 1.74172, 49.75094 ], [ 1.74165, 49.75215 ] ], [ [ 1.75194, 49.7938 ], [ 1.74665, 49.7963 ], [ 1.74639, 49.79805 ], [ 1.74459, 49.79897 ], [ 1.74653, 49.80064 ], [ 1.74647, 49.80326 ], [ 1.74377, 49.80359 ], [ 1.74364, 49.80536 ], [ 1.7406, 49.80734 ] ], [ [ 1.74986, 49.69075 ], [ 1.74897, 49.69272 ], [ 1.75081, 49.69542 ], [ 1.7437, 49.69834 ], [ 1.74332, 49.70158 ] ], [ [ 1.74794, 49.75865 ], [ 1.74735, 49.76083 ], [ 1.74818, 49.76174 ] ], [ [ 1.74818, 49.76174 ], [ 1.75835, 49.77222 ], [ 1.75914, 49.77921 ], [ 1.7577, 49.78101 ], [ 1.75808, 49.78361 ] ], [ [ 1.74876, 49.7593 ], [ 1.74963, 49.75986 ], [ 1.74818, 49.76174 ] ] ] } },
{ "type": "Feature", "properties": { "name": "l'Yères", "weight_class": 1, "permanent": true, "length_km": 41.5 }, "geometry": { "type": "MultiLineString", "coordinates": [ [ [ 1.56443, 49.85564 ], [ 1.56692, 49.85752 ], [ 1.56811, 49.86248 ], [ 1.56329, 49.87173 ], [ 1.56499, 49.87289 ], [ 1.56161, 49.87565 ], [ 1.56227, 49.88104 ], [ 1.55678, 49.88433 ], [ 1.55646, 49.88653 ], [ 1.55775, 49.88729 ], [ 1.55702, 49.89039 ], [ 1.55491, 49.89224 ], [ 1.54951, 49.89055 ], [ 1.54801, 49.89575 ], [ 1.54305, 49.90106 ], [ 1.541, 49.90175 ], [ 1.53691, 49.90038 ], [ 1.53382, 49.9015 ], [ 1.53129, 49.9009 ], [ 1.52806, 49.90282 ], [ 1.52255, 49.90313 ], [ 1.51844, 49.90567 ], [ 1.51669, 49.91021 ], [ 1.51468, 49.90973 ], [ 1.50778, 49.91065 ], [ 1.49637, 49.91386 ], [ 1.49528, 49.91305 ], [ 1.49335, 49.91568 ], [ 1.48885, 49.91754 ], [ 1.4757, 49.91928 ], [ 1.47484, 49.92039 ], [ 1.4762, 49.92372 ], [ 1.47286, 49.92561 ], [ 1.47375, 49.92963 ], [ 1.4725, 49.92992 ], [ 1.47236, 49.93226 ], [ 1.47005, 49.93376 ], [ 1.46653, 49.93382 ], [ 1.46167, 49.93678 ], [ 1.45882, 49.93698 ], [ 1.45621, 49.93551 ], [ 1.45263, 49.93526 ], [ 1.44852, 49.93853 ], [ 1.44773, 49.9409 ], [ 1.44423, 49.94106 ], [ 1.44159, 49.94341 ], [ 1.43818, 49.94511 ], [ 1.43722, 49.94461 ], [ 1.43246, 49.94904 ], [ 1.42915, 49.94892 ], [ 1.42584, 49.95202 ], [ 1.4174, 49.95515 ], [ 1.41672, 49.95713 ], [ 1.4078, 49.9575 ], [ 1.39965, 49.96094 ], [ 1.40018, 49.96327 ], [ 1.39859, 49.96399 ], [ 1.38799, 49.96484 ], [ 1.38263, 49.96677 ], [ 1.38123, 49.96783 ], [ 1.38183, 49.96926 ], [ 1.37829, 49.97118 ], [ 1.37741, 49.97313 ], [ 1.373, 49.97532 ], [ 1.3724, 49.97628 ], [ 1.37412, 49.9773 ], [ 1.36709, 49.98505 ], [ 1.35467, 49.9895 ], [ 1.35109, 49.98918 ], [ 1.3475, 49.99066 ], [ 1.34313, 49.99313 ], [ 1.34249, 49.9955 ], [ 1.33986, 49.99747 ], [ 1.33984, 49.99954 ], [ 1.33152, 50.00068 ], [ 1.32782, 50.00263 ], [ 1.32743, 50.00439 ], [ 1.32089, 50.00692 ], [ 1.31887, 50.00972 ], [ 1.31947, 50.01323 ], [ 1.31434, 50.01741 ], [ 1.31508, 50.01923 ], [ 1.31366, 50.02007 ], [ 1.31443, 50.02101 ], [ 1.31255, 50.02478 ], [ 1.31404, 50.02643 ], [ 1.30968, 50.03346 ] ], [ [ 1.56318, 49.8529 ], [ 1.56443, 49.85564 ] ], [ [ 1.56318, 49.8529 ], [ 1.56257, 49.85445 ], [ 1.56443, 49.85564 ] ], [ [ 1.5697, 49.82271 ], [ 1.56664, 49.82498 ], [ 1.5672, 49.82789 ], [ 1.56483, 49.83147 ], [ 1.56514, 49.83457 ], [ 1.56729, 49.8373 ], [ 1.56549, 49.83797 ], [ 1.56775, 49.83799 ], [ 1.56804, 49.83976 ], [ 1.56318, 49.8529 ] ] ] } },
{ "type": "Feature", "properties": { "name": "Bras de la Bresle", "weight_class": 1, "permanent": true, "length_km": 2.5 }, "geometry": { "type": "LineString", "coordinates": [ [ 1.75443, 49.76872 ], [ 1.7535, 49.77193 ], [ 1.75479, 49.77403 ], [ 1.75331, 49.77663 ], [ 1.75749, 49.78219 ], [ 1.75606, 49.78541 ], [ 1.75752, 49.78599 ] ] } },
{ "type": "Feature", "properties": { "name": "Bras de l'Yères", "weight_class": 1, "permanent": true, "length_km": 2.4 }, "geometry": { "type": "LineString", "coordinates": [ [ 1.49681, 49.91352 ], [ 1.49784, 49.91357 ], [ 1.49182, 49.91903 ], [ 1.49065, 49.91925 ], [ 1.4898, 49.91832 ], [ 1.48184, 49.92006 ], [ 1.48001, 49.92162 ], [ 1.47704, 49.92114 ], [ 1.47595, 49.92194 ] ] } },
{ "type": "Feature", "properties": { "name": "Bras de la Bresle", "weight_class": 1, "permanent": true, "length_km": 6.9 }, "geometry": { "type": "MultiLineString", "coordinates": [ [ [ 1.63162, 49.93401 ], [ 1.62899, 49.93444 ], [ 1.62634, 49.93378 ], [ 1.62493, 49.93473 ] ], [ [ 1.64251, 49.93069 ], [ 1.6392, 49.93204 ], [ 1.63385, 49.93217 ], [ 1.63212, 49.93363 ] ], [ [ 1.67022, 49.92174 ], [ 1.66664, 49.92134 ], [ 1.6637, 49.92246 ], [ 1.66222, 49.92212 ], [ 1.65944, 49.92374 ], [ 1.65946, 49.92522 ], [ 1.64457, 49.92967 ] ], [ [ 1.66787, 49.923 ], [ 1.66215, 49.92393 ] ], [ [ 1.67674, 49.91853 ], [ 1.67365, 49.91902 ], [ 1.67258, 49.92084 ] ], [ [ 1.67674, 49.91853 ], [ 1.67267, 49.92132 ] ], [ [ 1.68357, 49.91167 ], [ 1.68347, 49.91366 ], [ 1.67876, 49.91696 ], [ 1.67845, 49.91833 ], [ 1.67674, 49.91853 ] ] ] } },
{ "type": "Feature", "properties": { "name": "Bras de la Bresle", "weight_class": 1, "permanent": true, "length_km": 5.7 }, "geometry": { "type": "LineString", "coordinates": [ [ 1.71407, 49.87699 ], [ 1.7112, 49.88175 ], [ 1.71204, 49.88567 ], [ 1.70939, 49.88542 ], [ 1.70516, 49.88786 ], [ 1.70292, 49.88728 ], [ 1.70089, 49.88878 ], [ 1.69745, 49.88951 ], [ 1.69344, 49.89241 ], [ 1.69381, 49.89397 ], [ 1.69092, 49.89764 ], [ 1.68537, 49.90069 ], [ 1.685, 49.90402 ], [ 1.68366, 49.90409 ], [ 1.68173, 49.9084 ], [ 1.68274, 49.90906 ], [ 1.68184, 49.91224 ] ] } },
{ "type": "Feature", "properties": { "name": "Cours d'Eau 01 du Pré Scobart", "weight_class": 1, "permanent": true, "length_km": 2.4 }, "geometry": { "type": "MultiLineString", "coordinates": [ [ [ 1.73513, 49.81176 ], [ 1.73488, 49.81398 ] ], [ [ 1.74566, 49.79603 ], [ 1.74306, 49.79667 ], [ 1.74078, 49.80629 ], [ 1.73853, 49.80643 ], [ 1.73544, 49.81083 ] ] ] } },
{ "type": "Feature", "properties": { "name": "Fontaine Saint-Pierre", "weight_class": 1, "permanent": true, "length_km": 2.7 }, "geometry": { "type": "LineString", "coordinates": [ [ 1.66266, 49.89821 ], [ 1.66812, 49.90671 ], [ 1.67237, 49.91007 ], [ 1.67147, 49.914 ], [ 1.6738, 49.91615 ], [ 1.67301, 49.91805 ] ] } },
{ "type": "Feature", "properties": { "name": "le Douet", "weight_class": 1, "permanent": true, "length_km": 2.4 }, "geometry": { "type": "LineString", "coordinates": [ [ 1.48493, 49.89818 ], [ 1.48572, 49.90306 ], [ 1.48873, 49.90509 ], [ 1.48812, 49.90645 ], [ 1.48981, 49.90745 ], [ 1.48816, 49.90954 ], [ 1.49125, 49.9165 ] ] } },
{ "type": "Feature", "properties": { "name": "la Méline", "weight_class": 1, "permanent": true, "length_km": 10.7 }, "geometry": { "type": "MultiLineString", "coordinates": [ [ [ 1.68184, 49.77883 ], [ 1.6893, 49.7817 ], [ 1.69562, 49.78959 ], [ 1.69903, 49.7905 ], [ 1.70091, 49.79256 ], [ 1.70405, 49.79232 ], [ 1.70439, 49.79404 ], [ 1.70829, 49.79531 ], [ 1.71204, 49.79861 ], [ 1.71543, 49.79956 ], [ 1.71596, 49.80127 ], [ 1.7211, 49.80135 ], [ 1.72795, 49.80322 ], [ 1.73028, 49.80273 ], [ 1.73128, 49.80419 ], [ 1.73459, 49.80457 ], [ 1.73518, 49.80737 ], [ 1.73723, 49.80809 ], [ 1.73519, 49.81172 ] ], [ [ 1.73513, 49.81176 ], [ 1.73366, 49.81517 ], [ 1.72958, 49.81716 ], [ 1.72669, 49.82172 ], [ 1.72683, 49.82608 ], [ 1.72488, 49.82575 ], [ 1.72302, 49.8276 ], [ 1.72093, 49.82757 ], [ 1.72318, 49.83454 ], [ 1.7254, 49.83561 ], [ 1.72356, 49.83723 ] ] ] } },
{ "type": "Feature", "properties": { "name": "Ruisseau de la Vitardiere", "weight_class": 1, "permanent": true, "length_km": 5.6 }, "geometry": { "type": "LineString", "coordinates": [ [ 1.7007, 49.71265 ], [ 1.7113, 49.72098 ], [ 1.70958, 49.73589 ], [ 1.71974, 49.74064 ], [ 1.72642, 49.74193 ], [ 1.72634, 49.74283 ], [ 1.73594, 49.74679 ] ] } },
{ "type": "Feature", "properties": { "name": "Fossé 02 de la Commune de Rocherolles-en-Bray", "weight_class": 1, "permanent": false, "length_km": 2.2 }, "geometry": { "type": "LineString", "coordinates": [ [ 1.51014, 49.61582 ], [ 1.51355, 49.61682 ], [ 1.52134, 49.61331 ], [ 1.52318, 49.61027 ], [ 1.52215, 49.60655 ], [ 1.52549, 49.60368 ] ] } },
{ "type": "Feature", "properties": { "name": "Fossé 02 de la Commune de la Ferte-Saint-Samson", "weight_class": 1, "permanent": false, "length_km": 2.2 }, "geometry": { "type": "LineString", "coordinates": [ [ 1.57462, 49.58569 ], [ 1.56766, 49.58566 ], [ 1.55862, 49.58099 ], [ 1.56401, 49.57519 ] ] } },
{ "type": "Feature", "properties": { "name": "Cours d'Eau 01 de la Commune de la Ferte-Saint-Samson", "weight_class": 1, "permanent": false, "length_km": 3.1 }, "geometry": { "type": "LineString", "coordinates": [ [ 1.5759, 49.58241 ], [ 1.56662, 49.5788 ], [ 1.56401, 49.57519 ], [ 1.5659, 49.57429 ], [ 1.56841, 49.56955 ], [ 1.57247, 49.56653 ], [ 1.57323, 49.56343 ], [ 1.57132, 49.56192 ] ] } },
{ "type": "Feature", "properties": { "name": "Fossé 04 de la Commune de Hannaches", "weight_class": 1, "permanent": false, "length_km": 2.1 }, "geometry": { "type": "LineString", "coordinates": [ [ 1.79125, 49.50718 ], [ 1.78964, 49.50181 ], [ 1.78257, 49.49656 ], [ 1.78371, 49.4909 ] ] } },
{ "type": "Feature", "properties": { "name": "Bras de l'Andelle", "weight_class": 1, "permanent": true, "length_km": 2.1 }, "geometry": { "type": "LineString", "coordinates": [ [ 1.51999, 49.59733 ], [ 1.52223, 49.59536 ], [ 1.51704, 49.59328 ], [ 1.50825, 49.59361 ], [ 1.50367, 49.59199 ], [ 1.50236, 49.58948 ] ] } },
{ "type": "Feature", "properties": { "name": "Cours d'Eau 08 de la Commune de Ferrieres-en-Bray", "weight_class": 1, "permanent": true, "length_km": 3.1 }, "geometry": { "type": "LineString", "coordinates": [ [ 1.77761, 49.50872 ], [ 1.77421, 49.50673 ], [ 1.77258, 49.49974 ], [ 1.76725, 49.49033 ], [ 1.76746, 49.48606 ], [ 1.76922, 49.48409 ] ] } },
{ "type": "Feature", "properties": { "name": "Fossé 02 de la Commune de Gancourt-Saint-Etienne", "weight_class": 1, "permanent": false, "length_km": 3.1 }, "geometry": { "type": "LineString", "coordinates": [ [ 1.7244, 49.54015 ], [ 1.7228, 49.53575 ], [ 1.72503, 49.53351 ], [ 1.72485, 49.53169 ], [ 1.71908, 49.5303 ], [ 1.7134, 49.52718 ], [ 1.71097, 49.52727 ], [ 1.70742, 49.52476 ], [ 1.70693, 49.5232 ], [ 1.70618, 49.52394 ], [ 1.70478, 49.5234 ] ] } },
{ "type": "Feature", "properties": { "name": "Fossé 01 de la Commune de Dampierre-en-Bray", "weight_class": 1, "permanent": false, "length_km": 2.0 }, "geometry": { "type": "LineString", "coordinates": [ [ 1.6398, 49.52172 ], [ 1.65209, 49.52488 ], [ 1.65379, 49.52294 ], [ 1.65873, 49.52157 ], [ 1.65982, 49.52023 ], [ 1.66207, 49.52114 ] ] } },
{ "type": "Feature", "properties": { "name": "Cours d'Eau 01 de la Commune de Mérerval", "weight_class": 1, "permanent": true, "length_km": 2.4 }, "geometry": { "type": "LineString", "coordinates": [ [ 1.64843, 49.5529 ], [ 1.64146, 49.54669 ], [ 1.64261, 49.54377 ], [ 1.63925, 49.5414 ], [ 1.63959, 49.53665 ], [ 1.63689, 49.53465 ] ] } },
{ "type": "Feature", "properties": { "name": "Fossé 07 de la Commune de Mesangueville", "weight_class": 1, "permanent": false, "length_km": 2.2 }, "geometry": { "type": "LineString", "coordinates": [ [ 1.56027, 49.5477 ], [ 1.56502, 49.54918 ], [ 1.56643, 49.55216 ], [ 1.57337, 49.55402 ], [ 1.58399, 49.55206 ] ] } },
{ "type": "Feature", "properties": { "name": "Fossé 08 de la Commune de la Ferte-Saint-Samson", "weight_class": 1, "permanent": false, "length_km": 2.0 }, "geometry": { "type": "LineString", "coordinates": [ [ 1.54237, 49.55853 ], [ 1.55165, 49.56131 ], [ 1.55307, 49.56048 ], [ 1.55462, 49.56219 ], [ 1.55371, 49.56288 ], [ 1.55453, 49.56479 ], [ 1.5611, 49.56736 ] ] } },
{ "type": "Feature", "properties": { "name": "Cours d'Eau 01 de la Commune de Pommereux", "weight_class": 1, "permanent": true, "length_km": 2.6 }, "geometry": { "type": "LineString", "coordinates": [ [ 1.6317, 49.60897 ], [ 1.63114, 49.60766 ], [ 1.6245, 49.60459 ], [ 1.62236, 49.59607 ], [ 1.61592, 49.5897 ] ] } },
{ "type": "Feature", "properties": { "name": "Cours d'Eau 01 de la Commune de Saint-Saire", "weight_class": 1, "permanent": false, "length_km": 3.9 }, "geometry": { "type": "LineString", "coordinates": [ [ 1.449, 49.65964 ], [ 1.45358, 49.65914 ], [ 1.45936, 49.6608 ], [ 1.46499, 49.66054 ], [ 1.47273, 49.66248 ], [ 1.4772, 49.65937 ], [ 1.48069, 49.66134 ], [ 1.48665, 49.66048 ], [ 1.49369, 49.66266 ], [ 1.49464, 49.66228 ] ] } },
{ "type": "Feature", "properties": { "name": "Cours d'Eau 01 de la Commune de Gaillefontaine", "weight_class": 1, "permanent": true, "length_km": 2.2 }, "geometry": { "type": "LineString", "coordinates": [ [ 1.61266, 49.64522 ], [ 1.60704, 49.65118 ], [ 1.59907, 49.65704 ], [ 1.59758, 49.65924 ], [ 1.59866, 49.6612 ] ] } },
{ "type": "Feature", "properties": { "name": "Cours d'Eau 01 de la Commune de Beaussault", "weight_class": 1, "permanent": true, "length_km": 2.4 }, "geometry": { "type": "LineString", "coordinates": [ [ 1.57875, 49.68765 ], [ 1.57501, 49.68644 ], [ 1.57154, 49.68657 ], [ 1.56454, 49.68383 ], [ 1.56419, 49.68267 ], [ 1.56165, 49.68188 ], [ 1.55642, 49.67753 ], [ 1.55472, 49.67838 ] ] } },
{ "type": "Feature", "properties": { "name": "le Sorson", "weight_class": 1, "permanent": true, "length_km": 12.1 }, "geometry": { "type": "LineString", "coordinates": [ [ 1.43684, 49.63266 ], [ 1.44206, 49.63407 ], [ 1.44709, 49.63268 ], [ 1.4553, 49.63238 ], [ 1.45571, 49.63325 ], [ 1.46435, 49.63418 ], [ 1.46448, 49.63859 ], [ 1.4657, 49.6388 ], [ 1.46731, 49.64485 ], [ 1.47, 49.64684 ], [ 1.47252, 49.64643 ], [ 1.47545, 49.64757 ], [ 1.47534, 49.65171 ], [ 1.47862, 49.65352 ], [ 1.48481, 49.65348 ], [ 1.48683, 49.65433 ], [ 1.48922, 49.65783 ], [ 1.49309, 49.65946 ], [ 1.49387, 49.66194 ], [ 1.50414, 49.66663 ], [ 1.50694, 49.67076 ], [ 1.50448, 49.67272 ], [ 1.50552, 49.67464 ], [ 1.50326, 49.6753 ], [ 1.50557, 49.67651 ], [ 1.50481, 49.67842 ], [ 1.50123, 49.67959 ], [ 1.502, 49.681 ], [ 1.49805, 49.68433 ], [ 1.50101, 49.68524 ], [ 1.50085, 49.6879 ], [ 1.49891, 49.69048 ] ] } },
{ "type": "Feature", "properties": { "name": "le Dambec", "weight_class": 1, "permanent": true, "length_km": 3.1 }, "geometry": { "type": "LineString", "coordinates": [ [ 1.46874, 49.67204 ], [ 1.46831, 49.67563 ], [ 1.47141, 49.67618 ], [ 1.47488, 49.67876 ], [ 1.47419, 49.68076 ], [ 1.46895, 49.68364 ], [ 1.46691, 49.69222 ], [ 1.46502, 49.69482 ] ] } },
{ "type": "Feature", "properties": { "name": "Ruisseau du Moulin Breteau", "weight_class": 1, "permanent": true, "length_km": 5.2 }, "geometry": { "type": "LineString", "coordinates": [ [ 1.61052, 49.63688 ], [ 1.60832, 49.62985 ], [ 1.61026, 49.62729 ], [ 1.60952, 49.62492 ], [ 1.6113, 49.62193 ], [ 1.60651, 49.61757 ], [ 1.60705, 49.61357 ], [ 1.60565, 49.61059 ], [ 1.60413, 49.60871 ], [ 1.60026, 49.60741 ], [ 1.60051, 49.60649 ], [ 1.59728, 49.60359 ], [ 1.59744, 49.60064 ], [ 1.59311, 49.60044 ] ] } },
{ "type": "Feature", "properties": { "name": "Ruisseau de la Longue-Traine", "weight_class": 1, "permanent": true, "length_km": 3.0 }, "geometry": { "type": "LineString", "coordinates": [ [ 1.59793, 49.63001 ], [ 1.58908, 49.62447 ], [ 1.58038, 49.61398 ], [ 1.57314, 49.61016 ] ] } },
{ "type": "Feature", "properties": { "name": "Ruisseau du Thil", "weight_class": 1, "permanent": true, "length_km": 4.5 }, "geometry": { "type": "LineString", "coordinates": [ [ 1.60556, 49.64062 ], [ 1.59876, 49.64016 ], [ 1.58492, 49.64193 ], [ 1.57971, 49.64542 ], [ 1.58239, 49.65039 ], [ 1.58037, 49.65567 ], [ 1.58365, 49.65675 ], [ 1.5862, 49.65916 ], [ 1.58603, 49.66155 ], [ 1.58333, 49.66163 ] ] } },
{ "type": "Feature", "properties": { "name": "Ruisseau des Burettes", "weight_class": 1, "permanent": true, "length_km": 2.5 }, "geometry": { "type": "LineString", "coordinates": [ [ 1.58271, 49.63092 ], [ 1.57748, 49.62026 ], [ 1.57116, 49.61575 ], [ 1.56862, 49.61143 ] ] } },
{ "type": "Feature", "properties": { "name": "l'Epte", "weight_class": 2, "permanent": true, "length_km": 52.0 }, "geometry": { "type": "MultiLineString", "coordinates": [ [ [ 1.56262, 49.65048 ], [ 1.56222, 49.64272 ], [ 1.5594, 49.64143 ], [ 1.55704, 49.63863 ], [ 1.54968, 49.63539 ], [ 1.55335, 49.63046 ], [ 1.55131, 49.62667 ], [ 1.55611, 49.61905 ], [ 1.55597, 49.61627 ], [ 1.55892, 49.61496 ], [ 1.56138, 49.61498 ], [ 1.56387, 49.61232 ], [ 1.57301, 49.61026 ], [ 1.57559, 49.60758 ], [ 1.57907, 49.60698 ], [ 1.58389, 49.60433 ], [ 1.58599, 49.60106 ], [ 1.59177, 49.60091 ], [ 1.59607, 49.59966 ], [ 1.59854, 49.59668 ], [ 1.60397, 49.59725 ], [ 1.60614, 49.5966 ], [ 1.60857, 49.59513 ], [ 1.60921, 49.59296 ], [ 1.6182, 49.58841 ], [ 1.62341, 49.58252 ], [ 1.6322, 49.58226 ], [ 1.63675, 49.57859 ], [ 1.63852, 49.57889 ], [ 1.6381, 49.57807 ], [ 1.64263, 49.57661 ], [ 1.64482, 49.57791 ], [ 1.64522, 49.57992 ], [ 1.64813, 49.58128 ], [ 1.65832, 49.58065 ], [ 1.65947, 49.57716 ], [ 1.66245, 49.57492 ], [ 1.66394, 49.57513 ], [ 1.66409, 49.57785 ], [ 1.66666, 49.57983 ], [ 1.66628, 49.57685 ], [ 1.66839, 49.57559 ], [ 1.66745, 49.57391 ], [ 1.66939, 49.57079 ], [ 1.67117, 49.57123 ], [ 1.6743, 49.57495 ], [ 1.67567, 49.5747 ], [ 1.67254, 49.57023 ], [ 1.67646, 49.56873 ], [ 1.67409, 49.56641 ], [ 1.67509, 49.56455 ], [ 1.67939, 49.56827 ], [ 1.68199, 49.5686 ], [ 1.68047, 49.56393 ], [ 1.67578, 49.56327 ], [ 1.67515, 49.56234 ], [ 1.68204, 49.56112 ], [ 1.67928, 49.55747 ], [ 1.68028, 49.5542 ], [ 1.68321, 49.55196 ], [ 1.68207, 49.54803 ], [ 1.68646, 49.54543 ], [ 1.69094, 49.53939 ], [ 1.68672, 49.53792 ], [ 1.68637, 49.53625 ], [ 1.68866, 49.53429 ], [ 1.68769, 49.53259 ], [ 1.6917, 49.53133 ], [ 1.69579, 49.53301 ], [ 1.69558, 49.53131 ], [ 1.69249, 49.52969 ], [ 1.69244, 49.52778 ], [ 1.69635, 49.52525 ], [ 1.70372, 49.52459 ], [ 1.70484, 49.52257 ], [ 1.70328, 49.52113 ], [ 1.70941, 49.51946 ], [ 1.70983, 49.51614 ], [ 1.71163, 49.51499 ], [ 1.70996, 49.50946 ], [ 1.71258, 49.50876 ], [ 1.7178, 49.51006 ], [ 1.71873, 49.5092 ], [ 1.7154, 49.50566 ], [ 1.71642, 49.50378 ], [ 1.71785, 49.50297 ], [ 1.72092, 49.50372 ], [ 1.72544, 49.50285 ], [ 1.72556, 49.49493 ], [ 1.72703, 49.49409 ], [ 1.72917, 49.49455 ], [ 1.73057, 49.49273 ], [ 1.7311, 49.49355 ], [ 1.73262, 49.49337 ], [ 1.73423, 49.49078 ], [ 1.73204, 49.48597 ], [ 1.73417, 49.48268 ], [ 1.73301, 49.48092 ], [ 1.72936, 49.48034 ], [ 1.73037, 49.47682 ], [ 1.72828, 49.47352 ], [ 1.72891, 49.47105 ], [ 1.73128, 49.46988 ], [ 1.73377, 49.46601 ], [ 1.74325, 49.4645 ], [ 1.744, 49.461 ], [ 1.74573, 49.46092 ], [ 1.74782, 49.45926 ], [ 1.7511, 49.45628 ], [ 1.75055, 49.4551 ], [ 1.75215, 49.45365 ], [ 1.7511, 49.45236 ], [ 1.74728, 49.45095 ], [ 1.74421, 49.45208 ], [ 1.74285, 49.45177 ], [ 1.73742, 49.44879 ], [ 1.73457, 49.44471 ], [ 1.73132, 49.44421 ], [ 1.73316, 49.44241 ], [ 1.73256, 49.44043 ], [ 1.72742, 49.44205 ], [ 1.72461, 49.44138 ], [ 1.72266, 49.43287 ], [ 1.72344, 49.43049 ] ], [ [ 1.7237, 49.42734 ], [ 1.72095, 49.42395 ], [ 1.72422, 49.42215 ], [ 1.72064, 49.4181 ], [ 1.71641, 49.41701 ], [ 1.71512, 49.41497 ], [ 1.71595, 49.41064 ], [ 1.71152, 49.40783 ], [ 1.70735, 49.40677 ], [ 1.70743, 49.40498 ], [ 1.70862, 49.40499 ] ], [ [ 1.72339, 49.4305 ], [ 1.72202, 49.42946 ], [ 1.72325, 49.42811 ] ] ] } },
{ "type": "Feature", "properties": { "name": "l'Orson", "weight_class": 1, "permanent": true, "length_km": 5.4 }, "geometry": { "type": "LineString", "coordinates": [ [ 1.55387, 49.64788 ], [ 1.55001, 49.64633 ], [ 1.5463, 49.64692 ], [ 1.53893, 49.64589 ], [ 1.53553, 49.65029 ], [ 1.52686, 49.65271 ], [ 1.5234, 49.65453 ], [ 1.5225, 49.65613 ], [ 1.52007, 49.65624 ], [ 1.51909, 49.65889 ], [ 1.51707, 49.65936 ], [ 1.51538, 49.66202 ], [ 1.51076, 49.66391 ], [ 1.50905, 49.66622 ], [ 1.5091, 49.66901 ], [ 1.50644, 49.6699 ] ] } },
{ "type": "Feature", "properties": { "name": "Ruisseau du Vivier du Vœu", "weight_class": 1, "permanent": true, "length_km": 5.3 }, "geometry": { "type": "LineString", "coordinates": [ [ 1.48612, 49.62763 ], [ 1.49973, 49.62788 ], [ 1.50309, 49.62988 ], [ 1.50886, 49.63097 ], [ 1.51002, 49.63227 ], [ 1.50462, 49.6359 ], [ 1.5045, 49.6404 ], [ 1.49195, 49.64782 ], [ 1.49156, 49.65084 ], [ 1.48784, 49.65311 ], [ 1.48806, 49.65512 ] ] } },
{ "type": "Feature", "properties": { "name": "Ruisseau d'Halescourt/Ruisseau du Vauroux", "weight_class": 1, "permanent": true, "length_km": 6.4 }, "geometry": { "type": "LineString", "coordinates": [ [ 1.63304, 49.62562 ], [ 1.6352, 49.62406 ], [ 1.64888, 49.61957 ], [ 1.65391, 49.61454 ], [ 1.65168, 49.61194 ], [ 1.65352, 49.60835 ], [ 1.65365, 49.60016 ], [ 1.6557, 49.59427 ], [ 1.65985, 49.59174 ], [ 1.65852, 49.58485 ], [ 1.65948, 49.58261 ], [ 1.65837, 49.58062 ] ] } },
{ "type": "Feature", "properties": { "name": "le Thérain", "weight_class": 1, "permanent": false, "length_km": 4.6 }, "geometry": { "type": "LineString", "coordinates": [ [ 1.65576, 49.62863 ], [ 1.65986, 49.6234 ], [ 1.66445, 49.62071 ], [ 1.67872, 49.61827 ], [ 1.68245, 49.61548 ], [ 1.68583, 49.61549 ], [ 1.69273, 49.61101 ], [ 1.70387, 49.60693 ] ] } },
{ "type": "Feature", "properties": { "name": "l'Andelle", "weight_class": 1, "permanent": true, "length_km": 35.5 }, "geometry": { "type": "MultiLineString", "coordinates": [ [ [ 1.38408, 49.45473 ], [ 1.38239, 49.45365 ] ], [ [ 1.38941, 49.45976 ], [ 1.38641, 49.45719 ] ], [ [ 1.4563, 49.48345 ], [ 1.45286, 49.4814 ], [ 1.44987, 49.48107 ], [ 1.44924, 49.47988 ], [ 1.4451, 49.47919 ], [ 1.44594, 49.47811 ], [ 1.43758, 49.47581 ], [ 1.43585, 49.47605 ], [ 1.43399, 49.47448 ], [ 1.42893, 49.47404 ], [ 1.4292, 49.47499 ], [ 1.42728, 49.47594 ], [ 1.42064, 49.4725 ], [ 1.41665, 49.47238 ], [ 1.41441, 49.47325 ], [ 1.41104, 49.47267 ], [ 1.4077, 49.47009 ], [ 1.40521, 49.46994 ], [ 1.40567, 49.46829 ], [ 1.4042, 49.46826 ], [ 1.40119, 49.4655 ], [ 1.39537, 49.46228 ], [ 1.39238, 49.46206 ], [ 1.39006, 49.45984 ] ], [ [ 1.46254, 49.48741 ], [ 1.46004, 49.4868 ], [ 1.46046, 49.48501 ], [ 1.45878, 49.48322 ], [ 1.45709, 49.48379 ], [ 1.4563, 49.48345 ] ], [ [ 1.46254, 49.48741 ], [ 1.45928, 49.48763 ], [ 1.4563, 49.48345 ] ], [ [ 1.47649, 49.4897 ], [ 1.47466, 49.48875 ], [ 1.47433, 49.4898 ], [ 1.47221, 49.48936 ], [ 1.47161, 49.49018 ], [ 1.46648, 49.48779 ], [ 1.46325, 49.48697 ], [ 1.46254, 49.48741 ] ], [ [ 1.47952, 49.49363 ], [ 1.47895, 49.4908 ], [ 1.47649, 49.4897 ] ], [ [ 1.47952, 49.49363 ], [ 1.47728, 49.49206 ], [ 1.47764, 49.49107 ], [ 1.47627, 49.49097 ], [ 1.47649, 49.4897 ] ], [ [ 1.49234, 49.51692 ], [ 1.48964, 49.51543 ], [ 1.489, 49.51642 ], [ 1.48463, 49.51659 ], [ 1.4835, 49.51565 ], [ 1.48465, 49.51392 ], [ 1.48162, 49.5129 ], [ 1.48122, 49.5107 ], [ 1.48368, 49.50745 ], [ 1.47997, 49.50348 ], [ 1.48008, 49.50119 ], [ 1.48216, 49.4998 ], [ 1.48077, 49.49865 ], [ 1.47952, 49.49363 ] ], [ [ 1.52345, 49.62765 ], [ 1.52552, 49.62455 ], [ 1.53065, 49.62133 ], [ 1.52928, 49.61666 ], [ 1.52697, 49.61431 ], [ 1.53072, 49.60752 ], [ 1.52846, 49.60462 ], [ 1.52312, 49.60228 ], [ 1.52347, 49.59856 ], [ 1.51999, 49.59733 ], [ 1.51671, 49.59814 ], [ 1.51417, 49.59561 ], [ 1.50391, 49.5935 ], [ 1.50114, 49.59034 ], [ 1.50237, 49.58943 ], [ 1.50147, 49.58809 ], [ 1.49858, 49.58762 ], [ 1.49846, 49.58665 ], [ 1.49361, 49.58455 ], [ 1.49432, 49.58385 ], [ 1.48754, 49.57403 ], [ 1.48855, 49.56594 ], [ 1.48756, 49.56482 ], [ 1.48796, 49.56389 ], [ 1.49003, 49.56356 ], [ 1.49036, 49.56228 ] ], [ [ 1.49036, 49.56228 ], [ 1.48869, 49.56103 ], [ 1.4888, 49.55825 ], [ 1.49208, 49.55735 ] ], [ [ 1.49036, 49.56228 ], [ 1.48964, 49.55885 ], [ 1.49208, 49.55735 ] ], [ [ 1.49328, 49.52172 ], [ 1.4952, 49.51867 ], [ 1.49376, 49.51699 ], [ 1.49234, 49.51692 ] ], [ [ 1.49328, 49.52172 ], [ 1.4946, 49.51941 ], [ 1.49234, 49.51692 ] ], [ [ 1.49208, 49.55735 ], [ 1.48917, 49.54962 ], [ 1.49177, 49.54902 ], [ 1.49389, 49.54692 ], [ 1.49458, 49.54471 ], [ 1.49294, 49.54397 ], [ 1.49486, 49.54342 ], [ 1.49592, 49.53829 ], [ 1.49773, 49.53742 ], [ 1.49682, 49.53665 ], [ 1.49773, 49.5357 ], [ 1.49519, 49.53384 ], [ 1.49762, 49.53211 ], [ 1.49803, 49.53021 ] ], [ [ 1.49592, 49.52618 ], [ 1.49463, 49.52581 ], [ 1.49328, 49.52172 ] ], [ [ 1.49803, 49.53021 ], [ 1.49592, 49.52618 ] ], [ [ 1.49803, 49.53021 ], [ 1.49969, 49.5299 ], [ 1.49974, 49.52841 ], [ 1.49697, 49.52612 ], [ 1.49592, 49.52618 ] ] ] } },
{ "type": "Feature", "properties": { "name": "Ruisseau des Viviers", "weight_class": 1, "permanent": true, "length_km": 2.6 }, "geometry": { "type": "LineString", "coordinates": [ [ 1.49264, 49.60703 ], [ 1.49642, 49.60589 ], [ 1.4991, 49.60348 ], [ 1.49725, 49.60232 ], [ 1.50016, 49.59739 ], [ 1.49931, 49.59214 ], [ 1.50076, 49.58758 ] ] } },
{ "type": "Feature", "properties": { "name": "la Cayenne", "weight_class": 1, "permanent": false, "length_km": 5.7 }, "geometry": { "type": "LineString", "coordinates": [ [ 1.58482, 49.58351 ], [ 1.58481, 49.58075 ], [ 1.58222, 49.57824 ], [ 1.58273, 49.57519 ], [ 1.5812, 49.57318 ], [ 1.58222, 49.57101 ], [ 1.5859, 49.56949 ], [ 1.58722, 49.56665 ], [ 1.59766, 49.56334 ], [ 1.60179, 49.56042 ], [ 1.60539, 49.5532 ], [ 1.60901, 49.55173 ], [ 1.61562, 49.55093 ], [ 1.62009, 49.54743 ] ] } },
{ "type": "Feature", "properties": { "name": "Ruisseau de Saumont", "weight_class": 1, "permanent": true, "length_km": 3.7 }, "geometry": { "type": "LineString", "coordinates": [ [ 1.60157, 49.57955 ], [ 1.60234, 49.57674 ], [ 1.60623, 49.57454 ], [ 1.63033, 49.57111 ], [ 1.63647, 49.57278 ], [ 1.63849, 49.57559 ], [ 1.64263, 49.57661 ] ] } },
{ "type": "Feature", "properties": { "name": "Ruisseau de la Moussée", "weight_class": 1, "permanent": true, "length_km": 2.4 }, "geometry": { "type": "LineString", "coordinates": [ [ 1.54758, 49.58936 ], [ 1.54293, 49.59121 ], [ 1.54087, 49.59324 ], [ 1.54152, 49.59378 ], [ 1.53934, 49.59492 ], [ 1.52999, 49.59724 ], [ 1.52551, 49.59951 ], [ 1.52357, 49.59883 ] ] } },
{ "type": "Feature", "properties": { "name": "Ruisseau de Mésangueville", "weight_class": 1, "permanent": true, "length_km": 16.1 }, "geometry": { "type": "LineString", "coordinates": [ [ 1.55122, 49.58306 ], [ 1.55358, 49.57886 ], [ 1.55262, 49.57547 ], [ 1.55548, 49.57201 ], [ 1.5612, 49.56729 ], [ 1.56595, 49.56582 ], [ 1.57193, 49.56149 ], [ 1.57704, 49.55942 ], [ 1.57871, 49.55555 ], [ 1.58233, 49.55433 ], [ 1.58627, 49.54983 ], [ 1.60804, 49.54906 ], [ 1.62423, 49.53812 ], [ 1.63276, 49.53636 ], [ 1.63438, 49.53691 ], [ 1.63838, 49.53326 ], [ 1.64259, 49.53257 ], [ 1.64416, 49.53123 ], [ 1.64617, 49.53103 ], [ 1.64605, 49.5303 ], [ 1.65174, 49.52901 ], [ 1.65577, 49.52254 ], [ 1.65712, 49.5229 ], [ 1.66196, 49.52119 ], [ 1.66357, 49.51914 ], [ 1.66608, 49.51939 ], [ 1.66781, 49.52446 ], [ 1.67609, 49.52731 ], [ 1.68018, 49.52765 ], [ 1.68007, 49.53075 ], [ 1.68222, 49.53383 ], [ 1.6851, 49.53388 ], [ 1.68769, 49.53259 ] ] } },
{ "type": "Feature", "properties": { "name": "la Roulée", "weight_class": 1, "permanent": true, "length_km": 7.2 }, "geometry": { "type": "LineString", "coordinates": [ [ 1.51718, 49.57351 ], [ 1.52, 49.56994 ], [ 1.53058, 49.56879 ], [ 1.53355, 49.56166 ], [ 1.53202, 49.55732 ], [ 1.53542, 49.55044 ], [ 1.53073, 49.54743 ], [ 1.52809, 49.54735 ], [ 1.52319, 49.54456 ], [ 1.51802, 49.54457 ], [ 1.5129, 49.54253 ], [ 1.51149, 49.54282 ], [ 1.51106, 49.54042 ], [ 1.50705, 49.53807 ], [ 1.50217, 49.53629 ], [ 1.49725, 49.53608 ] ] } },
{ "type": "Feature", "properties": { "name": "Ruisseau de Saint-Ouen", "weight_class": 1, "permanent": true, "length_km": 2.3 }, "geometry": { "type": "MultiLineString", "coordinates": [ [ [ 1.625, 49.54819 ], [ 1.62416, 49.54874 ], [ 1.61373, 49.54502 ] ], [ [ 1.6399, 49.55512 ], [ 1.6392, 49.55374 ], [ 1.63053, 49.54896 ], [ 1.62872, 49.54945 ], [ 1.62661, 49.54853 ] ] ] } },
{ "type": "Feature", "properties": { "name": "Ruisseau de la Hébergue", "weight_class": 1, "permanent": true, "length_km": 3.7 }, "geometry": { "type": "LineString", "coordinates": [ [ 1.57491, 49.56522 ], [ 1.57677, 49.56364 ], [ 1.57593, 49.5624 ], [ 1.58086, 49.56125 ], [ 1.59054, 49.55541 ], [ 1.59489, 49.55579 ], [ 1.59651, 49.55751 ], [ 1.6021, 49.55527 ], [ 1.60395, 49.55335 ], [ 1.60313, 49.55237 ], [ 1.60766, 49.54908 ] ] } },
{ "type": "Feature", "properties": { "name": "Ruisseau du Mont Louvet", "weight_class": 1, "permanent": false, "length_km": 4.6 }, "geometry": { "type": "LineString", "coordinates": [ [ 1.61315, 49.50407 ], [ 1.61243, 49.50467 ], [ 1.61738, 49.50931 ], [ 1.61741, 49.51161 ], [ 1.62022, 49.5119 ], [ 1.62367, 49.51362 ], [ 1.62991, 49.51307 ], [ 1.63086, 49.51389 ], [ 1.63832, 49.51168 ], [ 1.64664, 49.51052 ], [ 1.65038, 49.50809 ], [ 1.6531, 49.50967 ], [ 1.65912, 49.508 ] ] } },
{ "type": "Feature", "properties": { "name": "Ruisseau de la Clayette/Ruisseau de Bellozanne", "weight_class": 1, "permanent": true, "length_km": 3.9 }, "geometry": { "type": "LineString", "coordinates": [ [ 1.60073, 49.51761 ], [ 1.60544, 49.51851 ], [ 1.6108, 49.51737 ], [ 1.61212, 49.51859 ], [ 1.61139, 49.51954 ], [ 1.61945, 49.51949 ], [ 1.62941, 49.52604 ], [ 1.62886, 49.52697 ], [ 1.63763, 49.53399 ] ] } },
{ "type": "Feature", "properties": { "name": "Ruisseau des Fontenelles", "weight_class": 1, "permanent": true, "length_km": 5.7 }, "geometry": { "type": "LineString", "coordinates": [ [ 1.58689, 49.52204 ], [ 1.5832, 49.52613 ], [ 1.57599, 49.53125 ], [ 1.57565, 49.53518 ], [ 1.58656, 49.53735 ], [ 1.58992, 49.53991 ], [ 1.59364, 49.54047 ], [ 1.5981, 49.54281 ], [ 1.5988, 49.54117 ], [ 1.60171, 49.53987 ], [ 1.60432, 49.53995 ], [ 1.60487, 49.5408 ], [ 1.60831, 49.53877 ], [ 1.61443, 49.54139 ], [ 1.61803, 49.54195 ] ] } },
{ "type": "Feature", "properties": { "name": "Ruisseau de Bièvredent", "weight_class": 1, "permanent": true, "length_km": 7.2 }, "geometry": { "type": "MultiLineString", "coordinates": [ [ [ 1.49884, 49.52376 ], [ 1.49469, 49.5238 ] ], [ [ 1.50589, 49.52362 ], [ 1.50054, 49.52274 ], [ 1.49884, 49.52376 ] ], [ [ 1.50589, 49.52362 ], [ 1.49884, 49.52376 ] ], [ [ 1.56794, 49.54432 ], [ 1.5689, 49.54379 ], [ 1.56812, 49.543 ], [ 1.56162, 49.53829 ], [ 1.55153, 49.53467 ], [ 1.53355, 49.53487 ], [ 1.52942, 49.53351 ], [ 1.52587, 49.53079 ], [ 1.51092, 49.52589 ], [ 1.51028, 49.52433 ], [ 1.50589, 49.52362 ] ] ] } },
{ "type": "Feature", "properties": { "name": "Ruisseau d'Auchy", "weight_class": 1, "permanent": true, "length_km": 4.9 }, "geometry": { "type": "LineString", "coordinates": [ [ 1.78894, 49.49036 ], [ 1.78758, 49.48971 ], [ 1.78371, 49.4909 ], [ 1.77915, 49.49084 ], [ 1.77878, 49.48958 ], [ 1.77065, 49.48417 ], [ 1.75809, 49.48112 ], [ 1.74454, 49.48103 ], [ 1.74297, 49.48004 ], [ 1.74171, 49.48076 ], [ 1.73966, 49.48002 ], [ 1.73346, 49.48125 ] ] } },
{ "type": "Feature", "properties": { "name": "la Morette", "weight_class": 1, "permanent": true, "length_km": 10.5 }, "geometry": { "type": "MultiLineString", "coordinates": [ [ [ 1.6363, 49.48796 ], [ 1.64379, 49.49385 ], [ 1.64398, 49.49506 ], [ 1.64661, 49.49507 ], [ 1.64976, 49.49645 ], [ 1.64993, 49.50293 ], [ 1.6545, 49.50557 ], [ 1.65764, 49.50449 ], [ 1.65889, 49.50802 ], [ 1.665, 49.50583 ], [ 1.66566, 49.50418 ], [ 1.66833, 49.50523 ], [ 1.67055, 49.50493 ], [ 1.67354, 49.50272 ], [ 1.68217, 49.50056 ], [ 1.68688, 49.49763 ], [ 1.69305, 49.4988 ], [ 1.69656, 49.49818 ], [ 1.70072, 49.49486 ], [ 1.70684, 49.49477 ], [ 1.71122, 49.49172 ], [ 1.71948, 49.48918 ], [ 1.7254, 49.48579 ] ], [ [ 1.73329, 49.48441 ], [ 1.72695, 49.48577 ] ] ] } },
{ "type": "Feature", "properties": { "name": "Cours d'Eau 01 du Bas de Fresles", "weight_class": 1, "permanent": true, "length_km": 2.9 }, "geometry": { "type": "LineString", "coordinates": [ [ 1.34535, 49.74805 ], [ 1.35271, 49.75341 ], [ 1.36422, 49.75717 ], [ 1.36751, 49.75954 ], [ 1.36803, 49.76163 ], [ 1.37132, 49.76483 ] ] } },
{ "type": "Feature", "properties": { "name": "Fossé des Prés Raoul", "weight_class": 1, "permanent": false, "length_km": 2.5 }, "geometry": { "type": "LineString", "coordinates": [ [ 1.36086, 49.74266 ], [ 1.36346, 49.74514 ], [ 1.36988, 49.74713 ], [ 1.37399, 49.74994 ], [ 1.38969, 49.74967 ] ] } },
{ "type": "Feature", "properties": { "name": "Bras de la Scie", "weight_class": 1, "permanent": true, "length_km": 2.2 }, "geometry": { "type": "LineString", "coordinates": [ [ 1.07827, 49.83846 ], [ 1.0826, 49.8396 ], [ 1.07777, 49.84855 ], [ 1.07275, 49.85421 ] ] } },
{ "type": "Feature", "properties": { "name": "Bras de la Scie", "weight_class": 1, "permanent": true, "length_km": 2.8 }, "geometry": { "type": "LineString", "coordinates": [ [ 1.12373, 49.76865 ], [ 1.11881, 49.77317 ], [ 1.11602, 49.77929 ], [ 1.11429, 49.7801 ], [ 1.11467, 49.78181 ], [ 1.11131, 49.789 ], [ 1.11195, 49.79012 ] ] } },
{ "type": "Feature", "properties": { "name": "Bras de l'Eaulne", "weight_class": 1, "permanent": true, "length_km": 2.2 }, "geometry": { "type": "LineString", "coordinates": [ [ 1.20245, 49.90645 ], [ 1.20144, 49.90863 ], [ 1.19827, 49.9099 ], [ 1.19635, 49.9094 ], [ 1.19428, 49.91021 ], [ 1.19277, 49.90883 ], [ 1.18653, 49.90771 ], [ 1.1815, 49.90899 ], [ 1.17887, 49.9085 ] ] } },
{ "type": "Feature", "properties": { "name": "Bras de la Varenne", "weight_class": 2, "permanent": true, "length_km": 2.0 }, "geometry": { "type": "LineString", "coordinates": [ [ 1.16768, 49.83916 ], [ 1.16768, 49.84228 ], [ 1.16606, 49.8443 ], [ 1.16737, 49.84756 ], [ 1.16633, 49.84796 ], [ 1.16774, 49.8502 ], [ 1.17109, 49.85124 ] ] } },
{ "type": "Feature", "properties": { "name": "Bras de la Varenne", "weight_class": 1, "permanent": true, "length_km": 2.7 }, "geometry": { "type": "LineString", "coordinates": [ [ 1.17544, 49.8337 ], [ 1.17379, 49.83628 ], [ 1.17564, 49.83761 ], [ 1.17157, 49.84437 ], [ 1.17299, 49.84763 ], [ 1.17231, 49.85279 ], [ 1.1719, 49.85371 ], [ 1.16992, 49.85369 ] ] } },
{ "type": "Feature", "properties": { "name": "Bras de la Varenne", "weight_class": 1, "permanent": true, "length_km": 2.8 }, "geometry": { "type": "LineString", "coordinates": [ [ 1.18143, 49.75068 ], [ 1.17782, 49.75381 ], [ 1.17727, 49.75632 ], [ 1.17568, 49.75688 ], [ 1.17603, 49.75954 ], [ 1.17898, 49.76012 ], [ 1.18039, 49.76195 ], [ 1.17857, 49.77121 ] ] } },
{ "type": "Feature", "properties": { "name": "Fossé du Fond de Meuse", "weight_class": 1, "permanent": false, "length_km": 7.8 }, "geometry": { "type": "LineString", "coordinates": [ [ 1.25397, 49.80435 ], [ 1.24935, 49.8118 ], [ 1.24279, 49.8171 ], [ 1.23495, 49.82074 ], [ 1.22244, 49.82447 ], [ 1.21846, 49.82414 ], [ 1.20642, 49.82711 ], [ 1.20516, 49.82836 ], [ 1.19706, 49.83072 ], [ 1.19131, 49.83416 ], [ 1.1858, 49.83566 ], [ 1.18169, 49.8351 ], [ 1.17846, 49.83572 ], [ 1.1777, 49.83465 ], [ 1.17873, 49.83351 ], [ 1.17731, 49.83306 ], [ 1.17679, 49.83051 ] ] } },
{ "type": "Feature", "properties": { "name": "Bras de la Béthune", "weight_class": 1, "permanent": true, "length_km": 2.4 }, "geometry": { "type": "LineString", "coordinates": [ [ 1.2242, 49.83996 ], [ 1.22262, 49.83903 ], [ 1.22074, 49.8409 ], [ 1.21646, 49.84221 ], [ 1.20907, 49.84782 ], [ 1.20642, 49.85107 ], [ 1.20718, 49.85149 ] ] } },
{ "type": "Feature", "properties": { "name": "l'Arques", "weight_class": 1, "permanent": true, "length_km": 71.9 }, "geometry": { "type": "MultiLineString", "coordinates": [ [ [ 1.61763, 49.65457 ], [ 1.613, 49.65536 ], [ 1.608, 49.65941 ], [ 1.60109, 49.66146 ], [ 1.59855, 49.66123 ], [ 1.5964, 49.66258 ], [ 1.58954, 49.66424 ], [ 1.58627, 49.66394 ], [ 1.58231, 49.66112 ], [ 1.57644, 49.66453 ], [ 1.57616, 49.6675 ], [ 1.57407, 49.66784 ], [ 1.57131, 49.67037 ], [ 1.56549, 49.673 ], [ 1.56397, 49.67192 ], [ 1.55869, 49.67319 ], [ 1.55518, 49.67595 ], [ 1.55427, 49.67869 ], [ 1.54781, 49.67801 ], [ 1.5454, 49.67636 ], [ 1.54132, 49.67678 ], [ 1.53961, 49.67493 ], [ 1.53523, 49.6761 ], [ 1.53205, 49.6742 ], [ 1.53067, 49.67706 ], [ 1.52685, 49.6767 ], [ 1.51781, 49.68362 ], [ 1.51865, 49.68552 ], [ 1.51572, 49.6869 ], [ 1.51455, 49.68894 ], [ 1.49901, 49.69043 ], [ 1.49271, 49.69909 ], [ 1.49015, 49.69722 ], [ 1.48912, 49.69743 ], [ 1.48433, 49.70058 ], [ 1.47881, 49.70142 ], [ 1.47727, 49.70401 ], [ 1.47288, 49.70504 ], [ 1.47261, 49.70605 ], [ 1.4687, 49.70661 ], [ 1.46807, 49.70607 ], [ 1.46556, 49.70804 ], [ 1.46636, 49.70906 ], [ 1.46521, 49.71038 ], [ 1.46116, 49.71037 ], [ 1.45688, 49.71199 ], [ 1.45515, 49.71427 ], [ 1.45025, 49.71657 ], [ 1.44991, 49.71894 ], [ 1.44019, 49.72139 ], [ 1.43941, 49.72342 ], [ 1.43149, 49.72248 ], [ 1.42964, 49.72707 ], [ 1.43401, 49.72993 ], [ 1.4302, 49.73584 ], [ 1.42597, 49.73717 ], [ 1.42375, 49.73966 ], [ 1.41601, 49.74103 ], [ 1.41602, 49.74023 ], [ 1.415, 49.74041 ], [ 1.41578, 49.74163 ], [ 1.41386, 49.74374 ], [ 1.41123, 49.74386 ], [ 1.41135, 49.74514 ], [ 1.40996, 49.74478 ], [ 1.40778, 49.74562 ], [ 1.40372, 49.7447 ], [ 1.40069, 49.74634 ], [ 1.39735, 49.7458 ], [ 1.39773, 49.74664 ], [ 1.39602, 49.74713 ], [ 1.39551, 49.74842 ], [ 1.3911, 49.74988 ], [ 1.3907, 49.752 ], [ 1.38445, 49.75755 ], [ 1.37611, 49.76106 ], [ 1.37636, 49.76359 ], [ 1.37402, 49.76351 ], [ 1.37235, 49.76441 ], [ 1.37278, 49.76543 ], [ 1.37142, 49.76479 ], [ 1.36761, 49.76614 ], [ 1.36549, 49.76895 ], [ 1.36314, 49.76949 ], [ 1.3631, 49.76875 ], [ 1.3614, 49.76863 ], [ 1.35927, 49.76984 ], [ 1.35872, 49.77159 ], [ 1.35111, 49.77266 ], [ 1.35062, 49.7743 ], [ 1.34784, 49.77629 ], [ 1.34533, 49.77619 ], [ 1.34439, 49.77854 ], [ 1.3424, 49.77882 ], [ 1.34041, 49.78119 ], [ 1.33373, 49.78445 ], [ 1.33097, 49.79039 ], [ 1.31718, 49.7951 ], [ 1.31728, 49.79705 ], [ 1.31499, 49.79844 ], [ 1.30956, 49.79938 ], [ 1.30956, 49.80038 ], [ 1.30706, 49.7996 ], [ 1.30485, 49.80023 ], [ 1.30373, 49.79944 ], [ 1.29655, 49.80473 ], [ 1.29326, 49.80436 ], [ 1.2885, 49.80905 ], [ 1.27465, 49.81234 ], [ 1.26997, 49.81447 ], [ 1.26539, 49.81421 ], [ 1.26008, 49.81675 ], [ 1.25627, 49.81676 ], [ 1.25433, 49.82022 ], [ 1.2508, 49.82297 ], [ 1.24913, 49.8237 ], [ 1.24816, 49.82323 ], [ 1.24334, 49.82636 ], [ 1.2432, 49.82748 ], [ 1.24179, 49.82714 ], [ 1.23841, 49.82983 ], [ 1.23392, 49.83124 ], [ 1.2289, 49.83743 ], [ 1.2241, 49.84002 ], [ 1.22506, 49.84103 ], [ 1.22419, 49.84184 ], [ 1.21818, 49.84421 ], [ 1.21613, 49.84724 ], [ 1.21349, 49.84667 ], [ 1.2124, 49.84776 ], [ 1.2109, 49.84755 ], [ 1.21153, 49.84898 ], [ 1.20897, 49.85002 ], [ 1.20896, 49.85087 ], [ 1.20813, 49.85053 ], [ 1.20304, 49.85444 ], [ 1.20057, 49.85463 ], [ 1.20116, 49.85621 ], [ 1.19914, 49.85803 ], [ 1.19374, 49.85899 ], [ 1.19442, 49.85955 ], [ 1.19275, 49.86136 ], [ 1.19131, 49.86124 ], [ 1.19122, 49.86216 ], [ 1.18848, 49.86193 ], [ 1.18719, 49.86377 ], [ 1.18457, 49.86463 ], [ 1.18308, 49.864 ], [ 1.18025, 49.86483 ], [ 1.17987, 49.86418 ], [ 1.17921, 49.86541 ], [ 1.17591, 49.86554 ], [ 1.17377, 49.86839 ], [ 1.16608, 49.87186 ], [ 1.15547, 49.87537 ], [ 1.15369, 49.87524 ], [ 1.1518, 49.87716 ], [ 1.14846, 49.87656 ], [ 1.14823, 49.87756 ], [ 1.1393, 49.88104 ], [ 1.13902, 49.8831 ], [ 1.13574, 49.88338 ], [ 1.13154, 49.88854 ], [ 1.13338, 49.88966 ], [ 1.12946, 49.89068 ], [ 1.13057, 49.89256 ], [ 1.12889, 49.89436 ], [ 1.12616, 49.89394 ], [ 1.12424, 49.89521 ], [ 1.12467, 49.89646 ], [ 1.12124, 49.89647 ], [ 1.12666, 49.89879 ], [ 1.12449, 49.90188 ], [ 1.12155, 49.9032 ], [ 1.11763, 49.90301 ], [ 1.11755, 49.90468 ], [ 1.11432, 49.90591 ], [ 1.10824, 49.90636 ], [ 1.10423, 49.91085 ], [ 1.09518, 49.91483 ], [ 1.09659, 49.91745 ], [ 1.09051, 49.9225 ], [ 1.08732, 49.92369 ], [ 1.08488, 49.92661 ], [ 1.08568, 49.93104 ], [ 1.08378, 49.93685 ] ], [ [ 1.61814, 49.65308 ], [ 1.61769, 49.6544 ] ], [ [ 1.62801, 49.63467 ], [ 1.62401, 49.63688 ], [ 1.62007, 49.64115 ], [ 1.61864, 49.65083 ] ] ] } },
{ "type": "Feature", "properties": { "name": "Bailly Bec", "weight_class": 1, "permanent": true, "length_km": 7.7 }, "geometry": { "type": "LineString", "coordinates": [ [ 1.34407, 49.90489 ], [ 1.33725, 49.91176 ], [ 1.33636, 49.91453 ], [ 1.33324, 49.91337 ], [ 1.33234, 49.91411 ], [ 1.32952, 49.91401 ], [ 1.32774, 49.91263 ], [ 1.31997, 49.91212 ], [ 1.3109, 49.90959 ], [ 1.30958, 49.90828 ], [ 1.30232, 49.90668 ], [ 1.29709, 49.90439 ], [ 1.29731, 49.90291 ], [ 1.29109, 49.90201 ], [ 1.28459, 49.89878 ], [ 1.28546, 49.89754 ], [ 1.27869, 49.8922 ], [ 1.27619, 49.89158 ], [ 1.27302, 49.88916 ] ] } },
{ "type": "Feature", "properties": { "name": "l'Eaulne", "weight_class": 2, "permanent": true, "length_km": 51.3 }, "geometry": { "type": "MultiLineString", "coordinates": [ [ [ 1.17324, 49.90845 ], [ 1.17134, 49.90629 ], [ 1.16834, 49.90602 ], [ 1.16803, 49.90416 ], [ 1.16335, 49.90436 ], [ 1.16019, 49.90325 ], [ 1.15868, 49.90434 ], [ 1.1567, 49.90283 ], [ 1.15315, 49.90379 ], [ 1.14482, 49.90222 ], [ 1.139, 49.89645 ], [ 1.13486, 49.89515 ], [ 1.13402, 49.89189 ], [ 1.13287, 49.89123 ], [ 1.13052, 49.89182 ] ], [ [ 1.17807, 49.90859 ], [ 1.17424, 49.90908 ], [ 1.17324, 49.90845 ] ], [ [ 1.17807, 49.90859 ], [ 1.17772, 49.90848 ], [ 1.17324, 49.90845 ] ], [ [ 1.24176, 49.89678 ], [ 1.23968, 49.89718 ], [ 1.23758, 49.89959 ], [ 1.23075, 49.90227 ], [ 1.22988, 49.9016 ], [ 1.22247, 49.90241 ], [ 1.21999, 49.90158 ], [ 1.21527, 49.90401 ], [ 1.21272, 49.90246 ], [ 1.20554, 49.90313 ], [ 1.20189, 49.90499 ], [ 1.20316, 49.90572 ], [ 1.20087, 49.90785 ], [ 1.19927, 49.90669 ], [ 1.19599, 49.90809 ], [ 1.19034, 49.90837 ], [ 1.18921, 49.90761 ], [ 1.18391, 49.90734 ], [ 1.18069, 49.90839 ], [ 1.18005, 49.90836 ], [ 1.17843, 49.90861 ], [ 1.17807, 49.90859 ] ], [ [ 1.24665, 49.8963 ], [ 1.2446, 49.89667 ], [ 1.24351, 49.89667 ], [ 1.24205, 49.8968 ], [ 1.24176, 49.89678 ] ], [ [ 1.24665, 49.8963 ], [ 1.24566, 49.89704 ], [ 1.24176, 49.89678 ] ], [ [ 1.26211, 49.89365 ], [ 1.2585, 49.89415 ], [ 1.25388, 49.89276 ], [ 1.2512, 49.89467 ], [ 1.24913, 49.89458 ], [ 1.24784, 49.89688 ], [ 1.2472, 49.8962 ], [ 1.24665, 49.8963 ] ], [ [ 1.26704, 49.89235 ], [ 1.26444, 49.89238 ], [ 1.26211, 49.89365 ] ], [ [ 1.26704, 49.89235 ], [ 1.26463, 49.89439 ], [ 1.26251, 49.89441 ], [ 1.26253, 49.89367 ], [ 1.26244, 49.89359 ], [ 1.26211, 49.89365 ] ], [ [ 1.34077, 49.855 ], [ 1.33466, 49.85591 ], [ 1.33426, 49.85856 ], [ 1.33085, 49.86006 ], [ 1.3241, 49.86555 ], [ 1.31868, 49.86583 ], [ 1.31226, 49.86945 ], [ 1.31201, 49.87174 ], [ 1.30851, 49.8727 ], [ 1.30692, 49.87227 ], [ 1.30645, 49.87356 ], [ 1.30433, 49.87322 ], [ 1.30198, 49.87555 ], [ 1.29864, 49.87584 ], [ 1.29494, 49.87873 ], [ 1.29252, 49.87865 ], [ 1.28355, 49.88166 ], [ 1.2816, 49.88288 ], [ 1.28296, 49.88393 ], [ 1.27803, 49.88676 ], [ 1.2736, 49.88766 ], [ 1.27317, 49.88914 ], [ 1.26975, 49.8887 ], [ 1.26915, 49.88996 ], [ 1.2677, 49.8899 ], [ 1.26704, 49.89235 ] ], [ [ 1.34393, 49.85419 ], [ 1.34178, 49.8538 ], [ 1.3418, 49.85458 ], [ 1.34092, 49.85501 ], [ 1.34077, 49.855 ] ], [ [ 1.34393, 49.85419 ], [ 1.34162, 49.85583 ], [ 1.34077, 49.855 ] ], [ [ 1.3716, 49.84031 ], [ 1.36879, 49.84052 ], [ 1.36382, 49.84408 ], [ 1.35825, 49.8457 ], [ 1.35583, 49.8481 ], [ 1.34874, 49.85089 ], [ 1.34393, 49.85419 ] ], [ [ 1.37678, 49.84048 ], [ 1.37307, 49.84164 ], [ 1.3716, 49.84031 ] ], [ [ 1.37678, 49.84048 ], [ 1.37488, 49.83983 ], [ 1.3716, 49.84031 ] ], [ [ 1.51396, 49.7677 ], [ 1.49581, 49.77813 ], [ 1.496, 49.779 ], [ 1.49097, 49.779 ], [ 1.4848, 49.78083 ], [ 1.485, 49.78245 ], [ 1.48337, 49.78328 ], [ 1.48325, 49.78459 ], [ 1.48101, 49.78487 ], [ 1.47527, 49.78832 ], [ 1.46791, 49.79047 ], [ 1.46572, 49.79399 ], [ 1.45797, 49.79743 ], [ 1.4557, 49.80067 ], [ 1.45038, 49.80267 ], [ 1.44785, 49.80595 ], [ 1.44509, 49.80575 ], [ 1.4409, 49.80896 ], [ 1.43163, 49.81042 ], [ 1.4285, 49.81219 ], [ 1.42689, 49.81183 ], [ 1.4272, 49.81413 ], [ 1.42528, 49.81561 ], [ 1.42241, 49.81584 ], [ 1.42147, 49.81782 ], [ 1.42237, 49.81813 ], [ 1.4193, 49.82101 ], [ 1.41462, 49.82141 ], [ 1.41497, 49.82274 ], [ 1.41233, 49.82505 ], [ 1.40753, 49.82673 ], [ 1.40633, 49.82582 ], [ 1.40445, 49.82664 ], [ 1.40135, 49.82964 ], [ 1.40064, 49.83199 ], [ 1.39589, 49.83413 ], [ 1.39149, 49.83455 ], [ 1.39053, 49.83391 ], [ 1.38681, 49.8359 ], [ 1.3851, 49.83574 ], [ 1.38101, 49.83933 ], [ 1.37907, 49.83851 ], [ 1.37678, 49.84048 ] ], [ [ 1.5202, 49.76546 ], [ 1.5144, 49.7667 ], [ 1.51396, 49.7677 ] ], [ [ 1.5202, 49.76546 ], [ 1.51396, 49.7677 ] ], [ [ 1.55576, 49.74505 ], [ 1.55122, 49.74863 ], [ 1.54431, 49.75182 ], [ 1.54285, 49.75446 ], [ 1.53802, 49.75796 ], [ 1.53107, 49.76078 ], [ 1.52732, 49.76109 ], [ 1.52752, 49.76266 ], [ 1.5202, 49.76546 ] ] ] } },
{ "type": "Feature", "properties": { "name": "la Scie", "weight_class": 1, "permanent": true, "length_km": 38.5 }, "geometry": { "type": "MultiLineString", "coordinates": [ [ [ 1.10897, 49.67609 ], [ 1.10846, 49.68327 ], [ 1.10541, 49.68326 ], [ 1.10325, 49.68422 ], [ 1.10414, 49.6881 ], [ 1.09796, 49.6912 ], [ 1.09701, 49.69536 ], [ 1.09356, 49.69594 ], [ 1.09572, 49.70003 ], [ 1.09448, 49.70438 ], [ 1.09661, 49.70531 ], [ 1.09592, 49.70853 ], [ 1.09923, 49.71303 ], [ 1.09823, 49.72066 ], [ 1.09483, 49.72243 ], [ 1.09423, 49.72412 ], [ 1.10041, 49.73111 ], [ 1.10161, 49.73639 ], [ 1.10758, 49.73927 ], [ 1.10775, 49.74305 ], [ 1.11393, 49.7454 ], [ 1.11402, 49.74951 ], [ 1.11866, 49.75168 ], [ 1.12163, 49.75567 ], [ 1.12429, 49.75727 ], [ 1.12173, 49.76261 ], [ 1.12397, 49.76469 ], [ 1.12308, 49.7701 ], [ 1.12401, 49.77082 ], [ 1.12098, 49.77244 ], [ 1.11927, 49.77686 ], [ 1.11596, 49.77991 ], [ 1.11452, 49.78328 ], [ 1.11537, 49.78621 ], [ 1.10709, 49.79605 ], [ 1.10562, 49.79987 ], [ 1.10621, 49.80185 ], [ 1.10257, 49.80469 ], [ 1.09831, 49.81158 ], [ 1.09914, 49.81404 ], [ 1.09701, 49.81642 ], [ 1.09484, 49.81626 ], [ 1.09131, 49.81857 ], [ 1.09225, 49.82169 ], [ 1.08472, 49.82728 ], [ 1.08377, 49.83164 ], [ 1.0802, 49.83471 ], [ 1.08134, 49.83635 ], [ 1.07823, 49.83776 ], [ 1.0774, 49.84017 ], [ 1.07835, 49.84214 ], [ 1.07444, 49.84619 ], [ 1.07349, 49.84999 ], [ 1.07126, 49.85155 ], [ 1.07093, 49.85329 ], [ 1.07269, 49.85364 ], [ 1.07264, 49.85489 ], [ 1.06856, 49.86093 ], [ 1.0685, 49.86409 ], [ 1.07018, 49.86551 ], [ 1.06989, 49.86959 ], [ 1.06459, 49.8743 ], [ 1.06473, 49.8773 ], [ 1.06187, 49.88128 ], [ 1.06165, 49.88532 ], [ 1.05486, 49.89325 ], [ 1.05481, 49.89612 ], [ 1.05703, 49.89815 ], [ 1.05357, 49.90047 ], [ 1.05352, 49.90259 ], [ 1.05059, 49.90382 ], [ 1.05, 49.90584 ], [ 1.04451, 49.90827 ], [ 1.04338, 49.90802 ], [ 1.04172, 49.91349 ], [ 1.03796, 49.91421 ], [ 1.03173, 49.91802 ] ], [ [ 1.14285, 49.64597 ], [ 1.13805, 49.64922 ], [ 1.13368, 49.64972 ], [ 1.13083, 49.6512 ], [ 1.12426, 49.66013 ], [ 1.12057, 49.66259 ], [ 1.1209, 49.66559 ], [ 1.11769, 49.66902 ], [ 1.11827, 49.67118 ], [ 1.11607, 49.67336 ] ] ] } },
{ "type": "Feature", "properties": { "name": "la Varenne", "weight_class": 2, "permanent": true, "length_km": 49.8 }, "geometry": { "type": "MultiLineString", "coordinates": [ [ [ 1.1529, 49.86834 ], [ 1.15101, 49.86941 ], [ 1.14402, 49.87052 ], [ 1.13131, 49.877 ], [ 1.12969, 49.87907 ], [ 1.13126, 49.88319 ], [ 1.12969, 49.88338 ], [ 1.12866, 49.88476 ], [ 1.13137, 49.8871 ], [ 1.12904, 49.88881 ], [ 1.13076, 49.8901 ] ], [ [ 1.15486, 49.86649 ], [ 1.1529, 49.86834 ] ], [ [ 1.15486, 49.86649 ], [ 1.15534, 49.86708 ], [ 1.1529, 49.86834 ] ], [ [ 1.16559, 49.85443 ], [ 1.1656, 49.85813 ], [ 1.16231, 49.85971 ], [ 1.16113, 49.86153 ], [ 1.15884, 49.86213 ], [ 1.15486, 49.86649 ] ], [ [ 1.1735, 49.81664 ], [ 1.17164, 49.81904 ], [ 1.17185, 49.82113 ], [ 1.17277, 49.82103 ], [ 1.1719, 49.82704 ], [ 1.17318, 49.82978 ], [ 1.17037, 49.83266 ], [ 1.16903, 49.8369 ], [ 1.16706, 49.83787 ], [ 1.16701, 49.84119 ], [ 1.16326, 49.84688 ], [ 1.16367, 49.85101 ], [ 1.16559, 49.85443 ] ], [ [ 1.1735, 49.81664 ], [ 1.17418, 49.81916 ], [ 1.17316, 49.82057 ], [ 1.17788, 49.82259 ], [ 1.17921, 49.82476 ], [ 1.17761, 49.8251 ], [ 1.17927, 49.827 ], [ 1.17796, 49.82926 ], [ 1.17632, 49.82952 ], [ 1.17554, 49.83365 ], [ 1.1738, 49.83344 ], [ 1.17219, 49.83532 ], [ 1.16916, 49.84294 ], [ 1.16948, 49.84767 ], [ 1.172, 49.84821 ], [ 1.17021, 49.84995 ], [ 1.17133, 49.85172 ], [ 1.17003, 49.85364 ], [ 1.1684, 49.85329 ], [ 1.16559, 49.85443 ] ], [ [ 1.18232, 49.75394 ], [ 1.17996, 49.75904 ], [ 1.18256, 49.76282 ], [ 1.18212, 49.76736 ], [ 1.18048, 49.77067 ], [ 1.1776, 49.77248 ], [ 1.17741, 49.77523 ], [ 1.18089, 49.77844 ], [ 1.17586, 49.78076 ], [ 1.17392, 49.78051 ], [ 1.17178, 49.78605 ], [ 1.17193, 49.78691 ], [ 1.17359, 49.78688 ], [ 1.17224, 49.78847 ], [ 1.17468, 49.79087 ], [ 1.17344, 49.79088 ], [ 1.17309, 49.79288 ], [ 1.17632, 49.79818 ], [ 1.17572, 49.79999 ], [ 1.17903, 49.8038 ], [ 1.17547, 49.81549 ], [ 1.1735, 49.81664 ] ], [ [ 1.18389, 49.74544 ], [ 1.18355, 49.74813 ], [ 1.18141, 49.75064 ], [ 1.18279, 49.75228 ], [ 1.18232, 49.75394 ] ], [ [ 1.18389, 49.74544 ], [ 1.18353, 49.75251 ], [ 1.18232, 49.75394 ] ], [ [ 1.24691, 49.69249 ], [ 1.24144, 49.69522 ], [ 1.24071, 49.69909 ], [ 1.23853, 49.70131 ], [ 1.23397, 49.70177 ], [ 1.23276, 49.70284 ], [ 1.23329, 49.7043 ], [ 1.22649, 49.70828 ], [ 1.22215, 49.70884 ], [ 1.21924, 49.71078 ], [ 1.21356, 49.71189 ], [ 1.21128, 49.71668 ], [ 1.2023, 49.72059 ], [ 1.19983, 49.72909 ], [ 1.19145, 49.73544 ], [ 1.1882, 49.73896 ], [ 1.18844, 49.74008 ], [ 1.18319, 49.74482 ], [ 1.18389, 49.74544 ] ], [ [ 1.25975, 49.68658 ], [ 1.25718, 49.68854 ], [ 1.25071, 49.68933 ], [ 1.24691, 49.69249 ] ], [ [ 1.25975, 49.68658 ], [ 1.2598, 49.68891 ], [ 1.25847, 49.68963 ], [ 1.24691, 49.69249 ] ], [ [ 1.31557, 49.63134 ], [ 1.31322, 49.63266 ], [ 1.31521, 49.63453 ], [ 1.3156, 49.6379 ], [ 1.30989, 49.63929 ], [ 1.30373, 49.6444 ], [ 1.30314, 49.64692 ], [ 1.29971, 49.6479 ], [ 1.29666, 49.65062 ], [ 1.29284, 49.65231 ], [ 1.29214, 49.6545 ], [ 1.28794, 49.65722 ], [ 1.28712, 49.65693 ], [ 1.28642, 49.65959 ], [ 1.28817, 49.66318 ], [ 1.28469, 49.66639 ], [ 1.28351, 49.67045 ], [ 1.27767, 49.67278 ], [ 1.27665, 49.67556 ], [ 1.27121, 49.67786 ], [ 1.27097, 49.68078 ], [ 1.26351, 49.68239 ], [ 1.25975, 49.68658 ] ] ] } },
{ "type": "Feature", "properties": { "name": "Ruisseau des Fontaines", "weight_class": 1, "permanent": true, "length_km": 2.9 }, "geometry": { "type": "LineString", "coordinates": [ [ 1.19948, 49.85654 ], [ 1.19277, 49.85861 ], [ 1.18958, 49.86115 ], [ 1.17287, 49.86383 ], [ 1.16958, 49.86553 ], [ 1.17241, 49.86864 ] ] } },
{ "type": "Feature", "properties": { "name": "la Vienne", "weight_class": 1, "permanent": true, "length_km": 15.4 }, "geometry": { "type": "LineString", "coordinates": [ [ 1.01378, 49.75138 ], [ 1.01618, 49.75315 ], [ 1.01343, 49.75618 ], [ 1.0154, 49.76107 ], [ 1.01096, 49.76351 ], [ 1.01061, 49.76639 ], [ 1.00622, 49.76775 ], [ 1.00647, 49.76871 ], [ 1.00134, 49.77271 ], [ 0.99653, 49.78308 ], [ 0.99428, 49.78579 ], [ 0.99046, 49.78681 ], [ 0.98674, 49.78914 ], [ 0.98699, 49.79123 ], [ 0.98324, 49.79711 ], [ 0.98547, 49.80177 ], [ 0.98373, 49.80621 ], [ 0.98864, 49.80979 ], [ 0.98654, 49.81174 ], [ 0.9886, 49.81675 ], [ 0.98508, 49.82015 ], [ 0.98478, 49.8216 ], [ 0.98624, 49.82276 ], [ 0.98499, 49.82644 ], [ 0.98304, 49.82806 ], [ 0.97909, 49.82894 ], [ 0.98044, 49.83457 ], [ 0.97297, 49.83864 ], [ 0.97422, 49.84371 ], [ 0.96587, 49.84692 ], [ 0.95997, 49.84662 ], [ 0.9582, 49.84832 ], [ 0.95756, 49.85161 ], [ 0.96016, 49.85474 ], [ 0.9594, 49.85588 ] ] } },
{ "type": "Feature", "properties": { "name": "Ruisseau de Bully", "weight_class": 2, "permanent": true, "length_km": 3.3 }, "geometry": { "type": "LineString", "coordinates": [ [ 1.3645, 49.73451 ], [ 1.36819, 49.73571 ], [ 1.37874, 49.73547 ], [ 1.38458, 49.73823 ], [ 1.38975, 49.73904 ], [ 1.39244, 49.74191 ], [ 1.39796, 49.74422 ], [ 1.39873, 49.74566 ], [ 1.39782, 49.74582 ] ] } },
{ "type": "Feature", "properties": { "name": "Cours d'Eau 01 de la Plâtrière", "weight_class": 1, "permanent": true, "length_km": 2.4 }, "geometry": { "type": "LineString", "coordinates": [ [ 1.37406, 49.71753 ], [ 1.37176, 49.72355 ], [ 1.37489, 49.72759 ], [ 1.37396, 49.73061 ], [ 1.37874, 49.73547 ] ] } },
{ "type": "Feature", "properties": { "name": "Cours d'Eau 01 de la Commune de Ry", "weight_class": 1, "permanent": true, "length_km": 2.0 }, "geometry": { "type": "LineString", "coordinates": [ [ 1.35186, 49.46862 ], [ 1.35209, 49.46466 ], [ 1.36075, 49.46122 ], [ 1.36003, 49.45934 ], [ 1.36368, 49.4564 ] ] } },
{ "type": "Feature", "properties": { "name": "Cours d'Eau 01 de la Commune de Mauquenchy", "weight_class": 1, "permanent": true, "length_km": 4.1 }, "geometry": { "type": "LineString", "coordinates": [ [ 1.46486, 49.60748 ], [ 1.47182, 49.60705 ], [ 1.47815, 49.60765 ], [ 1.4796, 49.6087 ], [ 1.48112, 49.60728 ], [ 1.48065, 49.60566 ], [ 1.48752, 49.604 ], [ 1.48941, 49.60448 ], [ 1.49373, 49.60305 ], [ 1.49773, 49.59811 ], [ 1.49725, 49.59383 ], [ 1.49955, 49.59368 ] ] } },
{ "type": "Feature", "properties": { "name": "Cours d'Eau 02 de la Commune de Sainte-Geneviève", "weight_class": 1, "permanent": true, "length_km": 2.1 }, "geometry": { "type": "LineString", "coordinates": [ [ 1.45306, 49.66719 ], [ 1.45469, 49.67098 ], [ 1.4524, 49.67279 ], [ 1.45267, 49.67606 ], [ 1.44946, 49.67745 ], [ 1.45024, 49.67975 ], [ 1.44821, 49.68213 ] ] } },
{ "type": "Feature", "properties": { "name": "Fossé 07 de la Commune de Neuville-Ferrières", "weight_class": 1, "permanent": false, "length_km": 2.1 }, "geometry": { "type": "LineString", "coordinates": [ [ 1.44802, 49.70076 ], [ 1.44185, 49.69975 ], [ 1.4375, 49.70192 ], [ 1.43764, 49.70466 ], [ 1.43989, 49.70731 ], [ 1.43649, 49.71167 ] ] } },
{ "type": "Feature", "properties": { "name": "la Varenne", "weight_class": 1, "permanent": false, "length_km": 3.4 }, "geometry": { "type": "MultiLineString", "coordinates": [ [ [ 1.28351, 49.67045 ], [ 1.28445, 49.67076 ], [ 1.27916, 49.67327 ], [ 1.27627, 49.67771 ], [ 1.27069, 49.68213 ], [ 1.26097, 49.68547 ] ], [ [ 1.28755, 49.66673 ], [ 1.28357, 49.67026 ] ] ] } },
{ "type": "Feature", "properties": { "name": "le Philbert", "weight_class": 1, "permanent": true, "length_km": 5.9 }, "geometry": { "type": "LineString", "coordinates": [ [ 1.41463, 49.68103 ], [ 1.42034, 49.68396 ], [ 1.42424, 49.68763 ], [ 1.42517, 49.68944 ], [ 1.42404, 49.69217 ], [ 1.427, 49.69736 ], [ 1.42609, 49.70052 ], [ 1.42399, 49.70219 ], [ 1.42449, 49.70795 ], [ 1.43306, 49.71335 ], [ 1.43232, 49.71759 ], [ 1.43389, 49.72007 ], [ 1.43737, 49.72123 ], [ 1.43744, 49.72338 ] ] } },
{ "type": "Feature", "properties": { "name": "la Marie-Cloche/la Marie Cloche", "weight_class": 1, "permanent": true, "length_km": 5.2 }, "geometry": { "type": "LineString", "coordinates": [ [ 1.38729, 49.70606 ], [ 1.39665, 49.70949 ], [ 1.40151, 49.71483 ], [ 1.4065, 49.71799 ], [ 1.4084, 49.71813 ], [ 1.41027, 49.72031 ], [ 1.41311, 49.72041 ], [ 1.41408, 49.72434 ], [ 1.42042, 49.72736 ], [ 1.42678, 49.73289 ], [ 1.43112, 49.73441 ] ] } },
{ "type": "Feature", "properties": { "name": "le Sorengs", "weight_class": 1, "permanent": true, "length_km": 4.7 }, "geometry": { "type": "LineString", "coordinates": [ [ 1.38386, 49.71545 ], [ 1.38911, 49.7193 ], [ 1.39733, 49.72109 ], [ 1.40497, 49.727 ], [ 1.40466, 49.73083 ], [ 1.40714, 49.73181 ], [ 1.40935, 49.7307 ], [ 1.41188, 49.73151 ], [ 1.41992, 49.7369 ], [ 1.42274, 49.73767 ], [ 1.42168, 49.7396 ] ] } },
{ "type": "Feature", "properties": { "name": "la Canche", "weight_class": 1, "permanent": true, "length_km": 8.1 }, "geometry": { "type": "LineString", "coordinates": [ [ 1.42733, 49.65876 ], [ 1.4278, 49.66176 ], [ 1.43343, 49.66399 ], [ 1.43493, 49.66635 ], [ 1.44426, 49.67267 ], [ 1.44355, 49.67528 ], [ 1.44114, 49.67663 ], [ 1.43979, 49.68124 ], [ 1.44287, 49.68064 ], [ 1.44653, 49.68136 ], [ 1.45352, 49.68491 ], [ 1.45716, 49.68752 ], [ 1.46013, 49.69217 ], [ 1.46361, 49.69318 ], [ 1.46498, 49.69472 ], [ 1.46366, 49.69719 ], [ 1.46397, 49.70043 ], [ 1.4677, 49.70336 ], [ 1.46616, 49.70535 ], [ 1.46658, 49.70707 ] ] } },
{ "type": "Feature", "properties": { "name": "le Radegeule", "weight_class": 1, "permanent": true, "length_km": 2.9 }, "geometry": { "type": "LineString", "coordinates": [ [ 1.3903, 49.70032 ], [ 1.40591, 49.70382 ], [ 1.4089, 49.70372 ], [ 1.41319, 49.70616 ], [ 1.42449, 49.70795 ] ] } },
{ "type": "Feature", "properties": { "name": "Ruisseau de Massy", "weight_class": 1, "permanent": true, "length_km": 2.9 }, "geometry": { "type": "LineString", "coordinates": [ [ 1.40095, 49.68994 ], [ 1.40825, 49.69231 ], [ 1.41123, 49.69449 ], [ 1.41448, 49.69444 ], [ 1.41613, 49.69537 ], [ 1.41933, 49.70692 ] ] } },
{ "type": "Feature", "properties": { "name": "le Hareng", "weight_class": 1, "permanent": false, "length_km": 8.1 }, "geometry": { "type": "LineString", "coordinates": [ [ 1.23308, 49.63612 ], [ 1.22872, 49.6408 ], [ 1.23621, 49.64813 ], [ 1.23567, 49.65165 ], [ 1.2386, 49.65417 ], [ 1.23694, 49.656 ], [ 1.23806, 49.65907 ], [ 1.23533, 49.66076 ], [ 1.23619, 49.66249 ], [ 1.23409, 49.66498 ], [ 1.23524, 49.66686 ], [ 1.23262, 49.66781 ], [ 1.23378, 49.66964 ], [ 1.23131, 49.67084 ], [ 1.2322, 49.67269 ], [ 1.22871, 49.6748 ], [ 1.23045, 49.67686 ], [ 1.2289, 49.67993 ], [ 1.2308, 49.68245 ], [ 1.23083, 49.68507 ], [ 1.2365, 49.68748 ], [ 1.24213, 49.69457 ] ] } },
{ "type": "Feature", "properties": { "name": "Ruisseau des Fontaines", "weight_class": 1, "permanent": true, "length_km": 2.8 }, "geometry": { "type": "LineString", "coordinates": [ [ 1.41398, 49.67008 ], [ 1.4149, 49.67186 ], [ 1.41986, 49.67356 ], [ 1.42473, 49.67803 ], [ 1.42913, 49.67866 ], [ 1.43297, 49.68171 ], [ 1.44019, 49.68138 ] ] } },
{ "type": "Feature", "properties": { "name": "le Torçon", "weight_class": 1, "permanent": true, "length_km": 3.9 }, "geometry": { "type": "LineString", "coordinates": [ [ 1.43496, 49.64285 ], [ 1.44641, 49.64679 ], [ 1.44733, 49.64866 ], [ 1.45152, 49.65139 ], [ 1.45371, 49.65166 ], [ 1.45755, 49.65017 ], [ 1.45868, 49.65205 ], [ 1.46414, 49.65472 ], [ 1.46875, 49.65475 ], [ 1.47571, 49.65185 ] ] } },
{ "type": "Feature", "properties": { "name": "la Clérette", "weight_class": 1, "permanent": true, "length_km": 10.7 }, "geometry": { "type": "MultiLineString", "coordinates": [ [ [ 1.08613, 49.57233 ], [ 1.08328, 49.56985 ], [ 1.0838, 49.56694 ], [ 1.08212, 49.56565 ], [ 1.07822, 49.56477 ], [ 1.07512, 49.5618 ], [ 1.07703, 49.55532 ], [ 1.0744, 49.55155 ], [ 1.06346, 49.54411 ], [ 1.06248, 49.54188 ] ], [ [ 1.08872, 49.57361 ], [ 1.08847, 49.57276 ], [ 1.08613, 49.57233 ] ], [ [ 1.08872, 49.57361 ], [ 1.08613, 49.57233 ] ], [ [ 1.12913, 49.60056 ], [ 1.1222, 49.60121 ], [ 1.11342, 49.60039 ], [ 1.11038, 49.59948 ], [ 1.11196, 49.59725 ], [ 1.11075, 49.59654 ], [ 1.10053, 49.59364 ], [ 1.10005, 49.59199 ], [ 1.09684, 49.59114 ], [ 1.09693, 49.58881 ], [ 1.09204, 49.58594 ], [ 1.09294, 49.58371 ], [ 1.09082, 49.58163 ], [ 1.09188, 49.5795 ], [ 1.08872, 49.57361 ] ] ] } },
{ "type": "Feature", "properties": { "name": "Ruisseau de Randillon", "weight_class": 1, "permanent": true, "length_km": 2.7 }, "geometry": { "type": "LineString", "coordinates": [ [ 1.46443, 49.5964 ], [ 1.46936, 49.59129 ], [ 1.47356, 49.58909 ], [ 1.48489, 49.58403 ], [ 1.49249, 49.58208 ] ] } },
{ "type": "Feature", "properties": { "name": "le Cailly", "weight_class": 2, "permanent": true, "length_km": 37.4 }, "geometry": { "type": "MultiLineString", "coordinates": [ [ [ 1.03707, 49.52299 ], [ 1.03669, 49.52199 ], [ 1.03425, 49.52126 ], [ 1.03513, 49.51943 ], [ 1.03368, 49.51909 ], [ 1.03366, 49.5174 ] ], [ [ 1.03707, 49.52299 ], [ 1.0327, 49.52086 ], [ 1.03366, 49.5174 ] ], [ [ 1.03366, 49.5174 ], [ 1.03484, 49.51388 ], [ 1.03636, 49.51301 ] ], [ [ 1.03636, 49.51301 ], [ 1.0371, 49.50852 ] ], [ [ 1.03636, 49.51301 ], [ 1.03825, 49.51029 ], [ 1.0371, 49.50852 ] ], [ [ 1.0371, 49.50852 ], [ 1.03952, 49.50469 ], [ 1.03858, 49.50231 ], [ 1.04155, 49.49996 ] ], [ [ 1.04111, 49.52706 ], [ 1.03707, 49.52299 ] ], [ [ 1.04155, 49.49996 ], [ 1.0456, 49.4993 ], [ 1.04767, 49.49571 ], [ 1.04724, 49.49493 ] ], [ [ 1.04155, 49.49996 ], [ 1.04283, 49.49613 ], [ 1.04685, 49.49605 ], [ 1.04724, 49.49493 ] ], [ [ 1.05052, 49.5319 ], [ 1.04111, 49.52706 ] ], [ [ 1.05197, 49.53485 ], [ 1.05133, 49.53379 ], [ 1.04383, 49.53123 ], [ 1.04325, 49.52839 ], [ 1.04111, 49.52706 ] ], [ [ 1.04724, 49.49493 ], [ 1.04771, 49.48886 ], [ 1.04349, 49.48253 ], [ 1.04497, 49.47606 ], [ 1.04628, 49.47483 ], [ 1.04481, 49.47245 ], [ 1.04907, 49.46779 ], [ 1.04783, 49.46132 ], [ 1.05107, 49.45976 ], [ 1.05078, 49.45702 ], [ 1.05301, 49.45466 ], [ 1.05153, 49.45377 ], [ 1.05184, 49.44672 ], [ 1.04509, 49.43932 ] ], [ [ 1.05324, 49.53358 ], [ 1.05052, 49.5319 ] ], [ [ 1.05197, 49.53485 ], [ 1.05262, 49.53384 ], [ 1.05035, 49.53314 ], [ 1.05052, 49.5319 ] ], [ [ 1.05933, 49.54023 ], [ 1.0564, 49.53943 ], [ 1.05197, 49.53485 ] ], [ [ 1.05894, 49.53877 ], [ 1.05475, 49.53662 ], [ 1.05324, 49.53358 ] ], [ [ 1.05908, 49.53853 ], [ 1.06003, 49.5362 ], [ 1.05773, 49.53612 ], [ 1.0587, 49.5351 ], [ 1.05654, 49.53367 ], [ 1.05545, 49.53339 ], [ 1.05324, 49.53358 ] ], [ [ 1.05933, 49.54023 ], [ 1.05894, 49.53877 ] ], [ [ 1.05894, 49.53877 ], [ 1.05908, 49.53853 ] ], [ [ 1.06724, 49.54223 ], [ 1.06786, 49.54144 ], [ 1.06354, 49.5407 ], [ 1.05908, 49.53853 ] ], [ [ 1.06724, 49.54223 ], [ 1.0633, 49.54216 ], [ 1.05933, 49.54023 ] ], [ [ 1.12095, 49.55855 ], [ 1.10913, 49.55755 ], [ 1.10629, 49.55533 ], [ 1.10334, 49.55632 ], [ 1.10247, 49.55562 ], [ 1.09911, 49.556 ], [ 1.09659, 49.55404 ], [ 1.09363, 49.55329 ], [ 1.09173, 49.55385 ], [ 1.08895, 49.55124 ], [ 1.07831, 49.55228 ], [ 1.0675, 49.54412 ], [ 1.06724, 49.54223 ] ], [ [ 1.12513, 49.5598 ], [ 1.12095, 49.55855 ] ], [ [ 1.12513, 49.5598 ], [ 1.12457, 49.55884 ], [ 1.12253, 49.55856 ], [ 1.12095, 49.55855 ] ], [ [ 1.23341, 49.58232 ], [ 1.23131, 49.57987 ], [ 1.2193, 49.57865 ], [ 1.2132, 49.57912 ], [ 1.20834, 49.57713 ], [ 1.20567, 49.57776 ], [ 1.2044, 49.57671 ], [ 1.20027, 49.57626 ], [ 1.19941, 49.5748 ], [ 1.19567, 49.57443 ], [ 1.19235, 49.57258 ], [ 1.18449, 49.57261 ], [ 1.18194, 49.5711 ], [ 1.17908, 49.57107 ], [ 1.17765, 49.56953 ], [ 1.1736, 49.56873 ], [ 1.16761, 49.56393 ], [ 1.16444, 49.56298 ], [ 1.15545, 49.5638 ], [ 1.14432, 49.55987 ], [ 1.14251, 49.55995 ], [ 1.13954, 49.5621 ], [ 1.13097, 49.56091 ], [ 1.12831, 49.56154 ], [ 1.12513, 49.5598 ] ] ] } },
{ "type": "Feature", "properties": { "name": "le Héron", "weight_class": 1, "permanent": true, "length_km": 15.5 }, "geometry": { "type": "MultiLineString", "coordinates": [ [ [ 1.38321, 49.55845 ], [ 1.38389, 49.55706 ], [ 1.38802, 49.55508 ], [ 1.38844, 49.55403 ], [ 1.38507, 49.55295 ], [ 1.38848, 49.55068 ], [ 1.38935, 49.54861 ], [ 1.387, 49.54625 ], [ 1.38847, 49.54311 ], [ 1.38656, 49.54239 ], [ 1.38533, 49.53974 ], [ 1.38684, 49.5363 ], [ 1.38344, 49.53404 ], [ 1.38473, 49.5321 ], [ 1.38395, 49.52834 ], [ 1.38572, 49.52503 ], [ 1.38496, 49.52233 ], [ 1.38893, 49.51867 ], [ 1.38672, 49.51646 ], [ 1.38876, 49.51331 ], [ 1.3876, 49.51185 ], [ 1.38944, 49.50679 ], [ 1.38874, 49.49946 ], [ 1.39206, 49.49587 ], [ 1.39104, 49.49449 ], [ 1.39281, 49.49188 ] ], [ [ 1.4049, 49.47708 ], [ 1.40499, 49.47033 ], [ 1.39476, 49.46483 ], [ 1.39152, 49.46574 ], [ 1.39154, 49.46371 ], [ 1.38948, 49.46325 ], [ 1.38865, 49.46171 ], [ 1.38943, 49.46041 ] ], [ [ 1.39281, 49.49188 ], [ 1.39657, 49.48799 ] ], [ [ 1.39281, 49.49188 ], [ 1.39672, 49.48921 ], [ 1.39657, 49.48799 ] ], [ [ 1.39657, 49.48799 ], [ 1.4018, 49.48495 ], [ 1.40375, 49.48118 ] ], [ [ 1.40375, 49.48118 ], [ 1.40477, 49.48122 ], [ 1.40566, 49.47928 ], [ 1.4049, 49.47708 ] ], [ [ 1.40375, 49.48118 ], [ 1.4049, 49.47708 ] ] ] } },
{ "type": "Feature", "properties": { "name": "le Crevon", "weight_class": 1, "permanent": true, "length_km": 18.8 }, "geometry": { "type": "MultiLineString", "coordinates": [ [ [ 1.29976, 49.5149 ], [ 1.30053, 49.51291 ], [ 1.29634, 49.51044 ] ], [ [ 1.29976, 49.5149 ], [ 1.29488, 49.5115 ], [ 1.29634, 49.51044 ] ], [ [ 1.29634, 49.51044 ], [ 1.29606, 49.50826 ], [ 1.30129, 49.50535 ], [ 1.30219, 49.50275 ] ], [ [ 1.3083, 49.52775 ], [ 1.3051, 49.52517 ], [ 1.30383, 49.52022 ], [ 1.30108, 49.51851 ], [ 1.29976, 49.5149 ] ], [ [ 1.30219, 49.50275 ], [ 1.30421, 49.50138 ], [ 1.30823, 49.50238 ], [ 1.31043, 49.50087 ] ], [ [ 1.30219, 49.50275 ], [ 1.30372, 49.50198 ], [ 1.30916, 49.50359 ], [ 1.31076, 49.50219 ], [ 1.31043, 49.50087 ] ], [ [ 1.31081, 49.53163 ], [ 1.31163, 49.53092 ], [ 1.3083, 49.52775 ] ], [ [ 1.31081, 49.53163 ], [ 1.3083, 49.52775 ] ], [ [ 1.31043, 49.50087 ], [ 1.31235, 49.49906 ], [ 1.31381, 49.49904 ], [ 1.31793, 49.49464 ], [ 1.32334, 49.49168 ], [ 1.32333, 49.48926 ], [ 1.32517, 49.4885 ], [ 1.32603, 49.48662 ], [ 1.32495, 49.48466 ], [ 1.32637, 49.48199 ], [ 1.33105, 49.47979 ], [ 1.33521, 49.47967 ], [ 1.34131, 49.47748 ], [ 1.34209, 49.47384 ], [ 1.34389, 49.47284 ] ], [ [ 1.31587, 49.54231 ], [ 1.31776, 49.53928 ], [ 1.32142, 49.53886 ], [ 1.32116, 49.53773 ], [ 1.31473, 49.53653 ], [ 1.3148, 49.53289 ], [ 1.31081, 49.53163 ] ], [ [ 1.34042, 49.47397 ], [ 1.34288, 49.47233 ], [ 1.34389, 49.47284 ] ], [ [ 1.34389, 49.47284 ], [ 1.34928, 49.47148 ], [ 1.35203, 49.46308 ], [ 1.35492, 49.46232 ], [ 1.35971, 49.45913 ], [ 1.36176, 49.45638 ], [ 1.36405, 49.45645 ], [ 1.37087, 49.45333 ], [ 1.37372, 49.45062 ], [ 1.37289, 49.44996 ], [ 1.37484, 49.44899 ] ] ] } },
{ "type": "Feature", "properties": { "name": "la Clairette", "weight_class": 1, "permanent": true, "length_km": 2.5 }, "geometry": { "type": "MultiLineString", "coordinates": [ [ [ 1.04182, 49.47055 ], [ 1.042, 49.46951 ], [ 1.04015, 49.46913 ] ], [ [ 1.04182, 49.47055 ], [ 1.04015, 49.46913 ] ], [ [ 1.04015, 49.46913 ], [ 1.03978, 49.46634 ], [ 1.04386, 49.46256 ], [ 1.04318, 49.46172 ], [ 1.04455, 49.45973 ], [ 1.05078, 49.45702 ] ], [ [ 1.04524, 49.47159 ], [ 1.04182, 49.47055 ] ] ] } },
{ "type": "Feature", "properties": { "name": "Cours d'Eau 01 de la Commune d'Ernemont-la-Villette", "weight_class": 1, "permanent": true, "length_km": 4.7 }, "geometry": { "type": "LineString", "coordinates": [ [ 1.69261, 49.46558 ], [ 1.70347, 49.46713 ], [ 1.70818, 49.46699 ], [ 1.72252, 49.46268 ], [ 1.72622, 49.46249 ], [ 1.73787, 49.45586 ], [ 1.74232, 49.45488 ], [ 1.74291, 49.45178 ] ] } },
{ "type": "Feature", "properties": { "name": "Canal 01 de la Commune de Gournay-en-Bray", "weight_class": 1, "permanent": false, "length_km": 2.2 }, "geometry": { "type": "LineString", "coordinates": [ [ 1.73391, 49.46597 ], [ 1.7341, 49.46417 ], [ 1.73554, 49.46443 ], [ 1.73724, 49.46211 ], [ 1.73864, 49.46258 ], [ 1.74536, 49.45622 ], [ 1.74615, 49.4513 ] ] } },
{ "type": "Feature", "properties": { "name": "le Robec", "weight_class": 1, "permanent": true, "length_km": 8.5 }, "geometry": { "type": "MultiLineString", "coordinates": [ [ [ 1.1427, 49.43727 ], [ 1.13893, 49.43712 ], [ 1.13066, 49.43954 ], [ 1.12822, 49.4389 ], [ 1.11689, 49.44167 ], [ 1.11305, 49.4414 ], [ 1.11302, 49.44003 ] ], [ [ 1.16646, 49.48171 ], [ 1.16793, 49.47842 ], [ 1.16396, 49.4728 ], [ 1.16572, 49.46935 ], [ 1.1605, 49.46594 ], [ 1.16312, 49.46371 ], [ 1.16381, 49.45926 ], [ 1.16271, 49.45549 ], [ 1.1584, 49.45275 ], [ 1.15739, 49.45004 ], [ 1.15091, 49.44853 ], [ 1.14809, 49.4455 ], [ 1.14667, 49.43768 ] ] ] } },
{ "type": "Feature", "properties": { "name": "l'Aubette", "weight_class": 1, "permanent": true, "length_km": 8.1 }, "geometry": { "type": "LineString", "coordinates": [ [ 1.18381, 49.41875 ], [ 1.17772, 49.42013 ], [ 1.17616, 49.42185 ], [ 1.17576, 49.42657 ], [ 1.17094, 49.42916 ], [ 1.16913, 49.43176 ], [ 1.16543, 49.43129 ], [ 1.16289, 49.43233 ], [ 1.16068, 49.43109 ], [ 1.15626, 49.43157 ], [ 1.15225, 49.43364 ], [ 1.15221, 49.43598 ], [ 1.14667, 49.43768 ], [ 1.13867, 49.43679 ], [ 1.13061, 49.43824 ], [ 1.12804, 49.43671 ], [ 1.12134, 49.43673 ], [ 1.10863, 49.43701 ], [ 1.10643, 49.43805 ], [ 1.1028, 49.43716 ], [ 1.10055, 49.43546 ] ] } },
{ "type": "Feature", "properties": { "name": "Bras du Pré au Loup", "weight_class": 1, "permanent": true, "length_km": 2.0 }, "geometry": { "type": "LineString", "coordinates": [ [ 1.11032, 49.42491 ], [ 1.11007, 49.4274 ], [ 1.10271, 49.43435 ], [ 1.09289, 49.43686 ] ] } },
{ "type": "Feature", "properties": { "name": "la Ravine", "weight_class": 1, "permanent": false, "length_km": 5.1 }, "geometry": { "type": "LineString", "coordinates": [ [ 1.23449, 49.42083 ], [ 1.2285, 49.41478 ], [ 1.21312, 49.41639 ], [ 1.20753, 49.41612 ], [ 1.20638, 49.41498 ], [ 1.20182, 49.41429 ], [ 1.18024, 49.42055 ], [ 1.17629, 49.42306 ] ] } },
{ "type": "Feature", "properties": { "name": "Bras de la Seine", "weight_class": 4, "permanent": true, "length_km": 7.7 }, "geometry": { "type": "LineString", "coordinates": [ [ 1.09383, 49.33713 ], [ 1.10334, 49.33498 ], [ 1.10602, 49.3355 ], [ 1.12149, 49.34138 ], [ 1.12623, 49.34699 ], [ 1.12914, 49.35618 ], [ 1.12898, 49.36326 ], [ 1.12818, 49.36695 ], [ 1.12444, 49.37257 ], [ 1.12413, 49.38617 ], [ 1.1217, 49.38796 ] ] } },
{ "type": "Feature", "properties": { "name": "le Grand Ravin", "weight_class": 1, "permanent": false, "length_km": 2.4 }, "geometry": { "type": "LineString", "coordinates": [ [ 1.05191, 49.25598 ], [ 1.0508, 49.25758 ], [ 1.05305, 49.26128 ], [ 1.05361, 49.26672 ], [ 1.04813, 49.26915 ], [ 1.04533, 49.27418 ] ] } },
{ "type": "Feature", "properties": { "name": "l'Eure", "weight_class": 3, "permanent": true, "length_km": 7.8 }, "geometry": { "type": "LineString", "coordinates": [ [ 1.13806, 49.30682 ], [ 1.09908, 49.30717 ], [ 1.08523, 49.30544 ], [ 1.07572, 49.3031 ], [ 1.07145, 49.3044 ], [ 1.06658, 49.30224 ], [ 1.06035, 49.30138 ], [ 1.05823, 49.29863 ], [ 1.05486, 49.29707 ], [ 1.04314, 49.29482 ], [ 1.0378, 49.29532 ] ] } },
{ "type": "Feature", "properties": { "name": "Bras de la Seine", "weight_class": 1, "permanent": false, "length_km": 3.1 }, "geometry": { "type": "LineString", "coordinates": [ [ 1.09307, 49.30989 ], [ 1.09052, 49.31146 ], [ 1.08665, 49.31181 ], [ 1.08378, 49.31099 ], [ 1.08286, 49.31247 ], [ 1.08108, 49.3128 ], [ 1.06268, 49.30635 ], [ 1.06099, 49.30479 ], [ 1.06182, 49.30322 ] ] } },
{ "type": "Feature", "properties": { "name": "l'Oison", "weight_class": 1, "permanent": true, "length_km": 9.4 }, "geometry": { "type": "LineString", "coordinates": [ [ 1.00732, 49.24748 ], [ 1.01566, 49.24237 ], [ 1.01864, 49.2416 ], [ 1.02064, 49.24238 ], [ 1.02318, 49.24717 ], [ 1.02542, 49.24865 ], [ 1.02108, 49.24928 ], [ 1.01849, 49.25165 ], [ 1.01892, 49.25367 ], [ 1.02228, 49.25436 ], [ 1.02686, 49.25747 ], [ 1.03849, 49.2593 ], [ 1.045, 49.26269 ], [ 1.04778, 49.26526 ], [ 1.04821, 49.26628 ], [ 1.04331, 49.27196 ], [ 1.04297, 49.27404 ], [ 1.04528, 49.27434 ], [ 1.03515, 49.29472 ] ] } },
{ "type": "Feature", "properties": { "name": "Fossé de la Côte d'Orimont", "weight_class": 1, "permanent": false, "length_km": 3.2 }, "geometry": { "type": "LineString", "coordinates": [ [ 0.90576, 49.84593 ], [ 0.90098, 49.85269 ], [ 0.88887, 49.85512 ], [ 0.88566, 49.85724 ], [ 0.88494, 49.86007 ], [ 0.882, 49.86031 ], [ 0.88547, 49.86439 ] ] } },
{ "type": "Feature", "properties": { "name": "Fossé des Marettes", "weight_class": 1, "permanent": false, "length_km": 2.1 }, "geometry": { "type": "LineString", "coordinates": [ [ 0.83456, 49.81165 ], [ 0.84896, 49.82723 ] ] } },
{ "type": "Feature", "properties": { "name": "Bras de la Durdent", "weight_class": 2, "permanent": true, "length_km": 2.3 }, "geometry": { "type": "LineString", "coordinates": [ [ 0.63836, 49.78096 ], [ 0.63125, 49.7904 ], [ 0.63273, 49.79493 ], [ 0.63765, 49.79815 ] ] } },
{ "type": "Feature", "properties": { "name": "la Saâne", "weight_class": 1, "permanent": false, "length_km": 40.3 }, "geometry": { "type": "MultiLineString", "coordinates": [ [ [ 0.90928, 49.66682 ], [ 0.91225, 49.66457 ], [ 0.91862, 49.6633 ], [ 0.92411, 49.66357 ], [ 0.93385, 49.66592 ], [ 0.94186, 49.66375 ], [ 0.95016, 49.66553 ], [ 0.95749, 49.66841 ], [ 0.96784, 49.67605 ], [ 0.96727, 49.67763 ], [ 0.96184, 49.68024 ], [ 0.96062, 49.68209 ], [ 0.95512, 49.68265 ], [ 0.9522, 49.6863 ], [ 0.95544, 49.69074 ], [ 0.95337, 49.6936 ], [ 0.95555, 49.69509 ], [ 0.95561, 49.69701 ], [ 0.96009, 49.69897 ], [ 0.96067, 49.70076 ], [ 0.96516, 49.70476 ], [ 0.96249, 49.70683 ], [ 0.96168, 49.70989 ], [ 0.95641, 49.70996 ], [ 0.95651, 49.7119 ] ], [ [ 0.95615, 49.716 ], [ 0.95548, 49.7205 ], [ 0.95668, 49.72174 ], [ 0.95699, 49.72635 ], [ 0.95461, 49.73101 ], [ 0.95061, 49.73318 ], [ 0.9492, 49.73753 ], [ 0.94335, 49.73969 ], [ 0.9421, 49.74467 ], [ 0.93909, 49.74461 ], [ 0.93712, 49.74685 ], [ 0.93275, 49.74729 ], [ 0.93097, 49.74861 ], [ 0.93037, 49.75006 ], [ 0.9323, 49.7518 ], [ 0.92918, 49.75648 ], [ 0.92977, 49.75945 ], [ 0.92748, 49.7634 ], [ 0.92906, 49.76501 ], [ 0.92847, 49.76974 ], [ 0.93426, 49.77652 ], [ 0.93325, 49.78033 ], [ 0.93417, 49.78278 ], [ 0.9349, 49.78433 ], [ 0.93768, 49.78533 ], [ 0.93835, 49.79021 ], [ 0.94235, 49.79395 ], [ 0.94455, 49.80117 ], [ 0.94734, 49.80287 ], [ 0.94993, 49.81252 ], [ 0.95184, 49.81527 ], [ 0.95396, 49.81528 ], [ 0.95677, 49.8179 ], [ 0.95689, 49.82229 ], [ 0.96318, 49.82691 ], [ 0.96416, 49.82935 ], [ 0.96243, 49.83297 ], [ 0.96386, 49.83385 ], [ 0.9627, 49.8416 ], [ 0.96078, 49.84353 ], [ 0.95591, 49.84572 ], [ 0.95376, 49.85079 ], [ 0.95634, 49.85494 ], [ 0.9594, 49.85588 ], [ 0.96004, 49.85732 ], [ 0.95934, 49.8607 ], [ 0.9551, 49.86749 ], [ 0.95715, 49.86839 ], [ 0.95956, 49.87204 ], [ 0.95788, 49.87381 ], [ 0.95947, 49.87824 ], [ 0.95819, 49.87965 ], [ 0.95465, 49.88072 ], [ 0.95407, 49.88285 ], [ 0.95202, 49.8828 ], [ 0.95256, 49.8855 ], [ 0.95011, 49.88522 ], [ 0.9492, 49.88591 ], [ 0.95023, 49.88739 ], [ 0.94253, 49.88941 ], [ 0.94378, 49.89067 ], [ 0.94226, 49.89166 ], [ 0.94, 49.89083 ], [ 0.93761, 49.89702 ], [ 0.94034, 49.89758 ], [ 0.94045, 49.89857 ], [ 0.93951, 49.8994 ], [ 0.93724, 49.89931 ], [ 0.93827, 49.90113 ], [ 0.9356, 49.90481 ], [ 0.93347, 49.906 ], [ 0.93073, 49.90548 ], [ 0.92958, 49.90702 ] ], [ [ 0.95651, 49.7119 ], [ 0.95552, 49.71209 ], [ 0.95519, 49.71435 ], [ 0.95615, 49.716 ] ], [ [ 0.95651, 49.7119 ], [ 0.95615, 49.716 ] ] ] } },
{ "type": "Feature", "properties": { "name": "le Dun", "weight_class": 1, "permanent": false, "length_km": 14.2 }, "geometry": { "type": "MultiLineString", "coordinates": [ [ [ 0.86144, 49.80425 ], [ 0.85797, 49.80707 ], [ 0.85719, 49.80944 ], [ 0.84949, 49.81301 ], [ 0.85041, 49.81621 ], [ 0.8487, 49.8185 ], [ 0.85024, 49.82151 ], [ 0.84907, 49.82805 ], [ 0.85452, 49.83115 ], [ 0.85583, 49.83496 ], [ 0.86101, 49.8372 ], [ 0.86408, 49.84196 ], [ 0.86982, 49.84543 ], [ 0.87202, 49.85145 ], [ 0.88004, 49.85856 ], [ 0.88138, 49.862 ], [ 0.88813, 49.86577 ], [ 0.88967, 49.86766 ] ], [ [ 0.89266, 49.87805 ], [ 0.89116, 49.88483 ], [ 0.873, 49.89439 ] ], [ [ 0.88967, 49.86766 ], [ 0.89331, 49.87687 ], [ 0.89266, 49.87805 ] ], [ [ 0.88967, 49.86766 ], [ 0.88946, 49.87102 ], [ 0.8881, 49.87203 ], [ 0.89095, 49.87818 ], [ 0.89266, 49.87805 ] ] ] } },
{ "type": "Feature", "properties": { "name": "la Durdent", "weight_class": 2, "permanent": true, "length_km": 30.6 }, "geometry": { "type": "MultiLineString", "coordinates": [ [ [ 0.63396, 49.81332 ], [ 0.63588, 49.82234 ], [ 0.63412, 49.82662 ], [ 0.63035, 49.83033 ], [ 0.62589, 49.83236 ], [ 0.62623, 49.83452 ], [ 0.61629, 49.83667 ], [ 0.61431, 49.8391 ], [ 0.61611, 49.84126 ], [ 0.61275, 49.84439 ], [ 0.61229, 49.8466 ], [ 0.60862, 49.8466 ], [ 0.60595, 49.84924 ], [ 0.60892, 49.85303 ], [ 0.60749, 49.85619 ] ], [ [ 0.62714, 49.76265 ], [ 0.62822, 49.76569 ], [ 0.63061, 49.7653 ], [ 0.63279, 49.77273 ], [ 0.63861, 49.77206 ] ], [ [ 0.68782, 49.68374 ], [ 0.69406, 49.68947 ], [ 0.69322, 49.69296 ], [ 0.69692, 49.6948 ], [ 0.69793, 49.69644 ], [ 0.69581, 49.69975 ], [ 0.69219, 49.70015 ], [ 0.68979, 49.70305 ], [ 0.68952, 49.70457 ], [ 0.69169, 49.70636 ], [ 0.6909, 49.70908 ], [ 0.68131, 49.71329 ], [ 0.67769, 49.71766 ], [ 0.67365, 49.71962 ], [ 0.6724, 49.72476 ], [ 0.66772, 49.72751 ], [ 0.66588, 49.7312 ], [ 0.65972, 49.73318 ], [ 0.6535, 49.73689 ], [ 0.65126, 49.73958 ], [ 0.64678, 49.74181 ], [ 0.63985, 49.74772 ], [ 0.63239, 49.74985 ], [ 0.62991, 49.75167 ], [ 0.62735, 49.75157 ], [ 0.6234, 49.75309 ], [ 0.62192, 49.75547 ], [ 0.62714, 49.76265 ] ], [ [ 0.62714, 49.76265 ], [ 0.62936, 49.76236 ], [ 0.63589, 49.76618 ], [ 0.63844, 49.77165 ] ], [ [ 0.63402, 49.80981 ], [ 0.63335, 49.81074 ], [ 0.63496, 49.81232 ], [ 0.63396, 49.81332 ] ], [ [ 0.6374, 49.80835 ], [ 0.63402, 49.80981 ] ], [ [ 0.6374, 49.80835 ], [ 0.63603, 49.80952 ], [ 0.63402, 49.80981 ] ], [ [ 0.63824, 49.80007 ], [ 0.63033, 49.80661 ], [ 0.63081, 49.80956 ], [ 0.63396, 49.81332 ] ], [ [ 0.63844, 49.77165 ], [ 0.63861, 49.77206 ] ], [ [ 0.63844, 49.77165 ], [ 0.63948, 49.77164 ], [ 0.6407, 49.77306 ], [ 0.63837, 49.77476 ] ], [ [ 0.63837, 49.77476 ], [ 0.63826, 49.78586 ], [ 0.63619, 49.78891 ], [ 0.63745, 49.79095 ], [ 0.63662, 49.79663 ], [ 0.63824, 49.80007 ] ], [ [ 0.63861, 49.77206 ], [ 0.63722, 49.7734 ], [ 0.63837, 49.77476 ] ], [ [ 0.63824, 49.80007 ], [ 0.6374, 49.80835 ] ] ] } },
{ "type": "Feature", "properties": { "name": "Rivière de Valmont", "weight_class": 1, "permanent": true, "length_km": 16.9 }, "geometry": { "type": "MultiLineString", "coordinates": [ [ [ 0.46631, 49.74657 ], [ 0.45935, 49.74836 ], [ 0.45195, 49.74645 ], [ 0.44919, 49.74679 ], [ 0.44599, 49.74864 ], [ 0.44259, 49.74827 ], [ 0.43967, 49.74932 ], [ 0.43499, 49.7491 ], [ 0.43467, 49.7472 ], [ 0.42075, 49.74781 ], [ 0.41776, 49.74939 ], [ 0.41524, 49.74898 ], [ 0.41225, 49.75152 ], [ 0.40847, 49.75161 ], [ 0.40646, 49.75345 ], [ 0.40099, 49.75399 ], [ 0.39713, 49.75289 ], [ 0.39478, 49.75311 ], [ 0.39225, 49.75499 ], [ 0.38492, 49.75665 ], [ 0.38136, 49.76149 ], [ 0.37267, 49.76193 ], [ 0.36351, 49.76518 ] ], [ [ 0.47888, 49.74405 ], [ 0.47728, 49.74209 ], [ 0.4711, 49.74302 ], [ 0.46749, 49.74412 ], [ 0.46861, 49.74545 ], [ 0.46647, 49.74636 ], [ 0.46631, 49.74657 ] ], [ [ 0.47888, 49.74405 ], [ 0.47214, 49.74461 ], [ 0.46631, 49.74657 ] ], [ [ 0.4981, 49.74671 ], [ 0.49635, 49.74631 ], [ 0.49654, 49.74516 ], [ 0.49306, 49.74525 ], [ 0.4918, 49.74609 ], [ 0.48048, 49.74488 ], [ 0.47957, 49.74398 ], [ 0.47888, 49.74405 ] ], [ [ 0.51032, 49.74493 ], [ 0.50943, 49.74625 ], [ 0.50524, 49.74834 ], [ 0.4981, 49.74671 ] ], [ [ 0.51032, 49.74493 ], [ 0.50562, 49.74749 ], [ 0.5001, 49.74622 ], [ 0.4981, 49.74671 ] ], [ [ 0.52312, 49.73777 ], [ 0.51032, 49.74493 ] ] ] } },
{ "type": "Feature", "properties": { "name": "Ruisseau de Ganzeville", "weight_class": 1, "permanent": true, "length_km": 13.2 }, "geometry": { "type": "MultiLineString", "coordinates": [ [ [ 0.39961, 49.75247 ], [ 0.39746, 49.75298 ] ], [ [ 0.40656, 49.73838 ], [ 0.40391, 49.73825 ], [ 0.40372, 49.7388 ], [ 0.40284, 49.73879 ], [ 0.40207, 49.73972 ], [ 0.39961, 49.75247 ] ], [ [ 0.40782, 49.73848 ], [ 0.40752, 49.73866 ], [ 0.40444, 49.73848 ], [ 0.40365, 49.73889 ], [ 0.40289, 49.73897 ], [ 0.40295, 49.74488 ], [ 0.40074, 49.74841 ], [ 0.40276, 49.75175 ], [ 0.39961, 49.75247 ] ], [ [ 0.41108, 49.73811 ], [ 0.40656, 49.73838 ] ], [ [ 0.40782, 49.73848 ], [ 0.40733, 49.73858 ], [ 0.407, 49.73844 ], [ 0.40677, 49.73839 ], [ 0.40659, 49.73838 ], [ 0.40656, 49.73838 ] ], [ [ 0.41108, 49.73811 ], [ 0.41026, 49.73886 ], [ 0.40843, 49.73831 ], [ 0.40782, 49.73848 ] ], [ [ 0.4585, 49.70089 ], [ 0.45206, 49.70213 ], [ 0.45059, 49.70515 ], [ 0.44603, 49.70593 ], [ 0.44327, 49.70482 ], [ 0.43682, 49.70787 ], [ 0.43485, 49.70623 ], [ 0.43156, 49.70603 ], [ 0.4228, 49.71022 ], [ 0.42125, 49.71686 ], [ 0.42341, 49.71909 ], [ 0.42348, 49.72186 ], [ 0.42182, 49.72374 ], [ 0.41719, 49.72593 ], [ 0.41573, 49.73262 ], [ 0.4103, 49.73555 ], [ 0.41108, 49.73811 ] ] ] } },
{ "type": "Feature", "properties": { "name": "le Traversin", "weight_class": 1, "permanent": true, "length_km": 3.0 }, "geometry": { "type": "LineString", "coordinates": [ [ 0.98607, 49.68956 ], [ 0.98319, 49.69154 ], [ 0.9842, 49.69275 ], [ 0.98147, 49.69729 ], [ 0.9765, 49.69875 ], [ 0.97331, 49.69698 ], [ 0.97081, 49.69746 ], [ 0.96959, 49.70026 ], [ 0.97055, 49.70096 ], [ 0.96486, 49.7043 ] ] } },
{ "type": "Feature", "properties": { "name": "l'Austreberthe", "weight_class": 2, "permanent": true, "length_km": 18.1 }, "geometry": { "type": "MultiLineString", "coordinates": [ [ [ 0.94088, 49.53528 ], [ 0.93451, 49.52729 ], [ 0.92483, 49.52609 ], [ 0.92229, 49.52076 ], [ 0.92119, 49.52077 ], [ 0.92202, 49.51831 ], [ 0.91325, 49.51216 ], [ 0.91119, 49.50959 ], [ 0.90116, 49.50862 ], [ 0.89728, 49.50717 ], [ 0.89581, 49.50316 ], [ 0.89756, 49.50183 ], [ 0.89517, 49.4975 ], [ 0.89054, 49.49399 ], [ 0.88939, 49.49462 ], [ 0.88736, 49.49352 ], [ 0.88661, 49.49407 ], [ 0.88343, 49.49356 ], [ 0.88035, 49.49191 ], [ 0.88086, 49.49122 ], [ 0.87932, 49.49066 ], [ 0.87711, 49.48727 ], [ 0.87102, 49.48242 ], [ 0.87172, 49.48139 ], [ 0.86968, 49.47984 ], [ 0.87219, 49.47819 ] ], [ [ 0.97292, 49.59796 ], [ 0.97214, 49.59564 ], [ 0.96337, 49.58678 ], [ 0.95578, 49.57634 ], [ 0.95749, 49.57557 ], [ 0.95444, 49.56937 ], [ 0.95454, 49.555 ], [ 0.95773, 49.549 ], [ 0.95489, 49.54563 ], [ 0.9492, 49.5433 ], [ 0.94654, 49.54096 ], [ 0.94659, 49.53884 ] ] ] } },
{ "type": "Feature", "properties": { "name": "la Lézarde", "weight_class": 1, "permanent": true, "length_km": 14.7 }, "geometry": { "type": "LineString", "coordinates": [ [ 0.208, 49.59743 ], [ 0.20979, 49.59389 ], [ 0.20915, 49.59025 ], [ 0.21345, 49.58443 ], [ 0.21392, 49.5804 ], [ 0.21789, 49.57494 ], [ 0.22136, 49.57415 ], [ 0.22273, 49.57187 ], [ 0.22213, 49.56753 ], [ 0.21981, 49.56527 ], [ 0.2182, 49.5596 ], [ 0.21531, 49.55785 ], [ 0.21634, 49.55642 ], [ 0.2156, 49.55507 ], [ 0.21261, 49.55506 ], [ 0.20983, 49.5535 ], [ 0.20638, 49.5531 ], [ 0.20259, 49.54918 ], [ 0.19919, 49.54834 ], [ 0.19842, 49.54716 ], [ 0.19639, 49.54714 ], [ 0.19368, 49.54466 ], [ 0.18711, 49.54388 ], [ 0.18339, 49.5391 ], [ 0.18427, 49.53696 ], [ 0.18344, 49.53465 ], [ 0.18814, 49.52733 ], [ 0.18837, 49.52458 ], [ 0.19436, 49.51734 ], [ 0.19052, 49.51342 ], [ 0.19172, 49.50924 ], [ 0.19467, 49.50717 ], [ 0.19577, 49.50798 ], [ 0.19867, 49.50791 ], [ 0.19762, 49.5053 ], [ 0.19965, 49.49772 ] ] } },
{ "type": "Feature", "properties": { "name": "la Saffimbec", "weight_class": 1, "permanent": true, "length_km": 6.0 }, "geometry": { "type": "MultiLineString", "coordinates": [ [ [ 0.91137, 49.59215 ], [ 0.91305, 49.59113 ], [ 0.91629, 49.59133 ], [ 0.91707, 49.58892 ], [ 0.92001, 49.58735 ], [ 0.92407, 49.58634 ], [ 0.93064, 49.58628 ], [ 0.93082, 49.58312 ], [ 0.93221, 49.58232 ], [ 0.93944, 49.58202 ] ], [ [ 0.93944, 49.58202 ], [ 0.94071, 49.58206 ], [ 0.94241, 49.58117 ], [ 0.94159, 49.57911 ], [ 0.94264, 49.57766 ] ], [ [ 0.93944, 49.58202 ], [ 0.94105, 49.58124 ], [ 0.9412, 49.57951 ], [ 0.94264, 49.57766 ] ], [ [ 0.94264, 49.57766 ], [ 0.94288, 49.57519 ], [ 0.94493, 49.5728 ], [ 0.94918, 49.57202 ], [ 0.95431, 49.5649 ] ] ] } },
{ "type": "Feature", "properties": { "name": "Rivière du Commerce", "weight_class": 1, "permanent": true, "length_km": 16.1 }, "geometry": { "type": "LineString", "coordinates": [ [ 0.47161, 49.56754 ], [ 0.47365, 49.56215 ], [ 0.47685, 49.56065 ], [ 0.48216, 49.55505 ], [ 0.48775, 49.55182 ], [ 0.49045, 49.54763 ], [ 0.49304, 49.54651 ], [ 0.49551, 49.54359 ], [ 0.49905, 49.5412 ], [ 0.50301, 49.54074 ], [ 0.50624, 49.53469 ], [ 0.51057, 49.53305 ], [ 0.52252, 49.531 ], [ 0.52951, 49.52592 ], [ 0.52928, 49.51833 ], [ 0.5304, 49.517 ], [ 0.53492, 49.51572 ], [ 0.53735, 49.51258 ], [ 0.53594, 49.50279 ], [ 0.53282, 49.4997 ], [ 0.53481, 49.49874 ], [ 0.53454, 49.4948 ], [ 0.54745, 49.49537 ], [ 0.55093, 49.4938 ], [ 0.54774, 49.49243 ], [ 0.54974, 49.48886 ], [ 0.54288, 49.48976 ], [ 0.53306, 49.48455 ], [ 0.52797, 49.4833 ], [ 0.52256, 49.47948 ] ] } },
{ "type": "Feature", "properties": { "name": "Ru de la Clinarderie", "weight_class": 1, "permanent": true, "length_km": 3.2 }, "geometry": { "type": "LineString", "coordinates": [ [ 0.17751, 49.56241 ], [ 0.18127, 49.5631 ], [ 0.18305, 49.56005 ], [ 0.1888, 49.55983 ], [ 0.18948, 49.55789 ], [ 0.19483, 49.55539 ], [ 0.19153, 49.55086 ], [ 0.1947, 49.54594 ] ] } },
{ "type": "Feature", "properties": { "name": "Fossé 01 de la Commune de Elbeuf", "weight_class": 1, "permanent": false, "length_km": 2.7 }, "geometry": { "type": "LineString", "coordinates": [ [ 0.95973, 49.28843 ], [ 0.96257, 49.2888 ], [ 0.97007, 49.28528 ], [ 0.97423, 49.28594 ], [ 0.97664, 49.28767 ], [ 0.98645, 49.28675 ], [ 0.99055, 49.2891 ] ] } },
{ "type": "Feature", "properties": { "name": "Bras de la Seine", "weight_class": 3, "permanent": true, "length_km": 3.3 }, "geometry": { "type": "LineString", "coordinates": [ [ 0.99947, 49.31017 ], [ 1.00063, 49.31419 ], [ 1.01119, 49.32047 ], [ 1.02406, 49.32388 ], [ 1.03382, 49.3233 ] ] } },
{ "type": "Feature", "properties": { "name": "Fossé 04 de la Commune de Anneville-Ambourville", "weight_class": 1, "permanent": false, "length_km": 2.2 }, "geometry": { "type": "LineString", "coordinates": [ [ 0.86762, 49.44791 ], [ 0.87226, 49.44796 ], [ 0.87535, 49.44316 ], [ 0.87331, 49.44219 ], [ 0.8585, 49.44152 ] ] } },
{ "type": "Feature", "properties": { "name": "Fossé 06 de la Commune de Yville-sur-Seine", "weight_class": 1, "permanent": true, "length_km": 2.8 }, "geometry": { "type": "LineString", "coordinates": [ [ 0.88222, 49.41411 ], [ 0.88367, 49.41001 ], [ 0.88172, 49.40934 ], [ 0.88343, 49.40565 ], [ 0.881, 49.40491 ], [ 0.88028, 49.40586 ], [ 0.87742, 49.40534 ], [ 0.87638, 49.40635 ], [ 0.87721, 49.40538 ], [ 0.87428, 49.40378 ], [ 0.87239, 49.40612 ], [ 0.86963, 49.40628 ] ] } },
{ "type": "Feature", "properties": { "name": "Canal 02 de la Commune de Lillebonne", "weight_class": 1, "permanent": true, "length_km": 2.0 }, "geometry": { "type": "LineString", "coordinates": [ [ 0.51449, 49.50662 ], [ 0.52443, 49.50541 ], [ 0.52235, 49.4938 ] ] } },
{ "type": "Feature", "properties": { "name": "Cours d'Eau 02 de la Commune de Lillebonne", "weight_class": 1, "permanent": true, "length_km": 2.9 }, "geometry": { "type": "LineString", "coordinates": [ [ 0.55201, 49.5349 ], [ 0.54946, 49.53322 ], [ 0.54949, 49.53124 ], [ 0.54777, 49.53069 ], [ 0.54323, 49.52592 ], [ 0.54147, 49.52278 ], [ 0.53317, 49.51916 ], [ 0.53224, 49.51659 ] ] } },
{ "type": "Feature", "properties": { "name": "Canal 02 de la Commune de la Mailleraye-sur-Seine", "weight_class": 1, "permanent": true, "length_km": 2.4 }, "geometry": { "type": "LineString", "coordinates": [ [ 0.80439, 49.44146 ], [ 0.79929, 49.44358 ], [ 0.80364, 49.45199 ], [ 0.80572, 49.46042 ] ] } },
{ "type": "Feature", "properties": { "name": "Canal 01 de la Commune de la Mailleraye-sur-Seine", "weight_class": 1, "permanent": true, "length_km": 3.0 }, "geometry": { "type": "LineString", "coordinates": [ [ 0.78301, 49.4663 ], [ 0.7866, 49.46301 ], [ 0.78816, 49.45907 ], [ 0.79506, 49.46061 ], [ 0.80572, 49.46042 ], [ 0.81538, 49.46229 ] ] } },
{ "type": "Feature", "properties": { "name": "Fossé 01 de la Commune de la Mailleraye-sur-Seine", "weight_class": 1, "permanent": false, "length_km": 3.1 }, "geometry": { "type": "LineString", "coordinates": [ [ 0.76856, 49.45732 ], [ 0.76406, 49.46581 ], [ 0.76585, 49.47174 ], [ 0.77249, 49.47746 ], [ 0.7791, 49.48107 ] ] } },
{ "type": "Feature", "properties": { "name": "les Cabots", "weight_class": 1, "permanent": false, "length_km": 2.2 }, "geometry": { "type": "MultiLineString", "coordinates": [ [ [ 0.51298, 49.49513 ], [ 0.5221, 49.49258 ] ], [ [ 0.52202, 49.49227 ], [ 0.52736, 49.49052 ], [ 0.52827, 49.48843 ], [ 0.5331, 49.48648 ], [ 0.53315, 49.48462 ] ] ] } },
{ "type": "Feature", "properties": { "name": "la Rançon", "weight_class": 1, "permanent": true, "length_km": 3.2 }, "geometry": { "type": "LineString", "coordinates": [ [ 0.75687, 49.54653 ], [ 0.75835, 49.54381 ], [ 0.75792, 49.53765 ], [ 0.75547, 49.5351 ], [ 0.75622, 49.53178 ], [ 0.74911, 49.52033 ] ] } },
{ "type": "Feature", "properties": { "name": "Rivière Sainte-Gertrude", "weight_class": 1, "permanent": true, "length_km": 4.1 }, "geometry": { "type": "LineString", "coordinates": [ [ 0.69615, 49.5461 ], [ 0.70424, 49.54602 ], [ 0.71594, 49.54225 ], [ 0.71716, 49.53942 ], [ 0.71933, 49.53795 ], [ 0.718, 49.53564 ], [ 0.72118, 49.53181 ], [ 0.72375, 49.52543 ], [ 0.72339, 49.52294 ] ] } },
{ "type": "Feature", "properties": { "name": "Rivière des Aulnes", "weight_class": 1, "permanent": true, "length_km": 2.9 }, "geometry": { "type": "LineString", "coordinates": [ [ 0.51355, 49.53446 ], [ 0.51631, 49.53317 ], [ 0.52118, 49.53365 ], [ 0.52605, 49.53075 ], [ 0.52896, 49.53046 ], [ 0.53055, 49.52847 ], [ 0.52883, 49.52701 ], [ 0.53224, 49.52531 ], [ 0.53141, 49.52297 ], [ 0.52987, 49.52275 ] ] } },
{ "type": "Feature", "properties": { "name": "la Fontenelle", "weight_class": 1, "permanent": true, "length_km": 2.9 }, "geometry": { "type": "LineString", "coordinates": [ [ 0.78233, 49.53347 ], [ 0.77158, 49.52961 ], [ 0.75783, 49.5273 ], [ 0.7556, 49.52279 ], [ 0.75067, 49.52344 ] ] } },
{ "type": "Feature", "properties": { "name": "la Seine", "weight_class": 4, "permanent": true, "length_km": 127.2 }, "geometry": { "type": "MultiLineString", "coordinates": [ [ [ 0.54586, 49.4606 ], [ 0.52289, 49.47932 ], [ 0.50906, 49.48441 ], [ 0.50283, 49.48529 ], [ 0.49328, 49.48449 ], [ 0.47573, 49.4781 ] ], [ [ 0.5891, 49.43097 ], [ 0.57758, 49.43567 ] ], [ [ 0.61544, 49.43023 ], [ 0.61005, 49.42901 ] ], [ [ 0.81101, 49.40439 ], [ 0.80799, 49.40995 ], [ 0.80267, 49.42759 ], [ 0.80237, 49.4325 ], [ 0.80503, 49.4365 ], [ 0.81577, 49.44441 ], [ 0.81805, 49.45127 ], [ 0.81716, 49.45742 ], [ 0.81138, 49.46972 ], [ 0.80857, 49.47294 ], [ 0.80347, 49.476 ], [ 0.78211, 49.47983 ], [ 0.77671, 49.48284 ], [ 0.77368, 49.48872 ], [ 0.7746, 49.50177 ], [ 0.7713, 49.50804 ], [ 0.76577, 49.51263 ], [ 0.75841, 49.51668 ], [ 0.7493, 49.52028 ], [ 0.74219, 49.52192 ], [ 0.72865, 49.52291 ], [ 0.71734, 49.52246 ], [ 0.68528, 49.51694 ], [ 0.67743, 49.51271 ], [ 0.67403, 49.50872 ], [ 0.66848, 49.49535 ], [ 0.66615, 49.46727 ], [ 0.66333, 49.45827 ], [ 0.65711, 49.45257 ], [ 0.62663, 49.43535 ] ], [ [ 0.91788, 49.38538 ], [ 0.92349, 49.4028 ], [ 0.93094, 49.41308 ], [ 0.93755, 49.42757 ], [ 0.93759, 49.44108 ], [ 0.9333, 49.4641 ], [ 0.93033, 49.47193 ], [ 0.92373, 49.48089 ], [ 0.91971, 49.48348 ], [ 0.91262, 49.48493 ], [ 0.90156, 49.48536 ], [ 0.88485, 49.48328 ], [ 0.87015, 49.47689 ], [ 0.86003, 49.46592 ], [ 0.85654, 49.45317 ], [ 0.86132, 49.43097 ], [ 0.8697, 49.41035 ], [ 0.86907, 49.40351 ], [ 0.86658, 49.39937 ], [ 0.859, 49.39474 ], [ 0.84701, 49.39237 ], [ 0.83357, 49.39355 ], [ 0.82569, 49.39546 ], [ 0.81892, 49.39821 ] ], [ [ 1.1217, 49.38796 ], [ 1.11943, 49.40738 ], [ 1.11032, 49.42491 ], [ 1.09289, 49.43686 ], [ 1.06849, 49.44331 ], [ 1.06011, 49.44353 ], [ 1.03711, 49.43628 ], [ 1.03014, 49.4328 ], [ 1.02631, 49.42892 ], [ 1.02175, 49.42321 ], [ 1.01397, 49.40954 ], [ 1.00978, 49.38497 ], [ 1.00742, 49.37833 ], [ 0.99551, 49.36518 ], [ 0.98241, 49.35555 ], [ 0.97045, 49.35227 ], [ 0.93836, 49.35161 ], [ 0.93221, 49.35333 ], [ 0.92688, 49.35669 ], [ 0.91994, 49.36487 ] ], [ [ 1.04287, 49.32406 ], [ 1.05363, 49.32467 ], [ 1.06428, 49.3268 ] ], [ [ 1.04287, 49.32406 ], [ 1.04744, 49.32579 ], [ 1.06087, 49.32843 ], [ 1.06675, 49.33068 ] ], [ [ 1.15493, 49.3083 ], [ 1.1509, 49.30942 ], [ 1.14026, 49.30987 ], [ 1.0861, 49.30954 ], [ 1.07646, 49.30782 ], [ 1.04059, 49.29596 ], [ 1.02882, 49.29352 ], [ 1.00544, 49.29382 ], [ 0.99716, 49.2966 ], [ 0.99461, 49.29938 ], [ 0.99386, 49.30237 ], [ 0.99602, 49.30732 ], [ 1.00368, 49.31365 ], [ 1.01074, 49.31753 ], [ 1.02794, 49.32258 ], [ 1.04287, 49.32406 ] ], [ [ 1.06428, 49.3268 ], [ 1.07828, 49.3298 ], [ 1.08454, 49.33437 ] ], [ [ 1.06428, 49.3268 ], [ 1.06675, 49.33068 ] ], [ [ 1.06675, 49.33068 ], [ 1.08454, 49.33437 ] ], [ [ 1.08454, 49.33437 ], [ 1.09077, 49.33563 ], [ 1.09465, 49.33745 ], [ 1.10559, 49.33936 ], [ 1.11762, 49.34371 ], [ 1.1238, 49.35094 ], [ 1.12545, 49.35571 ], [ 1.12408, 49.36713 ], [ 1.12214, 49.37258 ] ], [ [ 1.12214, 49.37258 ], [ 1.1217, 49.38796 ] ], [ [ 1.12214, 49.37258 ], [ 1.11958, 49.3763 ], [ 1.11852, 49.38229 ], [ 1.1217, 49.38796 ] ] ] } },
{ "type": "Feature", "properties": { "name": "la Ravine", "weight_class": 1, "permanent": false, "length_km": 11.1 }, "geometry": { "type": "LineString", "coordinates": [ [ 0.62479, 49.51204 ], [ 0.63772, 49.51098 ], [ 0.64192, 49.50567 ], [ 0.63437, 49.50186 ], [ 0.6341, 49.49979 ], [ 0.6414, 49.49962 ], [ 0.64655, 49.49663 ], [ 0.64635, 49.49375 ], [ 0.64909, 49.49069 ], [ 0.64439, 49.48497 ], [ 0.62713, 49.47647 ], [ 0.61858, 49.47446 ], [ 0.61553, 49.47226 ], [ 0.61522, 49.46836 ], [ 0.61333, 49.46665 ], [ 0.60648, 49.46623 ], [ 0.59648, 49.46878 ], [ 0.58732, 49.4699 ], [ 0.57922, 49.46941 ] ] } },
{ "type": "Feature", "properties": { "name": "le Télhuet", "weight_class": 1, "permanent": true, "length_km": 8.4 }, "geometry": { "type": "LineString", "coordinates": [ [ 0.58436, 49.5041 ], [ 0.58299, 49.50305 ], [ 0.58286, 49.49898 ], [ 0.58126, 49.49613 ], [ 0.57581, 49.49012 ], [ 0.57283, 49.48803 ], [ 0.56569, 49.48773 ], [ 0.57354, 49.47931 ], [ 0.58013, 49.4679 ], [ 0.58028, 49.46548 ], [ 0.57713, 49.45888 ], [ 0.57957, 49.45142 ], [ 0.5658, 49.44419 ] ] } },
{ "type": "Feature", "properties": { "name": "le Vivier", "weight_class": 1, "permanent": true, "length_km": 3.4 }, "geometry": { "type": "MultiLineString", "coordinates": [ [ [ 0.46635, 49.50766 ], [ 0.4621, 49.50347 ], [ 0.46116, 49.49432 ] ], [ [ 0.46116, 49.49432 ], [ 0.4614, 49.48992 ], [ 0.46264, 49.48919 ] ], [ [ 0.46116, 49.49432 ], [ 0.46264, 49.48919 ] ], [ [ 0.46264, 49.48919 ], [ 0.46665, 49.48596 ] ] ] } },
{ "type": "Feature", "properties": { "name": "la Brouisseresse/Ruisseau de Tancarville", "weight_class": 1, "permanent": true, "length_km": 4.5 }, "geometry": { "type": "LineString", "coordinates": [ [ 0.49464, 49.50514 ], [ 0.47952, 49.50024 ], [ 0.47471, 49.49615 ], [ 0.46913, 49.48642 ], [ 0.46658, 49.48588 ], [ 0.4653, 49.48258 ], [ 0.47192, 49.47631 ] ] } },
{ "type": "Feature", "properties": { "name": "le Hannetot", "weight_class": 1, "permanent": true, "length_km": 8.4 }, "geometry": { "type": "LineString", "coordinates": [ [ 0.65932, 49.49061 ], [ 0.63892, 49.4743 ], [ 0.63655, 49.47145 ], [ 0.64019, 49.46951 ], [ 0.63243, 49.46441 ], [ 0.62953, 49.46006 ], [ 0.62435, 49.45624 ], [ 0.62034, 49.45185 ], [ 0.61951, 49.44795 ], [ 0.61063, 49.44195 ], [ 0.61331, 49.43321 ], [ 0.61544, 49.43023 ] ] } },
{ "type": "Feature", "properties": { "name": "Rivière de Saint-Laurent", "weight_class": 1, "permanent": true, "length_km": 5.9 }, "geometry": { "type": "LineString", "coordinates": [ [ 0.25114, 49.53032 ], [ 0.24793, 49.52714 ], [ 0.24121, 49.52629 ], [ 0.23648, 49.52755 ], [ 0.23267, 49.52446 ], [ 0.22961, 49.52469 ], [ 0.22712, 49.52375 ], [ 0.22528, 49.52492 ], [ 0.22153, 49.52485 ], [ 0.21734, 49.5233 ], [ 0.21228, 49.52295 ], [ 0.20421, 49.51957 ], [ 0.19509, 49.51502 ], [ 0.1985, 49.50807 ] ] } },
{ "type": "Feature", "properties": { "name": "le Rogerval", "weight_class": 1, "permanent": true, "length_km": 2.8 }, "geometry": { "type": "LineString", "coordinates": [ [ 0.28164, 49.50553 ], [ 0.27816, 49.50041 ], [ 0.27159, 49.49701 ], [ 0.27127, 49.4963 ], [ 0.2734, 49.49538 ], [ 0.27224, 49.49349 ], [ 0.26724, 49.49273 ], [ 0.26586, 49.49056 ], [ 0.26297, 49.49117 ], [ 0.262, 49.4903 ] ] } },
{ "type": "Feature", "properties": { "name": "Rivière d'Oudalle", "weight_class": 1, "permanent": true, "length_km": 3.7 }, "geometry": { "type": "LineString", "coordinates": [ [ 0.31522, 49.5005 ], [ 0.31357, 49.50288 ], [ 0.30657, 49.50205 ], [ 0.2947, 49.49675 ], [ 0.28495, 49.49532 ], [ 0.28127, 49.48742 ] ] } },
{ "type": "Feature", "properties": { "name": "la Rouelles", "weight_class": 1, "permanent": true, "length_km": 4.8 }, "geometry": { "type": "LineString", "coordinates": [ [ 0.14727, 49.53753 ], [ 0.14972, 49.53512 ], [ 0.14834, 49.53283 ], [ 0.15154, 49.52766 ], [ 0.1588, 49.5264 ], [ 0.15989, 49.52471 ], [ 0.16466, 49.52297 ], [ 0.17821, 49.52166 ], [ 0.18336, 49.52226 ], [ 0.18819, 49.5201 ], [ 0.19189, 49.52012 ] ] } },
{ "type": "Feature", "properties": { "name": "Canal de Tancarville", "weight_class": 4, "permanent": true, "length_km": 28.0 }, "geometry": { "type": "LineString", "coordinates": [ [ 0.46435, 49.4725 ], [ 0.46203, 49.47461 ], [ 0.34127, 49.47837 ], [ 0.20825, 49.49803 ], [ 0.19475, 49.49681 ], [ 0.19037, 49.49495 ], [ 0.18359, 49.49402 ], [ 0.13729, 49.48037 ], [ 0.13142, 49.48034 ], [ 0.11741, 49.48294 ], [ 0.10268, 49.48288 ], [ 0.09006, 49.48564 ] ] } },
{ "type": "Feature", "properties": { "name": "Grand Canal du Havre", "weight_class": 4, "permanent": true, "length_km": 10.5 }, "geometry": { "type": "LineString", "coordinates": [ [ 0.32111, 49.46028 ], [ 0.31822, 49.46139 ], [ 0.30332, 49.46218 ], [ 0.26564, 49.46572 ], [ 0.25726, 49.46753 ], [ 0.24838, 49.46786 ], [ 0.21647, 49.47294 ], [ 0.19382, 49.47508 ], [ 0.18345, 49.47708 ], [ 0.18103, 49.47854 ] ] } }
]
}
