{
"type": "FeatureCollection",
"name": "dep72_overview.geojson",
"crs": { "type": "name", "properties": { "name": "urn:ogc:def:crs:OGC:1.3:CRS84" } },
"xy_coordinate_resolution": 1e-05,
"features": [
{ "type": "Feature", "properties": { "name": "la Sarthe", "weight_class": 3, "permanent": true, "length_km": 211.6 }, "geometry": { "type": "MultiLineString", "coordinates": [ [ [ -0.37961, 47.78174 ], [ -0.37517, 47.76738 ], [ -0.37663, 47.76459 ], [ -0.38177, 47.76073 ] ], [ [ -0.0953, 47.87002 ], [ -0.10333, 47.84702 ], [ -0.09679, 47.83684 ], [ -0.09171, 47.83399 ], [ -0.08464, 47.82677 ], [ -0.08505, 47.81917 ], [ -0.08714, 47.81595 ], [ -0.09308, 47.81494 ], [ -0.10113, 47.8169 ], [ -0.11875, 47.82827 ], [ -0.11988, 47.83471 ], [ -0.12423, 47.83919 ], [ -0.14032, 47.84296 ], [ -0.15047, 47.84654 ], [ -0.15544, 47.84648 ], [ -0.15895, 47.84474 ], [ -0.16517, 47.83597 ], [ -0.17037, 47.83107 ], [ -0.18212, 47.8289 ], [ -0.18778, 47.82996 ], [ -0.19302, 47.8334 ], [ -0.19464, 47.83567 ], [ -0.19628, 47.84428 ], [ -0.19532, 47.8528 ], [ -0.19703, 47.85749 ], [ -0.20106, 47.86281 ], [ -0.20722, 47.8651 ], [ -0.21112, 47.86538 ], [ -0.21801, 47.86375 ], [ -0.22953, 47.85052 ], [ -0.23271, 47.84894 ], [ -0.2405, 47.84767 ], [ -0.24416, 47.84817 ], [ -0.25027, 47.85235 ], [ -0.26591, 47.85787 ], [ -0.28799, 47.85843 ], [ -0.29829, 47.85433 ], [ -0.30571, 47.85242 ], [ -0.33062, 47.84094 ], [ -0.33149, 47.83827 ], [ -0.32683, 47.83425 ], [ -0.3263, 47.83197 ], [ -0.33552, 47.82522 ], [ -0.34291, 47.82173 ], [ -0.35121, 47.82115 ], [ -0.37443, 47.82469 ], [ -0.38697, 47.82131 ], [ -0.38957, 47.81726 ], [ -0.38972, 47.80996 ], [ -0.38145, 47.79342 ], [ -0.38062, 47.79031 ], [ -0.38139, 47.78587 ] ], [ [ -0.09476, 47.87113 ], [ -0.0953, 47.87002 ] ], [ [ -0.09476, 47.87113 ], [ -0.09516, 47.87083 ], [ -0.0953, 47.87002 ] ], [ [ 0.02826, 47.89195 ], [ 0.02674, 47.89873 ], [ 0.02226, 47.90291 ], [ 0.01841, 47.90361 ], [ -0.00026, 47.90177 ], [ -0.00455, 47.90306 ], [ -0.01375, 47.90822 ], [ -0.02098, 47.90802 ], [ -0.02738, 47.90532 ], [ -0.03052, 47.89181 ], [ -0.0321, 47.88961 ], [ -0.03854, 47.88582 ], [ -0.04436, 47.88366 ], [ -0.05093, 47.8793 ], [ -0.05726, 47.87864 ], [ -0.06802, 47.88154 ], [ -0.08197, 47.88315 ], [ -0.08555, 47.88274 ], [ -0.08994, 47.88019 ], [ -0.09476, 47.87113 ] ], [ [ -0.05951, 48.38035 ], [ -0.05972, 48.37755 ], [ -0.06277, 48.37577 ], [ -0.06593, 48.37637 ], [ -0.06874, 48.37973 ], [ -0.07063, 48.37933 ], [ -0.07355, 48.3728 ], [ -0.07797, 48.36886 ], [ -0.07609, 48.36191 ], [ -0.08399, 48.35977 ], [ -0.0872, 48.35724 ], [ -0.08623, 48.35539 ], [ -0.08351, 48.35381 ], [ -0.07692, 48.35425 ], [ -0.07426, 48.35362 ], [ -0.07377, 48.35189 ], [ -0.07544, 48.35007 ], [ -0.08104, 48.34976 ], [ -0.07928, 48.34527 ], [ -0.07598, 48.34345 ], [ -0.07268, 48.34354 ], [ -0.07007, 48.34241 ], [ -0.06452, 48.33771 ], [ -0.06521, 48.33342 ], [ -0.06852, 48.32852 ], [ -0.06709, 48.32627 ], [ -0.0709, 48.32012 ], [ -0.06502, 48.31152 ], [ -0.06855, 48.30821 ], [ -0.06803, 48.3056 ], [ -0.07009, 48.30367 ], [ -0.06955, 48.3026 ], [ -0.0653, 48.30302 ], [ -0.06355, 48.3054 ], [ -0.05435, 48.30401 ], [ -0.05066, 48.30557 ], [ -0.05114, 48.30843 ], [ -0.04565, 48.30969 ], [ -0.04206, 48.30399 ], [ -0.04196, 48.29834 ], [ -0.04408, 48.29448 ], [ -0.03733, 48.2887 ], [ -0.02435, 48.28455 ], [ -0.02275, 48.28585 ], [ -0.02431, 48.28958 ], [ -0.02694, 48.29219 ], [ -0.0256, 48.29522 ], [ -0.02354, 48.2961 ], [ -0.02087, 48.29428 ], [ -0.01652, 48.29332 ], [ -0.01623, 48.3006 ], [ -0.01241, 48.30463 ], [ -0.00932, 48.30509 ], [ -0.00527, 48.30268 ], [ -0.00405, 48.2983 ], [ -0.00525, 48.29527 ], [ -0.00404, 48.29064 ], [ -0.00634, 48.28804 ], [ -0.00701, 48.28037 ], [ -0.00948, 48.27778 ], [ -0.01618, 48.2764 ], [ -0.0199, 48.27442 ], [ -0.0211, 48.27184 ], [ -0.02025, 48.27091 ], [ -0.01567, 48.27006 ], [ -0.01222, 48.27458 ], [ -0.00958, 48.27563 ], [ -0.0023, 48.27642 ], [ 0.00274, 48.27407 ], [ 0.00773, 48.27472 ], [ 0.00994, 48.27693 ], [ 0.01057, 48.27973 ], [ 0.00644, 48.28307 ], [ 0.00613, 48.285 ], [ 0.01645, 48.28508 ], [ 0.01945, 48.28273 ], [ 0.0162, 48.28167 ], [ 0.01545, 48.27771 ], [ 0.02062, 48.27645 ], [ 0.02829, 48.27234 ], [ 0.03162, 48.27163 ], [ 0.03394, 48.26908 ], [ 0.03297, 48.26549 ], [ 0.04149, 48.26433 ], [ 0.04355, 48.26172 ], [ 0.04223, 48.25653 ], [ 0.04584, 48.25445 ], [ 0.05658, 48.25532 ], [ 0.05893, 48.25811 ], [ 0.06545, 48.25983 ], [ 0.07062, 48.26362 ], [ 0.07493, 48.26407 ], [ 0.07668, 48.26036 ], [ 0.08437, 48.25883 ], [ 0.08636, 48.2558 ], [ 0.09252, 48.25149 ], [ 0.09917, 48.25215 ], [ 0.10255, 48.25121 ], [ 0.10857, 48.25244 ], [ 0.11177, 48.25427 ], [ 0.11373, 48.25408 ], [ 0.11392, 48.24733 ], [ 0.11587, 48.24523 ], [ 0.12445, 48.2398 ], [ 0.13288, 48.23771 ], [ 0.13365, 48.23691 ], [ 0.13242, 48.23543 ], [ 0.13526, 48.23395 ], [ 0.14818, 48.23317 ], [ 0.15607, 48.23159 ], [ 0.15819, 48.22906 ], [ 0.15789, 48.22777 ], [ 0.15508, 48.22683 ], [ 0.15092, 48.22328 ], [ 0.14451, 48.22387 ], [ 0.13765, 48.22314 ], [ 0.13369, 48.22503 ], [ 0.12538, 48.22192 ], [ 0.11315, 48.21228 ], [ 0.11348, 48.21016 ], [ 0.11024, 48.20792 ], [ 0.10946, 48.20415 ], [ 0.11094, 48.20076 ], [ 0.11795, 48.19668 ], [ 0.12115, 48.19322 ], [ 0.12145, 48.18081 ], [ 0.12928, 48.17052 ], [ 0.13405, 48.17054 ], [ 0.1391, 48.17222 ], [ 0.14783, 48.17902 ], [ 0.15246, 48.18086 ], [ 0.15684, 48.18101 ], [ 0.16054, 48.18231 ], [ 0.16332, 48.18647 ], [ 0.16594, 48.18644 ], [ 0.17571, 48.17686 ], [ 0.17663, 48.17263 ], [ 0.17581, 48.17128 ], [ 0.17266, 48.17171 ], [ 0.1625, 48.1701 ], [ 0.15855, 48.17029 ], [ 0.15342, 48.16876 ], [ 0.15174, 48.16417 ], [ 0.152, 48.15801 ], [ 0.15861, 48.15099 ], [ 0.16444, 48.15019 ], [ 0.1676, 48.14785 ], [ 0.1727, 48.14635 ], [ 0.1746, 48.14683 ], [ 0.1777, 48.14607 ], [ 0.18539, 48.13738 ], [ 0.18601, 48.13025 ], [ 0.19042, 48.12317 ], [ 0.18842, 48.11751 ], [ 0.17909, 48.10494 ], [ 0.18504, 48.10338 ], [ 0.19755, 48.09624 ], [ 0.20224, 48.096 ], [ 0.20673, 48.09206 ], [ 0.20483, 48.08698 ], [ 0.203, 48.0854 ], [ 0.20022, 48.08464 ], [ 0.19706, 48.08509 ], [ 0.19136, 48.08248 ], [ 0.18186, 48.08134 ], [ 0.17838, 48.07764 ], [ 0.17857, 48.07397 ], [ 0.18004, 48.07235 ], [ 0.18353, 48.07154 ], [ 0.18683, 48.07213 ], [ 0.18942, 48.07073 ], [ 0.19013, 48.06896 ], [ 0.19807, 48.06878 ], [ 0.20489, 48.06525 ], [ 0.20637, 48.06336 ], [ 0.20697, 48.05935 ], [ 0.20593, 48.05785 ], [ 0.20009, 48.0564 ], [ 0.19455, 48.05207 ], [ 0.18895, 48.05053 ], [ 0.18351, 48.04656 ], [ 0.17899, 48.04573 ], [ 0.17596, 48.04351 ], [ 0.17803, 48.04025 ], [ 0.18485, 48.03936 ], [ 0.18514, 48.03827 ], [ 0.18241, 48.03475 ], [ 0.18681, 48.03143 ], [ 0.18872, 48.02573 ], [ 0.19612, 48.0197 ], [ 0.1994, 48.01401 ], [ 0.19086, 48.00563 ], [ 0.19001, 48.00174 ], [ 0.18477, 47.99592 ], [ 0.18068, 47.99509 ], [ 0.17846, 47.9887 ], [ 0.17447, 47.98564 ], [ 0.16771, 47.98218 ], [ 0.16444, 47.98202 ], [ 0.16172, 47.98032 ], [ 0.15206, 47.98236 ], [ 0.15051, 47.98115 ], [ 0.151, 47.9788 ], [ 0.15405, 47.97871 ], [ 0.15872, 47.97663 ], [ 0.16272, 47.97252 ], [ 0.16778, 47.97246 ], [ 0.17504, 47.9646 ], [ 0.17485, 47.95877 ], [ 0.17781, 47.95601 ], [ 0.17834, 47.95317 ], [ 0.17458, 47.94363 ], [ 0.17993, 47.9336 ], [ 0.18364, 47.93037 ], [ 0.18231, 47.92559 ], [ 0.16591, 47.91697 ], [ 0.16271, 47.91426 ], [ 0.15955, 47.91478 ], [ 0.15801, 47.91741 ], [ 0.15547, 47.9187 ], [ 0.15298, 47.91877 ], [ 0.14795, 47.91715 ], [ 0.14366, 47.91231 ], [ 0.1344, 47.90686 ], [ 0.12792, 47.89932 ], [ 0.12794, 47.89568 ], [ 0.12208, 47.88955 ], [ 0.12004, 47.88569 ], [ 0.12028, 47.88372 ], [ 0.12494, 47.88229 ], [ 0.12499, 47.8814 ], [ 0.11648, 47.87627 ], [ 0.11124, 47.87731 ], [ 0.10822, 47.87891 ], [ 0.0978, 47.87151 ], [ 0.09606, 47.87179 ], [ 0.09417, 47.87403 ], [ 0.0893, 47.86971 ], [ 0.08583, 47.86922 ], [ 0.08369, 47.8703 ], [ 0.081, 47.87879 ], [ 0.07541, 47.88211 ], [ 0.0775, 47.88609 ], [ 0.07518, 47.89074 ], [ 0.07331, 47.89192 ], [ 0.06021, 47.89138 ], [ 0.05332, 47.88956 ], [ 0.04653, 47.88606 ], [ 0.03628, 47.88462 ], [ 0.03198, 47.88629 ], [ 0.02934, 47.89051 ] ], [ [ -0.05171, 48.37925 ], [ -0.04996, 48.37523 ], [ -0.05492, 48.37828 ], [ -0.05388, 48.38197 ], [ -0.05492, 48.38212 ] ], [ [ -0.02179, 48.38727 ], [ -0.02552, 48.38523 ], [ -0.02788, 48.38623 ], [ -0.03511, 48.38636 ], [ -0.03582, 48.3812 ], [ -0.04087, 48.38122 ], [ -0.04258, 48.37929 ], [ -0.051, 48.38012 ] ], [ [ -0.00249, 48.39754 ], [ -0.00725, 48.39475 ], [ -0.01061, 48.39609 ], [ -0.01157, 48.39363 ], [ -0.01871, 48.3946 ], [ -0.02017, 48.39392 ] ], [ [ 0.0015, 48.39663 ], [ -0.00221, 48.39753 ] ], [ [ 0.02934, 47.89051 ], [ 0.02826, 47.89195 ] ], [ [ 0.02934, 47.89051 ], [ 0.02904, 47.89143 ], [ 0.02826, 47.89195 ] ], [ [ 0.14034, 48.43699 ], [ 0.13416, 48.43711 ], [ 0.12527, 48.4341 ], [ 0.12157, 48.4362 ] ], [ [ 0.14463, 48.45362 ], [ 0.1456, 48.45237 ], [ 0.14806, 48.45256 ], [ 0.14717, 48.45081 ], [ 0.14851, 48.44894 ], [ 0.15343, 48.4473 ], [ 0.15863, 48.44312 ], [ 0.15615, 48.43951 ], [ 0.15233, 48.43765 ], [ 0.14809, 48.43722 ] ], [ [ 0.17066, 48.45629 ], [ 0.17056, 48.45389 ], [ 0.1735, 48.45052 ], [ 0.17097, 48.44944 ], [ 0.16671, 48.44956 ], [ 0.15788, 48.45296 ], [ 0.15269, 48.45742 ], [ 0.14962, 48.45765 ] ], [ [ 0.2006, 48.46979 ], [ 0.20134, 48.46859 ], [ 0.19497, 48.46715 ], [ 0.19651, 48.46446 ], [ 0.19074, 48.46196 ], [ 0.18498, 48.46319 ], [ 0.18207, 48.46523 ], [ 0.17275, 48.46515 ] ], [ [ 0.21566, 48.4739 ], [ 0.21327, 48.47346 ], [ 0.20997, 48.47073 ], [ 0.20511, 48.47005 ] ], [ [ 0.23658, 48.47474 ], [ 0.23144, 48.47246 ], [ 0.21787, 48.47384 ] ], [ [ 0.25437, 48.4758 ], [ 0.25436, 48.4746 ], [ 0.24887, 48.47286 ], [ 0.24733, 48.47433 ], [ 0.24193, 48.47431 ], [ 0.24173, 48.47553 ] ], [ [ 0.26253, 48.48279 ], [ 0.26134, 48.48206 ], [ 0.26181, 48.47966 ], [ 0.25939, 48.47703 ], [ 0.25674, 48.47724 ] ], [ [ 0.28357, 48.4815 ], [ 0.2809, 48.4812 ], [ 0.27988, 48.48188 ], [ 0.27752, 48.47982 ], [ 0.27469, 48.47936 ] ], [ [ 0.32074, 48.47239 ], [ 0.31753, 48.47142 ], [ 0.31636, 48.4723 ], [ 0.31519, 48.47129 ], [ 0.31394, 48.47174 ], [ 0.3098, 48.46938 ], [ 0.3094, 48.47059 ], [ 0.30787, 48.47052 ], [ 0.30843, 48.47132 ], [ 0.30662, 48.47103 ], [ 0.29859, 48.47448 ], [ 0.2976, 48.47606 ], [ 0.29243, 48.47771 ], [ 0.29288, 48.47837 ], [ 0.29121, 48.47897 ], [ 0.28848, 48.47848 ], [ 0.28604, 48.48002 ] ] ] } },
{ "type": "Feature", "properties": { "name": "le Loir", "weight_class": 4, "permanent": true, "length_km": 101.7 }, "geometry": { "type": "MultiLineString", "coordinates": [ [ [ 0.61697, 47.73577 ], [ 0.61129, 47.73244 ], [ 0.60585, 47.7308 ], [ 0.59962, 47.72974 ], [ 0.59255, 47.73015 ], [ 0.58363, 47.72925 ], [ 0.57966, 47.73005 ], [ 0.57707, 47.73181 ], [ 0.56876, 47.73178 ], [ 0.56376, 47.734 ], [ 0.55889, 47.73457 ], [ 0.55652, 47.73365 ], [ 0.54696, 47.73359 ], [ 0.54555, 47.7326 ], [ 0.54303, 47.73333 ], [ 0.54373, 47.7355 ], [ 0.54286, 47.73582 ], [ 0.53756, 47.73421 ], [ 0.52976, 47.72955 ], [ 0.50982, 47.72433 ], [ 0.50697, 47.72156 ], [ 0.50633, 47.71495 ], [ 0.50413, 47.71258 ], [ 0.50046, 47.71238 ], [ 0.49732, 47.71604 ], [ 0.49315, 47.71622 ], [ 0.49277, 47.71825 ], [ 0.48723, 47.71891 ], [ 0.48377, 47.71823 ], [ 0.4802, 47.71632 ], [ 0.48041, 47.71115 ], [ 0.47682, 47.70651 ], [ 0.47846, 47.69625 ], [ 0.48194, 47.69071 ], [ 0.47849, 47.68486 ], [ 0.473, 47.68173 ], [ 0.46704, 47.68048 ], [ 0.46096, 47.68329 ], [ 0.44921, 47.6847 ], [ 0.43709, 47.68194 ], [ 0.42948, 47.67841 ], [ 0.42598, 47.67882 ], [ 0.42045, 47.67276 ], [ 0.41784, 47.6719 ], [ 0.41998, 47.67051 ], [ 0.42059, 47.66794 ], [ 0.41759, 47.66563 ], [ 0.40685, 47.664 ], [ 0.4044, 47.66437 ], [ 0.39745, 47.66868 ], [ 0.39237, 47.67488 ], [ 0.38069, 47.67752 ], [ 0.36675, 47.6754 ], [ 0.35878, 47.67287 ], [ 0.35412, 47.67037 ], [ 0.35062, 47.66481 ], [ 0.34676, 47.66494 ], [ 0.34659, 47.66299 ], [ 0.34156, 47.66127 ], [ 0.33015, 47.6595 ], [ 0.32252, 47.66111 ], [ 0.31908, 47.66418 ], [ 0.31833, 47.66674 ], [ 0.31544, 47.66721 ], [ 0.31016, 47.66422 ], [ 0.30358, 47.66262 ], [ 0.29828, 47.65819 ], [ 0.29504, 47.65762 ], [ 0.2817, 47.66023 ], [ 0.26645, 47.65855 ], [ 0.26387, 47.66078 ], [ 0.26528, 47.66323 ], [ 0.25976, 47.66477 ], [ 0.25883, 47.66245 ], [ 0.256, 47.66218 ], [ 0.25554, 47.66083 ], [ 0.25342, 47.66184 ], [ 0.2516, 47.65968 ], [ 0.24649, 47.65898 ], [ 0.24611, 47.65634 ], [ 0.2443, 47.65513 ], [ 0.24044, 47.65528 ], [ 0.23813, 47.65395 ], [ 0.23717, 47.65558 ], [ 0.23574, 47.65548 ], [ 0.2351, 47.65429 ], [ 0.23485, 47.65574 ], [ 0.23184, 47.65613 ], [ 0.23035, 47.65062 ], [ 0.2317, 47.64756 ], [ 0.23423, 47.64553 ], [ 0.23137, 47.63987 ], [ 0.22065, 47.63436 ], [ 0.21271, 47.63254 ], [ 0.20583, 47.63443 ], [ 0.1962, 47.64148 ], [ 0.19245, 47.64715 ], [ 0.18588, 47.64962 ], [ 0.18049, 47.64951 ], [ 0.17652, 47.64696 ], [ 0.17842, 47.64304 ], [ 0.17759, 47.64187 ], [ 0.16558, 47.64298 ], [ 0.1617, 47.64491 ], [ 0.15946, 47.65243 ], [ 0.16523, 47.66121 ], [ 0.16582, 47.66504 ], [ 0.16452, 47.67015 ], [ 0.16253, 47.67213 ], [ 0.15427, 47.67448 ], [ 0.14951, 47.67377 ], [ 0.14824, 47.67613 ], [ 0.14403, 47.67708 ], [ 0.14187, 47.67949 ], [ 0.13328, 47.67964 ], [ 0.12628, 47.67904 ], [ 0.12053, 47.6732 ], [ 0.11799, 47.67227 ], [ 0.11369, 47.67225 ], [ 0.11206, 47.6748 ], [ 0.10665, 47.67795 ], [ 0.106, 47.68449 ], [ 0.10033, 47.69106 ], [ 0.09901, 47.69921 ], [ 0.08719, 47.70434 ], [ 0.08198, 47.70449 ], [ 0.07714, 47.70126 ], [ 0.07384, 47.70088 ], [ 0.06422, 47.69745 ], [ 0.05365, 47.69605 ], [ 0.05012, 47.69466 ], [ 0.04468, 47.69514 ], [ 0.04133, 47.69694 ], [ 0.03174, 47.69917 ], [ 0.01523, 47.69829 ], [ -0.00723, 47.70235 ], [ -0.0239, 47.70198 ], [ -0.03732, 47.69524 ], [ -0.04035, 47.69044 ], [ -0.0421, 47.68989 ], [ -0.0523, 47.69044 ], [ -0.05226, 47.69402 ], [ -0.05384, 47.695 ], [ -0.06113, 47.69342 ], [ -0.06721, 47.69365 ], [ -0.08006, 47.69743 ], [ -0.0844, 47.69569 ], [ -0.08865, 47.6956 ], [ -0.09108, 47.69451 ], [ -0.09675, 47.68405 ], [ -0.10065, 47.68079 ], [ -0.10483, 47.67973 ], [ -0.11084, 47.6814 ], [ -0.11202, 47.6852 ], [ -0.11148, 47.68976 ], [ -0.11643, 47.69248 ], [ -0.12359, 47.69159 ], [ -0.12702, 47.68843 ], [ -0.12833, 47.6845 ], [ -0.1311, 47.68259 ], [ -0.14037, 47.68307 ], [ -0.14485, 47.68472 ], [ -0.14758, 47.68478 ], [ -0.15022, 47.68366 ], [ -0.1559, 47.67834 ], [ -0.16248, 47.67996 ], [ -0.16709, 47.68673 ], [ -0.17123, 47.68792 ], [ -0.1758, 47.685 ], [ -0.17743, 47.68217 ], [ -0.17599, 47.68057 ], [ -0.17557, 47.67452 ], [ -0.17655, 47.66594 ], [ -0.17987, 47.66259 ], [ -0.18374, 47.66102 ], [ -0.19485, 47.6615 ], [ -0.20264, 47.66865 ], [ -0.20848, 47.67153 ] ], [ [ 0.62162, 47.74848 ], [ 0.61858, 47.74312 ], [ 0.62043, 47.73937 ], [ 0.61949, 47.73799 ] ], [ [ 0.65041, 47.75494 ], [ 0.64598, 47.75309 ], [ 0.63884, 47.75167 ], [ 0.627, 47.75194 ], [ 0.62339, 47.74929 ] ], [ [ 0.68307, 47.76599 ], [ 0.68148, 47.76833 ], [ 0.67888, 47.76957 ], [ 0.67244, 47.76837 ], [ 0.66177, 47.76099 ], [ 0.65319, 47.75784 ], [ 0.65161, 47.75564 ] ] ] } },
{ "type": "Feature", "properties": { "name": "Bras du Loir", "weight_class": 1, "permanent": true, "length_km": 13.8 }, "geometry": { "type": "MultiLineString", "coordinates": [ [ [ -0.20612, 47.67078 ], [ -0.20702, 47.66967 ] ], [ [ -0.10858, 47.68027 ], [ -0.11006, 47.67806 ], [ -0.11773, 47.67999 ], [ -0.12315, 47.67872 ], [ -0.12843, 47.67956 ], [ -0.13248, 47.68246 ] ], [ [ -0.05561, 47.69614 ], [ -0.07203, 47.69858 ], [ -0.07264, 47.69515 ], [ -0.07514, 47.69331 ], [ -0.07727, 47.69386 ], [ -0.07712, 47.6967 ] ], [ [ -0.05561, 47.69614 ], [ -0.05576, 47.69505 ] ], [ [ -0.04752, 47.69009 ], [ -0.04971, 47.6957 ], [ -0.05561, 47.69614 ] ], [ [ 0.17148, 47.64701 ], [ 0.16703, 47.64883 ], [ 0.16369, 47.64902 ], [ 0.16236, 47.6514 ], [ 0.15942, 47.65111 ] ], [ [ 0.16892, 47.6452 ], [ 0.16689, 47.64711 ], [ 0.16225, 47.64454 ] ], [ [ 0.17148, 47.64701 ], [ 0.16892, 47.6452 ] ], [ [ 0.16892, 47.6452 ], [ 0.17071, 47.64392 ], [ 0.16972, 47.64254 ] ], [ [ 0.17749, 47.64783 ], [ 0.1758, 47.64885 ], [ 0.17148, 47.64701 ] ], [ [ 0.3223, 47.66128 ], [ 0.31448, 47.66477 ], [ 0.31056, 47.6644 ] ], [ [ 0.43016, 47.6786 ], [ 0.43011, 47.67674 ], [ 0.4289, 47.67649 ], [ 0.42974, 47.67557 ], [ 0.42887, 47.67158 ], [ 0.42153, 47.66938 ], [ 0.42151, 47.66781 ], [ 0.42032, 47.66754 ] ], [ [ 0.58381, 47.72925 ], [ 0.58118, 47.72761 ], [ 0.57773, 47.72759 ], [ 0.57648, 47.72949 ], [ 0.57254, 47.72946 ], [ 0.56912, 47.73175 ] ] ] } },
{ "type": "Feature", "properties": { "name": "la Même", "weight_class": 2, "permanent": true, "length_km": 10.9 }, "geometry": { "type": "LineString", "coordinates": [ [ 0.63045, 48.24074 ], [ 0.63061, 48.23953 ], [ 0.62779, 48.23702 ], [ 0.62845, 48.23568 ], [ 0.632, 48.2347 ], [ 0.62881, 48.23325 ], [ 0.62829, 48.23051 ], [ 0.62942, 48.2301 ], [ 0.6296, 48.22837 ], [ 0.62867, 48.22552 ], [ 0.62693, 48.22443 ], [ 0.62719, 48.22298 ], [ 0.63056, 48.22018 ], [ 0.63033, 48.21914 ], [ 0.63214, 48.21905 ], [ 0.6369, 48.21507 ], [ 0.64045, 48.21442 ], [ 0.64154, 48.21025 ], [ 0.64486, 48.2097 ], [ 0.6466, 48.21061 ], [ 0.6465, 48.20995 ], [ 0.64767, 48.21027 ], [ 0.64957, 48.20903 ], [ 0.65218, 48.20401 ], [ 0.65402, 48.20396 ], [ 0.65681, 48.20045 ], [ 0.65625, 48.1977 ], [ 0.65716, 48.19705 ], [ 0.65326, 48.19598 ], [ 0.65301, 48.19459 ], [ 0.64948, 48.19289 ], [ 0.64579, 48.18603 ], [ 0.64366, 48.18455 ], [ 0.64411, 48.1756 ] ] } },
{ "type": "Feature", "properties": { "name": "le Ravine", "weight_class": 1, "permanent": true, "length_km": 2.0 }, "geometry": { "type": "LineString", "coordinates": [ [ 0.65659, 48.26258 ], [ 0.6617, 48.26053 ], [ 0.66509, 48.26092 ], [ 0.67095, 48.25552 ], [ 0.674, 48.25467 ], [ 0.67656, 48.25513 ] ] } },
{ "type": "Feature", "properties": { "name": "l'Huisne", "weight_class": 3, "permanent": true, "length_km": 79.4 }, "geometry": { "type": "LineString", "coordinates": [ [ 0.68402, 48.25384 ], [ 0.682, 48.24903 ], [ 0.68693, 48.24834 ], [ 0.68673, 48.24718 ], [ 0.6882, 48.24677 ], [ 0.68544, 48.24378 ], [ 0.68687, 48.24146 ], [ 0.68334, 48.2377 ], [ 0.68012, 48.23644 ], [ 0.68138, 48.2351 ], [ 0.68012, 48.23413 ], [ 0.68039, 48.23246 ], [ 0.67734, 48.22996 ], [ 0.67081, 48.22701 ], [ 0.67087, 48.2236 ], [ 0.67194, 48.22279 ], [ 0.66831, 48.22437 ], [ 0.66757, 48.2227 ], [ 0.66842, 48.22159 ], [ 0.66592, 48.22167 ], [ 0.6677, 48.22021 ], [ 0.6647, 48.21911 ], [ 0.66568, 48.21795 ], [ 0.66463, 48.21536 ], [ 0.6666, 48.21291 ], [ 0.66518, 48.21192 ], [ 0.66747, 48.21123 ], [ 0.66541, 48.21084 ], [ 0.66574, 48.20856 ], [ 0.66418, 48.20783 ], [ 0.66518, 48.20768 ], [ 0.66446, 48.20651 ], [ 0.66563, 48.20432 ], [ 0.66762, 48.20356 ], [ 0.66331, 48.19774 ], [ 0.65974, 48.19542 ], [ 0.65832, 48.19611 ], [ 0.65692, 48.19535 ], [ 0.65804, 48.19324 ], [ 0.65537, 48.18947 ], [ 0.65656, 48.18542 ], [ 0.65437, 48.18431 ], [ 0.65318, 48.18097 ], [ 0.64273, 48.17471 ], [ 0.64187, 48.17265 ], [ 0.64472, 48.17196 ], [ 0.64329, 48.16841 ], [ 0.64459, 48.16728 ], [ 0.64375, 48.16495 ], [ 0.63608, 48.15986 ], [ 0.63097, 48.1598 ], [ 0.62667, 48.16093 ], [ 0.61662, 48.15693 ], [ 0.61491, 48.15386 ], [ 0.61157, 48.15189 ], [ 0.60919, 48.15282 ], [ 0.60775, 48.1507 ], [ 0.60842, 48.14972 ], [ 0.6053, 48.14827 ], [ 0.60386, 48.14526 ], [ 0.60628, 48.14289 ], [ 0.59299, 48.13526 ], [ 0.58263, 48.13325 ], [ 0.58193, 48.12983 ], [ 0.5793, 48.12873 ], [ 0.57804, 48.12633 ], [ 0.57836, 48.12228 ], [ 0.57917, 48.11958 ], [ 0.58289, 48.11994 ], [ 0.58219, 48.11857 ], [ 0.58013, 48.11889 ], [ 0.57958, 48.11817 ], [ 0.58504, 48.11364 ], [ 0.58425, 48.11285 ], [ 0.58664, 48.11324 ], [ 0.58731, 48.11157 ], [ 0.58435, 48.11184 ], [ 0.58321, 48.10964 ], [ 0.57938, 48.10852 ], [ 0.57596, 48.10566 ], [ 0.57528, 48.10328 ], [ 0.56863, 48.10109 ], [ 0.56833, 48.09848 ], [ 0.56698, 48.09754 ], [ 0.56296, 48.09841 ], [ 0.5613, 48.09719 ], [ 0.55507, 48.09707 ], [ 0.55207, 48.09591 ], [ 0.54786, 48.09644 ], [ 0.54505, 48.09555 ], [ 0.54289, 48.09375 ], [ 0.54402, 48.08997 ], [ 0.53931, 48.08892 ], [ 0.53621, 48.08499 ], [ 0.5312, 48.08307 ], [ 0.53165, 48.08197 ], [ 0.52949, 48.08075 ], [ 0.53041, 48.07976 ], [ 0.52785, 48.08084 ], [ 0.52789, 48.07954 ], [ 0.52619, 48.07929 ], [ 0.5268, 48.08087 ], [ 0.52383, 48.08075 ], [ 0.52533, 48.07882 ], [ 0.52145, 48.07741 ], [ 0.52044, 48.07959 ], [ 0.5201, 48.07746 ], [ 0.51617, 48.07599 ], [ 0.51563, 48.07443 ], [ 0.51497, 48.07552 ], [ 0.51328, 48.07472 ], [ 0.51307, 48.07563 ], [ 0.50848, 48.07281 ], [ 0.50632, 48.07325 ], [ 0.5042, 48.07225 ], [ 0.50283, 48.0728 ], [ 0.50299, 48.0701 ], [ 0.50114, 48.06923 ], [ 0.50103, 48.07043 ], [ 0.49986, 48.07066 ], [ 0.50039, 48.06769 ], [ 0.49934, 48.06876 ], [ 0.49696, 48.06676 ], [ 0.49444, 48.06771 ], [ 0.49443, 48.06681 ], [ 0.48974, 48.06373 ], [ 0.48302, 48.06466 ], [ 0.47714, 48.06883 ], [ 0.47486, 48.06825 ], [ 0.47396, 48.06722 ], [ 0.4749, 48.06323 ], [ 0.47079, 48.06342 ], [ 0.46917, 48.06171 ], [ 0.4643, 48.05958 ], [ 0.46105, 48.05183 ], [ 0.46287, 48.04901 ], [ 0.46241, 48.04503 ], [ 0.46093, 48.04397 ], [ 0.4601, 48.04445 ], [ 0.45834, 48.04378 ], [ 0.45734, 48.04224 ], [ 0.45505, 48.04438 ], [ 0.45373, 48.04393 ], [ 0.45152, 48.04514 ], [ 0.45055, 48.04772 ], [ 0.44762, 48.04677 ], [ 0.44782, 48.0482 ], [ 0.44346, 48.04765 ], [ 0.43902, 48.04488 ], [ 0.43481, 48.04528 ], [ 0.43282, 48.04343 ], [ 0.43041, 48.04396 ], [ 0.4279, 48.04306 ], [ 0.42405, 48.04448 ], [ 0.4216, 48.04793 ], [ 0.41975, 48.04849 ], [ 0.41828, 48.04749 ], [ 0.41794, 48.04535 ], [ 0.40831, 48.04176 ], [ 0.40425, 48.04144 ], [ 0.40163, 48.04235 ], [ 0.39942, 48.04161 ], [ 0.3942, 48.04353 ], [ 0.39227, 48.04225 ], [ 0.39316, 48.04002 ], [ 0.3908, 48.0406 ], [ 0.39088, 48.04178 ], [ 0.38828, 48.03819 ], [ 0.38584, 48.03704 ], [ 0.37303, 48.03765 ], [ 0.36629, 48.03549 ], [ 0.36239, 48.0329 ], [ 0.36009, 48.03359 ], [ 0.35802, 48.03225 ], [ 0.35595, 48.03325 ], [ 0.35449, 48.03207 ], [ 0.35192, 48.0333 ], [ 0.35052, 48.02887 ], [ 0.34679, 48.03073 ], [ 0.34473, 48.02836 ], [ 0.34464, 48.03107 ], [ 0.34346, 48.03098 ], [ 0.34251, 48.02922 ], [ 0.34017, 48.03124 ], [ 0.33933, 48.0299 ], [ 0.33537, 48.02955 ], [ 0.33512, 48.02801 ], [ 0.33356, 48.02738 ], [ 0.33059, 48.02886 ], [ 0.32827, 48.03663 ], [ 0.32573, 48.0385 ], [ 0.32076, 48.03792 ], [ 0.31036, 48.03903 ], [ 0.30694, 48.0385 ], [ 0.30545, 48.03528 ], [ 0.30846, 48.03219 ], [ 0.30556, 48.02905 ], [ 0.30173, 48.02935 ], [ 0.2981, 48.03247 ], [ 0.2984, 48.0363 ], [ 0.29343, 48.03735 ], [ 0.2907, 48.03491 ], [ 0.29055, 48.03213 ], [ 0.28313, 48.0266 ], [ 0.27764, 48.02056 ], [ 0.27569, 48.01743 ], [ 0.27514, 48.01246 ], [ 0.27127, 48.00902 ], [ 0.26432, 48.00646 ], [ 0.26262, 48.00046 ], [ 0.25824, 48.00005 ], [ 0.25559, 48.00167 ], [ 0.25115, 47.99975 ], [ 0.2476, 47.99661 ], [ 0.24298, 47.99567 ], [ 0.23913, 47.99833 ], [ 0.23655, 47.99802 ], [ 0.23731, 47.99305 ], [ 0.23889, 47.99166 ], [ 0.23833, 47.98974 ], [ 0.24118, 47.98836 ], [ 0.24077, 47.98736 ], [ 0.2391, 47.98764 ], [ 0.23791, 47.98644 ], [ 0.23646, 47.98645 ], [ 0.22987, 47.98976 ], [ 0.22609, 47.99007 ], [ 0.22023, 47.98633 ], [ 0.20506, 47.98351 ], [ 0.19965, 47.98647 ], [ 0.19272, 47.98869 ], [ 0.189, 47.99228 ], [ 0.1796, 47.99096 ] ] } },
{ "type": "Feature", "properties": { "name": "Bras de l'Huisne", "weight_class": 3, "permanent": true, "length_km": 8.3 }, "geometry": { "type": "MultiLineString", "coordinates": [ [ [ 0.23833, 47.98974 ], [ 0.23088, 47.98929 ] ], [ [ 0.26396, 48.00317 ], [ 0.25257, 48.00229 ], [ 0.25081, 47.99948 ] ], [ [ 0.51921, 48.07701 ], [ 0.51955, 48.07431 ], [ 0.51789, 48.07334 ], [ 0.51773, 48.07174 ], [ 0.51359, 48.06952 ], [ 0.51005, 48.06889 ], [ 0.50536, 48.07236 ] ], [ [ 0.57849, 48.10774 ], [ 0.58027, 48.10703 ], [ 0.57921, 48.10554 ], [ 0.57713, 48.10359 ], [ 0.57556, 48.10396 ] ], [ [ 0.57917, 48.11958 ], [ 0.57958, 48.11817 ] ], [ [ 0.58331, 48.11057 ], [ 0.58424, 48.11004 ], [ 0.58345, 48.10892 ], [ 0.58015, 48.10888 ] ], [ [ 0.65142, 48.1911 ], [ 0.6494, 48.18827 ] ], [ [ 0.6494, 48.18827 ], [ 0.64941, 48.18571 ], [ 0.65297, 48.18364 ] ], [ [ 0.6494, 48.18827 ], [ 0.65096, 48.18805 ], [ 0.65297, 48.18364 ] ], [ [ 0.65662, 48.19474 ], [ 0.65142, 48.1911 ] ], [ [ 0.65782, 48.19287 ], [ 0.65282, 48.19059 ], [ 0.65142, 48.1911 ] ], [ [ 0.65297, 48.18364 ], [ 0.65462, 48.18331 ] ] ] } },
{ "type": "Feature", "properties": { "name": "la Roche", "weight_class": 1, "permanent": true, "length_km": 2.7 }, "geometry": { "type": "LineString", "coordinates": [ [ 0.85966, 48.16766 ], [ 0.85416, 48.16492 ], [ 0.84781, 48.15928 ], [ 0.8396, 48.15924 ], [ 0.83395, 48.16113 ], [ 0.83339, 48.16225 ] ] } },
{ "type": "Feature", "properties": { "name": null, "weight_class": 1, "permanent": false, "length_km": 2.4 }, "geometry": { "type": "LineString", "coordinates": [ [ 0.88757, 48.16114 ], [ 0.88907, 48.15892 ], [ 0.90659, 48.15172 ], [ 0.91163, 48.14852 ] ] } },
{ "type": "Feature", "properties": { "name": "Ruisseau de Saint-Ulphace dit la Braye", "weight_class": 1, "permanent": true, "length_km": 4.9 }, "geometry": { "type": "LineString", "coordinates": [ [ 0.83687, 48.16725 ], [ 0.83295, 48.16425 ], [ 0.83339, 48.16225 ], [ 0.81723, 48.15712 ], [ 0.81562, 48.15471 ], [ 0.81373, 48.15522 ], [ 0.81393, 48.15394 ], [ 0.80873, 48.15125 ], [ 0.80983, 48.15034 ], [ 0.80158, 48.14665 ], [ 0.79307, 48.14528 ] ] } },
{ "type": "Feature", "properties": { "name": "la Carrelière", "weight_class": 1, "permanent": true, "length_km": 6.3 }, "geometry": { "type": "LineString", "coordinates": [ [ 0.863, 48.13964 ], [ 0.87007, 48.144 ], [ 0.87767, 48.14631 ], [ 0.89505, 48.14756 ], [ 0.90232, 48.14613 ], [ 0.90398, 48.1447 ], [ 0.90924, 48.14397 ], [ 0.91314, 48.1397 ], [ 0.92281, 48.13632 ], [ 0.92351, 48.13391 ], [ 0.92721, 48.13157 ] ] } },
{ "type": "Feature", "properties": { "name": null, "weight_class": 1, "permanent": true, "length_km": 4.5 }, "geometry": { "type": "LineString", "coordinates": [ [ 0.84599, 48.14076 ], [ 0.84384, 48.14329 ], [ 0.83847, 48.14328 ], [ 0.83793, 48.14412 ], [ 0.83101, 48.14199 ], [ 0.8246, 48.14209 ], [ 0.82109, 48.13978 ], [ 0.80991, 48.13627 ], [ 0.79726, 48.1355 ], [ 0.79586, 48.13435 ] ] } },
{ "type": "Feature", "properties": { "name": "la Petite Rivière", "weight_class": 1, "permanent": true, "length_km": 8.1 }, "geometry": { "type": "MultiLineString", "coordinates": [ [ [ 0.66136, 48.21067 ], [ 0.66418, 48.20896 ], [ 0.66364, 48.20529 ], [ 0.66148, 48.20364 ] ], [ [ 0.67766, 48.25279 ], [ 0.68141, 48.24972 ], [ 0.67844, 48.24333 ], [ 0.67289, 48.23987 ], [ 0.66849, 48.23049 ], [ 0.6627, 48.22615 ], [ 0.66081, 48.22039 ] ], [ [ 0.66081, 48.22039 ], [ 0.6581, 48.21807 ], [ 0.65738, 48.21385 ], [ 0.65937, 48.21174 ], [ 0.65914, 48.21027 ], [ 0.66046, 48.20981 ], [ 0.66136, 48.21067 ] ], [ [ 0.66081, 48.22039 ], [ 0.6595, 48.21534 ], [ 0.66174, 48.21504 ], [ 0.66136, 48.21067 ] ] ] } },
{ "type": "Feature", "properties": { "name": "Ruisseau de Courbry", "weight_class": 2, "permanent": false, "length_km": 3.5 }, "geometry": { "type": "LineString", "coordinates": [ [ 0.61141, 48.21197 ], [ 0.61329, 48.21023 ], [ 0.61978, 48.20817 ], [ 0.62447, 48.20393 ], [ 0.63001, 48.20349 ], [ 0.63272, 48.20223 ], [ 0.63485, 48.20221 ], [ 0.63656, 48.20344 ], [ 0.63791, 48.206 ], [ 0.64247, 48.20997 ] ] } },
{ "type": "Feature", "properties": { "name": "Ruisseau de la Varichaudun", "weight_class": 1, "permanent": true, "length_km": 3.0 }, "geometry": { "type": "LineString", "coordinates": [ [ 0.72295, 48.18933 ], [ 0.71208, 48.18373 ], [ 0.70411, 48.17558 ], [ 0.69556, 48.17211 ] ] } },
{ "type": "Feature", "properties": { "name": "Saint-Symphorien", "weight_class": 1, "permanent": false, "length_km": 2.1 }, "geometry": { "type": "LineString", "coordinates": [ [ 0.67968, 48.19248 ], [ 0.67724, 48.19099 ], [ 0.65575, 48.19091 ] ] } },
{ "type": "Feature", "properties": { "name": "Ruisseau du Moulin", "weight_class": 1, "permanent": false, "length_km": 2.4 }, "geometry": { "type": "LineString", "coordinates": [ [ 0.82652, 48.17439 ], [ 0.82493, 48.16671 ], [ 0.82779, 48.16424 ], [ 0.82672, 48.16158 ], [ 0.81879, 48.15755 ] ] } },
{ "type": "Feature", "properties": { "name": null, "weight_class": 1, "permanent": false, "length_km": 3.5 }, "geometry": { "type": "LineString", "coordinates": [ [ 0.64037, 48.24482 ], [ 0.6476, 48.25004 ], [ 0.65192, 48.25184 ], [ 0.65865, 48.24943 ], [ 0.66116, 48.24729 ], [ 0.66786, 48.24551 ], [ 0.67052, 48.24578 ], [ 0.67206, 48.24392 ], [ 0.67695, 48.24234 ] ] } },
{ "type": "Feature", "properties": { "name": null, "weight_class": 1, "permanent": false, "length_km": 2.8 }, "geometry": { "type": "LineString", "coordinates": [ [ 0.58632, 48.23277 ], [ 0.59301, 48.23176 ], [ 0.59954, 48.23418 ], [ 0.60313, 48.23436 ], [ 0.61169, 48.23857 ], [ 0.6131, 48.24181 ], [ 0.61556, 48.2428 ] ] } },
{ "type": "Feature", "properties": { "name": "Ruisseau le Biou", "weight_class": 1, "permanent": false, "length_km": 5.0 }, "geometry": { "type": "LineString", "coordinates": [ [ 0.69067, 48.14999 ], [ 0.68346, 48.14777 ], [ 0.67901, 48.14771 ], [ 0.67512, 48.14951 ], [ 0.67227, 48.14983 ], [ 0.66793, 48.14892 ], [ 0.66341, 48.15076 ], [ 0.6515, 48.15137 ], [ 0.63782, 48.15463 ], [ 0.63589, 48.15982 ] ] } },
{ "type": "Feature", "properties": { "name": "la Braye", "weight_class": 1, "permanent": true, "length_km": 50.8 }, "geometry": { "type": "MultiLineString", "coordinates": [ [ [ 0.70227, 47.76975 ], [ 0.69678, 47.7663 ], [ 0.68534, 47.7654 ] ], [ [ 0.74888, 47.82847 ], [ 0.74566, 47.82753 ], [ 0.74578, 47.82428 ], [ 0.73805, 47.8162 ], [ 0.74006, 47.81541 ], [ 0.73923, 47.81455 ], [ 0.74008, 47.81172 ], [ 0.7358, 47.80825 ], [ 0.73215, 47.80788 ], [ 0.72993, 47.80607 ], [ 0.72623, 47.79925 ], [ 0.7228, 47.79904 ], [ 0.72278, 47.79752 ], [ 0.71937, 47.79409 ], [ 0.72027, 47.79289 ] ], [ [ 0.77411, 47.85126 ], [ 0.77263, 47.84873 ], [ 0.77419, 47.84723 ], [ 0.76872, 47.84358 ], [ 0.76654, 47.8373 ], [ 0.76501, 47.83685 ], [ 0.764, 47.8348 ], [ 0.75883, 47.83366 ], [ 0.75757, 47.83145 ] ], [ [ 0.81341, 48.18098 ], [ 0.81113, 48.17735 ], [ 0.80257, 48.17487 ], [ 0.79491, 48.16668 ], [ 0.79085, 48.16382 ], [ 0.78822, 48.15894 ], [ 0.78659, 48.15817 ], [ 0.78535, 48.15344 ], [ 0.78654, 48.14966 ], [ 0.78886, 48.14803 ], [ 0.78872, 48.14683 ], [ 0.79309, 48.14524 ], [ 0.79001, 48.1404 ], [ 0.78307, 48.13727 ], [ 0.78016, 48.13803 ], [ 0.77554, 48.13354 ], [ 0.76743, 48.13088 ], [ 0.7665, 48.12779 ], [ 0.76813, 48.12586 ], [ 0.7676, 48.12454 ], [ 0.76328, 48.12276 ], [ 0.76161, 48.12054 ], [ 0.75769, 48.11924 ], [ 0.75538, 48.11399 ], [ 0.75187, 48.11204 ], [ 0.75136, 48.11068 ], [ 0.74929, 48.1102 ], [ 0.74689, 48.10751 ], [ 0.74471, 48.1009 ], [ 0.74986, 48.10059 ], [ 0.75062, 48.09947 ], [ 0.75021, 48.09714 ], [ 0.75283, 48.09409 ], [ 0.75152, 48.09277 ], [ 0.75203, 48.08846 ], [ 0.74829, 48.08427 ], [ 0.74517, 48.07791 ], [ 0.74255, 48.0776 ], [ 0.74226, 48.0737 ], [ 0.74011, 48.07233 ], [ 0.74, 48.07014 ], [ 0.7387, 48.06925 ], [ 0.7411, 48.06503 ], [ 0.74096, 48.06173 ], [ 0.73892, 48.05882 ], [ 0.74167, 48.05498 ], [ 0.74069, 48.0525 ], [ 0.74155, 48.04927 ], [ 0.74516, 48.04866 ], [ 0.75086, 48.04911 ], [ 0.75329, 48.0479 ], [ 0.75277, 48.04687 ], [ 0.7552, 48.04588 ], [ 0.75603, 48.04637 ], [ 0.75825, 48.04336 ], [ 0.7623, 48.04199 ], [ 0.76355, 48.0426 ], [ 0.76472, 48.04196 ], [ 0.76754, 48.04226 ], [ 0.77263, 48.04044 ], [ 0.77614, 48.04075 ], [ 0.78135, 48.03777 ], [ 0.7882, 48.03838 ], [ 0.79016, 48.0375 ], [ 0.79016, 48.03868 ], [ 0.79186, 48.03963 ], [ 0.79387, 48.03854 ], [ 0.79536, 48.03891 ], [ 0.79643, 48.03735 ], [ 0.80113, 48.03773 ] ], [ [ 0.80509, 48.03853 ], [ 0.80802, 48.03716 ], [ 0.80689, 48.03667 ], [ 0.80816, 48.03518 ], [ 0.80688, 48.03289 ], [ 0.80835, 48.03088 ], [ 0.81662, 48.02636 ], [ 0.81652, 48.02395 ], [ 0.81417, 48.02014 ], [ 0.81498, 48.01877 ], [ 0.81744, 48.01827 ], [ 0.81943, 48.01461 ], [ 0.81992, 48.01252 ], [ 0.8182, 48.00918 ], [ 0.82227, 48.00679 ], [ 0.82021, 48.00137 ], [ 0.82057, 47.99813 ], [ 0.82209, 47.99682 ], [ 0.8194, 47.9933 ], [ 0.81869, 47.98713 ], [ 0.8222, 47.98363 ] ], [ [ 0.81441, 47.89024 ], [ 0.81184, 47.88852 ] ], [ [ 0.8166, 47.89185 ], [ 0.81446, 47.89036 ] ], [ [ 0.81073, 48.18599 ], [ 0.81304, 48.18165 ] ], [ [ 0.82497, 47.98082 ], [ 0.82559, 47.97963 ], [ 0.82429, 47.97788 ], [ 0.82814, 47.9723 ] ], [ [ 0.8346, 47.97064 ], [ 0.83773, 47.9683 ], [ 0.83791, 47.96288 ], [ 0.84106, 47.9606 ] ], [ [ 0.84205, 47.95965 ], [ 0.84127, 47.9574 ], [ 0.84401, 47.95583 ] ], [ [ 0.8453, 47.95393 ], [ 0.84388, 47.95164 ], [ 0.84461, 47.94876 ], [ 0.84532, 47.94747 ], [ 0.84937, 47.94727 ], [ 0.84878, 47.94428 ] ] ] } },
{ "type": "Feature", "properties": { "name": "Ruisseau de Jault", "weight_class": 1, "permanent": true, "length_km": 3.7 }, "geometry": { "type": "MultiLineString", "coordinates": [ [ [ 0.7067, 48.21881 ], [ 0.70415, 48.21909 ], [ 0.70239, 48.22246 ], [ 0.69841, 48.22365 ], [ 0.69309, 48.22382 ], [ 0.68414, 48.22902 ], [ 0.68062, 48.22816 ], [ 0.67699, 48.22983 ] ], [ [ 0.71567, 48.21481 ], [ 0.71216, 48.21487 ], [ 0.7095, 48.21814 ] ] ] } },
{ "type": "Feature", "properties": { "name": null, "weight_class": 1, "permanent": false, "length_km": 3.0 }, "geometry": { "type": "LineString", "coordinates": [ [ 0.59393, 48.22837 ], [ 0.59686, 48.22809 ], [ 0.6028, 48.23089 ], [ 0.6097, 48.23212 ], [ 0.61254, 48.23397 ], [ 0.61763, 48.23409 ], [ 0.62036, 48.23597 ], [ 0.62819, 48.23664 ] ] } },
{ "type": "Feature", "properties": { "name": null, "weight_class": 1, "permanent": false, "length_km": 3.5 }, "geometry": { "type": "LineString", "coordinates": [ [ 0.70068, 48.19018 ], [ 0.69748, 48.188 ], [ 0.69655, 48.18582 ], [ 0.69202, 48.18319 ], [ 0.67524, 48.17648 ], [ 0.67319, 48.17694 ], [ 0.66565, 48.17476 ] ] } },
{ "type": "Feature", "properties": { "name": "Ruisseau de Grenasy", "weight_class": 1, "permanent": true, "length_km": 5.3 }, "geometry": { "type": "LineString", "coordinates": [ [ 0.72176, 48.20251 ], [ 0.71538, 48.20133 ], [ 0.71299, 48.20314 ], [ 0.70573, 48.20482 ], [ 0.70263, 48.20454 ], [ 0.69999, 48.20307 ], [ 0.69663, 48.20495 ], [ 0.6945, 48.20782 ], [ 0.68883, 48.21017 ], [ 0.68785, 48.21216 ], [ 0.68456, 48.21303 ], [ 0.68001, 48.2168 ], [ 0.67252, 48.21809 ], [ 0.66751, 48.22006 ] ] } },
{ "type": "Feature", "properties": { "name": "le Gradon", "weight_class": 1, "permanent": true, "length_km": 10.4 }, "geometry": { "type": "LineString", "coordinates": [ [ 0.73367, 48.13545 ], [ 0.73478, 48.13832 ], [ 0.73335, 48.14165 ], [ 0.72737, 48.14551 ], [ 0.7269, 48.14891 ], [ 0.72356, 48.15023 ], [ 0.72282, 48.15417 ], [ 0.71999, 48.15719 ], [ 0.71502, 48.15918 ], [ 0.71228, 48.16166 ], [ 0.70153, 48.16246 ], [ 0.69573, 48.16214 ], [ 0.69281, 48.16111 ], [ 0.68266, 48.16309 ], [ 0.67873, 48.16469 ], [ 0.67379, 48.16431 ], [ 0.67095, 48.16649 ], [ 0.66592, 48.16744 ], [ 0.65626, 48.16619 ], [ 0.65221, 48.16658 ], [ 0.64441, 48.16328 ], [ 0.64078, 48.16059 ], [ 0.63835, 48.16099 ] ] } },
{ "type": "Feature", "properties": { "name": "le Valmer", "weight_class": 1, "permanent": true, "length_km": 10.7 }, "geometry": { "type": "LineString", "coordinates": [ [ 0.75711, 48.17251 ], [ 0.75488, 48.17517 ], [ 0.75057, 48.17665 ], [ 0.74289, 48.1771 ], [ 0.73921, 48.17392 ], [ 0.73815, 48.17401 ], [ 0.73007, 48.17706 ], [ 0.72816, 48.17877 ], [ 0.72273, 48.17767 ], [ 0.71162, 48.17012 ], [ 0.70611, 48.16855 ], [ 0.70301, 48.16883 ], [ 0.7022, 48.16981 ], [ 0.69777, 48.1706 ], [ 0.69503, 48.17214 ], [ 0.69138, 48.17169 ], [ 0.68956, 48.17054 ], [ 0.6763, 48.16915 ], [ 0.67123, 48.17076 ], [ 0.66519, 48.17535 ], [ 0.65227, 48.17471 ], [ 0.64823, 48.17571 ], [ 0.64688, 48.17457 ], [ 0.64435, 48.17567 ] ] } },
{ "type": "Feature", "properties": { "name": "Bras de la Braye", "weight_class": 3, "permanent": true, "length_km": 15.3 }, "geometry": { "type": "MultiLineString", "coordinates": [ [ [ 0.7038, 47.76776 ], [ 0.70175, 47.76652 ], [ 0.70078, 47.76716 ], [ 0.69801, 47.76608 ], [ 0.69813, 47.76476 ], [ 0.69503, 47.76366 ], [ 0.69278, 47.76464 ], [ 0.69127, 47.7639 ], [ 0.68878, 47.76554 ] ], [ [ 0.74515, 47.82254 ], [ 0.74346, 47.8221 ] ], [ [ 0.74091, 48.06462 ], [ 0.74201, 48.06162 ], [ 0.74031, 48.06032 ] ], [ [ 0.75205, 48.09163 ], [ 0.74642, 48.08963 ], [ 0.74652, 48.08535 ], [ 0.74135, 48.08108 ], [ 0.73961, 48.07716 ], [ 0.74195, 48.07409 ] ], [ [ 0.77143, 47.84528 ], [ 0.77105, 47.84634 ], [ 0.76968, 47.84601 ], [ 0.76824, 47.84483 ], [ 0.76889, 47.84378 ] ], [ [ 0.76761, 48.12682 ], [ 0.75837, 48.11977 ] ], [ [ 0.76885, 48.04133 ], [ 0.76899, 48.03953 ], [ 0.77807, 48.03923 ] ], [ [ 0.77717, 48.13457 ], [ 0.77682, 48.13275 ], [ 0.77105, 48.13126 ], [ 0.76716, 48.12907 ] ], [ [ 0.79071, 48.14245 ], [ 0.78859, 48.14152 ], [ 0.78764, 48.13929 ] ], [ [ 0.80245, 48.1747 ], [ 0.79966, 48.17395 ], [ 0.79732, 48.17136 ], [ 0.79829, 48.17071 ] ], [ [ 0.81016, 48.02989 ], [ 0.81354, 48.0273 ], [ 0.81458, 48.02187 ] ], [ [ 0.81906, 47.98937 ], [ 0.81875, 47.98915 ] ], [ [ 0.82115, 48.00504 ], [ 0.8222, 48.00078 ], [ 0.82127, 47.99998 ], [ 0.82346, 47.99732 ], [ 0.82144, 47.99412 ], [ 0.82067, 47.98981 ] ], [ [ 0.82814, 47.9723 ], [ 0.82962, 47.97067 ], [ 0.83361, 47.97081 ] ], [ [ 0.83463, 47.97062 ], [ 0.83437, 47.96864 ], [ 0.83272, 47.96745 ], [ 0.8359, 47.96564 ], [ 0.83838, 47.96234 ] ] ] } },
{ "type": "Feature", "properties": { "name": "Ruisseau de la Pinellière", "weight_class": 1, "permanent": true, "length_km": 6.6 }, "geometry": { "type": "LineString", "coordinates": [ [ 0.84358, 48.1213 ], [ 0.84415, 48.12443 ], [ 0.83746, 48.12731 ], [ 0.83391, 48.1261 ], [ 0.8288, 48.12592 ], [ 0.81684, 48.12206 ], [ 0.81133, 48.12251 ], [ 0.80477, 48.12535 ], [ 0.80176, 48.1289 ], [ 0.79892, 48.1301 ], [ 0.79595, 48.13432 ], [ 0.79186, 48.13425 ], [ 0.79008, 48.13329 ], [ 0.78969, 48.13443 ], [ 0.77838, 48.13583 ] ] } },
{ "type": "Feature", "properties": { "name": "Ruisseau de Mouchet", "weight_class": 1, "permanent": true, "length_km": 6.2 }, "geometry": { "type": "LineString", "coordinates": [ [ 0.71267, 48.09858 ], [ 0.7128, 48.09972 ], [ 0.70719, 48.10401 ], [ 0.70684, 48.10626 ], [ 0.70162, 48.10847 ], [ 0.69927, 48.11055 ], [ 0.69914, 48.11253 ], [ 0.69433, 48.11664 ], [ 0.68874, 48.11601 ], [ 0.68095, 48.11987 ], [ 0.67908, 48.12889 ], [ 0.67712, 48.13231 ], [ 0.67278, 48.1358 ] ] } },
{ "type": "Feature", "properties": { "name": "Ruisseau le Grand Bian", "weight_class": 1, "permanent": true, "length_km": 4.6 }, "geometry": { "type": "LineString", "coordinates": [ [ 0.5972, 48.1465 ], [ 0.60045, 48.14385 ], [ 0.59086, 48.1383 ], [ 0.58816, 48.13857 ], [ 0.58521, 48.13726 ], [ 0.57572, 48.12808 ], [ 0.57588, 48.1192 ], [ 0.57946, 48.11691 ], [ 0.58043, 48.11719 ] ] } },
{ "type": "Feature", "properties": { "name": "Ruisseau le Biou", "weight_class": 1, "permanent": true, "length_km": 2.1 }, "geometry": { "type": "LineString", "coordinates": [ [ 0.62721, 48.15478 ], [ 0.61904, 48.15044 ], [ 0.61628, 48.14726 ], [ 0.60634, 48.14297 ] ] } },
{ "type": "Feature", "properties": { "name": "Ruisseau de Vaufargis", "weight_class": 1, "permanent": true, "length_km": 2.5 }, "geometry": { "type": "LineString", "coordinates": [ [ 0.83848, 48.10818 ], [ 0.83563, 48.10669 ], [ 0.83204, 48.10706 ], [ 0.83, 48.10608 ], [ 0.82225, 48.10747 ], [ 0.8185, 48.10988 ], [ 0.81683, 48.11583 ] ] } },
{ "type": "Feature", "properties": { "name": "Ruisseau de la Brétoire", "weight_class": 1, "permanent": false, "length_km": 4.3 }, "geometry": { "type": "LineString", "coordinates": [ [ 0.79754, 48.09756 ], [ 0.79695, 48.09545 ], [ 0.79429, 48.09297 ], [ 0.78562, 48.08852 ], [ 0.78123, 48.08992 ], [ 0.78077, 48.09127 ], [ 0.77857, 48.09128 ], [ 0.77028, 48.08835 ], [ 0.7625, 48.08987 ], [ 0.75197, 48.0883 ] ] } },
{ "type": "Feature", "properties": { "name": "Ruisseau de la Chererie", "weight_class": 1, "permanent": true, "length_km": 4.7 }, "geometry": { "type": "LineString", "coordinates": [ [ 0.65639, 48.11441 ], [ 0.65595, 48.11551 ], [ 0.64696, 48.11664 ], [ 0.63798, 48.11997 ], [ 0.62799, 48.11624 ], [ 0.62279, 48.11728 ], [ 0.61485, 48.11529 ], [ 0.60937, 48.11615 ], [ 0.60714, 48.11887 ], [ 0.60359, 48.11922 ] ] } },
{ "type": "Feature", "properties": { "name": "Ruisseau du Ponteau", "weight_class": 1, "permanent": true, "length_km": 2.5 }, "geometry": { "type": "LineString", "coordinates": [ [ 0.71104, 48.07775 ], [ 0.71922, 48.07485 ], [ 0.72972, 48.07825 ], [ 0.74017, 48.07546 ] ] } },
{ "type": "Feature", "properties": { "name": "le Pignard", "weight_class": 1, "permanent": false, "length_km": 2.4 }, "geometry": { "type": "LineString", "coordinates": [ [ 0.56283, 48.14327 ], [ 0.56076, 48.14072 ], [ 0.56052, 48.13724 ], [ 0.56489, 48.13401 ], [ 0.57038, 48.13216 ], [ 0.57389, 48.13295 ], [ 0.57858, 48.13031 ] ] } },
{ "type": "Feature", "properties": { "name": "Ruisseau de la Quellerie", "weight_class": 1, "permanent": true, "length_km": 3.0 }, "geometry": { "type": "LineString", "coordinates": [ [ 0.57532, 48.07828 ], [ 0.57632, 48.07486 ], [ 0.57516, 48.07316 ], [ 0.56627, 48.06795 ], [ 0.55569, 48.06411 ], [ 0.55194, 48.06045 ] ] } },
{ "type": "Feature", "properties": { "name": null, "weight_class": 1, "permanent": false, "length_km": 2.2 }, "geometry": { "type": "LineString", "coordinates": [ [ 0.697, 48.14838 ], [ 0.691, 48.14586 ], [ 0.69216, 48.14045 ], [ 0.68938, 48.13948 ], [ 0.6882, 48.13738 ], [ 0.68324, 48.13482 ] ] } },
{ "type": "Feature", "properties": { "name": "le Bretêche", "weight_class": 1, "permanent": true, "length_km": 6.5 }, "geometry": { "type": "LineString", "coordinates": [ [ 0.83827, 48.11343 ], [ 0.83435, 48.11268 ], [ 0.83116, 48.11467 ], [ 0.82157, 48.11411 ], [ 0.81366, 48.11713 ], [ 0.79697, 48.11453 ], [ 0.78328, 48.12205 ], [ 0.77727, 48.12367 ], [ 0.77732, 48.12481 ], [ 0.77431, 48.12744 ], [ 0.76767, 48.12937 ] ] } },
{ "type": "Feature", "properties": { "name": "la Queune", "weight_class": 1, "permanent": true, "length_km": 12.2 }, "geometry": { "type": "LineString", "coordinates": [ [ 0.71636, 48.1255 ], [ 0.70282, 48.13334 ], [ 0.69642, 48.13398 ], [ 0.68776, 48.13263 ], [ 0.68436, 48.13305 ], [ 0.68384, 48.13456 ], [ 0.68028, 48.13533 ], [ 0.66634, 48.13658 ], [ 0.66485, 48.13583 ], [ 0.66086, 48.13613 ], [ 0.6537, 48.13352 ], [ 0.64857, 48.13336 ], [ 0.64348, 48.12964 ], [ 0.63841, 48.12744 ], [ 0.63226, 48.12797 ], [ 0.62899, 48.12721 ], [ 0.62555, 48.125 ], [ 0.61465, 48.12219 ], [ 0.61069, 48.12032 ], [ 0.60234, 48.11882 ], [ 0.59629, 48.1194 ], [ 0.58761, 48.11739 ], [ 0.5866, 48.11325 ] ] } },
{ "type": "Feature", "properties": { "name": null, "weight_class": 1, "permanent": false, "length_km": 2.3 }, "geometry": { "type": "LineString", "coordinates": [ [ 0.83848, 48.09224 ], [ 0.83972, 48.0905 ], [ 0.84331, 48.08936 ], [ 0.8449, 48.08648 ], [ 0.84546, 48.08418 ], [ 0.84361, 48.07627 ], [ 0.84449, 48.07385 ] ] } },
{ "type": "Feature", "properties": { "name": null, "weight_class": 1, "permanent": false, "length_km": 2.8 }, "geometry": { "type": "LineString", "coordinates": [ [ 0.77727, 48.11771 ], [ 0.77319, 48.11625 ], [ 0.76916, 48.11644 ], [ 0.76131, 48.11457 ], [ 0.75908, 48.11345 ], [ 0.75969, 48.11259 ], [ 0.75709, 48.10907 ], [ 0.75015, 48.11032 ] ] } },
{ "type": "Feature", "properties": { "name": null, "weight_class": 1, "permanent": true, "length_km": 2.4 }, "geometry": { "type": "LineString", "coordinates": [ [ 0.77405, 48.10092 ], [ 0.76163, 48.10125 ], [ 0.75208, 48.09146 ] ] } },
{ "type": "Feature", "properties": { "name": null, "weight_class": 1, "permanent": true, "length_km": 2.0 }, "geometry": { "type": "LineString", "coordinates": [ [ 0.73259, 48.11832 ], [ 0.73532, 48.11687 ], [ 0.73544, 48.1135 ], [ 0.74185, 48.10976 ], [ 0.74598, 48.1098 ], [ 0.74689, 48.10751 ] ] } },
{ "type": "Feature", "properties": { "name": null, "weight_class": 1, "permanent": true, "length_km": 2.3 }, "geometry": { "type": "LineString", "coordinates": [ [ 0.66601, 48.09811 ], [ 0.66821, 48.09645 ], [ 0.66461, 48.09236 ], [ 0.6502, 48.09032 ], [ 0.64977, 48.09108 ], [ 0.64732, 48.09079 ] ] } },
{ "type": "Feature", "properties": { "name": "la Mitonnière", "weight_class": 1, "permanent": true, "length_km": 10.5 }, "geometry": { "type": "LineString", "coordinates": [ [ 0.68775, 48.0752 ], [ 0.67891, 48.07938 ], [ 0.65895, 48.08342 ], [ 0.65889, 48.08454 ], [ 0.65376, 48.08774 ], [ 0.64799, 48.08922 ], [ 0.64691, 48.0915 ], [ 0.64468, 48.0929 ], [ 0.64012, 48.09361 ], [ 0.63938, 48.09267 ], [ 0.63407, 48.09692 ], [ 0.62866, 48.09712 ], [ 0.62668, 48.09826 ], [ 0.61907, 48.09924 ], [ 0.61894, 48.09996 ], [ 0.61405, 48.10049 ], [ 0.61079, 48.10215 ], [ 0.60453, 48.10304 ], [ 0.59656, 48.10778 ], [ 0.59703, 48.11293 ], [ 0.60005, 48.11689 ], [ 0.59976, 48.11909 ] ] } },
{ "type": "Feature", "properties": { "name": null, "weight_class": 1, "permanent": false, "length_km": 2.1 }, "geometry": { "type": "LineString", "coordinates": [ [ 0.65071, 48.10645 ], [ 0.64618, 48.10841 ], [ 0.64177, 48.11486 ], [ 0.63488, 48.11568 ], [ 0.63145, 48.11704 ] ] } },
{ "type": "Feature", "properties": { "name": null, "weight_class": 1, "permanent": false, "length_km": 2.9 }, "geometry": { "type": "LineString", "coordinates": [ [ 0.79875, 48.07931 ], [ 0.79213, 48.08067 ], [ 0.78609, 48.07908 ], [ 0.78327, 48.07711 ], [ 0.77389, 48.07699 ], [ 0.76351, 48.07264 ] ] } },
{ "type": "Feature", "properties": { "name": null, "weight_class": 1, "permanent": false, "length_km": 3.0 }, "geometry": { "type": "LineString", "coordinates": [ [ 0.70297, 48.06211 ], [ 0.70861, 48.06123 ], [ 0.72694, 48.06684 ], [ 0.72363, 48.07019 ], [ 0.72231, 48.07556 ] ] } },
{ "type": "Feature", "properties": { "name": "le Maineau", "weight_class": 1, "permanent": true, "length_km": 6.1 }, "geometry": { "type": "LineString", "coordinates": [ [ 0.8083, 48.07124 ], [ 0.80278, 48.07158 ], [ 0.79444, 48.06945 ], [ 0.7916, 48.07061 ], [ 0.7881, 48.06978 ], [ 0.77792, 48.07134 ], [ 0.77167, 48.07035 ], [ 0.76351, 48.07264 ], [ 0.75948, 48.07142 ], [ 0.74494, 48.07065 ], [ 0.7409, 48.0687 ], [ 0.74129, 48.0644 ] ] } },
{ "type": "Feature", "properties": { "name": null, "weight_class": 1, "permanent": false, "length_km": 2.2 }, "geometry": { "type": "LineString", "coordinates": [ [ 0.64921, 48.07389 ], [ 0.64977, 48.08345 ], [ 0.64821, 48.08513 ], [ 0.64433, 48.08614 ], [ 0.64397, 48.09114 ] ] } },
{ "type": "Feature", "properties": { "name": null, "weight_class": 1, "permanent": false, "length_km": 2.2 }, "geometry": { "type": "LineString", "coordinates": [ [ 0.67822, 48.06348 ], [ 0.67422, 48.0587 ], [ 0.67071, 48.05778 ], [ 0.66861, 48.05464 ], [ 0.66631, 48.0539 ], [ 0.66208, 48.05463 ], [ 0.65677, 48.05408 ] ] } },
{ "type": "Feature", "properties": { "name": null, "weight_class": 1, "permanent": true, "length_km": 5.3 }, "geometry": { "type": "LineString", "coordinates": [ [ 0.62135, 48.06324 ], [ 0.61364, 48.063 ], [ 0.60474, 48.05728 ], [ 0.59725, 48.05829 ], [ 0.59423, 48.05766 ], [ 0.5898, 48.05975 ], [ 0.58877, 48.06181 ], [ 0.58122, 48.0655 ], [ 0.57721, 48.06207 ], [ 0.57072, 48.06193 ], [ 0.56522, 48.0594 ] ] } },
{ "type": "Feature", "properties": { "name": null, "weight_class": 1, "permanent": false, "length_km": 2.2 }, "geometry": { "type": "MultiLineString", "coordinates": [ [ [ 0.79597, 48.05452 ], [ 0.79672, 48.05132 ], [ 0.79344, 48.04851 ], [ 0.79499, 48.04629 ] ], [ [ 0.79508, 48.04617 ], [ 0.79776, 48.04273 ], [ 0.79724, 48.03723 ] ] ] } },
{ "type": "Feature", "properties": { "name": null, "weight_class": 1, "permanent": true, "length_km": 2.1 }, "geometry": { "type": "LineString", "coordinates": [ [ 0.77486, 48.05289 ], [ 0.77804, 48.05134 ], [ 0.78393, 48.04238 ], [ 0.78367, 48.04084 ], [ 0.78011, 48.03918 ], [ 0.78035, 48.03814 ] ] } },
{ "type": "Feature", "properties": { "name": null, "weight_class": 1, "permanent": false, "length_km": 3.0 }, "geometry": { "type": "LineString", "coordinates": [ [ 0.69393, 48.05599 ], [ 0.71057, 48.05133 ], [ 0.72445, 48.05638 ], [ 0.7252, 48.05948 ] ] } },
{ "type": "Feature", "properties": { "name": null, "weight_class": 1, "permanent": false, "length_km": 2.6 }, "geometry": { "type": "LineString", "coordinates": [ [ 0.69981, 48.04096 ], [ 0.71173, 48.03712 ], [ 0.71503, 48.035 ], [ 0.71649, 48.03217 ], [ 0.72785, 48.02928 ] ] } },
{ "type": "Feature", "properties": { "name": "la Tortaigne", "weight_class": 1, "permanent": false, "length_km": 8.0 }, "geometry": { "type": "LineString", "coordinates": [ [ 0.67687, 48.04365 ], [ 0.67411, 48.04225 ], [ 0.67077, 48.0423 ], [ 0.66818, 48.04566 ], [ 0.66347, 48.04808 ], [ 0.66001, 48.04875 ], [ 0.6589, 48.05258 ], [ 0.65677, 48.05408 ], [ 0.64794, 48.05398 ], [ 0.6387, 48.05578 ], [ 0.6339, 48.05408 ], [ 0.6308, 48.05083 ], [ 0.62459, 48.0509 ], [ 0.61464, 48.05201 ], [ 0.60989, 48.05501 ], [ 0.60355, 48.05727 ], [ 0.59383, 48.0562 ] ] } },
{ "type": "Feature", "properties": { "name": "la Longuève", "weight_class": 1, "permanent": false, "length_km": 16.7 }, "geometry": { "type": "LineString", "coordinates": [ [ 0.66611, 48.00206 ], [ 0.66303, 48.00807 ], [ 0.6631, 48.01155 ], [ 0.65607, 48.01321 ], [ 0.65278, 48.01922 ], [ 0.65252, 48.02454 ], [ 0.64464, 48.03078 ], [ 0.64534, 48.03131 ], [ 0.64381, 48.03247 ], [ 0.6399, 48.03318 ], [ 0.6373, 48.03473 ], [ 0.63596, 48.03721 ], [ 0.62805, 48.03837 ], [ 0.62596, 48.04038 ], [ 0.62447, 48.04016 ], [ 0.62086, 48.04278 ], [ 0.61784, 48.04335 ], [ 0.61588, 48.04607 ], [ 0.61259, 48.04776 ], [ 0.59615, 48.0527 ], [ 0.59181, 48.05628 ], [ 0.57539, 48.05626 ], [ 0.56529, 48.05928 ], [ 0.56474, 48.05874 ], [ 0.55952, 48.05995 ], [ 0.54942, 48.0591 ], [ 0.54208, 48.05429 ], [ 0.54193, 48.05283 ], [ 0.53936, 48.05066 ], [ 0.53225, 48.04946 ] ] } },
{ "type": "Feature", "properties": { "name": "Bras de la Sarthe", "weight_class": 1, "permanent": false, "length_km": 32.7 }, "geometry": { "type": "MultiLineString", "coordinates": [ [ [ -0.38711, 47.80426 ], [ -0.38556, 47.80464 ], [ -0.38383, 47.80138 ], [ -0.38498, 47.80067 ] ], [ [ -0.38577, 47.80249 ], [ -0.38616, 47.80202 ] ], [ [ -0.38524, 47.79867 ], [ -0.38368, 47.79794 ] ], [ [ -0.22367, 47.85745 ], [ -0.2265, 47.85558 ], [ -0.22815, 47.8518 ] ], [ [ -0.17053, 47.831 ], [ -0.17406, 47.83087 ], [ -0.17743, 47.82963 ] ], [ [ -0.09444, 47.87148 ], [ -0.09748, 47.8595 ], [ -0.09891, 47.85792 ] ], [ [ -0.08592, 47.81726 ], [ -0.0935, 47.81498 ] ], [ [ -0.04895, 47.8806 ], [ -0.04742, 47.87847 ], [ -0.04947, 47.87659 ], [ -0.04931, 47.87238 ], [ -0.05248, 47.87068 ], [ -0.0575, 47.87213 ], [ -0.06511, 47.87863 ], [ -0.07287, 47.88132 ], [ -0.07265, 47.88215 ] ], [ [ 0.02934, 47.89051 ], [ 0.0276, 47.89532 ] ], [ [ 0.01353, 48.2851 ], [ 0.01641, 48.28358 ], [ 0.01634, 48.28179 ] ], [ [ 0.10389, 47.88888 ], [ 0.10248, 47.89072 ], [ 0.09115, 47.8946 ], [ 0.08675, 47.89387 ], [ 0.07598, 47.88925 ] ], [ [ 0.09736, 47.88347 ], [ 0.09451, 47.88205 ], [ 0.08374, 47.88202 ], [ 0.0775, 47.88609 ] ], [ [ 0.09736, 47.88347 ], [ 0.09877, 47.87873 ], [ 0.0938, 47.87397 ] ], [ [ 0.10389, 47.88888 ], [ 0.09942, 47.88628 ], [ 0.09736, 47.88347 ] ], [ [ 0.12764, 47.897 ], [ 0.11799, 47.89106 ], [ 0.10389, 47.88888 ] ], [ [ 0.11026, 48.20295 ], [ 0.11225, 48.20022 ] ], [ [ 0.1135, 48.2104 ], [ 0.11462, 48.20953 ], [ 0.11393, 48.20807 ], [ 0.11274, 48.20751 ], [ 0.11095, 48.20818 ] ], [ [ 0.13, 48.22356 ], [ 0.12538, 48.22192 ] ], [ [ 0.15863, 47.9156 ], [ 0.15364, 47.91711 ], [ 0.14357, 47.91225 ] ], [ [ 0.13023, 48.23854 ], [ 0.13232, 48.23581 ] ], [ [ 0.14898, 48.23304 ], [ 0.1485, 48.23224 ], [ 0.15223, 48.2291 ], [ 0.14985, 48.22611 ], [ 0.13439, 48.22493 ] ], [ [ 0.16693, 47.98189 ], [ 0.16055, 47.97706 ], [ 0.16035, 47.9752 ] ], [ [ 0.19001, 48.00174 ], [ 0.18859, 47.99875 ], [ 0.18477, 47.99592 ] ], [ [ 0.18842, 48.11751 ], [ 0.18561, 48.11441 ] ], [ [ 0.20405, 48.46974 ], [ 0.20496, 48.46854 ], [ 0.19879, 48.46653 ], [ 0.19875, 48.4655 ], [ 0.19651, 48.46446 ] ], [ [ 0.25008, 48.4743 ], [ 0.24769, 48.47416 ] ], [ [ 0.27899, 48.47815 ], [ 0.27707, 48.47777 ], [ 0.27009, 48.48016 ], [ 0.26314, 48.479 ], [ 0.26153, 48.47945 ] ], [ [ 0.27899, 48.47815 ], [ 0.27465, 48.47932 ] ], [ [ 0.28861, 48.47832 ], [ 0.28692, 48.47816 ], [ 0.28589, 48.47928 ], [ 0.28457, 48.47846 ], [ 0.28371, 48.47931 ], [ 0.28047, 48.47905 ], [ 0.28028, 48.47828 ], [ 0.27934, 48.47804 ], [ 0.27899, 48.47815 ] ], [ [ 0.2887, 48.47851 ], [ 0.28861, 48.47832 ] ], [ [ 0.29247, 48.47842 ], [ 0.29155, 48.47804 ], [ 0.28861, 48.47832 ] ], [ [ 0.30334, 48.47657 ], [ 0.30225, 48.47856 ], [ 0.30022, 48.47952 ], [ 0.30058, 48.48058 ], [ 0.29606, 48.4804 ], [ 0.29205, 48.47873 ] ], [ [ 0.30588, 48.47141 ], [ 0.30316, 48.47302 ], [ 0.30235, 48.47606 ], [ 0.30334, 48.47657 ] ], [ [ 0.30655, 48.47527 ], [ 0.30406, 48.47518 ], [ 0.30334, 48.47657 ] ], [ [ 0.31259, 48.47314 ], [ 0.31022, 48.47199 ], [ 0.30902, 48.47263 ], [ 0.30925, 48.47433 ], [ 0.30787, 48.47432 ] ] ] } },
{ "type": "Feature", "properties": { "name": "Rivière l'Orne Saosnoise", "weight_class": 2, "permanent": true, "length_km": 22.0 }, "geometry": { "type": "MultiLineString", "coordinates": [ [ [ 0.20478, 48.16641 ], [ 0.20406, 48.16364 ], [ 0.20553, 48.16099 ] ], [ [ 0.2263, 48.18287 ], [ 0.21959, 48.18274 ], [ 0.21498, 48.1803 ], [ 0.21206, 48.17981 ] ], [ [ 0.2263, 48.18287 ], [ 0.2267, 48.18424 ] ], [ [ 0.22952, 48.18295 ], [ 0.22671, 48.18265 ], [ 0.2263, 48.18287 ] ], [ [ 0.27221, 48.20135 ], [ 0.26988, 48.19957 ], [ 0.26438, 48.19902 ], [ 0.26368, 48.19805 ], [ 0.25849, 48.19647 ], [ 0.25505, 48.19336 ], [ 0.25394, 48.1904 ], [ 0.25117, 48.1895 ], [ 0.24892, 48.18736 ], [ 0.24659, 48.18698 ], [ 0.24373, 48.18368 ], [ 0.24006, 48.18245 ], [ 0.23644, 48.18325 ] ], [ [ 0.30333, 48.21725 ], [ 0.30178, 48.21214 ], [ 0.30281, 48.20995 ], [ 0.3001, 48.20912 ], [ 0.29886, 48.20758 ], [ 0.296, 48.20622 ], [ 0.28667, 48.20448 ], [ 0.28021, 48.20138 ], [ 0.2725, 48.20132 ] ], [ [ 0.29333, 48.21134 ], [ 0.28829, 48.20686 ] ], [ [ 0.30333, 48.21725 ], [ 0.30008, 48.21539 ], [ 0.29908, 48.21265 ], [ 0.29428, 48.20987 ] ], [ [ 0.30361, 48.21762 ], [ 0.30333, 48.21725 ] ], [ [ 0.33964, 48.2371 ], [ 0.33566, 48.23083 ], [ 0.3315, 48.22786 ], [ 0.32954, 48.22808 ], [ 0.32701, 48.22655 ], [ 0.32498, 48.22695 ], [ 0.32005, 48.22526 ], [ 0.31898, 48.22566 ] ], [ [ 0.37184, 48.24465 ], [ 0.37171, 48.24728 ], [ 0.368, 48.24819 ], [ 0.36608, 48.24777 ] ], [ [ 0.42469, 48.26992 ], [ 0.41807, 48.26794 ], [ 0.41544, 48.26414 ] ], [ [ 0.43353, 48.27633 ], [ 0.43392, 48.27516 ], [ 0.43148, 48.27232 ], [ 0.42527, 48.27035 ] ], [ [ 0.42811, 48.31175 ], [ 0.42886, 48.30642 ], [ 0.43274, 48.30206 ], [ 0.43216, 48.2976 ], [ 0.43001, 48.2958 ], [ 0.43023, 48.29439 ] ], [ [ 0.43213, 48.29302 ], [ 0.43418, 48.29043 ], [ 0.4374, 48.28991 ], [ 0.43753, 48.2878 ], [ 0.44073, 48.28475 ] ], [ [ 0.44073, 48.28475 ], [ 0.4392, 48.28002 ], [ 0.43735, 48.27796 ], [ 0.4346, 48.27695 ] ], [ [ 0.44073, 48.28475 ], [ 0.43895, 48.28415 ] ] ] } },
{ "type": "Feature", "properties": { "name": "Ruisseau de la Cassotière", "weight_class": 1, "permanent": false, "length_km": 4.4 }, "geometry": { "type": "LineString", "coordinates": [ [ 0.24694, 48.42124 ], [ 0.24361, 48.43104 ], [ 0.23844, 48.43803 ], [ 0.23399, 48.43858 ], [ 0.23127, 48.43782 ], [ 0.23039, 48.43946 ], [ 0.22862, 48.43979 ], [ 0.22767, 48.43891 ], [ 0.21127, 48.44127 ] ] } },
{ "type": "Feature", "properties": { "name": "Ruisseau de Vallée Létrie", "weight_class": 1, "permanent": false, "length_km": 4.4 }, "geometry": { "type": "LineString", "coordinates": [ [ 0.28421, 48.41347 ], [ 0.2801, 48.40882 ], [ 0.28034, 48.40477 ], [ 0.27731, 48.40001 ], [ 0.27428, 48.3976 ], [ 0.27454, 48.39551 ], [ 0.27635, 48.39444 ], [ 0.27552, 48.39155 ], [ 0.27748, 48.3878 ], [ 0.27674, 48.38125 ], [ 0.27489, 48.3775 ] ] } },
{ "type": "Feature", "properties": { "name": "la Pervenche", "weight_class": 1, "permanent": true, "length_km": 8.2 }, "geometry": { "type": "MultiLineString", "coordinates": [ [ [ 0.35265, 48.45972 ], [ 0.34697, 48.45861 ], [ 0.34406, 48.45938 ], [ 0.33432, 48.46405 ], [ 0.33192, 48.46737 ], [ 0.32204, 48.47229 ] ], [ [ 0.36138, 48.45361 ], [ 0.35955, 48.45345 ], [ 0.35839, 48.45649 ], [ 0.35412, 48.45865 ] ], [ [ 0.36829, 48.44176 ], [ 0.36618, 48.44343 ], [ 0.36569, 48.44599 ], [ 0.36408, 48.44641 ], [ 0.3657, 48.44889 ], [ 0.3642, 48.45079 ] ], [ [ 0.36816, 48.43777 ], [ 0.36753, 48.44105 ] ], [ [ 0.38262, 48.42513 ], [ 0.3788, 48.4265 ], [ 0.37332, 48.43385 ], [ 0.37107, 48.43465 ], [ 0.37088, 48.43674 ] ] ] } },
{ "type": "Feature", "properties": { "name": "les Livrées", "weight_class": 1, "permanent": true, "length_km": 4.0 }, "geometry": { "type": "LineString", "coordinates": [ [ 0.31328, 48.46444 ], [ 0.3107, 48.46376 ], [ 0.30777, 48.46533 ], [ 0.30608, 48.46683 ], [ 0.30669, 48.46733 ], [ 0.30332, 48.46922 ], [ 0.30269, 48.47155 ], [ 0.29679, 48.47288 ], [ 0.29622, 48.47542 ], [ 0.28914, 48.47706 ], [ 0.2817, 48.47684 ], [ 0.28028, 48.47828 ] ] } },
{ "type": "Feature", "properties": { "name": "le Chédouet", "weight_class": 1, "permanent": true, "length_km": 8.0 }, "geometry": { "type": "LineString", "coordinates": [ [ 0.28065, 48.4237 ], [ 0.26884, 48.42724 ], [ 0.26519, 48.42978 ], [ 0.26226, 48.43289 ], [ 0.26322, 48.43841 ], [ 0.25858, 48.44259 ], [ 0.25882, 48.44467 ], [ 0.26072, 48.44502 ], [ 0.26557, 48.45341 ], [ 0.27415, 48.46177 ], [ 0.26709, 48.46779 ], [ 0.26728, 48.47559 ], [ 0.26314, 48.479 ] ] } },
{ "type": "Feature", "properties": { "name": null, "weight_class": 1, "permanent": false, "length_km": 3.6 }, "geometry": { "type": "LineString", "coordinates": [ [ 0.31711, 48.44127 ], [ 0.31935, 48.44307 ], [ 0.31829, 48.44452 ], [ 0.32322, 48.44932 ], [ 0.32851, 48.4513 ], [ 0.32901, 48.45591 ], [ 0.32828, 48.4579 ], [ 0.31997, 48.45795 ], [ 0.31504, 48.46058 ] ] } },
{ "type": "Feature", "properties": { "name": null, "weight_class": 1, "permanent": true, "length_km": 2.7 }, "geometry": { "type": "LineString", "coordinates": [ [ 0.33896, 48.43649 ], [ 0.34323, 48.43941 ], [ 0.3383, 48.44368 ], [ 0.33816, 48.44644 ], [ 0.34574, 48.45002 ], [ 0.34801, 48.45486 ] ] } },
{ "type": "Feature", "properties": { "name": "le Saint Loup", "weight_class": 1, "permanent": true, "length_km": 7.1 }, "geometry": { "type": "LineString", "coordinates": [ [ 0.30316, 48.4145 ], [ 0.30571, 48.41518 ], [ 0.31411, 48.41455 ], [ 0.31826, 48.41694 ], [ 0.32176, 48.41753 ], [ 0.32483, 48.41968 ], [ 0.32751, 48.42497 ], [ 0.32639, 48.43345 ], [ 0.32829, 48.43732 ], [ 0.33133, 48.43977 ], [ 0.33173, 48.44453 ], [ 0.33498, 48.44821 ], [ 0.34855, 48.45525 ], [ 0.35065, 48.4589 ] ] } },
{ "type": "Feature", "properties": { "name": "la Tournerie", "weight_class": 1, "permanent": true, "length_km": 4.4 }, "geometry": { "type": "LineString", "coordinates": [ [ 0.29037, 48.43751 ], [ 0.29186, 48.44638 ], [ 0.29038, 48.44913 ], [ 0.29169, 48.45159 ], [ 0.29086, 48.45449 ], [ 0.29509, 48.45682 ], [ 0.29549, 48.4643 ], [ 0.298, 48.47272 ] ] } },
{ "type": "Feature", "properties": { "name": "Ruisseau du Boulay", "weight_class": 1, "permanent": true, "length_km": 5.8 }, "geometry": { "type": "LineString", "coordinates": [ [ 0.3006, 48.43009 ], [ 0.29897, 48.4368 ], [ 0.29997, 48.4383 ], [ 0.29953, 48.44403 ], [ 0.30492, 48.44951 ], [ 0.30926, 48.45033 ], [ 0.31045, 48.45256 ], [ 0.30983, 48.45489 ], [ 0.31568, 48.45837 ], [ 0.31499, 48.46065 ], [ 0.31216, 48.46182 ], [ 0.31293, 48.46664 ], [ 0.30752, 48.46922 ], [ 0.30785, 48.47055 ] ] } },
{ "type": "Feature", "properties": { "name": null, "weight_class": 1, "permanent": false, "length_km": 2.0 }, "geometry": { "type": "LineString", "coordinates": [ [ 0.23504, 48.44895 ], [ 0.2314, 48.45812 ], [ 0.22707, 48.45863 ], [ 0.22279, 48.46249 ] ] } },
{ "type": "Feature", "properties": { "name": null, "weight_class": 1, "permanent": true, "length_km": 3.1 }, "geometry": { "type": "LineString", "coordinates": [ [ 0.34331, 48.41449 ], [ 0.34513, 48.41751 ], [ 0.35544, 48.42133 ], [ 0.36564, 48.42762 ], [ 0.36972, 48.42819 ], [ 0.37448, 48.43146 ] ] } },
{ "type": "Feature", "properties": { "name": "Ruisseau de la Gastine", "weight_class": 1, "permanent": true, "length_km": 3.7 }, "geometry": { "type": "LineString", "coordinates": [ [ 0.3353, 48.41963 ], [ 0.33993, 48.42347 ], [ 0.345, 48.4253 ], [ 0.34974, 48.43126 ], [ 0.3521, 48.4316 ], [ 0.35653, 48.43435 ], [ 0.36085, 48.43393 ], [ 0.36086, 48.4348 ], [ 0.3653, 48.43632 ], [ 0.36549, 48.43834 ], [ 0.3678, 48.43772 ] ] } },
{ "type": "Feature", "properties": { "name": null, "weight_class": 1, "permanent": true, "length_km": 6.6 }, "geometry": { "type": "LineString", "coordinates": [ [ 0.28034, 48.41686 ], [ 0.27839, 48.4171 ], [ 0.27288, 48.4145 ], [ 0.27044, 48.4115 ], [ 0.26523, 48.41127 ], [ 0.26472, 48.40837 ], [ 0.26093, 48.40658 ], [ 0.25369, 48.39752 ], [ 0.25618, 48.39233 ], [ 0.26143, 48.38834 ], [ 0.25921, 48.38148 ], [ 0.25741, 48.37954 ], [ 0.2579, 48.37731 ], [ 0.26061, 48.37367 ], [ 0.26361, 48.37318 ] ] } },
{ "type": "Feature", "properties": { "name": null, "weight_class": 1, "permanent": false, "length_km": 4.1 }, "geometry": { "type": "LineString", "coordinates": [ [ 0.29015, 48.40954 ], [ 0.2898, 48.40533 ], [ 0.28791, 48.40246 ], [ 0.28953, 48.39913 ], [ 0.29451, 48.39705 ], [ 0.29273, 48.3948 ], [ 0.29562, 48.39204 ], [ 0.29675, 48.3876 ], [ 0.29546, 48.3865 ], [ 0.29571, 48.38438 ], [ 0.29084, 48.38137 ], [ 0.29119, 48.37948 ] ] } },
{ "type": "Feature", "properties": { "name": null, "weight_class": 1, "permanent": false, "length_km": 4.1 }, "geometry": { "type": "LineString", "coordinates": [ [ 0.28995, 48.41681 ], [ 0.29356, 48.42205 ], [ 0.29982, 48.42421 ], [ 0.30253, 48.42792 ], [ 0.30766, 48.42832 ], [ 0.31173, 48.4318 ], [ 0.3191, 48.43384 ], [ 0.32154, 48.43555 ], [ 0.32483, 48.43564 ], [ 0.3256, 48.43661 ], [ 0.32771, 48.43617 ] ] } },
{ "type": "Feature", "properties": { "name": null, "weight_class": 1, "permanent": true, "length_km": 2.2 }, "geometry": { "type": "LineString", "coordinates": [ [ 0.24038, 48.42264 ], [ 0.2344, 48.43154 ], [ 0.22956, 48.43669 ], [ 0.22701, 48.43765 ], [ 0.22767, 48.43891 ] ] } },
{ "type": "Feature", "properties": { "name": null, "weight_class": 1, "permanent": false, "length_km": 2.8 }, "geometry": { "type": "LineString", "coordinates": [ [ 0.23254, 48.41573 ], [ 0.24262, 48.4068 ], [ 0.24579, 48.4048 ], [ 0.24935, 48.4049 ], [ 0.2536, 48.39726 ] ] } },
{ "type": "Feature", "properties": { "name": null, "weight_class": 1, "permanent": true, "length_km": 2.6 }, "geometry": { "type": "LineString", "coordinates": [ [ 0.23022, 48.42211 ], [ 0.2292, 48.4252 ], [ 0.23129, 48.42921 ], [ 0.2305, 48.43051 ], [ 0.22465, 48.43286 ], [ 0.21826, 48.43354 ], [ 0.21862, 48.43452 ], [ 0.21227, 48.43478 ] ] } },
{ "type": "Feature", "properties": { "name": "l'Orne Saosnoise", "weight_class": 3, "permanent": true, "length_km": 37.3 }, "geometry": { "type": "MultiLineString", "coordinates": [ [ [ 0.38713, 48.24558 ], [ 0.38646, 48.24445 ], [ 0.38152, 48.24239 ], [ 0.37527, 48.24227 ], [ 0.37125, 48.24475 ], [ 0.37037, 48.24644 ], [ 0.36577, 48.24781 ], [ 0.3641, 48.24423 ], [ 0.36141, 48.24249 ], [ 0.35645, 48.24136 ], [ 0.35187, 48.23878 ], [ 0.34384, 48.23898 ], [ 0.33798, 48.23683 ], [ 0.3339, 48.23227 ], [ 0.32858, 48.22873 ], [ 0.31929, 48.22584 ], [ 0.31549, 48.22284 ], [ 0.31106, 48.22153 ], [ 0.30814, 48.21823 ], [ 0.30078, 48.21729 ], [ 0.29801, 48.21424 ], [ 0.29491, 48.21348 ], [ 0.29322, 48.21198 ], [ 0.29499, 48.20703 ], [ 0.29091, 48.20606 ], [ 0.28711, 48.20695 ], [ 0.27737, 48.20608 ], [ 0.27311, 48.20388 ], [ 0.2725, 48.20132 ], [ 0.26767, 48.20272 ], [ 0.2672, 48.20189 ], [ 0.26408, 48.20134 ], [ 0.25618, 48.20079 ], [ 0.25115, 48.19067 ], [ 0.24343, 48.1852 ], [ 0.23153, 48.18256 ], [ 0.22404, 48.18545 ], [ 0.21179, 48.18189 ], [ 0.21211, 48.17994 ], [ 0.2107, 48.17822 ], [ 0.20656, 48.17763 ], [ 0.20507, 48.17616 ], [ 0.20526, 48.16918 ], [ 0.20438, 48.16866 ], [ 0.20465, 48.16651 ], [ 0.20626, 48.16517 ], [ 0.20646, 48.16193 ], [ 0.20502, 48.15988 ], [ 0.21076, 48.15441 ], [ 0.20623, 48.1522 ], [ 0.20344, 48.15228 ], [ 0.20302, 48.15124 ], [ 0.19994, 48.15232 ], [ 0.19816, 48.15112 ], [ 0.19814, 48.14948 ], [ 0.19369, 48.15044 ], [ 0.18717, 48.14894 ], [ 0.18535, 48.14583 ], [ 0.18516, 48.13779 ] ], [ [ 0.42714, 48.31281 ], [ 0.42563, 48.30781 ], [ 0.42644, 48.30503 ], [ 0.43071, 48.30281 ], [ 0.43123, 48.30147 ], [ 0.42915, 48.2954 ], [ 0.4318, 48.29386 ], [ 0.43287, 48.28892 ], [ 0.43821, 48.28559 ], [ 0.43877, 48.28093 ], [ 0.43742, 48.27871 ], [ 0.43161, 48.27557 ], [ 0.42443, 48.26975 ], [ 0.41677, 48.26849 ], [ 0.41507, 48.26626 ], [ 0.41669, 48.26131 ], [ 0.41466, 48.2587 ], [ 0.40854, 48.25685 ], [ 0.40374, 48.25286 ], [ 0.39916, 48.25082 ], [ 0.39561, 48.24735 ], [ 0.39211, 48.24683 ] ] ] } },
{ "type": "Feature", "properties": { "name": "le Rutin", "weight_class": 1, "permanent": true, "length_km": 9.8 }, "geometry": { "type": "LineString", "coordinates": [ [ 0.33609, 48.38648 ], [ 0.33774, 48.38248 ], [ 0.33554, 48.38094 ], [ 0.32783, 48.37862 ], [ 0.32814, 48.37469 ], [ 0.32644, 48.37094 ], [ 0.32765, 48.3692 ], [ 0.32471, 48.36459 ], [ 0.32722, 48.36312 ], [ 0.327, 48.36002 ], [ 0.32929, 48.35914 ], [ 0.32958, 48.35727 ], [ 0.33469, 48.35341 ], [ 0.33977, 48.35112 ], [ 0.3408, 48.34604 ], [ 0.34777, 48.34024 ], [ 0.34723, 48.33902 ], [ 0.35468, 48.33442 ], [ 0.35647, 48.33193 ], [ 0.36378, 48.32933 ], [ 0.37676, 48.32875 ] ] } },
{ "type": "Feature", "properties": { "name": "la Bienne", "weight_class": 1, "permanent": true, "length_km": 32.2 }, "geometry": { "type": "LineString", "coordinates": [ [ 0.30974, 48.40983 ], [ 0.31124, 48.40826 ], [ 0.30843, 48.40441 ], [ 0.30863, 48.39963 ], [ 0.31209, 48.39402 ], [ 0.31059, 48.3886 ], [ 0.30717, 48.38513 ], [ 0.30065, 48.38388 ], [ 0.29494, 48.38047 ], [ 0.29119, 48.37948 ], [ 0.28435, 48.37818 ], [ 0.28193, 48.37861 ], [ 0.28007, 48.3775 ], [ 0.27729, 48.37806 ], [ 0.27054, 48.37734 ], [ 0.26748, 48.37819 ], [ 0.26353, 48.37608 ], [ 0.26518, 48.36927 ], [ 0.25889, 48.35881 ], [ 0.24762, 48.35158 ], [ 0.24075, 48.34902 ], [ 0.23795, 48.34426 ], [ 0.2348, 48.34315 ], [ 0.23377, 48.33885 ], [ 0.2289, 48.33408 ], [ 0.23074, 48.33167 ], [ 0.22945, 48.33012 ], [ 0.2257, 48.32893 ], [ 0.22672, 48.32666 ], [ 0.22594, 48.32607 ], [ 0.22419, 48.32622 ], [ 0.22391, 48.32537 ], [ 0.21818, 48.32405 ], [ 0.2166, 48.32241 ], [ 0.21082, 48.32251 ], [ 0.20345, 48.32119 ], [ 0.20213, 48.31908 ], [ 0.20437, 48.31707 ], [ 0.20569, 48.3127 ], [ 0.1996, 48.30617 ], [ 0.19286, 48.30561 ], [ 0.18634, 48.30131 ], [ 0.18527, 48.29634 ], [ 0.17921, 48.29331 ], [ 0.1789, 48.29014 ], [ 0.18058, 48.28946 ], [ 0.17982, 48.28741 ], [ 0.17766, 48.2868 ], [ 0.17626, 48.285 ], [ 0.1766, 48.28293 ], [ 0.17481, 48.28297 ], [ 0.17127, 48.28581 ], [ 0.16325, 48.28454 ], [ 0.16204, 48.28172 ], [ 0.15744, 48.28286 ], [ 0.15502, 48.27988 ], [ 0.15111, 48.27827 ], [ 0.14768, 48.27887 ], [ 0.14551, 48.28134 ], [ 0.14144, 48.28088 ], [ 0.13923, 48.27974 ], [ 0.13666, 48.28042 ], [ 0.13516, 48.27798 ], [ 0.1365, 48.2773 ], [ 0.13399, 48.27366 ], [ 0.13474, 48.27182 ], [ 0.13317, 48.27068 ], [ 0.13413, 48.2675 ], [ 0.13248, 48.26716 ], [ 0.128, 48.26955 ], [ 0.12541, 48.26944 ], [ 0.12344, 48.2661 ], [ 0.12434, 48.26401 ], [ 0.12046, 48.26266 ], [ 0.11734, 48.26292 ], [ 0.11618, 48.2608 ], [ 0.11909, 48.25892 ], [ 0.11231, 48.25723 ], [ 0.11094, 48.25554 ], [ 0.11158, 48.25422 ] ] } },
{ "type": "Feature", "properties": { "name": "la Dive", "weight_class": 1, "permanent": true, "length_km": 20.1 }, "geometry": { "type": "LineString", "coordinates": [ [ 0.36641, 48.37853 ], [ 0.36615, 48.37325 ], [ 0.37041, 48.36654 ], [ 0.37196, 48.36571 ], [ 0.3724, 48.3601 ], [ 0.37496, 48.35729 ], [ 0.37334, 48.35454 ], [ 0.37414, 48.35156 ], [ 0.37226, 48.34694 ], [ 0.37299, 48.34042 ], [ 0.37761, 48.33237 ], [ 0.37676, 48.32875 ], [ 0.38386, 48.3246 ], [ 0.38654, 48.3211 ], [ 0.38637, 48.31859 ], [ 0.39171, 48.31585 ], [ 0.39282, 48.31416 ], [ 0.39182, 48.31169 ], [ 0.39275, 48.3091 ], [ 0.38908, 48.30569 ], [ 0.38615, 48.3048 ], [ 0.38137, 48.30023 ], [ 0.37284, 48.29594 ], [ 0.37394, 48.28439 ], [ 0.38165, 48.27736 ], [ 0.38669, 48.2746 ], [ 0.3872, 48.27233 ], [ 0.38542, 48.26911 ], [ 0.3692, 48.26043 ], [ 0.36869, 48.25844 ], [ 0.36218, 48.25332 ], [ 0.35966, 48.24576 ], [ 0.35703, 48.24459 ], [ 0.35484, 48.24128 ], [ 0.34758, 48.23901 ] ] } },
{ "type": "Feature", "properties": { "name": "la Saosnette", "weight_class": 1, "permanent": true, "length_km": 11.5 }, "geometry": { "type": "LineString", "coordinates": [ [ 0.29159, 48.35175 ], [ 0.2926, 48.34413 ], [ 0.29506, 48.34161 ], [ 0.29656, 48.33781 ], [ 0.30213, 48.3329 ], [ 0.30058, 48.33195 ], [ 0.29117, 48.32898 ], [ 0.28905, 48.32955 ], [ 0.27895, 48.32459 ], [ 0.26983, 48.32486 ], [ 0.25722, 48.32266 ], [ 0.25268, 48.32024 ], [ 0.24608, 48.31424 ], [ 0.24257, 48.31293 ], [ 0.23659, 48.31245 ], [ 0.23049, 48.3098 ], [ 0.2226, 48.31024 ], [ 0.21475, 48.30883 ], [ 0.21089, 48.30934 ], [ 0.20132, 48.30723 ] ] } },
{ "type": "Feature", "properties": { "name": null, "weight_class": 1, "permanent": false, "length_km": 3.0 }, "geometry": { "type": "LineString", "coordinates": [ [ 0.27786, 48.37553 ], [ 0.26577, 48.37193 ], [ 0.26636, 48.36846 ], [ 0.26142, 48.35869 ], [ 0.25626, 48.35736 ] ] } },
{ "type": "Feature", "properties": { "name": null, "weight_class": 1, "permanent": true, "length_km": 2.2 }, "geometry": { "type": "LineString", "coordinates": [ [ 0.22563, 48.36962 ], [ 0.22951, 48.366 ], [ 0.23587, 48.36454 ], [ 0.23791, 48.36309 ], [ 0.23981, 48.36269 ], [ 0.24408, 48.36414 ], [ 0.24897, 48.36292 ] ] } },
{ "type": "Feature", "properties": { "name": "l'Argenson", "weight_class": 1, "permanent": true, "length_km": 2.8 }, "geometry": { "type": "LineString", "coordinates": [ [ 0.44708, 48.30632 ], [ 0.45179, 48.30189 ], [ 0.44775, 48.29684 ], [ 0.44356, 48.28687 ], [ 0.44073, 48.28475 ] ] } },
{ "type": "Feature", "properties": { "name": "Ruisseau des Beilles", "weight_class": 1, "permanent": false, "length_km": 2.9 }, "geometry": { "type": "LineString", "coordinates": [ [ 0.21378, 48.45328 ], [ 0.21512, 48.45645 ], [ 0.21428, 48.45821 ], [ 0.21806, 48.46158 ], [ 0.22025, 48.46216 ], [ 0.21372, 48.46805 ], [ 0.20502, 48.46862 ] ] } },
{ "type": "Feature", "properties": { "name": "Ruisseau du Moulin du Bois", "weight_class": 1, "permanent": true, "length_km": 3.3 }, "geometry": { "type": "LineString", "coordinates": [ [ 0.18979, 48.42701 ], [ 0.18958, 48.42878 ], [ 0.18717, 48.43061 ], [ 0.19015, 48.4365 ], [ 0.19072, 48.44431 ], [ 0.19424, 48.4449 ], [ 0.1943, 48.44572 ], [ 0.19095, 48.44703 ], [ 0.19204, 48.45111 ] ] } },
{ "type": "Feature", "properties": { "name": "Ruisseau le Rosay Nord", "weight_class": 1, "permanent": true, "length_km": 3.6 }, "geometry": { "type": "MultiLineString", "coordinates": [ [ [ 0.08552, 48.27924 ], [ 0.08155, 48.27751 ], [ 0.08094, 48.27552 ] ], [ [ 0.09031, 48.26493 ], [ 0.08642, 48.26157 ], [ 0.08514, 48.25815 ] ], [ [ 0.11999, 48.32972 ], [ 0.11998, 48.32562 ], [ 0.11618, 48.32098 ] ], [ [ 0.12705, 48.33836 ], [ 0.12784, 48.33379 ], [ 0.12385, 48.33257 ] ] ] } },
{ "type": "Feature", "properties": { "name": null, "weight_class": 1, "permanent": true, "length_km": 5.8 }, "geometry": { "type": "LineString", "coordinates": [ [ 0.22694, 48.41269 ], [ 0.22354, 48.41385 ], [ 0.21883, 48.41257 ], [ 0.21696, 48.41466 ], [ 0.2105, 48.41704 ], [ 0.20066, 48.41804 ], [ 0.1978, 48.4213 ], [ 0.19637, 48.42149 ], [ 0.19578, 48.42577 ], [ 0.19784, 48.42628 ], [ 0.19341, 48.43353 ], [ 0.19366, 48.4417 ], [ 0.19526, 48.44276 ], [ 0.19424, 48.4449 ] ] } },
{ "type": "Feature", "properties": { "name": "le Sarthon", "weight_class": 1, "permanent": true, "length_km": 6.8 }, "geometry": { "type": "LineString", "coordinates": [ [ 0.21575, 48.4203 ], [ 0.21258, 48.42674 ], [ 0.20985, 48.42921 ], [ 0.21322, 48.43629 ], [ 0.20997, 48.4396 ], [ 0.21127, 48.44127 ], [ 0.21012, 48.44145 ], [ 0.20909, 48.44347 ], [ 0.20845, 48.44817 ], [ 0.20408, 48.44933 ], [ 0.20325, 48.45051 ], [ 0.19694, 48.4517 ], [ 0.19234, 48.45102 ], [ 0.1843, 48.45153 ], [ 0.18104, 48.45027 ], [ 0.17728, 48.4519 ], [ 0.17622, 48.45093 ], [ 0.17362, 48.45084 ] ] } },
{ "type": "Feature", "properties": { "name": "le Sort", "weight_class": 1, "permanent": false, "length_km": 5.9 }, "geometry": { "type": "LineString", "coordinates": [ [ 0.16229, 48.41155 ], [ 0.15753, 48.40888 ], [ 0.15088, 48.40893 ], [ 0.14138, 48.40737 ], [ 0.13239, 48.40939 ], [ 0.13172, 48.41124 ], [ 0.12664, 48.40973 ], [ 0.12059, 48.41224 ], [ 0.11959, 48.41927 ], [ 0.11691, 48.42134 ], [ 0.11261, 48.42142 ], [ 0.10646, 48.4266 ] ] } },
{ "type": "Feature", "properties": { "name": "le Chandon", "weight_class": 1, "permanent": false, "length_km": 10.1 }, "geometry": { "type": "LineString", "coordinates": [ [ 0.20594, 48.40076 ], [ 0.20013, 48.40107 ], [ 0.19646, 48.40243 ], [ 0.19552, 48.4071 ], [ 0.19753, 48.40982 ], [ 0.1978, 48.41346 ], [ 0.19171, 48.41899 ], [ 0.18995, 48.41878 ], [ 0.18797, 48.42293 ], [ 0.18449, 48.42422 ], [ 0.1723, 48.42213 ], [ 0.16717, 48.42483 ], [ 0.1619, 48.42352 ], [ 0.15731, 48.42608 ], [ 0.14851, 48.42873 ], [ 0.14455, 48.42802 ], [ 0.13661, 48.42431 ], [ 0.12826, 48.42845 ], [ 0.11946, 48.42952 ], [ 0.11155, 48.43237 ] ] } },
{ "type": "Feature", "properties": { "name": "le Gesnes", "weight_class": 1, "permanent": true, "length_km": 4.7 }, "geometry": { "type": "LineString", "coordinates": [ [ 0.07225, 48.37427 ], [ 0.07999, 48.37912 ], [ 0.08004, 48.38186 ], [ 0.08339, 48.38657 ], [ 0.08355, 48.39529 ], [ 0.08025, 48.40438 ], [ 0.08365, 48.40748 ], [ 0.08228, 48.40934 ], [ 0.08348, 48.41027 ] ] } },
{ "type": "Feature", "properties": { "name": "la Semelle", "weight_class": 1, "permanent": true, "length_km": 16.7 }, "geometry": { "type": "LineString", "coordinates": [ [ 0.192, 48.37904 ], [ 0.19361, 48.37826 ], [ 0.19612, 48.37317 ], [ 0.20553, 48.36846 ], [ 0.20553, 48.36403 ], [ 0.18835, 48.35851 ], [ 0.18017, 48.35741 ], [ 0.17112, 48.35341 ], [ 0.16165, 48.35094 ], [ 0.1524, 48.34404 ], [ 0.15192, 48.33935 ], [ 0.15074, 48.33809 ], [ 0.1524, 48.33459 ], [ 0.15168, 48.32849 ], [ 0.149, 48.32528 ], [ 0.14753, 48.319 ], [ 0.14512, 48.31555 ], [ 0.14594, 48.31387 ], [ 0.14095, 48.30912 ], [ 0.13188, 48.3053 ], [ 0.12507, 48.28854 ], [ 0.12526, 48.28602 ], [ 0.1229, 48.28344 ], [ 0.12443, 48.27863 ], [ 0.12114, 48.27401 ], [ 0.12194, 48.27259 ], [ 0.12688, 48.27085 ], [ 0.12582, 48.26961 ] ] } },
{ "type": "Feature", "properties": { "name": null, "weight_class": 1, "permanent": true, "length_km": 4.5 }, "geometry": { "type": "LineString", "coordinates": [ [ 0.19087, 48.3858 ], [ 0.19605, 48.38476 ], [ 0.20654, 48.37834 ], [ 0.21525, 48.37554 ], [ 0.21829, 48.37294 ], [ 0.22634, 48.37243 ], [ 0.23536, 48.37326 ], [ 0.24274, 48.37184 ] ] } },
{ "type": "Feature", "properties": { "name": "le Vieille Ville", "weight_class": 1, "permanent": false, "length_km": 6.6 }, "geometry": { "type": "LineString", "coordinates": [ [ 0.19928, 48.39376 ], [ 0.20222, 48.39097 ], [ 0.20682, 48.38956 ], [ 0.21174, 48.38645 ], [ 0.21717, 48.38557 ], [ 0.22108, 48.3838 ], [ 0.22424, 48.38389 ], [ 0.23115, 48.37953 ], [ 0.23607, 48.37936 ], [ 0.23733, 48.37793 ], [ 0.24068, 48.37702 ], [ 0.24297, 48.37443 ], [ 0.24244, 48.37225 ], [ 0.2436, 48.37041 ], [ 0.24672, 48.36848 ], [ 0.24654, 48.36504 ], [ 0.24965, 48.3621 ], [ 0.2539, 48.36132 ], [ 0.25585, 48.35719 ] ] } },
{ "type": "Feature", "properties": { "name": null, "weight_class": 1, "permanent": true, "length_km": 4.1 }, "geometry": { "type": "LineString", "coordinates": [ [ 0.22639, 48.40504 ], [ 0.22746, 48.40117 ], [ 0.23048, 48.3995 ], [ 0.235, 48.39855 ], [ 0.23507, 48.39691 ], [ 0.23787, 48.39521 ], [ 0.23837, 48.39283 ], [ 0.2406, 48.39071 ], [ 0.25386, 48.38629 ], [ 0.25516, 48.38501 ], [ 0.25482, 48.38226 ], [ 0.25759, 48.37979 ] ] } },
{ "type": "Feature", "properties": { "name": null, "weight_class": 1, "permanent": true, "length_km": 4.4 }, "geometry": { "type": "LineString", "coordinates": [ [ 0.14332, 48.37861 ], [ 0.1398, 48.37836 ], [ 0.13105, 48.3752 ], [ 0.12754, 48.37047 ], [ 0.12647, 48.36632 ], [ 0.12789, 48.36046 ], [ 0.12685, 48.35684 ], [ 0.12973, 48.34761 ] ] } },
{ "type": "Feature", "properties": { "name": "le Rosay Nord", "weight_class": 1, "permanent": true, "length_km": 21.0 }, "geometry": { "type": "MultiLineString", "coordinates": [ [ [ 0.12385, 48.33257 ], [ 0.11986, 48.32966 ], [ 0.11941, 48.32619 ], [ 0.11608, 48.32243 ], [ 0.11523, 48.31846 ], [ 0.11374, 48.31768 ], [ 0.11472, 48.31555 ], [ 0.11337, 48.3152 ], [ 0.1106, 48.31129 ], [ 0.11119, 48.30583 ], [ 0.1131, 48.30283 ], [ 0.10658, 48.29781 ], [ 0.08933, 48.28882 ], [ 0.08812, 48.28664 ], [ 0.08942, 48.28488 ], [ 0.09162, 48.28427 ], [ 0.09171, 48.28115 ], [ 0.08926, 48.27938 ], [ 0.08552, 48.27924 ], [ 0.08094, 48.27552 ], [ 0.08229, 48.27279 ], [ 0.08116, 48.27144 ], [ 0.08182, 48.27016 ], [ 0.08982, 48.26737 ], [ 0.09095, 48.26634 ], [ 0.09031, 48.26492 ], [ 0.09316, 48.26408 ], [ 0.09327, 48.2626 ], [ 0.09611, 48.26178 ], [ 0.09792, 48.25885 ], [ 0.11082, 48.25475 ] ], [ [ 0.17813, 48.38928 ], [ 0.17345, 48.38921 ], [ 0.17319, 48.38809 ], [ 0.16922, 48.38681 ], [ 0.16023, 48.38008 ], [ 0.15708, 48.37191 ], [ 0.15428, 48.37127 ], [ 0.15132, 48.36854 ], [ 0.14722, 48.36706 ], [ 0.14544, 48.36392 ], [ 0.13988, 48.36216 ], [ 0.13465, 48.35895 ], [ 0.13058, 48.3548 ], [ 0.12902, 48.35523 ], [ 0.12818, 48.35272 ], [ 0.13084, 48.34859 ], [ 0.12678, 48.34267 ], [ 0.12705, 48.33836 ] ] ] } },
{ "type": "Feature", "properties": { "name": null, "weight_class": 1, "permanent": false, "length_km": 3.7 }, "geometry": { "type": "LineString", "coordinates": [ [ 0.11728, 48.38298 ], [ 0.11742, 48.38549 ], [ 0.11907, 48.38567 ], [ 0.12152, 48.38906 ], [ 0.1297, 48.3919 ], [ 0.13124, 48.39884 ], [ 0.13463, 48.40189 ], [ 0.13222, 48.40535 ], [ 0.13239, 48.40939 ] ] } },
{ "type": "Feature", "properties": { "name": null, "weight_class": 1, "permanent": true, "length_km": 5.7 }, "geometry": { "type": "LineString", "coordinates": [ [ 0.02456, 48.36905 ], [ 0.02999, 48.37269 ], [ 0.03168, 48.37496 ], [ 0.03617, 48.37655 ], [ 0.04282, 48.37498 ], [ 0.04604, 48.37559 ], [ 0.05331, 48.3795 ], [ 0.06069, 48.37977 ], [ 0.06243, 48.38094 ], [ 0.06248, 48.38306 ], [ 0.06467, 48.384 ], [ 0.07307, 48.38585 ], [ 0.07879, 48.3847 ], [ 0.08307, 48.38713 ] ] } },
{ "type": "Feature", "properties": { "name": "le Bécherel", "weight_class": 1, "permanent": false, "length_km": 3.1 }, "geometry": { "type": "LineString", "coordinates": [ [ 0.20506, 48.35311 ], [ 0.20998, 48.34991 ], [ 0.21312, 48.34895 ], [ 0.21513, 48.3493 ], [ 0.2227, 48.34573 ], [ 0.22891, 48.33861 ], [ 0.22973, 48.3358 ], [ 0.22892, 48.33413 ] ] } },
{ "type": "Feature", "properties": { "name": null, "weight_class": 1, "permanent": false, "length_km": 5.5 }, "geometry": { "type": "LineString", "coordinates": [ [ 0.19462, 48.34739 ], [ 0.19638, 48.3449 ], [ 0.19588, 48.34368 ], [ 0.189, 48.33832 ], [ 0.182, 48.32518 ], [ 0.18109, 48.31931 ], [ 0.17727, 48.3168 ], [ 0.17848, 48.31441 ], [ 0.17795, 48.31144 ], [ 0.18679, 48.30501 ] ] } },
{ "type": "Feature", "properties": { "name": null, "weight_class": 1, "permanent": false, "length_km": 2.5 }, "geometry": { "type": "LineString", "coordinates": [ [ 0.2144, 48.36126 ], [ 0.2311, 48.35611 ], [ 0.2327, 48.35358 ], [ 0.24073, 48.34893 ] ] } },
{ "type": "Feature", "properties": { "name": null, "weight_class": 1, "permanent": true, "length_km": 2.2 }, "geometry": { "type": "LineString", "coordinates": [ [ 0.17847, 48.37452 ], [ 0.17843, 48.3693 ], [ 0.18236, 48.36621 ], [ 0.18494, 48.36086 ], [ 0.184, 48.35778 ] ] } },
{ "type": "Feature", "properties": { "name": null, "weight_class": 1, "permanent": true, "length_km": 2.7 }, "geometry": { "type": "LineString", "coordinates": [ [ 0.10366, 48.35082 ], [ 0.11163, 48.35113 ], [ 0.11408, 48.34906 ], [ 0.11386, 48.34779 ], [ 0.12502, 48.34347 ], [ 0.12447, 48.33856 ] ] } },
{ "type": "Feature", "properties": { "name": null, "weight_class": 1, "permanent": false, "length_km": 2.1 }, "geometry": { "type": "LineString", "coordinates": [ [ 0.10356, 48.37321 ], [ 0.11337, 48.3743 ], [ 0.11714, 48.37257 ], [ 0.11985, 48.36938 ], [ 0.12692, 48.36812 ] ] } },
{ "type": "Feature", "properties": { "name": null, "weight_class": 1, "permanent": true, "length_km": 5.1 }, "geometry": { "type": "LineString", "coordinates": [ [ 0.08281, 48.36166 ], [ 0.08405, 48.35993 ], [ 0.08202, 48.35225 ], [ 0.0845, 48.34954 ], [ 0.08594, 48.34284 ], [ 0.08907, 48.34022 ], [ 0.09202, 48.33512 ], [ 0.0898, 48.33181 ], [ 0.0908, 48.33066 ], [ 0.09089, 48.32438 ], [ 0.08834, 48.32245 ], [ 0.08557, 48.32191 ] ] } },
{ "type": "Feature", "properties": { "name": null, "weight_class": 1, "permanent": false, "length_km": 2.9 }, "geometry": { "type": "LineString", "coordinates": [ [ 0.06391, 48.35924 ], [ 0.0735, 48.34806 ], [ 0.07392, 48.34344 ], [ 0.07242, 48.3394 ], [ 0.07484, 48.337 ] ] } },
{ "type": "Feature", "properties": { "name": null, "weight_class": 1, "permanent": false, "length_km": 2.4 }, "geometry": { "type": "LineString", "coordinates": [ [ 0.04083, 48.35928 ], [ 0.04687, 48.3521 ], [ 0.05083, 48.3512 ], [ 0.06155, 48.34471 ] ] } },
{ "type": "Feature", "properties": { "name": "Ruisseau de Villette", "weight_class": 1, "permanent": true, "length_km": 15.2 }, "geometry": { "type": "LineString", "coordinates": [ [ -0.00674, 48.35248 ], [ -0.00261, 48.35292 ], [ 0.00178, 48.35477 ], [ 0.00461, 48.35415 ], [ 0.01242, 48.35497 ], [ 0.01788, 48.35448 ], [ 0.02335, 48.35106 ], [ 0.02765, 48.35006 ], [ 0.02979, 48.34577 ], [ 0.03551, 48.34212 ], [ 0.0428, 48.34436 ], [ 0.05125, 48.3425 ], [ 0.05304, 48.34327 ], [ 0.0579, 48.34294 ], [ 0.05859, 48.34399 ], [ 0.06155, 48.34471 ], [ 0.06594, 48.3377 ], [ 0.06802, 48.33682 ], [ 0.07494, 48.33695 ], [ 0.08169, 48.33175 ], [ 0.0857, 48.31945 ], [ 0.08837, 48.31829 ], [ 0.08906, 48.31697 ], [ 0.08928, 48.3147 ], [ 0.08405, 48.30941 ], [ 0.08702, 48.30429 ], [ 0.08666, 48.29662 ], [ 0.08997, 48.29241 ], [ 0.08717, 48.28697 ], [ 0.08768, 48.28427 ], [ 0.09046, 48.28196 ], [ 0.08876, 48.27957 ] ] } },
{ "type": "Feature", "properties": { "name": "Ruisseau de la Pouplinière", "weight_class": 1, "permanent": false, "length_km": 3.8 }, "geometry": { "type": "LineString", "coordinates": [ [ -0.01286, 48.36378 ], [ -0.01024, 48.36555 ], [ -0.008, 48.37203 ], [ -0.01227, 48.37535 ], [ -0.01335, 48.38045 ], [ -0.01637, 48.3827 ], [ -0.01536, 48.38835 ], [ -0.02068, 48.39304 ] ] } },
{ "type": "Feature", "properties": { "name": "Ruisseau de l'Étang Durand", "weight_class": 1, "permanent": true, "length_km": 3.3 }, "geometry": { "type": "LineString", "coordinates": [ [ -0.04719, 48.3595 ], [ -0.04975, 48.35551 ], [ -0.05477, 48.35337 ], [ -0.05611, 48.34989 ], [ -0.06343, 48.34593 ], [ -0.0653, 48.34164 ], [ -0.06148, 48.33966 ], [ -0.0645, 48.33758 ] ] } },
{ "type": "Feature", "properties": { "name": "Ruisseau de Doucelles", "weight_class": 1, "permanent": true, "length_km": 6.7 }, "geometry": { "type": "LineString", "coordinates": [ [ -0.02276, 48.35356 ], [ -0.02512, 48.34815 ], [ -0.02286, 48.34732 ], [ -0.02171, 48.3456 ], [ -0.03671, 48.33987 ], [ -0.03801, 48.33568 ], [ -0.04387, 48.33231 ], [ -0.04561, 48.3298 ], [ -0.04697, 48.32457 ], [ -0.0604, 48.31588 ], [ -0.06117, 48.31234 ], [ -0.06509, 48.31167 ] ] } },
{ "type": "Feature", "properties": { "name": null, "weight_class": 1, "permanent": false, "length_km": 2.1 }, "geometry": { "type": "LineString", "coordinates": [ [ -0.03374, 48.36854 ], [ -0.02696, 48.36797 ], [ -0.02549, 48.36707 ], [ -0.02041, 48.36824 ], [ -0.01694, 48.37066 ], [ -0.01572, 48.3738 ], [ -0.01221, 48.3753 ] ] } },
{ "type": "Feature", "properties": { "name": null, "weight_class": 1, "permanent": false, "length_km": 3.3 }, "geometry": { "type": "LineString", "coordinates": [ [ 0.00022, 48.36583 ], [ 0.00255, 48.36762 ], [ 0.00074, 48.37085 ], [ 0.00112, 48.37275 ], [ 0.00371, 48.37464 ], [ 0.00342, 48.3774 ], [ 0.0069, 48.37971 ], [ 0.00576, 48.38134 ], [ 0.00797, 48.38297 ], [ 0.00615, 48.38618 ], [ 0.00873, 48.39043 ] ] } },
{ "type": "Feature", "properties": { "name": null, "weight_class": 1, "permanent": false, "length_km": 2.2 }, "geometry": { "type": "LineString", "coordinates": [ [ 0.01273, 48.33509 ], [ 0.01411, 48.33191 ], [ 0.01691, 48.33067 ], [ 0.01957, 48.32712 ], [ 0.02579, 48.32568 ], [ 0.02511, 48.32533 ], [ 0.02719, 48.3237 ], [ 0.02587, 48.32216 ] ] } },
{ "type": "Feature", "properties": { "name": "le Rocher Reine", "weight_class": 1, "permanent": false, "length_km": 6.0 }, "geometry": { "type": "LineString", "coordinates": [ [ 0.02094, 48.33798 ], [ 0.02344, 48.33651 ], [ 0.0247, 48.33352 ], [ 0.02861, 48.32992 ], [ 0.02987, 48.32337 ], [ 0.02464, 48.32227 ], [ 0.01318, 48.31786 ], [ 0.00873, 48.31128 ], [ 0.00348, 48.30801 ], [ 0.00427, 48.30582 ], [ -0.00433, 48.30205 ], [ -0.00489, 48.30102 ] ] } },
{ "type": "Feature", "properties": { "name": null, "weight_class": 1, "permanent": false, "length_km": 3.8 }, "geometry": { "type": "LineString", "coordinates": [ [ -0.00367, 48.34332 ], [ 0.00033, 48.34009 ], [ 0.00571, 48.3378 ], [ 0.00347, 48.33615 ], [ 0.00534, 48.33365 ], [ 0.00425, 48.33225 ], [ 0.00526, 48.33064 ], [ 0.00896, 48.32954 ], [ 0.01183, 48.3272 ], [ 0.00858, 48.32376 ], [ 0.0143, 48.31834 ] ] } },
{ "type": "Feature", "properties": { "name": null, "weight_class": 1, "permanent": false, "length_km": 3.9 }, "geometry": { "type": "LineString", "coordinates": [ [ -0.01476, 48.34252 ], [ -0.01092, 48.33921 ], [ -0.00964, 48.33554 ], [ -0.01294, 48.3322 ], [ -0.01783, 48.33139 ], [ -0.02191, 48.32908 ], [ -0.02737, 48.32967 ], [ -0.03201, 48.32907 ], [ -0.03566, 48.33073 ], [ -0.04221, 48.33136 ], [ -0.04303, 48.33258 ] ] } },
{ "type": "Feature", "properties": { "name": "Ruisseau de la Talbotière", "weight_class": 1, "permanent": true, "length_km": 3.1 }, "geometry": { "type": "LineString", "coordinates": [ [ -0.10425, 48.33649 ], [ -0.10064, 48.33526 ], [ -0.09626, 48.33523 ], [ -0.08618, 48.33651 ], [ -0.079, 48.3384 ], [ -0.06449, 48.33738 ] ] } },
{ "type": "Feature", "properties": { "name": "l'Ornette", "weight_class": 1, "permanent": true, "length_km": 3.1 }, "geometry": { "type": "LineString", "coordinates": [ [ -0.11231, 48.37429 ], [ -0.10266, 48.37459 ], [ -0.09672, 48.37335 ], [ -0.09104, 48.37519 ], [ -0.08668, 48.37214 ], [ -0.08418, 48.37152 ], [ -0.08479, 48.37029 ], [ -0.08379, 48.3696 ], [ -0.07793, 48.36893 ] ] } },
{ "type": "Feature", "properties": { "name": null, "weight_class": 2, "permanent": true, "length_km": 2.7 }, "geometry": { "type": "LineString", "coordinates": [ [ -0.12212, 48.35486 ], [ -0.10512, 48.35612 ], [ -0.09255, 48.35581 ], [ -0.08717, 48.35673 ] ] } },
{ "type": "Feature", "properties": { "name": null, "weight_class": 1, "permanent": true, "length_km": 2.1 }, "geometry": { "type": "LineString", "coordinates": [ [ -0.13336, 48.36458 ], [ -0.11843, 48.3674 ], [ -0.11523, 48.36992 ], [ -0.11231, 48.37429 ] ] } },
{ "type": "Feature", "properties": { "name": null, "weight_class": 1, "permanent": true, "length_km": 4.9 }, "geometry": { "type": "LineString", "coordinates": [ [ -0.1353, 48.35151 ], [ -0.13188, 48.35222 ], [ -0.12986, 48.34933 ], [ -0.12143, 48.34817 ], [ -0.11072, 48.34945 ], [ -0.10641, 48.35086 ], [ -0.09774, 48.34947 ], [ -0.09056, 48.35036 ], [ -0.08833, 48.34995 ], [ -0.08754, 48.34773 ], [ -0.08561, 48.34642 ], [ -0.08027, 48.34602 ], [ -0.07928, 48.34527 ] ] } },
{ "type": "Feature", "properties": { "name": null, "weight_class": 1, "permanent": true, "length_km": 3.9 }, "geometry": { "type": "LineString", "coordinates": [ [ -0.13337, 48.36126 ], [ -0.10627, 48.36407 ], [ -0.0974, 48.36344 ], [ -0.09568, 48.36135 ], [ -0.09182, 48.36024 ], [ -0.09055, 48.3585 ], [ -0.08622, 48.35829 ] ] } },
{ "type": "Feature", "properties": { "name": "le Merdereau", "weight_class": 1, "permanent": true, "length_km": 10.9 }, "geometry": { "type": "LineString", "coordinates": [ [ -0.1577, 48.33348 ], [ -0.15029, 48.33315 ], [ -0.14895, 48.32989 ], [ -0.14719, 48.3293 ], [ -0.14176, 48.32928 ], [ -0.14014, 48.32842 ], [ -0.13695, 48.32939 ], [ -0.12962, 48.32514 ], [ -0.12879, 48.32597 ], [ -0.1271, 48.32582 ], [ -0.12761, 48.32637 ], [ -0.12632, 48.32695 ], [ -0.12521, 48.32543 ], [ -0.12268, 48.32455 ], [ -0.11885, 48.32485 ], [ -0.11879, 48.3257 ], [ -0.11502, 48.32529 ], [ -0.11357, 48.32072 ], [ -0.11038, 48.32097 ], [ -0.10618, 48.31996 ], [ -0.10652, 48.31857 ], [ -0.10398, 48.31771 ], [ -0.0979, 48.31882 ], [ -0.09475, 48.31719 ], [ -0.09258, 48.31792 ], [ -0.09094, 48.31618 ], [ -0.08272, 48.31594 ], [ -0.07832, 48.31436 ], [ -0.07617, 48.31246 ], [ -0.07421, 48.31287 ], [ -0.07117, 48.31193 ], [ -0.0686, 48.30807 ] ] } },
{ "type": "Feature", "properties": { "name": null, "weight_class": 1, "permanent": false, "length_km": 2.5 }, "geometry": { "type": "LineString", "coordinates": [ [ -0.11062, 48.33574 ], [ -0.10215, 48.33222 ], [ -0.09919, 48.33005 ], [ -0.10263, 48.32406 ], [ -0.10186, 48.32217 ], [ -0.10318, 48.31813 ] ] } },
{ "type": "Feature", "properties": { "name": null, "weight_class": 1, "permanent": true, "length_km": 3.6 }, "geometry": { "type": "LineString", "coordinates": [ [ 0.49194, 48.21287 ], [ 0.48069, 48.2195 ], [ 0.4771, 48.22492 ], [ 0.47293, 48.22867 ], [ 0.47011, 48.22995 ], [ 0.46606, 48.23011 ], [ 0.46266, 48.23373 ] ] } },
{ "type": "Feature", "properties": { "name": "Ruisseau de la Prée", "weight_class": 1, "permanent": true, "length_km": 3.0 }, "geometry": { "type": "LineString", "coordinates": [ [ 0.30605, 48.30498 ], [ 0.30832, 48.30433 ], [ 0.31083, 48.30002 ], [ 0.31453, 48.29923 ], [ 0.3209, 48.30075 ], [ 0.32469, 48.30265 ], [ 0.32865, 48.30259 ], [ 0.33217, 48.30147 ], [ 0.33427, 48.30199 ], [ 0.33826, 48.30092 ] ] } },
{ "type": "Feature", "properties": { "name": "Ruisseau de Courtéan", "weight_class": 1, "permanent": true, "length_km": 8.5 }, "geometry": { "type": "LineString", "coordinates": [ [ 0.52312, 48.23094 ], [ 0.51058, 48.22732 ], [ 0.50489, 48.22479 ], [ 0.50085, 48.22531 ], [ 0.49924, 48.22705 ], [ 0.49337, 48.22914 ], [ 0.48903, 48.23364 ], [ 0.48526, 48.23529 ], [ 0.48029, 48.23603 ], [ 0.4786, 48.23497 ], [ 0.47655, 48.23544 ], [ 0.47097, 48.23392 ], [ 0.4691, 48.23446 ], [ 0.46165, 48.23379 ], [ 0.45823, 48.23813 ], [ 0.45945, 48.23964 ], [ 0.45706, 48.24311 ], [ 0.45741, 48.24502 ], [ 0.45495, 48.24893 ], [ 0.45505, 48.25087 ], [ 0.45122, 48.25366 ] ] } },
{ "type": "Feature", "properties": { "name": "Ruisseau de l'Étang Neuf", "weight_class": 1, "permanent": true, "length_km": 5.7 }, "geometry": { "type": "LineString", "coordinates": [ [ 0.45735, 48.21033 ], [ 0.44398, 48.21402 ], [ 0.44261, 48.21884 ], [ 0.43957, 48.22142 ], [ 0.43965, 48.22359 ], [ 0.43334, 48.22663 ], [ 0.42667, 48.22577 ], [ 0.42093, 48.22367 ], [ 0.41425, 48.21867 ], [ 0.40438, 48.21645 ], [ 0.40185, 48.21681 ] ] } },
{ "type": "Feature", "properties": { "name": "Ruisseau du Genay", "weight_class": 1, "permanent": true, "length_km": 3.9 }, "geometry": { "type": "LineString", "coordinates": [ [ 0.4384, 48.20106 ], [ 0.43962, 48.2032 ], [ 0.43876, 48.20583 ], [ 0.42814, 48.20846 ], [ 0.42784, 48.21012 ], [ 0.42547, 48.21096 ], [ 0.42436, 48.20965 ], [ 0.41712, 48.21279 ], [ 0.41284, 48.21246 ], [ 0.40235, 48.21541 ] ] } },
{ "type": "Feature", "properties": { "name": "Ruisseau du Guélodin", "weight_class": 1, "permanent": true, "length_km": 6.1 }, "geometry": { "type": "LineString", "coordinates": [ [ 0.3703, 48.19311 ], [ 0.35945, 48.19694 ], [ 0.35713, 48.19935 ], [ 0.3497, 48.20094 ], [ 0.34433, 48.2057 ], [ 0.33724, 48.20939 ], [ 0.32621, 48.20964 ], [ 0.32169, 48.20881 ], [ 0.31865, 48.20979 ], [ 0.31444, 48.20874 ], [ 0.30983, 48.21141 ], [ 0.3028, 48.21011 ] ] } },
{ "type": "Feature", "properties": { "name": "Ruisseau de Maleffre", "weight_class": 1, "permanent": true, "length_km": 5.6 }, "geometry": { "type": "LineString", "coordinates": [ [ 0.27021, 48.21716 ], [ 0.26414, 48.21659 ], [ 0.26043, 48.21443 ], [ 0.25652, 48.21417 ], [ 0.25037, 48.21191 ], [ 0.24904, 48.20921 ], [ 0.25035, 48.20477 ], [ 0.24824, 48.20063 ], [ 0.24499, 48.1997 ], [ 0.23816, 48.19537 ], [ 0.23554, 48.19236 ], [ 0.23435, 48.18504 ], [ 0.2313, 48.1826 ] ] } },
{ "type": "Feature", "properties": { "name": null, "weight_class": 1, "permanent": true, "length_km": 6.3 }, "geometry": { "type": "LineString", "coordinates": [ [ 0.34164, 48.32691 ], [ 0.34407, 48.32553 ], [ 0.34975, 48.32483 ], [ 0.35215, 48.32337 ], [ 0.35343, 48.32003 ], [ 0.35637, 48.31927 ], [ 0.35595, 48.3187 ], [ 0.35809, 48.31765 ], [ 0.36865, 48.31699 ], [ 0.37398, 48.31488 ], [ 0.37779, 48.31611 ], [ 0.38065, 48.31565 ], [ 0.37835, 48.31039 ], [ 0.37986, 48.31026 ], [ 0.37761, 48.3055 ], [ 0.3781, 48.30231 ], [ 0.37518, 48.30017 ], [ 0.37468, 48.29714 ] ] } },
{ "type": "Feature", "properties": { "name": "le Moire", "weight_class": 1, "permanent": true, "length_km": 7.9 }, "geometry": { "type": "LineString", "coordinates": [ [ 0.31917, 48.32929 ], [ 0.31957, 48.32665 ], [ 0.32237, 48.3243 ], [ 0.32128, 48.32062 ], [ 0.32689, 48.31599 ], [ 0.32738, 48.3123 ], [ 0.33177, 48.30944 ], [ 0.33382, 48.3091 ], [ 0.33783, 48.30573 ], [ 0.33935, 48.30215 ], [ 0.3385, 48.29857 ], [ 0.34322, 48.29232 ], [ 0.353, 48.29135 ], [ 0.35632, 48.28902 ], [ 0.3618, 48.28912 ], [ 0.36572, 48.29067 ], [ 0.36968, 48.29054 ], [ 0.37414, 48.28484 ] ] } },
{ "type": "Feature", "properties": { "name": "la Braye", "weight_class": 1, "permanent": true, "length_km": 3.0 }, "geometry": { "type": "LineString", "coordinates": [ [ 0.47506, 48.30596 ], [ 0.46767, 48.30162 ], [ 0.46589, 48.29769 ], [ 0.46146, 48.29578 ], [ 0.46055, 48.29416 ], [ 0.45271, 48.29432 ], [ 0.44901, 48.29588 ], [ 0.44692, 48.29517 ] ] } },
{ "type": "Feature", "properties": { "name": "la Malherbe", "weight_class": 1, "permanent": false, "length_km": 12.9 }, "geometry": { "type": "LineString", "coordinates": [ [ 0.2771, 48.30737 ], [ 0.27244, 48.30491 ], [ 0.27229, 48.29711 ], [ 0.27357, 48.29413 ], [ 0.28029, 48.2903 ], [ 0.28011, 48.28712 ], [ 0.28197, 48.28436 ], [ 0.2811, 48.28117 ], [ 0.28349, 48.2769 ], [ 0.2865, 48.27759 ], [ 0.28711, 48.27206 ], [ 0.28607, 48.26881 ], [ 0.29039, 48.26745 ], [ 0.29007, 48.26493 ], [ 0.2961, 48.26258 ], [ 0.29697, 48.26046 ], [ 0.30702, 48.25497 ], [ 0.30604, 48.24869 ], [ 0.30194, 48.24483 ], [ 0.30605, 48.24182 ], [ 0.30661, 48.23967 ], [ 0.3047, 48.23762 ], [ 0.30051, 48.23673 ], [ 0.29887, 48.23368 ], [ 0.30225, 48.22963 ], [ 0.30175, 48.22498 ], [ 0.30702, 48.22196 ], [ 0.30345, 48.21976 ], [ 0.30498, 48.21782 ] ] } },
{ "type": "Feature", "properties": { "name": "la Gravée", "weight_class": 1, "permanent": true, "length_km": 9.3 }, "geometry": { "type": "LineString", "coordinates": [ [ 0.29146, 48.30173 ], [ 0.29822, 48.2991 ], [ 0.30412, 48.29123 ], [ 0.30969, 48.28788 ], [ 0.31183, 48.27888 ], [ 0.32139, 48.27323 ], [ 0.32191, 48.27152 ], [ 0.33109, 48.26752 ], [ 0.33142, 48.26526 ], [ 0.3289, 48.264 ], [ 0.32914, 48.26116 ], [ 0.34328, 48.26133 ], [ 0.34666, 48.26248 ], [ 0.35709, 48.26126 ], [ 0.36072, 48.25903 ], [ 0.36155, 48.25568 ], [ 0.3627, 48.25518 ] ] } },
{ "type": "Feature", "properties": { "name": "l'Orthon", "weight_class": 1, "permanent": false, "length_km": 17.7 }, "geometry": { "type": "LineString", "coordinates": [ [ 0.25562, 48.29729 ], [ 0.25245, 48.29832 ], [ 0.24842, 48.29721 ], [ 0.24408, 48.29226 ], [ 0.23159, 48.28897 ], [ 0.23142, 48.28744 ], [ 0.22573, 48.2841 ], [ 0.22543, 48.2816 ], [ 0.22039, 48.27866 ], [ 0.21631, 48.27877 ], [ 0.2157, 48.27576 ], [ 0.21107, 48.27534 ], [ 0.20678, 48.27355 ], [ 0.20545, 48.27199 ], [ 0.20581, 48.27001 ], [ 0.20226, 48.26487 ], [ 0.20362, 48.26268 ], [ 0.203, 48.25371 ], [ 0.19805, 48.25102 ], [ 0.18937, 48.24973 ], [ 0.1867, 48.24661 ], [ 0.18364, 48.23571 ], [ 0.18033, 48.23348 ], [ 0.17887, 48.23071 ], [ 0.18089, 48.22755 ], [ 0.17967, 48.22577 ], [ 0.17976, 48.22181 ], [ 0.17735, 48.21845 ], [ 0.17097, 48.21625 ], [ 0.16992, 48.21437 ], [ 0.16678, 48.2133 ], [ 0.16355, 48.21468 ], [ 0.16042, 48.21344 ], [ 0.15082, 48.21426 ], [ 0.14601, 48.21355 ], [ 0.14258, 48.21566 ], [ 0.13842, 48.21582 ], [ 0.13584, 48.21748 ], [ 0.12931, 48.2156 ], [ 0.12719, 48.21754 ], [ 0.12151, 48.21705 ], [ 0.11933, 48.21784 ] ] } },
{ "type": "Feature", "properties": { "name": "la Mortève", "weight_class": 1, "permanent": true, "length_km": 11.8 }, "geometry": { "type": "LineString", "coordinates": [ [ 0.49532, 48.28239 ], [ 0.49156, 48.28176 ], [ 0.4868, 48.27733 ], [ 0.47993, 48.2742 ], [ 0.47856, 48.27255 ], [ 0.47208, 48.27263 ], [ 0.47072, 48.27128 ], [ 0.46506, 48.27188 ], [ 0.46336, 48.27025 ], [ 0.4605, 48.26996 ], [ 0.45845, 48.26664 ], [ 0.4565, 48.2665 ], [ 0.45479, 48.26489 ], [ 0.45308, 48.26041 ], [ 0.45539, 48.25903 ], [ 0.45122, 48.25366 ], [ 0.44971, 48.2543 ], [ 0.44791, 48.25322 ], [ 0.44228, 48.25475 ], [ 0.43743, 48.25496 ], [ 0.43632, 48.25363 ], [ 0.43018, 48.25131 ], [ 0.41761, 48.24832 ], [ 0.41526, 48.24848 ], [ 0.41245, 48.25051 ], [ 0.40557, 48.25228 ], [ 0.40287, 48.25163 ], [ 0.40082, 48.249 ], [ 0.39832, 48.24835 ], [ 0.39697, 48.24678 ], [ 0.38847, 48.24662 ], [ 0.38713, 48.24558 ] ] } },
{ "type": "Feature", "properties": { "name": null, "weight_class": 1, "permanent": true, "length_km": 2.7 }, "geometry": { "type": "LineString", "coordinates": [ [ 0.34748, 48.27891 ], [ 0.34683, 48.27569 ], [ 0.34873, 48.2739 ], [ 0.34945, 48.26818 ], [ 0.3534, 48.26679 ], [ 0.35323, 48.26555 ], [ 0.35764, 48.26386 ], [ 0.35878, 48.26232 ], [ 0.35765, 48.261 ] ] } },
{ "type": "Feature", "properties": { "name": null, "weight_class": 1, "permanent": true, "length_km": 2.8 }, "geometry": { "type": "LineString", "coordinates": [ [ 0.33021, 48.28743 ], [ 0.3348, 48.28483 ], [ 0.33543, 48.28086 ], [ 0.33967, 48.27726 ], [ 0.33109, 48.26752 ] ] } },
{ "type": "Feature", "properties": { "name": null, "weight_class": 1, "permanent": false, "length_km": 2.2 }, "geometry": { "type": "LineString", "coordinates": [ [ 0.24287, 48.27377 ], [ 0.24643, 48.27125 ], [ 0.25181, 48.26983 ], [ 0.25259, 48.26685 ], [ 0.25155, 48.26325 ], [ 0.25379, 48.26103 ], [ 0.25366, 48.25866 ] ] } },
{ "type": "Feature", "properties": { "name": "la Gandelée", "weight_class": 1, "permanent": true, "length_km": 15.3 }, "geometry": { "type": "LineString", "coordinates": [ [ 0.24487, 48.28061 ], [ 0.24818, 48.2796 ], [ 0.25392, 48.27969 ], [ 0.261, 48.27562 ], [ 0.26441, 48.27495 ], [ 0.26923, 48.27093 ], [ 0.27028, 48.26577 ], [ 0.26435, 48.25915 ], [ 0.26214, 48.25944 ], [ 0.25876, 48.25835 ], [ 0.25427, 48.25905 ], [ 0.25218, 48.25764 ], [ 0.25026, 48.25761 ], [ 0.24685, 48.25401 ], [ 0.24379, 48.25368 ], [ 0.23952, 48.24959 ], [ 0.23616, 48.24929 ], [ 0.23356, 48.24779 ], [ 0.23143, 48.24548 ], [ 0.23057, 48.2415 ], [ 0.22345, 48.2386 ], [ 0.21704, 48.23248 ], [ 0.21565, 48.22792 ], [ 0.21681, 48.22416 ], [ 0.21339, 48.2196 ], [ 0.21433, 48.21707 ], [ 0.21214, 48.2068 ], [ 0.21504, 48.20179 ], [ 0.21927, 48.19943 ], [ 0.21999, 48.19537 ], [ 0.22218, 48.1941 ], [ 0.22191, 48.19199 ], [ 0.21792, 48.18978 ], [ 0.21871, 48.18373 ] ] } },
{ "type": "Feature", "properties": { "name": "le Moire", "weight_class": 1, "permanent": true, "length_km": 6.1 }, "geometry": { "type": "MultiLineString", "coordinates": [ [ [ 0.54531, 48.25001 ], [ 0.54752, 48.25049 ], [ 0.55089, 48.24912 ], [ 0.5518, 48.24779 ], [ 0.55962, 48.2472 ], [ 0.5619, 48.24563 ], [ 0.56696, 48.24511 ], [ 0.56888, 48.24586 ], [ 0.57828, 48.24448 ], [ 0.58609, 48.24538 ], [ 0.59365, 48.24469 ] ], [ [ 0.6042, 48.24437 ], [ 0.60776, 48.2448 ], [ 0.61169, 48.24194 ], [ 0.62428, 48.24545 ] ] ] } },
{ "type": "Feature", "properties": { "name": null, "weight_class": 1, "permanent": true, "length_km": 2.3 }, "geometry": { "type": "LineString", "coordinates": [ [ 0.52254, 48.25573 ], [ 0.51744, 48.25317 ], [ 0.51134, 48.25517 ], [ 0.5041, 48.25467 ], [ 0.49917, 48.25001 ] ] } },
{ "type": "Feature", "properties": { "name": null, "weight_class": 1, "permanent": true, "length_km": 6.6 }, "geometry": { "type": "LineString", "coordinates": [ [ 0.52513, 48.24868 ], [ 0.51612, 48.25012 ], [ 0.51184, 48.24717 ], [ 0.49597, 48.25042 ], [ 0.49334, 48.2503 ], [ 0.48899, 48.24841 ], [ 0.48262, 48.24793 ], [ 0.47917, 48.2492 ], [ 0.47762, 48.25154 ], [ 0.47046, 48.25548 ], [ 0.46735, 48.25391 ], [ 0.46391, 48.254 ], [ 0.46014, 48.25276 ], [ 0.45956, 48.25084 ], [ 0.45795, 48.25022 ], [ 0.45505, 48.25087 ] ] } },
{ "type": "Feature", "properties": { "name": "Ruisseau de Forbonnais", "weight_class": 1, "permanent": true, "length_km": 4.1 }, "geometry": { "type": "LineString", "coordinates": [ [ 0.45479, 48.26489 ], [ 0.45199, 48.26535 ], [ 0.44364, 48.26183 ], [ 0.44274, 48.26022 ], [ 0.43977, 48.25983 ], [ 0.43827, 48.26074 ], [ 0.43378, 48.26017 ], [ 0.43133, 48.25869 ], [ 0.41625, 48.25438 ], [ 0.41035, 48.25126 ] ] } },
{ "type": "Feature", "properties": { "name": "le Tripoulin", "weight_class": 1, "permanent": true, "length_km": 15.8 }, "geometry": { "type": "LineString", "coordinates": [ [ 0.48157, 48.19044 ], [ 0.46757, 48.18655 ], [ 0.45544, 48.18616 ], [ 0.45133, 48.18438 ], [ 0.44826, 48.1844 ], [ 0.44216, 48.1822 ], [ 0.43736, 48.18185 ], [ 0.43336, 48.17946 ], [ 0.42794, 48.17856 ], [ 0.42566, 48.17716 ], [ 0.40061, 48.1825 ], [ 0.39691, 48.18778 ], [ 0.39655, 48.19262 ], [ 0.39892, 48.19931 ], [ 0.40378, 48.20453 ], [ 0.40433, 48.20746 ], [ 0.4028, 48.20791 ], [ 0.40475, 48.21083 ], [ 0.4026, 48.21294 ], [ 0.402, 48.2167 ], [ 0.3999, 48.2177 ], [ 0.39751, 48.22187 ], [ 0.39533, 48.22356 ], [ 0.38913, 48.22497 ], [ 0.39354, 48.23054 ], [ 0.39712, 48.23191 ], [ 0.39702, 48.23376 ], [ 0.39277, 48.23664 ], [ 0.39131, 48.2399 ], [ 0.38926, 48.24025 ], [ 0.38477, 48.2436 ], [ 0.38337, 48.24355 ] ] } },
{ "type": "Feature", "properties": { "name": null, "weight_class": 1, "permanent": true, "length_km": 5.2 }, "geometry": { "type": "LineString", "coordinates": [ [ 0.33852, 48.25166 ], [ 0.33779, 48.24851 ], [ 0.33242, 48.24714 ], [ 0.32943, 48.24397 ], [ 0.3305, 48.24019 ], [ 0.33444, 48.23693 ], [ 0.31487, 48.22997 ], [ 0.31105, 48.22665 ], [ 0.3119, 48.22622 ], [ 0.31023, 48.22328 ], [ 0.30702, 48.22196 ] ] } },
{ "type": "Feature", "properties": { "name": null, "weight_class": 1, "permanent": false, "length_km": 2.5 }, "geometry": { "type": "LineString", "coordinates": [ [ 0.28426, 48.24872 ], [ 0.28022, 48.24399 ], [ 0.28028, 48.24253 ], [ 0.29142, 48.23607 ], [ 0.29495, 48.23489 ], [ 0.29918, 48.23489 ] ] } },
{ "type": "Feature", "properties": { "name": "le Rosay/le Jugeaux", "weight_class": 1, "permanent": true, "length_km": 9.9 }, "geometry": { "type": "LineString", "coordinates": [ [ 0.533, 48.20581 ], [ 0.53346, 48.20428 ], [ 0.53566, 48.20304 ], [ 0.53841, 48.20308 ], [ 0.54024, 48.20073 ], [ 0.54027, 48.19488 ], [ 0.54369, 48.18921 ], [ 0.54567, 48.18896 ], [ 0.55412, 48.18398 ], [ 0.55802, 48.18394 ], [ 0.55759, 48.1828 ], [ 0.55895, 48.18221 ], [ 0.56309, 48.18336 ], [ 0.56493, 48.18262 ], [ 0.56721, 48.17678 ], [ 0.57345, 48.17518 ], [ 0.57876, 48.17096 ], [ 0.58325, 48.17132 ], [ 0.58728, 48.17041 ], [ 0.59018, 48.16755 ], [ 0.59277, 48.16739 ], [ 0.59354, 48.16844 ], [ 0.59564, 48.16857 ], [ 0.59685, 48.16823 ], [ 0.59622, 48.1675 ], [ 0.59902, 48.16718 ], [ 0.60136, 48.16495 ], [ 0.60354, 48.16432 ], [ 0.60978, 48.16605 ] ] } },
{ "type": "Feature", "properties": { "name": "le Montretaux/Ruisseau de Montretaux", "weight_class": 1, "permanent": true, "length_km": 14.4 }, "geometry": { "type": "LineString", "coordinates": [ [ 0.53807, 48.21963 ], [ 0.55089, 48.21861 ], [ 0.56026, 48.21508 ], [ 0.56376, 48.21566 ], [ 0.57048, 48.21196 ], [ 0.5734, 48.21217 ], [ 0.57637, 48.2108 ], [ 0.57781, 48.20872 ], [ 0.58435, 48.2062 ], [ 0.58618, 48.20088 ], [ 0.59447, 48.19974 ], [ 0.5979, 48.19639 ], [ 0.60337, 48.19418 ], [ 0.60389, 48.19269 ], [ 0.60182, 48.19089 ], [ 0.60163, 48.18871 ], [ 0.60626, 48.18132 ], [ 0.60884, 48.18105 ], [ 0.60576, 48.17703 ], [ 0.60853, 48.17482 ], [ 0.60792, 48.17203 ], [ 0.60932, 48.16843 ], [ 0.60825, 48.16735 ], [ 0.61319, 48.16474 ], [ 0.61868, 48.16494 ], [ 0.61953, 48.16576 ], [ 0.62113, 48.16508 ], [ 0.62211, 48.16589 ], [ 0.62521, 48.16486 ], [ 0.62286, 48.16031 ], [ 0.6212, 48.16005 ], [ 0.62116, 48.15888 ], [ 0.61949, 48.15905 ], [ 0.6189, 48.15752 ] ] } },
{ "type": "Feature", "properties": { "name": "Ruisseau de l'Épinay", "weight_class": 1, "permanent": true, "length_km": 3.1 }, "geometry": { "type": "LineString", "coordinates": [ [ 0.43355, 48.19454 ], [ 0.4286, 48.19683 ], [ 0.42573, 48.19892 ], [ 0.42605, 48.19966 ], [ 0.42224, 48.20082 ], [ 0.41649, 48.20109 ], [ 0.41172, 48.20556 ], [ 0.40826, 48.20647 ], [ 0.40702, 48.2095 ], [ 0.40462, 48.21066 ] ] } },
{ "type": "Feature", "properties": { "name": null, "weight_class": 1, "permanent": true, "length_km": 3.2 }, "geometry": { "type": "LineString", "coordinates": [ [ 0.36128, 48.22138 ], [ 0.354, 48.22556 ], [ 0.3517, 48.22414 ], [ 0.35034, 48.22456 ], [ 0.34555, 48.22117 ], [ 0.33681, 48.22329 ], [ 0.33252, 48.22617 ], [ 0.32892, 48.22574 ], [ 0.32701, 48.22655 ] ] } },
{ "type": "Feature", "properties": { "name": null, "weight_class": 1, "permanent": false, "length_km": 4.6 }, "geometry": { "type": "LineString", "coordinates": [ [ 0.27234, 48.24105 ], [ 0.27779, 48.23858 ], [ 0.27782, 48.23651 ], [ 0.28229, 48.23336 ], [ 0.28745, 48.22719 ], [ 0.2854, 48.22308 ], [ 0.28254, 48.22066 ], [ 0.28288, 48.21486 ], [ 0.2846, 48.21413 ], [ 0.28363, 48.2115 ], [ 0.28054, 48.20924 ], [ 0.28102, 48.20667 ] ] } },
{ "type": "Feature", "properties": { "name": null, "weight_class": 1, "permanent": false, "length_km": 3.5 }, "geometry": { "type": "LineString", "coordinates": [ [ 0.25508, 48.23891 ], [ 0.25028, 48.23133 ], [ 0.25068, 48.22744 ], [ 0.24418, 48.21896 ], [ 0.24537, 48.21338 ], [ 0.25002, 48.21137 ] ] } },
{ "type": "Feature", "properties": { "name": "la Chéronne", "weight_class": 1, "permanent": true, "length_km": 15.9 }, "geometry": { "type": "LineString", "coordinates": [ [ 0.4987, 48.2037 ], [ 0.49834, 48.20194 ], [ 0.50043, 48.19998 ], [ 0.50123, 48.19576 ], [ 0.50418, 48.19425 ], [ 0.50642, 48.19147 ], [ 0.51002, 48.19011 ], [ 0.51399, 48.18509 ], [ 0.51351, 48.18312 ], [ 0.51513, 48.18219 ], [ 0.51492, 48.17782 ], [ 0.51106, 48.17053 ], [ 0.51194, 48.16741 ], [ 0.50932, 48.16305 ], [ 0.51155, 48.15934 ], [ 0.51046, 48.15503 ], [ 0.51422, 48.14823 ], [ 0.50864, 48.14432 ], [ 0.50951, 48.13948 ], [ 0.50659, 48.13373 ], [ 0.51077, 48.12938 ], [ 0.50991, 48.12669 ], [ 0.51195, 48.12445 ], [ 0.5135, 48.11927 ], [ 0.51967, 48.11503 ], [ 0.51989, 48.11332 ], [ 0.52838, 48.11133 ], [ 0.53159, 48.11162 ], [ 0.53399, 48.10969 ], [ 0.53674, 48.10555 ], [ 0.53696, 48.10175 ], [ 0.54004, 48.09912 ], [ 0.54, 48.09545 ], [ 0.54287, 48.09337 ] ] } },
{ "type": "Feature", "properties": { "name": null, "weight_class": 1, "permanent": true, "length_km": 3.2 }, "geometry": { "type": "LineString", "coordinates": [ [ 0.31196, 48.18725 ], [ 0.3122, 48.19053 ], [ 0.30294, 48.19665 ], [ 0.30476, 48.19866 ], [ 0.30404, 48.19951 ], [ 0.30819, 48.20102 ], [ 0.31106, 48.20329 ], [ 0.31349, 48.20888 ] ] } },
{ "type": "Feature", "properties": { "name": "Rivière la Dive", "weight_class": 1, "permanent": true, "length_km": 8.2 }, "geometry": { "type": "MultiLineString", "coordinates": [ [ [ 0.3594, 48.25145 ], [ 0.35957, 48.24991 ], [ 0.35636, 48.24682 ] ], [ [ 0.3594, 48.25145 ], [ 0.35589, 48.24776 ], [ 0.35636, 48.24682 ] ], [ [ 0.35636, 48.24682 ], [ 0.35698, 48.24448 ] ], [ [ 0.36816, 48.25908 ], [ 0.36521, 48.25823 ], [ 0.36567, 48.25755 ], [ 0.3594, 48.25145 ] ], [ [ 0.38314, 48.2655 ], [ 0.37935, 48.26354 ], [ 0.3781, 48.26395 ], [ 0.37231, 48.26169 ], [ 0.37124, 48.26021 ], [ 0.36858, 48.25947 ] ], [ [ 0.37427, 48.28489 ], [ 0.37537, 48.28364 ], [ 0.37675, 48.28428 ], [ 0.38468, 48.27611 ] ], [ [ 0.38209, 48.26688 ], [ 0.38314, 48.2655 ] ], [ [ 0.38517, 48.27576 ], [ 0.38656, 48.27587 ], [ 0.38792, 48.27355 ], [ 0.3877, 48.26996 ], [ 0.38516, 48.26858 ], [ 0.38529, 48.26711 ], [ 0.38314, 48.2655 ] ], [ [ 0.39035, 48.31598 ], [ 0.38904, 48.31532 ], [ 0.38872, 48.31273 ], [ 0.39182, 48.31169 ] ] ] } },
{ "type": "Feature", "properties": { "name": "Ruisseau de Mortève", "weight_class": 1, "permanent": false, "length_km": 3.2 }, "geometry": { "type": "MultiLineString", "coordinates": [ [ [ 0.43644, 48.2546 ], [ 0.43139, 48.25327 ], [ 0.42875, 48.25468 ], [ 0.4192, 48.24969 ], [ 0.41456, 48.24927 ] ], [ [ 0.46506, 48.27188 ], [ 0.46263, 48.27085 ], [ 0.46115, 48.27167 ], [ 0.45911, 48.27096 ], [ 0.45851, 48.26961 ], [ 0.45721, 48.26944 ], [ 0.4565, 48.2665 ] ] ] } },
{ "type": "Feature", "properties": { "name": "Rivière la Bienne", "weight_class": 1, "permanent": true, "length_km": 6.6 }, "geometry": { "type": "MultiLineString", "coordinates": [ [ [ 0.11902, 48.2591 ], [ 0.12117, 48.2585 ], [ 0.11912, 48.25727 ], [ 0.11231, 48.25657 ] ], [ [ 0.11892, 48.26301 ], [ 0.1174, 48.26416 ], [ 0.11515, 48.26389 ], [ 0.11479, 48.26216 ], [ 0.11618, 48.2608 ] ], [ [ 0.1471, 48.27994 ], [ 0.14612, 48.28244 ], [ 0.14371, 48.28255 ], [ 0.14183, 48.28098 ] ], [ [ 0.16244, 48.28225 ], [ 0.16315, 48.28073 ], [ 0.1613, 48.28023 ], [ 0.15931, 48.28135 ], [ 0.15922, 48.28269 ] ], [ [ 0.17669, 48.28328 ], [ 0.17716, 48.28199 ], [ 0.17419, 48.28163 ], [ 0.17233, 48.28313 ], [ 0.17228, 48.28462 ] ], [ [ 0.19455, 48.30583 ], [ 0.19175, 48.30699 ], [ 0.18723, 48.30557 ], [ 0.18527, 48.30233 ], [ 0.18363, 48.3017 ], [ 0.1793, 48.2934 ] ] ] } },
{ "type": "Feature", "properties": { "name": "Ruisseau de la Mare", "weight_class": 1, "permanent": true, "length_km": 4.2 }, "geometry": { "type": "LineString", "coordinates": [ [ 0.23078, 48.22428 ], [ 0.22697, 48.2187 ], [ 0.233, 48.21442 ], [ 0.23167, 48.21263 ], [ 0.22066, 48.21024 ], [ 0.21998, 48.20788 ], [ 0.22571, 48.20234 ], [ 0.21958, 48.19837 ] ] } },
{ "type": "Feature", "properties": { "name": "la Tasse", "weight_class": 1, "permanent": false, "length_km": 2.4 }, "geometry": { "type": "LineString", "coordinates": [ [ -0.04159, 48.23445 ], [ -0.03985, 48.23112 ], [ -0.03601, 48.22842 ], [ -0.03011, 48.22677 ], [ -0.02023, 48.22696 ], [ -0.01812, 48.22558 ] ] } },
{ "type": "Feature", "properties": { "name": "Ruisseau le Souci", "weight_class": 1, "permanent": true, "length_km": 14.0 }, "geometry": { "type": "LineString", "coordinates": [ [ -0.03259, 48.23897 ], [ -0.02781, 48.24096 ], [ -0.01694, 48.24065 ], [ -0.01271, 48.23411 ], [ -0.01488, 48.23259 ], [ -0.0159, 48.22768 ], [ -0.01812, 48.22558 ], [ -0.01684, 48.22206 ], [ -0.01045, 48.2204 ], [ -0.00066, 48.20828 ], [ 0.0071, 48.20323 ], [ 0.01329, 48.20198 ], [ 0.01604, 48.19934 ], [ 0.02511, 48.20066 ], [ 0.03207, 48.2044 ], [ 0.04602, 48.20932 ], [ 0.05032, 48.21193 ], [ 0.04997, 48.21347 ], [ 0.05228, 48.21535 ], [ 0.06225, 48.2193 ], [ 0.06447, 48.22311 ], [ 0.06657, 48.22338 ], [ 0.06728, 48.22447 ], [ 0.07189, 48.22456 ], [ 0.07688, 48.2268 ] ] } },
{ "type": "Feature", "properties": { "name": "Ruisseau du Pas du Chat", "weight_class": 1, "permanent": true, "length_km": 5.9 }, "geometry": { "type": "LineString", "coordinates": [ [ -0.07748, 48.21296 ], [ -0.07265, 48.21346 ], [ -0.06768, 48.21599 ], [ -0.04524, 48.22128 ], [ -0.03279, 48.21991 ], [ -0.0307, 48.21693 ], [ -0.00822, 48.21737 ] ] } },
{ "type": "Feature", "properties": { "name": "Rivière la Longuève", "weight_class": 1, "permanent": true, "length_km": 5.0 }, "geometry": { "type": "MultiLineString", "coordinates": [ [ [ -0.02936, 48.17336 ], [ -0.02954, 48.17224 ], [ -0.02491, 48.17134 ] ], [ [ 0.05373, 48.18025 ], [ 0.06091, 48.18184 ] ], [ [ 0.06615, 48.1824 ], [ 0.07347, 48.18587 ], [ 0.07306, 48.18704 ], [ 0.07621, 48.18892 ], [ 0.08204, 48.18901 ] ], [ [ 0.08668, 48.1899 ], [ 0.08766, 48.18922 ], [ 0.09533, 48.19053 ] ], [ [ 0.10013, 48.18976 ], [ 0.10715, 48.18883 ], [ 0.10993, 48.18931 ], [ 0.11401, 48.19189 ] ] ] } },
{ "type": "Feature", "properties": { "name": "Ruisseau de Cons", "weight_class": 1, "permanent": true, "length_km": 5.3 }, "geometry": { "type": "LineString", "coordinates": [ [ 0.05734, 48.32595 ], [ 0.05864, 48.32518 ], [ 0.05929, 48.32238 ], [ 0.06723, 48.32074 ], [ 0.07302, 48.31531 ], [ 0.07056, 48.31229 ], [ 0.07027, 48.30756 ], [ 0.07166, 48.3045 ], [ 0.07062, 48.30263 ], [ 0.0753, 48.29583 ], [ 0.07801, 48.29448 ], [ 0.08325, 48.29524 ], [ 0.08759, 48.29472 ] ] } },
{ "type": "Feature", "properties": { "name": null, "weight_class": 1, "permanent": false, "length_km": 2.7 }, "geometry": { "type": "LineString", "coordinates": [ [ 0.15065, 48.29983 ], [ 0.15039, 48.29715 ], [ 0.14859, 48.29545 ], [ 0.13928, 48.29042 ], [ 0.13984, 48.28219 ], [ 0.13762, 48.27984 ] ] } },
{ "type": "Feature", "properties": { "name": null, "weight_class": 1, "permanent": false, "length_km": 2.9 }, "geometry": { "type": "LineString", "coordinates": [ [ 0.04683, 48.29171 ], [ 0.0477, 48.29167 ], [ 0.04711, 48.28949 ], [ 0.05012, 48.28914 ], [ 0.06291, 48.29424 ], [ 0.06609, 48.29667 ], [ 0.07024, 48.29674 ], [ 0.0741, 48.29523 ], [ 0.07573, 48.29557 ] ] } },
{ "type": "Feature", "properties": { "name": null, "weight_class": 1, "permanent": true, "length_km": 5.4 }, "geometry": { "type": "LineString", "coordinates": [ [ 0.03091, 48.3044 ], [ 0.04387, 48.30015 ], [ 0.04738, 48.29657 ], [ 0.04579, 48.29409 ], [ 0.04655, 48.29048 ], [ 0.04456, 48.28738 ], [ 0.03969, 48.2863 ], [ 0.03686, 48.28424 ], [ 0.03222, 48.28423 ], [ 0.03041, 48.28343 ], [ 0.02627, 48.28003 ], [ 0.0259, 48.27847 ], [ 0.02292, 48.27771 ], [ 0.02202, 48.27573 ] ] } },
{ "type": "Feature", "properties": { "name": null, "weight_class": 1, "permanent": true, "length_km": 3.7 }, "geometry": { "type": "LineString", "coordinates": [ [ 0.19659, 48.27925 ], [ 0.19729, 48.27751 ], [ 0.19465, 48.27312 ], [ 0.18805, 48.2682 ], [ 0.18484, 48.26429 ], [ 0.18813, 48.259 ], [ 0.18829, 48.25599 ], [ 0.19249, 48.25286 ], [ 0.19122, 48.25039 ] ] } },
{ "type": "Feature", "properties": { "name": null, "weight_class": 1, "permanent": false, "length_km": 4.4 }, "geometry": { "type": "LineString", "coordinates": [ [ 0.17503, 48.27248 ], [ 0.16733, 48.27183 ], [ 0.16439, 48.27297 ], [ 0.15719, 48.26813 ], [ 0.14526, 48.26632 ], [ 0.14099, 48.26342 ], [ 0.13498, 48.26447 ], [ 0.12516, 48.26808 ] ] } },
{ "type": "Feature", "properties": { "name": null, "weight_class": 1, "permanent": false, "length_km": 3.4 }, "geometry": { "type": "LineString", "coordinates": [ [ 0.11088, 48.27803 ], [ 0.11176, 48.2813 ], [ 0.11035, 48.28294 ], [ 0.10665, 48.28349 ], [ 0.10145, 48.28191 ], [ 0.10087, 48.28034 ], [ 0.10237, 48.2786 ], [ 0.09822, 48.27469 ], [ 0.09674, 48.27066 ], [ 0.09034, 48.26681 ] ] } },
{ "type": "Feature", "properties": { "name": null, "weight_class": 1, "permanent": false, "length_km": 2.8 }, "geometry": { "type": "LineString", "coordinates": [ [ -0.02107, 48.31747 ], [ -0.02914, 48.30611 ], [ -0.02241, 48.30572 ], [ -0.01418, 48.30278 ] ] } },
{ "type": "Feature", "properties": { "name": null, "weight_class": 1, "permanent": true, "length_km": 2.6 }, "geometry": { "type": "LineString", "coordinates": [ [ -0.10781, 48.3029 ], [ -0.09904, 48.30589 ], [ -0.09277, 48.30927 ], [ -0.08778, 48.3105 ], [ -0.08657, 48.31215 ], [ -0.07928, 48.3144 ] ] } },
{ "type": "Feature", "properties": { "name": null, "weight_class": 1, "permanent": true, "length_km": 2.3 }, "geometry": { "type": "LineString", "coordinates": [ [ -0.07063, 48.28608 ], [ -0.05847, 48.27995 ], [ -0.04425, 48.28263 ] ] } },
{ "type": "Feature", "properties": { "name": "l'Orthe", "weight_class": 1, "permanent": true, "length_km": 19.1 }, "geometry": { "type": "LineString", "coordinates": [ [ -0.156, 48.22936 ], [ -0.15332, 48.23027 ], [ -0.14913, 48.22977 ], [ -0.14332, 48.23141 ], [ -0.14402, 48.23493 ], [ -0.13886, 48.23752 ], [ -0.13941, 48.24108 ], [ -0.13405, 48.24216 ], [ -0.12788, 48.24589 ], [ -0.12778, 48.24721 ], [ -0.12492, 48.24821 ], [ -0.12396, 48.25085 ], [ -0.1194, 48.2537 ], [ -0.12028, 48.25911 ], [ -0.11533, 48.25948 ], [ -0.11278, 48.26251 ], [ -0.10841, 48.26239 ], [ -0.1021, 48.26394 ], [ -0.0968, 48.26074 ], [ -0.08825, 48.25928 ], [ -0.08627, 48.2573 ], [ -0.08105, 48.25514 ], [ -0.07539, 48.25663 ], [ -0.06881, 48.2556 ], [ -0.06632, 48.25665 ], [ -0.06238, 48.25672 ], [ -0.06097, 48.25581 ], [ -0.05472, 48.25858 ], [ -0.05471, 48.25936 ], [ -0.05007, 48.26008 ], [ -0.04975, 48.26248 ], [ -0.04779, 48.26461 ], [ -0.04877, 48.26529 ], [ -0.0481, 48.26678 ], [ -0.04492, 48.2671 ], [ -0.04307, 48.27257 ], [ -0.03953, 48.2737 ], [ -0.04012, 48.27566 ], [ -0.04399, 48.27596 ], [ -0.04482, 48.27701 ], [ -0.04341, 48.27784 ], [ -0.0442, 48.27929 ], [ -0.04208, 48.2799 ], [ -0.04425, 48.28237 ], [ -0.04333, 48.28342 ], [ -0.04433, 48.28536 ], [ -0.04368, 48.28867 ], [ -0.04259, 48.28965 ], [ -0.03947, 48.28997 ] ] } },
{ "type": "Feature", "properties": { "name": null, "weight_class": 1, "permanent": true, "length_km": 3.6 }, "geometry": { "type": "LineString", "coordinates": [ [ 0.1668, 48.26018 ], [ 0.16525, 48.25724 ], [ 0.16112, 48.2552 ], [ 0.15945, 48.25238 ], [ 0.15273, 48.24866 ], [ 0.15066, 48.24449 ], [ 0.14639, 48.23983 ], [ 0.14586, 48.23331 ] ] } },
{ "type": "Feature", "properties": { "name": "le Lombron", "weight_class": 1, "permanent": true, "length_km": 9.4 }, "geometry": { "type": "LineString", "coordinates": [ [ 0.01714, 48.22103 ], [ 0.01943, 48.22028 ], [ 0.02346, 48.22141 ], [ 0.02733, 48.2247 ], [ 0.03265, 48.22462 ], [ 0.03555, 48.22571 ], [ 0.04062, 48.225 ], [ 0.04464, 48.22736 ], [ 0.05259, 48.22964 ], [ 0.06159, 48.22864 ], [ 0.069, 48.22609 ], [ 0.07795, 48.22706 ], [ 0.08669, 48.22596 ], [ 0.09459, 48.23075 ], [ 0.09763, 48.23402 ], [ 0.10683, 48.23472 ], [ 0.11366, 48.24016 ], [ 0.11927, 48.24297 ] ] } },
{ "type": "Feature", "properties": { "name": null, "weight_class": 1, "permanent": false, "length_km": 3.7 }, "geometry": { "type": "LineString", "coordinates": [ [ 0.05769, 48.23705 ], [ 0.06264, 48.23752 ], [ 0.06792, 48.23636 ], [ 0.07362, 48.23638 ], [ 0.08208, 48.23966 ], [ 0.08795, 48.24333 ], [ 0.0924, 48.24278 ], [ 0.09401, 48.24147 ], [ 0.09873, 48.24036 ], [ 0.10165, 48.24113 ] ] } },
{ "type": "Feature", "properties": { "name": null, "weight_class": 1, "permanent": false, "length_km": 2.8 }, "geometry": { "type": "LineString", "coordinates": [ [ 0.08517, 48.24526 ], [ 0.09686, 48.24419 ], [ 0.10342, 48.24028 ], [ 0.11145, 48.24205 ], [ 0.11093, 48.24526 ], [ 0.11232, 48.247 ] ] } },
{ "type": "Feature", "properties": { "name": null, "weight_class": 1, "permanent": false, "length_km": 2.3 }, "geometry": { "type": "LineString", "coordinates": [ [ 0.03873, 48.23566 ], [ 0.04216, 48.23542 ], [ 0.04464, 48.23637 ], [ 0.04743, 48.23582 ], [ 0.05324, 48.23192 ], [ 0.06185, 48.23028 ], [ 0.0645, 48.22799 ] ] } },
{ "type": "Feature", "properties": { "name": null, "weight_class": 1, "permanent": true, "length_km": 3.0 }, "geometry": { "type": "LineString", "coordinates": [ [ 0.0321, 48.23837 ], [ 0.03836, 48.24046 ], [ 0.0407, 48.24389 ], [ 0.04237, 48.24459 ], [ 0.05008, 48.24489 ], [ 0.05109, 48.25055 ], [ 0.05401, 48.25288 ], [ 0.05257, 48.25482 ] ] } },
{ "type": "Feature", "properties": { "name": null, "weight_class": 1, "permanent": true, "length_km": 2.0 }, "geometry": { "type": "LineString", "coordinates": [ [ 0.08922, 48.20491 ], [ 0.09098, 48.20559 ], [ 0.10107, 48.20497 ], [ 0.10425, 48.20296 ], [ 0.10522, 48.20082 ], [ 0.10793, 48.19998 ], [ 0.11071, 48.201 ] ] } },
{ "type": "Feature", "properties": { "name": null, "weight_class": 1, "permanent": true, "length_km": 3.3 }, "geometry": { "type": "LineString", "coordinates": [ [ 0.0748, 48.21106 ], [ 0.07987, 48.21257 ], [ 0.08283, 48.21149 ], [ 0.08645, 48.21215 ], [ 0.087, 48.21155 ], [ 0.09093, 48.21319 ], [ 0.09519, 48.2112 ], [ 0.10217, 48.21157 ], [ 0.10607, 48.21303 ], [ 0.11352, 48.21251 ] ] } },
{ "type": "Feature", "properties": { "name": null, "weight_class": 1, "permanent": true, "length_km": 2.1 }, "geometry": { "type": "LineString", "coordinates": [ [ 0.20947, 48.19574 ], [ 0.2069, 48.19445 ], [ 0.20857, 48.18985 ], [ 0.20537, 48.18679 ], [ 0.20749, 48.18505 ], [ 0.21127, 48.18427 ], [ 0.21238, 48.18198 ] ] } },
{ "type": "Feature", "properties": { "name": "Ruisseau de Roullée", "weight_class": 1, "permanent": true, "length_km": 5.7 }, "geometry": { "type": "LineString", "coordinates": [ [ -0.08938, 48.21462 ], [ -0.08334, 48.21531 ], [ -0.08173, 48.21724 ], [ -0.0774, 48.2191 ], [ -0.06883, 48.22069 ], [ -0.06253, 48.22323 ], [ -0.05985, 48.22566 ], [ -0.06072, 48.22763 ], [ -0.06711, 48.2292 ], [ -0.07212, 48.23309 ], [ -0.06964, 48.2373 ], [ -0.07023, 48.24024 ], [ -0.07162, 48.24267 ], [ -0.07586, 48.24495 ] ] } },
{ "type": "Feature", "properties": { "name": null, "weight_class": 1, "permanent": false, "length_km": 2.8 }, "geometry": { "type": "LineString", "coordinates": [ [ -0.00533, 48.25388 ], [ -0.00555, 48.25605 ], [ -0.00039, 48.25898 ], [ 0.00105, 48.26186 ], [ -0.00035, 48.26532 ], [ 0.0042, 48.2686 ], [ 0.00766, 48.27469 ] ] } },
{ "type": "Feature", "properties": { "name": null, "weight_class": 1, "permanent": false, "length_km": 2.6 }, "geometry": { "type": "LineString", "coordinates": [ [ 0.00199, 48.23252 ], [ 0.0179, 48.2407 ], [ 0.02233, 48.24737 ], [ 0.02208, 48.24896 ] ] } },
{ "type": "Feature", "properties": { "name": null, "weight_class": 1, "permanent": false, "length_km": 3.9 }, "geometry": { "type": "LineString", "coordinates": [ [ 0.00164, 48.23956 ], [ 0.00353, 48.23944 ], [ 0.00813, 48.24178 ], [ 0.0121, 48.24428 ], [ 0.01299, 48.246 ], [ 0.01661, 48.24687 ], [ 0.01732, 48.24879 ], [ 0.02239, 48.24979 ], [ 0.02755, 48.25321 ], [ 0.04318, 48.25566 ] ] } },
{ "type": "Feature", "properties": { "name": null, "weight_class": 1, "permanent": true, "length_km": 6.1 }, "geometry": { "type": "LineString", "coordinates": [ [ -0.05639, 48.23622 ], [ -0.05081, 48.2399 ], [ -0.0455, 48.24138 ], [ -0.03772, 48.242 ], [ -0.03372, 48.24603 ], [ -0.03771, 48.24963 ], [ -0.03931, 48.25271 ], [ -0.04116, 48.25244 ], [ -0.04394, 48.25686 ], [ -0.04437, 48.25897 ], [ -0.04041, 48.26119 ], [ -0.03717, 48.26621 ], [ -0.03867, 48.2693 ], [ -0.03808, 48.27186 ], [ -0.04034, 48.27307 ] ] } },
{ "type": "Feature", "properties": { "name": "les Defays", "weight_class": 1, "permanent": true, "length_km": 11.4 }, "geometry": { "type": "LineString", "coordinates": [ [ -0.13897, 48.19923 ], [ -0.12997, 48.20451 ], [ -0.12882, 48.20683 ], [ -0.13068, 48.21046 ], [ -0.13437, 48.21168 ], [ -0.13923, 48.21069 ], [ -0.14068, 48.21125 ], [ -0.13902, 48.21572 ], [ -0.13033, 48.21859 ], [ -0.1255, 48.22312 ], [ -0.11674, 48.22595 ], [ -0.11493, 48.23132 ], [ -0.11011, 48.23396 ], [ -0.10545, 48.23573 ], [ -0.09488, 48.23745 ], [ -0.08936, 48.23997 ], [ -0.07783, 48.24327 ], [ -0.07448, 48.24667 ], [ -0.07056, 48.24788 ], [ -0.06719, 48.25096 ], [ -0.06645, 48.25542 ] ] } },
{ "type": "Feature", "properties": { "name": null, "weight_class": 1, "permanent": true, "length_km": 3.8 }, "geometry": { "type": "LineString", "coordinates": [ [ -0.02977, 48.19745 ], [ -0.02157, 48.19434 ], [ -0.01763, 48.19391 ], [ -0.00022, 48.1993 ], [ 0.00434, 48.19942 ], [ 0.00553, 48.20078 ], [ 0.01466, 48.20049 ] ] } },
{ "type": "Feature", "properties": { "name": null, "weight_class": 1, "permanent": false, "length_km": 2.2 }, "geometry": { "type": "LineString", "coordinates": [ [ -0.05995, 48.20893 ], [ -0.05376, 48.20761 ], [ -0.04789, 48.20311 ], [ -0.04736, 48.19424 ] ] } },
{ "type": "Feature", "properties": { "name": null, "weight_class": 1, "permanent": false, "length_km": 3.3 }, "geometry": { "type": "LineString", "coordinates": [ [ -0.05026, 48.21044 ], [ -0.04663, 48.21053 ], [ -0.04261, 48.20916 ], [ -0.03683, 48.20929 ], [ -0.03427, 48.20672 ], [ -0.03176, 48.20629 ], [ -0.03191, 48.20558 ], [ -0.02671, 48.20438 ], [ -0.02651, 48.20278 ], [ -0.02247, 48.19916 ], [ -0.02406, 48.19558 ] ] } },
{ "type": "Feature", "properties": { "name": null, "weight_class": 1, "permanent": true, "length_km": 3.5 }, "geometry": { "type": "LineString", "coordinates": [ [ -0.06845, 48.20699 ], [ -0.06275, 48.20259 ], [ -0.0602, 48.20191 ], [ -0.05822, 48.19787 ], [ -0.05131, 48.19627 ], [ -0.04735, 48.19423 ], [ -0.04482, 48.1905 ], [ -0.04525, 48.18474 ] ] } },
{ "type": "Feature", "properties": { "name": "Ruisseau le Gué Moreau", "weight_class": 1, "permanent": true, "length_km": 4.9 }, "geometry": { "type": "LineString", "coordinates": [ [ -0.07922, 48.20446 ], [ -0.07617, 48.20305 ], [ -0.07568, 48.20066 ], [ -0.06941, 48.1969 ], [ -0.0677, 48.19364 ], [ -0.06454, 48.19076 ], [ -0.06095, 48.18934 ], [ -0.06061, 48.18789 ], [ -0.04526, 48.18475 ], [ -0.04338, 48.18049 ], [ -0.03887, 48.17819 ], [ -0.03849, 48.17637 ] ] } },
{ "type": "Feature", "properties": { "name": "Ruisseau de Jouteau", "weight_class": 1, "permanent": false, "length_km": 3.7 }, "geometry": { "type": "LineString", "coordinates": [ [ -0.10326, 48.21094 ], [ -0.11061, 48.20969 ], [ -0.11277, 48.21105 ], [ -0.1138, 48.2154 ], [ -0.10663, 48.22066 ], [ -0.10765, 48.22272 ], [ -0.11095, 48.22329 ], [ -0.11629, 48.22899 ] ] } },
{ "type": "Feature", "properties": { "name": "le Jambelle", "weight_class": 1, "permanent": true, "length_km": 3.5 }, "geometry": { "type": "LineString", "coordinates": [ [ -0.15498, 48.31401 ], [ -0.14332, 48.31445 ], [ -0.13514, 48.31718 ], [ -0.12772, 48.31558 ], [ -0.12592, 48.31664 ], [ -0.12322, 48.31673 ], [ -0.12018, 48.31886 ], [ -0.11557, 48.32011 ], [ -0.11336, 48.31963 ] ] } },
{ "type": "Feature", "properties": { "name": "la Vaudelle", "weight_class": 1, "permanent": true, "length_km": 7.4 }, "geometry": { "type": "LineString", "coordinates": [ [ -0.13825, 48.29306 ], [ -0.13601, 48.29328 ], [ -0.13428, 48.29146 ], [ -0.13186, 48.2918 ], [ -0.12889, 48.2937 ], [ -0.12774, 48.2932 ], [ -0.12709, 48.29042 ], [ -0.11818, 48.28848 ], [ -0.11272, 48.28999 ], [ -0.10678, 48.28943 ], [ -0.10139, 48.29151 ], [ -0.09644, 48.29487 ], [ -0.08509, 48.29879 ], [ -0.08382, 48.3004 ], [ -0.08112, 48.29999 ], [ -0.07994, 48.30108 ], [ -0.07682, 48.2999 ], [ -0.07118, 48.30404 ], [ -0.07009, 48.30345 ] ] } },
{ "type": "Feature", "properties": { "name": null, "weight_class": 1, "permanent": true, "length_km": 2.5 }, "geometry": { "type": "LineString", "coordinates": [ [ -0.08893, 48.2784 ], [ -0.08284, 48.27967 ], [ -0.07618, 48.27947 ], [ -0.07239, 48.27681 ], [ -0.06882, 48.27665 ], [ -0.05847, 48.27995 ] ] } },
{ "type": "Feature", "properties": { "name": null, "weight_class": 1, "permanent": false, "length_km": 2.0 }, "geometry": { "type": "LineString", "coordinates": [ [ -0.14518, 48.26035 ], [ -0.14369, 48.26095 ], [ -0.13661, 48.25929 ], [ -0.12296, 48.26045 ], [ -0.12006, 48.25929 ] ] } },
{ "type": "Feature", "properties": { "name": null, "weight_class": 1, "permanent": false, "length_km": 2.3 }, "geometry": { "type": "LineString", "coordinates": [ [ -0.13378, 48.27386 ], [ -0.11907, 48.28067 ], [ -0.11651, 48.28368 ], [ -0.11645, 48.28866 ] ] } },
{ "type": "Feature", "properties": { "name": null, "weight_class": 1, "permanent": true, "length_km": 4.4 }, "geometry": { "type": "LineString", "coordinates": [ [ -0.15523, 48.25941 ], [ -0.15369, 48.26217 ], [ -0.14492, 48.26639 ], [ -0.14419, 48.26965 ], [ -0.13529, 48.2799 ], [ -0.13528, 48.28269 ], [ -0.13111, 48.28639 ], [ -0.12866, 48.29069 ], [ -0.12713, 48.29045 ] ] } },
{ "type": "Feature", "properties": { "name": null, "weight_class": 1, "permanent": false, "length_km": 2.9 }, "geometry": { "type": "LineString", "coordinates": [ [ -0.15709, 48.25387 ], [ -0.1481, 48.25393 ], [ -0.14453, 48.25485 ], [ -0.13996, 48.25285 ], [ -0.1373, 48.2527 ], [ -0.12979, 48.25468 ], [ -0.12212, 48.25252 ] ] } },
{ "type": "Feature", "properties": { "name": "la Longuève", "weight_class": 1, "permanent": true, "length_km": 23.6 }, "geometry": { "type": "LineString", "coordinates": [ [ -0.08996, 48.20426 ], [ -0.08749, 48.20279 ], [ -0.08441, 48.2025 ], [ -0.07925, 48.1971 ], [ -0.07896, 48.19437 ], [ -0.08115, 48.19336 ], [ -0.08202, 48.19114 ], [ -0.08148, 48.1895 ], [ -0.07669, 48.18743 ], [ -0.07418, 48.18434 ], [ -0.07668, 48.18157 ], [ -0.07333, 48.17714 ], [ -0.0661, 48.17625 ], [ -0.05786, 48.17674 ], [ -0.05448, 48.1755 ], [ -0.04688, 48.17538 ], [ -0.03713, 48.17667 ], [ -0.02839, 48.17321 ], [ -0.02724, 48.17192 ], [ -0.02004, 48.17067 ], [ -0.01042, 48.16722 ], [ -0.00792, 48.16477 ], [ -0.005, 48.1647 ], [ -0.00441, 48.16372 ], [ 0.0019, 48.16241 ], [ 0.0082, 48.16497 ], [ 0.01224, 48.16865 ], [ 0.01146, 48.1713 ], [ 0.00709, 48.17293 ], [ 0.01397, 48.18065 ], [ 0.01937, 48.18186 ], [ 0.02812, 48.18132 ], [ 0.0315, 48.17885 ], [ 0.03639, 48.17701 ], [ 0.04475, 48.17663 ], [ 0.04737, 48.1757 ], [ 0.05269, 48.17831 ], [ 0.05582, 48.18208 ], [ 0.06258, 48.18162 ], [ 0.06501, 48.18255 ], [ 0.0693, 48.18256 ], [ 0.08466, 48.18964 ], [ 0.09506, 48.19063 ], [ 0.10773, 48.18956 ], [ 0.1125, 48.19205 ], [ 0.11504, 48.19222 ], [ 0.11862, 48.192 ], [ 0.12197, 48.18998 ] ] } },
{ "type": "Feature", "properties": { "name": "l'Erve", "weight_class": 3, "permanent": true, "length_km": 18.2 }, "geometry": { "type": "LineString", "coordinates": [ [ -0.40482, 47.9185 ], [ -0.40647, 47.91666 ], [ -0.40478, 47.91433 ], [ -0.40239, 47.91372 ], [ -0.39672, 47.91626 ], [ -0.39591, 47.91888 ], [ -0.39303, 47.919 ], [ -0.39246, 47.91479 ], [ -0.3874, 47.91061 ], [ -0.38584, 47.91028 ], [ -0.38037, 47.91208 ], [ -0.37782, 47.91168 ], [ -0.37716, 47.90819 ], [ -0.37954, 47.90517 ], [ -0.3775, 47.90309 ], [ -0.37346, 47.90217 ], [ -0.36702, 47.90534 ], [ -0.36353, 47.90412 ], [ -0.36335, 47.90047 ], [ -0.36149, 47.89716 ], [ -0.35614, 47.89702 ], [ -0.35754, 47.89464 ], [ -0.36019, 47.89464 ], [ -0.36443, 47.89268 ], [ -0.36281, 47.89065 ], [ -0.35664, 47.89002 ], [ -0.35164, 47.89111 ], [ -0.3506, 47.8901 ], [ -0.35181, 47.88685 ], [ -0.35676, 47.88453 ], [ -0.35963, 47.88091 ], [ -0.35894, 47.87925 ], [ -0.35326, 47.87735 ], [ -0.35404, 47.87396 ], [ -0.35645, 47.87243 ], [ -0.35807, 47.86933 ], [ -0.35595, 47.86845 ], [ -0.35265, 47.86949 ], [ -0.34982, 47.86914 ], [ -0.34259, 47.86591 ], [ -0.34431, 47.86026 ], [ -0.33907, 47.85738 ], [ -0.34257, 47.84849 ], [ -0.34149, 47.84623 ], [ -0.3372, 47.8443 ], [ -0.33468, 47.84442 ], [ -0.33363, 47.84106 ], [ -0.33162, 47.84001 ] ] } },
{ "type": "Feature", "properties": { "name": null, "weight_class": 1, "permanent": false, "length_km": 4.3 }, "geometry": { "type": "MultiLineString", "coordinates": [ [ [ -0.14821, 48.16209 ], [ -0.15368, 48.15377 ] ], [ [ -0.11132, 48.18107 ], [ -0.11545, 48.17926 ], [ -0.12297, 48.17782 ], [ -0.13205, 48.17416 ], [ -0.13976, 48.17253 ], [ -0.14588, 48.16814 ] ] ] } },
{ "type": "Feature", "properties": { "name": null, "weight_class": 1, "permanent": true, "length_km": 5.1 }, "geometry": { "type": "LineString", "coordinates": [ [ -0.14979, 48.19035 ], [ -0.15355, 48.19224 ], [ -0.15619, 48.19189 ], [ -0.16235, 48.18722 ], [ -0.16173, 48.1867 ], [ -0.16497, 48.18363 ], [ -0.16471, 48.17716 ], [ -0.16105, 48.17205 ], [ -0.1622, 48.17147 ], [ -0.16057, 48.16594 ], [ -0.16213, 48.16307 ], [ -0.16001, 48.15757 ] ] } },
{ "type": "Feature", "properties": { "name": null, "weight_class": 1, "permanent": false, "length_km": 2.4 }, "geometry": { "type": "LineString", "coordinates": [ [ -0.15101, 48.18799 ], [ -0.15487, 48.18343 ], [ -0.15422, 48.17621 ], [ -0.15558, 48.17603 ], [ -0.15628, 48.1735 ], [ -0.1618, 48.17078 ] ] } },
{ "type": "Feature", "properties": { "name": "Ruisseau de Coëlon", "weight_class": 1, "permanent": true, "length_km": 5.0 }, "geometry": { "type": "MultiLineString", "coordinates": [ [ [ 0.35444, 48.16191 ], [ 0.35222, 48.16314 ], [ 0.34253, 48.16059 ], [ 0.34196, 48.16135 ], [ 0.33818, 48.16146 ], [ 0.33563, 48.15939 ], [ 0.33553, 48.15621 ], [ 0.33377, 48.15614 ], [ 0.33281, 48.15472 ] ], [ [ 0.35627, 48.15858 ], [ 0.35374, 48.15944 ], [ 0.35444, 48.16191 ] ], [ [ 0.35627, 48.15858 ], [ 0.35444, 48.16191 ] ], [ [ 0.36613, 48.14822 ], [ 0.35785, 48.1523 ], [ 0.35587, 48.15601 ], [ 0.35627, 48.15858 ] ] ] } },
{ "type": "Feature", "properties": { "name": "Ruisseau la Morte Parence", "weight_class": 1, "permanent": true, "length_km": 5.4 }, "geometry": { "type": "LineString", "coordinates": [ [ 0.31684, 48.16318 ], [ 0.31618, 48.16089 ], [ 0.31856, 48.15861 ], [ 0.31631, 48.15525 ], [ 0.31722, 48.15335 ], [ 0.31414, 48.15055 ], [ 0.30714, 48.14801 ], [ 0.30681, 48.14603 ], [ 0.30047, 48.14178 ], [ 0.29972, 48.13808 ], [ 0.30671, 48.13337 ], [ 0.30356, 48.12807 ], [ 0.30614, 48.12735 ] ] } },
{ "type": "Feature", "properties": { "name": "Ruisseau du Moulin au Moine", "weight_class": 1, "permanent": false, "length_km": 2.7 }, "geometry": { "type": "LineString", "coordinates": [ [ 0.43682, 48.12799 ], [ 0.43165, 48.12778 ], [ 0.42849, 48.12995 ], [ 0.42412, 48.12971 ], [ 0.41644, 48.12797 ], [ 0.40911, 48.1235 ], [ 0.40694, 48.12369 ] ] } },
{ "type": "Feature", "properties": { "name": "Ruisseau de la Garaudière", "weight_class": 1, "permanent": true, "length_km": 2.3 }, "geometry": { "type": "LineString", "coordinates": [ [ 0.42435, 48.1152 ], [ 0.42391, 48.11606 ], [ 0.41997, 48.11579 ], [ 0.4127, 48.11937 ], [ 0.40885, 48.11843 ], [ 0.40222, 48.11977 ], [ 0.3981, 48.11881 ] ] } },
{ "type": "Feature", "properties": { "name": "la Fontaine", "weight_class": 1, "permanent": true, "length_km": 2.2 }, "geometry": { "type": "LineString", "coordinates": [ [ 0.37633, 48.13509 ], [ 0.38015, 48.12861 ], [ 0.37811, 48.12117 ], [ 0.38048, 48.12055 ], [ 0.38221, 48.11883 ] ] } },
{ "type": "Feature", "properties": { "name": "Ruisseau des Mézières", "weight_class": 1, "permanent": true, "length_km": 3.1 }, "geometry": { "type": "LineString", "coordinates": [ [ 0.53558, 48.09103 ], [ 0.53272, 48.08939 ], [ 0.53021, 48.08581 ], [ 0.51676, 48.08408 ], [ 0.51488, 48.08235 ], [ 0.51523, 48.08023 ], [ 0.51695, 48.0788 ], [ 0.51651, 48.07751 ], [ 0.51141, 48.07666 ] ] } },
{ "type": "Feature", "properties": { "name": "la Mandrelle", "weight_class": 1, "permanent": false, "length_km": 2.1 }, "geometry": { "type": "LineString", "coordinates": [ [ 0.4522, 48.10382 ], [ 0.45688, 48.10657 ], [ 0.46073, 48.10571 ], [ 0.46396, 48.1077 ], [ 0.47069, 48.10595 ], [ 0.47474, 48.10689 ] ] } },
{ "type": "Feature", "properties": { "name": "Ruisseau de Lortier", "weight_class": 1, "permanent": true, "length_km": 8.3 }, "geometry": { "type": "LineString", "coordinates": [ [ 0.41571, 48.10436 ], [ 0.41025, 48.10074 ], [ 0.40172, 48.09963 ], [ 0.39841, 48.09642 ], [ 0.39134, 48.09706 ], [ 0.38954, 48.09655 ], [ 0.38825, 48.09724 ], [ 0.3832, 48.0945 ], [ 0.3775, 48.09331 ], [ 0.37129, 48.09015 ], [ 0.36872, 48.08975 ], [ 0.36674, 48.08447 ], [ 0.3612, 48.08066 ], [ 0.35791, 48.07998 ], [ 0.35431, 48.07783 ], [ 0.35275, 48.07081 ], [ 0.35423, 48.06271 ], [ 0.35542, 48.06183 ] ] } },
{ "type": "Feature", "properties": { "name": "Ruisseau de Crocieux", "weight_class": 1, "permanent": true, "length_km": 2.3 }, "geometry": { "type": "LineString", "coordinates": [ [ 0.41104, 48.09475 ], [ 0.40814, 48.09464 ], [ 0.39973, 48.08987 ], [ 0.39721, 48.08686 ], [ 0.39695, 48.08371 ], [ 0.39471, 48.08019 ] ] } },
{ "type": "Feature", "properties": { "name": "Ruisseau du Pansais", "weight_class": 1, "permanent": true, "length_km": 5.9 }, "geometry": { "type": "LineString", "coordinates": [ [ 0.24932, 48.12791 ], [ 0.24303, 48.12195 ], [ 0.2387, 48.12075 ], [ 0.23857, 48.11929 ], [ 0.23258, 48.11779 ], [ 0.23233, 48.11388 ], [ 0.2305, 48.11103 ], [ 0.22814, 48.10965 ], [ 0.21725, 48.10749 ], [ 0.21217, 48.1052 ], [ 0.21109, 48.10274 ], [ 0.20607, 48.10186 ], [ 0.19905, 48.09846 ], [ 0.19852, 48.09772 ], [ 0.20026, 48.09635 ] ] } },
{ "type": "Feature", "properties": { "name": "Ruisseau dit de Courdoux", "weight_class": 1, "permanent": true, "length_km": 4.7 }, "geometry": { "type": "LineString", "coordinates": [ [ 0.24542, 48.05869 ], [ 0.25674, 48.05804 ], [ 0.26641, 48.05873 ], [ 0.2686, 48.0611 ], [ 0.27018, 48.06167 ], [ 0.27233, 48.06107 ], [ 0.27628, 48.0632 ], [ 0.27989, 48.06736 ], [ 0.28397, 48.06882 ], [ 0.28893, 48.06972 ], [ 0.29002, 48.06925 ], [ 0.29819, 48.07127 ] ] } },
{ "type": "Feature", "properties": { "name": null, "weight_class": 1, "permanent": false, "length_km": 3.1 }, "geometry": { "type": "LineString", "coordinates": [ [ 0.38403, 48.17661 ], [ 0.38157, 48.17673 ], [ 0.38022, 48.17522 ], [ 0.36837, 48.17552 ], [ 0.35658, 48.17096 ], [ 0.35297, 48.17137 ], [ 0.34853, 48.17063 ] ] } },
{ "type": "Feature", "properties": { "name": null, "weight_class": 1, "permanent": true, "length_km": 2.2 }, "geometry": { "type": "LineString", "coordinates": [ [ 0.34616, 48.18015 ], [ 0.34727, 48.17878 ], [ 0.34864, 48.17881 ], [ 0.35011, 48.17499 ], [ 0.34853, 48.17063 ], [ 0.3394, 48.16619 ] ] } },
{ "type": "Feature", "properties": { "name": "la Morte Parence", "weight_class": 1, "permanent": true, "length_km": 18.8 }, "geometry": { "type": "LineString", "coordinates": [ [ 0.3324, 48.17441 ], [ 0.33207, 48.17168 ], [ 0.33372, 48.16869 ], [ 0.3394, 48.16619 ], [ 0.33631, 48.16155 ], [ 0.33267, 48.16046 ], [ 0.32966, 48.15719 ], [ 0.32996, 48.15609 ], [ 0.33368, 48.1543 ], [ 0.33448, 48.15148 ], [ 0.33136, 48.14569 ], [ 0.33159, 48.14366 ], [ 0.3297, 48.14171 ], [ 0.32397, 48.13955 ], [ 0.32483, 48.13858 ], [ 0.31623, 48.13096 ], [ 0.30616, 48.12759 ], [ 0.30684, 48.12536 ], [ 0.30976, 48.12309 ], [ 0.30463, 48.11592 ], [ 0.2988, 48.11292 ], [ 0.29851, 48.101 ], [ 0.28808, 48.10083 ], [ 0.28586, 48.09968 ], [ 0.28487, 48.10056 ], [ 0.28363, 48.10029 ], [ 0.28195, 48.09821 ], [ 0.27799, 48.09706 ], [ 0.27827, 48.09411 ], [ 0.27466, 48.09289 ], [ 0.2824, 48.08791 ], [ 0.28161, 48.08267 ], [ 0.28322, 48.07963 ], [ 0.28595, 48.07834 ], [ 0.29203, 48.07849 ], [ 0.29556, 48.07693 ], [ 0.29743, 48.07526 ], [ 0.29726, 48.07184 ], [ 0.30081, 48.06985 ], [ 0.3007, 48.06826 ], [ 0.30407, 48.06488 ] ] } },
{ "type": "Feature", "properties": { "name": null, "weight_class": 1, "permanent": false, "length_km": 3.4 }, "geometry": { "type": "LineString", "coordinates": [ [ 0.54018, 48.1484 ], [ 0.53997, 48.14557 ], [ 0.54236, 48.14321 ], [ 0.54171, 48.13969 ], [ 0.54461, 48.13479 ], [ 0.5437, 48.12597 ], [ 0.54079, 48.11978 ] ] } },
{ "type": "Feature", "properties": { "name": "la Vimelle", "weight_class": 1, "permanent": true, "length_km": 9.7 }, "geometry": { "type": "LineString", "coordinates": [ [ 0.52736, 48.16327 ], [ 0.52598, 48.16128 ], [ 0.52742, 48.15875 ], [ 0.52506, 48.15574 ], [ 0.52571, 48.15205 ], [ 0.51908, 48.14669 ], [ 0.52194, 48.14078 ], [ 0.52103, 48.13936 ], [ 0.52312, 48.13699 ], [ 0.52139, 48.13206 ], [ 0.52876, 48.12713 ], [ 0.53115, 48.12662 ], [ 0.53278, 48.12426 ], [ 0.53504, 48.12416 ], [ 0.53663, 48.12145 ], [ 0.53974, 48.12065 ], [ 0.54138, 48.11907 ], [ 0.54644, 48.11727 ], [ 0.54904, 48.11791 ], [ 0.55271, 48.11666 ], [ 0.5541, 48.11075 ], [ 0.55735, 48.10703 ], [ 0.55632, 48.10589 ], [ 0.56275, 48.10016 ], [ 0.56285, 48.0984 ] ] } },
{ "type": "Feature", "properties": { "name": "la Vive Parence", "weight_class": 1, "permanent": true, "length_km": 26.1 }, "geometry": { "type": "LineString", "coordinates": [ [ 0.46579, 48.16961 ], [ 0.46413, 48.16945 ], [ 0.4566, 48.16386 ], [ 0.44839, 48.16168 ], [ 0.4453, 48.15805 ], [ 0.43797, 48.15915 ], [ 0.4327, 48.15745 ], [ 0.42497, 48.15133 ], [ 0.41721, 48.1478 ], [ 0.41662, 48.14667 ], [ 0.41258, 48.14594 ], [ 0.41218, 48.14359 ], [ 0.40846, 48.14252 ], [ 0.40597, 48.14303 ], [ 0.40143, 48.13868 ], [ 0.39673, 48.13731 ], [ 0.39301, 48.13293 ], [ 0.39384, 48.12995 ], [ 0.3915, 48.12871 ], [ 0.39187, 48.12765 ], [ 0.38909, 48.12561 ], [ 0.38804, 48.12282 ], [ 0.3821, 48.11875 ], [ 0.38322, 48.1166 ], [ 0.38161, 48.11411 ], [ 0.37822, 48.11228 ], [ 0.37813, 48.10767 ], [ 0.37439, 48.10411 ], [ 0.36887, 48.1018 ], [ 0.36576, 48.09863 ], [ 0.35812, 48.09877 ], [ 0.35761, 48.0949 ], [ 0.35174, 48.09157 ], [ 0.33645, 48.09137 ], [ 0.33275, 48.09251 ], [ 0.32621, 48.09019 ], [ 0.32329, 48.08684 ], [ 0.32584, 48.08307 ], [ 0.32589, 48.07979 ], [ 0.32094, 48.0784 ], [ 0.3144, 48.07346 ], [ 0.30815, 48.07025 ], [ 0.30653, 48.06746 ], [ 0.30423, 48.0672 ], [ 0.30294, 48.0626 ], [ 0.29943, 48.06124 ], [ 0.29807, 48.0576 ], [ 0.30017, 48.05631 ], [ 0.30276, 48.05033 ], [ 0.30598, 48.04803 ], [ 0.30335, 48.04622 ], [ 0.3027, 48.04384 ], [ 0.29967, 48.04378 ], [ 0.29701, 48.04225 ], [ 0.29699, 48.04123 ], [ 0.29319, 48.03972 ], [ 0.29325, 48.03728 ] ] } },
{ "type": "Feature", "properties": { "name": "la Jousse", "weight_class": 1, "permanent": true, "length_km": 7.6 }, "geometry": { "type": "LineString", "coordinates": [ [ 0.47756, 48.16583 ], [ 0.47923, 48.16291 ], [ 0.48514, 48.16042 ], [ 0.48313, 48.15724 ], [ 0.48368, 48.15437 ], [ 0.48836, 48.14847 ], [ 0.49411, 48.14592 ], [ 0.49588, 48.14399 ], [ 0.49613, 48.14112 ], [ 0.49867, 48.13805 ], [ 0.49774, 48.13618 ], [ 0.50341, 48.12748 ], [ 0.50601, 48.1257 ], [ 0.51115, 48.1246 ], [ 0.51055, 48.12128 ], [ 0.51165, 48.11938 ], [ 0.51947, 48.11354 ] ] } },
{ "type": "Feature", "properties": { "name": null, "weight_class": 1, "permanent": false, "length_km": 2.0 }, "geometry": { "type": "LineString", "coordinates": [ [ 0.37798, 48.16343 ], [ 0.37296, 48.163 ], [ 0.37282, 48.16214 ], [ 0.36859, 48.16308 ], [ 0.36372, 48.16159 ], [ 0.35416, 48.16237 ] ] } },
{ "type": "Feature", "properties": { "name": "Ruisseau de la Furetière", "weight_class": 1, "permanent": true, "length_km": 2.8 }, "geometry": { "type": "LineString", "coordinates": [ [ 0.36067, 48.12945 ], [ 0.36265, 48.13019 ], [ 0.36368, 48.12894 ], [ 0.36679, 48.12825 ], [ 0.37042, 48.12411 ], [ 0.37247, 48.12374 ], [ 0.37499, 48.11942 ], [ 0.37712, 48.11889 ], [ 0.37682, 48.11641 ], [ 0.37939, 48.11314 ] ] } },
{ "type": "Feature", "properties": { "name": null, "weight_class": 1, "permanent": true, "length_km": 2.9 }, "geometry": { "type": "LineString", "coordinates": [ [ 0.30643, 48.16311 ], [ 0.29959, 48.16011 ], [ 0.29706, 48.16021 ], [ 0.28969, 48.16515 ], [ 0.28764, 48.165 ], [ 0.28582, 48.16364 ], [ 0.28136, 48.16965 ] ] } },
{ "type": "Feature", "properties": { "name": null, "weight_class": 1, "permanent": true, "length_km": 3.0 }, "geometry": { "type": "LineString", "coordinates": [ [ 0.2671, 48.14911 ], [ 0.27608, 48.1495 ], [ 0.27943, 48.14827 ], [ 0.28346, 48.14402 ], [ 0.28844, 48.14342 ], [ 0.29397, 48.14148 ], [ 0.29832, 48.14188 ], [ 0.30045, 48.14124 ] ] } },
{ "type": "Feature", "properties": { "name": "l'Aulnay", "weight_class": 1, "permanent": false, "length_km": 6.7 }, "geometry": { "type": "LineString", "coordinates": [ [ 0.2476, 48.15032 ], [ 0.24467, 48.14956 ], [ 0.24034, 48.14437 ], [ 0.23842, 48.14095 ], [ 0.23898, 48.13825 ], [ 0.23043, 48.13325 ], [ 0.22601, 48.1332 ], [ 0.21777, 48.13515 ], [ 0.21322, 48.14099 ], [ 0.20875, 48.14335 ], [ 0.20604, 48.14332 ], [ 0.20157, 48.14101 ], [ 0.19743, 48.1412 ], [ 0.19319, 48.14004 ], [ 0.19018, 48.14028 ], [ 0.18795, 48.14224 ], [ 0.18587, 48.14121 ] ] } },
{ "type": "Feature", "properties": { "name": "Ruisseau de Saint-Étienne", "weight_class": 1, "permanent": true, "length_km": 7.9 }, "geometry": { "type": "LineString", "coordinates": [ [ 0.25387, 48.15401 ], [ 0.25684, 48.15575 ], [ 0.26374, 48.15702 ], [ 0.26731, 48.15993 ], [ 0.27083, 48.16562 ], [ 0.27518, 48.16705 ], [ 0.27482, 48.16777 ], [ 0.28136, 48.16965 ], [ 0.28758, 48.17501 ], [ 0.2847, 48.17896 ], [ 0.28462, 48.18344 ], [ 0.27935, 48.18445 ], [ 0.27922, 48.18531 ], [ 0.27048, 48.18504 ], [ 0.26319, 48.18277 ], [ 0.24817, 48.18728 ] ] } },
{ "type": "Feature", "properties": { "name": "le Beillé", "weight_class": 1, "permanent": false, "length_km": 5.9 }, "geometry": { "type": "LineString", "coordinates": [ [ 0.48222, 48.13726 ], [ 0.48075, 48.13517 ], [ 0.48377, 48.13159 ], [ 0.49267, 48.13045 ], [ 0.49572, 48.12567 ], [ 0.50089, 48.1223 ], [ 0.50139, 48.11635 ], [ 0.49541, 48.11171 ], [ 0.49671, 48.10656 ], [ 0.49988, 48.10412 ], [ 0.49879, 48.10115 ], [ 0.49953, 48.09607 ] ] } },
{ "type": "Feature", "properties": { "name": "le Grigné", "weight_class": 1, "permanent": true, "length_km": 10.1 }, "geometry": { "type": "LineString", "coordinates": [ [ 0.45762, 48.13562 ], [ 0.45243, 48.13412 ], [ 0.45158, 48.13255 ], [ 0.45434, 48.1258 ], [ 0.45231, 48.12305 ], [ 0.45356, 48.11783 ], [ 0.45598, 48.11735 ], [ 0.45691, 48.11549 ], [ 0.46136, 48.11294 ], [ 0.46444, 48.1125 ], [ 0.46902, 48.11344 ], [ 0.47201, 48.1124 ], [ 0.47471, 48.10925 ], [ 0.47599, 48.10453 ], [ 0.48035, 48.09954 ], [ 0.4897, 48.09758 ], [ 0.49076, 48.09565 ], [ 0.49973, 48.09611 ], [ 0.50339, 48.09475 ], [ 0.51002, 48.08783 ], [ 0.5108, 48.08503 ], [ 0.51306, 48.08299 ], [ 0.51141, 48.07666 ] ] } },
{ "type": "Feature", "properties": { "name": "le Moulin au Moine", "weight_class": 1, "permanent": false, "length_km": 4.5 }, "geometry": { "type": "LineString", "coordinates": [ [ 0.41475, 48.13381 ], [ 0.41214, 48.13222 ], [ 0.41227, 48.1299 ], [ 0.40678, 48.1235 ], [ 0.40177, 48.12271 ], [ 0.39529, 48.11659 ], [ 0.39186, 48.11488 ], [ 0.38919, 48.11474 ], [ 0.38792, 48.11249 ], [ 0.37853, 48.10943 ] ] } },
{ "type": "Feature", "properties": { "name": null, "weight_class": 1, "permanent": true, "length_km": 3.7 }, "geometry": { "type": "LineString", "coordinates": [ [ 0.35057, 48.13279 ], [ 0.3566, 48.13531 ], [ 0.35557, 48.13898 ], [ 0.35325, 48.14038 ], [ 0.35101, 48.13977 ], [ 0.34924, 48.14036 ], [ 0.34867, 48.14416 ], [ 0.34309, 48.1497 ], [ 0.33599, 48.15308 ], [ 0.33448, 48.15147 ] ] } },
{ "type": "Feature", "properties": { "name": null, "weight_class": 1, "permanent": false, "length_km": 3.7 }, "geometry": { "type": "LineString", "coordinates": [ [ 0.26461, 48.12844 ], [ 0.27198, 48.12644 ], [ 0.27933, 48.12688 ], [ 0.29275, 48.12207 ], [ 0.29736, 48.12219 ], [ 0.30445, 48.11586 ] ] } },
{ "type": "Feature", "properties": { "name": "Ruisseau de Loresse", "weight_class": 1, "permanent": true, "length_km": 4.4 }, "geometry": { "type": "LineString", "coordinates": [ [ 0.44404, 48.08233 ], [ 0.4394, 48.08002 ], [ 0.43914, 48.07626 ], [ 0.43907, 48.07239 ], [ 0.44141, 48.06922 ], [ 0.43965, 48.06236 ], [ 0.4425, 48.0588 ], [ 0.44195, 48.04687 ] ] } },
{ "type": "Feature", "properties": { "name": "le Fleuret", "weight_class": 1, "permanent": false, "length_km": 3.3 }, "geometry": { "type": "LineString", "coordinates": [ [ 0.45308, 48.0915 ], [ 0.4562, 48.09112 ], [ 0.47222, 48.09429 ], [ 0.47615, 48.09407 ], [ 0.47886, 48.0926 ], [ 0.48263, 48.09297 ], [ 0.486, 48.09341 ], [ 0.48508, 48.09406 ], [ 0.49076, 48.09565 ] ] } },
{ "type": "Feature", "properties": { "name": null, "weight_class": 1, "permanent": false, "length_km": 2.4 }, "geometry": { "type": "LineString", "coordinates": [ [ 0.34616, 48.1043 ], [ 0.3431, 48.1046 ], [ 0.33885, 48.09991 ], [ 0.33172, 48.09543 ], [ 0.32684, 48.09354 ], [ 0.32792, 48.09102 ] ] } },
{ "type": "Feature", "properties": { "name": null, "weight_class": 1, "permanent": false, "length_km": 3.5 }, "geometry": { "type": "LineString", "coordinates": [ [ 0.25648, 48.1002 ], [ 0.26215, 48.10513 ], [ 0.26989, 48.10675 ], [ 0.27595, 48.10697 ], [ 0.27725, 48.10594 ], [ 0.285, 48.10672 ], [ 0.28892, 48.10609 ], [ 0.28774, 48.1032 ], [ 0.28864, 48.10073 ] ] } },
{ "type": "Feature", "properties": { "name": "le Gué aux Ânes", "weight_class": 1, "permanent": true, "length_km": 5.1 }, "geometry": { "type": "LineString", "coordinates": [ [ 0.47618, 48.02878 ], [ 0.47889, 48.03114 ], [ 0.48237, 48.0316 ], [ 0.48416, 48.03484 ], [ 0.48356, 48.0369 ], [ 0.48743, 48.03899 ], [ 0.49003, 48.04214 ], [ 0.49467, 48.04422 ], [ 0.49662, 48.0461 ], [ 0.49766, 48.04959 ], [ 0.50017, 48.05121 ], [ 0.50219, 48.05768 ], [ 0.49674, 48.05827 ], [ 0.4953, 48.0602 ] ] } },
{ "type": "Feature", "properties": { "name": "le Dué", "weight_class": 1, "permanent": true, "length_km": 18.3 }, "geometry": { "type": "LineString", "coordinates": [ [ 0.63833, 47.98049 ], [ 0.64002, 47.986 ], [ 0.64336, 47.9904 ], [ 0.64336, 47.99353 ], [ 0.63944, 47.9952 ], [ 0.63589, 48.00152 ], [ 0.63206, 48.00514 ], [ 0.62829, 48.00672 ], [ 0.62886, 48.00751 ], [ 0.6207, 48.00921 ], [ 0.60439, 48.00809 ], [ 0.59646, 48.01137 ], [ 0.59442, 48.01423 ], [ 0.57944, 48.02143 ], [ 0.57148, 48.02212 ], [ 0.56779, 48.02159 ], [ 0.56567, 48.02238 ], [ 0.55775, 48.02746 ], [ 0.55634, 48.02934 ], [ 0.54969, 48.03188 ], [ 0.54907, 48.0364 ], [ 0.54442, 48.0403 ], [ 0.53858, 48.04325 ], [ 0.53471, 48.04699 ], [ 0.53271, 48.04801 ], [ 0.5316, 48.0476 ], [ 0.52958, 48.0492 ], [ 0.51574, 48.05236 ], [ 0.51205, 48.05493 ], [ 0.51029, 48.05454 ], [ 0.50666, 48.05552 ], [ 0.50403, 48.05655 ], [ 0.50366, 48.05765 ], [ 0.49544, 48.0601 ], [ 0.49393, 48.06226 ], [ 0.48951, 48.06368 ] ] } },
{ "type": "Feature", "properties": { "name": null, "weight_class": 1, "permanent": false, "length_km": 2.1 }, "geometry": { "type": "LineString", "coordinates": [ [ 0.45995, 48.07668 ], [ 0.47178, 48.07573 ], [ 0.47828, 48.07177 ], [ 0.47778, 48.07072 ], [ 0.48059, 48.06786 ] ] } },
{ "type": "Feature", "properties": { "name": "le Gué des Bondes/Ruisseau de Lombron", "weight_class": 1, "permanent": true, "length_km": 3.7 }, "geometry": { "type": "LineString", "coordinates": [ [ 0.41048, 48.07847 ], [ 0.40799, 48.07808 ], [ 0.39787, 48.08095 ], [ 0.38498, 48.07878 ], [ 0.38159, 48.07777 ], [ 0.37736, 48.0749 ], [ 0.37286, 48.06941 ], [ 0.37356, 48.06866 ] ] } },
{ "type": "Feature", "properties": { "name": "le Merdereau", "weight_class": 1, "permanent": true, "length_km": 10.2 }, "geometry": { "type": "LineString", "coordinates": [ [ 0.40943, 48.06929 ], [ 0.40268, 48.07083 ], [ 0.39751, 48.06986 ], [ 0.39485, 48.06738 ], [ 0.39212, 48.06647 ], [ 0.38472, 48.06834 ], [ 0.37938, 48.06816 ], [ 0.37686, 48.06979 ], [ 0.36731, 48.06565 ], [ 0.35759, 48.06521 ], [ 0.35403, 48.05971 ], [ 0.34702, 48.057 ], [ 0.33587, 48.05665 ], [ 0.32912, 48.05421 ], [ 0.32234, 48.05396 ], [ 0.31843, 48.05279 ], [ 0.31632, 48.05087 ], [ 0.31047, 48.05045 ], [ 0.30947, 48.04838 ], [ 0.30712, 48.04704 ], [ 0.30533, 48.0472 ] ] } },
{ "type": "Feature", "properties": { "name": null, "weight_class": 1, "permanent": true, "length_km": 2.1 }, "geometry": { "type": "LineString", "coordinates": [ [ 0.3269, 48.07623 ], [ 0.32089, 48.07348 ], [ 0.31632, 48.06772 ], [ 0.31368, 48.06633 ], [ 0.31072, 48.06604 ], [ 0.30716, 48.06735 ] ] } },
{ "type": "Feature", "properties": { "name": null, "weight_class": 1, "permanent": false, "length_km": 2.3 }, "geometry": { "type": "LineString", "coordinates": [ [ 0.52507, 48.02981 ], [ 0.53287, 48.0389 ], [ 0.53371, 48.04018 ], [ 0.53275, 48.04052 ], [ 0.53477, 48.04052 ], [ 0.53665, 48.04535 ] ] } },
{ "type": "Feature", "properties": { "name": null, "weight_class": 1, "permanent": false, "length_km": 2.2 }, "geometry": { "type": "LineString", "coordinates": [ [ 0.35564, 48.04724 ], [ 0.35167, 48.04805 ], [ 0.34786, 48.04683 ], [ 0.34414, 48.04691 ], [ 0.33994, 48.04899 ], [ 0.33753, 48.05147 ], [ 0.33138, 48.05258 ] ] } },
{ "type": "Feature", "properties": { "name": null, "weight_class": 1, "permanent": false, "length_km": 2.1 }, "geometry": { "type": "LineString", "coordinates": [ [ 0.3475, 48.04223 ], [ 0.34716, 48.0406 ], [ 0.34337, 48.03789 ], [ 0.33431, 48.03805 ], [ 0.33313, 48.03569 ], [ 0.32845, 48.03566 ] ] } },
{ "type": "Feature", "properties": { "name": "le Narais", "weight_class": 1, "permanent": true, "length_km": 28.5 }, "geometry": { "type": "MultiLineString", "coordinates": [ [ [ 0.42132, 47.94044 ], [ 0.42127, 47.94456 ], [ 0.42285, 47.94701 ], [ 0.4149, 47.9549 ], [ 0.4141, 47.95823 ], [ 0.41512, 47.96088 ], [ 0.40939, 47.96436 ], [ 0.41012, 47.96513 ], [ 0.40836, 47.97371 ], [ 0.4128, 47.97668 ], [ 0.41364, 47.97853 ], [ 0.41199, 47.98241 ], [ 0.40887, 47.98397 ], [ 0.40847, 47.98676 ], [ 0.40718, 47.98658 ], [ 0.40738, 47.99325 ], [ 0.40534, 47.99439 ], [ 0.40478, 47.99724 ], [ 0.40208, 47.99764 ], [ 0.40205, 48.00057 ], [ 0.39953, 48.00302 ], [ 0.3918, 48.00464 ], [ 0.38803, 48.00958 ], [ 0.38423, 48.01132 ], [ 0.38456, 48.01235 ], [ 0.38138, 48.01573 ], [ 0.37865, 48.01579 ], [ 0.37344, 48.02443 ], [ 0.3712, 48.02634 ], [ 0.37117, 48.02801 ], [ 0.36542, 48.03062 ], [ 0.36244, 48.03099 ], [ 0.36162, 48.03298 ] ], [ [ 0.37668, 47.84729 ], [ 0.38459, 47.85043 ], [ 0.38468, 47.85451 ], [ 0.38156, 47.85663 ], [ 0.37905, 47.86133 ], [ 0.38006, 47.8637 ], [ 0.38377, 47.86462 ], [ 0.38894, 47.86763 ], [ 0.39004, 47.87072 ], [ 0.37889, 47.89261 ], [ 0.37688, 47.89911 ], [ 0.37898, 47.90578 ], [ 0.38207, 47.91014 ], [ 0.38462, 47.91117 ], [ 0.38773, 47.91492 ], [ 0.39025, 47.91619 ], [ 0.38995, 47.91693 ], [ 0.39879, 47.92267 ], [ 0.40046, 47.9224 ], [ 0.40074, 47.92333 ], [ 0.41094, 47.92844 ], [ 0.41133, 47.93067 ], [ 0.42137, 47.93986 ] ] ] } },
{ "type": "Feature", "properties": { "name": null, "weight_class": 1, "permanent": true, "length_km": 2.7 }, "geometry": { "type": "LineString", "coordinates": [ [ 0.32653, 48.03985 ], [ 0.31605, 48.04287 ], [ 0.3061, 48.03871 ], [ 0.30083, 48.04019 ], [ 0.296, 48.03691 ] ] } },
{ "type": "Feature", "properties": { "name": null, "weight_class": 1, "permanent": false, "length_km": 2.2 }, "geometry": { "type": "LineString", "coordinates": [ [ 0.27434, 48.04505 ], [ 0.27572, 48.04469 ], [ 0.2742, 48.04197 ], [ 0.27521, 48.04013 ], [ 0.27905, 48.03909 ], [ 0.28147, 48.03554 ], [ 0.28446, 48.03509 ], [ 0.29058, 48.03216 ] ] } },
{ "type": "Feature", "properties": { "name": "Rivière la Longuève", "weight_class": 1, "permanent": true, "length_km": 5.0 }, "geometry": { "type": "MultiLineString", "coordinates": [ [ [ 0.55695, 48.05988 ], [ 0.55129, 48.06051 ], [ 0.5497, 48.05894 ] ], [ [ 0.56529, 48.05928 ], [ 0.56102, 48.06069 ], [ 0.558, 48.06003 ] ], [ [ 0.58209, 48.057 ], [ 0.57944, 48.05645 ] ], [ [ 0.59527, 48.05375 ], [ 0.59343, 48.05666 ], [ 0.59092, 48.05731 ], [ 0.58209, 48.057 ] ], [ [ 0.58365, 48.05607 ], [ 0.58209, 48.057 ] ], [ [ 0.61773, 48.0435 ], [ 0.6139, 48.04638 ], [ 0.60875, 48.0486 ] ], [ [ 0.64329, 48.03264 ], [ 0.64357, 48.03371 ], [ 0.63694, 48.03674 ] ] ] } },
{ "type": "Feature", "properties": { "name": "Rivière le Dué", "weight_class": 1, "permanent": true, "length_km": 6.6 }, "geometry": { "type": "MultiLineString", "coordinates": [ [ [ 0.5097, 48.05487 ], [ 0.50528, 48.0554 ], [ 0.50403, 48.05655 ] ], [ [ 0.5309, 48.04963 ], [ 0.52485, 48.05233 ], [ 0.52187, 48.05272 ], [ 0.51793, 48.05192 ] ], [ [ 0.5309, 48.04963 ], [ 0.52958, 48.0492 ] ], [ [ 0.53616, 48.04621 ], [ 0.53614, 48.04868 ], [ 0.5329, 48.04868 ], [ 0.53225, 48.04946 ], [ 0.53161, 48.04965 ], [ 0.5309, 48.04963 ] ], [ [ 0.53616, 48.04621 ], [ 0.53576, 48.04627 ] ], [ [ 0.53891, 48.04365 ], [ 0.5393, 48.04503 ], [ 0.53781, 48.04626 ], [ 0.53616, 48.04621 ] ], [ [ 0.53891, 48.04313 ], [ 0.53891, 48.04365 ] ], [ [ 0.54561, 48.03893 ], [ 0.54337, 48.04199 ], [ 0.53891, 48.04365 ] ], [ [ 0.55085, 48.03063 ], [ 0.54911, 48.03057 ], [ 0.54869, 48.0342 ] ], [ [ 0.55085, 48.03063 ], [ 0.55016, 48.0316 ] ], [ [ 0.56752, 48.02166 ], [ 0.56088, 48.02429 ], [ 0.55572, 48.02878 ], [ 0.55085, 48.03063 ] ] ] } },
{ "type": "Feature", "properties": { "name": "Ruisseau la Guêpe", "weight_class": 1, "permanent": true, "length_km": 6.0 }, "geometry": { "type": "LineString", "coordinates": [ [ 0.04352, 48.13983 ], [ 0.04834, 48.14434 ], [ 0.05062, 48.14819 ], [ 0.04626, 48.15305 ], [ 0.04734, 48.16406 ], [ 0.0461, 48.16758 ], [ 0.05105, 48.16935 ], [ 0.05248, 48.1722 ], [ 0.05725, 48.17409 ], [ 0.06363, 48.1788 ], [ 0.06546, 48.18119 ], [ 0.06505, 48.18255 ] ] } },
{ "type": "Feature", "properties": { "name": "Ruisseau du Vilvayer", "weight_class": 1, "permanent": false, "length_km": 2.5 }, "geometry": { "type": "LineString", "coordinates": [ [ 0.21063, 48.11586 ], [ 0.20368, 48.11047 ], [ 0.19379, 48.10838 ], [ 0.18808, 48.10534 ], [ 0.18582, 48.10296 ] ] } },
{ "type": "Feature", "properties": { "name": "Ruisseau du Mortier", "weight_class": 1, "permanent": true, "length_km": 4.0 }, "geometry": { "type": "LineString", "coordinates": [ [ 0.13032, 48.10886 ], [ 0.14632, 48.10746 ], [ 0.15098, 48.10621 ], [ 0.15496, 48.10673 ], [ 0.16209, 48.10557 ], [ 0.16328, 48.10407 ], [ 0.1659, 48.10423 ], [ 0.16779, 48.10312 ], [ 0.17604, 48.10366 ], [ 0.17909, 48.10494 ] ] } },
{ "type": "Feature", "properties": { "name": "Ruisseau du Pont Chouan", "weight_class": 1, "permanent": true, "length_km": 5.2 }, "geometry": { "type": "LineString", "coordinates": [ [ 0.08587, 48.03173 ], [ 0.09149, 48.03812 ], [ 0.09346, 48.04253 ], [ 0.1006, 48.04464 ], [ 0.10373, 48.0446 ], [ 0.12294, 48.05516 ], [ 0.12966, 48.05999 ], [ 0.13003, 48.06209 ] ] } },
{ "type": "Feature", "properties": { "name": "Ruisseau des Brosses", "weight_class": 1, "permanent": true, "length_km": 4.8 }, "geometry": { "type": "LineString", "coordinates": [ [ 0.02935, 48.05905 ], [ 0.03333, 48.05869 ], [ 0.03494, 48.05677 ], [ 0.04004, 48.05515 ], [ 0.04564, 48.05052 ], [ 0.04766, 48.05033 ], [ 0.05033, 48.05134 ], [ 0.05475, 48.05125 ], [ 0.05979, 48.05237 ], [ 0.06586, 48.05215 ], [ 0.07174, 48.05514 ], [ 0.0761, 48.05558 ], [ 0.08142, 48.05912 ] ] } },
{ "type": "Feature", "properties": { "name": "Ruisseau la Gironde", "weight_class": 2, "permanent": false, "length_km": 3.7 }, "geometry": { "type": "LineString", "coordinates": [ [ 0.23626, 48.03053 ], [ 0.23215, 48.03048 ], [ 0.22964, 48.02719 ], [ 0.22774, 48.02652 ], [ 0.21386, 48.02648 ], [ 0.19302, 48.02201 ] ] } },
{ "type": "Feature", "properties": { "name": "Ruisseau des Châtaigniers", "weight_class": 1, "permanent": true, "length_km": 2.4 }, "geometry": { "type": "LineString", "coordinates": [ [ 0.08938, 48.02606 ], [ 0.09929, 48.03578 ], [ 0.09997, 48.04131 ], [ 0.10319, 48.04432 ] ] } },
{ "type": "Feature", "properties": { "name": "Ruisseau la Guêpe", "weight_class": 1, "permanent": true, "length_km": 2.6 }, "geometry": { "type": "LineString", "coordinates": [ [ 0.02813, 48.15018 ], [ 0.02962, 48.15224 ], [ 0.02913, 48.15359 ], [ 0.036, 48.15779 ], [ 0.0372, 48.16073 ], [ 0.04325, 48.16442 ], [ 0.04322, 48.16589 ], [ 0.0461, 48.16758 ] ] } },
{ "type": "Feature", "properties": { "name": "Ruisseau de Bonne Fontaine", "weight_class": 1, "permanent": false, "length_km": 6.1 }, "geometry": { "type": "LineString", "coordinates": [ [ -0.05091, 48.1546 ], [ -0.04066, 48.15153 ], [ -0.03193, 48.15304 ], [ -0.02869, 48.15226 ], [ -0.02417, 48.15257 ], [ -0.0189, 48.15665 ], [ -0.01617, 48.15711 ], [ -0.01315, 48.15897 ], [ -0.00027, 48.15992 ], [ 0.01251, 48.16728 ], [ 0.01256, 48.16984 ] ] } },
{ "type": "Feature", "properties": { "name": "Ruisseau de Vrai", "weight_class": 1, "permanent": true, "length_km": 7.0 }, "geometry": { "type": "LineString", "coordinates": [ [ 0.03813, 48.11718 ], [ 0.04276, 48.1196 ], [ 0.04552, 48.11958 ], [ 0.04696, 48.11671 ], [ 0.05219, 48.11224 ], [ 0.06198, 48.11049 ], [ 0.06378, 48.10826 ], [ 0.07423, 48.10486 ], [ 0.08511, 48.10378 ], [ 0.0966, 48.10645 ], [ 0.09976, 48.10606 ], [ 0.10274, 48.10392 ], [ 0.10398, 48.10073 ], [ 0.10368, 48.098 ], [ 0.10195, 48.097 ] ] } },
{ "type": "Feature", "properties": { "name": "Ruisseau de la Serruère", "weight_class": 1, "permanent": true, "length_km": 5.5 }, "geometry": { "type": "LineString", "coordinates": [ [ -0.0196, 48.12218 ], [ -0.02472, 48.12032 ], [ -0.02741, 48.1175 ], [ -0.03007, 48.11659 ], [ -0.0322, 48.11451 ], [ -0.03395, 48.11435 ], [ -0.03536, 48.1117 ], [ -0.03941, 48.11155 ], [ -0.04423, 48.1097 ], [ -0.04616, 48.10709 ], [ -0.04844, 48.10687 ], [ -0.05683, 48.10238 ], [ -0.05772, 48.10265 ], [ -0.07195, 48.09417 ] ] } },
{ "type": "Feature", "properties": { "name": "Ruisseau de Neuvy", "weight_class": 1, "permanent": true, "length_km": 3.0 }, "geometry": { "type": "LineString", "coordinates": [ [ -0.01781, 48.08345 ], [ -0.0213, 48.08386 ], [ -0.02717, 48.08218 ], [ -0.03674, 48.0775 ], [ -0.04385, 48.08025 ], [ -0.052, 48.07715 ] ] } },
{ "type": "Feature", "properties": { "name": null, "weight_class": 1, "permanent": true, "length_km": 6.7 }, "geometry": { "type": "LineString", "coordinates": [ [ 0.06518, 48.12993 ], [ 0.06687, 48.13283 ], [ 0.07544, 48.13387 ], [ 0.08442, 48.13757 ], [ 0.08554, 48.13932 ], [ 0.09987, 48.14763 ], [ 0.1045, 48.14806 ], [ 0.10689, 48.14692 ], [ 0.11481, 48.1493 ], [ 0.12305, 48.14953 ], [ 0.12931, 48.1481 ], [ 0.1394, 48.14947 ] ] } },
{ "type": "Feature", "properties": { "name": "Ruisseau de Belle Noë", "weight_class": 1, "permanent": true, "length_km": 5.8 }, "geometry": { "type": "LineString", "coordinates": [ [ 0.12202, 48.11955 ], [ 0.12412, 48.12133 ], [ 0.12456, 48.12534 ], [ 0.12892, 48.12745 ], [ 0.13699, 48.13856 ], [ 0.1448, 48.14153 ], [ 0.14415, 48.14296 ], [ 0.14071, 48.14463 ], [ 0.13837, 48.14867 ], [ 0.1425, 48.1515 ], [ 0.14536, 48.15192 ], [ 0.14795, 48.15569 ], [ 0.15224, 48.15747 ] ] } },
{ "type": "Feature", "properties": { "name": null, "weight_class": 1, "permanent": false, "length_km": 2.9 }, "geometry": { "type": "LineString", "coordinates": [ [ 0.07556, 48.14306 ], [ 0.08006, 48.14469 ], [ 0.08111, 48.14637 ], [ 0.09708, 48.15002 ], [ 0.10547, 48.14843 ], [ 0.10684, 48.1472 ], [ 0.10853, 48.14747 ] ] } },
{ "type": "Feature", "properties": { "name": null, "weight_class": 1, "permanent": true, "length_km": 3.7 }, "geometry": { "type": "LineString", "coordinates": [ [ 0.08391, 48.16008 ], [ 0.08846, 48.16235 ], [ 0.09224, 48.16571 ], [ 0.10119, 48.16549 ], [ 0.12703, 48.17252 ] ] } },
{ "type": "Feature", "properties": { "name": null, "weight_class": 1, "permanent": false, "length_km": 4.5 }, "geometry": { "type": "LineString", "coordinates": [ [ 0.0599, 48.14144 ], [ 0.05993, 48.14366 ], [ 0.06352, 48.14696 ], [ 0.06288, 48.15051 ], [ 0.06736, 48.15704 ], [ 0.07166, 48.16097 ], [ 0.06532, 48.167 ], [ 0.06157, 48.17382 ], [ 0.05902, 48.17576 ] ] } },
{ "type": "Feature", "properties": { "name": null, "weight_class": 1, "permanent": true, "length_km": 2.1 }, "geometry": { "type": "LineString", "coordinates": [ [ 0.23268, 48.12103 ], [ 0.22383, 48.12417 ], [ 0.22311, 48.12718 ], [ 0.21986, 48.12987 ], [ 0.21777, 48.13515 ] ] } },
{ "type": "Feature", "properties": { "name": null, "weight_class": 1, "permanent": true, "length_km": 3.7 }, "geometry": { "type": "LineString", "coordinates": [ [ 0.14358, 48.1252 ], [ 0.14804, 48.12396 ], [ 0.15519, 48.12665 ], [ 0.15792, 48.12572 ], [ 0.16496, 48.12563 ], [ 0.17441, 48.1307 ], [ 0.18578, 48.1318 ] ] } },
{ "type": "Feature", "properties": { "name": null, "weight_class": 1, "permanent": false, "length_km": 2.6 }, "geometry": { "type": "LineString", "coordinates": [ [ 0.11647, 48.13629 ], [ 0.12324, 48.1383 ], [ 0.12956, 48.13871 ], [ 0.13226, 48.14007 ], [ 0.13099, 48.14155 ], [ 0.12654, 48.14261 ], [ 0.1258, 48.14599 ], [ 0.12756, 48.14836 ] ] } },
{ "type": "Feature", "properties": { "name": null, "weight_class": 1, "permanent": false, "length_km": 2.4 }, "geometry": { "type": "LineString", "coordinates": [ [ 0.08184, 48.12363 ], [ 0.08674, 48.12751 ], [ 0.08773, 48.13215 ], [ 0.09281, 48.1408 ], [ 0.09231, 48.14269 ] ] } },
{ "type": "Feature", "properties": { "name": null, "weight_class": 1, "permanent": false, "length_km": 2.6 }, "geometry": { "type": "LineString", "coordinates": [ [ 0.10714, 48.12014 ], [ 0.11212, 48.1242 ], [ 0.1177, 48.12468 ], [ 0.12414, 48.13084 ], [ 0.13192, 48.1315 ] ] } },
{ "type": "Feature", "properties": { "name": null, "weight_class": 1, "permanent": true, "length_km": 2.1 }, "geometry": { "type": "LineString", "coordinates": [ [ 0.23034, 48.0851 ], [ 0.2278, 48.08618 ], [ 0.21985, 48.08722 ], [ 0.21488, 48.09011 ], [ 0.21411, 48.08909 ], [ 0.20575, 48.08914 ] ] } },
{ "type": "Feature", "properties": { "name": null, "weight_class": 1, "permanent": true, "length_km": 2.9 }, "geometry": { "type": "LineString", "coordinates": [ [ 0.16386, 48.09007 ], [ 0.16577, 48.08858 ], [ 0.17463, 48.09046 ], [ 0.18573, 48.09002 ], [ 0.19109, 48.08693 ], [ 0.18962, 48.085 ], [ 0.19044, 48.08226 ] ] } },
{ "type": "Feature", "properties": { "name": null, "weight_class": 1, "permanent": true, "length_km": 3.5 }, "geometry": { "type": "LineString", "coordinates": [ [ 0.08871, 48.083 ], [ 0.09208, 48.08003 ], [ 0.0992, 48.08023 ], [ 0.10257, 48.07944 ], [ 0.10957, 48.07006 ], [ 0.11524, 48.06647 ], [ 0.11573, 48.06263 ] ] } },
{ "type": "Feature", "properties": { "name": "la Courbe", "weight_class": 1, "permanent": true, "length_km": 12.9 }, "geometry": { "type": "LineString", "coordinates": [ [ 0.04409, 48.10119 ], [ 0.04658, 48.10263 ], [ 0.05225, 48.10136 ], [ 0.05572, 48.10184 ], [ 0.0581, 48.10122 ], [ 0.06749, 48.10283 ], [ 0.07997, 48.10047 ], [ 0.08904, 48.09628 ], [ 0.09319, 48.09592 ], [ 0.10191, 48.097 ], [ 0.10706, 48.09576 ], [ 0.11282, 48.09255 ], [ 0.11701, 48.09318 ], [ 0.11834, 48.09182 ], [ 0.12292, 48.09037 ], [ 0.12536, 48.08793 ], [ 0.13103, 48.08647 ], [ 0.13188, 48.08474 ], [ 0.14097, 48.08455 ], [ 0.1435, 48.08277 ], [ 0.14674, 48.08209 ], [ 0.1482, 48.08054 ], [ 0.15294, 48.07946 ], [ 0.15524, 48.07565 ], [ 0.15447, 48.07379 ], [ 0.15642, 48.07352 ], [ 0.15537, 48.0726 ], [ 0.15636, 48.07125 ], [ 0.15539, 48.06829 ], [ 0.15286, 48.06615 ], [ 0.15389, 48.06261 ] ] } },
{ "type": "Feature", "properties": { "name": null, "weight_class": 1, "permanent": true, "length_km": 4.7 }, "geometry": { "type": "LineString", "coordinates": [ [ 0.06278, 48.08522 ], [ 0.06882, 48.08528 ], [ 0.07522, 48.08274 ], [ 0.08639, 48.07209 ], [ 0.09357, 48.06883 ], [ 0.09602, 48.06879 ], [ 0.10567, 48.06389 ], [ 0.11005, 48.06283 ] ] } },
{ "type": "Feature", "properties": { "name": null, "weight_class": 1, "permanent": true, "length_km": 2.3 }, "geometry": { "type": "LineString", "coordinates": [ [ 0.22349, 48.07984 ], [ 0.22165, 48.07708 ], [ 0.21479, 48.07203 ], [ 0.20814, 48.06909 ], [ 0.20704, 48.06777 ], [ 0.20465, 48.06738 ], [ 0.2036, 48.06603 ] ] } },
{ "type": "Feature", "properties": { "name": null, "weight_class": 1, "permanent": false, "length_km": 2.3 }, "geometry": { "type": "LineString", "coordinates": [ [ 0.11839, 48.07744 ], [ 0.1242, 48.07662 ], [ 0.12772, 48.07488 ], [ 0.12906, 48.07184 ], [ 0.12939, 48.06452 ], [ 0.13111, 48.06239 ] ] } },
{ "type": "Feature", "properties": { "name": null, "weight_class": 1, "permanent": true, "length_km": 2.2 }, "geometry": { "type": "LineString", "coordinates": [ [ 0.08224, 48.0464 ], [ 0.08646, 48.04719 ], [ 0.09143, 48.0503 ], [ 0.09086, 48.05312 ], [ 0.09499, 48.05643 ], [ 0.09652, 48.05872 ], [ 0.09596, 48.06036 ] ] } },
{ "type": "Feature", "properties": { "name": null, "weight_class": 1, "permanent": true, "length_km": 2.8 }, "geometry": { "type": "LineString", "coordinates": [ [ 0.03655, 48.06508 ], [ 0.03964, 48.06364 ], [ 0.04746, 48.06233 ], [ 0.04968, 48.06022 ], [ 0.05474, 48.05959 ], [ 0.06591, 48.06188 ], [ 0.06812, 48.06351 ] ] } },
{ "type": "Feature", "properties": { "name": null, "weight_class": 2, "permanent": false, "length_km": 3.8 }, "geometry": { "type": "LineString", "coordinates": [ [ 0.22678, 48.04065 ], [ 0.21575, 48.03785 ], [ 0.20945, 48.03933 ], [ 0.20629, 48.03679 ], [ 0.20128, 48.03574 ], [ 0.19998, 48.03569 ], [ 0.19983, 48.03675 ], [ 0.19446, 48.03718 ], [ 0.19208, 48.03444 ], [ 0.18595, 48.03222 ] ] } },
{ "type": "Feature", "properties": { "name": null, "weight_class": 1, "permanent": true, "length_km": 5.7 }, "geometry": { "type": "LineString", "coordinates": [ [ 0.11216, 48.0197 ], [ 0.11978, 48.02294 ], [ 0.1291, 48.02849 ], [ 0.12967, 48.02999 ], [ 0.12827, 48.03324 ], [ 0.13118, 48.03709 ], [ 0.1313, 48.04165 ], [ 0.12921, 48.04444 ], [ 0.12551, 48.04624 ], [ 0.12395, 48.05148 ], [ 0.12573, 48.05248 ], [ 0.12635, 48.05627 ], [ 0.12966, 48.05999 ] ] } },
{ "type": "Feature", "properties": { "name": null, "weight_class": 1, "permanent": true, "length_km": 2.3 }, "geometry": { "type": "LineString", "coordinates": [ [ 0.07316, 48.03074 ], [ 0.06837, 48.02945 ], [ 0.06307, 48.02423 ], [ 0.06346, 48.01419 ] ] } },
{ "type": "Feature", "properties": { "name": null, "weight_class": 1, "permanent": true, "length_km": 2.5 }, "geometry": { "type": "LineString", "coordinates": [ [ -0.00885, 48.13829 ], [ -0.00834, 48.1414 ], [ -0.00624, 48.14391 ], [ -0.00595, 48.1475 ], [ -0.00402, 48.14983 ], [ -0.00576, 48.15524 ], [ -0.00358, 48.15848 ] ] } },
{ "type": "Feature", "properties": { "name": "l'Antonnière", "weight_class": 1, "permanent": true, "length_km": 14.2 }, "geometry": { "type": "LineString", "coordinates": [ [ 0.037, 48.08394 ], [ 0.04263, 48.08273 ], [ 0.04874, 48.07777 ], [ 0.05563, 48.07497 ], [ 0.06123, 48.06878 ], [ 0.06174, 48.06528 ], [ 0.06725, 48.06344 ], [ 0.07537, 48.06244 ], [ 0.08116, 48.05912 ], [ 0.09621, 48.06039 ], [ 0.1034, 48.0636 ], [ 0.10633, 48.0628 ], [ 0.11745, 48.06255 ], [ 0.1188, 48.06156 ], [ 0.12554, 48.06254 ], [ 0.13222, 48.0624 ], [ 0.14058, 48.06499 ], [ 0.14553, 48.06333 ], [ 0.153, 48.06299 ], [ 0.15746, 48.06099 ], [ 0.16546, 48.06051 ], [ 0.16928, 48.05913 ], [ 0.17099, 48.05688 ], [ 0.17057, 48.0543 ], [ 0.17201, 48.05107 ], [ 0.17407, 48.04964 ], [ 0.17856, 48.04942 ], [ 0.18109, 48.04701 ], [ 0.17992, 48.04585 ] ] } },
{ "type": "Feature", "properties": { "name": null, "weight_class": 1, "permanent": false, "length_km": 2.5 }, "geometry": { "type": "LineString", "coordinates": [ [ 0.03452, 48.0727 ], [ 0.03824, 48.06802 ], [ 0.04737, 48.06891 ], [ 0.05071, 48.06821 ], [ 0.05257, 48.06681 ], [ 0.06141, 48.06553 ] ] } },
{ "type": "Feature", "properties": { "name": "Ruisseau de la Doucelle", "weight_class": 1, "permanent": true, "length_km": 9.4 }, "geometry": { "type": "LineString", "coordinates": [ [ -0.01519, 48.05737 ], [ -0.01689, 48.05359 ], [ -0.01391, 48.05118 ], [ -0.01674, 48.04616 ], [ -0.01669, 48.04023 ], [ -0.02725, 48.03601 ], [ -0.03861, 48.03516 ], [ -0.04257, 48.03066 ], [ -0.04185, 48.02891 ], [ -0.04343, 48.02686 ], [ -0.05208, 48.02326 ], [ -0.05502, 48.01859 ], [ -0.05981, 48.01604 ], [ -0.05915, 48.01184 ], [ -0.05456, 48.00958 ], [ -0.05204, 48.00541 ], [ -0.05074, 47.99705 ] ] } },
{ "type": "Feature", "properties": { "name": "la Gée", "weight_class": 1, "permanent": true, "length_km": 31.6 }, "geometry": { "type": "MultiLineString", "coordinates": [ [ [ -0.04672, 47.89488 ], [ -0.04753, 47.89206 ], [ -0.06029, 47.88662 ], [ -0.05935, 47.88349 ], [ -0.0629, 47.8805 ] ], [ [ -0.01192, 48.06607 ], [ -0.00782, 48.06489 ], [ -0.00033, 48.06488 ], [ 0.0066, 48.05961 ], [ 0.00629, 48.05637 ], [ 0.00854, 48.0514 ], [ 0.00713, 48.04237 ], [ 0.00949, 48.03891 ], [ 0.01015, 48.035 ], [ 0.00538, 48.02721 ], [ 0.00037, 48.02332 ], [ -0.00028, 48.02075 ], [ 0.00079, 48.01795 ], [ -0.01324, 48.00812 ], [ -0.02635, 48.00633 ], [ -0.02847, 48.00409 ], [ -0.03241, 48.00315 ], [ -0.03883, 48.00283 ], [ -0.04215, 47.9991 ], [ -0.05149, 47.99676 ], [ -0.05849, 47.99104 ], [ -0.05199, 47.9886 ], [ -0.05249, 47.98472 ], [ -0.05102, 47.98036 ], [ -0.05322, 47.97655 ], [ -0.0509, 47.97543 ], [ -0.05076, 47.97432 ], [ -0.05713, 47.97356 ], [ -0.0569, 47.97237 ], [ -0.05464, 47.97111 ], [ -0.05769, 47.969 ], [ -0.06054, 47.96871 ], [ -0.06119, 47.96767 ], [ -0.05954, 47.96472 ], [ -0.05976, 47.95958 ], [ -0.05582, 47.95535 ], [ -0.05911, 47.95473 ], [ -0.06048, 47.95077 ], [ -0.05525, 47.94865 ], [ -0.05366, 47.94642 ], [ -0.05454, 47.94496 ], [ -0.05864, 47.94303 ], [ -0.05616, 47.94111 ], [ -0.05516, 47.93482 ], [ -0.05597, 47.93269 ], [ -0.05904, 47.93085 ], [ -0.05902, 47.92954 ], [ -0.05716, 47.92837 ], [ -0.05373, 47.9282 ], [ -0.05441, 47.92191 ], [ -0.04806, 47.92064 ], [ -0.04249, 47.91406 ], [ -0.04503, 47.91107 ], [ -0.04268, 47.9078 ], [ -0.0449, 47.90458 ], [ -0.04291, 47.90157 ], [ -0.04041, 47.90186 ], [ -0.03964, 47.90091 ], [ -0.04026, 47.89931 ], [ -0.0463, 47.89715 ], [ -0.04628, 47.896 ] ] ] } },
{ "type": "Feature", "properties": { "name": null, "weight_class": 1, "permanent": false, "length_km": 2.4 }, "geometry": { "type": "LineString", "coordinates": [ [ 0.02425, 48.04723 ], [ 0.0255, 48.04307 ], [ 0.02497, 48.04043 ], [ 0.02089, 48.03733 ], [ 0.01977, 48.03813 ], [ 0.01695, 48.03588 ], [ 0.01443, 48.03642 ], [ 0.00995, 48.03433 ] ] } },
{ "type": "Feature", "properties": { "name": null, "weight_class": 1, "permanent": true, "length_km": 2.4 }, "geometry": { "type": "LineString", "coordinates": [ [ 0.04323, 48.03215 ], [ 0.04816, 48.03359 ], [ 0.06025, 48.03279 ], [ 0.06287, 48.02915 ], [ 0.06224, 48.02725 ], [ 0.06349, 48.02464 ] ] } },
{ "type": "Feature", "properties": { "name": null, "weight_class": 1, "permanent": false, "length_km": 2.5 }, "geometry": { "type": "LineString", "coordinates": [ [ 0.03578, 48.02189 ], [ 0.03571, 48.01982 ], [ 0.03886, 48.01691 ], [ 0.04299, 48.01651 ], [ 0.05392, 48.0177 ], [ 0.0599, 48.01371 ] ] } },
{ "type": "Feature", "properties": { "name": "Ruisseau le Merdereau", "weight_class": 1, "permanent": true, "length_km": 4.4 }, "geometry": { "type": "LineString", "coordinates": [ [ -0.13294, 48.16058 ], [ -0.13253, 48.15689 ], [ -0.12914, 48.15466 ], [ -0.13067, 48.14989 ], [ -0.12962, 48.14666 ], [ -0.12169, 48.14436 ], [ -0.11656, 48.13963 ], [ -0.11543, 48.13463 ], [ -0.11684, 48.13171 ], [ -0.11599, 48.1295 ] ] } },
{ "type": "Feature", "properties": { "name": "Ruisseau le Merdereau", "weight_class": 1, "permanent": true, "length_km": 3.1 }, "geometry": { "type": "LineString", "coordinates": [ [ -0.11313, 48.16133 ], [ -0.11106, 48.1611 ], [ -0.10783, 48.15724 ], [ -0.10522, 48.15695 ], [ -0.10481, 48.15611 ], [ -0.11353, 48.15216 ], [ -0.11374, 48.14688 ], [ -0.12169, 48.14436 ] ] } },
{ "type": "Feature", "properties": { "name": "Ruisseau le Végroneau", "weight_class": 1, "permanent": false, "length_km": 2.9 }, "geometry": { "type": "LineString", "coordinates": [ [ -0.2166, 48.14102 ], [ -0.20023, 48.13614 ], [ -0.20206, 48.13141 ], [ -0.20052, 48.12869 ], [ -0.19579, 48.12705 ], [ -0.1953, 48.12529 ] ] } },
{ "type": "Feature", "properties": { "name": "Ruisseau de la Crois Matis", "weight_class": 1, "permanent": false, "length_km": 3.7 }, "geometry": { "type": "LineString", "coordinates": [ [ -0.13359, 48.10762 ], [ -0.13276, 48.10679 ], [ -0.12499, 48.10861 ], [ -0.11939, 48.10829 ], [ -0.11566, 48.10965 ], [ -0.10777, 48.10995 ], [ -0.10321, 48.1113 ], [ -0.10207, 48.11069 ], [ -0.09363, 48.11489 ], [ -0.09345, 48.11584 ], [ -0.09228, 48.11569 ] ] } },
{ "type": "Feature", "properties": { "name": "Ruisseau de la Guitonnière", "weight_class": 1, "permanent": true, "length_km": 7.5 }, "geometry": { "type": "LineString", "coordinates": [ [ -0.15416, 48.08861 ], [ -0.14997, 48.08839 ], [ -0.14024, 48.09057 ], [ -0.13237, 48.08759 ], [ -0.12475, 48.08862 ], [ -0.11197, 48.09562 ], [ -0.10682, 48.09681 ], [ -0.10429, 48.09999 ], [ -0.10107, 48.10081 ], [ -0.09737, 48.10039 ], [ -0.09636, 48.09863 ], [ -0.09129, 48.09785 ], [ -0.08874, 48.0964 ], [ -0.08155, 48.09751 ], [ -0.0747, 48.09618 ], [ -0.07316, 48.09516 ] ] } },
{ "type": "Feature", "properties": { "name": "Ruisseau des Landes", "weight_class": 1, "permanent": true, "length_km": 4.3 }, "geometry": { "type": "LineString", "coordinates": [ [ -0.22874, 48.08527 ], [ -0.22434, 48.08354 ], [ -0.22024, 48.07874 ], [ -0.22013, 48.07615 ], [ -0.21759, 48.07425 ], [ -0.21171, 48.07275 ], [ -0.20845, 48.07312 ], [ -0.20464, 48.07113 ], [ -0.20062, 48.07119 ], [ -0.19679, 48.06802 ], [ -0.19272, 48.06754 ], [ -0.19058, 48.06639 ], [ -0.18895, 48.06698 ] ] } },
{ "type": "Feature", "properties": { "name": "Ruisseau de Redvin", "weight_class": 1, "permanent": true, "length_km": 2.2 }, "geometry": { "type": "LineString", "coordinates": [ [ -0.18177, 48.05207 ], [ -0.18245, 48.04987 ], [ -0.18988, 48.04628 ], [ -0.19725, 48.04493 ], [ -0.20143, 48.04567 ], [ -0.20511, 48.04432 ] ] } },
{ "type": "Feature", "properties": { "name": "Ruisseau de la Rigaudière", "weight_class": 1, "permanent": true, "length_km": 4.5 }, "geometry": { "type": "LineString", "coordinates": [ [ -0.16503, 48.04658 ], [ -0.1598, 48.0405 ], [ -0.14966, 48.03991 ], [ -0.14608, 48.03853 ], [ -0.14074, 48.03804 ], [ -0.13883, 48.03677 ], [ -0.13147, 48.03629 ], [ -0.11951, 48.02883 ] ] } },
{ "type": "Feature", "properties": { "name": "Ruisseau des Brettes", "weight_class": 1, "permanent": true, "length_km": 2.4 }, "geometry": { "type": "LineString", "coordinates": [ [ -0.19105, 48.03929 ], [ -0.18528, 48.03519 ], [ -0.18237, 48.03081 ], [ -0.18532, 48.02366 ], [ -0.18854, 48.0224 ] ] } },
{ "type": "Feature", "properties": { "name": "Ruisseau de la Gorgère", "weight_class": 1, "permanent": true, "length_km": 4.5 }, "geometry": { "type": "MultiLineString", "coordinates": [ [ [ -0.21539, 48.02382 ], [ -0.2149, 48.02172 ], [ -0.21052, 48.02076 ], [ -0.20689, 48.01169 ], [ -0.20202, 48.00937 ], [ -0.20046, 48.00473 ], [ -0.18976, 48.00305 ] ], [ [ -0.18956, 48.00285 ], [ -0.18401, 48.00069 ], [ -0.17886, 48.00097 ] ] ] } },
{ "type": "Feature", "properties": { "name": "Ruisseau de l'Étang Neuf", "weight_class": 1, "permanent": true, "length_km": 3.3 }, "geometry": { "type": "LineString", "coordinates": [ [ -0.24577, 48.04014 ], [ -0.243, 48.03997 ], [ -0.2407, 48.03829 ], [ -0.23601, 48.03787 ], [ -0.22977, 48.03922 ], [ -0.22291, 48.03638 ], [ -0.21885, 48.03859 ], [ -0.20796, 48.03898 ] ] } },
{ "type": "Feature", "properties": { "name": "Ruisseau des Faucheries", "weight_class": 1, "permanent": true, "length_km": 5.7 }, "geometry": { "type": "LineString", "coordinates": [ [ -0.2705, 48.05228 ], [ -0.2693, 48.05183 ], [ -0.26981, 48.05015 ], [ -0.27596, 48.044 ], [ -0.28179, 48.04118 ], [ -0.28622, 48.04073 ], [ -0.29429, 48.03764 ], [ -0.29575, 48.03627 ], [ -0.29592, 48.02972 ], [ -0.29447, 48.02881 ], [ -0.29036, 48.02934 ], [ -0.29209, 48.02631 ], [ -0.28618, 48.02536 ], [ -0.28622, 48.02455 ], [ -0.29052, 48.02267 ], [ -0.29046, 48.02122 ] ] } },
{ "type": "Feature", "properties": { "name": "Ruisseau des Mancellières", "weight_class": 1, "permanent": true, "length_km": 2.3 }, "geometry": { "type": "LineString", "coordinates": [ [ -0.34009, 48.03688 ], [ -0.33822, 48.03611 ], [ -0.33393, 48.03733 ], [ -0.32874, 48.03635 ], [ -0.32327, 48.03666 ], [ -0.32217, 48.03533 ], [ -0.3178, 48.03376 ], [ -0.31275, 48.03348 ] ] } },
{ "type": "Feature", "properties": { "name": null, "weight_class": 1, "permanent": true, "length_km": 3.3 }, "geometry": { "type": "LineString", "coordinates": [ [ -0.11882, 48.16883 ], [ -0.11721, 48.1689 ], [ -0.11328, 48.16658 ], [ -0.10156, 48.16601 ], [ -0.09537, 48.16429 ], [ -0.08587, 48.16573 ], [ -0.08279, 48.16736 ], [ -0.07916, 48.16701 ] ] } },
{ "type": "Feature", "properties": { "name": "le Berdin/Ruisseau de Berdin", "weight_class": 1, "permanent": true, "length_km": 11.2 }, "geometry": { "type": "LineString", "coordinates": [ [ -0.11191, 48.17336 ], [ -0.10077, 48.17269 ], [ -0.09617, 48.17354 ], [ -0.08306, 48.17027 ], [ -0.07798, 48.1657 ], [ -0.07684, 48.16224 ], [ -0.0705, 48.15927 ], [ -0.07231, 48.15494 ], [ -0.07701, 48.15217 ], [ -0.07716, 48.14511 ], [ -0.07356, 48.13467 ], [ -0.07118, 48.13277 ], [ -0.07115, 48.13083 ], [ -0.06745, 48.12612 ], [ -0.07828, 48.11281 ], [ -0.08125, 48.11151 ], [ -0.08015, 48.10962 ], [ -0.08111, 48.10869 ] ] } },
{ "type": "Feature", "properties": { "name": "la Vègre", "weight_class": 3, "permanent": true, "length_km": 87.7 }, "geometry": { "type": "LineString", "coordinates": [ [ -0.23518, 48.15124 ], [ -0.23471, 48.15031 ], [ -0.22908, 48.14971 ], [ -0.22905, 48.14904 ], [ -0.22435, 48.15052 ], [ -0.21431, 48.15063 ], [ -0.20395, 48.15308 ], [ -0.20238, 48.15417 ], [ -0.19739, 48.15453 ], [ -0.18912, 48.15789 ], [ -0.17678, 48.15695 ], [ -0.16874, 48.15805 ], [ -0.16024, 48.15768 ], [ -0.15696, 48.15459 ], [ -0.15368, 48.15377 ], [ -0.15367, 48.15195 ], [ -0.14559, 48.14913 ], [ -0.14565, 48.14616 ], [ -0.1427, 48.13995 ], [ -0.13988, 48.13891 ], [ -0.13905, 48.13494 ], [ -0.13527, 48.13223 ], [ -0.12393, 48.12892 ], [ -0.11566, 48.1296 ], [ -0.11134, 48.1251 ], [ -0.11126, 48.1228 ], [ -0.10878, 48.12271 ], [ -0.10813, 48.11926 ], [ -0.10491, 48.11866 ], [ -0.10277, 48.11721 ], [ -0.10067, 48.11705 ], [ -0.09841, 48.11851 ], [ -0.09684, 48.11806 ], [ -0.09621, 48.11913 ], [ -0.09415, 48.11812 ], [ -0.09224, 48.11833 ], [ -0.09122, 48.11443 ], [ -0.09206, 48.11431 ], [ -0.09095, 48.11362 ], [ -0.09203, 48.11349 ], [ -0.09003, 48.11042 ], [ -0.08625, 48.10897 ], [ -0.08305, 48.10998 ], [ -0.08109, 48.10869 ], [ -0.08065, 48.10284 ], [ -0.07881, 48.10035 ], [ -0.07967, 48.09967 ], [ -0.07162, 48.09784 ], [ -0.07233, 48.09114 ], [ -0.06921, 48.09011 ], [ -0.06815, 48.09087 ], [ -0.0609, 48.08967 ], [ -0.06012, 48.08783 ], [ -0.06135, 48.08489 ], [ -0.06108, 48.08066 ], [ -0.05876, 48.07974 ], [ -0.05388, 48.08006 ], [ -0.05184, 48.07828 ], [ -0.05224, 48.07667 ], [ -0.05371, 48.07603 ], [ -0.05882, 48.07526 ], [ -0.06452, 48.07317 ], [ -0.06346, 48.06887 ], [ -0.06627, 48.06895 ], [ -0.06907, 48.07075 ], [ -0.07307, 48.06969 ], [ -0.0727, 48.06709 ], [ -0.06941, 48.06383 ], [ -0.07185, 48.06317 ], [ -0.07619, 48.06398 ], [ -0.07924, 48.06281 ], [ -0.07887, 48.05972 ], [ -0.07572, 48.05804 ], [ -0.07601, 48.05563 ], [ -0.0801, 48.05559 ], [ -0.08509, 48.05864 ], [ -0.08759, 48.05825 ], [ -0.08959, 48.05675 ], [ -0.08718, 48.05176 ], [ -0.08313, 48.04859 ], [ -0.08385, 48.04774 ], [ -0.08768, 48.04721 ], [ -0.09116, 48.04926 ], [ -0.09364, 48.04897 ], [ -0.09433, 48.04979 ], [ -0.09721, 48.04979 ], [ -0.09937, 48.04877 ], [ -0.09368, 48.04319 ], [ -0.0945, 48.04094 ], [ -0.0972, 48.04066 ], [ -0.09893, 48.04182 ], [ -0.09932, 48.04362 ], [ -0.10482, 48.04248 ], [ -0.10953, 48.03807 ], [ -0.10804, 48.03604 ], [ -0.11114, 48.03295 ], [ -0.10995, 48.0286 ], [ -0.11374, 48.02799 ], [ -0.11924, 48.0289 ], [ -0.12427, 48.02591 ], [ -0.12174, 48.02326 ], [ -0.11177, 48.02101 ], [ -0.11105, 48.01824 ], [ -0.11532, 48.0177 ], [ -0.11606, 48.01889 ], [ -0.11819, 48.01955 ], [ -0.11884, 48.01896 ], [ -0.12108, 48.02067 ], [ -0.13371, 48.01747 ], [ -0.13383, 48.01468 ], [ -0.13171, 48.01405 ], [ -0.13076, 48.01256 ], [ -0.13232, 48.00781 ], [ -0.13485, 48.00715 ], [ -0.13917, 48.00831 ], [ -0.14121, 48.0076 ], [ -0.13666, 48.00408 ], [ -0.13376, 48.00377 ], [ -0.13323, 48.00133 ], [ -0.13579, 47.99895 ], [ -0.14057, 48.0002 ], [ -0.14412, 47.99947 ], [ -0.14984, 47.99589 ], [ -0.15169, 47.99266 ], [ -0.15932, 47.99161 ], [ -0.15772, 47.98676 ], [ -0.1658, 47.98442 ], [ -0.16264, 47.98175 ], [ -0.16245, 47.98028 ], [ -0.17003, 47.98033 ], [ -0.1719, 47.97964 ], [ -0.17304, 47.97541 ], [ -0.17476, 47.97369 ], [ -0.1789, 47.97384 ], [ -0.18005, 47.9746 ], [ -0.1871, 47.97427 ], [ -0.18954, 47.97375 ], [ -0.19152, 47.971 ], [ -0.19495, 47.972 ], [ -0.19791, 47.9749 ], [ -0.19939, 47.97327 ], [ -0.19885, 47.9684 ], [ -0.20194, 47.9679 ], [ -0.20193, 47.9699 ], [ -0.20347, 47.97078 ], [ -0.20713, 47.97024 ], [ -0.20965, 47.96608 ], [ -0.21463, 47.96409 ], [ -0.2152, 47.9625 ], [ -0.22033, 47.96193 ], [ -0.22281, 47.96091 ], [ -0.22256, 47.9602 ], [ -0.22776, 47.95838 ], [ -0.23131, 47.95521 ], [ -0.23655, 47.95395 ], [ -0.23723, 47.95455 ], [ -0.24136, 47.95274 ], [ -0.24012, 47.95007 ], [ -0.23646, 47.94983 ], [ -0.23531, 47.94845 ], [ -0.23775, 47.94545 ], [ -0.23976, 47.94519 ], [ -0.24588, 47.94684 ], [ -0.24679, 47.94597 ], [ -0.24978, 47.94763 ], [ -0.25262, 47.94631 ], [ -0.25232, 47.94364 ], [ -0.24984, 47.94083 ], [ -0.23901, 47.93751 ], [ -0.23965, 47.93533 ], [ -0.24609, 47.93203 ], [ -0.238, 47.92705 ], [ -0.24553, 47.92212 ], [ -0.25278, 47.92333 ], [ -0.25604, 47.92236 ], [ -0.26136, 47.92232 ], [ -0.26379, 47.92124 ], [ -0.25584, 47.91332 ], [ -0.24983, 47.91217 ], [ -0.24463, 47.91391 ], [ -0.23744, 47.91131 ], [ -0.23667, 47.90793 ], [ -0.2447, 47.9021 ], [ -0.24402, 47.89742 ], [ -0.23934, 47.89724 ], [ -0.23958, 47.89873 ], [ -0.23454, 47.9018 ], [ -0.23109, 47.90555 ], [ -0.22639, 47.90446 ], [ -0.22564, 47.90258 ], [ -0.22934, 47.8998 ], [ -0.22999, 47.89813 ], [ -0.22908, 47.89589 ], [ -0.22479, 47.89265 ], [ -0.22508, 47.89128 ], [ -0.22918, 47.89099 ], [ -0.23701, 47.89526 ], [ -0.24077, 47.89478 ], [ -0.24166, 47.89345 ], [ -0.23091, 47.88753 ], [ -0.22427, 47.88504 ], [ -0.22278, 47.8808 ], [ -0.22646, 47.87867 ], [ -0.23834, 47.87812 ], [ -0.24042, 47.87562 ], [ -0.23644, 47.87308 ], [ -0.22886, 47.87197 ], [ -0.22421, 47.87224 ], [ -0.22097, 47.87084 ], [ -0.22264, 47.86865 ], [ -0.22413, 47.86918 ], [ -0.22775, 47.86839 ], [ -0.22999, 47.86417 ], [ -0.23349, 47.86242 ], [ -0.23637, 47.86282 ], [ -0.23792, 47.86618 ], [ -0.2398, 47.86586 ], [ -0.24288, 47.85847 ], [ -0.24131, 47.854 ], [ -0.24298, 47.84783 ] ] } },
{ "type": "Feature", "properties": { "name": null, "weight_class": 1, "permanent": false, "length_km": 2.4 }, "geometry": { "type": "LineString", "coordinates": [ [ -0.18464, 48.14206 ], [ -0.18438, 48.13716 ], [ -0.17467, 48.13228 ], [ -0.17274, 48.1278 ], [ -0.16976, 48.12554 ] ] } },
{ "type": "Feature", "properties": { "name": null, "weight_class": 1, "permanent": true, "length_km": 3.4 }, "geometry": { "type": "LineString", "coordinates": [ [ -0.1789, 48.14562 ], [ -0.17606, 48.14526 ], [ -0.17509, 48.14426 ], [ -0.17246, 48.14441 ], [ -0.17068, 48.14287 ], [ -0.16487, 48.14201 ], [ -0.158, 48.14235 ], [ -0.14924, 48.13749 ], [ -0.13974, 48.13788 ] ] } },
{ "type": "Feature", "properties": { "name": null, "weight_class": 1, "permanent": false, "length_km": 2.0 }, "geometry": { "type": "LineString", "coordinates": [ [ -0.09524, 48.13305 ], [ -0.09343, 48.12948 ], [ -0.09482, 48.12612 ], [ -0.09251, 48.12376 ], [ -0.09379, 48.1199 ], [ -0.09117, 48.1188 ], [ -0.09224, 48.11833 ] ] } },
{ "type": "Feature", "properties": { "name": "le Troncheau", "weight_class": 1, "permanent": true, "length_km": 3.4 }, "geometry": { "type": "LineString", "coordinates": [ [ -0.17088, 48.10333 ], [ -0.16722, 48.10552 ], [ -0.16026, 48.10639 ], [ -0.15268, 48.10902 ], [ -0.1515, 48.11014 ], [ -0.15209, 48.11364 ], [ -0.14846, 48.11817 ], [ -0.15026, 48.12048 ], [ -0.14919, 48.1226 ] ] } },
{ "type": "Feature", "properties": { "name": "le Végroneau", "weight_class": 1, "permanent": false, "length_km": 9.1 }, "geometry": { "type": "LineString", "coordinates": [ [ -0.21099, 48.12224 ], [ -0.20876, 48.12288 ], [ -0.20734, 48.12529 ], [ -0.20426, 48.12677 ], [ -0.20018, 48.12482 ], [ -0.1953, 48.12529 ], [ -0.18902, 48.12416 ], [ -0.17967, 48.12547 ], [ -0.16854, 48.12573 ], [ -0.16557, 48.12387 ], [ -0.16072, 48.12354 ], [ -0.15696, 48.12163 ], [ -0.14911, 48.12261 ], [ -0.13872, 48.12124 ], [ -0.13152, 48.12285 ], [ -0.12824, 48.12266 ], [ -0.12718, 48.12345 ], [ -0.12512, 48.12264 ], [ -0.11128, 48.12428 ] ] } },
{ "type": "Feature", "properties": { "name": "le Palais", "weight_class": 1, "permanent": true, "length_km": 24.3 }, "geometry": { "type": "LineString", "coordinates": [ [ -0.22009, 48.10616 ], [ -0.21924, 48.10467 ], [ -0.21541, 48.10354 ], [ -0.20793, 48.10295 ], [ -0.20395, 48.10085 ], [ -0.19821, 48.10067 ], [ -0.18882, 48.09588 ], [ -0.18512, 48.09029 ], [ -0.18481, 48.08648 ], [ -0.18216, 48.0847 ], [ -0.18278, 48.08033 ], [ -0.18187, 48.07876 ], [ -0.17906, 48.0773 ], [ -0.17956, 48.0767 ], [ -0.17717, 48.07618 ], [ -0.17508, 48.07295 ], [ -0.17416, 48.07305 ], [ -0.17393, 48.07146 ], [ -0.17735, 48.0685 ], [ -0.18891, 48.06701 ], [ -0.18903, 48.06596 ], [ -0.19051, 48.06581 ], [ -0.19621, 48.06176 ], [ -0.20134, 48.05699 ], [ -0.2071, 48.05683 ], [ -0.20751, 48.05538 ], [ -0.21132, 48.05414 ], [ -0.21464, 48.05135 ], [ -0.21322, 48.04924 ], [ -0.20625, 48.04694 ], [ -0.20647, 48.04519 ], [ -0.20511, 48.04421 ], [ -0.20868, 48.04117 ], [ -0.20823, 48.03818 ], [ -0.20047, 48.02936 ], [ -0.20046, 48.02804 ], [ -0.19669, 48.02653 ], [ -0.19607, 48.02458 ], [ -0.19396, 48.02341 ], [ -0.18844, 48.02237 ], [ -0.18712, 48.02088 ], [ -0.18477, 48.02058 ], [ -0.18439, 48.01822 ], [ -0.17979, 48.01675 ], [ -0.18101, 48.01384 ], [ -0.17661, 48.01226 ], [ -0.17785, 48.00806 ], [ -0.17561, 48.00677 ], [ -0.17558, 48.00515 ], [ -0.17901, 48.00002 ], [ -0.18233, 47.99854 ], [ -0.18207, 47.9974 ], [ -0.17952, 47.99616 ], [ -0.18284, 47.99593 ], [ -0.18415, 47.99467 ], [ -0.18069, 47.99121 ], [ -0.18288, 47.98781 ], [ -0.17731, 47.98628 ], [ -0.17677, 47.98308 ], [ -0.17371, 47.98292 ], [ -0.17229, 47.98055 ] ] } },
{ "type": "Feature", "properties": { "name": null, "weight_class": 1, "permanent": false, "length_km": 2.0 }, "geometry": { "type": "LineString", "coordinates": [ [ -0.15167, 48.07846 ], [ -0.16048, 48.0782 ], [ -0.16539, 48.0759 ], [ -0.16961, 48.07573 ], [ -0.17419, 48.0731 ] ] } },
{ "type": "Feature", "properties": { "name": null, "weight_class": 1, "permanent": false, "length_km": 2.5 }, "geometry": { "type": "LineString", "coordinates": [ [ -0.12702, 48.07561 ], [ -0.12338, 48.07444 ], [ -0.12187, 48.07274 ], [ -0.12205, 48.0708 ], [ -0.1175, 48.06853 ], [ -0.11908, 48.06418 ], [ -0.12543, 48.05907 ] ] } },
{ "type": "Feature", "properties": { "name": null, "weight_class": 1, "permanent": true, "length_km": 3.7 }, "geometry": { "type": "LineString", "coordinates": [ [ -0.11629, 48.07865 ], [ -0.11387, 48.07741 ], [ -0.11137, 48.07346 ], [ -0.09926, 48.06953 ], [ -0.09462, 48.06725 ], [ -0.09333, 48.0655 ], [ -0.08592, 48.06314 ], [ -0.08463, 48.05856 ] ] } },
{ "type": "Feature", "properties": { "name": "Ruisseau de Quineau", "weight_class": 1, "permanent": true, "length_km": 4.1 }, "geometry": { "type": "LineString", "coordinates": [ [ -0.1763, 48.06153 ], [ -0.16965, 48.06465 ], [ -0.16588, 48.06406 ], [ -0.16141, 48.06547 ], [ -0.15756, 48.06278 ], [ -0.14186, 48.05771 ], [ -0.1324, 48.05886 ], [ -0.13017, 48.06045 ] ] } },
{ "type": "Feature", "properties": { "name": "le Treulon", "weight_class": 1, "permanent": true, "length_km": 23.1 }, "geometry": { "type": "MultiLineString", "coordinates": [ [ [ -0.32811, 47.93795 ], [ -0.32937, 47.93738 ], [ -0.33373, 47.93799 ], [ -0.33286, 47.93385 ], [ -0.33471, 47.93269 ], [ -0.33737, 47.93266 ], [ -0.3386, 47.93068 ], [ -0.34138, 47.93175 ], [ -0.34316, 47.93147 ], [ -0.3442, 47.92885 ], [ -0.34247, 47.92674 ], [ -0.3424, 47.9242 ], [ -0.3476, 47.92449 ], [ -0.35065, 47.92623 ], [ -0.35272, 47.92572 ], [ -0.35177, 47.92208 ], [ -0.34925, 47.92026 ], [ -0.3496, 47.91877 ], [ -0.35345, 47.91817 ], [ -0.35484, 47.91958 ], [ -0.35795, 47.92014 ], [ -0.35992, 47.91791 ], [ -0.3647, 47.91615 ], [ -0.36393, 47.91371 ], [ -0.36133, 47.91208 ], [ -0.36289, 47.91059 ], [ -0.36928, 47.9081 ], [ -0.36966, 47.90659 ], [ -0.36724, 47.90539 ] ], [ [ -0.32641, 48.04998 ], [ -0.32438, 48.04731 ], [ -0.32083, 48.0454 ], [ -0.31741, 48.04504 ], [ -0.31809, 48.04214 ], [ -0.31637, 48.03979 ], [ -0.3121, 48.03828 ], [ -0.31342, 48.03557 ], [ -0.31177, 48.03184 ], [ -0.31285, 48.02742 ], [ -0.30969, 48.02729 ], [ -0.30839, 48.02606 ], [ -0.30535, 48.0263 ], [ -0.30536, 48.02508 ], [ -0.3036, 48.0239 ], [ -0.29998, 48.02347 ], [ -0.2991, 48.02221 ], [ -0.29597, 48.02158 ], [ -0.29559, 48.02047 ], [ -0.29237, 48.02028 ], [ -0.29155, 48.01774 ], [ -0.28956, 48.0177 ], [ -0.28944, 48.01634 ], [ -0.29102, 48.01522 ], [ -0.29035, 48.01169 ], [ -0.29155, 48.00991 ], [ -0.29671, 48.00887 ], [ -0.29709, 48.00781 ], [ -0.30307, 48.00852 ], [ -0.30623, 48.00791 ], [ -0.30777, 48.00736 ], [ -0.30942, 48.00467 ] ], [ [ -0.31311, 47.99751 ], [ -0.31179, 47.99491 ], [ -0.31342, 47.99404 ], [ -0.31041, 47.99133 ], [ -0.31275, 47.98969 ], [ -0.31131, 47.98807 ], [ -0.30609, 47.98774 ] ], [ [ -0.30564, 47.9851 ], [ -0.30169, 47.98307 ], [ -0.30459, 47.9809 ], [ -0.30466, 47.97957 ], [ -0.30049, 47.98015 ], [ -0.29864, 47.97944 ], [ -0.29862, 47.97774 ], [ -0.3013, 47.97504 ], [ -0.29736, 47.9721 ], [ -0.29793, 47.97018 ], [ -0.30176, 47.96886 ], [ -0.30114, 47.96721 ], [ -0.30258, 47.96605 ] ] ] } },
{ "type": "Feature", "properties": { "name": null, "weight_class": 1, "permanent": true, "length_km": 2.4 }, "geometry": { "type": "LineString", "coordinates": [ [ -0.14934, 48.051 ], [ -0.14357, 48.05452 ], [ -0.13957, 48.05556 ], [ -0.13443, 48.05631 ], [ -0.12614, 48.05476 ], [ -0.12182, 48.05574 ] ] } },
{ "type": "Feature", "properties": { "name": "Ruisseau de Guérineau", "weight_class": 1, "permanent": true, "length_km": 6.1 }, "geometry": { "type": "LineString", "coordinates": [ [ -0.15647, 48.07086 ], [ -0.15163, 48.06782 ], [ -0.14741, 48.06654 ], [ -0.14666, 48.06505 ], [ -0.14029, 48.06312 ], [ -0.13425, 48.06273 ], [ -0.1312, 48.06051 ], [ -0.12712, 48.06001 ], [ -0.12239, 48.05718 ], [ -0.11949, 48.04761 ], [ -0.11576, 48.04386 ], [ -0.11507, 48.04071 ], [ -0.11183, 48.03724 ], [ -0.10888, 48.03708 ] ] } },
{ "type": "Feature", "properties": { "name": null, "weight_class": 1, "permanent": true, "length_km": 2.1 }, "geometry": { "type": "LineString", "coordinates": [ [ -0.17421, 48.03502 ], [ -0.17591, 48.03146 ], [ -0.17492, 48.02487 ], [ -0.18477, 48.02058 ] ] } },
{ "type": "Feature", "properties": { "name": null, "weight_class": 1, "permanent": false, "length_km": 4.0 }, "geometry": { "type": "LineString", "coordinates": [ [ -0.23201, 48.01822 ], [ -0.23786, 48.01559 ], [ -0.24272, 48.01192 ], [ -0.25167, 48.01111 ], [ -0.25612, 48.0093 ], [ -0.2628, 48.00414 ], [ -0.26599, 48.00437 ], [ -0.26854, 48.00647 ], [ -0.27381, 48.00623 ] ] } },
{ "type": "Feature", "properties": { "name": null, "weight_class": 1, "permanent": true, "length_km": 4.7 }, "geometry": { "type": "LineString", "coordinates": [ [ -0.23876, 48.02892 ], [ -0.24562, 48.02697 ], [ -0.25569, 48.02692 ], [ -0.26592, 48.02452 ], [ -0.26893, 48.02155 ], [ -0.27586, 48.02089 ], [ -0.27917, 48.01217 ], [ -0.28455, 48.01016 ] ] } },
{ "type": "Feature", "properties": { "name": null, "weight_class": 1, "permanent": false, "length_km": 3.1 }, "geometry": { "type": "LineString", "coordinates": [ [ -0.2422, 48.02156 ], [ -0.24811, 48.02076 ], [ -0.25166, 48.01931 ], [ -0.25401, 48.01955 ], [ -0.26207, 48.0169 ], [ -0.26506, 48.0135 ], [ -0.27543, 48.00725 ] ] } },
{ "type": "Feature", "properties": { "name": null, "weight_class": 1, "permanent": false, "length_km": 2.2 }, "geometry": { "type": "LineString", "coordinates": [ [ -0.33641, 48.02529 ], [ -0.33118, 48.0252 ], [ -0.33012, 48.02344 ], [ -0.3234, 48.02218 ], [ -0.32423, 48.01982 ], [ -0.32234, 48.01737 ], [ -0.32589, 48.01449 ] ] } },
{ "type": "Feature", "properties": { "name": null, "weight_class": 1, "permanent": true, "length_km": 2.4 }, "geometry": { "type": "LineString", "coordinates": [ [ -0.18335, 48.17218 ], [ -0.17686, 48.16561 ], [ -0.17278, 48.16571 ], [ -0.16868, 48.16706 ], [ -0.1644, 48.16291 ], [ -0.16212, 48.16303 ] ] } },
{ "type": "Feature", "properties": { "name": null, "weight_class": 1, "permanent": false, "length_km": 2.5 }, "geometry": { "type": "LineString", "coordinates": [ [ -0.22095, 48.16721 ], [ -0.20936, 48.16425 ], [ -0.19985, 48.15738 ], [ -0.1956, 48.1557 ] ] } },
{ "type": "Feature", "properties": { "name": "Bras de la Vègre", "weight_class": 2, "permanent": true, "length_km": 12.3 }, "geometry": { "type": "MultiLineString", "coordinates": [ [ [ -0.25931, 47.92236 ], [ -0.26015, 47.91912 ], [ -0.26174, 47.91894 ] ], [ [ -0.25228, 47.94508 ], [ -0.25178, 47.94331 ] ], [ [ -0.23617, 47.95378 ], [ -0.23763, 47.95253 ], [ -0.23598, 47.94931 ] ], [ [ -0.21267, 47.96684 ], [ -0.21614, 47.96603 ], [ -0.2196, 47.96206 ] ], [ [ -0.21267, 47.96684 ], [ -0.2138, 47.96582 ], [ -0.21299, 47.96496 ] ], [ [ -0.20713, 47.97024 ], [ -0.21112, 47.96892 ], [ -0.21267, 47.96684 ] ], [ [ -0.1738, 47.97442 ], [ -0.17572, 47.97378 ] ], [ [ -0.1692, 47.98029 ], [ -0.17142, 47.98099 ], [ -0.17206, 47.97955 ] ], [ [ -0.14448, 48.1445 ], [ -0.14344, 48.14456 ], [ -0.14294, 48.14096 ] ], [ [ -0.1395, 48.13658 ], [ -0.13945, 48.13399 ], [ -0.13688, 48.13322 ], [ -0.13509, 48.13133 ], [ -0.13359, 48.1316 ] ], [ [ -0.13042, 48.13086 ], [ -0.12558, 48.12994 ], [ -0.12313, 48.13066 ], [ -0.11953, 48.12934 ] ], [ [ -0.11101, 48.01969 ], [ -0.11341, 48.01843 ], [ -0.11598, 48.01883 ] ], [ [ -0.10815, 48.11946 ], [ -0.10536, 48.12025 ] ], [ [ -0.10804, 48.12094 ], [ -0.106, 48.12232 ], [ -0.10536, 48.12025 ] ], [ [ -0.10536, 48.12025 ], [ -0.10281, 48.12 ], [ -0.09976, 48.11779 ] ], [ [ -0.09157, 48.116 ], [ -0.08931, 48.11435 ], [ -0.09048, 48.11334 ], [ -0.08784, 48.11264 ], [ -0.08508, 48.10934 ] ], [ [ -0.07881, 48.10035 ], [ -0.0776, 48.09993 ], [ -0.0773, 48.10109 ], [ -0.07625, 48.10031 ], [ -0.0741, 48.10066 ], [ -0.07228, 48.09815 ] ], [ [ -0.07129, 48.09553 ], [ -0.07269, 48.09572 ], [ -0.07498, 48.09384 ], [ -0.07447, 48.09217 ], [ -0.07258, 48.09266 ] ], [ [ -0.05672, 48.07981 ], [ -0.05375, 48.07912 ], [ -0.05391, 48.07832 ], [ -0.05986, 48.07652 ], [ -0.0615, 48.0756 ], [ -0.06139, 48.07452 ] ] ] } },
{ "type": "Feature", "properties": { "name": "Ruisseau Pont Hamon", "weight_class": 1, "permanent": true, "length_km": 2.6 }, "geometry": { "type": "LineString", "coordinates": [ [ -0.23374, 48.05949 ], [ -0.23018, 48.05825 ], [ -0.22585, 48.0551 ], [ -0.22016, 48.05052 ], [ -0.21856, 48.04739 ], [ -0.21267, 48.0472 ], [ -0.21049, 48.04826 ] ] } },
{ "type": "Feature", "properties": { "name": null, "weight_class": 1, "permanent": false, "length_km": 2.3 }, "geometry": { "type": "LineString", "coordinates": [ [ -0.26472, 48.06304 ], [ -0.25958, 48.06162 ], [ -0.23565, 48.0589 ] ] } },
{ "type": "Feature", "properties": { "name": "Rivière le Treulon", "weight_class": 2, "permanent": true, "length_km": 4.0 }, "geometry": { "type": "MultiLineString", "coordinates": [ [ [ -0.35109, 47.92623 ], [ -0.35215, 47.92739 ], [ -0.3545, 47.92612 ], [ -0.35416, 47.92442 ], [ -0.35292, 47.92297 ], [ -0.35224, 47.9233 ] ], [ [ -0.31585, 48.03966 ], [ -0.3101, 48.03988 ], [ -0.31177, 48.03184 ] ], [ [ -0.30221, 48.02355 ], [ -0.29917, 48.02095 ], [ -0.29759, 48.02054 ], [ -0.29674, 48.02134 ] ], [ [ -0.29575, 48.02114 ], [ -0.29161, 48.02176 ], [ -0.29016, 48.02117 ], [ -0.28976, 48.01797 ] ] ] } },
{ "type": "Feature", "properties": { "name": "Ruisseau de la Prée", "weight_class": 1, "permanent": false, "length_km": 3.3 }, "geometry": { "type": "MultiLineString", "coordinates": [ [ [ -0.34957, 48.01491 ], [ -0.34312, 48.01221 ], [ -0.33487, 48.01157 ], [ -0.32816, 48.00832 ], [ -0.32198, 48.00696 ] ], [ [ -0.32201, 48.0068 ], [ -0.3167, 48.00534 ], [ -0.30857, 48.00572 ] ] ] } },
{ "type": "Feature", "properties": { "name": null, "weight_class": 1, "permanent": false, "length_km": 2.5 }, "geometry": { "type": "LineString", "coordinates": [ [ -0.34097, 48.02005 ], [ -0.33403, 48.01719 ], [ -0.33051, 48.01693 ], [ -0.32589, 48.01449 ], [ -0.32476, 48.01217 ], [ -0.32074, 48.01155 ], [ -0.32198, 48.00696 ] ] } },
{ "type": "Feature", "properties": { "name": "la Vaige", "weight_class": 2, "permanent": true, "length_km": 14.2 }, "geometry": { "type": "MultiLineString", "coordinates": [ [ [ -0.40871, 47.90356 ], [ -0.40708, 47.90496 ], [ -0.40438, 47.90454 ], [ -0.40386, 47.89937 ], [ -0.41091, 47.89515 ], [ -0.40349, 47.89273 ] ], [ [ -0.39935, 47.89339 ], [ -0.39464, 47.89379 ], [ -0.39177, 47.89232 ] ], [ [ -0.3774, 47.87787 ], [ -0.37846, 47.87223 ], [ -0.37657, 47.87142 ], [ -0.37156, 47.87177 ], [ -0.3691, 47.87035 ], [ -0.37101, 47.86886 ], [ -0.37735, 47.86833 ], [ -0.37896, 47.86903 ], [ -0.38046, 47.86787 ], [ -0.38039, 47.86568 ], [ -0.37675, 47.8645 ], [ -0.3757, 47.8613 ], [ -0.37073, 47.8599 ], [ -0.37085, 47.85888 ], [ -0.37637, 47.8581 ], [ -0.37588, 47.85718 ], [ -0.3777, 47.85677 ], [ -0.37647, 47.85544 ], [ -0.37172, 47.8526 ], [ -0.36283, 47.85283 ], [ -0.35671, 47.84919 ], [ -0.35558, 47.84603 ], [ -0.34904, 47.84625 ], [ -0.34643, 47.84364 ], [ -0.35026, 47.84042 ], [ -0.34952, 47.83711 ], [ -0.3488, 47.83564 ], [ -0.34671, 47.83513 ], [ -0.34484, 47.83332 ], [ -0.3416, 47.83339 ], [ -0.33654, 47.83675 ], [ -0.33371, 47.83633 ], [ -0.33193, 47.83707 ], [ -0.33149, 47.83827 ] ] ] } },
{ "type": "Feature", "properties": { "name": "Ruisseau de la Cour des Bois", "weight_class": 1, "permanent": true, "length_km": 3.9 }, "geometry": { "type": "LineString", "coordinates": [ [ 0.69333, 48.01542 ], [ 0.69114, 48.01713 ], [ 0.68746, 48.01816 ], [ 0.68614, 48.023 ], [ 0.68315, 48.024 ], [ 0.67126, 48.02494 ], [ 0.66179, 48.02403 ], [ 0.65144, 48.02518 ] ] } },
{ "type": "Feature", "properties": { "name": "Torrent de Cédron", "weight_class": 1, "permanent": false, "length_km": 2.5 }, "geometry": { "type": "LineString", "coordinates": [ [ 0.76743, 47.94662 ], [ 0.75952, 47.94529 ], [ 0.75364, 47.93922 ], [ 0.75383, 47.93574 ], [ 0.75115, 47.93324 ], [ 0.74768, 47.93265 ] ] } },
{ "type": "Feature", "properties": { "name": "Ruisseau de Pibeau", "weight_class": 1, "permanent": true, "length_km": 8.7 }, "geometry": { "type": "MultiLineString", "coordinates": [ [ [ 0.67658, 47.95792 ], [ 0.67521, 47.95527 ], [ 0.67808, 47.95195 ], [ 0.69157, 47.94612 ], [ 0.69929, 47.93763 ], [ 0.70846, 47.93639 ], [ 0.71858, 47.93723 ] ], [ [ 0.71858, 47.93723 ], [ 0.72788, 47.93785 ] ], [ [ 0.71858, 47.93723 ], [ 0.71961, 47.93694 ], [ 0.7272, 47.93743 ], [ 0.72788, 47.93785 ] ], [ [ 0.72788, 47.93785 ], [ 0.73028, 47.93853 ], [ 0.73555, 47.93785 ], [ 0.7369, 47.93701 ] ], [ [ 0.72788, 47.93785 ], [ 0.7369, 47.93701 ] ], [ [ 0.7369, 47.93701 ], [ 0.74305, 47.93616 ], [ 0.74535, 47.93675 ] ] ] } },
{ "type": "Feature", "properties": { "name": "Ruisseau des Rippes", "weight_class": 1, "permanent": true, "length_km": 3.5 }, "geometry": { "type": "LineString", "coordinates": [ [ 0.77319, 47.93528 ], [ 0.77155, 47.93269 ], [ 0.76274, 47.92527 ], [ 0.7622, 47.92224 ], [ 0.75621, 47.91796 ], [ 0.74898, 47.91878 ], [ 0.74412, 47.91748 ] ] } },
{ "type": "Feature", "properties": { "name": "Ruisseau de Bonnouche", "weight_class": 1, "permanent": true, "length_km": 3.7 }, "geometry": { "type": "LineString", "coordinates": [ [ 0.78875, 47.91513 ], [ 0.79489, 47.90582 ], [ 0.7939, 47.90293 ], [ 0.79486, 47.89989 ], [ 0.80254, 47.89578 ], [ 0.81087, 47.88924 ] ] } },
{ "type": "Feature", "properties": { "name": "le Boutry", "weight_class": 1, "permanent": true, "length_km": 8.1 }, "geometry": { "type": "LineString", "coordinates": [ [ 0.73114, 48.00743 ], [ 0.73208, 48.00369 ], [ 0.73866, 48.00049 ], [ 0.74371, 48.00002 ], [ 0.75306, 48.00206 ], [ 0.76163, 47.99929 ], [ 0.76284, 47.99504 ], [ 0.76828, 47.99235 ], [ 0.77761, 47.9923 ], [ 0.78212, 47.99124 ], [ 0.78453, 47.99189 ], [ 0.79736, 47.98908 ], [ 0.80187, 47.99063 ], [ 0.8056, 47.99411 ], [ 0.81366, 47.99802 ] ] } },
{ "type": "Feature", "properties": { "name": "l'Anille", "weight_class": 1, "permanent": true, "length_km": 29.0 }, "geometry": { "type": "LineString", "coordinates": [ [ 0.70294, 48.00444 ], [ 0.69679, 48.0021 ], [ 0.69227, 48.00339 ], [ 0.68695, 48.00264 ], [ 0.68034, 47.99957 ], [ 0.68023, 47.99805 ], [ 0.68559, 47.99112 ], [ 0.68309, 47.98803 ], [ 0.68302, 47.98581 ], [ 0.68453, 47.98451 ], [ 0.68402, 47.98179 ], [ 0.68649, 47.98055 ], [ 0.68664, 47.97772 ], [ 0.69127, 47.97699 ], [ 0.69359, 47.97523 ], [ 0.69438, 47.97219 ], [ 0.69851, 47.96977 ], [ 0.7013, 47.96665 ], [ 0.69937, 47.96466 ], [ 0.69945, 47.9621 ], [ 0.70466, 47.95889 ], [ 0.70974, 47.9574 ], [ 0.71181, 47.9579 ], [ 0.71504, 47.9572 ], [ 0.72034, 47.95476 ], [ 0.72494, 47.95574 ], [ 0.72706, 47.95455 ], [ 0.73083, 47.95583 ], [ 0.73579, 47.95514 ], [ 0.73987, 47.9508 ], [ 0.73967, 47.94722 ], [ 0.74302, 47.94526 ], [ 0.74422, 47.94229 ], [ 0.7476, 47.94001 ], [ 0.74524, 47.93716 ], [ 0.74627, 47.93445 ], [ 0.74762, 47.93415 ], [ 0.74753, 47.93064 ], [ 0.74571, 47.92826 ], [ 0.74337, 47.91452 ], [ 0.74096, 47.91316 ], [ 0.74029, 47.91151 ], [ 0.74205, 47.90859 ], [ 0.74154, 47.90621 ], [ 0.73743, 47.90204 ], [ 0.73862, 47.90063 ], [ 0.73613, 47.8927 ], [ 0.74189, 47.88831 ], [ 0.74476, 47.88442 ], [ 0.74772, 47.88339 ], [ 0.74978, 47.87964 ], [ 0.74979, 47.87497 ], [ 0.75203, 47.87344 ], [ 0.75258, 47.87075 ], [ 0.7491, 47.86756 ], [ 0.75103, 47.8626 ], [ 0.74982, 47.86193 ], [ 0.75037, 47.85852 ], [ 0.74869, 47.85726 ], [ 0.74913, 47.8555 ], [ 0.75005, 47.85394 ], [ 0.75195, 47.85444 ], [ 0.75301, 47.85365 ], [ 0.75574, 47.84937 ], [ 0.75871, 47.84765 ], [ 0.75863, 47.84482 ], [ 0.76085, 47.84409 ], [ 0.7643, 47.84052 ], [ 0.7627, 47.8369 ], [ 0.75998, 47.83625 ], [ 0.76082, 47.83568 ], [ 0.75884, 47.83389 ] ] } },
{ "type": "Feature", "properties": { "name": "le Fresnay", "weight_class": 1, "permanent": false, "length_km": 11.6 }, "geometry": { "type": "LineString", "coordinates": [ [ 0.70434, 48.02213 ], [ 0.71373, 48.02599 ], [ 0.72309, 48.02624 ], [ 0.72785, 48.02928 ], [ 0.73755, 48.02751 ], [ 0.74458, 48.02334 ], [ 0.7503, 48.02307 ], [ 0.75198, 48.02408 ], [ 0.7582, 48.02374 ], [ 0.76608, 48.02487 ], [ 0.76838, 48.02476 ], [ 0.7711, 48.02331 ], [ 0.77379, 48.02378 ], [ 0.77566, 48.023 ], [ 0.77811, 48.01936 ], [ 0.78312, 48.01809 ], [ 0.78383, 48.01687 ], [ 0.78853, 48.01494 ], [ 0.78936, 48.01304 ], [ 0.79235, 48.01319 ], [ 0.7956, 48.01082 ], [ 0.79676, 48.00808 ], [ 0.80411, 48.00474 ], [ 0.80437, 48.0013 ], [ 0.80787, 47.99824 ], [ 0.82057, 47.99813 ] ] } },
{ "type": "Feature", "properties": { "name": "le Colonge", "weight_class": 1, "permanent": true, "length_km": 7.8 }, "geometry": { "type": "LineString", "coordinates": [ [ 0.79279, 47.97752 ], [ 0.79702, 47.97572 ], [ 0.79953, 47.97291 ], [ 0.79899, 47.97154 ], [ 0.79296, 47.96828 ], [ 0.79345, 47.9667 ], [ 0.79743, 47.96436 ], [ 0.8027, 47.96304 ], [ 0.80236, 47.95707 ], [ 0.80556, 47.95417 ], [ 0.81955, 47.95128 ], [ 0.81996, 47.94727 ], [ 0.82215, 47.94667 ], [ 0.82635, 47.94243 ], [ 0.82966, 47.94135 ], [ 0.83844, 47.93948 ], [ 0.84557, 47.94199 ], [ 0.84837, 47.94199 ] ] } },
{ "type": "Feature", "properties": { "name": "le Roulecrotte", "weight_class": 1, "permanent": true, "length_km": 7.4 }, "geometry": { "type": "LineString", "coordinates": [ [ 0.74116, 47.9919 ], [ 0.74664, 47.99187 ], [ 0.74986, 47.99058 ], [ 0.75521, 47.98708 ], [ 0.75625, 47.9848 ], [ 0.75618, 47.98216 ], [ 0.75365, 47.97998 ], [ 0.74599, 47.97658 ], [ 0.74577, 47.96622 ], [ 0.75089, 47.96436 ], [ 0.75223, 47.96188 ], [ 0.75019, 47.95812 ], [ 0.75087, 47.95551 ], [ 0.74558, 47.94371 ], [ 0.74713, 47.94071 ] ] } },
{ "type": "Feature", "properties": { "name": null, "weight_class": 1, "permanent": true, "length_km": 2.1 }, "geometry": { "type": "LineString", "coordinates": [ [ 0.70918, 47.98327 ], [ 0.70836, 47.97924 ], [ 0.70116, 47.9769 ], [ 0.70166, 47.97554 ], [ 0.69844, 47.97247 ], [ 0.69917, 47.96886 ] ] } },
{ "type": "Feature", "properties": { "name": "Ruisseau de Carrie/Ruisseau des Bouts", "weight_class": 1, "permanent": false, "length_km": 3.9 }, "geometry": { "type": "LineString", "coordinates": [ [ 0.65993, 47.93209 ], [ 0.66268, 47.92622 ], [ 0.66163, 47.92366 ], [ 0.658, 47.92148 ], [ 0.65578, 47.91768 ], [ 0.65139, 47.91369 ], [ 0.65175, 47.91142 ], [ 0.65501, 47.90758 ], [ 0.65412, 47.90169 ] ] } },
{ "type": "Feature", "properties": { "name": null, "weight_class": 1, "permanent": false, "length_km": 2.0 }, "geometry": { "type": "LineString", "coordinates": [ [ 0.7312, 47.9648 ], [ 0.73544, 47.9658 ], [ 0.73682, 47.96532 ], [ 0.73881, 47.96192 ], [ 0.74218, 47.95983 ], [ 0.7364, 47.95473 ] ] } },
{ "type": "Feature", "properties": { "name": "le Tusson", "weight_class": 1, "permanent": true, "length_km": 34.7 }, "geometry": { "type": "LineString", "coordinates": [ [ 0.65154, 47.9646 ], [ 0.65093, 47.9622 ], [ 0.64623, 47.95713 ], [ 0.64708, 47.95611 ], [ 0.63879, 47.9544 ], [ 0.63744, 47.95145 ], [ 0.63977, 47.95013 ], [ 0.64002, 47.94803 ], [ 0.63554, 47.94368 ], [ 0.63072, 47.94215 ], [ 0.62522, 47.93745 ], [ 0.62336, 47.93123 ], [ 0.61788, 47.92892 ], [ 0.6168, 47.9239 ], [ 0.61538, 47.92372 ], [ 0.6144, 47.92022 ], [ 0.61615, 47.91851 ], [ 0.61581, 47.91676 ], [ 0.61891, 47.91544 ], [ 0.62089, 47.90965 ], [ 0.62374, 47.90897 ], [ 0.62355, 47.90615 ], [ 0.62625, 47.90236 ], [ 0.62991, 47.90146 ], [ 0.63483, 47.90162 ], [ 0.63716, 47.90266 ], [ 0.64068, 47.90192 ], [ 0.64238, 47.90311 ], [ 0.64825, 47.90409 ], [ 0.65168, 47.90192 ], [ 0.6564, 47.90135 ], [ 0.65573, 47.89905 ], [ 0.66051, 47.8991 ], [ 0.66433, 47.89532 ], [ 0.66323, 47.89379 ], [ 0.66464, 47.89126 ], [ 0.65999, 47.88938 ], [ 0.65955, 47.88783 ], [ 0.66052, 47.88586 ], [ 0.65896, 47.88136 ], [ 0.66022, 47.87942 ], [ 0.65765, 47.87654 ], [ 0.65928, 47.87296 ], [ 0.65546, 47.87124 ], [ 0.65425, 47.86949 ], [ 0.65645, 47.86768 ], [ 0.65765, 47.86443 ], [ 0.66129, 47.86276 ], [ 0.66028, 47.86154 ], [ 0.65835, 47.86196 ], [ 0.65763, 47.86133 ], [ 0.65904, 47.85664 ], [ 0.65684, 47.8532 ], [ 0.65839, 47.85048 ], [ 0.65482, 47.84787 ], [ 0.65768, 47.84245 ], [ 0.6539, 47.84057 ], [ 0.65554, 47.83655 ], [ 0.6513, 47.8343 ], [ 0.6517, 47.83365 ], [ 0.64839, 47.83053 ], [ 0.64909, 47.82898 ], [ 0.64694, 47.82817 ], [ 0.64698, 47.82602 ], [ 0.644, 47.82441 ], [ 0.64426, 47.82251 ], [ 0.64699, 47.82167 ], [ 0.64701, 47.81966 ], [ 0.64277, 47.8175 ], [ 0.64251, 47.81356 ], [ 0.64506, 47.81262 ], [ 0.64447, 47.8118 ], [ 0.64595, 47.8105 ], [ 0.65102, 47.81046 ], [ 0.65213, 47.80829 ], [ 0.65674, 47.80669 ], [ 0.65849, 47.80436 ], [ 0.66288, 47.80197 ], [ 0.66683, 47.80216 ], [ 0.66831, 47.79945 ], [ 0.67047, 47.79953 ], [ 0.67279, 47.79825 ], [ 0.67232, 47.79735 ], [ 0.67911, 47.79692 ], [ 0.68089, 47.79612 ], [ 0.68067, 47.79529 ], [ 0.683, 47.7952 ], [ 0.68285, 47.7937 ], [ 0.68499, 47.79307 ], [ 0.68708, 47.79374 ], [ 0.69291, 47.79157 ], [ 0.69444, 47.79175 ], [ 0.697, 47.78944 ], [ 0.70365, 47.78993 ], [ 0.70482, 47.7889 ], [ 0.71221, 47.78709 ] ] } },
{ "type": "Feature", "properties": { "name": null, "weight_class": 1, "permanent": true, "length_km": 3.0 }, "geometry": { "type": "LineString", "coordinates": [ [ 0.70977, 47.92338 ], [ 0.71445, 47.9211 ], [ 0.72589, 47.92533 ], [ 0.72922, 47.92558 ], [ 0.73478, 47.92446 ], [ 0.74525, 47.92507 ] ] } },
{ "type": "Feature", "properties": { "name": null, "weight_class": 1, "permanent": false, "length_km": 2.6 }, "geometry": { "type": "LineString", "coordinates": [ [ 0.67955, 47.93907 ], [ 0.68165, 47.93643 ], [ 0.68641, 47.93505 ], [ 0.68901, 47.93268 ], [ 0.69428, 47.93147 ], [ 0.6994, 47.93276 ], [ 0.70484, 47.93673 ] ] } },
{ "type": "Feature", "properties": { "name": null, "weight_class": 1, "permanent": false, "length_km": 4.5 }, "geometry": { "type": "LineString", "coordinates": [ [ 0.7736, 47.91572 ], [ 0.76653, 47.9099 ], [ 0.75873, 47.90096 ], [ 0.75914, 47.898 ], [ 0.757, 47.89601 ], [ 0.7574, 47.89442 ], [ 0.75494, 47.89117 ], [ 0.75542, 47.88777 ], [ 0.74696, 47.88362 ] ] } },
{ "type": "Feature", "properties": { "name": null, "weight_class": 1, "permanent": false, "length_km": 2.6 }, "geometry": { "type": "LineString", "coordinates": [ [ 0.69183, 47.88814 ], [ 0.69612, 47.88052 ], [ 0.69424, 47.87479 ], [ 0.69629, 47.87148 ], [ 0.69504, 47.86979 ], [ 0.69705, 47.86768 ] ] } },
{ "type": "Feature", "properties": { "name": null, "weight_class": 1, "permanent": false, "length_km": 2.9 }, "geometry": { "type": "LineString", "coordinates": [ [ 0.69602, 47.90399 ], [ 0.69973, 47.9042 ], [ 0.70174, 47.90329 ], [ 0.70213, 47.89846 ], [ 0.70322, 47.89856 ], [ 0.70594, 47.89608 ], [ 0.70892, 47.89558 ], [ 0.7122, 47.89348 ], [ 0.72252, 47.89226 ] ] } },
{ "type": "Feature", "properties": { "name": "le Riverelle/Ruisseau de Riverelle", "weight_class": 1, "permanent": false, "length_km": 7.2 }, "geometry": { "type": "LineString", "coordinates": [ [ 0.6877, 47.91743 ], [ 0.69301, 47.91294 ], [ 0.70454, 47.90864 ], [ 0.71169, 47.9093 ], [ 0.715, 47.91101 ], [ 0.71863, 47.91151 ], [ 0.72253, 47.90935 ], [ 0.72684, 47.90914 ], [ 0.72753, 47.90695 ], [ 0.72508, 47.9034 ], [ 0.72261, 47.89708 ], [ 0.72324, 47.89471 ], [ 0.72172, 47.8929 ], [ 0.72864, 47.89154 ], [ 0.73361, 47.88865 ], [ 0.73947, 47.8895 ] ] } },
{ "type": "Feature", "properties": { "name": "la Redonne", "weight_class": 1, "permanent": true, "length_km": 6.6 }, "geometry": { "type": "LineString", "coordinates": [ [ 0.68247, 47.86253 ], [ 0.68776, 47.86298 ], [ 0.6904, 47.86625 ], [ 0.69336, 47.86737 ], [ 0.69705, 47.86768 ], [ 0.69962, 47.86696 ], [ 0.70426, 47.86933 ], [ 0.71493, 47.86996 ], [ 0.71806, 47.86823 ], [ 0.72238, 47.8684 ], [ 0.72612, 47.86388 ], [ 0.73063, 47.86351 ], [ 0.74032, 47.85929 ], [ 0.74321, 47.861 ], [ 0.75018, 47.86022 ] ] } },
{ "type": "Feature", "properties": { "name": null, "weight_class": 1, "permanent": true, "length_km": 2.4 }, "geometry": { "type": "MultiLineString", "coordinates": [ [ [ 0.73605, 47.95487 ], [ 0.7408, 47.95072 ], [ 0.74016, 47.94866 ] ], [ [ 0.73989, 47.90359 ], [ 0.73845, 47.90083 ] ], [ [ 0.74035, 47.91117 ], [ 0.74222, 47.91131 ], [ 0.74333, 47.90863 ], [ 0.74145, 47.90421 ], [ 0.74017, 47.90437 ] ] ] } },
{ "type": "Feature", "properties": { "name": "Ruisseau de Combray", "weight_class": 1, "permanent": true, "length_km": 3.8 }, "geometry": { "type": "LineString", "coordinates": [ [ 0.46981, 47.99737 ], [ 0.46358, 47.99489 ], [ 0.45826, 47.99535 ], [ 0.45372, 47.99243 ], [ 0.43234, 47.99847 ], [ 0.42899, 47.99864 ], [ 0.4258, 47.99736 ] ] } },
{ "type": "Feature", "properties": { "name": "Ruisseau des Loges", "weight_class": 1, "permanent": false, "length_km": 3.5 }, "geometry": { "type": "LineString", "coordinates": [ [ 0.62852, 47.97479 ], [ 0.61957, 47.97813 ], [ 0.6175, 47.9797 ], [ 0.61339, 47.9785 ], [ 0.60766, 47.97965 ], [ 0.60191, 47.97967 ], [ 0.60124, 47.98109 ], [ 0.60396, 47.98366 ], [ 0.59706, 47.98704 ] ] } },
{ "type": "Feature", "properties": { "name": "Ruisseau des Loges", "weight_class": 1, "permanent": true, "length_km": 3.8 }, "geometry": { "type": "LineString", "coordinates": [ [ 0.61439, 47.9677 ], [ 0.60893, 47.96839 ], [ 0.60464, 47.96733 ], [ 0.60108, 47.96776 ], [ 0.59892, 47.96864 ], [ 0.59444, 47.97315 ], [ 0.59765, 47.97897 ], [ 0.59713, 47.98229 ], [ 0.5984, 47.98462 ], [ 0.59695, 47.98899 ] ] } },
{ "type": "Feature", "properties": { "name": "le Court-s'il-pleut", "weight_class": 1, "permanent": true, "length_km": 2.9 }, "geometry": { "type": "LineString", "coordinates": [ [ 0.60744, 47.89421 ], [ 0.60889, 47.89099 ], [ 0.60634, 47.88918 ], [ 0.60373, 47.88215 ], [ 0.59943, 47.87854 ], [ 0.59116, 47.87459 ] ] } },
{ "type": "Feature", "properties": { "name": "Ruisseau le Charmanson", "weight_class": 1, "permanent": false, "length_km": 6.6 }, "geometry": { "type": "MultiLineString", "coordinates": [ [ [ 0.63156, 47.86948 ], [ 0.62739, 47.8634 ], [ 0.62782, 47.8598 ], [ 0.62471, 47.85771 ], [ 0.62138, 47.85314 ], [ 0.61894, 47.84573 ], [ 0.62079, 47.84266 ], [ 0.62739, 47.84293 ], [ 0.63094, 47.83949 ], [ 0.63739, 47.83768 ] ], [ [ 0.63739, 47.83768 ], [ 0.6403, 47.83722 ] ], [ [ 0.63739, 47.83768 ], [ 0.6396, 47.83675 ], [ 0.6403, 47.83722 ] ], [ [ 0.6403, 47.83722 ], [ 0.64171, 47.83591 ], [ 0.64527, 47.83513 ], [ 0.64638, 47.83357 ], [ 0.64764, 47.83377 ], [ 0.64977, 47.83176 ] ] ] } },
{ "type": "Feature", "properties": { "name": "Ruisseau de Maunon", "weight_class": 1, "permanent": true, "length_km": 5.9 }, "geometry": { "type": "LineString", "coordinates": [ [ 0.60654, 47.95168 ], [ 0.5995, 47.95863 ], [ 0.59349, 47.9616 ], [ 0.59297, 47.9629 ], [ 0.58942, 47.96215 ], [ 0.58573, 47.9626 ], [ 0.58242, 47.96489 ], [ 0.57413, 47.96659 ], [ 0.57394, 47.97058 ], [ 0.56636, 47.97338 ], [ 0.56537, 47.97596 ], [ 0.56192, 47.97751 ], [ 0.56148, 47.97995 ], [ 0.56462, 47.98406 ] ] } },
{ "type": "Feature", "properties": { "name": "la Sourderie", "weight_class": 1, "permanent": false, "length_km": 3.8 }, "geometry": { "type": "LineString", "coordinates": [ [ 0.58518, 47.92467 ], [ 0.57838, 47.92344 ], [ 0.57696, 47.92079 ], [ 0.57988, 47.91671 ], [ 0.57754, 47.91517 ], [ 0.57672, 47.91319 ], [ 0.58177, 47.90672 ], [ 0.57958, 47.89958 ], [ 0.57714, 47.89883 ] ] } },
{ "type": "Feature", "properties": { "name": "Ruisseau de Vaux", "weight_class": 1, "permanent": false, "length_km": 5.3 }, "geometry": { "type": "LineString", "coordinates": [ [ 0.55323, 47.87731 ], [ 0.55876, 47.87844 ], [ 0.56455, 47.87793 ], [ 0.56834, 47.87485 ], [ 0.5677, 47.8721 ], [ 0.57014, 47.86632 ], [ 0.56687, 47.86374 ], [ 0.56597, 47.85915 ], [ 0.5605, 47.8555 ], [ 0.55762, 47.85467 ], [ 0.55607, 47.85143 ], [ 0.54959, 47.84525 ] ] } },
{ "type": "Feature", "properties": { "name": "Rivière l'Étangsort", "weight_class": 1, "permanent": true, "length_km": 2.2 }, "geometry": { "type": "MultiLineString", "coordinates": [ [ [ 0.56273, 47.80869 ], [ 0.56255, 47.80768 ], [ 0.56094, 47.80724 ] ], [ [ 0.56594, 47.81983 ], [ 0.56374, 47.81604 ], [ 0.56471, 47.81466 ] ], [ [ 0.57114, 47.82491 ], [ 0.56876, 47.82334 ] ], [ [ 0.5826, 47.84264 ], [ 0.58132, 47.84176 ], [ 0.58281, 47.83992 ] ], [ [ 0.58803, 47.86853 ], [ 0.588, 47.86663 ], [ 0.58996, 47.86469 ] ] ] } },
{ "type": "Feature", "properties": { "name": "Ruisseau du Gué aux Oies", "weight_class": 1, "permanent": false, "length_km": 2.6 }, "geometry": { "type": "LineString", "coordinates": [ [ 0.31216, 48.00898 ], [ 0.30499, 48.00933 ], [ 0.30115, 48.00754 ], [ 0.29579, 48.00669 ], [ 0.29108, 48.00311 ], [ 0.29085, 48.00143 ], [ 0.28501, 47.99979 ] ] } },
{ "type": "Feature", "properties": { "name": "Ruisseau le Pontvillain", "weight_class": 1, "permanent": true, "length_km": 8.9 }, "geometry": { "type": "MultiLineString", "coordinates": [ [ [ 0.30713, 47.90384 ], [ 0.29848, 47.90299 ], [ 0.29593, 47.90177 ], [ 0.29369, 47.90273 ], [ 0.28474, 47.9026 ], [ 0.27807, 47.9064 ], [ 0.26685, 47.91015 ], [ 0.25447, 47.90712 ], [ 0.24506, 47.90297 ] ], [ [ 0.32845, 47.89106 ], [ 0.33158, 47.89272 ], [ 0.33195, 47.89654 ], [ 0.32611, 47.90293 ], [ 0.31996, 47.9034 ], [ 0.31734, 47.90146 ], [ 0.31489, 47.90423 ], [ 0.30772, 47.90465 ] ] ] } },
{ "type": "Feature", "properties": { "name": "Ruisseau de la Vinette", "weight_class": 1, "permanent": false, "length_km": 3.2 }, "geometry": { "type": "LineString", "coordinates": [ [ 0.28505, 47.89879 ], [ 0.27946, 47.89971 ], [ 0.27487, 47.90257 ], [ 0.27275, 47.9024 ], [ 0.26974, 47.90399 ], [ 0.26136, 47.90301 ], [ 0.26066, 47.90417 ], [ 0.25474, 47.90186 ], [ 0.25328, 47.90296 ], [ 0.25018, 47.90167 ] ] } },
{ "type": "Feature", "properties": { "name": "Ruisseau des Parcs", "weight_class": 1, "permanent": true, "length_km": 2.6 }, "geometry": { "type": "LineString", "coordinates": [ [ 0.37205, 48.00177 ], [ 0.37135, 48.003 ], [ 0.36798, 48.00306 ], [ 0.36727, 48.00392 ], [ 0.36449, 48.00315 ], [ 0.35755, 48.0148 ], [ 0.35662, 48.01717 ], [ 0.35791, 48.01835 ] ] } },
{ "type": "Feature", "properties": { "name": null, "weight_class": 1, "permanent": true, "length_km": 2.7 }, "geometry": { "type": "LineString", "coordinates": [ [ 0.61625, 48.01909 ], [ 0.60744, 48.01695 ], [ 0.59617, 48.02199 ], [ 0.58648, 48.01829 ] ] } },
{ "type": "Feature", "properties": { "name": "l'Étangsort", "weight_class": 1, "permanent": true, "length_km": 26.8 }, "geometry": { "type": "LineString", "coordinates": [ [ 0.58822, 47.94935 ], [ 0.59114, 47.9417 ], [ 0.58685, 47.93909 ], [ 0.5855, 47.93694 ], [ 0.58247, 47.9367 ], [ 0.57776, 47.94056 ], [ 0.57517, 47.94047 ], [ 0.57089, 47.93688 ], [ 0.56584, 47.93555 ], [ 0.56498, 47.93396 ], [ 0.55882, 47.93028 ], [ 0.55596, 47.92662 ], [ 0.55745, 47.92359 ], [ 0.55961, 47.92282 ], [ 0.55995, 47.9203 ], [ 0.56495, 47.91929 ], [ 0.56454, 47.91307 ], [ 0.56905, 47.91274 ], [ 0.57004, 47.91047 ], [ 0.57222, 47.9097 ], [ 0.57663, 47.90374 ], [ 0.57643, 47.90041 ], [ 0.57896, 47.89622 ], [ 0.57888, 47.89112 ], [ 0.57735, 47.88815 ], [ 0.57985, 47.88568 ], [ 0.58262, 47.88547 ], [ 0.58655, 47.88156 ], [ 0.58698, 47.87573 ], [ 0.59118, 47.87457 ], [ 0.58925, 47.86886 ], [ 0.58785, 47.86836 ], [ 0.59143, 47.86343 ], [ 0.58901, 47.86204 ], [ 0.58743, 47.85816 ], [ 0.58515, 47.85599 ], [ 0.58559, 47.85328 ], [ 0.58381, 47.85117 ], [ 0.58517, 47.84866 ], [ 0.58314, 47.84692 ], [ 0.58365, 47.84349 ], [ 0.58204, 47.84173 ], [ 0.58307, 47.83836 ], [ 0.58064, 47.83621 ], [ 0.57932, 47.83248 ], [ 0.57545, 47.8298 ], [ 0.57555, 47.82761 ], [ 0.56734, 47.82284 ], [ 0.56593, 47.82067 ], [ 0.56428, 47.81312 ], [ 0.56539, 47.80995 ], [ 0.56427, 47.80885 ], [ 0.56117, 47.80834 ], [ 0.5608, 47.80549 ], [ 0.55649, 47.80367 ], [ 0.55557, 47.79991 ], [ 0.55309, 47.79817 ], [ 0.55137, 47.79515 ], [ 0.53687, 47.79171 ], [ 0.53942, 47.78711 ], [ 0.53838, 47.78496 ], [ 0.54044, 47.78228 ] ] } },
{ "type": "Feature", "properties": { "name": null, "weight_class": 1, "permanent": true, "length_km": 2.0 }, "geometry": { "type": "LineString", "coordinates": [ [ 0.60874, 47.86773 ], [ 0.60682, 47.86654 ], [ 0.60675, 47.86494 ], [ 0.60114, 47.86395 ], [ 0.59219, 47.8678 ], [ 0.58796, 47.86815 ] ] } },
{ "type": "Feature", "properties": { "name": "le Loudon", "weight_class": 1, "permanent": true, "length_km": 10.8 }, "geometry": { "type": "LineString", "coordinates": [ [ 0.36909, 47.96962 ], [ 0.36776, 47.97139 ], [ 0.36971, 47.97295 ], [ 0.37594, 47.97108 ], [ 0.38064, 47.97246 ], [ 0.38711, 47.97617 ], [ 0.39418, 47.97703 ], [ 0.39908, 47.98088 ], [ 0.40094, 47.98435 ], [ 0.39721, 47.98683 ], [ 0.39731, 47.98833 ], [ 0.39463, 47.98951 ], [ 0.39533, 47.98998 ], [ 0.39186, 47.99452 ], [ 0.39062, 47.99861 ], [ 0.37964, 48.00003 ], [ 0.36433, 48.00911 ], [ 0.36099, 48.01342 ], [ 0.36014, 48.01716 ], [ 0.35814, 48.01744 ], [ 0.35638, 48.02739 ], [ 0.35127, 48.02973 ] ] } },
{ "type": "Feature", "properties": { "name": null, "weight_class": 1, "permanent": false, "length_km": 2.8 }, "geometry": { "type": "LineString", "coordinates": [ [ 0.52618, 48.01703 ], [ 0.53241, 48.02048 ], [ 0.53729, 48.02794 ], [ 0.53898, 48.0281 ], [ 0.54202, 48.03189 ], [ 0.54856, 48.03393 ] ] } },
{ "type": "Feature", "properties": { "name": "la Sourice", "weight_class": 1, "permanent": true, "length_km": 7.7 }, "geometry": { "type": "LineString", "coordinates": [ [ 0.50275, 47.9673 ], [ 0.48026, 47.96938 ], [ 0.47532, 47.97211 ], [ 0.4682, 47.97375 ], [ 0.44875, 47.97316 ], [ 0.44319, 47.97399 ], [ 0.43564, 47.9764 ], [ 0.42673, 47.98194 ], [ 0.41826, 47.98539 ], [ 0.41508, 47.98577 ] ] } },
{ "type": "Feature", "properties": { "name": "la Mérize", "weight_class": 1, "permanent": true, "length_km": 9.6 }, "geometry": { "type": "MultiLineString", "coordinates": [ [ [ 0.42829, 47.99962 ], [ 0.42232, 47.99352 ], [ 0.41965, 47.98871 ], [ 0.4133, 47.98549 ], [ 0.40927, 47.98694 ], [ 0.41126, 47.99087 ], [ 0.41116, 47.9938 ], [ 0.40754, 47.99513 ], [ 0.40331, 47.99917 ], [ 0.4032, 48.00098 ], [ 0.40171, 48.00094 ] ], [ [ 0.48, 48.0042 ], [ 0.47636, 48.00398 ], [ 0.47404, 48.00259 ], [ 0.47391, 48.00126 ], [ 0.4715, 48.00105 ], [ 0.46155, 48.00288 ], [ 0.45782, 48.00123 ], [ 0.45521, 48.00125 ], [ 0.44929, 48.00233 ], [ 0.44798, 48.00402 ], [ 0.44481, 48.00235 ], [ 0.44515, 48.00053 ], [ 0.43972, 48.00163 ], [ 0.43168, 47.99914 ], [ 0.42938, 48.00007 ], [ 0.42829, 47.99962 ] ], [ [ 0.42829, 47.99962 ], [ 0.42843, 47.99941 ] ] ] } },
{ "type": "Feature", "properties": { "name": "Ruisseau de l'Arche aux Moines", "weight_class": 1, "permanent": true, "length_km": 10.7 }, "geometry": { "type": "LineString", "coordinates": [ [ 0.37376, 47.93414 ], [ 0.37346, 47.93867 ], [ 0.37225, 47.94025 ], [ 0.36712, 47.94193 ], [ 0.36034, 47.94581 ], [ 0.35716, 47.9464 ], [ 0.3503, 47.94674 ], [ 0.3479, 47.94526 ], [ 0.34421, 47.94492 ], [ 0.33312, 47.94717 ], [ 0.32851, 47.94713 ], [ 0.32242, 47.94591 ], [ 0.31695, 47.94257 ], [ 0.31197, 47.94338 ], [ 0.30142, 47.94806 ], [ 0.29393, 47.94749 ], [ 0.28791, 47.94873 ], [ 0.28654, 47.94976 ], [ 0.27897, 47.94904 ], [ 0.27723, 47.94813 ], [ 0.26895, 47.94793 ], [ 0.25705, 47.94463 ] ] } },
{ "type": "Feature", "properties": { "name": "la Tortue", "weight_class": 1, "permanent": true, "length_km": 10.4 }, "geometry": { "type": "LineString", "coordinates": [ [ 0.60653, 47.99027 ], [ 0.60043, 47.98782 ], [ 0.59885, 47.98787 ], [ 0.59549, 47.99035 ], [ 0.59074, 47.99151 ], [ 0.58573, 47.99005 ], [ 0.58296, 47.99036 ], [ 0.57005, 47.98343 ], [ 0.56579, 47.98342 ], [ 0.56064, 47.98678 ], [ 0.55583, 47.9921 ], [ 0.55313, 47.99882 ], [ 0.55154, 47.99951 ], [ 0.54978, 48.00572 ], [ 0.54894, 48.01155 ], [ 0.55179, 48.01576 ], [ 0.55189, 48.0185 ], [ 0.54952, 48.02542 ], [ 0.54957, 48.03037 ] ] } },
{ "type": "Feature", "properties": { "name": "Ruisseau de Brusson", "weight_class": 1, "permanent": true, "length_km": 3.1 }, "geometry": { "type": "LineString", "coordinates": [ [ 0.46413, 48.01678 ], [ 0.46266, 48.01524 ], [ 0.46461, 48.01052 ], [ 0.46226, 48.00743 ], [ 0.45795, 48.0085 ], [ 0.45383, 48.00777 ], [ 0.44096, 48.00164 ] ] } },
{ "type": "Feature", "properties": { "name": "Ruisseau des Aulnaies", "weight_class": 1, "permanent": true, "length_km": 3.0 }, "geometry": { "type": "LineString", "coordinates": [ [ 0.32562, 47.99608 ], [ 0.32195, 47.9958 ], [ 0.31467, 47.99721 ], [ 0.30395, 47.99318 ], [ 0.29534, 47.99368 ], [ 0.29137, 47.99189 ] ] } },
{ "type": "Feature", "properties": { "name": "le Gué Perray/Ruisseau du Gué Perray", "weight_class": 3, "permanent": true, "length_km": 8.2 }, "geometry": { "type": "LineString", "coordinates": [ [ 0.33952, 47.97627 ], [ 0.33682, 47.97393 ], [ 0.31763, 47.97536 ], [ 0.3118, 47.98067 ], [ 0.3067, 47.98252 ], [ 0.30302, 47.98257 ], [ 0.29567, 47.98618 ], [ 0.29492, 47.98942 ], [ 0.28762, 47.99351 ], [ 0.28658, 47.99787 ], [ 0.28457, 48.00009 ], [ 0.27286, 48.00181 ], [ 0.27073, 48.00302 ], [ 0.26614, 48.00171 ], [ 0.26373, 48.00213 ] ] } },
{ "type": "Feature", "properties": { "name": null, "weight_class": 1, "permanent": true, "length_km": 2.9 }, "geometry": { "type": "LineString", "coordinates": [ [ 0.53537, 47.96177 ], [ 0.54476, 47.96364 ], [ 0.55136, 47.96717 ], [ 0.56089, 47.97464 ], [ 0.56192, 47.97751 ] ] } },
{ "type": "Feature", "properties": { "name": "Ruisseau du Gué Carré", "weight_class": 1, "permanent": true, "length_km": 3.9 }, "geometry": { "type": "LineString", "coordinates": [ [ 0.30361, 47.97483 ], [ 0.30042, 47.97409 ], [ 0.29756, 47.97459 ], [ 0.29667, 47.97596 ], [ 0.29517, 47.97617 ], [ 0.28736, 47.97493 ], [ 0.28508, 47.97628 ], [ 0.28371, 47.97874 ], [ 0.28162, 47.97927 ], [ 0.28449, 47.98528 ], [ 0.28844, 47.98834 ], [ 0.28893, 47.9923 ] ] } },
{ "type": "Feature", "properties": { "name": "la Hune", "weight_class": 1, "permanent": true, "length_km": 10.0 }, "geometry": { "type": "LineString", "coordinates": [ [ 0.52843, 47.93031 ], [ 0.52438, 47.9318 ], [ 0.51741, 47.92999 ], [ 0.5119, 47.93176 ], [ 0.50751, 47.93178 ], [ 0.49977, 47.92893 ], [ 0.49597, 47.92654 ], [ 0.49074, 47.92493 ], [ 0.48638, 47.92505 ], [ 0.47675, 47.92883 ], [ 0.47181, 47.92878 ], [ 0.46126, 47.9356 ], [ 0.4491, 47.93485 ], [ 0.44509, 47.93666 ], [ 0.44037, 47.93699 ], [ 0.43787, 47.9384 ], [ 0.43364, 47.93907 ], [ 0.42245, 47.94543 ] ] } },
{ "type": "Feature", "properties": { "name": null, "weight_class": 1, "permanent": true, "length_km": 4.4 }, "geometry": { "type": "LineString", "coordinates": [ [ 0.34726, 47.96363 ], [ 0.34294, 47.96096 ], [ 0.33977, 47.96047 ], [ 0.33393, 47.9535 ], [ 0.32861, 47.95305 ], [ 0.32369, 47.95417 ], [ 0.319, 47.95184 ], [ 0.31195, 47.95069 ], [ 0.30623, 47.94856 ], [ 0.30392, 47.94916 ], [ 0.30145, 47.94805 ] ] } },
{ "type": "Feature", "properties": { "name": "Ruisseau des Fretays", "weight_class": 1, "permanent": false, "length_km": 2.4 }, "geometry": { "type": "LineString", "coordinates": [ [ 0.39496, 47.89324 ], [ 0.38825, 47.89579 ], [ 0.38579, 47.89846 ], [ 0.38429, 47.91111 ] ] } },
{ "type": "Feature", "properties": { "name": "Ruisseau de Saint-Sulpice", "weight_class": 1, "permanent": true, "length_km": 5.3 }, "geometry": { "type": "LineString", "coordinates": [ [ 0.5331, 47.88606 ], [ 0.53019, 47.88465 ], [ 0.52515, 47.88413 ], [ 0.51779, 47.88182 ], [ 0.51506, 47.87944 ], [ 0.51029, 47.87814 ], [ 0.50676, 47.87874 ], [ 0.50035, 47.87782 ], [ 0.49666, 47.87834 ], [ 0.49049, 47.87677 ], [ 0.48217, 47.8713 ], [ 0.47869, 47.86692 ], [ 0.47736, 47.86627 ], [ 0.47663, 47.86693 ] ] } },
{ "type": "Feature", "properties": { "name": "Ruisseau de Madrelle", "weight_class": 1, "permanent": true, "length_km": 3.5 }, "geometry": { "type": "LineString", "coordinates": [ [ 0.4459, 47.89528 ], [ 0.45055, 47.89121 ], [ 0.45875, 47.88837 ], [ 0.46087, 47.88643 ], [ 0.46123, 47.88363 ], [ 0.46336, 47.88087 ], [ 0.46655, 47.87972 ], [ 0.47265, 47.87363 ] ] } },
{ "type": "Feature", "properties": { "name": "Ruisseau du Vivier", "weight_class": 1, "permanent": true, "length_km": 7.2 }, "geometry": { "type": "LineString", "coordinates": [ [ 0.42349, 47.88323 ], [ 0.42479, 47.88724 ], [ 0.42767, 47.88994 ], [ 0.42761, 47.89269 ], [ 0.42208, 47.90124 ], [ 0.42603, 47.9081 ], [ 0.42591, 47.91056 ], [ 0.43031, 47.91489 ], [ 0.43045, 47.91701 ], [ 0.42921, 47.91695 ], [ 0.42902, 47.91814 ], [ 0.4298, 47.92299 ], [ 0.43482, 47.92851 ], [ 0.43634, 47.92839 ], [ 0.43773, 47.93613 ], [ 0.43639, 47.93852 ] ] } },
{ "type": "Feature", "properties": { "name": "les Boires", "weight_class": 1, "permanent": true, "length_km": 5.2 }, "geometry": { "type": "LineString", "coordinates": [ [ 0.29096, 47.95814 ], [ 0.28383, 47.95417 ], [ 0.28202, 47.95364 ], [ 0.27994, 47.95423 ], [ 0.27836, 47.95325 ], [ 0.27367, 47.95371 ], [ 0.2738, 47.95472 ], [ 0.26881, 47.95591 ], [ 0.26033, 47.95519 ], [ 0.251, 47.95614 ], [ 0.24889, 47.95433 ], [ 0.24103, 47.95086 ], [ 0.23712, 47.94783 ], [ 0.23644, 47.94552 ] ] } },
{ "type": "Feature", "properties": { "name": "la Veuve", "weight_class": 1, "permanent": true, "length_km": 27.7 }, "geometry": { "type": "LineString", "coordinates": [ [ 0.51411, 47.90582 ], [ 0.50331, 47.90636 ], [ 0.49417, 47.9024 ], [ 0.49182, 47.90005 ], [ 0.4867, 47.88949 ], [ 0.48412, 47.88647 ], [ 0.4848, 47.88053 ], [ 0.48078, 47.87784 ], [ 0.47302, 47.87533 ], [ 0.47079, 47.87027 ], [ 0.47376, 47.86974 ], [ 0.4754, 47.86848 ], [ 0.48078, 47.85629 ], [ 0.48514, 47.85233 ], [ 0.48406, 47.84823 ], [ 0.48486, 47.84315 ], [ 0.48765, 47.83815 ], [ 0.491, 47.83553 ], [ 0.49099, 47.83297 ], [ 0.49316, 47.8305 ], [ 0.49171, 47.82982 ], [ 0.496, 47.82252 ], [ 0.49484, 47.82188 ], [ 0.49515, 47.82036 ], [ 0.49643, 47.81821 ], [ 0.49836, 47.81744 ], [ 0.49803, 47.81644 ], [ 0.50007, 47.81605 ], [ 0.50132, 47.8143 ], [ 0.50212, 47.81492 ], [ 0.5055, 47.81309 ], [ 0.50979, 47.81228 ], [ 0.5139, 47.80925 ], [ 0.52194, 47.80766 ], [ 0.52596, 47.80896 ], [ 0.52799, 47.80766 ], [ 0.52789, 47.80518 ], [ 0.52984, 47.80482 ], [ 0.53251, 47.79999 ], [ 0.53735, 47.79756 ], [ 0.53632, 47.79458 ], [ 0.53708, 47.79405 ], [ 0.5342, 47.79089 ], [ 0.53404, 47.78925 ], [ 0.5361, 47.78844 ], [ 0.53679, 47.78489 ], [ 0.53887, 47.78427 ], [ 0.54136, 47.78114 ], [ 0.54027, 47.77876 ], [ 0.54114, 47.77565 ], [ 0.53857, 47.7739 ], [ 0.5373, 47.77069 ], [ 0.53987, 47.76801 ], [ 0.54253, 47.75998 ], [ 0.54151, 47.75709 ], [ 0.54466, 47.75513 ], [ 0.54238, 47.75487 ], [ 0.54205, 47.7541 ], [ 0.54226, 47.75185 ], [ 0.54458, 47.75053 ], [ 0.5447, 47.7474 ], [ 0.54065, 47.74519 ], [ 0.54052, 47.74352 ], [ 0.53797, 47.74204 ], [ 0.53948, 47.73878 ], [ 0.53868, 47.73668 ], [ 0.54022, 47.73612 ], [ 0.54025, 47.73494 ] ] } },
{ "type": "Feature", "properties": { "name": null, "weight_class": 1, "permanent": true, "length_km": 2.5 }, "geometry": { "type": "LineString", "coordinates": [ [ 0.44793, 47.88283 ], [ 0.4511, 47.88194 ], [ 0.45416, 47.87925 ], [ 0.45732, 47.87887 ], [ 0.46455, 47.87254 ], [ 0.46987, 47.87215 ], [ 0.47085, 47.87049 ] ] } },
{ "type": "Feature", "properties": { "name": null, "weight_class": 1, "permanent": false, "length_km": 2.1 }, "geometry": { "type": "LineString", "coordinates": [ [ 0.36718, 47.90266 ], [ 0.37096, 47.9051 ], [ 0.37643, 47.90597 ], [ 0.37922, 47.90782 ], [ 0.38087, 47.91057 ], [ 0.38644, 47.91317 ] ] } },
{ "type": "Feature", "properties": { "name": "Ruisseau du Pont aux Brebis", "weight_class": 1, "permanent": true, "length_km": 3.4 }, "geometry": { "type": "LineString", "coordinates": [ [ 0.35397, 47.87485 ], [ 0.3604, 47.87999 ], [ 0.36253, 47.88436 ], [ 0.36998, 47.88963 ], [ 0.37691, 47.89903 ] ] } },
{ "type": "Feature", "properties": { "name": "le Gruau", "weight_class": 1, "permanent": true, "length_km": 5.8 }, "geometry": { "type": "LineString", "coordinates": [ [ 0.54905, 47.86252 ], [ 0.54474, 47.86137 ], [ 0.53817, 47.86143 ], [ 0.53436, 47.85788 ], [ 0.51484, 47.85061 ], [ 0.5093, 47.84606 ], [ 0.50238, 47.84429 ], [ 0.49667, 47.8406 ], [ 0.48967, 47.83851 ], [ 0.48922, 47.83714 ] ] } },
{ "type": "Feature", "properties": { "name": "Ruisseau de Vaugalin", "weight_class": 1, "permanent": false, "length_km": 2.8 }, "geometry": { "type": "LineString", "coordinates": [ [ 0.51084, 47.86707 ], [ 0.50908, 47.86509 ], [ 0.50456, 47.86407 ], [ 0.49704, 47.86071 ], [ 0.48115, 47.85698 ] ] } },
{ "type": "Feature", "properties": { "name": "le Sambris", "weight_class": 1, "permanent": true, "length_km": 6.2 }, "geometry": { "type": "LineString", "coordinates": [ [ 0.41517, 47.85772 ], [ 0.41873, 47.85862 ], [ 0.42498, 47.8572 ], [ 0.43398, 47.85932 ], [ 0.43874, 47.8594 ], [ 0.44167, 47.85811 ], [ 0.44948, 47.85822 ], [ 0.45829, 47.85504 ], [ 0.47667, 47.85565 ], [ 0.48277, 47.85394 ], [ 0.48413, 47.8496 ] ] } },
{ "type": "Feature", "properties": { "name": "Ruisseau le Narais", "weight_class": 1, "permanent": true, "length_km": 3.7 }, "geometry": { "type": "MultiLineString", "coordinates": [ [ [ 0.36916, 48.02891 ], [ 0.36416, 48.03248 ], [ 0.36246, 48.03228 ] ], [ [ 0.38033, 48.01721 ], [ 0.37651, 48.0233 ], [ 0.37117, 48.02801 ] ], [ [ 0.38008, 47.86372 ], [ 0.38137, 47.86294 ], [ 0.38299, 47.86429 ] ], [ [ 0.38033, 48.01721 ], [ 0.37889, 48.01688 ], [ 0.37478, 48.02364 ], [ 0.37353, 48.024 ] ], [ [ 0.38138, 48.01573 ], [ 0.38033, 48.01721 ] ] ] } },
{ "type": "Feature", "properties": { "name": null, "weight_class": 1, "permanent": false, "length_km": 2.7 }, "geometry": { "type": "LineString", "coordinates": [ [ 0.37899, 48.01557 ], [ 0.37162, 48.01655 ], [ 0.36685, 48.01604 ], [ 0.36403, 48.02133 ], [ 0.36298, 48.02706 ], [ 0.35705, 48.02587 ] ] } },
{ "type": "Feature", "properties": { "name": null, "weight_class": 1, "permanent": true, "length_km": 2.5 }, "geometry": { "type": "MultiLineString", "coordinates": [ [ [ 0.55593, 47.99259 ], [ 0.55294, 47.99495 ], [ 0.552, 47.99893 ] ], [ [ 0.5974, 47.98887 ], [ 0.59688, 47.99197 ], [ 0.59486, 47.99389 ], [ 0.58764, 47.99301 ], [ 0.58322, 47.99041 ] ] ] } },
{ "type": "Feature", "properties": { "name": "Ruisseau de l'Étang", "weight_class": 1, "permanent": true, "length_km": 2.4 }, "geometry": { "type": "LineString", "coordinates": [ [ 0.23728, 47.92507 ], [ 0.23794, 47.9301 ], [ 0.23684, 47.93176 ], [ 0.23288, 47.93365 ], [ 0.23013, 47.93652 ], [ 0.22217, 47.93738 ], [ 0.22032, 47.93927 ] ] } },
{ "type": "Feature", "properties": { "name": "Ruisseau l'Anerai", "weight_class": 1, "permanent": true, "length_km": 10.8 }, "geometry": { "type": "LineString", "coordinates": [ [ 0.24012, 47.91212 ], [ 0.2343, 47.91138 ], [ 0.23491, 47.90975 ], [ 0.22552, 47.90714 ], [ 0.22489, 47.90781 ], [ 0.21221, 47.90737 ], [ 0.20854, 47.9061 ], [ 0.20399, 47.90833 ], [ 0.20075, 47.90916 ], [ 0.19553, 47.90906 ], [ 0.1952, 47.90983 ], [ 0.1901, 47.90926 ], [ 0.18271, 47.90673 ], [ 0.1805, 47.90688 ], [ 0.17949, 47.9086 ], [ 0.17822, 47.90861 ], [ 0.17499, 47.90654 ], [ 0.16834, 47.90487 ], [ 0.15859, 47.89564 ], [ 0.14932, 47.89241 ], [ 0.139, 47.89054 ], [ 0.13527, 47.88413 ], [ 0.13206, 47.88303 ], [ 0.13093, 47.88166 ] ] } },
{ "type": "Feature", "properties": { "name": "Ruisseau de la Fuie", "weight_class": 1, "permanent": false, "length_km": 2.8 }, "geometry": { "type": "LineString", "coordinates": [ [ 0.21557, 47.85254 ], [ 0.20765, 47.84933 ], [ 0.20464, 47.84658 ], [ 0.19887, 47.84673 ], [ 0.19235, 47.85029 ], [ 0.18758, 47.84642 ] ] } },
{ "type": "Feature", "properties": { "name": "Ruisseau des Filières", "weight_class": 1, "permanent": true, "length_km": 6.8 }, "geometry": { "type": "LineString", "coordinates": [ [ 0.23471, 47.83878 ], [ 0.23151, 47.83952 ], [ 0.22768, 47.84188 ], [ 0.22346, 47.84118 ], [ 0.22064, 47.84184 ], [ 0.21162, 47.84151 ], [ 0.21161, 47.84282 ], [ 0.20928, 47.84336 ], [ 0.20168, 47.84084 ], [ 0.19031, 47.8436 ], [ 0.18195, 47.85143 ], [ 0.18077, 47.85554 ], [ 0.18361, 47.86149 ], [ 0.18053, 47.86476 ] ] } },
{ "type": "Feature", "properties": { "name": "Ruisseau du Pont Tore", "weight_class": 1, "permanent": true, "length_km": 7.9 }, "geometry": { "type": "LineString", "coordinates": [ [ 0.00759, 47.99677 ], [ 0.00005, 47.9955 ], [ -0.00352, 47.99249 ], [ -0.00808, 47.99146 ], [ -0.00739, 47.99087 ], [ -0.00855, 47.98951 ], [ -0.01736, 47.98517 ], [ -0.01255, 47.97754 ], [ -0.01634, 47.9757 ], [ -0.01833, 47.97193 ], [ -0.01588, 47.96818 ], [ -0.00917, 47.96867 ], [ -0.00176, 47.9673 ], [ -0.00097, 47.96332 ], [ 0.00156, 47.96292 ], [ 0.00417, 47.96073 ], [ 0.00715, 47.96088 ], [ 0.00767, 47.95725 ], [ 0.01033, 47.95639 ] ] } },
{ "type": "Feature", "properties": { "name": "Ruisseau du Tombereau", "weight_class": 1, "permanent": false, "length_km": 3.3 }, "geometry": { "type": "LineString", "coordinates": [ [ 0.03522, 47.95128 ], [ 0.03796, 47.94798 ], [ 0.03739, 47.94523 ], [ 0.03943, 47.94252 ], [ 0.03861, 47.93887 ], [ 0.03965, 47.93595 ], [ 0.03621, 47.92903 ], [ 0.03939, 47.92607 ], [ 0.03864, 47.92462 ] ] } },
{ "type": "Feature", "properties": { "name": "Ruisseau du Gué", "weight_class": 1, "permanent": false, "length_km": 4.3 }, "geometry": { "type": "LineString", "coordinates": [ [ 0.03776, 47.95678 ], [ 0.04193, 47.95684 ], [ 0.04297, 47.95516 ], [ 0.04636, 47.95456 ], [ 0.04725, 47.9533 ], [ 0.05246, 47.9512 ], [ 0.05845, 47.95078 ], [ 0.06418, 47.95063 ], [ 0.08927, 47.9541 ] ] } },
{ "type": "Feature", "properties": { "name": "Ruisseau du Bois de Maquillé", "weight_class": 1, "permanent": false, "length_km": 2.2 }, "geometry": { "type": "LineString", "coordinates": [ [ 0.01916, 47.94652 ], [ 0.02248, 47.94448 ], [ 0.02361, 47.94026 ], [ 0.03116, 47.93746 ], [ 0.03412, 47.93488 ], [ 0.0377, 47.93353 ] ] } },
{ "type": "Feature", "properties": { "name": "le Pineau", "weight_class": 1, "permanent": true, "length_km": 4.4 }, "geometry": { "type": "LineString", "coordinates": [ [ 0.01615, 47.8562 ], [ 0.01404, 47.85604 ], [ 0.01285, 47.85474 ], [ -0.0003, 47.85064 ], [ -0.00315, 47.84862 ], [ -0.00745, 47.84744 ], [ -0.00931, 47.84488 ], [ -0.00814, 47.84135 ], [ -0.00942, 47.83616 ], [ -0.00873, 47.83215 ], [ -0.01015, 47.82891 ] ] } },
{ "type": "Feature", "properties": { "name": "Ruisseau le Broussin", "weight_class": 1, "permanent": true, "length_km": 3.7 }, "geometry": { "type": "LineString", "coordinates": [ [ 0.15782, 47.92501 ], [ 0.15697, 47.92588 ], [ 0.15765, 47.92918 ], [ 0.15997, 47.93209 ], [ 0.16027, 47.93456 ], [ 0.15088, 47.93654 ], [ 0.13927, 47.93642 ], [ 0.1311, 47.941 ], [ 0.13034, 47.94037 ] ] } },
{ "type": "Feature", "properties": { "name": "le Chaumard", "weight_class": 1, "permanent": false, "length_km": 3.8 }, "geometry": { "type": "LineString", "coordinates": [ [ 0.13697, 48.00225 ], [ 0.14587, 48.00033 ], [ 0.14967, 48.00032 ], [ 0.15192, 47.99866 ], [ 0.1572, 47.99881 ], [ 0.16282, 47.99628 ], [ 0.16306, 47.99498 ], [ 0.16681, 47.99309 ], [ 0.16894, 47.99321 ], [ 0.17915, 47.98991 ] ] } },
{ "type": "Feature", "properties": { "name": null, "weight_class": 1, "permanent": true, "length_km": 3.2 }, "geometry": { "type": "LineString", "coordinates": [ [ 0.11559, 48.01254 ], [ 0.11479, 48.00873 ], [ 0.11205, 48.00612 ], [ 0.10394, 48.00448 ], [ 0.10064, 48.00295 ], [ 0.09728, 47.99963 ], [ 0.08871, 47.99784 ], [ 0.08623, 47.99625 ] ] } },
{ "type": "Feature", "properties": { "name": null, "weight_class": 1, "permanent": true, "length_km": 2.1 }, "geometry": { "type": "LineString", "coordinates": [ [ 0.09404, 48.01464 ], [ 0.08659, 48.0105 ], [ 0.08063, 48.00943 ], [ 0.07606, 48.00609 ], [ 0.07462, 48.00251 ] ] } },
{ "type": "Feature", "properties": { "name": null, "weight_class": 1, "permanent": true, "length_km": 2.5 }, "geometry": { "type": "LineString", "coordinates": [ [ 0.04938, 47.99111 ], [ 0.05497, 47.99693 ], [ 0.05704, 48.0015 ], [ 0.0669, 48.00864 ] ] } },
{ "type": "Feature", "properties": { "name": "l'Orne Champenoise", "weight_class": 1, "permanent": true, "length_km": 25.1 }, "geometry": { "type": "LineString", "coordinates": [ [ 0.02633, 47.99775 ], [ 0.03218, 47.99653 ], [ 0.03858, 47.99913 ], [ 0.04843, 48.00421 ], [ 0.05178, 48.01039 ], [ 0.05737, 48.01356 ], [ 0.06346, 48.01419 ], [ 0.06648, 48.01238 ], [ 0.0669, 48.00859 ], [ 0.07012, 48.00745 ], [ 0.07266, 48.00352 ], [ 0.08044, 48.00082 ], [ 0.08187, 47.99831 ], [ 0.08589, 47.99699 ], [ 0.0883, 47.99189 ], [ 0.08341, 47.98973 ], [ 0.08522, 47.98496 ], [ 0.08733, 47.98413 ], [ 0.08278, 47.98107 ], [ 0.08316, 47.97906 ], [ 0.0905, 47.97632 ], [ 0.0886, 47.97317 ], [ 0.09021, 47.97086 ], [ 0.08391, 47.96739 ], [ 0.08484, 47.96179 ], [ 0.08994, 47.95789 ], [ 0.08874, 47.95536 ], [ 0.08971, 47.95199 ], [ 0.09685, 47.95022 ], [ 0.10036, 47.94627 ], [ 0.09817, 47.9424 ], [ 0.09995, 47.93299 ], [ 0.09599, 47.93103 ], [ 0.09206, 47.92549 ], [ 0.09002, 47.92518 ], [ 0.088, 47.92305 ], [ 0.0798, 47.92282 ], [ 0.07564, 47.92384 ], [ 0.07217, 47.92198 ], [ 0.06506, 47.92588 ], [ 0.05945, 47.92411 ], [ 0.05752, 47.92283 ], [ 0.05724, 47.92128 ], [ 0.05494, 47.9213 ], [ 0.05506, 47.91772 ], [ 0.0535, 47.91466 ], [ 0.05527, 47.91257 ], [ 0.05454, 47.9102 ], [ 0.05801, 47.9058 ], [ 0.05882, 47.9002 ], [ 0.05672, 47.89509 ], [ 0.06033, 47.8926 ], [ 0.06021, 47.89138 ] ] } },
{ "type": "Feature", "properties": { "name": "Ruisseau de la Bujerie", "weight_class": 1, "permanent": true, "length_km": 3.4 }, "geometry": { "type": "LineString", "coordinates": [ [ 0.1268, 47.98076 ], [ 0.12778, 47.97623 ], [ 0.13335, 47.97448 ], [ 0.1393, 47.97454 ], [ 0.14187, 47.97618 ], [ 0.14437, 47.97632 ], [ 0.14715, 47.97445 ], [ 0.15508, 47.97396 ], [ 0.15593, 47.97306 ], [ 0.16111, 47.97421 ] ] } },
{ "type": "Feature", "properties": { "name": "Ruisseau de la Saint-Martin", "weight_class": 1, "permanent": true, "length_km": 2.7 }, "geometry": { "type": "LineString", "coordinates": [ [ 0.12777, 47.96952 ], [ 0.1309, 47.96787 ], [ 0.13727, 47.96844 ], [ 0.14212, 47.96723 ], [ 0.14606, 47.96787 ], [ 0.14995, 47.96716 ], [ 0.1526, 47.96809 ], [ 0.15593, 47.97306 ] ] } },
{ "type": "Feature", "properties": { "name": null, "weight_class": 1, "permanent": false, "length_km": 2.8 }, "geometry": { "type": "LineString", "coordinates": [ [ 0.1064, 47.96721 ], [ 0.10319, 47.96493 ], [ 0.10869, 47.96008 ], [ 0.10793, 47.95691 ], [ 0.10191, 47.9521 ], [ 0.09754, 47.9507 ], [ 0.09809, 47.94901 ] ] } },
{ "type": "Feature", "properties": { "name": null, "weight_class": 1, "permanent": false, "length_km": 4.1 }, "geometry": { "type": "LineString", "coordinates": [ [ 0.05337, 47.98866 ], [ 0.05915, 47.98527 ], [ 0.05699, 47.98326 ], [ 0.05727, 47.98075 ], [ 0.06261, 47.97692 ], [ 0.06395, 47.97386 ], [ 0.06683, 47.97139 ], [ 0.07414, 47.97031 ], [ 0.08278, 47.97101 ], [ 0.08465, 47.97058 ], [ 0.08565, 47.9685 ] ] } },
{ "type": "Feature", "properties": { "name": "Ruisseau des Aunays", "weight_class": 1, "permanent": true, "length_km": 2.9 }, "geometry": { "type": "LineString", "coordinates": [ [ 0.2167, 47.93422 ], [ 0.21145, 47.9313 ], [ 0.20217, 47.92893 ], [ 0.20008, 47.92728 ], [ 0.19666, 47.92103 ], [ 0.19699, 47.91908 ], [ 0.19541, 47.91709 ], [ 0.19628, 47.91638 ] ] } },
{ "type": "Feature", "properties": { "name": null, "weight_class": 1, "permanent": false, "length_km": 4.9 }, "geometry": { "type": "LineString", "coordinates": [ [ 0.24893, 47.96754 ], [ 0.24239, 47.96365 ], [ 0.22599, 47.95861 ], [ 0.21456, 47.95177 ], [ 0.21315, 47.94724 ], [ 0.21474, 47.94 ] ] } },
{ "type": "Feature", "properties": { "name": "Ruisseau des Bondes", "weight_class": 1, "permanent": true, "length_km": 9.4 }, "geometry": { "type": "LineString", "coordinates": [ [ 0.32799, 47.91244 ], [ 0.32658, 47.91474 ], [ 0.32374, 47.91584 ], [ 0.3158, 47.91514 ], [ 0.30716, 47.9128 ], [ 0.30312, 47.91342 ], [ 0.29333, 47.91252 ], [ 0.28819, 47.91553 ], [ 0.28793, 47.91711 ], [ 0.27852, 47.92788 ], [ 0.2668, 47.92969 ], [ 0.26639, 47.92912 ], [ 0.26264, 47.92955 ], [ 0.24849, 47.93665 ], [ 0.24379, 47.93625 ], [ 0.23666, 47.94075 ], [ 0.23391, 47.94403 ] ] } },
{ "type": "Feature", "properties": { "name": "le Roule Crotte", "weight_class": 1, "permanent": true, "length_km": 16.0 }, "geometry": { "type": "LineString", "coordinates": [ [ 0.3512, 47.92418 ], [ 0.3479, 47.93011 ], [ 0.34197, 47.93377 ], [ 0.33697, 47.93306 ], [ 0.33217, 47.93016 ], [ 0.32591, 47.92892 ], [ 0.3221, 47.9298 ], [ 0.32179, 47.93078 ], [ 0.31578, 47.93407 ], [ 0.3107, 47.93593 ], [ 0.29728, 47.93628 ], [ 0.2909, 47.93487 ], [ 0.2892, 47.93775 ], [ 0.28548, 47.93803 ], [ 0.28196, 47.94053 ], [ 0.27681, 47.94117 ], [ 0.27645, 47.94187 ], [ 0.26767, 47.94061 ], [ 0.25705, 47.94463 ], [ 0.25509, 47.94492 ], [ 0.25344, 47.94366 ], [ 0.25012, 47.94354 ], [ 0.24298, 47.94571 ], [ 0.23858, 47.94593 ], [ 0.2352, 47.94531 ], [ 0.2332, 47.94346 ], [ 0.22964, 47.94384 ], [ 0.22959, 47.9446 ], [ 0.22327, 47.94369 ], [ 0.20858, 47.93673 ], [ 0.20247, 47.93732 ], [ 0.19747, 47.93605 ], [ 0.19687, 47.93475 ], [ 0.19145, 47.93243 ], [ 0.18992, 47.93078 ], [ 0.18806, 47.9309 ], [ 0.18356, 47.9289 ] ] } },
{ "type": "Feature", "properties": { "name": "le Broussin", "weight_class": 1, "permanent": true, "length_km": 4.4 }, "geometry": { "type": "LineString", "coordinates": [ [ 0.13115, 47.94126 ], [ 0.12647, 47.94246 ], [ 0.12255, 47.94243 ], [ 0.11779, 47.93999 ], [ 0.11645, 47.93681 ], [ 0.12074, 47.93184 ], [ 0.12107, 47.92805 ], [ 0.11848, 47.92655 ], [ 0.11531, 47.9225 ], [ 0.10694, 47.92094 ], [ 0.10577, 47.91896 ] ] } },
{ "type": "Feature", "properties": { "name": "le Trémélières", "weight_class": 1, "permanent": false, "length_km": 2.8 }, "geometry": { "type": "LineString", "coordinates": [ [ 0.12068, 47.95992 ], [ 0.128, 47.959 ], [ 0.13133, 47.9594 ], [ 0.13415, 47.96018 ], [ 0.13774, 47.96322 ], [ 0.14549, 47.96443 ], [ 0.1526, 47.96809 ] ] } },
{ "type": "Feature", "properties": { "name": "Ruisseau du Cossasies", "weight_class": 1, "permanent": true, "length_km": 3.4 }, "geometry": { "type": "LineString", "coordinates": [ [ 0.22526, 47.91539 ], [ 0.21935, 47.91411 ], [ 0.2138, 47.91403 ], [ 0.20879, 47.91507 ], [ 0.20433, 47.91724 ], [ 0.19665, 47.91657 ], [ 0.19177, 47.91246 ], [ 0.19022, 47.91224 ], [ 0.19008, 47.90992 ], [ 0.19125, 47.9095 ] ] } },
{ "type": "Feature", "properties": { "name": "Ruisseau du Mortier Noir", "weight_class": 1, "permanent": true, "length_km": 6.4 }, "geometry": { "type": "LineString", "coordinates": [ [ 0.14505, 47.92237 ], [ 0.13795, 47.9236 ], [ 0.13513, 47.92321 ], [ 0.12015, 47.91878 ], [ 0.11637, 47.91679 ], [ 0.1117, 47.91701 ], [ 0.10433, 47.91972 ], [ 0.10034, 47.92024 ], [ 0.09848, 47.91887 ], [ 0.08495, 47.91522 ], [ 0.08171, 47.91638 ], [ 0.0797, 47.91615 ], [ 0.07773, 47.91894 ], [ 0.0726, 47.92219 ] ] } },
{ "type": "Feature", "properties": { "name": "le Rhonne", "weight_class": 1, "permanent": true, "length_km": 25.9 }, "geometry": { "type": "MultiLineString", "coordinates": [ [ [ 0.16122, 47.89246 ], [ 0.15675, 47.88889 ], [ 0.15333, 47.88838 ], [ 0.14695, 47.88561 ], [ 0.14343, 47.88552 ], [ 0.14183, 47.88293 ], [ 0.13569, 47.88282 ], [ 0.13254, 47.88127 ], [ 0.13064, 47.88175 ], [ 0.12661, 47.87822 ], [ 0.12292, 47.87794 ], [ 0.12112, 47.87684 ], [ 0.11973, 47.87772 ] ], [ [ 0.32123, 47.84786 ], [ 0.32445, 47.85124 ], [ 0.33397, 47.85459 ], [ 0.34027, 47.85961 ], [ 0.34304, 47.86602 ], [ 0.34068, 47.86809 ], [ 0.33574, 47.868 ], [ 0.33007, 47.86482 ], [ 0.32704, 47.86477 ], [ 0.31511, 47.86877 ], [ 0.31424, 47.86817 ], [ 0.30072, 47.87014 ], [ 0.28315, 47.87481 ], [ 0.28022, 47.87786 ], [ 0.2733, 47.87945 ], [ 0.27113, 47.8838 ], [ 0.26061, 47.89 ], [ 0.25807, 47.89552 ], [ 0.25574, 47.89758 ], [ 0.25078, 47.89946 ], [ 0.25018, 47.90167 ], [ 0.24016, 47.90357 ], [ 0.23306, 47.90326 ], [ 0.23124, 47.90222 ], [ 0.22238, 47.90136 ], [ 0.21724, 47.90012 ], [ 0.21296, 47.89704 ], [ 0.20613, 47.89472 ], [ 0.20141, 47.89083 ], [ 0.19711, 47.88958 ], [ 0.19489, 47.89073 ], [ 0.1914, 47.8904 ], [ 0.18658, 47.89349 ], [ 0.18336, 47.89773 ], [ 0.18024, 47.89793 ], [ 0.17973, 47.89714 ], [ 0.17591, 47.89826 ], [ 0.17023, 47.89798 ], [ 0.16409, 47.89567 ], [ 0.16132, 47.89244 ] ] ] } },
{ "type": "Feature", "properties": { "name": "la Lunérotte/Ruisseau de Lunérotte", "weight_class": 1, "permanent": true, "length_km": 5.7 }, "geometry": { "type": "LineString", "coordinates": [ [ 0.23354, 47.88904 ], [ 0.22848, 47.88788 ], [ 0.22276, 47.88982 ], [ 0.21779, 47.88748 ], [ 0.20315, 47.8836 ], [ 0.20099, 47.88459 ], [ 0.19505, 47.88337 ], [ 0.19079, 47.8814 ], [ 0.18847, 47.8816 ], [ 0.18581, 47.87951 ], [ 0.18555, 47.87754 ], [ 0.17913, 47.87218 ], [ 0.1731, 47.87055 ] ] } },
{ "type": "Feature", "properties": { "name": null, "weight_class": 1, "permanent": false, "length_km": 3.2 }, "geometry": { "type": "LineString", "coordinates": [ [ 0.17319, 47.88879 ], [ 0.16742, 47.88904 ], [ 0.16397, 47.8913 ], [ 0.16001, 47.88522 ], [ 0.15559, 47.88326 ], [ 0.14835, 47.88393 ], [ 0.14247, 47.88235 ] ] } },
{ "type": "Feature", "properties": { "name": null, "weight_class": 1, "permanent": false, "length_km": 3.6 }, "geometry": { "type": "LineString", "coordinates": [ [ 0.16124, 47.91192 ], [ 0.16055, 47.90777 ], [ 0.14865, 47.90428 ], [ 0.14201, 47.90464 ], [ 0.13511, 47.89885 ], [ 0.13035, 47.89582 ], [ 0.12794, 47.89568 ] ] } },
{ "type": "Feature", "properties": { "name": "l'Erips", "weight_class": 1, "permanent": true, "length_km": 14.2 }, "geometry": { "type": "LineString", "coordinates": [ [ 0.28239, 47.84984 ], [ 0.28168, 47.85166 ], [ 0.27905, 47.85286 ], [ 0.27512, 47.85207 ], [ 0.27446, 47.8511 ], [ 0.27031, 47.85127 ], [ 0.26803, 47.8528 ], [ 0.26789, 47.85595 ], [ 0.26564, 47.85604 ], [ 0.2651, 47.858 ], [ 0.26233, 47.86018 ], [ 0.25791, 47.86143 ], [ 0.24912, 47.8604 ], [ 0.24373, 47.86069 ], [ 0.2397, 47.8621 ], [ 0.23454, 47.86052 ], [ 0.23469, 47.85958 ], [ 0.23332, 47.85924 ], [ 0.22868, 47.86117 ], [ 0.22286, 47.86057 ], [ 0.21827, 47.86441 ], [ 0.21615, 47.86512 ], [ 0.21233, 47.86475 ], [ 0.20645, 47.86661 ], [ 0.19679, 47.86606 ], [ 0.19135, 47.86406 ], [ 0.18411, 47.86569 ], [ 0.18363, 47.86493 ], [ 0.18037, 47.86473 ], [ 0.17339, 47.87054 ], [ 0.15902, 47.8719 ], [ 0.1523, 47.87341 ], [ 0.15188, 47.87473 ], [ 0.14871, 47.87615 ], [ 0.14275, 47.88226 ], [ 0.1409, 47.88273 ] ] } },
{ "type": "Feature", "properties": { "name": null, "weight_class": 1, "permanent": false, "length_km": 2.6 }, "geometry": { "type": "LineString", "coordinates": [ [ 0.25694, 47.85367 ], [ 0.25135, 47.85849 ], [ 0.24544, 47.85694 ], [ 0.23902, 47.85755 ], [ 0.23508, 47.85676 ], [ 0.23382, 47.85849 ], [ 0.2295, 47.85778 ] ] } },
{ "type": "Feature", "properties": { "name": null, "weight_class": 1, "permanent": true, "length_km": 3.9 }, "geometry": { "type": "LineString", "coordinates": [ [ 0.25146, 47.87451 ], [ 0.22767, 47.86992 ], [ 0.21454, 47.86866 ], [ 0.20915, 47.86925 ], [ 0.2049, 47.86652 ] ] } },
{ "type": "Feature", "properties": { "name": "le Fessard", "weight_class": 1, "permanent": true, "length_km": 16.8 }, "geometry": { "type": "LineString", "coordinates": [ [ 0.13963, 47.82885 ], [ 0.13625, 47.82667 ], [ 0.13548, 47.82344 ], [ 0.12872, 47.82145 ], [ 0.12597, 47.81705 ], [ 0.12316, 47.8148 ], [ 0.11593, 47.81341 ], [ 0.11365, 47.81159 ], [ 0.105, 47.8083 ], [ 0.09668, 47.8069 ], [ 0.0937, 47.8072 ], [ 0.09047, 47.81237 ], [ 0.09003, 47.81537 ], [ 0.08725, 47.81604 ], [ 0.08441, 47.8193 ], [ 0.08095, 47.82074 ], [ 0.0809, 47.82152 ], [ 0.07655, 47.82153 ], [ 0.07187, 47.82519 ], [ 0.06031, 47.83157 ], [ 0.05968, 47.83363 ], [ 0.05528, 47.83602 ], [ 0.05061, 47.84078 ], [ 0.05216, 47.84288 ], [ 0.0487, 47.85005 ], [ 0.04943, 47.85321 ], [ 0.04702, 47.8546 ], [ 0.04971, 47.85808 ], [ 0.0546, 47.86091 ], [ 0.06262, 47.86367 ], [ 0.0635, 47.86333 ], [ 0.06491, 47.86468 ], [ 0.07498, 47.86623 ], [ 0.07935, 47.8693 ], [ 0.08357, 47.87042 ] ] } },
{ "type": "Feature", "properties": { "name": null, "weight_class": 1, "permanent": false, "length_km": 3.9 }, "geometry": { "type": "LineString", "coordinates": [ [ 0.07065, 47.83859 ], [ 0.07496, 47.84279 ], [ 0.07586, 47.84236 ], [ 0.07869, 47.84349 ], [ 0.07966, 47.84639 ], [ 0.07396, 47.85089 ], [ 0.07178, 47.85459 ], [ 0.07253, 47.86244 ], [ 0.07471, 47.86373 ], [ 0.07458, 47.86615 ] ] } },
{ "type": "Feature", "properties": { "name": "le Renon", "weight_class": 1, "permanent": true, "length_km": 12.8 }, "geometry": { "type": "LineString", "coordinates": [ [ 0.03433, 47.98964 ], [ 0.02963, 47.98779 ], [ 0.02504, 47.98455 ], [ 0.02549, 47.98086 ], [ 0.02337, 47.9746 ], [ 0.02536, 47.97148 ], [ 0.02203, 47.96847 ], [ 0.0222, 47.96256 ], [ 0.01661, 47.96132 ], [ 0.01089, 47.95769 ], [ 0.00944, 47.95525 ], [ 0.00282, 47.95336 ], [ 0.00276, 47.95069 ], [ 0.00068, 47.94818 ], [ -0.01491, 47.94011 ], [ -0.01281, 47.93481 ], [ -0.01509, 47.93176 ], [ -0.01709, 47.92355 ], [ -0.02194, 47.91956 ], [ -0.02054, 47.91711 ], [ -0.02113, 47.91553 ], [ -0.02474, 47.91271 ], [ -0.02562, 47.9097 ], [ -0.02837, 47.90752 ], [ -0.02658, 47.90611 ] ] } },
{ "type": "Feature", "properties": { "name": null, "weight_class": 1, "permanent": true, "length_km": 2.5 }, "geometry": { "type": "LineString", "coordinates": [ [ -0.00792, 47.99842 ], [ -0.01896, 47.99464 ], [ -0.02204, 47.9971 ], [ -0.02234, 47.99909 ], [ -0.0249, 47.99964 ], [ -0.02511, 48.00425 ], [ -0.027, 48.00555 ] ] } },
{ "type": "Feature", "properties": { "name": null, "weight_class": 1, "permanent": false, "length_km": 3.4 }, "geometry": { "type": "LineString", "coordinates": [ [ 0.02082, 47.99888 ], [ 0.02217, 48.00093 ], [ 0.02237, 48.00626 ], [ 0.01935, 48.01051 ], [ 0.00602, 48.01564 ], [ 0.00137, 48.01601 ], [ -0.00374, 48.01458 ] ] } },
{ "type": "Feature", "properties": { "name": null, "weight_class": 1, "permanent": true, "length_km": 3.8 }, "geometry": { "type": "LineString", "coordinates": [ [ 0.0135, 47.99536 ], [ 0.01022, 47.98798 ], [ 0.00046, 47.98205 ], [ -0.00096, 47.97711 ], [ -0.00416, 47.97575 ], [ -0.00013, 47.97028 ], [ -0.00176, 47.9673 ] ] } },
{ "type": "Feature", "properties": { "name": null, "weight_class": 1, "permanent": false, "length_km": 2.4 }, "geometry": { "type": "LineString", "coordinates": [ [ 0.0484, 47.9671 ], [ 0.04312, 47.9645 ], [ 0.04258, 47.96528 ], [ 0.03733, 47.96423 ], [ 0.03614, 47.96628 ], [ 0.03426, 47.96621 ], [ 0.03198, 47.96531 ], [ 0.02665, 47.96523 ], [ 0.02295, 47.96331 ] ] } },
{ "type": "Feature", "properties": { "name": null, "weight_class": 1, "permanent": false, "length_km": 2.4 }, "geometry": { "type": "LineString", "coordinates": [ [ 0.03558, 47.9769 ], [ 0.04128, 47.97449 ], [ 0.04774, 47.97636 ], [ 0.05211, 47.97472 ], [ 0.05725, 47.97675 ], [ 0.06285, 47.9764 ] ] } },
{ "type": "Feature", "properties": { "name": null, "weight_class": 1, "permanent": false, "length_km": 3.7 }, "geometry": { "type": "LineString", "coordinates": [ [ 0.01098, 47.94264 ], [ 0.0101, 47.93665 ], [ 0.01122, 47.93491 ], [ 0.01134, 47.9285 ], [ 0.01745, 47.92576 ], [ 0.01889, 47.9235 ], [ 0.01829, 47.92137 ], [ 0.02868, 47.91513 ] ] } },
{ "type": "Feature", "properties": { "name": "le Préau/Ruisseau des Ménâtres", "weight_class": 1, "permanent": true, "length_km": 5.4 }, "geometry": { "type": "LineString", "coordinates": [ [ 0.01949, 47.93364 ], [ 0.02012, 47.93119 ], [ 0.02686, 47.9291 ], [ 0.02929, 47.92572 ], [ 0.03544, 47.92579 ], [ 0.03965, 47.92463 ], [ 0.03974, 47.92383 ], [ 0.03815, 47.92098 ], [ 0.03352, 47.91918 ], [ 0.03205, 47.91702 ], [ 0.02868, 47.91513 ], [ 0.02907, 47.91395 ], [ 0.02535, 47.91261 ], [ 0.02385, 47.91028 ], [ 0.01627, 47.90554 ], [ 0.0158, 47.9031 ] ] } },
{ "type": "Feature", "properties": { "name": null, "weight_class": 1, "permanent": false, "length_km": 2.0 }, "geometry": { "type": "LineString", "coordinates": [ [ -0.03212, 47.92576 ], [ -0.03456, 47.92363 ], [ -0.03059, 47.91713 ], [ -0.03071, 47.91479 ], [ -0.0254, 47.91525 ], [ -0.02255, 47.9146 ] ] } },
{ "type": "Feature", "properties": { "name": null, "weight_class": 1, "permanent": false, "length_km": 3.2 }, "geometry": { "type": "LineString", "coordinates": [ [ 0.0266, 47.87197 ], [ 0.03685, 47.87049 ], [ 0.03897, 47.87272 ], [ 0.04131, 47.87317 ], [ 0.04706, 47.87929 ], [ 0.04687, 47.88221 ], [ 0.04936, 47.88361 ], [ 0.04897, 47.88585 ], [ 0.04757, 47.88645 ] ] } },
{ "type": "Feature", "properties": { "name": null, "weight_class": 1, "permanent": false, "length_km": 2.1 }, "geometry": { "type": "LineString", "coordinates": [ [ -0.01765, 47.88039 ], [ -0.02195, 47.88259 ], [ -0.02014, 47.88458 ], [ -0.02008, 47.88834 ], [ -0.03092, 47.89103 ] ] } },
{ "type": "Feature", "properties": { "name": null, "weight_class": 1, "permanent": false, "length_km": 3.7 }, "geometry": { "type": "LineString", "coordinates": [ [ 0.00992, 47.88117 ], [ 0.00736, 47.88283 ], [ -0.0004, 47.88376 ], [ -0.00388, 47.88563 ], [ -0.00954, 47.88667 ], [ -0.01439, 47.89035 ], [ -0.0252, 47.89282 ], [ -0.0263, 47.8944 ], [ -0.02883, 47.89461 ], [ -0.03008, 47.8937 ] ] } },
{ "type": "Feature", "properties": { "name": null, "weight_class": 1, "permanent": false, "length_km": 3.2 }, "geometry": { "type": "LineString", "coordinates": [ [ -0.04937, 47.84241 ], [ -0.0511, 47.83869 ], [ -0.04303, 47.83413 ], [ -0.04069, 47.83419 ], [ -0.03963, 47.83241 ], [ -0.04432, 47.82643 ], [ -0.04395, 47.82475 ], [ -0.04589, 47.82276 ], [ -0.04613, 47.82033 ] ] } },
{ "type": "Feature", "properties": { "name": null, "weight_class": 1, "permanent": false, "length_km": 3.5 }, "geometry": { "type": "MultiLineString", "coordinates": [ [ [ -0.05922, 47.95455 ], [ -0.06041, 47.95431 ], [ -0.06143, 47.95148 ], [ -0.0608, 47.94967 ], [ -0.05464, 47.94775 ] ], [ [ -0.05371, 47.9459 ], [ -0.05788, 47.94455 ], [ -0.05932, 47.94311 ], [ -0.0567, 47.9394 ], [ -0.05558, 47.9341 ] ], [ [ -0.0522, 47.98376 ], [ -0.05005, 47.97993 ], [ -0.05178, 47.97912 ] ] ] } },
{ "type": "Feature", "properties": { "name": "Ruisseau le Rhonne", "weight_class": 1, "permanent": true, "length_km": 5.5 }, "geometry": { "type": "MultiLineString", "coordinates": [ [ [ 0.20192, 47.89146 ], [ 0.19555, 47.89069 ], [ 0.19218, 47.89218 ], [ 0.1892, 47.89613 ], [ 0.18884, 47.89862 ], [ 0.18426, 47.90037 ], [ 0.18191, 47.89999 ], [ 0.17965, 47.90095 ], [ 0.17754, 47.89923 ], [ 0.17345, 47.89914 ], [ 0.17102, 47.89808 ] ], [ [ 0.21759, 47.90023 ], [ 0.21708, 47.89886 ], [ 0.21293, 47.8964 ], [ 0.20402, 47.89157 ], [ 0.20281, 47.89179 ] ], [ [ 0.27418, 47.8794 ], [ 0.27382, 47.88225 ], [ 0.27206, 47.8827 ] ] ] } },
{ "type": "Feature", "properties": { "name": null, "weight_class": 1, "permanent": false, "length_km": 3.1 }, "geometry": { "type": "LineString", "coordinates": [ [ 0.18241, 47.85887 ], [ 0.18203, 47.86261 ], [ 0.17603, 47.86696 ], [ 0.16892, 47.86946 ], [ 0.152, 47.87267 ] ] } },
{ "type": "Feature", "properties": { "name": null, "weight_class": 1, "permanent": false, "length_km": 2.4 }, "geometry": { "type": "LineString", "coordinates": [ [ 0.16258, 47.8503 ], [ 0.16952, 47.86017 ], [ 0.16766, 47.8613 ], [ 0.16748, 47.86368 ], [ 0.16386, 47.87005 ] ] } },
{ "type": "Feature", "properties": { "name": null, "weight_class": 1, "permanent": false, "length_km": 3.6 }, "geometry": { "type": "MultiLineString", "coordinates": [ [ [ 0.1526, 47.8733 ], [ 0.152, 47.87267 ], [ 0.14927, 47.87398 ], [ 0.14648, 47.87672 ], [ 0.14741, 47.87727 ] ], [ [ 0.2399, 47.86209 ], [ 0.23533, 47.85914 ], [ 0.22894, 47.85769 ], [ 0.22607, 47.85906 ], [ 0.22327, 47.85923 ], [ 0.21888, 47.86275 ], [ 0.21116, 47.8653 ] ] ] } },
{ "type": "Feature", "properties": { "name": "Ruisseau de Parcaigneau", "weight_class": 1, "permanent": true, "length_km": 3.3 }, "geometry": { "type": "LineString", "coordinates": [ [ -0.21252, 47.98509 ], [ -0.21392, 47.98092 ], [ -0.22034, 47.97864 ], [ -0.22341, 47.97442 ], [ -0.22754, 47.97164 ], [ -0.2275, 47.96892 ], [ -0.22429, 47.96574 ], [ -0.21792, 47.96384 ] ] } },
{ "type": "Feature", "properties": { "name": "Ruisseau des Rigaudières", "weight_class": 1, "permanent": true, "length_km": 3.6 }, "geometry": { "type": "LineString", "coordinates": [ [ -0.08593, 47.98618 ], [ -0.0826, 47.98569 ], [ -0.08247, 47.98267 ], [ -0.0798, 47.98173 ], [ -0.07883, 47.98015 ], [ -0.07575, 47.97949 ], [ -0.07594, 47.97418 ], [ -0.07188, 47.97242 ], [ -0.06253, 47.97201 ], [ -0.06005, 47.97051 ], [ -0.0569, 47.97237 ] ] } },
{ "type": "Feature", "properties": { "name": "le Riolay", "weight_class": 1, "permanent": true, "length_km": 4.8 }, "geometry": { "type": "LineString", "coordinates": [ [ -0.12007, 47.97162 ], [ -0.12488, 47.96691 ], [ -0.13359, 47.96361 ], [ -0.13683, 47.96339 ], [ -0.14204, 47.96387 ], [ -0.14627, 47.96644 ], [ -0.16617, 47.97142 ], [ -0.1694, 47.97146 ], [ -0.17084, 47.97328 ], [ -0.17393, 47.97432 ] ] } },
{ "type": "Feature", "properties": { "name": "Ruisseau de la Morinière", "weight_class": 1, "permanent": true, "length_km": 7.8 }, "geometry": { "type": "LineString", "coordinates": [ [ -0.10722, 47.94797 ], [ -0.10277, 47.94705 ], [ -0.09641, 47.94724 ], [ -0.09696, 47.94474 ], [ -0.09527, 47.94314 ], [ -0.09802, 47.93791 ], [ -0.10534, 47.93402 ], [ -0.11043, 47.93151 ], [ -0.12575, 47.92952 ], [ -0.12918, 47.92786 ], [ -0.14325, 47.92497 ], [ -0.15068, 47.92452 ], [ -0.15481, 47.9229 ], [ -0.15919, 47.92378 ], [ -0.16351, 47.91954 ] ] } },
{ "type": "Feature", "properties": { "name": "Ruisseau de Duissé", "weight_class": 1, "permanent": false, "length_km": 4.5 }, "geometry": { "type": "LineString", "coordinates": [ [ -0.19754, 47.95006 ], [ -0.19998, 47.94432 ], [ -0.21039, 47.94067 ], [ -0.21348, 47.93895 ], [ -0.21596, 47.93599 ], [ -0.22236, 47.93241 ], [ -0.23022, 47.93217 ], [ -0.23609, 47.93498 ], [ -0.23997, 47.93403 ], [ -0.24167, 47.93442 ] ] } },
{ "type": "Feature", "properties": { "name": "Ruisseau de la Dorbellière", "weight_class": 1, "permanent": false, "length_km": 3.6 }, "geometry": { "type": "LineString", "coordinates": [ [ -0.27863, 47.94812 ], [ -0.28722, 47.93741 ], [ -0.2985, 47.9347 ], [ -0.30752, 47.93492 ], [ -0.31466, 47.9341 ] ] } },
{ "type": "Feature", "properties": { "name": "Ruisseau de l'Arche", "weight_class": 1, "permanent": false, "length_km": 2.5 }, "geometry": { "type": "LineString", "coordinates": [ [ -0.14018, 47.90756 ], [ -0.12961, 47.9088 ], [ -0.1276, 47.90821 ], [ -0.126, 47.90742 ], [ -0.12688, 47.90318 ], [ -0.12461, 47.90009 ], [ -0.11883, 47.89805 ] ] } },
{ "type": "Feature", "properties": { "name": "Ruisseau de l'Arche", "weight_class": 1, "permanent": false, "length_km": 2.3 }, "geometry": { "type": "LineString", "coordinates": [ [ -0.11748, 47.90635 ], [ -0.11793, 47.90412 ], [ -0.11661, 47.9025 ], [ -0.11883, 47.89805 ], [ -0.11655, 47.89683 ], [ -0.11081, 47.89691 ], [ -0.10253, 47.89509 ] ] } },
{ "type": "Feature", "properties": { "name": null, "weight_class": 1, "permanent": true, "length_km": 2.8 }, "geometry": { "type": "LineString", "coordinates": [ [ -0.08999, 48.01611 ], [ -0.08457, 48.01622 ], [ -0.07599, 48.0186 ], [ -0.06813, 48.01739 ], [ -0.06204, 48.02013 ], [ -0.06031, 48.02002 ], [ -0.05814, 48.0175 ] ] } },
{ "type": "Feature", "properties": { "name": "Ruisseau du Coudray", "weight_class": 1, "permanent": false, "length_km": 4.0 }, "geometry": { "type": "LineString", "coordinates": [ [ -0.25575, 47.99913 ], [ -0.26049, 47.99558 ], [ -0.26509, 47.99469 ], [ -0.2682, 47.99619 ], [ -0.27306, 48.00134 ], [ -0.27377, 48.0062 ], [ -0.27543, 48.00725 ], [ -0.28774, 48.01097 ], [ -0.29105, 48.01076 ] ] } },
{ "type": "Feature", "properties": { "name": "le Roche Poix", "weight_class": 1, "permanent": true, "length_km": 8.8 }, "geometry": { "type": "LineString", "coordinates": [ [ -0.22512, 48.01476 ], [ -0.22421, 48.0106 ], [ -0.22543, 48.006 ], [ -0.23006, 48.00306 ], [ -0.23335, 47.99907 ], [ -0.23849, 47.99756 ], [ -0.23919, 47.99654 ], [ -0.23438, 47.99057 ], [ -0.23777, 47.98818 ], [ -0.2405, 47.98217 ], [ -0.23949, 47.98006 ], [ -0.2403, 47.97702 ], [ -0.24303, 47.97383 ], [ -0.24873, 47.97051 ], [ -0.25327, 47.96631 ], [ -0.2534, 47.9646 ], [ -0.25113, 47.96144 ], [ -0.24697, 47.9603 ], [ -0.23982, 47.95375 ] ] } },
{ "type": "Feature", "properties": { "name": null, "weight_class": 1, "permanent": true, "length_km": 4.8 }, "geometry": { "type": "LineString", "coordinates": [ [ -0.25799, 47.98469 ], [ -0.26143, 47.98453 ], [ -0.26942, 47.98102 ], [ -0.27325, 47.98134 ], [ -0.27936, 47.98012 ], [ -0.28, 47.97838 ], [ -0.2861, 47.97731 ], [ -0.29189, 47.97809 ], [ -0.29434, 47.97524 ], [ -0.29122, 47.97022 ], [ -0.30126, 47.96765 ] ] } },
{ "type": "Feature", "properties": { "name": "Ruisseau de Vaulogé", "weight_class": 1, "permanent": true, "length_km": 8.5 }, "geometry": { "type": "LineString", "coordinates": [ [ -0.08587, 47.93938 ], [ -0.0837, 47.93661 ], [ -0.08193, 47.93058 ], [ -0.08438, 47.92791 ], [ -0.08475, 47.92465 ], [ -0.09947, 47.91662 ], [ -0.10078, 47.91022 ], [ -0.09849, 47.90633 ], [ -0.09839, 47.9028 ], [ -0.10336, 47.89219 ], [ -0.09809, 47.88521 ], [ -0.09174, 47.88428 ], [ -0.0877, 47.88199 ] ] } },
{ "type": "Feature", "properties": { "name": null, "weight_class": 1, "permanent": false, "length_km": 6.2 }, "geometry": { "type": "LineString", "coordinates": [ [ -0.10282, 47.96586 ], [ -0.11091, 47.96115 ], [ -0.11964, 47.95864 ], [ -0.12228, 47.95661 ], [ -0.12329, 47.95405 ], [ -0.12831, 47.9504 ], [ -0.13261, 47.94883 ], [ -0.13686, 47.94514 ], [ -0.13904, 47.94122 ], [ -0.1389, 47.93919 ], [ -0.14169, 47.93642 ], [ -0.14494, 47.92953 ], [ -0.14591, 47.92475 ] ] } },
{ "type": "Feature", "properties": { "name": null, "weight_class": 1, "permanent": false, "length_km": 3.0 }, "geometry": { "type": "LineString", "coordinates": [ [ -0.0765, 47.90519 ], [ -0.07754, 47.9019 ], [ -0.08585, 47.89865 ], [ -0.08879, 47.89638 ], [ -0.08833, 47.89226 ], [ -0.09729, 47.88526 ] ] } },
{ "type": "Feature", "properties": { "name": null, "weight_class": 1, "permanent": false, "length_km": 4.8 }, "geometry": { "type": "LineString", "coordinates": [ [ -0.13477, 47.9002 ], [ -0.1444, 47.89183 ], [ -0.14678, 47.8884 ], [ -0.16754, 47.8854 ], [ -0.17114, 47.88329 ], [ -0.17212, 47.87947 ], [ -0.18171, 47.87723 ] ] } },
{ "type": "Feature", "properties": { "name": null, "weight_class": 1, "permanent": false, "length_km": 7.6 }, "geometry": { "type": "LineString", "coordinates": [ [ -0.00589, 47.86929 ], [ -0.02092, 47.86551 ], [ -0.02278, 47.86346 ], [ -0.02236, 47.86113 ], [ -0.02698, 47.86254 ], [ -0.0311, 47.86533 ], [ -0.05879, 47.86608 ], [ -0.06935, 47.87081 ], [ -0.07536, 47.87071 ], [ -0.08013, 47.87163 ], [ -0.09097, 47.87784 ] ] } },
{ "type": "Feature", "properties": { "name": null, "weight_class": 1, "permanent": false, "length_km": 2.5 }, "geometry": { "type": "LineString", "coordinates": [ [ -0.12713, 47.88467 ], [ -0.12841, 47.88072 ], [ -0.13146, 47.87869 ], [ -0.1346, 47.87798 ], [ -0.13982, 47.87942 ], [ -0.1453, 47.87835 ], [ -0.14923, 47.87721 ], [ -0.15021, 47.87475 ] ] } },
{ "type": "Feature", "properties": { "name": "le Veaux", "weight_class": 1, "permanent": true, "length_km": 4.9 }, "geometry": { "type": "LineString", "coordinates": [ [ -0.14761, 47.85862 ], [ -0.14493, 47.85999 ], [ -0.14217, 47.86461 ], [ -0.14682, 47.87008 ], [ -0.1477, 47.87445 ], [ -0.17132, 47.87356 ], [ -0.18448, 47.8749 ] ] } },
{ "type": "Feature", "properties": { "name": null, "weight_class": 1, "permanent": false, "length_km": 3.0 }, "geometry": { "type": "LineString", "coordinates": [ [ -0.26081, 47.89042 ], [ -0.25398, 47.89063 ], [ -0.24492, 47.88615 ], [ -0.24283, 47.88388 ], [ -0.23755, 47.88285 ], [ -0.23288, 47.88506 ], [ -0.22945, 47.88555 ], [ -0.22839, 47.88667 ] ] } },
{ "type": "Feature", "properties": { "name": null, "weight_class": 1, "permanent": true, "length_km": 2.5 }, "geometry": { "type": "LineString", "coordinates": [ [ -0.33097, 47.87702 ], [ -0.33539, 47.87858 ], [ -0.34151, 47.87859 ], [ -0.34723, 47.88178 ], [ -0.35962, 47.88008 ] ] } },
{ "type": "Feature", "properties": { "name": null, "weight_class": 1, "permanent": true, "length_km": 3.9 }, "geometry": { "type": "LineString", "coordinates": [ [ -0.06084, 47.84321 ], [ -0.06679, 47.84683 ], [ -0.06746, 47.85036 ], [ -0.07183, 47.85162 ], [ -0.07616, 47.85465 ], [ -0.08042, 47.85455 ], [ -0.08722, 47.85278 ], [ -0.10156, 47.85334 ] ] } },
{ "type": "Feature", "properties": { "name": "Ruisseau de la Dorbellière", "weight_class": 1, "permanent": false, "length_km": 3.6 }, "geometry": { "type": "LineString", "coordinates": [ [ -0.29135, 47.92683 ], [ -0.29641, 47.93019 ], [ -0.30157, 47.92826 ], [ -0.30658, 47.92991 ], [ -0.3125, 47.93046 ], [ -0.31404, 47.93153 ], [ -0.31466, 47.9341 ], [ -0.32671, 47.93609 ], [ -0.32809, 47.9379 ] ] } },
{ "type": "Feature", "properties": { "name": "les Deux Fonts", "weight_class": 1, "permanent": true, "length_km": 14.6 }, "geometry": { "type": "MultiLineString", "coordinates": [ [ [ -0.17938, 47.94321 ], [ -0.18326, 47.9391 ], [ -0.17735, 47.93445 ], [ -0.17885, 47.92946 ], [ -0.17588, 47.92696 ], [ -0.17664, 47.92365 ], [ -0.17241, 47.9191 ], [ -0.16371, 47.92099 ], [ -0.16477, 47.91784 ], [ -0.16187, 47.9133 ], [ -0.16267, 47.911 ], [ -0.15888, 47.90502 ], [ -0.15896, 47.9004 ], [ -0.16271, 47.89842 ], [ -0.16594, 47.89512 ], [ -0.16917, 47.89463 ], [ -0.17083, 47.89205 ], [ -0.1723, 47.89184 ], [ -0.1739, 47.88868 ], [ -0.17838, 47.88525 ], [ -0.18163, 47.87737 ], [ -0.18448, 47.8749 ], [ -0.19437, 47.87571 ], [ -0.20006, 47.87382 ], [ -0.20312, 47.87509 ], [ -0.2044, 47.8746 ], [ -0.20476, 47.8712 ], [ -0.20602, 47.87005 ], [ -0.21116, 47.86932 ], [ -0.2109, 47.86793 ], [ -0.20821, 47.86679 ], [ -0.20793, 47.86523 ] ], [ [ -0.17744, 47.9502 ], [ -0.17872, 47.95071 ], [ -0.18037, 47.94924 ], [ -0.17811, 47.94425 ], [ -0.17884, 47.94368 ] ] ] } },
{ "type": "Feature", "properties": { "name": null, "weight_class": 1, "permanent": false, "length_km": 2.1 }, "geometry": { "type": "LineString", "coordinates": [ [ -0.21988, 47.94866 ], [ -0.22362, 47.94577 ], [ -0.23661, 47.94267 ], [ -0.24057, 47.94048 ], [ -0.24106, 47.93824 ] ] } },
{ "type": "Feature", "properties": { "name": null, "weight_class": 1, "permanent": true, "length_km": 2.5 }, "geometry": { "type": "LineString", "coordinates": [ [ -0.31126, 47.92017 ], [ -0.31779, 47.92257 ], [ -0.32504, 47.92397 ], [ -0.32779, 47.92663 ], [ -0.33355, 47.92808 ], [ -0.33856, 47.93072 ] ] } },
{ "type": "Feature", "properties": { "name": "Ruisseau de Bussard", "weight_class": 1, "permanent": true, "length_km": 3.6 }, "geometry": { "type": "LineString", "coordinates": [ [ -0.30928, 47.89743 ], [ -0.31431, 47.89662 ], [ -0.3217, 47.89146 ], [ -0.32573, 47.8907 ], [ -0.32934, 47.88873 ], [ -0.34178, 47.88839 ], [ -0.34917, 47.88676 ], [ -0.35166, 47.88729 ] ] } },
{ "type": "Feature", "properties": { "name": null, "weight_class": 1, "permanent": false, "length_km": 3.4 }, "geometry": { "type": "LineString", "coordinates": [ [ -0.11205, 47.91968 ], [ -0.11975, 47.91745 ], [ -0.12626, 47.91681 ], [ -0.12941, 47.91543 ], [ -0.13307, 47.91553 ], [ -0.14129, 47.91697 ], [ -0.14386, 47.91982 ], [ -0.14815, 47.9217 ], [ -0.14861, 47.92453 ] ] } },
{ "type": "Feature", "properties": { "name": null, "weight_class": 2, "permanent": false, "length_km": 2.8 }, "geometry": { "type": "LineString", "coordinates": [ [ -0.22506, 47.92256 ], [ -0.23071, 47.9252 ], [ -0.2326, 47.9251 ], [ -0.23656, 47.9222 ], [ -0.25105, 47.9164 ], [ -0.25333, 47.91287 ] ] } },
{ "type": "Feature", "properties": { "name": null, "weight_class": 1, "permanent": false, "length_km": 4.2 }, "geometry": { "type": "LineString", "coordinates": [ [ -0.27984, 47.90315 ], [ -0.27549, 47.90092 ], [ -0.26693, 47.89843 ], [ -0.26689, 47.90073 ], [ -0.25917, 47.89973 ], [ -0.25852, 47.90276 ], [ -0.24723, 47.90808 ], [ -0.23698, 47.9087 ] ] } },
{ "type": "Feature", "properties": { "name": null, "weight_class": 1, "permanent": false, "length_km": 2.5 }, "geometry": { "type": "LineString", "coordinates": [ [ -0.31252, 47.90814 ], [ -0.32, 47.91078 ], [ -0.32059, 47.91011 ], [ -0.32455, 47.91003 ], [ -0.32958, 47.91099 ], [ -0.34111, 47.90599 ] ] } },
{ "type": "Feature", "properties": { "name": "la Bouchardière", "weight_class": 1, "permanent": false, "length_km": 7.4 }, "geometry": { "type": "LineString", "coordinates": [ [ -0.29806, 47.9151 ], [ -0.29711, 47.91155 ], [ -0.29913, 47.90788 ], [ -0.29331, 47.89894 ], [ -0.29472, 47.89527 ], [ -0.29226, 47.89194 ], [ -0.28932, 47.89127 ], [ -0.28907, 47.88948 ], [ -0.29143, 47.88499 ], [ -0.29073, 47.88354 ], [ -0.29357, 47.87569 ], [ -0.29594, 47.8721 ], [ -0.29425, 47.86771 ], [ -0.29105, 47.86692 ], [ -0.29043, 47.86523 ], [ -0.28792, 47.86358 ], [ -0.29073, 47.85772 ] ] } },
{ "type": "Feature", "properties": { "name": null, "weight_class": 1, "permanent": true, "length_km": 3.7 }, "geometry": { "type": "LineString", "coordinates": [ [ -0.33285, 47.91914 ], [ -0.34096, 47.90871 ], [ -0.34226, 47.9035 ], [ -0.34138, 47.90219 ], [ -0.34305, 47.89935 ], [ -0.34704, 47.89676 ], [ -0.35468, 47.89758 ], [ -0.35614, 47.89696 ] ] } },
{ "type": "Feature", "properties": { "name": null, "weight_class": 1, "permanent": false, "length_km": 2.4 }, "geometry": { "type": "LineString", "coordinates": [ [ -0.38684, 47.92878 ], [ -0.38176, 47.92479 ], [ -0.37105, 47.9209 ], [ -0.36496, 47.92 ], [ -0.3619, 47.91768 ] ] } },
{ "type": "Feature", "properties": { "name": null, "weight_class": 1, "permanent": false, "length_km": 2.8 }, "geometry": { "type": "LineString", "coordinates": [ [ -0.40533, 47.85931 ], [ -0.40184, 47.85724 ], [ -0.39762, 47.85648 ], [ -0.38913, 47.86059 ], [ -0.38513, 47.85796 ], [ -0.37448, 47.85416 ] ] } },
{ "type": "Feature", "properties": { "name": "la Taude", "weight_class": 1, "permanent": true, "length_km": 8.4 }, "geometry": { "type": "LineString", "coordinates": [ [ -0.4275, 47.85024 ], [ -0.41712, 47.84675 ], [ -0.40967, 47.84648 ], [ -0.41168, 47.84251 ], [ -0.41597, 47.84236 ], [ -0.4123, 47.84021 ], [ -0.41053, 47.83768 ], [ -0.40671, 47.83754 ], [ -0.40733, 47.83607 ], [ -0.40931, 47.83557 ], [ -0.40984, 47.83342 ], [ -0.40621, 47.82879 ], [ -0.4044, 47.8294 ], [ -0.4032, 47.8283 ], [ -0.3929, 47.82798 ], [ -0.39069, 47.82884 ], [ -0.38135, 47.82758 ], [ -0.38075, 47.8264 ], [ -0.37839, 47.82605 ], [ -0.37841, 47.82394 ] ] } },
{ "type": "Feature", "properties": { "name": "Ruisseau de Bonneuil", "weight_class": 1, "permanent": false, "length_km": 3.3 }, "geometry": { "type": "LineString", "coordinates": [ [ 0.69928, 47.83312 ], [ 0.70284, 47.83158 ], [ 0.70654, 47.83185 ], [ 0.71216, 47.83347 ], [ 0.73343, 47.83634 ], [ 0.73995, 47.83883 ] ] } },
{ "type": "Feature", "properties": { "name": "Ruisseau de Bonneuil", "weight_class": 1, "permanent": false, "length_km": 5.2 }, "geometry": { "type": "LineString", "coordinates": [ [ 0.70753, 47.84679 ], [ 0.70883, 47.84842 ], [ 0.71054, 47.84864 ], [ 0.72438, 47.84809 ], [ 0.72687, 47.84712 ], [ 0.72907, 47.842 ], [ 0.73618, 47.84369 ], [ 0.73813, 47.84284 ], [ 0.74075, 47.83816 ], [ 0.74582, 47.8364 ], [ 0.75406, 47.83561 ], [ 0.75888, 47.83368 ] ] } },
{ "type": "Feature", "properties": { "name": "Ruisseau Livonnière", "weight_class": 1, "permanent": true, "length_km": 3.8 }, "geometry": { "type": "LineString", "coordinates": [ [ 0.69763, 47.8207 ], [ 0.70346, 47.81798 ], [ 0.70874, 47.81853 ], [ 0.7136, 47.81509 ], [ 0.71896, 47.81597 ], [ 0.72949, 47.8141 ], [ 0.73469, 47.81168 ], [ 0.73266, 47.80799 ] ] } },
{ "type": "Feature", "properties": { "name": null, "weight_class": 1, "permanent": false, "length_km": 2.8 }, "geometry": { "type": "LineString", "coordinates": [ [ 0.69464, 47.8427 ], [ 0.6995, 47.84218 ], [ 0.70318, 47.83937 ], [ 0.71094, 47.83965 ], [ 0.71683, 47.84106 ], [ 0.72498, 47.84156 ], [ 0.72688, 47.84263 ], [ 0.7286, 47.84227 ] ] } },
{ "type": "Feature", "properties": { "name": null, "weight_class": 1, "permanent": false, "length_km": 5.3 }, "geometry": { "type": "LineString", "coordinates": [ [ 0.69099, 47.84987 ], [ 0.69722, 47.8539 ], [ 0.69981, 47.8533 ], [ 0.70406, 47.8554 ], [ 0.71144, 47.85735 ], [ 0.71375, 47.85567 ], [ 0.71599, 47.85155 ], [ 0.72536, 47.85443 ], [ 0.72842, 47.85442 ], [ 0.73281, 47.85302 ], [ 0.74168, 47.8567 ], [ 0.74278, 47.85767 ], [ 0.74256, 47.85999 ] ] } },
{ "type": "Feature", "properties": { "name": null, "weight_class": 1, "permanent": false, "length_km": 3.4 }, "geometry": { "type": "LineString", "coordinates": [ [ 0.68274, 47.82437 ], [ 0.67914, 47.82088 ], [ 0.67341, 47.81869 ], [ 0.67045, 47.81353 ], [ 0.66823, 47.81305 ], [ 0.6631, 47.80904 ], [ 0.66233, 47.8071 ], [ 0.66415, 47.806 ], [ 0.66373, 47.80383 ], [ 0.66557, 47.8026 ] ] } },
{ "type": "Feature", "properties": { "name": null, "weight_class": 1, "permanent": false, "length_km": 2.2 }, "geometry": { "type": "LineString", "coordinates": [ [ 0.67838, 47.83206 ], [ 0.67438, 47.83471 ], [ 0.67173, 47.83519 ], [ 0.66823, 47.83447 ], [ 0.66477, 47.837 ], [ 0.65909, 47.83892 ], [ 0.65612, 47.84134 ] ] } },
{ "type": "Feature", "properties": { "name": "Ruisseau de la Gravelle", "weight_class": 1, "permanent": true, "length_km": 2.9 }, "geometry": { "type": "LineString", "coordinates": [ [ 0.78896, 47.82513 ], [ 0.78339, 47.83047 ], [ 0.78393, 47.83443 ], [ 0.7781, 47.83915 ], [ 0.77465, 47.84003 ], [ 0.77333, 47.84475 ], [ 0.77182, 47.84558 ] ] } },
{ "type": "Feature", "properties": { "name": "le Rorthe", "weight_class": 1, "permanent": true, "length_km": 3.1 }, "geometry": { "type": "LineString", "coordinates": [ [ 0.63526, 47.68543 ], [ 0.63414, 47.68455 ], [ 0.62891, 47.68429 ], [ 0.62664, 47.68516 ], [ 0.62183, 47.6835 ], [ 0.61954, 47.68448 ], [ 0.61649, 47.68226 ], [ 0.61413, 47.68294 ], [ 0.61166, 47.68207 ], [ 0.60546, 47.68308 ], [ 0.60195, 47.6824 ] ] } },
{ "type": "Feature", "properties": { "name": "Ruisseau de Vaux", "weight_class": 1, "permanent": false, "length_km": 6.6 }, "geometry": { "type": "LineString", "coordinates": [ [ 0.54771, 47.85242 ], [ 0.54478, 47.84906 ], [ 0.54959, 47.84525 ], [ 0.54815, 47.84309 ], [ 0.55082, 47.84158 ], [ 0.54798, 47.83761 ], [ 0.54953, 47.83584 ], [ 0.54997, 47.83106 ], [ 0.54908, 47.83001 ], [ 0.5512, 47.82799 ], [ 0.55192, 47.8247 ], [ 0.54604, 47.8198 ], [ 0.54437, 47.81646 ], [ 0.54264, 47.81605 ], [ 0.54064, 47.81318 ], [ 0.53797, 47.81268 ], [ 0.52799, 47.80766 ] ] } },
{ "type": "Feature", "properties": { "name": "Ruisseau la Bulardière", "weight_class": 1, "permanent": true, "length_km": 4.4 }, "geometry": { "type": "LineString", "coordinates": [ [ 0.52447, 47.83697 ], [ 0.5211, 47.83446 ], [ 0.52185, 47.83116 ], [ 0.51699, 47.82598 ], [ 0.52015, 47.82409 ], [ 0.51979, 47.81865 ], [ 0.51772, 47.81593 ], [ 0.51738, 47.81303 ], [ 0.51831, 47.80914 ], [ 0.52214, 47.80999 ], [ 0.52596, 47.80896 ] ] } },
{ "type": "Feature", "properties": { "name": "Ruisseau de la Fontaine des Roches", "weight_class": 1, "permanent": true, "length_km": 2.9 }, "geometry": { "type": "LineString", "coordinates": [ [ 0.46198, 47.82137 ], [ 0.46847, 47.81907 ], [ 0.4803, 47.81968 ], [ 0.48405, 47.82169 ], [ 0.48692, 47.82183 ], [ 0.49527, 47.82454 ] ] } },
{ "type": "Feature", "properties": { "name": "Ruisseau de l'Hermitière", "weight_class": 1, "permanent": true, "length_km": 4.1 }, "geometry": { "type": "LineString", "coordinates": [ [ 0.45695, 47.79732 ], [ 0.46718, 47.80318 ], [ 0.46915, 47.80676 ], [ 0.47295, 47.80983 ], [ 0.48596, 47.81385 ], [ 0.49627, 47.81855 ] ] } },
{ "type": "Feature", "properties": { "name": "la Ragée", "weight_class": 1, "permanent": true, "length_km": 2.5 }, "geometry": { "type": "LineString", "coordinates": [ [ 0.51225, 47.77702 ], [ 0.51414, 47.77544 ], [ 0.51784, 47.77563 ], [ 0.52503, 47.77857 ], [ 0.52966, 47.77916 ], [ 0.53646, 47.7823 ], [ 0.54069, 47.78196 ] ] } },
{ "type": "Feature", "properties": { "name": "Ruisseau de Court-s'il-pleut", "weight_class": 1, "permanent": false, "length_km": 3.3 }, "geometry": { "type": "LineString", "coordinates": [ [ 0.49406, 47.78963 ], [ 0.5008, 47.79559 ], [ 0.50766, 47.79857 ], [ 0.51329, 47.80231 ], [ 0.52324, 47.80495 ], [ 0.52389, 47.80653 ], [ 0.5228, 47.80792 ] ] } },
{ "type": "Feature", "properties": { "name": "Ruisseau du Ponceau", "weight_class": 1, "permanent": true, "length_km": 8.2 }, "geometry": { "type": "LineString", "coordinates": [ [ 0.33011, 47.7178 ], [ 0.3311, 47.71062 ], [ 0.3325, 47.71029 ], [ 0.336, 47.70604 ], [ 0.33467, 47.70345 ], [ 0.3412, 47.69261 ], [ 0.34142, 47.68911 ], [ 0.3442, 47.68717 ], [ 0.34833, 47.68088 ], [ 0.3473, 47.67897 ], [ 0.34248, 47.67688 ], [ 0.32699, 47.67392 ], [ 0.32591, 47.67434 ], [ 0.31893, 47.6686 ], [ 0.31824, 47.66681 ] ] } },
{ "type": "Feature", "properties": { "name": null, "weight_class": 1, "permanent": true, "length_km": 5.8 }, "geometry": { "type": "LineString", "coordinates": [ [ 0.61437, 47.82311 ], [ 0.60973, 47.81784 ], [ 0.60178, 47.8169 ], [ 0.60006, 47.81145 ], [ 0.59794, 47.80952 ], [ 0.5907, 47.80982 ], [ 0.58894, 47.80909 ], [ 0.58343, 47.81046 ], [ 0.57975, 47.80975 ], [ 0.57472, 47.80524 ], [ 0.57039, 47.8046 ], [ 0.56635, 47.80565 ], [ 0.56315, 47.80863 ] ] } },
{ "type": "Feature", "properties": { "name": null, "weight_class": 1, "permanent": false, "length_km": 2.2 }, "geometry": { "type": "LineString", "coordinates": [ [ 0.60056, 47.83349 ], [ 0.597, 47.8286 ], [ 0.59871, 47.82151 ], [ 0.60037, 47.82012 ], [ 0.60024, 47.81665 ], [ 0.60158, 47.81603 ] ] } },
{ "type": "Feature", "properties": { "name": null, "weight_class": 1, "permanent": false, "length_km": 4.0 }, "geometry": { "type": "LineString", "coordinates": [ [ 0.61769, 47.80413 ], [ 0.61291, 47.80275 ], [ 0.60097, 47.79643 ], [ 0.59555, 47.79501 ], [ 0.59161, 47.79692 ], [ 0.59131, 47.79964 ], [ 0.59465, 47.80522 ], [ 0.59141, 47.80774 ], [ 0.59177, 47.80965 ] ] } },
{ "type": "Feature", "properties": { "name": null, "weight_class": 1, "permanent": false, "length_km": 5.6 }, "geometry": { "type": "LineString", "coordinates": [ [ 0.65112, 47.78806 ], [ 0.64737, 47.78595 ], [ 0.64782, 47.78399 ], [ 0.64421, 47.78098 ], [ 0.64494, 47.78052 ], [ 0.63967, 47.77431 ], [ 0.63379, 47.7693 ], [ 0.62904, 47.76832 ], [ 0.62012, 47.75993 ], [ 0.61963, 47.75742 ], [ 0.62227, 47.74883 ] ] } },
{ "type": "Feature", "properties": { "name": "le Dauvers", "weight_class": 3, "permanent": true, "length_km": 11.5 }, "geometry": { "type": "LineString", "coordinates": [ [ 0.62635, 47.79235 ], [ 0.61945, 47.78645 ], [ 0.61291, 47.78417 ], [ 0.60923, 47.78172 ], [ 0.60911, 47.77953 ], [ 0.60721, 47.77862 ], [ 0.60173, 47.77104 ], [ 0.60051, 47.76677 ], [ 0.59551, 47.76371 ], [ 0.59663, 47.76005 ], [ 0.59928, 47.75758 ], [ 0.59979, 47.75456 ], [ 0.59742, 47.75288 ], [ 0.59755, 47.75161 ], [ 0.59628, 47.75121 ], [ 0.59436, 47.74781 ], [ 0.59358, 47.74257 ], [ 0.58732, 47.74003 ], [ 0.58691, 47.73694 ], [ 0.58074, 47.73573 ], [ 0.57705, 47.73649 ], [ 0.57293, 47.73605 ], [ 0.56984, 47.73466 ], [ 0.56001, 47.73851 ], [ 0.54372, 47.73555 ] ] } },
{ "type": "Feature", "properties": { "name": null, "weight_class": 3, "permanent": true, "length_km": 3.3 }, "geometry": { "type": "LineString", "coordinates": [ [ 0.61499, 47.73624 ], [ 0.61023, 47.73318 ], [ 0.60192, 47.73202 ], [ 0.59695, 47.73338 ], [ 0.59648, 47.73432 ], [ 0.59971, 47.7345 ], [ 0.59989, 47.73667 ], [ 0.59668, 47.73523 ], [ 0.58691, 47.73694 ] ] } },
{ "type": "Feature", "properties": { "name": "le Gué Tesnon", "weight_class": 1, "permanent": false, "length_km": 3.2 }, "geometry": { "type": "LineString", "coordinates": [ [ 0.41674, 47.80132 ], [ 0.41896, 47.79688 ], [ 0.4175, 47.79363 ], [ 0.42046, 47.79194 ], [ 0.42562, 47.78572 ], [ 0.43028, 47.78223 ], [ 0.42755, 47.77769 ] ] } },
{ "type": "Feature", "properties": { "name": "le Chabosson", "weight_class": 1, "permanent": true, "length_km": 9.7 }, "geometry": { "type": "MultiLineString", "coordinates": [ [ [ 0.3774, 47.82159 ], [ 0.38657, 47.81979 ], [ 0.39241, 47.82131 ], [ 0.3967, 47.8235 ], [ 0.40095, 47.82773 ], [ 0.41497, 47.83332 ], [ 0.41823, 47.83634 ] ], [ [ 0.41833, 47.83655 ], [ 0.42428, 47.83889 ], [ 0.42935, 47.83955 ], [ 0.44167, 47.83923 ], [ 0.44361, 47.8401 ], [ 0.44914, 47.83998 ], [ 0.45167, 47.84076 ], [ 0.45864, 47.84013 ], [ 0.46942, 47.84261 ], [ 0.48486, 47.84357 ] ] ] } },
{ "type": "Feature", "properties": { "name": null, "weight_class": 1, "permanent": true, "length_km": 2.5 }, "geometry": { "type": "LineString", "coordinates": [ [ 0.38552, 47.8308 ], [ 0.39505, 47.83215 ], [ 0.39875, 47.8337 ], [ 0.41626, 47.83461 ] ] } },
{ "type": "Feature", "properties": { "name": "l'Aune", "weight_class": 2, "permanent": true, "length_km": 30.9 }, "geometry": { "type": "LineString", "coordinates": [ [ 0.35942, 47.83208 ], [ 0.36094, 47.83073 ], [ 0.36204, 47.8258 ], [ 0.35964, 47.82088 ], [ 0.35354, 47.81725 ], [ 0.33472, 47.81604 ], [ 0.33157, 47.81389 ], [ 0.32819, 47.81356 ], [ 0.31668, 47.80908 ], [ 0.31459, 47.80938 ], [ 0.30471, 47.8063 ], [ 0.30013, 47.80318 ], [ 0.29501, 47.80256 ], [ 0.29519, 47.80165 ], [ 0.29239, 47.8011 ], [ 0.28988, 47.80201 ], [ 0.27048, 47.79835 ], [ 0.26384, 47.79532 ], [ 0.26303, 47.79397 ], [ 0.25954, 47.79272 ], [ 0.25404, 47.78875 ], [ 0.2492, 47.78737 ], [ 0.24872, 47.78538 ], [ 0.24592, 47.78542 ], [ 0.24106, 47.78354 ], [ 0.23576, 47.78319 ], [ 0.23391, 47.78222 ], [ 0.22882, 47.78219 ], [ 0.22525, 47.78085 ], [ 0.21899, 47.77663 ], [ 0.22, 47.77581 ], [ 0.21946, 47.77388 ], [ 0.21, 47.76971 ], [ 0.20704, 47.76749 ], [ 0.20641, 47.76554 ], [ 0.20212, 47.7642 ], [ 0.19934, 47.75844 ], [ 0.19942, 47.75273 ], [ 0.19392, 47.74586 ], [ 0.19497, 47.74229 ], [ 0.19236, 47.74178 ], [ 0.1919, 47.73939 ], [ 0.17578, 47.73747 ], [ 0.17497, 47.73516 ], [ 0.16357, 47.73404 ], [ 0.15804, 47.73189 ], [ 0.15333, 47.73195 ], [ 0.14975, 47.72973 ], [ 0.1503, 47.72688 ], [ 0.14903, 47.72496 ], [ 0.14387, 47.72107 ], [ 0.13049, 47.71796 ], [ 0.10728, 47.7172 ], [ 0.10312, 47.71535 ], [ 0.10114, 47.71239 ], [ 0.10069, 47.70805 ], [ 0.09052, 47.70342 ] ] } },
{ "type": "Feature", "properties": { "name": null, "weight_class": 1, "permanent": false, "length_km": 3.2 }, "geometry": { "type": "MultiLineString", "coordinates": [ [ [ 0.33241, 47.84001 ], [ 0.33309, 47.83773 ], [ 0.33657, 47.83514 ], [ 0.33713, 47.83257 ] ], [ [ 0.33731, 47.83253 ], [ 0.3423, 47.8288 ], [ 0.34136, 47.81798 ], [ 0.34494, 47.81679 ] ] ] } },
{ "type": "Feature", "properties": { "name": null, "weight_class": 1, "permanent": true, "length_km": 2.4 }, "geometry": { "type": "LineString", "coordinates": [ [ 0.57771, 47.79474 ], [ 0.57644, 47.79706 ], [ 0.57165, 47.8003 ], [ 0.5673, 47.80066 ], [ 0.56251, 47.79969 ], [ 0.56211, 47.80139 ], [ 0.56075, 47.80199 ], [ 0.55677, 47.80203 ], [ 0.55706, 47.8038 ] ] } },
{ "type": "Feature", "properties": { "name": null, "weight_class": 1, "permanent": true, "length_km": 3.2 }, "geometry": { "type": "LineString", "coordinates": [ [ 0.43386, 47.80701 ], [ 0.44794, 47.80744 ], [ 0.4533, 47.81155 ], [ 0.46547, 47.81679 ], [ 0.46847, 47.81907 ] ] } },
{ "type": "Feature", "properties": { "name": "le Dinan", "weight_class": 1, "permanent": true, "length_km": 18.5 }, "geometry": { "type": "LineString", "coordinates": [ [ 0.38578, 47.80389 ], [ 0.37811, 47.80333 ], [ 0.37191, 47.79841 ], [ 0.37236, 47.79194 ], [ 0.37451, 47.78953 ], [ 0.37719, 47.78875 ], [ 0.37948, 47.78497 ], [ 0.38547, 47.78332 ], [ 0.38804, 47.78136 ], [ 0.39609, 47.77856 ], [ 0.40886, 47.78043 ], [ 0.41852, 47.7793 ], [ 0.42431, 47.77962 ], [ 0.42782, 47.77704 ], [ 0.43155, 47.77682 ], [ 0.43199, 47.77549 ], [ 0.43646, 47.77386 ], [ 0.43809, 47.77217 ], [ 0.44276, 47.772 ], [ 0.44352, 47.76692 ], [ 0.4471, 47.76331 ], [ 0.44826, 47.75948 ], [ 0.4526, 47.75639 ], [ 0.45158, 47.75405 ], [ 0.4521, 47.74979 ], [ 0.45535, 47.74699 ], [ 0.45379, 47.7464 ], [ 0.45376, 47.74389 ], [ 0.4587, 47.74032 ], [ 0.45589, 47.73654 ], [ 0.45659, 47.7316 ], [ 0.46091, 47.7272 ], [ 0.46137, 47.72316 ], [ 0.46356, 47.72175 ], [ 0.46334, 47.71997 ], [ 0.46461, 47.71866 ], [ 0.46391, 47.71713 ], [ 0.46696, 47.71604 ], [ 0.46595, 47.71497 ], [ 0.47096, 47.70875 ], [ 0.47687, 47.70668 ] ] } },
{ "type": "Feature", "properties": { "name": "Ruisseau de la Cailletière", "weight_class": 1, "permanent": true, "length_km": 2.9 }, "geometry": { "type": "LineString", "coordinates": [ [ 0.46904, 47.77034 ], [ 0.46416, 47.76547 ], [ 0.45817, 47.76226 ], [ 0.45203, 47.76267 ], [ 0.44901, 47.7615 ], [ 0.44865, 47.75987 ], [ 0.45235, 47.7588 ], [ 0.4526, 47.75639 ] ] } },
{ "type": "Feature", "properties": { "name": "la Foëne", "weight_class": 1, "permanent": true, "length_km": 3.9 }, "geometry": { "type": "LineString", "coordinates": [ [ 0.51343, 47.75453 ], [ 0.51404, 47.7534 ], [ 0.51222, 47.7509 ], [ 0.51206, 47.74769 ], [ 0.51409, 47.74644 ], [ 0.51488, 47.74342 ], [ 0.51641, 47.74348 ], [ 0.51768, 47.73756 ], [ 0.52801, 47.73167 ], [ 0.52377, 47.72947 ], [ 0.52445, 47.72838 ] ] } },
{ "type": "Feature", "properties": { "name": null, "weight_class": 1, "permanent": false, "length_km": 4.1 }, "geometry": { "type": "LineString", "coordinates": [ [ 0.582, 47.78319 ], [ 0.57993, 47.78215 ], [ 0.57846, 47.77888 ], [ 0.5668, 47.77335 ], [ 0.56109, 47.77266 ], [ 0.55893, 47.77154 ], [ 0.55445, 47.77191 ], [ 0.54718, 47.76935 ], [ 0.53774, 47.77239 ] ] } },
{ "type": "Feature", "properties": { "name": "l'Yre", "weight_class": 1, "permanent": true, "length_km": 18.8 }, "geometry": { "type": "LineString", "coordinates": [ [ 0.35885, 47.77043 ], [ 0.36628, 47.77184 ], [ 0.37427, 47.77221 ], [ 0.37793, 47.77065 ], [ 0.38192, 47.77119 ], [ 0.38556, 47.76921 ], [ 0.38833, 47.76997 ], [ 0.3918, 47.76879 ], [ 0.39344, 47.76757 ], [ 0.39221, 47.76482 ], [ 0.39371, 47.76383 ], [ 0.39702, 47.76394 ], [ 0.39926, 47.76243 ], [ 0.40244, 47.75624 ], [ 0.40257, 47.75342 ], [ 0.40795, 47.74648 ], [ 0.41722, 47.74404 ], [ 0.41993, 47.74247 ], [ 0.42228, 47.74247 ], [ 0.42406, 47.74024 ], [ 0.42965, 47.7371 ], [ 0.4289, 47.73599 ], [ 0.43029, 47.73344 ], [ 0.42927, 47.72874 ], [ 0.42726, 47.72798 ], [ 0.42551, 47.7235 ], [ 0.42177, 47.72023 ], [ 0.42123, 47.71817 ], [ 0.41845, 47.71668 ], [ 0.41948, 47.71365 ], [ 0.41406, 47.71206 ], [ 0.41405, 47.71012 ], [ 0.41511, 47.70971 ], [ 0.41337, 47.70547 ], [ 0.41763, 47.69607 ], [ 0.41556, 47.6923 ], [ 0.41722, 47.68877 ], [ 0.4154, 47.68468 ], [ 0.39772, 47.68212 ], [ 0.3957, 47.68072 ], [ 0.38319, 47.67724 ] ] } },
{ "type": "Feature", "properties": { "name": "le Bruant", "weight_class": 1, "permanent": true, "length_km": 12.2 }, "geometry": { "type": "LineString", "coordinates": [ [ 0.33511, 47.78744 ], [ 0.33038, 47.79063 ], [ 0.31295, 47.79414 ], [ 0.30858, 47.79464 ], [ 0.3043, 47.79349 ], [ 0.29554, 47.79404 ], [ 0.29466, 47.79289 ], [ 0.28748, 47.7902 ], [ 0.2758, 47.78755 ], [ 0.26984, 47.78373 ], [ 0.26403, 47.78262 ], [ 0.26064, 47.77956 ], [ 0.25426, 47.77763 ], [ 0.24241, 47.77134 ], [ 0.23712, 47.7707 ], [ 0.23157, 47.7723 ], [ 0.23072, 47.77329 ], [ 0.22652, 47.77334 ], [ 0.2164, 47.76967 ], [ 0.21278, 47.76678 ], [ 0.20645, 47.7656 ] ] } },
{ "type": "Feature", "properties": { "name": null, "weight_class": 1, "permanent": true, "length_km": 2.0 }, "geometry": { "type": "LineString", "coordinates": [ [ 0.47179, 47.75357 ], [ 0.4685, 47.75032 ], [ 0.46844, 47.74848 ], [ 0.4656, 47.74663 ], [ 0.4573, 47.74376 ], [ 0.45389, 47.7451 ] ] } },
{ "type": "Feature", "properties": { "name": "les Profonds Vaux", "weight_class": 1, "permanent": true, "length_km": 9.4 }, "geometry": { "type": "LineString", "coordinates": [ [ 0.3492, 47.74935 ], [ 0.34995, 47.74528 ], [ 0.35278, 47.74136 ], [ 0.35541, 47.74176 ], [ 0.36198, 47.7391 ], [ 0.36745, 47.73839 ], [ 0.37464, 47.73233 ], [ 0.37627, 47.7291 ], [ 0.38409, 47.72431 ], [ 0.38903, 47.71965 ], [ 0.39762, 47.70713 ], [ 0.39982, 47.69967 ], [ 0.40781, 47.69548 ], [ 0.4141, 47.69537 ], [ 0.41623, 47.69435 ] ] } },
{ "type": "Feature", "properties": { "name": "le Gruau", "weight_class": 1, "permanent": true, "length_km": 17.3 }, "geometry": { "type": "LineString", "coordinates": [ [ 0.33462, 47.7517 ], [ 0.3321, 47.74949 ], [ 0.32968, 47.74977 ], [ 0.32449, 47.74787 ], [ 0.32033, 47.74786 ], [ 0.30409, 47.74299 ], [ 0.29633, 47.73508 ], [ 0.28515, 47.72938 ], [ 0.28041, 47.72893 ], [ 0.27517, 47.72582 ], [ 0.27336, 47.72599 ], [ 0.26184, 47.71805 ], [ 0.26146, 47.71602 ], [ 0.25374, 47.70894 ], [ 0.25288, 47.70645 ], [ 0.24146, 47.69891 ], [ 0.24264, 47.69816 ], [ 0.2388, 47.69427 ], [ 0.24123, 47.69093 ], [ 0.23375, 47.68443 ], [ 0.23345, 47.67915 ], [ 0.23, 47.67855 ], [ 0.23152, 47.67543 ], [ 0.23557, 47.67286 ], [ 0.23592, 47.67053 ], [ 0.23795, 47.67066 ], [ 0.24099, 47.66635 ], [ 0.23945, 47.66342 ], [ 0.2416, 47.65968 ], [ 0.24109, 47.6582 ], [ 0.2385, 47.65725 ], [ 0.23556, 47.65779 ], [ 0.23259, 47.65627 ] ] } },
{ "type": "Feature", "properties": { "name": null, "weight_class": 1, "permanent": false, "length_km": 2.4 }, "geometry": { "type": "LineString", "coordinates": [ [ 0.53589, 47.6966 ], [ 0.52797, 47.69889 ], [ 0.52641, 47.70165 ], [ 0.52327, 47.70298 ], [ 0.51977, 47.70413 ], [ 0.51875, 47.703 ], [ 0.51553, 47.70301 ], [ 0.51398, 47.70415 ] ] } },
{ "type": "Feature", "properties": { "name": null, "weight_class": 1, "permanent": true, "length_km": 3.5 }, "geometry": { "type": "LineString", "coordinates": [ [ 0.56168, 47.71728 ], [ 0.55666, 47.71198 ], [ 0.5516, 47.70962 ], [ 0.5494, 47.70602 ], [ 0.54428, 47.70766 ], [ 0.54296, 47.70625 ], [ 0.53893, 47.70605 ], [ 0.53784, 47.70263 ], [ 0.53901, 47.70032 ], [ 0.53776, 47.69875 ] ] } },
{ "type": "Feature", "properties": { "name": "la Dême", "weight_class": 1, "permanent": true, "length_km": 13.0 }, "geometry": { "type": "LineString", "coordinates": [ [ 0.60551, 47.67887 ], [ 0.60468, 47.68063 ], [ 0.5936, 47.68452 ], [ 0.58857, 47.68733 ], [ 0.58701, 47.68928 ], [ 0.57961, 47.68942 ], [ 0.57707, 47.69243 ], [ 0.57165, 47.69296 ], [ 0.56395, 47.69671 ], [ 0.5595, 47.69641 ], [ 0.55493, 47.69485 ], [ 0.54266, 47.69873 ], [ 0.53882, 47.69822 ], [ 0.52896, 47.7028 ], [ 0.52047, 47.70537 ], [ 0.51398, 47.70415 ], [ 0.51144, 47.70607 ], [ 0.50552, 47.70594 ], [ 0.49954, 47.70707 ], [ 0.49552, 47.70612 ], [ 0.4932, 47.70644 ], [ 0.4893, 47.70328 ], [ 0.48519, 47.70316 ], [ 0.48469, 47.69942 ], [ 0.48262, 47.70035 ], [ 0.47797, 47.69971 ] ] } },
{ "type": "Feature", "properties": { "name": "la Foëne de Maucouet", "weight_class": 1, "permanent": true, "length_km": 2.6 }, "geometry": { "type": "LineString", "coordinates": [ [ 0.51176, 47.73205 ], [ 0.51272, 47.73108 ], [ 0.50583, 47.72768 ], [ 0.50412, 47.72387 ], [ 0.49959, 47.72079 ], [ 0.49823, 47.71786 ], [ 0.49305, 47.71771 ] ] } },
{ "type": "Feature", "properties": { "name": null, "weight_class": 1, "permanent": false, "length_km": 2.6 }, "geometry": { "type": "LineString", "coordinates": [ [ 0.54414, 47.6801 ], [ 0.5536, 47.68314 ], [ 0.56229, 47.68782 ], [ 0.56537, 47.69242 ], [ 0.56496, 47.6962 ] ] } },
{ "type": "Feature", "properties": { "name": null, "weight_class": 1, "permanent": false, "length_km": 2.9 }, "geometry": { "type": "LineString", "coordinates": [ [ 0.3811, 47.69673 ], [ 0.39594, 47.69074 ], [ 0.40363, 47.69048 ], [ 0.41156, 47.68412 ] ] } },
{ "type": "Feature", "properties": { "name": "Bras de la Veuve", "weight_class": 1, "permanent": false, "length_km": 8.4 }, "geometry": { "type": "MultiLineString", "coordinates": [ [ [ 0.48451, 47.84504 ], [ 0.48669, 47.84292 ], [ 0.48597, 47.84165 ] ], [ [ 0.49917, 47.816 ], [ 0.50272, 47.81179 ], [ 0.50631, 47.81194 ], [ 0.51177, 47.81033 ] ], [ [ 0.53215, 47.80111 ], [ 0.53517, 47.79997 ], [ 0.5371, 47.79788 ] ], [ [ 0.54433, 47.75483 ], [ 0.54609, 47.75271 ], [ 0.5476, 47.74686 ], [ 0.54638, 47.74545 ], [ 0.54188, 47.74409 ], [ 0.54113, 47.74184 ], [ 0.54268, 47.73944 ], [ 0.53905, 47.73687 ] ], [ [ 0.53833, 47.76972 ], [ 0.53621, 47.76945 ], [ 0.5349, 47.7651 ], [ 0.53751, 47.76368 ], [ 0.53783, 47.76213 ], [ 0.53628, 47.76012 ], [ 0.54037, 47.75574 ] ], [ [ 0.541, 47.76239 ], [ 0.5405, 47.76137 ], [ 0.5388, 47.76139 ], [ 0.54037, 47.75574 ] ], [ [ 0.54037, 47.75574 ], [ 0.54238, 47.75487 ] ] ] } },
{ "type": "Feature", "properties": { "name": "Ruisseau le Dinan", "weight_class": 1, "permanent": true, "length_km": 4.2 }, "geometry": { "type": "MultiLineString", "coordinates": [ [ [ 0.42755, 47.77769 ], [ 0.43089, 47.77759 ], [ 0.43155, 47.77682 ] ], [ [ 0.43653, 47.77382 ], [ 0.4406, 47.77214 ] ], [ [ 0.45178, 47.75357 ], [ 0.45271, 47.74979 ], [ 0.45588, 47.74827 ], [ 0.45535, 47.74699 ] ], [ [ 0.45818, 47.74084 ], [ 0.45415, 47.73539 ], [ 0.45615, 47.73371 ] ], [ [ 0.4563, 47.73401 ], [ 0.45876, 47.73019 ] ], [ [ 0.45737, 47.73079 ], [ 0.46138, 47.72415 ] ] ] } },
{ "type": "Feature", "properties": { "name": "Bras de la Dême", "weight_class": 1, "permanent": true, "length_km": 5.0 }, "geometry": { "type": "MultiLineString", "coordinates": [ [ [ 0.49813, 47.70654 ], [ 0.49368, 47.70203 ], [ 0.4893, 47.70328 ] ], [ [ 0.57506, 47.69248 ], [ 0.57287, 47.69355 ], [ 0.57278, 47.6953 ], [ 0.57017, 47.69617 ], [ 0.56827, 47.69573 ], [ 0.56321, 47.69774 ], [ 0.5596, 47.69642 ] ], [ [ 0.60288, 47.68114 ], [ 0.6034, 47.68177 ], [ 0.60049, 47.68304 ], [ 0.60047, 47.68396 ], [ 0.59482, 47.68479 ], [ 0.59384, 47.68681 ], [ 0.58984, 47.68721 ], [ 0.58724, 47.68903 ] ] ] } },
{ "type": "Feature", "properties": { "name": "Ruisseau du Ponceau", "weight_class": 1, "permanent": true, "length_km": 3.0 }, "geometry": { "type": "MultiLineString", "coordinates": [ [ [ 0.32398, 47.6729 ], [ 0.32345, 47.66875 ], [ 0.32234, 47.66904 ], [ 0.32033, 47.66671 ], [ 0.31858, 47.6669 ] ], [ [ 0.33583, 47.67575 ], [ 0.33544, 47.67643 ], [ 0.33363, 47.6754 ], [ 0.32636, 47.67432 ] ], [ [ 0.34649, 47.67867 ], [ 0.3471, 47.67804 ], [ 0.3447, 47.67674 ], [ 0.33719, 47.6752 ], [ 0.33697, 47.67592 ] ] ] } },
{ "type": "Feature", "properties": { "name": "Ruisseau du Léard", "weight_class": 1, "permanent": false, "length_km": 2.5 }, "geometry": { "type": "LineString", "coordinates": [ [ 0.22915, 47.83243 ], [ 0.22563, 47.83394 ], [ 0.22308, 47.83707 ], [ 0.22053, 47.83837 ], [ 0.21338, 47.83979 ], [ 0.21286, 47.83881 ], [ 0.20852, 47.83988 ], [ 0.20596, 47.83951 ], [ 0.20448, 47.84164 ] ] } },
{ "type": "Feature", "properties": { "name": "Ruisseau de Sable", "weight_class": 1, "permanent": true, "length_km": 8.2 }, "geometry": { "type": "LineString", "coordinates": [ [ 0.3352, 47.77509 ], [ 0.32987, 47.77655 ], [ 0.32215, 47.77618 ], [ 0.31678, 47.77212 ], [ 0.30733, 47.77141 ], [ 0.30111, 47.77245 ], [ 0.28602, 47.76742 ], [ 0.27825, 47.76632 ], [ 0.27534, 47.76403 ], [ 0.26912, 47.76445 ], [ 0.26877, 47.76351 ], [ 0.25591, 47.76728 ], [ 0.24546, 47.77257 ] ] } },
{ "type": "Feature", "properties": { "name": "Ruisseau du Gué des Pierres", "weight_class": 1, "permanent": true, "length_km": 3.7 }, "geometry": { "type": "LineString", "coordinates": [ [ 0.0963, 47.78086 ], [ 0.09603, 47.77974 ], [ 0.10144, 47.77694 ], [ 0.10625, 47.77575 ], [ 0.11267, 47.776 ], [ 0.11663, 47.77389 ], [ 0.12371, 47.77283 ], [ 0.12645, 47.76988 ], [ 0.13219, 47.76867 ], [ 0.13231, 47.76712 ] ] } },
{ "type": "Feature", "properties": { "name": "Ruisseau le Gandelin", "weight_class": 1, "permanent": false, "length_km": 4.5 }, "geometry": { "type": "LineString", "coordinates": [ [ 0.2807, 47.73714 ], [ 0.2764, 47.73568 ], [ 0.25866, 47.7381 ], [ 0.25794, 47.73735 ], [ 0.25425, 47.7381 ], [ 0.25117, 47.73718 ], [ 0.24463, 47.7376 ], [ 0.2382, 47.74008 ], [ 0.23767, 47.73931 ], [ 0.23292, 47.74 ], [ 0.2301, 47.74213 ] ] } },
{ "type": "Feature", "properties": { "name": "Ruisseau du Vieux Moulin", "weight_class": 1, "permanent": true, "length_km": 3.7 }, "geometry": { "type": "LineString", "coordinates": [ [ 0.31614, 47.69313 ], [ 0.31566, 47.68771 ], [ 0.3136, 47.68476 ], [ 0.31295, 47.67251 ], [ 0.31052, 47.67204 ], [ 0.30864, 47.66402 ] ] } },
{ "type": "Feature", "properties": { "name": "Ruisseau de la Fontaine de la Cour", "weight_class": 1, "permanent": true, "length_km": 4.6 }, "geometry": { "type": "LineString", "coordinates": [ [ 0.26576, 47.68642 ], [ 0.26398, 47.68296 ], [ 0.26651, 47.67575 ], [ 0.26364, 47.67457 ], [ 0.26394, 47.67153 ], [ 0.25904, 47.67134 ], [ 0.259, 47.67051 ], [ 0.25629, 47.6699 ], [ 0.25665, 47.66885 ], [ 0.24805, 47.66412 ], [ 0.24703, 47.66161 ], [ 0.24108, 47.65872 ] ] } },
{ "type": "Feature", "properties": { "name": "Ruisseau de Saint-Hubert", "weight_class": 1, "permanent": true, "length_km": 4.4 }, "geometry": { "type": "MultiLineString", "coordinates": [ [ [ 0.20128, 47.69611 ], [ 0.20284, 47.69188 ], [ 0.2048, 47.69144 ], [ 0.20527, 47.6899 ] ], [ [ 0.20527, 47.6899 ], [ 0.20757, 47.69013 ], [ 0.20841, 47.6886 ], [ 0.20624, 47.68776 ] ], [ [ 0.20527, 47.6899 ], [ 0.20367, 47.68935 ], [ 0.20624, 47.68776 ] ], [ [ 0.20624, 47.68776 ], [ 0.21197, 47.68114 ], [ 0.2186, 47.68047 ], [ 0.22361, 47.67854 ], [ 0.23022, 47.67753 ] ] ] } },
{ "type": "Feature", "properties": { "name": "le Ris Oui", "weight_class": 1, "permanent": true, "length_km": 3.7 }, "geometry": { "type": "LineString", "coordinates": [ [ 0.14068, 47.65175 ], [ 0.14059, 47.65295 ], [ 0.13468, 47.65565 ], [ 0.12828, 47.65737 ], [ 0.12466, 47.65718 ], [ 0.11554, 47.66209 ], [ 0.11182, 47.66874 ], [ 0.1139, 47.67219 ] ] } },
{ "type": "Feature", "properties": { "name": "Ruisseau du Portineau", "weight_class": 2, "permanent": true, "length_km": 3.6 }, "geometry": { "type": "LineString", "coordinates": [ [ 0.09058, 47.69261 ], [ 0.0852, 47.69075 ], [ 0.07895, 47.69227 ], [ 0.07042, 47.68924 ], [ 0.06977, 47.68976 ], [ 0.06344, 47.6883 ], [ 0.04956, 47.69469 ] ] } },
{ "type": "Feature", "properties": { "name": "Rivière l'Aune", "weight_class": 1, "permanent": true, "length_km": 7.0 }, "geometry": { "type": "MultiLineString", "coordinates": [ [ [ 0.15474, 47.72902 ], [ 0.15024, 47.72714 ] ], [ [ 0.16414, 47.73377 ], [ 0.15474, 47.72902 ] ], [ [ 0.15798, 47.73189 ], [ 0.15474, 47.72902 ] ], [ [ 0.18409, 47.73863 ], [ 0.18348, 47.73732 ], [ 0.17566, 47.73614 ] ], [ [ 0.22525, 47.78085 ], [ 0.22205, 47.78055 ], [ 0.20575, 47.77355 ], [ 0.20777, 47.7688 ], [ 0.20619, 47.76892 ], [ 0.20273, 47.76429 ] ], [ [ 0.27764, 47.79968 ], [ 0.27184, 47.79822 ], [ 0.26358, 47.79453 ] ] ] } },
{ "type": "Feature", "properties": { "name": "Ruisseau le Casseau", "weight_class": 1, "permanent": true, "length_km": 2.9 }, "geometry": { "type": "MultiLineString", "coordinates": [ [ [ 0.12195, 47.73902 ], [ 0.12077, 47.73601 ] ], [ [ 0.1245, 47.74595 ], [ 0.12262, 47.74512 ], [ 0.1219, 47.7422 ] ], [ [ 0.12219, 47.7419 ], [ 0.12216, 47.73923 ] ], [ [ 0.14316, 47.78421 ], [ 0.13824, 47.77949 ] ], [ [ 0.14169, 47.79134 ], [ 0.14279, 47.79091 ], [ 0.14208, 47.78939 ], [ 0.1436, 47.78732 ], [ 0.14326, 47.78488 ] ] ] } },
{ "type": "Feature", "properties": { "name": null, "weight_class": 1, "permanent": true, "length_km": 2.6 }, "geometry": { "type": "LineString", "coordinates": [ [ 0.27435, 47.81854 ], [ 0.26973, 47.81489 ], [ 0.26488, 47.81421 ], [ 0.26122, 47.81503 ], [ 0.25767, 47.8142 ], [ 0.25626, 47.8149 ], [ 0.25002, 47.81332 ], [ 0.24833, 47.81536 ], [ 0.24993, 47.81593 ] ] } },
{ "type": "Feature", "properties": { "name": "le Pin/Ruisseau du Pin", "weight_class": 1, "permanent": true, "length_km": 10.1 }, "geometry": { "type": "LineString", "coordinates": [ [ 0.26545, 47.82717 ], [ 0.26044, 47.82522 ], [ 0.25861, 47.82205 ], [ 0.25384, 47.81917 ], [ 0.25135, 47.81624 ], [ 0.2442, 47.81547 ], [ 0.23678, 47.81145 ], [ 0.23346, 47.81069 ], [ 0.21864, 47.80158 ], [ 0.21456, 47.79706 ], [ 0.20417, 47.79359 ], [ 0.20172, 47.7885 ], [ 0.20316, 47.78456 ], [ 0.20119, 47.77847 ], [ 0.20224, 47.76974 ], [ 0.20115, 47.7627 ] ] } },
{ "type": "Feature", "properties": { "name": null, "weight_class": 1, "permanent": true, "length_km": 3.6 }, "geometry": { "type": "LineString", "coordinates": [ [ 0.19432, 47.81911 ], [ 0.19556, 47.8197 ], [ 0.19457, 47.82384 ], [ 0.20035, 47.82752 ], [ 0.20042, 47.82881 ], [ 0.19807, 47.83151 ], [ 0.19024, 47.83542 ], [ 0.18886, 47.84094 ], [ 0.19011, 47.84381 ] ] } },
{ "type": "Feature", "properties": { "name": "le Casseau", "weight_class": 1, "permanent": true, "length_km": 14.8 }, "geometry": { "type": "LineString", "coordinates": [ [ 0.15915, 47.82113 ], [ 0.15917, 47.81901 ], [ 0.15, 47.81329 ], [ 0.14914, 47.81061 ], [ 0.14498, 47.80814 ], [ 0.14201, 47.80445 ], [ 0.14655, 47.79817 ], [ 0.14109, 47.78937 ], [ 0.14316, 47.78421 ], [ 0.1383, 47.77995 ], [ 0.13893, 47.7764 ], [ 0.13474, 47.77288 ], [ 0.13428, 47.76714 ], [ 0.13231, 47.76712 ], [ 0.12973, 47.7627 ], [ 0.12995, 47.75413 ], [ 0.12889, 47.751 ], [ 0.12181, 47.74219 ], [ 0.12289, 47.74029 ], [ 0.12054, 47.73657 ], [ 0.12134, 47.73501 ], [ 0.12419, 47.73374 ], [ 0.12485, 47.73179 ], [ 0.12018, 47.72754 ], [ 0.11986, 47.72454 ], [ 0.11716, 47.72098 ], [ 0.11359, 47.71806 ], [ 0.11134, 47.71749 ] ] } },
{ "type": "Feature", "properties": { "name": "le Montalaume", "weight_class": 1, "permanent": false, "length_km": 5.5 }, "geometry": { "type": "LineString", "coordinates": [ [ 0.12078, 47.83921 ], [ 0.1135, 47.83562 ], [ 0.11021, 47.83201 ], [ 0.10632, 47.83038 ], [ 0.0947, 47.8324 ], [ 0.0912, 47.83418 ], [ 0.08383, 47.83217 ], [ 0.08196, 47.83041 ], [ 0.07308, 47.82981 ], [ 0.06919, 47.82779 ], [ 0.06296, 47.83084 ] ] } },
{ "type": "Feature", "properties": { "name": null, "weight_class": 1, "permanent": false, "length_km": 3.1 }, "geometry": { "type": "LineString", "coordinates": [ [ 0.23402, 47.78752 ], [ 0.23043, 47.78557 ], [ 0.224, 47.78404 ], [ 0.22444, 47.78289 ], [ 0.22201, 47.78169 ], [ 0.21079, 47.78006 ], [ 0.2061, 47.77619 ], [ 0.20212, 47.77534 ] ] } },
{ "type": "Feature", "properties": { "name": null, "weight_class": 1, "permanent": false, "length_km": 2.2 }, "geometry": { "type": "LineString", "coordinates": [ [ 0.17984, 47.79867 ], [ 0.19423, 47.78967 ], [ 0.19959, 47.7893 ], [ 0.20214, 47.78777 ] ] } },
{ "type": "Feature", "properties": { "name": null, "weight_class": 1, "permanent": false, "length_km": 2.7 }, "geometry": { "type": "LineString", "coordinates": [ [ 0.09902, 47.79753 ], [ 0.09341, 47.799 ], [ 0.09078, 47.80393 ], [ 0.09071, 47.80932 ], [ 0.0889, 47.81052 ], [ 0.0876, 47.81588 ] ] } },
{ "type": "Feature", "properties": { "name": "le Carpentras", "weight_class": 1, "permanent": true, "length_km": 13.1 }, "geometry": { "type": "LineString", "coordinates": [ [ 0.07762, 47.78689 ], [ 0.08129, 47.7824 ], [ 0.07969, 47.7791 ], [ 0.08011, 47.77483 ], [ 0.08254, 47.772 ], [ 0.08347, 47.76707 ], [ 0.07661, 47.76237 ], [ 0.0684, 47.75955 ], [ 0.06432, 47.75563 ], [ 0.06342, 47.75284 ], [ 0.05717, 47.7481 ], [ 0.05336, 47.74668 ], [ 0.05036, 47.74745 ], [ 0.05122, 47.74374 ], [ 0.04624, 47.74061 ], [ 0.03984, 47.73354 ], [ 0.03827, 47.73333 ], [ 0.03667, 47.73148 ], [ 0.03549, 47.7319 ], [ 0.03167, 47.72572 ], [ 0.02896, 47.71716 ], [ 0.0248, 47.71285 ], [ 0.02513, 47.70939 ], [ 0.0216, 47.7092 ], [ 0.02337, 47.69856 ] ] } },
{ "type": "Feature", "properties": { "name": null, "weight_class": 1, "permanent": true, "length_km": 4.0 }, "geometry": { "type": "LineString", "coordinates": [ [ 0.28968, 47.77916 ], [ 0.28291, 47.77877 ], [ 0.28066, 47.78007 ], [ 0.27559, 47.78082 ], [ 0.27207, 47.77961 ], [ 0.27242, 47.77891 ], [ 0.26904, 47.77906 ], [ 0.26505, 47.77644 ], [ 0.26382, 47.77697 ], [ 0.25877, 47.77357 ], [ 0.24881, 47.77252 ], [ 0.24806, 47.7732 ], [ 0.24603, 47.77234 ] ] } },
{ "type": "Feature", "properties": { "name": null, "weight_class": 1, "permanent": true, "length_km": 4.5 }, "geometry": { "type": "LineString", "coordinates": [ [ 0.24161, 47.77116 ], [ 0.24196, 47.77052 ], [ 0.23206, 47.76645 ], [ 0.23069, 47.76506 ], [ 0.22128, 47.76338 ], [ 0.2166, 47.76365 ], [ 0.20537, 47.76222 ], [ 0.1994, 47.75293 ] ] } },
{ "type": "Feature", "properties": { "name": null, "weight_class": 1, "permanent": true, "length_km": 4.1 }, "geometry": { "type": "LineString", "coordinates": [ [ 0.16518, 47.75475 ], [ 0.16784, 47.75703 ], [ 0.16581, 47.75889 ], [ 0.16136, 47.75777 ], [ 0.16058, 47.75936 ], [ 0.15756, 47.75993 ], [ 0.15508, 47.76182 ], [ 0.15014, 47.75997 ], [ 0.14272, 47.75973 ], [ 0.13655, 47.75653 ], [ 0.13583, 47.75494 ], [ 0.12995, 47.75413 ] ] } },
{ "type": "Feature", "properties": { "name": null, "weight_class": 1, "permanent": false, "length_km": 2.4 }, "geometry": { "type": "LineString", "coordinates": [ [ 0.26332, 47.74711 ], [ 0.26102, 47.74692 ], [ 0.25709, 47.74412 ], [ 0.25089, 47.74666 ], [ 0.24326, 47.74558 ], [ 0.23977, 47.74409 ], [ 0.23733, 47.74539 ] ] } },
{ "type": "Feature", "properties": { "name": "le Gandelin", "weight_class": 1, "permanent": true, "length_km": 10.2 }, "geometry": { "type": "LineString", "coordinates": [ [ 0.2958, 47.75469 ], [ 0.29122, 47.75544 ], [ 0.28804, 47.75782 ], [ 0.28623, 47.75761 ], [ 0.28647, 47.75904 ], [ 0.27233, 47.7576 ], [ 0.26162, 47.75779 ], [ 0.25453, 47.75459 ], [ 0.24698, 47.74857 ], [ 0.24248, 47.74861 ], [ 0.24089, 47.74685 ], [ 0.23045, 47.74218 ], [ 0.22729, 47.74658 ], [ 0.22445, 47.74746 ], [ 0.21737, 47.74641 ], [ 0.21486, 47.74522 ], [ 0.20866, 47.74479 ], [ 0.20381, 47.74555 ], [ 0.19907, 47.74374 ], [ 0.19488, 47.74396 ] ] } },
{ "type": "Feature", "properties": { "name": null, "weight_class": 1, "permanent": false, "length_km": 3.6 }, "geometry": { "type": "LineString", "coordinates": [ [ 0.07921, 47.73508 ], [ 0.08703, 47.73722 ], [ 0.09345, 47.74103 ], [ 0.09963, 47.74246 ], [ 0.10882, 47.74298 ], [ 0.1112, 47.74385 ], [ 0.11531, 47.74193 ], [ 0.12155, 47.74175 ] ] } },
{ "type": "Feature", "properties": { "name": null, "weight_class": 1, "permanent": true, "length_km": 4.1 }, "geometry": { "type": "LineString", "coordinates": [ [ 0.31025, 47.72009 ], [ 0.30657, 47.72068 ], [ 0.30153, 47.71921 ], [ 0.29811, 47.71978 ], [ 0.29486, 47.71861 ], [ 0.28108, 47.71983 ], [ 0.27321, 47.71713 ], [ 0.27082, 47.71759 ], [ 0.26764, 47.71608 ], [ 0.2613, 47.71585 ] ] } },
{ "type": "Feature", "properties": { "name": null, "weight_class": 1, "permanent": true, "length_km": 3.3 }, "geometry": { "type": "LineString", "coordinates": [ [ 0.22861, 47.72259 ], [ 0.22739, 47.72441 ], [ 0.21948, 47.72882 ], [ 0.21947, 47.73246 ], [ 0.2181, 47.73458 ], [ 0.21471, 47.73807 ], [ 0.21031, 47.73955 ], [ 0.20666, 47.74504 ] ] } },
{ "type": "Feature", "properties": { "name": "l'Organne", "weight_class": 1, "permanent": true, "length_km": 9.1 }, "geometry": { "type": "LineString", "coordinates": [ [ 0.19351, 47.70975 ], [ 0.18466, 47.70531 ], [ 0.18145, 47.70505 ], [ 0.1788, 47.70214 ], [ 0.17278, 47.6998 ], [ 0.17004, 47.69646 ], [ 0.16104, 47.69179 ], [ 0.15105, 47.69246 ], [ 0.14441, 47.69078 ], [ 0.13114, 47.69104 ], [ 0.12604, 47.68855 ], [ 0.12307, 47.68836 ], [ 0.1194, 47.69069 ], [ 0.1155, 47.69153 ], [ 0.11185, 47.69107 ], [ 0.10833, 47.69712 ], [ 0.09924, 47.69889 ] ] } },
{ "type": "Feature", "properties": { "name": null, "weight_class": 1, "permanent": false, "length_km": 2.8 }, "geometry": { "type": "LineString", "coordinates": [ [ 0.14236, 47.70922 ], [ 0.1428, 47.71098 ], [ 0.13851, 47.71322 ], [ 0.13407, 47.71754 ], [ 0.1304, 47.71609 ], [ 0.12564, 47.71558 ], [ 0.11977, 47.71592 ], [ 0.11564, 47.71717 ] ] } },
{ "type": "Feature", "properties": { "name": "le Guichard", "weight_class": 1, "permanent": true, "length_km": 3.5 }, "geometry": { "type": "LineString", "coordinates": [ [ 0.28882, 47.68262 ], [ 0.28502, 47.68108 ], [ 0.28322, 47.67906 ], [ 0.2824, 47.67525 ], [ 0.2797, 47.67398 ], [ 0.27979, 47.66951 ], [ 0.26783, 47.66431 ], [ 0.26565, 47.66418 ], [ 0.26449, 47.66518 ], [ 0.26267, 47.66428 ] ] } },
{ "type": "Feature", "properties": { "name": "le Ris Oui", "weight_class": 1, "permanent": true, "length_km": 12.0 }, "geometry": { "type": "LineString", "coordinates": [ [ 0.09665, 47.60313 ], [ 0.09715, 47.60665 ], [ 0.09989, 47.61032 ], [ 0.10631, 47.61464 ], [ 0.10761, 47.61407 ], [ 0.11558, 47.61807 ], [ 0.12059, 47.61949 ], [ 0.12493, 47.61945 ], [ 0.12863, 47.62273 ], [ 0.13151, 47.62386 ], [ 0.12916, 47.62625 ], [ 0.12978, 47.6286 ], [ 0.12824, 47.63185 ], [ 0.13251, 47.6385 ], [ 0.13177, 47.64188 ], [ 0.13491, 47.64549 ], [ 0.13406, 47.64793 ], [ 0.14286, 47.65305 ], [ 0.14772, 47.65322 ], [ 0.15178, 47.65459 ], [ 0.14869, 47.65715 ], [ 0.14808, 47.6603 ], [ 0.15805, 47.66452 ], [ 0.15964, 47.66607 ], [ 0.15927, 47.66894 ], [ 0.15765, 47.67076 ], [ 0.15324, 47.67349 ], [ 0.15079, 47.67369 ] ] } },
{ "type": "Feature", "properties": { "name": null, "weight_class": 1, "permanent": false, "length_km": 2.6 }, "geometry": { "type": "LineString", "coordinates": [ [ 0.1488, 47.66988 ], [ 0.14323, 47.67037 ], [ 0.13901, 47.66953 ], [ 0.13538, 47.66759 ], [ 0.12834, 47.66899 ], [ 0.1253, 47.67117 ], [ 0.11889, 47.67253 ] ] } },
{ "type": "Feature", "properties": { "name": "la Vézanne", "weight_class": 1, "permanent": true, "length_km": 18.3 }, "geometry": { "type": "LineString", "coordinates": [ [ 0.05408, 47.78422 ], [ 0.05263, 47.78737 ], [ 0.05339, 47.78922 ], [ 0.05046, 47.79443 ], [ 0.05135, 47.79818 ], [ 0.05578, 47.80303 ], [ 0.05563, 47.80482 ], [ 0.05239, 47.80646 ], [ 0.04773, 47.80597 ], [ 0.0456, 47.80669 ], [ 0.04369, 47.80935 ], [ 0.0441, 47.81447 ], [ 0.03751, 47.8204 ], [ 0.03237, 47.82301 ], [ 0.03235, 47.82421 ], [ 0.02713, 47.82588 ], [ 0.02032, 47.82706 ], [ 0.01369, 47.82642 ], [ 0.00783, 47.82763 ], [ 0.00263, 47.82665 ], [ -0.0035, 47.82735 ], [ -0.00631, 47.82895 ], [ -0.0109, 47.82895 ], [ -0.02186, 47.82212 ], [ -0.02585, 47.82087 ], [ -0.02939, 47.82089 ], [ -0.03547, 47.81919 ], [ -0.03881, 47.81912 ], [ -0.04324, 47.82067 ], [ -0.04941, 47.82024 ], [ -0.05295, 47.81726 ], [ -0.05697, 47.81847 ], [ -0.05912, 47.81761 ], [ -0.06801, 47.81832 ], [ -0.07208, 47.81266 ], [ -0.07877, 47.80977 ], [ -0.08423, 47.81013 ], [ -0.08702, 47.81292 ], [ -0.0898, 47.81367 ], [ -0.09036, 47.81505 ] ] } },
{ "type": "Feature", "properties": { "name": null, "weight_class": 1, "permanent": false, "length_km": 5.0 }, "geometry": { "type": "LineString", "coordinates": [ [ 0.01436, 47.78848 ], [ 0.0137, 47.78995 ], [ 0.00767, 47.79413 ], [ -0.00202, 47.80621 ], [ -0.00617, 47.80884 ], [ -0.01333, 47.81024 ], [ -0.02409, 47.81534 ], [ -0.02659, 47.82021 ] ] } },
{ "type": "Feature", "properties": { "name": null, "weight_class": 1, "permanent": true, "length_km": 2.6 }, "geometry": { "type": "LineString", "coordinates": [ [ 0.03241, 47.75964 ], [ 0.04248, 47.75964 ], [ 0.04663, 47.75685 ], [ 0.05028, 47.75631 ], [ 0.05342, 47.75331 ], [ 0.05036, 47.74745 ] ] } },
{ "type": "Feature", "properties": { "name": null, "weight_class": 1, "permanent": true, "length_km": 2.4 }, "geometry": { "type": "LineString", "coordinates": [ [ -0.00127, 47.73456 ], [ -0.00867, 47.72728 ], [ -0.00821, 47.72424 ], [ -0.01011, 47.72112 ], [ -0.01545, 47.71747 ] ] } },
{ "type": "Feature", "properties": { "name": null, "weight_class": 1, "permanent": true, "length_km": 3.3 }, "geometry": { "type": "LineString", "coordinates": [ [ 0.01638, 47.74823 ], [ 0.01959, 47.74707 ], [ 0.02157, 47.74126 ], [ 0.02101, 47.73142 ], [ 0.02515, 47.72909 ], [ 0.03375, 47.72808 ] ] } },
{ "type": "Feature", "properties": { "name": null, "weight_class": 1, "permanent": true, "length_km": 3.7 }, "geometry": { "type": "LineString", "coordinates": [ [ 0.05406, 47.72007 ], [ 0.05284, 47.71938 ], [ 0.05239, 47.7149 ], [ 0.05078, 47.71244 ], [ 0.04827, 47.70994 ], [ 0.04578, 47.71007 ], [ 0.04021, 47.70264 ], [ 0.03327, 47.7035 ], [ 0.03042, 47.70291 ], [ 0.03251, 47.70102 ], [ 0.03245, 47.69906 ] ] } },
{ "type": "Feature", "properties": { "name": null, "weight_class": 1, "permanent": true, "length_km": 2.2 }, "geometry": { "type": "LineString", "coordinates": [ [ 0.01413, 47.71254 ], [ 0.00649, 47.71042 ], [ 0.0047, 47.70952 ], [ 0.00322, 47.70626 ], [ -0.00414, 47.70458 ], [ -0.00779, 47.70237 ] ] } },
{ "type": "Feature", "properties": { "name": "Ruisseau des Cartes", "weight_class": 1, "permanent": true, "length_km": 11.0 }, "geometry": { "type": "LineString", "coordinates": [ [ 0.01158, 47.6278 ], [ 0.01788, 47.63387 ], [ 0.01917, 47.63437 ], [ 0.02104, 47.6334 ], [ 0.02245, 47.63408 ], [ 0.02374, 47.63778 ], [ 0.02715, 47.64169 ], [ 0.02649, 47.64259 ], [ 0.02957, 47.64703 ], [ 0.02886, 47.64742 ], [ 0.03357, 47.65156 ], [ 0.03429, 47.66058 ], [ 0.0362, 47.66287 ], [ 0.03486, 47.66642 ], [ 0.03631, 47.67074 ], [ 0.0349, 47.67372 ], [ 0.03574, 47.6764 ], [ 0.03456, 47.67792 ], [ 0.03437, 47.6836 ], [ 0.03776, 47.68581 ], [ 0.03798, 47.68899 ], [ 0.04312, 47.69135 ], [ 0.04295, 47.69289 ], [ 0.04552, 47.69496 ] ] } },
{ "type": "Feature", "properties": { "name": "Ruisseau la Vézanne", "weight_class": 1, "permanent": true, "length_km": 2.2 }, "geometry": { "type": "LineString", "coordinates": [ [ -0.01053, 47.82871 ], [ -0.01266, 47.82616 ], [ -0.01625, 47.82541 ], [ -0.01578, 47.82475 ], [ -0.0223, 47.8207 ], [ -0.0314, 47.82028 ] ] } },
{ "type": "Feature", "properties": { "name": null, "weight_class": 1, "permanent": true, "length_km": 2.8 }, "geometry": { "type": "MultiLineString", "coordinates": [ [ [ 0.2235, 47.80457 ], [ 0.22221, 47.80517 ], [ 0.21896, 47.80362 ], [ 0.21391, 47.79841 ], [ 0.20774, 47.79473 ] ], [ [ 0.24042, 47.81376 ], [ 0.2369, 47.81246 ], [ 0.23137, 47.8121 ], [ 0.23322, 47.81055 ] ] ] } },
{ "type": "Feature", "properties": { "name": "Ruisseau de la Monnerie", "weight_class": 1, "permanent": true, "length_km": 4.0 }, "geometry": { "type": "LineString", "coordinates": [ [ -0.04788, 47.71849 ], [ -0.03406, 47.71747 ], [ -0.02846, 47.71596 ], [ -0.03098, 47.70989 ], [ -0.03596, 47.70756 ], [ -0.03994, 47.70259 ], [ -0.04263, 47.7012 ], [ -0.04567, 47.70261 ] ] } },
{ "type": "Feature", "properties": { "name": "Ruisseau de la Faucillette", "weight_class": 1, "permanent": true, "length_km": 5.5 }, "geometry": { "type": "LineString", "coordinates": [ [ -0.06163, 47.70587 ], [ -0.06721, 47.70512 ], [ -0.08203, 47.70747 ], [ -0.08459, 47.70546 ], [ -0.08497, 47.70186 ], [ -0.08738, 47.70082 ], [ -0.09369, 47.70002 ], [ -0.10189, 47.70103 ], [ -0.11107, 47.69583 ], [ -0.12152, 47.69416 ] ] } },
{ "type": "Feature", "properties": { "name": "Ruisseau de la Chamuère", "weight_class": 1, "permanent": true, "length_km": 3.1 }, "geometry": { "type": "MultiLineString", "coordinates": [ [ [ -0.19357, 47.72336 ], [ -0.19568, 47.72519 ], [ -0.2022, 47.72519 ] ], [ [ -0.16829, 47.71188 ], [ -0.17123, 47.71194 ], [ -0.1734, 47.71335 ], [ -0.17557, 47.71806 ], [ -0.18149, 47.71914 ], [ -0.18596, 47.71881 ], [ -0.19113, 47.72114 ] ] ] } },
{ "type": "Feature", "properties": { "name": "Ruisseau de la Fontaine du Roulebœuf", "weight_class": 1, "permanent": true, "length_km": 2.3 }, "geometry": { "type": "LineString", "coordinates": [ [ -0.0567, 47.7605 ], [ -0.05802, 47.76265 ], [ -0.0538, 47.76825 ], [ -0.05712, 47.77212 ], [ -0.05369, 47.77861 ] ] } },
{ "type": "Feature", "properties": { "name": null, "weight_class": 1, "permanent": true, "length_km": 2.3 }, "geometry": { "type": "LineString", "coordinates": [ [ -0.13103, 47.81415 ], [ -0.12751, 47.81586 ], [ -0.12383, 47.81624 ], [ -0.12458, 47.82016 ], [ -0.12679, 47.82342 ], [ -0.12379, 47.82583 ], [ -0.11792, 47.82752 ] ] } },
{ "type": "Feature", "properties": { "name": null, "weight_class": 1, "permanent": true, "length_km": 7.0 }, "geometry": { "type": "LineString", "coordinates": [ [ -0.16571, 47.78477 ], [ -0.16657, 47.78706 ], [ -0.17158, 47.78704 ], [ -0.1739, 47.78811 ], [ -0.17435, 47.79105 ], [ -0.17665, 47.7921 ], [ -0.17677, 47.79529 ], [ -0.17517, 47.79814 ], [ -0.16523, 47.80508 ], [ -0.16442, 47.80821 ], [ -0.16074, 47.81286 ], [ -0.16009, 47.81906 ], [ -0.16456, 47.82622 ], [ -0.16858, 47.8275 ], [ -0.17502, 47.82707 ], [ -0.17698, 47.82964 ] ] } },
{ "type": "Feature", "properties": { "name": null, "weight_class": 1, "permanent": false, "length_km": 2.0 }, "geometry": { "type": "LineString", "coordinates": [ [ -0.20388, 47.81119 ], [ -0.21201, 47.80999 ], [ -0.21314, 47.80775 ], [ -0.21936, 47.80554 ], [ -0.22626, 47.80848 ] ] } },
{ "type": "Feature", "properties": { "name": null, "weight_class": 1, "permanent": false, "length_km": 3.8 }, "geometry": { "type": "LineString", "coordinates": [ [ -0.23126, 47.82509 ], [ -0.22841, 47.82298 ], [ -0.23204, 47.82101 ], [ -0.23499, 47.81704 ], [ -0.23125, 47.81033 ], [ -0.23862, 47.80766 ], [ -0.24069, 47.80576 ], [ -0.23484, 47.79894 ] ] } },
{ "type": "Feature", "properties": { "name": null, "weight_class": 1, "permanent": true, "length_km": 5.0 }, "geometry": { "type": "LineString", "coordinates": [ [ -0.2619, 47.83262 ], [ -0.25805, 47.82922 ], [ -0.26088, 47.82763 ], [ -0.2619, 47.82488 ], [ -0.25281, 47.81576 ], [ -0.254, 47.81194 ], [ -0.25717, 47.80828 ], [ -0.24719, 47.80143 ], [ -0.24564, 47.79597 ] ] } },
{ "type": "Feature", "properties": { "name": "le Prémont", "weight_class": 1, "permanent": true, "length_km": 6.0 }, "geometry": { "type": "LineString", "coordinates": [ [ -0.28944, 47.82957 ], [ -0.29126, 47.8234 ], [ -0.29494, 47.82416 ], [ -0.2986, 47.82369 ], [ -0.30005, 47.82245 ], [ -0.30142, 47.82293 ], [ -0.30234, 47.81954 ], [ -0.29974, 47.81575 ], [ -0.30213, 47.80863 ], [ -0.29976, 47.80377 ], [ -0.30975, 47.79619 ], [ -0.31204, 47.79149 ], [ -0.31054, 47.79006 ], [ -0.3112, 47.78962 ] ] } },
{ "type": "Feature", "properties": { "name": null, "weight_class": 1, "permanent": true, "length_km": 4.0 }, "geometry": { "type": "LineString", "coordinates": [ [ -0.02221, 47.79877 ], [ -0.02576, 47.80438 ], [ -0.02944, 47.80585 ], [ -0.03079, 47.80616 ], [ -0.03144, 47.8051 ], [ -0.0328, 47.80634 ], [ -0.03695, 47.80683 ], [ -0.04137, 47.80982 ], [ -0.04339, 47.80997 ], [ -0.04437, 47.80898 ], [ -0.0503, 47.80955 ], [ -0.05246, 47.81182 ], [ -0.05128, 47.81471 ], [ -0.05189, 47.81798 ] ] } },
{ "type": "Feature", "properties": { "name": "le Riboux", "weight_class": 1, "permanent": true, "length_km": 11.4 }, "geometry": { "type": "LineString", "coordinates": [ [ 0.0023, 47.7732 ], [ -0.00046, 47.77414 ], [ -0.00279, 47.77355 ], [ -0.005, 47.77407 ], [ -0.01033, 47.77806 ], [ -0.01599, 47.78055 ], [ -0.03076, 47.78144 ], [ -0.03652, 47.78042 ], [ -0.04158, 47.78133 ], [ -0.04758, 47.77886 ], [ -0.05126, 47.7798 ], [ -0.05362, 47.77861 ], [ -0.05689, 47.7783 ], [ -0.0583, 47.77934 ], [ -0.0623, 47.77823 ], [ -0.06862, 47.78061 ], [ -0.07577, 47.78186 ], [ -0.08339, 47.78812 ], [ -0.08679, 47.79385 ], [ -0.08909, 47.79464 ], [ -0.09064, 47.80022 ], [ -0.08868, 47.80229 ], [ -0.08976, 47.80335 ], [ -0.08844, 47.80408 ], [ -0.09412, 47.8077 ], [ -0.09192, 47.81183 ], [ -0.09246, 47.813 ], [ -0.08988, 47.81378 ] ] } },
{ "type": "Feature", "properties": { "name": null, "weight_class": 1, "permanent": false, "length_km": 3.1 }, "geometry": { "type": "LineString", "coordinates": [ [ -0.05676, 47.79007 ], [ -0.06021, 47.7909 ], [ -0.07249, 47.7984 ], [ -0.07855, 47.80303 ], [ -0.08351, 47.80995 ] ] } },
{ "type": "Feature", "properties": { "name": null, "weight_class": 1, "permanent": true, "length_km": 2.7 }, "geometry": { "type": "LineString", "coordinates": [ [ -0.12603, 47.77968 ], [ -0.11873, 47.78663 ], [ -0.11474, 47.78798 ], [ -0.11413, 47.78938 ], [ -0.10549, 47.79502 ], [ -0.10389, 47.79563 ], [ -0.1025, 47.79501 ] ] } },
{ "type": "Feature", "properties": { "name": "le Coquelival", "weight_class": 1, "permanent": true, "length_km": 3.8 }, "geometry": { "type": "LineString", "coordinates": [ [ -0.10189, 47.77687 ], [ -0.10715, 47.78454 ], [ -0.10761, 47.78855 ], [ -0.10621, 47.79143 ], [ -0.10007, 47.7978 ], [ -0.0941, 47.80765 ] ] } },
{ "type": "Feature", "properties": { "name": null, "weight_class": 1, "permanent": false, "length_km": 2.4 }, "geometry": { "type": "LineString", "coordinates": [ [ -0.18171, 47.80404 ], [ -0.17659, 47.80656 ], [ -0.17234, 47.81189 ], [ -0.1604, 47.81952 ] ] } },
{ "type": "Feature", "properties": { "name": null, "weight_class": 1, "permanent": false, "length_km": 2.3 }, "geometry": { "type": "LineString", "coordinates": [ [ -0.14612, 47.79412 ], [ -0.14679, 47.79615 ], [ -0.15226, 47.79569 ], [ -0.15983, 47.79685 ], [ -0.16224, 47.79898 ], [ -0.16522, 47.7997 ], [ -0.1671, 47.80314 ] ] } },
{ "type": "Feature", "properties": { "name": "la Fontaine sans Fond", "weight_class": 1, "permanent": true, "length_km": 12.9 }, "geometry": { "type": "LineString", "coordinates": [ [ -0.20709, 47.79499 ], [ -0.2263, 47.79694 ], [ -0.23309, 47.79889 ], [ -0.23771, 47.79899 ], [ -0.24193, 47.7981 ], [ -0.25056, 47.79367 ], [ -0.25323, 47.79361 ], [ -0.26444, 47.79035 ], [ -0.27052, 47.7903 ], [ -0.27447, 47.78735 ], [ -0.27748, 47.78673 ], [ -0.28481, 47.78684 ], [ -0.28678, 47.78853 ], [ -0.29157, 47.78945 ], [ -0.29698, 47.7871 ], [ -0.30097, 47.78924 ], [ -0.30899, 47.78981 ], [ -0.31411, 47.78509 ], [ -0.31857, 47.78465 ], [ -0.32193, 47.78096 ], [ -0.32862, 47.7794 ], [ -0.3358, 47.77606 ], [ -0.33567, 47.77273 ], [ -0.34116, 47.76921 ], [ -0.34097, 47.76716 ] ] } },
{ "type": "Feature", "properties": { "name": "Ruisseau de la Fontaine de la Joyère", "weight_class": 1, "permanent": true, "length_km": 4.5 }, "geometry": { "type": "LineString", "coordinates": [ [ -0.22473, 47.78269 ], [ -0.22913, 47.78421 ], [ -0.23907, 47.78147 ], [ -0.24451, 47.78137 ], [ -0.25002, 47.78279 ], [ -0.2586, 47.78237 ], [ -0.26576, 47.78047 ], [ -0.27738, 47.78677 ] ] } },
{ "type": "Feature", "properties": { "name": null, "weight_class": 1, "permanent": true, "length_km": 3.5 }, "geometry": { "type": "LineString", "coordinates": [ [ -0.00876, 47.76259 ], [ -0.00936, 47.76551 ], [ -0.01416, 47.77075 ], [ -0.0313, 47.7725 ], [ -0.03603, 47.77519 ], [ -0.03724, 47.77713 ], [ -0.03584, 47.77858 ], [ -0.03652, 47.78042 ] ] } },
{ "type": "Feature", "properties": { "name": "Ruisseau du Boulay", "weight_class": 1, "permanent": true, "length_km": 6.5 }, "geometry": { "type": "MultiLineString", "coordinates": [ [ [ -0.02069, 47.74547 ], [ -0.02128, 47.74238 ], [ -0.01835, 47.73934 ], [ -0.01853, 47.73616 ], [ -0.01716, 47.73514 ], [ -0.01689, 47.72043 ], [ -0.01529, 47.71769 ], [ -0.01661, 47.71527 ] ], [ [ -0.01661, 47.71527 ], [ -0.01704, 47.71023 ], [ -0.01409, 47.70794 ] ], [ [ -0.01661, 47.71527 ], [ -0.01523, 47.71252 ], [ -0.01294, 47.71111 ], [ -0.01409, 47.70794 ] ], [ [ -0.01409, 47.70794 ], [ -0.01222, 47.70506 ], [ -0.00988, 47.70386 ], [ -0.00999, 47.70251 ] ] ] } },
{ "type": "Feature", "properties": { "name": "le Boir", "weight_class": 1, "permanent": true, "length_km": 8.0 }, "geometry": { "type": "LineString", "coordinates": [ [ -0.07848, 47.74482 ], [ -0.08205, 47.74385 ], [ -0.09139, 47.73336 ], [ -0.09676, 47.72991 ], [ -0.10401, 47.72718 ], [ -0.1062, 47.72533 ], [ -0.10577, 47.72382 ], [ -0.10754, 47.72432 ], [ -0.1098, 47.72187 ], [ -0.10999, 47.71908 ], [ -0.11168, 47.71867 ], [ -0.11352, 47.71511 ], [ -0.11801, 47.71111 ], [ -0.11703, 47.70922 ], [ -0.11528, 47.70914 ], [ -0.1143, 47.70687 ], [ -0.11851, 47.70404 ], [ -0.11884, 47.70153 ], [ -0.1178, 47.70068 ], [ -0.12192, 47.69229 ] ] } },
{ "type": "Feature", "properties": { "name": null, "weight_class": 1, "permanent": true, "length_km": 2.7 }, "geometry": { "type": "LineString", "coordinates": [ [ -0.13771, 47.74135 ], [ -0.14208, 47.74468 ], [ -0.14804, 47.74669 ], [ -0.14824, 47.74755 ], [ -0.15257, 47.74793 ], [ -0.1569, 47.74664 ], [ -0.16006, 47.74979 ], [ -0.16471, 47.75142 ] ] } },
{ "type": "Feature", "properties": { "name": null, "weight_class": 1, "permanent": false, "length_km": 4.1 }, "geometry": { "type": "LineString", "coordinates": [ [ -0.14693, 47.72513 ], [ -0.1434, 47.72876 ], [ -0.14169, 47.72926 ], [ -0.14331, 47.73284 ], [ -0.14617, 47.73554 ], [ -0.15575, 47.73651 ], [ -0.16274, 47.73608 ], [ -0.16773, 47.73942 ], [ -0.17693, 47.74259 ] ] } },
{ "type": "Feature", "properties": { "name": null, "weight_class": 1, "permanent": false, "length_km": 2.7 }, "geometry": { "type": "LineString", "coordinates": [ [ -0.13744, 47.72809 ], [ -0.1279, 47.72937 ], [ -0.12357, 47.72908 ], [ -0.11897, 47.7263 ], [ -0.11019, 47.72357 ], [ -0.11209, 47.72182 ], [ -0.10987, 47.72066 ] ] } },
{ "type": "Feature", "properties": { "name": null, "weight_class": 1, "permanent": true, "length_km": 2.1 }, "geometry": { "type": "LineString", "coordinates": [ [ -0.01729, 47.69746 ], [ -0.02834, 47.69182 ], [ -0.04096, 47.69007 ] ] } },
{ "type": "Feature", "properties": { "name": null, "weight_class": 1, "permanent": true, "length_km": 4.7 }, "geometry": { "type": "LineString", "coordinates": [ [ -0.05263, 47.67949 ], [ -0.05797, 47.68515 ], [ -0.06011, 47.68564 ], [ -0.06158, 47.68719 ], [ -0.06641, 47.68643 ], [ -0.07577, 47.68731 ], [ -0.08569, 47.69162 ], [ -0.0989, 47.68197 ] ] } },
{ "type": "Feature", "properties": { "name": "le Mélinais/Ruisseau de Mélinais", "weight_class": 1, "permanent": true, "length_km": 7.3 }, "geometry": { "type": "LineString", "coordinates": [ [ -0.0372, 47.64609 ], [ -0.03723, 47.64691 ], [ -0.04361, 47.64806 ], [ -0.05466, 47.64849 ], [ -0.05989, 47.65096 ], [ -0.06525, 47.65529 ], [ -0.07109, 47.65546 ], [ -0.07231, 47.6604 ], [ -0.08174, 47.66594 ], [ -0.09134, 47.66859 ], [ -0.09268, 47.67182 ], [ -0.09596, 47.673 ], [ -0.09886, 47.67671 ], [ -0.10145, 47.67701 ], [ -0.10027, 47.67887 ], [ -0.10136, 47.68047 ] ] } },
{ "type": "Feature", "properties": { "name": null, "weight_class": 1, "permanent": false, "length_km": 2.2 }, "geometry": { "type": "LineString", "coordinates": [ [ -0.14591, 47.69249 ], [ -0.14983, 47.6936 ], [ -0.15392, 47.69315 ], [ -0.15965, 47.69046 ], [ -0.16281, 47.68667 ], [ -0.16461, 47.68617 ], [ -0.16658, 47.68752 ], [ -0.16757, 47.68706 ] ] } },
{ "type": "Feature", "properties": { "name": "le Verdun", "weight_class": 1, "permanent": true, "length_km": 6.2 }, "geometry": { "type": "LineString", "coordinates": [ [ -0.14784, 47.63574 ], [ -0.15265, 47.64211 ], [ -0.15933, 47.64718 ], [ -0.15957, 47.64872 ], [ -0.16363, 47.64995 ], [ -0.16716, 47.65462 ], [ -0.17221, 47.65572 ], [ -0.17596, 47.658 ], [ -0.17917, 47.65633 ], [ -0.18278, 47.6559 ], [ -0.18609, 47.65901 ], [ -0.19003, 47.65793 ], [ -0.19558, 47.65996 ], [ -0.19505, 47.66159 ] ] } },
{ "type": "Feature", "properties": { "name": null, "weight_class": 1, "permanent": false, "length_km": 3.0 }, "geometry": { "type": "LineString", "coordinates": [ [ -0.27848, 47.82589 ], [ -0.28153, 47.82217 ], [ -0.27997, 47.82015 ], [ -0.27424, 47.81952 ], [ -0.26856, 47.81761 ], [ -0.26299, 47.81134 ], [ -0.25717, 47.80828 ] ] } },
{ "type": "Feature", "properties": { "name": null, "weight_class": 1, "permanent": false, "length_km": 2.4 }, "geometry": { "type": "LineString", "coordinates": [ [ -0.09992, 47.76863 ], [ -0.10325, 47.76769 ], [ -0.11005, 47.768 ], [ -0.1177, 47.76561 ], [ -0.1208, 47.76587 ], [ -0.12677, 47.76216 ] ] } },
{ "type": "Feature", "properties": { "name": "l'Argance", "weight_class": 1, "permanent": true, "length_km": 15.1 }, "geometry": { "type": "LineString", "coordinates": [ [ -0.09809, 47.75524 ], [ -0.10121, 47.75589 ], [ -0.10573, 47.75314 ], [ -0.10988, 47.75231 ], [ -0.11615, 47.75485 ], [ -0.12648, 47.7621 ], [ -0.15226, 47.76389 ], [ -0.15873, 47.75932 ], [ -0.16365, 47.7572 ], [ -0.16486, 47.75104 ], [ -0.17072, 47.7483 ], [ -0.17447, 47.74368 ], [ -0.18194, 47.73948 ], [ -0.18653, 47.74013 ], [ -0.18771, 47.73956 ], [ -0.19245, 47.73047 ], [ -0.19967, 47.72782 ], [ -0.20204, 47.72617 ], [ -0.20307, 47.72376 ], [ -0.20572, 47.7225 ], [ -0.20827, 47.72243 ], [ -0.21421, 47.71777 ], [ -0.21858, 47.71696 ], [ -0.22222, 47.71382 ], [ -0.22424, 47.71347 ], [ -0.23102, 47.70919 ], [ -0.23319, 47.70737 ], [ -0.23423, 47.70359 ] ] } },
{ "type": "Feature", "properties": { "name": null, "weight_class": 1, "permanent": false, "length_km": 2.6 }, "geometry": { "type": "LineString", "coordinates": [ [ -0.15258, 47.77437 ], [ -0.15654, 47.77282 ], [ -0.16353, 47.77312 ], [ -0.16906, 47.76903 ], [ -0.16616, 47.75975 ] ] } },
{ "type": "Feature", "properties": { "name": null, "weight_class": 1, "permanent": true, "length_km": 3.3 }, "geometry": { "type": "LineString", "coordinates": [ [ -0.19697, 47.75447 ], [ -0.20387, 47.75252 ], [ -0.20549, 47.7504 ], [ -0.20494, 47.74923 ], [ -0.20161, 47.74714 ], [ -0.18598, 47.74628 ], [ -0.18388, 47.74225 ], [ -0.1848, 47.73996 ] ] } },
{ "type": "Feature", "properties": { "name": null, "weight_class": 1, "permanent": false, "length_km": 2.7 }, "geometry": { "type": "LineString", "coordinates": [ [ -0.19715, 47.77152 ], [ -0.20417, 47.77185 ], [ -0.21054, 47.7704 ], [ -0.21915, 47.77094 ], [ -0.22284, 47.768 ], [ -0.22989, 47.76805 ] ] } },
{ "type": "Feature", "properties": { "name": null, "weight_class": 1, "permanent": false, "length_km": 2.7 }, "geometry": { "type": "LineString", "coordinates": [ [ -0.24, 47.75076 ], [ -0.2457, 47.75086 ], [ -0.25087, 47.74705 ], [ -0.25538, 47.74771 ], [ -0.26397, 47.75088 ], [ -0.26593, 47.75522 ] ] } },
{ "type": "Feature", "properties": { "name": "Ruisseau des Plesses", "weight_class": 1, "permanent": false, "length_km": 4.2 }, "geometry": { "type": "LineString", "coordinates": [ [ -0.30256, 47.74697 ], [ -0.30402, 47.74999 ], [ -0.30935, 47.75069 ], [ -0.31131, 47.75174 ], [ -0.31391, 47.7558 ], [ -0.32134, 47.755 ], [ -0.32745, 47.75702 ], [ -0.33423, 47.7579 ], [ -0.34362, 47.76359 ] ] } },
{ "type": "Feature", "properties": { "name": null, "weight_class": 1, "permanent": false, "length_km": 3.8 }, "geometry": { "type": "LineString", "coordinates": [ [ -0.15508, 47.7236 ], [ -0.15662, 47.72513 ], [ -0.15541, 47.72954 ], [ -0.15726, 47.73142 ], [ -0.16325, 47.73128 ], [ -0.17403, 47.73566 ], [ -0.17971, 47.73405 ], [ -0.1838, 47.73408 ], [ -0.18567, 47.733 ], [ -0.18837, 47.73351 ], [ -0.18985, 47.73501 ] ] } },
{ "type": "Feature", "properties": { "name": null, "weight_class": 1, "permanent": true, "length_km": 4.9 }, "geometry": { "type": "LineString", "coordinates": [ [ -0.21915, 47.74795 ], [ -0.23754, 47.73163 ], [ -0.23156, 47.73062 ], [ -0.22815, 47.727 ], [ -0.22179, 47.72468 ], [ -0.21576, 47.71763 ] ] } },
{ "type": "Feature", "properties": { "name": null, "weight_class": 1, "permanent": false, "length_km": 2.5 }, "geometry": { "type": "LineString", "coordinates": [ [ -0.26528, 47.73261 ], [ -0.27814, 47.73143 ], [ -0.28048, 47.72675 ], [ -0.28419, 47.7266 ], [ -0.28868, 47.72447 ], [ -0.28959, 47.72212 ] ] } },
{ "type": "Feature", "properties": { "name": null, "weight_class": 1, "permanent": false, "length_km": 2.0 }, "geometry": { "type": "LineString", "coordinates": [ [ -0.26334, 47.72373 ], [ -0.26566, 47.72453 ], [ -0.27423, 47.72343 ], [ -0.28174, 47.71997 ], [ -0.28727, 47.71912 ] ] } },
{ "type": "Feature", "properties": { "name": "le Leuray", "weight_class": 1, "permanent": true, "length_km": 9.6 }, "geometry": { "type": "LineString", "coordinates": [ [ -0.01604, 47.64004 ], [ -0.01897, 47.64304 ], [ -0.01661, 47.6481 ], [ -0.01919, 47.65254 ], [ -0.0056, 47.66942 ], [ -0.00694, 47.67491 ], [ -0.011, 47.67754 ], [ -0.00961, 47.68161 ], [ -0.01054, 47.68528 ], [ -0.01323, 47.68829 ], [ -0.01277, 47.69128 ], [ -0.01614, 47.69473 ], [ -0.01751, 47.69909 ], [ -0.01944, 47.70001 ], [ -0.02921, 47.69694 ], [ -0.03741, 47.69183 ], [ -0.03981, 47.69126 ] ] } },
{ "type": "Feature", "properties": { "name": null, "weight_class": 1, "permanent": false, "length_km": 2.6 }, "geometry": { "type": "LineString", "coordinates": [ [ -0.13305, 47.70788 ], [ -0.1278, 47.69919 ], [ -0.13312, 47.69605 ], [ -0.12504, 47.69349 ], [ -0.12305, 47.69191 ] ] } },
{ "type": "Feature", "properties": { "name": null, "weight_class": 1, "permanent": false, "length_km": 2.9 }, "geometry": { "type": "LineString", "coordinates": [ [ -0.15605, 47.71399 ], [ -0.15191, 47.71125 ], [ -0.15172, 47.71011 ], [ -0.15536, 47.70591 ], [ -0.15756, 47.70499 ], [ -0.15761, 47.70388 ], [ -0.15339, 47.69982 ], [ -0.15396, 47.69814 ], [ -0.15106, 47.69363 ] ] } },
{ "type": "Feature", "properties": { "name": null, "weight_class": 1, "permanent": false, "length_km": 2.7 }, "geometry": { "type": "LineString", "coordinates": [ [ -0.18294, 47.70186 ], [ -0.18339, 47.70048 ], [ -0.17609, 47.69588 ], [ -0.17684, 47.69431 ], [ -0.17447, 47.69158 ], [ -0.17635, 47.68881 ], [ -0.1785, 47.68824 ], [ -0.18025, 47.6861 ], [ -0.17712, 47.6831 ] ] } },
{ "type": "Feature", "properties": { "name": "Ruisseau du Gravier", "weight_class": 2, "permanent": true, "length_km": 2.6 }, "geometry": { "type": "LineString", "coordinates": [ [ -0.34768, 47.79458 ], [ -0.36438, 47.79096 ], [ -0.37148, 47.79134 ], [ -0.38062, 47.79024 ] ] } },
{ "type": "Feature", "properties": { "name": null, "weight_class": 1, "permanent": false, "length_km": 2.4 }, "geometry": { "type": "LineString", "coordinates": [ [ -0.43624, 47.83337 ], [ -0.42073, 47.83011 ], [ -0.41263, 47.83167 ], [ -0.40956, 47.83048 ], [ -0.40859, 47.83088 ] ] } },
{ "type": "Feature", "properties": { "name": null, "weight_class": 1, "permanent": false, "length_km": 2.9 }, "geometry": { "type": "LineString", "coordinates": [ [ -0.37246, 47.82327 ], [ -0.37684, 47.82331 ], [ -0.38371, 47.82186 ], [ -0.38725, 47.81869 ], [ -0.38801, 47.81274 ], [ -0.38566, 47.80463 ] ] } },
{ "type": "Feature", "properties": { "name": null, "weight_class": 1, "permanent": false, "length_km": 2.2 }, "geometry": { "type": "LineString", "coordinates": [ [ -0.43306, 47.81904 ], [ -0.42952, 47.82144 ], [ -0.42397, 47.81953 ], [ -0.42007, 47.82107 ], [ -0.41473, 47.82078 ], [ -0.41093, 47.82427 ] ] } },
{ "type": "Feature", "properties": { "name": "les Vallées", "weight_class": 1, "permanent": true, "length_km": 3.9 }, "geometry": { "type": "LineString", "coordinates": [ [ -0.43345, 47.80905 ], [ -0.42919, 47.80661 ], [ -0.41702, 47.80255 ], [ -0.39818, 47.80587 ], [ -0.391, 47.80476 ], [ -0.38818, 47.80553 ] ] } },
{ "type": "Feature", "properties": { "name": "la Voutonne", "weight_class": 1, "permanent": true, "length_km": 16.0 }, "geometry": { "type": "LineString", "coordinates": [ [ -0.22056, 47.76324 ], [ -0.22427, 47.76375 ], [ -0.22765, 47.76693 ], [ -0.23249, 47.76916 ], [ -0.2408, 47.76882 ], [ -0.24715, 47.76993 ], [ -0.24961, 47.76851 ], [ -0.25165, 47.76206 ], [ -0.25623, 47.75698 ], [ -0.26207, 47.75659 ], [ -0.26813, 47.75438 ], [ -0.26936, 47.7557 ], [ -0.27911, 47.75682 ], [ -0.28371, 47.75925 ], [ -0.29409, 47.76214 ], [ -0.29904, 47.76523 ], [ -0.30471, 47.76542 ], [ -0.30979, 47.7684 ], [ -0.31763, 47.76862 ], [ -0.3275, 47.76698 ], [ -0.33502, 47.76801 ], [ -0.34064, 47.76733 ], [ -0.34414, 47.76314 ], [ -0.35046, 47.76253 ], [ -0.35049, 47.76177 ], [ -0.35216, 47.76167 ], [ -0.35229, 47.75967 ], [ -0.35474, 47.75739 ], [ -0.36079, 47.75498 ], [ -0.36459, 47.75523 ], [ -0.37127, 47.75944 ], [ -0.37459, 47.75982 ], [ -0.37547, 47.76069 ], [ -0.38072, 47.75991 ], [ -0.38177, 47.76073 ] ] } },
{ "type": "Feature", "properties": { "name": "Ruisseau de la Villette", "weight_class": 1, "permanent": true, "length_km": 2.5 }, "geometry": { "type": "LineString", "coordinates": [ [ 0.55136, 47.65909 ], [ 0.54991, 47.65928 ], [ 0.54381, 47.65651 ], [ 0.53704, 47.65713 ], [ 0.53359, 47.65543 ], [ 0.52709, 47.65477 ], [ 0.52219, 47.65317 ] ] } },
{ "type": "Feature", "properties": { "name": "Ruisseau de la Fontaine d'Enfer", "weight_class": 1, "permanent": true, "length_km": 3.1 }, "geometry": { "type": "LineString", "coordinates": [ [ 0.30785, 47.66758 ], [ 0.30425, 47.66763 ], [ 0.30395, 47.66864 ], [ 0.30189, 47.66904 ], [ 0.291, 47.66894 ], [ 0.29056, 47.66746 ], [ 0.28597, 47.66767 ], [ 0.28292, 47.6662 ], [ 0.27855, 47.66585 ], [ 0.27468, 47.66318 ] ] } },
{ "type": "Feature", "properties": { "name": "Ruisseau de la Fontaine d'Enfer", "weight_class": 1, "permanent": true, "length_km": 2.5 }, "geometry": { "type": "LineString", "coordinates": [ [ 0.29493, 47.66464 ], [ 0.29173, 47.66461 ], [ 0.28556, 47.66273 ], [ 0.28553, 47.66328 ], [ 0.28328, 47.6627 ], [ 0.27824, 47.66334 ], [ 0.27048, 47.66241 ], [ 0.26586, 47.66317 ], [ 0.26565, 47.66418 ] ] } },
{ "type": "Feature", "properties": { "name": "Ruisseau le Brûle-Choux", "weight_class": 1, "permanent": true, "length_km": 3.7 }, "geometry": { "type": "LineString", "coordinates": [ [ 0.24267, 47.61068 ], [ 0.23944, 47.61526 ], [ 0.23882, 47.6196 ], [ 0.2333, 47.62326 ], [ 0.22766, 47.63036 ], [ 0.22645, 47.63445 ], [ 0.22925, 47.63655 ], [ 0.22817, 47.63787 ] ] } },
{ "type": "Feature", "properties": { "name": "Rivière la Fare", "weight_class": 1, "permanent": true, "length_km": 7.8 }, "geometry": { "type": "MultiLineString", "coordinates": [ [ [ 0.25531, 47.64004 ], [ 0.25649, 47.64173 ], [ 0.25381, 47.64369 ], [ 0.25098, 47.64465 ], [ 0.24854, 47.64321 ] ], [ [ 0.27232, 47.6363 ], [ 0.26937, 47.63508 ], [ 0.26395, 47.63703 ], [ 0.25724, 47.63641 ], [ 0.2552, 47.63765 ], [ 0.2554, 47.63984 ] ], [ [ 0.29288, 47.62398 ], [ 0.29367, 47.62902 ], [ 0.29094, 47.63098 ] ], [ [ 0.29381, 47.62213 ], [ 0.29308, 47.62368 ] ], [ [ 0.30316, 47.61847 ], [ 0.29696, 47.61932 ], [ 0.29371, 47.62163 ], [ 0.29381, 47.62213 ] ], [ [ 0.30316, 47.61847 ], [ 0.29381, 47.62213 ] ], [ [ 0.30812, 47.61732 ], [ 0.30467, 47.6174 ], [ 0.30316, 47.61847 ] ], [ [ 0.32282, 47.59467 ], [ 0.32552, 47.59814 ], [ 0.32331, 47.59967 ], [ 0.3208, 47.59952 ] ] ] } },
{ "type": "Feature", "properties": { "name": "l'Escotais", "weight_class": 2, "permanent": true, "length_km": 5.1 }, "geometry": { "type": "LineString", "coordinates": [ [ 0.47672, 47.64344 ], [ 0.4752, 47.64571 ], [ 0.47626, 47.64784 ], [ 0.47638, 47.6562 ], [ 0.47546, 47.65605 ], [ 0.47298, 47.66209 ], [ 0.4732, 47.66566 ], [ 0.46891, 47.66859 ], [ 0.46854, 47.67387 ], [ 0.46357, 47.67698 ], [ 0.46519, 47.68088 ] ] } },
{ "type": "Feature", "properties": { "name": "le Long ou la Vandœuvre", "weight_class": 1, "permanent": true, "length_km": 5.6 }, "geometry": { "type": "LineString", "coordinates": [ [ 0.52219, 47.65317 ], [ 0.512, 47.65901 ], [ 0.50255, 47.66101 ], [ 0.49958, 47.65949 ], [ 0.49317, 47.66237 ], [ 0.48274, 47.66398 ], [ 0.47441, 47.66751 ], [ 0.47313, 47.6668 ], [ 0.46939, 47.66831 ] ] } },
{ "type": "Feature", "properties": { "name": null, "weight_class": 1, "permanent": false, "length_km": 4.2 }, "geometry": { "type": "LineString", "coordinates": [ [ 0.42533, 47.64089 ], [ 0.43156, 47.64394 ], [ 0.43506, 47.64774 ], [ 0.43422, 47.64977 ], [ 0.43219, 47.65081 ], [ 0.42796, 47.65112 ], [ 0.42584, 47.65281 ], [ 0.42187, 47.65267 ], [ 0.41826, 47.65433 ], [ 0.40664, 47.65443 ], [ 0.40134, 47.65246 ] ] } },
{ "type": "Feature", "properties": { "name": "Ruisseau de la Pérauderie", "weight_class": 1, "permanent": true, "length_km": 4.7 }, "geometry": { "type": "MultiLineString", "coordinates": [ [ [ 0.39623, 47.64014 ], [ 0.3961, 47.64261 ], [ 0.3986, 47.64447 ], [ 0.40054, 47.64867 ], [ 0.39993, 47.65054 ], [ 0.40163, 47.65234 ], [ 0.39742, 47.65279 ], [ 0.39535, 47.65505 ], [ 0.39762, 47.66003 ], [ 0.39706, 47.66733 ], [ 0.39793, 47.66842 ] ], [ [ 0.40942, 47.62976 ], [ 0.40811, 47.63295 ], [ 0.40306, 47.63442 ] ] ] } },
{ "type": "Feature", "properties": { "name": null, "weight_class": 1, "permanent": false, "length_km": 5.8 }, "geometry": { "type": "LineString", "coordinates": [ [ 0.37855, 47.63639 ], [ 0.38226, 47.64083 ], [ 0.38265, 47.64331 ], [ 0.38084, 47.64515 ], [ 0.38261, 47.6489 ], [ 0.38034, 47.65514 ], [ 0.37929, 47.65553 ], [ 0.38019, 47.65776 ], [ 0.37642, 47.65944 ], [ 0.37597, 47.6621 ], [ 0.37303, 47.66226 ], [ 0.37251, 47.66309 ], [ 0.36944, 47.66241 ], [ 0.36745, 47.66345 ], [ 0.36442, 47.6671 ], [ 0.36066, 47.66937 ], [ 0.35582, 47.66642 ], [ 0.35159, 47.66544 ] ] } },
{ "type": "Feature", "properties": { "name": null, "weight_class": 1, "permanent": false, "length_km": 2.7 }, "geometry": { "type": "LineString", "coordinates": [ [ 0.34908, 47.63533 ], [ 0.34706, 47.63991 ], [ 0.34493, 47.63981 ], [ 0.34242, 47.64638 ], [ 0.34055, 47.6477 ], [ 0.34184, 47.64899 ], [ 0.34116, 47.65125 ], [ 0.34419, 47.6526 ], [ 0.34285, 47.65366 ] ] } },
{ "type": "Feature", "properties": { "name": null, "weight_class": 1, "permanent": false, "length_km": 3.2 }, "geometry": { "type": "LineString", "coordinates": [ [ 0.35747, 47.63205 ], [ 0.35782, 47.63426 ], [ 0.35603, 47.63777 ], [ 0.35185, 47.63895 ], [ 0.34688, 47.64269 ], [ 0.34622, 47.65231 ], [ 0.34825, 47.65532 ] ] } },
{ "type": "Feature", "properties": { "name": null, "weight_class": 1, "permanent": true, "length_km": 2.5 }, "geometry": { "type": "LineString", "coordinates": [ [ 0.27022, 47.6668 ], [ 0.2684, 47.66784 ], [ 0.25635, 47.66531 ], [ 0.25125, 47.66139 ], [ 0.24647, 47.66003 ], [ 0.24587, 47.65811 ] ] } },
{ "type": "Feature", "properties": { "name": null, "weight_class": 1, "permanent": true, "length_km": 5.9 }, "geometry": { "type": "LineString", "coordinates": [ [ 0.36493, 47.65596 ], [ 0.35909, 47.65396 ], [ 0.35071, 47.65546 ], [ 0.33801, 47.65339 ], [ 0.32996, 47.6553 ], [ 0.32209, 47.6555 ], [ 0.31662, 47.65687 ], [ 0.31017, 47.65699 ], [ 0.30892, 47.65582 ], [ 0.30672, 47.6557 ], [ 0.29593, 47.65768 ] ] } },
{ "type": "Feature", "properties": { "name": "la Fare", "weight_class": 1, "permanent": true, "length_km": 12.0 }, "geometry": { "type": "LineString", "coordinates": [ [ 0.32203, 47.59472 ], [ 0.32418, 47.59784 ], [ 0.32038, 47.6004 ], [ 0.31847, 47.60059 ], [ 0.31832, 47.60154 ], [ 0.31945, 47.60149 ], [ 0.31866, 47.6039 ], [ 0.31723, 47.6044 ], [ 0.31765, 47.60561 ], [ 0.31524, 47.60663 ], [ 0.31442, 47.61055 ], [ 0.31107, 47.61248 ], [ 0.3114, 47.61335 ], [ 0.30961, 47.61366 ], [ 0.30854, 47.617 ], [ 0.30592, 47.61886 ], [ 0.30017, 47.62057 ], [ 0.29681, 47.62315 ], [ 0.29179, 47.62461 ], [ 0.29213, 47.62851 ], [ 0.29057, 47.63009 ], [ 0.29116, 47.63149 ], [ 0.28973, 47.63444 ], [ 0.2771, 47.6361 ], [ 0.27564, 47.63709 ], [ 0.27114, 47.63625 ], [ 0.26183, 47.63763 ], [ 0.25843, 47.63661 ], [ 0.2544, 47.64211 ], [ 0.2524, 47.64309 ], [ 0.24451, 47.64359 ], [ 0.24302, 47.64497 ], [ 0.23828, 47.64585 ], [ 0.23569, 47.64496 ], [ 0.23409, 47.64531 ] ] } },
{ "type": "Feature", "properties": { "name": null, "weight_class": 1, "permanent": false, "length_km": 2.8 }, "geometry": { "type": "LineString", "coordinates": [ [ 0.44558, 47.62809 ], [ 0.44521, 47.62972 ], [ 0.44116, 47.63044 ], [ 0.44079, 47.63585 ], [ 0.4385, 47.63817 ], [ 0.4378, 47.64119 ], [ 0.43661, 47.64136 ], [ 0.4359, 47.64397 ], [ 0.43721, 47.64558 ], [ 0.43506, 47.64774 ] ] } },
{ "type": "Feature", "properties": { "name": null, "weight_class": 1, "permanent": false, "length_km": 2.2 }, "geometry": { "type": "LineString", "coordinates": [ [ 0.42739, 47.62171 ], [ 0.43105, 47.62528 ], [ 0.42914, 47.6274 ], [ 0.43867, 47.63787 ] ] } },
{ "type": "Feature", "properties": { "name": null, "weight_class": 1, "permanent": true, "length_km": 3.6 }, "geometry": { "type": "LineString", "coordinates": [ [ 0.35434, 47.61076 ], [ 0.3514, 47.61105 ], [ 0.34434, 47.61548 ], [ 0.32904, 47.60586 ], [ 0.32508, 47.60589 ], [ 0.31876, 47.60375 ] ] } },
{ "type": "Feature", "properties": { "name": "la Maulne", "weight_class": 2, "permanent": true, "length_km": 2.4 }, "geometry": { "type": "LineString", "coordinates": [ [ 0.20195, 47.61552 ], [ 0.20161, 47.61877 ], [ 0.20638, 47.62164 ], [ 0.20715, 47.62768 ], [ 0.2099, 47.62936 ], [ 0.2117, 47.63259 ] ] } },
{ "type": "Feature", "properties": { "name": null, "weight_class": 1, "permanent": false, "length_km": 2.8 }, "geometry": { "type": "LineString", "coordinates": [ [ 0.35874, 47.59544 ], [ 0.3471, 47.59097 ], [ 0.3395, 47.59059 ], [ 0.33447, 47.5923 ], [ 0.32916, 47.59097 ], [ 0.32548, 47.59207 ] ] } },
{ "type": "Feature", "properties": { "name": "l'Ardillière", "weight_class": 1, "permanent": true, "length_km": 3.7 }, "geometry": { "type": "LineString", "coordinates": [ [ 0.37516, 47.56915 ], [ 0.37599, 47.5704 ], [ 0.37123, 47.57066 ], [ 0.36952, 47.57248 ], [ 0.36209, 47.57518 ], [ 0.35875, 47.57451 ], [ 0.35393, 47.57693 ], [ 0.35293, 47.57626 ], [ 0.3482, 47.5768 ], [ 0.3415, 47.57959 ], [ 0.33952, 47.57946 ] ] } },
{ "type": "Feature", "properties": { "name": null, "weight_class": 1, "permanent": false, "length_km": 2.2 }, "geometry": { "type": "LineString", "coordinates": [ [ 0.38455, 47.67341 ], [ 0.37235, 47.67456 ], [ 0.35946, 47.6716 ], [ 0.35828, 47.67269 ] ] } },
{ "type": "Feature", "properties": { "name": null, "weight_class": 1, "permanent": false, "length_km": 2.1 }, "geometry": { "type": "LineString", "coordinates": [ [ 0.32882, 47.63421 ], [ 0.33068, 47.63832 ], [ 0.33303, 47.64038 ], [ 0.33392, 47.64396 ], [ 0.34104, 47.6498 ] ] } },
{ "type": "Feature", "properties": { "name": null, "weight_class": 1, "permanent": false, "length_km": 5.2 }, "geometry": { "type": "LineString", "coordinates": [ [ 0.06108, 47.64838 ], [ 0.06556, 47.65261 ], [ 0.07397, 47.65535 ], [ 0.08186, 47.66127 ], [ 0.09137, 47.66507 ], [ 0.09825, 47.67164 ], [ 0.10075, 47.67799 ], [ 0.10659, 47.67807 ] ] } },
{ "type": "Feature", "properties": { "name": null, "weight_class": 1, "permanent": false, "length_km": 2.2 }, "geometry": { "type": "LineString", "coordinates": [ [ 0.18137, 47.66086 ], [ 0.182, 47.6625 ], [ 0.17818, 47.66673 ], [ 0.17886, 47.66761 ], [ 0.17547, 47.66964 ], [ 0.17005, 47.67108 ], [ 0.16394, 47.67114 ] ] } },
{ "type": "Feature", "properties": { "name": "la Marconne", "weight_class": 1, "permanent": true, "length_km": 9.2 }, "geometry": { "type": "LineString", "coordinates": [ [ 0.14616, 47.58101 ], [ 0.1443, 47.58347 ], [ 0.14594, 47.58518 ], [ 0.14587, 47.58967 ], [ 0.14501, 47.59168 ], [ 0.14341, 47.59242 ], [ 0.14439, 47.59939 ], [ 0.15392, 47.6066 ], [ 0.15561, 47.60627 ], [ 0.15911, 47.61211 ], [ 0.16377, 47.61442 ], [ 0.17004, 47.62044 ], [ 0.17825, 47.62556 ], [ 0.1787, 47.62712 ], [ 0.17771, 47.62752 ], [ 0.1798, 47.62917 ], [ 0.18024, 47.63303 ], [ 0.18252, 47.63641 ], [ 0.18066, 47.638 ], [ 0.18064, 47.63994 ], [ 0.17911, 47.63976 ], [ 0.17707, 47.64181 ] ] } },
{ "type": "Feature", "properties": { "name": null, "weight_class": 1, "permanent": false, "length_km": 3.2 }, "geometry": { "type": "LineString", "coordinates": [ [ 0.0969, 47.64098 ], [ 0.09786, 47.64211 ], [ 0.09733, 47.64572 ], [ 0.10112, 47.65065 ], [ 0.09886, 47.65507 ], [ 0.09407, 47.65891 ], [ 0.09323, 47.66652 ] ] } },
{ "type": "Feature", "properties": { "name": null, "weight_class": 1, "permanent": false, "length_km": 4.4 }, "geometry": { "type": "LineString", "coordinates": [ [ 0.1013, 47.63508 ], [ 0.10712, 47.63766 ], [ 0.11186, 47.63823 ], [ 0.11696, 47.64077 ], [ 0.12089, 47.64498 ], [ 0.11917, 47.65033 ], [ 0.11373, 47.65627 ], [ 0.11464, 47.65913 ], [ 0.11325, 47.66039 ], [ 0.11286, 47.66362 ], [ 0.1138, 47.6642 ] ] } },
{ "type": "Feature", "properties": { "name": "la Vésotière", "weight_class": 1, "permanent": true, "length_km": 6.9 }, "geometry": { "type": "LineString", "coordinates": [ [ 0.04928, 47.60782 ], [ 0.05066, 47.61002 ], [ 0.04903, 47.61149 ], [ 0.05283, 47.61802 ], [ 0.05702, 47.62031 ], [ 0.05826, 47.63051 ], [ 0.05699, 47.63158 ], [ 0.0532, 47.63218 ], [ 0.05107, 47.63486 ], [ 0.04738, 47.63497 ], [ 0.04468, 47.63775 ], [ 0.03587, 47.63874 ], [ 0.03266, 47.64125 ], [ 0.03058, 47.64132 ], [ 0.0304, 47.6427 ], [ 0.02748, 47.64412 ] ] } },
{ "type": "Feature", "properties": { "name": "la Pagerie", "weight_class": 1, "permanent": true, "length_km": 3.3 }, "geometry": { "type": "LineString", "coordinates": [ [ -0.08429, 47.64274 ], [ -0.08766, 47.64514 ], [ -0.0898, 47.6494 ], [ -0.08449, 47.6571 ], [ -0.08639, 47.65935 ], [ -0.08622, 47.66173 ], [ -0.09077, 47.66493 ], [ -0.08945, 47.66777 ] ] } },
{ "type": "Feature", "properties": { "name": "Bras de la Marconne", "weight_class": 1, "permanent": false, "length_km": 5.4 }, "geometry": { "type": "MultiLineString", "coordinates": [ [ [ 0.14416, 47.59218 ], [ 0.14627, 47.59697 ], [ 0.14443, 47.5979 ], [ 0.14539, 47.59845 ], [ 0.14462, 47.5989 ], [ 0.1511, 47.60196 ], [ 0.15209, 47.60454 ], [ 0.15405, 47.60478 ], [ 0.15551, 47.60625 ] ], [ [ 0.16804, 47.61829 ], [ 0.16741, 47.61865 ], [ 0.17144, 47.62279 ], [ 0.17286, 47.62268 ], [ 0.17808, 47.62738 ] ], [ [ 0.18032, 47.63314 ], [ 0.18145, 47.63223 ], [ 0.18297, 47.63295 ], [ 0.18441, 47.63513 ], [ 0.18442, 47.63885 ], [ 0.18095, 47.63935 ] ] ] } },
{ "type": "Feature", "properties": { "name": null, "weight_class": 1, "permanent": true, "length_km": 4.8 }, "geometry": { "type": "LineString", "coordinates": [ [ -0.10547, 47.65339 ], [ -0.11063, 47.64932 ], [ -0.11705, 47.64752 ], [ -0.12309, 47.64872 ], [ -0.12982, 47.64789 ], [ -0.13621, 47.64984 ], [ -0.14592, 47.64702 ], [ -0.15175, 47.64707 ], [ -0.15671, 47.64885 ], [ -0.15951, 47.64863 ] ] } },
{ "type": "Feature", "properties": { "name": "le Bian de Marcé", "weight_class": 1, "permanent": true, "length_km": 3.5 }, "geometry": { "type": "LineString", "coordinates": [ [ 0.51141, 48.07666 ], [ 0.5084, 48.07504 ], [ 0.50027, 48.07465 ], [ 0.49806, 48.07316 ], [ 0.49633, 48.07324 ], [ 0.4928, 48.06933 ], [ 0.49029, 48.07017 ], [ 0.48715, 48.06812 ], [ 0.48449, 48.06915 ], [ 0.48059, 48.06786 ], [ 0.47996, 48.06682 ] ] } },
{ "type": "Feature", "properties": { "name": "le Baudron", "weight_class": 1, "permanent": false, "length_km": 2.1 }, "geometry": { "type": "LineString", "coordinates": [ [ 0.43579, 47.70345 ], [ 0.43409, 47.70467 ], [ 0.42952, 47.69833 ], [ 0.42588, 47.698 ], [ 0.41654, 47.69489 ] ] } }
]
}
