{
"type": "FeatureCollection",
"name": "dep87_overview.geojson",
"crs": { "type": "name", "properties": { "name": "urn:ogc:def:crs:OGC:1.3:CRS84" } },
"xy_coordinate_resolution": 1e-05,
"features": [
{ "type": "Feature", "properties": { "name": "la Benaize", "weight_class": 1, "permanent": true, "length_km": 38.5 }, "geometry": { "type": "MultiLineString", "coordinates": [ [ [ 1.17683, 46.38431 ], [ 1.17387, 46.38534 ], [ 1.17063, 46.38461 ], [ 1.16578, 46.38813 ], [ 1.15961, 46.3904 ], [ 1.15705, 46.38924 ] ], [ [ 1.42347, 46.28884 ], [ 1.41857, 46.28953 ], [ 1.41247, 46.28882 ], [ 1.40475, 46.29246 ], [ 1.40115, 46.29235 ], [ 1.39754, 46.29392 ], [ 1.39528, 46.29357 ], [ 1.38846, 46.29942 ], [ 1.3869, 46.30207 ], [ 1.38777, 46.30374 ], [ 1.38504, 46.3046 ], [ 1.37825, 46.30416 ], [ 1.37346, 46.30681 ], [ 1.36839, 46.30781 ], [ 1.36588, 46.30635 ], [ 1.36362, 46.30663 ], [ 1.36148, 46.30795 ], [ 1.34771, 46.31165 ], [ 1.3463, 46.31368 ], [ 1.34376, 46.31429 ], [ 1.34022, 46.31919 ], [ 1.33801, 46.31962 ], [ 1.33494, 46.3177 ], [ 1.3344, 46.3199 ], [ 1.33262, 46.32126 ], [ 1.32577, 46.32109 ], [ 1.32406, 46.32036 ], [ 1.32502, 46.3229 ], [ 1.32071, 46.32316 ], [ 1.32013, 46.32487 ], [ 1.32138, 46.32598 ], [ 1.31817, 46.3287 ], [ 1.32009, 46.32952 ], [ 1.31964, 46.33065 ], [ 1.31073, 46.33003 ], [ 1.30836, 46.33103 ], [ 1.30601, 46.32999 ], [ 1.30359, 46.33383 ], [ 1.30305, 46.33774 ], [ 1.29946, 46.33975 ], [ 1.29669, 46.33936 ], [ 1.29433, 46.34261 ], [ 1.2895, 46.34192 ], [ 1.28566, 46.34444 ], [ 1.28419, 46.34277 ], [ 1.2812, 46.34265 ], [ 1.27662, 46.34803 ], [ 1.27864, 46.35184 ], [ 1.27472, 46.35407 ], [ 1.27301, 46.35374 ], [ 1.27066, 46.34981 ], [ 1.26345, 46.35479 ], [ 1.26186, 46.35435 ], [ 1.26208, 46.35254 ], [ 1.26036, 46.35156 ], [ 1.25869, 46.35304 ], [ 1.25852, 46.35541 ], [ 1.25217, 46.36213 ], [ 1.24952, 46.36273 ], [ 1.24456, 46.36156 ], [ 1.24227, 46.36347 ], [ 1.24008, 46.36176 ], [ 1.23757, 46.36135 ], [ 1.2374, 46.36693 ], [ 1.23405, 46.36628 ], [ 1.23054, 46.36781 ], [ 1.22929, 46.36624 ], [ 1.22608, 46.36658 ], [ 1.22406, 46.36704 ], [ 1.22326, 46.36919 ], [ 1.22159, 46.36888 ], [ 1.2209, 46.36689 ], [ 1.2189, 46.36561 ], [ 1.21407, 46.37032 ], [ 1.21332, 46.37429 ], [ 1.21108, 46.37525 ], [ 1.20359, 46.37574 ], [ 1.20483, 46.37854 ], [ 1.20405, 46.37995 ], [ 1.201, 46.37728 ], [ 1.19683, 46.37842 ], [ 1.19326, 46.3806 ], [ 1.19153, 46.37974 ], [ 1.19319, 46.37789 ], [ 1.19168, 46.37663 ], [ 1.18857, 46.37654 ], [ 1.18592, 46.37801 ], [ 1.18051, 46.37577 ], [ 1.17857, 46.37825 ], [ 1.1796, 46.38216 ], [ 1.17812, 46.38341 ] ], [ [ 1.4205, 46.28362 ], [ 1.42319, 46.28801 ] ], [ [ 1.43812, 46.26067 ], [ 1.43425, 46.26266 ], [ 1.43307, 46.26442 ], [ 1.43391, 46.26668 ], [ 1.43065, 46.2748 ], [ 1.42487, 46.27774 ] ] ] } },
{ "type": "Feature", "properties": { "name": "le Salleron", "weight_class": 1, "permanent": false, "length_km": 11.0 }, "geometry": { "type": "MultiLineString", "coordinates": [ [ [ 1.02487, 46.32808 ], [ 1.0267, 46.33185 ], [ 1.03093, 46.33528 ], [ 1.02543, 46.33763 ], [ 1.02689, 46.34219 ] ], [ [ 1.07125, 46.27908 ], [ 1.06629, 46.28137 ], [ 1.05939, 46.27914 ], [ 1.05661, 46.27925 ], [ 1.04549, 46.28372 ], [ 1.04426, 46.28535 ], [ 1.03887, 46.28803 ], [ 1.03479, 46.28753 ], [ 1.03338, 46.28834 ], [ 1.03134, 46.29398 ], [ 1.02869, 46.29491 ], [ 1.02729, 46.29697 ], [ 1.02818, 46.3 ], [ 1.02535, 46.30132 ], [ 1.02434, 46.30293 ], [ 1.0242, 46.30931 ], [ 1.02235, 46.30985 ], [ 1.02255, 46.31396 ], [ 1.02076, 46.31503 ], [ 1.02306, 46.31968 ], [ 1.02755, 46.32203 ], [ 1.0276, 46.32445 ], [ 1.02539, 46.32631 ] ] ] } },
{ "type": "Feature", "properties": { "name": "la Gartempe", "weight_class": 3, "permanent": true, "length_km": 76.0 }, "geometry": { "type": "MultiLineString", "coordinates": [ [ [ 1.48593, 46.13563 ], [ 1.48388, 46.13402 ], [ 1.48432, 46.13142 ], [ 1.4778, 46.132 ], [ 1.4736, 46.12838 ], [ 1.47172, 46.12798 ], [ 1.47004, 46.12535 ], [ 1.46605, 46.12682 ], [ 1.45773, 46.12717 ], [ 1.45487, 46.12517 ], [ 1.45851, 46.12375 ], [ 1.45945, 46.122 ], [ 1.45837, 46.12073 ], [ 1.45376, 46.11915 ], [ 1.45118, 46.11644 ], [ 1.44573, 46.11901 ], [ 1.44182, 46.11964 ], [ 1.44107, 46.11891 ], [ 1.44305, 46.11826 ], [ 1.44011, 46.11577 ], [ 1.43663, 46.11541 ], [ 1.43405, 46.11661 ], [ 1.43402, 46.11403 ], [ 1.42715, 46.1118 ], [ 1.42382, 46.11277 ], [ 1.42208, 46.11438 ], [ 1.41762, 46.11309 ], [ 1.41637, 46.11507 ], [ 1.40718, 46.11549 ], [ 1.40399, 46.11688 ], [ 1.40277, 46.11858 ], [ 1.39794, 46.11995 ], [ 1.39659, 46.11942 ], [ 1.3981, 46.11737 ], [ 1.39799, 46.11587 ], [ 1.39664, 46.11511 ], [ 1.38286, 46.11837 ], [ 1.38102, 46.11681 ], [ 1.374, 46.11479 ], [ 1.36575, 46.11377 ], [ 1.3588, 46.11699 ], [ 1.35295, 46.11801 ], [ 1.34984, 46.11962 ], [ 1.34519, 46.11934 ], [ 1.33563, 46.11656 ], [ 1.33348, 46.11768 ], [ 1.33355, 46.11958 ], [ 1.33171, 46.12183 ], [ 1.32748, 46.12493 ], [ 1.3233, 46.12476 ], [ 1.32173, 46.1234 ], [ 1.31653, 46.12383 ], [ 1.31555, 46.12437 ], [ 1.31555, 46.12724 ], [ 1.31423, 46.12785 ], [ 1.31106, 46.12735 ], [ 1.30495, 46.12382 ], [ 1.29994, 46.12499 ], [ 1.2996, 46.12215 ], [ 1.29835, 46.12177 ], [ 1.29142, 46.12596 ], [ 1.28868, 46.12417 ], [ 1.2871, 46.12443 ], [ 1.28559, 46.12743 ], [ 1.28179, 46.12808 ], [ 1.2779, 46.1308 ], [ 1.27622, 46.13033 ], [ 1.27703, 46.12805 ], [ 1.27501, 46.12709 ], [ 1.27308, 46.12788 ], [ 1.27217, 46.13008 ], [ 1.26695, 46.1311 ], [ 1.25767, 46.12979 ], [ 1.2553, 46.12848 ], [ 1.25522, 46.12647 ], [ 1.25351, 46.12538 ], [ 1.24614, 46.12796 ], [ 1.23965, 46.12634 ], [ 1.23595, 46.12803 ], [ 1.23265, 46.12718 ], [ 1.2234, 46.12839 ], [ 1.2192, 46.12773 ], [ 1.21116, 46.1318 ], [ 1.20084, 46.13429 ], [ 1.19316, 46.13234 ], [ 1.18812, 46.13437 ], [ 1.18289, 46.13479 ], [ 1.18047, 46.13353 ], [ 1.17963, 46.13105 ], [ 1.17685, 46.12913 ], [ 1.17044, 46.13072 ], [ 1.15307, 46.13116 ], [ 1.14971, 46.13251 ], [ 1.14969, 46.13446 ], [ 1.1472, 46.13611 ], [ 1.14678, 46.13806 ], [ 1.14319, 46.13862 ], [ 1.13696, 46.138 ], [ 1.12681, 46.14337 ], [ 1.12163, 46.14383 ], [ 1.11322, 46.14896 ], [ 1.10794, 46.14956 ], [ 1.10391, 46.15377 ], [ 1.09761, 46.15537 ], [ 1.09526, 46.15425 ], [ 1.08821, 46.15384 ], [ 1.07295, 46.15708 ], [ 1.07134, 46.15647 ], [ 1.07209, 46.15371 ], [ 1.06983, 46.15324 ], [ 1.06702, 46.15499 ], [ 1.06662, 46.15785 ], [ 1.0637, 46.16096 ], [ 1.0545, 46.15895 ], [ 1.05322, 46.15674 ], [ 1.05152, 46.15603 ], [ 1.04216, 46.15875 ], [ 1.03835, 46.16139 ], [ 1.03426, 46.15874 ], [ 1.03373, 46.15377 ], [ 1.03007, 46.15257 ], [ 1.02859, 46.15083 ], [ 1.00476, 46.14467 ], [ 0.99515, 46.143 ], [ 0.99241, 46.14529 ], [ 0.98642, 46.14716 ], [ 0.98349, 46.15161 ], [ 0.97886, 46.15304 ], [ 0.97562, 46.15779 ], [ 0.97015, 46.15848 ], [ 0.96635, 46.16206 ], [ 0.9669, 46.16355 ], [ 0.97116, 46.16479 ], [ 0.97161, 46.16617 ], [ 0.96845, 46.16785 ], [ 0.96547, 46.16806 ], [ 0.96328, 46.17031 ], [ 0.96452, 46.17827 ], [ 0.95768, 46.18109 ], [ 0.95712, 46.18227 ], [ 0.9514, 46.18281 ], [ 0.94691, 46.18495 ], [ 0.94676, 46.18746 ], [ 0.9523, 46.18936 ], [ 0.95398, 46.19156 ], [ 0.95092, 46.19355 ], [ 0.94687, 46.19368 ], [ 0.94495, 46.19622 ], [ 0.94507, 46.19722 ], [ 0.94961, 46.19927 ], [ 0.95045, 46.2011 ], [ 0.94668, 46.20851 ], [ 0.94555, 46.20864 ], [ 0.94385, 46.20704 ], [ 0.94175, 46.20723 ], [ 0.94044, 46.20987 ], [ 0.94089, 46.21345 ], [ 0.93813, 46.21553 ], [ 0.94375, 46.22092 ], [ 0.94289, 46.22216 ], [ 0.93998, 46.22276 ], [ 0.93527, 46.22207 ], [ 0.93197, 46.22506 ], [ 0.93405, 46.2375 ], [ 0.93011, 46.24057 ], [ 0.92605, 46.24619 ], [ 0.93005, 46.25318 ], [ 0.9298, 46.25493 ], [ 0.93303, 46.25784 ], [ 0.93021, 46.26778 ], [ 0.93576, 46.27283 ], [ 0.93391, 46.28156 ] ], [ [ 1.51412, 46.14524 ], [ 1.51077, 46.14457 ], [ 1.5093, 46.14205 ], [ 1.50216, 46.142 ], [ 1.50035, 46.13958 ], [ 1.49388, 46.14039 ], [ 1.49088, 46.13895 ], [ 1.48887, 46.13915 ] ] ] } },
{ "type": "Feature", "properties": { "name": "la Maulde", "weight_class": 3, "permanent": true, "length_km": 38.3 }, "geometry": { "type": "MultiLineString", "coordinates": [ [ [ 1.78347, 45.8553 ], [ 1.78329, 45.85259 ], [ 1.77917, 45.85192 ], [ 1.77833, 45.84965 ], [ 1.77557, 45.84917 ], [ 1.77641, 45.84809 ], [ 1.77282, 45.84526 ], [ 1.77272, 45.83735 ], [ 1.76887, 45.83781 ], [ 1.76675, 45.83645 ], [ 1.76814, 45.82886 ], [ 1.76516, 45.82607 ], [ 1.7645, 45.82401 ], [ 1.76835, 45.82248 ], [ 1.76855, 45.82107 ], [ 1.76354, 45.81962 ], [ 1.76002, 45.8124 ], [ 1.75606, 45.80948 ], [ 1.75538, 45.80676 ], [ 1.75174, 45.80427 ], [ 1.74729, 45.80562 ], [ 1.7501, 45.80697 ], [ 1.75007, 45.80871 ], [ 1.74714, 45.80925 ], [ 1.74258, 45.80775 ], [ 1.74007, 45.80853 ], [ 1.73774, 45.81097 ], [ 1.73127, 45.81149 ], [ 1.73099, 45.81462 ], [ 1.72877, 45.81685 ], [ 1.72531, 45.81865 ], [ 1.72316, 45.81754 ], [ 1.72081, 45.81799 ], [ 1.71552, 45.82294 ], [ 1.71281, 45.82158 ], [ 1.71419, 45.82024 ], [ 1.71236, 45.81843 ], [ 1.70905, 45.8181 ], [ 1.69887, 45.81339 ], [ 1.69632, 45.81376 ], [ 1.69095, 45.81287 ], [ 1.68678, 45.81056 ], [ 1.68318, 45.81235 ], [ 1.68059, 45.81112 ], [ 1.67883, 45.81205 ], [ 1.67773, 45.81454 ], [ 1.67564, 45.81533 ], [ 1.67354, 45.82067 ], [ 1.66991, 45.82034 ], [ 1.66447, 45.81711 ], [ 1.65641, 45.8174 ], [ 1.65326, 45.81603 ], [ 1.64564, 45.80942 ], [ 1.63652, 45.80766 ], [ 1.63088, 45.8047 ], [ 1.62108, 45.80527 ], [ 1.61241, 45.80176 ], [ 1.60969, 45.80315 ], [ 1.60638, 45.8027 ], [ 1.60601, 45.80086 ], [ 1.60341, 45.7996 ], [ 1.60196, 45.79652 ], [ 1.59844, 45.79632 ], [ 1.59639, 45.79781 ], [ 1.5942, 45.79728 ], [ 1.5923, 45.79561 ], [ 1.59088, 45.79152 ], [ 1.58251, 45.78812 ], [ 1.57049, 45.79004 ], [ 1.56974, 45.79136 ], [ 1.57144, 45.79402 ], [ 1.57007, 45.79553 ], [ 1.56585, 45.79483 ], [ 1.56083, 45.79571 ], [ 1.55835, 45.79408 ], [ 1.55589, 45.79701 ], [ 1.55068, 45.79763 ], [ 1.54191, 45.80121 ], [ 1.53904, 45.80746 ], [ 1.52874, 45.8077 ], [ 1.5297, 45.80513 ], [ 1.52787, 45.80498 ], [ 1.52625, 45.80311 ] ], [ [ 1.88727, 45.79178 ], [ 1.88166, 45.79136 ], [ 1.87722, 45.78763 ], [ 1.87213, 45.7897 ], [ 1.86947, 45.79258 ], [ 1.85406, 45.79633 ], [ 1.85399, 45.81284 ] ] ] } },
{ "type": "Feature", "properties": { "name": "le Béchadergue", "weight_class": 1, "permanent": true, "length_km": 3.8 }, "geometry": { "type": "LineString", "coordinates": [ [ 1.73347, 45.84735 ], [ 1.73379, 45.84409 ], [ 1.73211, 45.84135 ], [ 1.73163, 45.83542 ], [ 1.73314, 45.83427 ], [ 1.73141, 45.83196 ], [ 1.7326, 45.82766 ], [ 1.72749, 45.82014 ], [ 1.72531, 45.81865 ] ] } },
{ "type": "Feature", "properties": { "name": "Ruisseau de Lavaud", "weight_class": 1, "permanent": true, "length_km": 3.4 }, "geometry": { "type": "LineString", "coordinates": [ [ 1.86618, 45.73293 ], [ 1.86661, 45.73044 ], [ 1.86278, 45.72645 ], [ 1.86162, 45.72146 ], [ 1.85973, 45.72079 ], [ 1.8557, 45.71435 ], [ 1.85118, 45.71203 ], [ 1.8489, 45.70823 ] ] } },
{ "type": "Feature", "properties": { "name": "Ruisseau de Lubet", "weight_class": 1, "permanent": true, "length_km": 2.8 }, "geometry": { "type": "LineString", "coordinates": [ [ 1.86966, 45.66803 ], [ 1.86683, 45.67077 ], [ 1.86231, 45.67841 ], [ 1.86257, 45.68163 ], [ 1.86024, 45.68656 ], [ 1.85997, 45.69041 ] ] } },
{ "type": "Feature", "properties": { "name": "la Feuillade", "weight_class": 1, "permanent": true, "length_km": 3.9 }, "geometry": { "type": "LineString", "coordinates": [ [ 1.89004, 45.7334 ], [ 1.88701, 45.73108 ], [ 1.88531, 45.73137 ], [ 1.8838, 45.73048 ], [ 1.88426, 45.72918 ], [ 1.88214, 45.7262 ], [ 1.87979, 45.72521 ], [ 1.87899, 45.72291 ], [ 1.87623, 45.72053 ], [ 1.87663, 45.717 ], [ 1.8748, 45.71645 ], [ 1.87472, 45.71429 ], [ 1.87151, 45.71263 ], [ 1.87286, 45.709 ] ] } },
{ "type": "Feature", "properties": { "name": null, "weight_class": 1, "permanent": false, "length_km": 4.2 }, "geometry": { "type": "LineString", "coordinates": [ [ 1.86416, 45.75857 ], [ 1.86145, 45.75716 ], [ 1.85783, 45.75287 ], [ 1.85634, 45.7492 ], [ 1.85204, 45.74736 ], [ 1.85246, 45.74591 ], [ 1.84948, 45.74329 ], [ 1.84566, 45.74329 ], [ 1.84019, 45.74086 ], [ 1.83647, 45.74051 ], [ 1.82827, 45.74157 ] ] } },
{ "type": "Feature", "properties": { "name": null, "weight_class": 1, "permanent": false, "length_km": 2.5 }, "geometry": { "type": "LineString", "coordinates": [ [ 1.87494, 45.76967 ], [ 1.87468, 45.76819 ], [ 1.87094, 45.76483 ], [ 1.86767, 45.76494 ], [ 1.86063, 45.76919 ], [ 1.85838, 45.76857 ], [ 1.8571, 45.76663 ], [ 1.85252, 45.76547 ] ] } },
{ "type": "Feature", "properties": { "name": null, "weight_class": 1, "permanent": true, "length_km": 2.1 }, "geometry": { "type": "LineString", "coordinates": [ [ 1.88961, 45.76531 ], [ 1.89002, 45.76738 ], [ 1.89401, 45.77213 ], [ 1.89475, 45.78104 ] ] } },
{ "type": "Feature", "properties": { "name": "Ruisseau de la Moulette", "weight_class": 1, "permanent": true, "length_km": 3.8 }, "geometry": { "type": "LineString", "coordinates": [ [ 1.80211, 45.74859 ], [ 1.7979, 45.75061 ], [ 1.78296, 45.75124 ], [ 1.77987, 45.75041 ], [ 1.77342, 45.74491 ], [ 1.77125, 45.74472 ], [ 1.7701, 45.74286 ], [ 1.76426, 45.74148 ] ] } },
{ "type": "Feature", "properties": { "name": "Ruisseau de Courtiaux", "weight_class": 1, "permanent": false, "length_km": 8.5 }, "geometry": { "type": "LineString", "coordinates": [ [ 1.71446, 45.72834 ], [ 1.71009, 45.73009 ], [ 1.70552, 45.73018 ], [ 1.69172, 45.72653 ], [ 1.68888, 45.72299 ], [ 1.68554, 45.72175 ], [ 1.68288, 45.71864 ], [ 1.6801, 45.71844 ], [ 1.6747, 45.71445 ], [ 1.6701, 45.71426 ], [ 1.66832, 45.71535 ], [ 1.66615, 45.71481 ], [ 1.65926, 45.71592 ], [ 1.65764, 45.71507 ], [ 1.6535, 45.71545 ], [ 1.65313, 45.71432 ], [ 1.65075, 45.71359 ], [ 1.64372, 45.71399 ], [ 1.6396, 45.71196 ], [ 1.63741, 45.71277 ], [ 1.6336, 45.71146 ], [ 1.628, 45.71305 ] ] } },
{ "type": "Feature", "properties": { "name": "Ruisseau de Chaud", "weight_class": 1, "permanent": true, "length_km": 2.9 }, "geometry": { "type": "LineString", "coordinates": [ [ 1.82342, 45.69398 ], [ 1.82097, 45.69819 ], [ 1.82141, 45.70233 ], [ 1.81561, 45.70753 ], [ 1.81689, 45.7093 ], [ 1.81402, 45.71622 ] ] } },
{ "type": "Feature", "properties": { "name": "Ruisseau de la Villeneuve", "weight_class": 1, "permanent": false, "length_km": 3.1 }, "geometry": { "type": "LineString", "coordinates": [ [ 1.82441, 45.66895 ], [ 1.82785, 45.66956 ], [ 1.82795, 45.67304 ], [ 1.83114, 45.67452 ], [ 1.83547, 45.67482 ], [ 1.84049, 45.67812 ], [ 1.84188, 45.67997 ], [ 1.84311, 45.68633 ] ] } },
{ "type": "Feature", "properties": { "name": "Ruisseau de la Chaise", "weight_class": 1, "permanent": true, "length_km": 2.8 }, "geometry": { "type": "LineString", "coordinates": [ [ 1.78191, 45.79019 ], [ 1.77233, 45.79857 ], [ 1.77041, 45.7981 ], [ 1.76961, 45.8 ], [ 1.76517, 45.80098 ], [ 1.76474, 45.80209 ], [ 1.76916, 45.80515 ] ] } },
{ "type": "Feature", "properties": { "name": "Ruisseau de la Gane", "weight_class": 1, "permanent": false, "length_km": 2.9 }, "geometry": { "type": "LineString", "coordinates": [ [ 1.73479, 45.78757 ], [ 1.73754, 45.79102 ], [ 1.74393, 45.794 ], [ 1.74523, 45.79662 ], [ 1.74479, 45.7992 ], [ 1.7397, 45.80529 ], [ 1.74102, 45.80811 ] ] } },
{ "type": "Feature", "properties": { "name": "Ruisseau Fourchat", "weight_class": 1, "permanent": true, "length_km": 4.3 }, "geometry": { "type": "LineString", "coordinates": [ [ 1.711, 45.77637 ], [ 1.70441, 45.77459 ], [ 1.69611, 45.77365 ], [ 1.69388, 45.77144 ], [ 1.68333, 45.76876 ], [ 1.68026, 45.76878 ], [ 1.67635, 45.76502 ], [ 1.66838, 45.76479 ], [ 1.66643, 45.76163 ] ] } },
{ "type": "Feature", "properties": { "name": null, "weight_class": 1, "permanent": false, "length_km": 2.1 }, "geometry": { "type": "LineString", "coordinates": [ [ 1.7017, 45.83303 ], [ 1.69934, 45.82962 ], [ 1.70378, 45.81567 ] ] } },
{ "type": "Feature", "properties": { "name": null, "weight_class": 1, "permanent": false, "length_km": 2.5 }, "geometry": { "type": "LineString", "coordinates": [ [ 1.81202, 45.75738 ], [ 1.81515, 45.75379 ], [ 1.81578, 45.74992 ], [ 1.81908, 45.74716 ], [ 1.8195, 45.74502 ], [ 1.82334, 45.7448 ], [ 1.82583, 45.74648 ], [ 1.82814, 45.74577 ] ] } },
{ "type": "Feature", "properties": { "name": null, "weight_class": 1, "permanent": false, "length_km": 4.2 }, "geometry": { "type": "LineString", "coordinates": [ [ 1.80071, 45.74325 ], [ 1.7962, 45.74148 ], [ 1.79226, 45.73794 ], [ 1.79005, 45.7379 ], [ 1.78338, 45.73503 ], [ 1.78081, 45.73269 ], [ 1.77631, 45.7337 ], [ 1.76898, 45.73348 ], [ 1.76681, 45.73501 ], [ 1.76155, 45.73549 ], [ 1.75996, 45.73513 ], [ 1.75901, 45.73337 ] ] } },
{ "type": "Feature", "properties": { "name": null, "weight_class": 1, "permanent": true, "length_km": 4.3 }, "geometry": { "type": "LineString", "coordinates": [ [ 1.76208, 45.76564 ], [ 1.75048, 45.76311 ], [ 1.74875, 45.76185 ], [ 1.74567, 45.7587 ], [ 1.74605, 45.75648 ], [ 1.74391, 45.74993 ], [ 1.74511, 45.74945 ], [ 1.74493, 45.74778 ], [ 1.74338, 45.74505 ], [ 1.74127, 45.7447 ], [ 1.73876, 45.74281 ], [ 1.73385, 45.74239 ] ] } },
{ "type": "Feature", "properties": { "name": null, "weight_class": 1, "permanent": true, "length_km": 2.4 }, "geometry": { "type": "LineString", "coordinates": [ [ 1.72903, 45.72475 ], [ 1.73238, 45.72593 ], [ 1.73679, 45.7304 ], [ 1.74129, 45.73128 ], [ 1.74141, 45.73689 ], [ 1.73848, 45.73907 ] ] } },
{ "type": "Feature", "properties": { "name": "la Ribière", "weight_class": 1, "permanent": true, "length_km": 6.4 }, "geometry": { "type": "LineString", "coordinates": [ [ 1.80152, 45.67294 ], [ 1.79757, 45.67643 ], [ 1.79566, 45.68399 ], [ 1.79123, 45.68841 ], [ 1.7883, 45.68967 ], [ 1.78774, 45.69527 ], [ 1.7811, 45.70034 ], [ 1.78007, 45.70495 ], [ 1.77345, 45.71018 ], [ 1.77428, 45.7117 ], [ 1.77151, 45.71392 ], [ 1.77269, 45.71712 ] ] } },
{ "type": "Feature", "properties": { "name": "le Grigeas", "weight_class": 1, "permanent": true, "length_km": 11.7 }, "geometry": { "type": "LineString", "coordinates": [ [ 1.72633, 45.70516 ], [ 1.73053, 45.70018 ], [ 1.73058, 45.69305 ], [ 1.72904, 45.69141 ], [ 1.72941, 45.68913 ], [ 1.72514, 45.68689 ], [ 1.72538, 45.68258 ], [ 1.72749, 45.67893 ], [ 1.72698, 45.67792 ], [ 1.72336, 45.67669 ], [ 1.72422, 45.67502 ], [ 1.72194, 45.67418 ], [ 1.72169, 45.67137 ], [ 1.71529, 45.67044 ], [ 1.71362, 45.67268 ], [ 1.71002, 45.67422 ], [ 1.71013, 45.67698 ], [ 1.70661, 45.67994 ], [ 1.70318, 45.6798 ], [ 1.70001, 45.67883 ], [ 1.69906, 45.67729 ], [ 1.69519, 45.67663 ], [ 1.6937, 45.67914 ], [ 1.69179, 45.67783 ], [ 1.68921, 45.67898 ], [ 1.68067, 45.67715 ], [ 1.6799, 45.67475 ], [ 1.67595, 45.67142 ], [ 1.67776, 45.67048 ], [ 1.67787, 45.66686 ], [ 1.6744, 45.66733 ], [ 1.67374, 45.66589 ], [ 1.67005, 45.66452 ] ] } },
{ "type": "Feature", "properties": { "name": "les Sagnes", "weight_class": 2, "permanent": true, "length_km": 2.3 }, "geometry": { "type": "LineString", "coordinates": [ [ 1.85143, 45.66666 ], [ 1.85163, 45.66838 ], [ 1.84863, 45.67098 ], [ 1.84685, 45.67576 ], [ 1.8489, 45.68011 ], [ 1.84897, 45.68425 ] ] } },
{ "type": "Feature", "properties": { "name": "le Bêthe", "weight_class": 1, "permanent": true, "length_km": 6.2 }, "geometry": { "type": "LineString", "coordinates": [ [ 1.78369, 45.67318 ], [ 1.7797, 45.6739 ], [ 1.77757, 45.67538 ], [ 1.77609, 45.67444 ], [ 1.77209, 45.67499 ], [ 1.77102, 45.67569 ], [ 1.77107, 45.67922 ], [ 1.76625, 45.67936 ], [ 1.76515, 45.67792 ], [ 1.7633, 45.6775 ], [ 1.76346, 45.67917 ], [ 1.76111, 45.68016 ], [ 1.76215, 45.68175 ], [ 1.76381, 45.68214 ], [ 1.76467, 45.68496 ], [ 1.7666, 45.68535 ], [ 1.76748, 45.68723 ], [ 1.76982, 45.6889 ], [ 1.77241, 45.68921 ], [ 1.77662, 45.69424 ], [ 1.78094, 45.69587 ], [ 1.78204, 45.69794 ], [ 1.7811, 45.70034 ] ] } },
{ "type": "Feature", "properties": { "name": "le Brénac", "weight_class": 1, "permanent": true, "length_km": 5.2 }, "geometry": { "type": "LineString", "coordinates": [ [ 1.76266, 45.65975 ], [ 1.75976, 45.6627 ], [ 1.76133, 45.66367 ], [ 1.7612, 45.66503 ], [ 1.75867, 45.66514 ], [ 1.75663, 45.6642 ], [ 1.75202, 45.66516 ], [ 1.74863, 45.66487 ], [ 1.74654, 45.66294 ], [ 1.74352, 45.66205 ], [ 1.74008, 45.66285 ], [ 1.73916, 45.66441 ], [ 1.73497, 45.664 ], [ 1.72908, 45.66645 ], [ 1.7278, 45.6654 ], [ 1.72228, 45.66616 ], [ 1.71762, 45.67057 ] ] } },
{ "type": "Feature", "properties": { "name": null, "weight_class": 1, "permanent": false, "length_km": 2.2 }, "geometry": { "type": "LineString", "coordinates": [ [ 1.73268, 45.65433 ], [ 1.73057, 45.65053 ], [ 1.72736, 45.64999 ], [ 1.72419, 45.6473 ], [ 1.72506, 45.6462 ], [ 1.72334, 45.64407 ], [ 1.72419, 45.6404 ], [ 1.72259, 45.63877 ] ] } },
{ "type": "Feature", "properties": { "name": "Ruisseau des Vergnes", "weight_class": 1, "permanent": true, "length_km": 5.0 }, "geometry": { "type": "LineString", "coordinates": [ [ 1.70892, 45.70795 ], [ 1.7073, 45.70655 ], [ 1.70437, 45.70604 ], [ 1.70227, 45.70378 ], [ 1.69753, 45.703 ], [ 1.69712, 45.70138 ], [ 1.69301, 45.69765 ], [ 1.68988, 45.69671 ], [ 1.69033, 45.69276 ], [ 1.6856, 45.69029 ], [ 1.68737, 45.68801 ], [ 1.68601, 45.6873 ], [ 1.68551, 45.6843 ], [ 1.68405, 45.68353 ], [ 1.68204, 45.67774 ] ] } },
{ "type": "Feature", "properties": { "name": "Conduite Forcée de la Retenue de Vassivière", "weight_class": 1, "permanent": true, "length_km": 4.2 }, "geometry": { "type": "LineString", "coordinates": [ [ 1.85406, 45.79633 ], [ 1.84592, 45.79962 ], [ 1.81432, 45.80402 ], [ 1.80277, 45.80197 ] ] } },
{ "type": "Feature", "properties": { "name": "les Moulins/Ruisseau de Surbateix", "weight_class": 1, "permanent": true, "length_km": 7.5 }, "geometry": { "type": "LineString", "coordinates": [ [ 1.82059, 45.78539 ], [ 1.81221, 45.79256 ], [ 1.80984, 45.79342 ], [ 1.80775, 45.79585 ], [ 1.80871, 45.79822 ], [ 1.8079, 45.80036 ], [ 1.80431, 45.80245 ], [ 1.802, 45.80268 ], [ 1.8005, 45.80145 ], [ 1.79579, 45.80204 ], [ 1.79254, 45.80476 ], [ 1.78863, 45.80565 ], [ 1.782, 45.80533 ], [ 1.78055, 45.80422 ], [ 1.77879, 45.80552 ], [ 1.77582, 45.805 ], [ 1.77485, 45.80339 ], [ 1.77116, 45.80303 ], [ 1.76856, 45.80659 ], [ 1.76288, 45.80676 ], [ 1.75924, 45.80856 ], [ 1.75806, 45.81097 ] ] } },
{ "type": "Feature", "properties": { "name": "le Breuil/Ruisseau du Breuil", "weight_class": 1, "permanent": true, "length_km": 5.6 }, "geometry": { "type": "LineString", "coordinates": [ [ 1.81747, 45.80851 ], [ 1.81591, 45.80943 ], [ 1.81413, 45.80921 ], [ 1.81253, 45.8116 ], [ 1.80815, 45.81455 ], [ 1.80593, 45.81496 ], [ 1.80171, 45.81449 ], [ 1.80077, 45.8155 ], [ 1.79728, 45.81593 ], [ 1.79259, 45.81526 ], [ 1.79024, 45.81312 ], [ 1.78839, 45.81294 ], [ 1.78022, 45.81506 ], [ 1.77589, 45.81492 ], [ 1.77395, 45.81559 ], [ 1.77345, 45.81712 ], [ 1.76872, 45.81548 ], [ 1.76804, 45.81632 ], [ 1.76506, 45.81552 ], [ 1.76342, 45.81638 ], [ 1.76124, 45.81613 ] ] } },
{ "type": "Feature", "properties": { "name": null, "weight_class": 1, "permanent": true, "length_km": 5.5 }, "geometry": { "type": "LineString", "coordinates": [ [ 1.8487, 45.77658 ], [ 1.85306, 45.77334 ], [ 1.85306, 45.7715 ], [ 1.851, 45.77027 ], [ 1.85261, 45.7656 ], [ 1.84604, 45.76269 ], [ 1.84418, 45.76345 ], [ 1.84365, 45.76248 ], [ 1.83564, 45.76106 ], [ 1.83589, 45.7592 ], [ 1.83424, 45.75688 ], [ 1.83566, 45.75328 ], [ 1.82933, 45.74855 ], [ 1.83062, 45.74707 ], [ 1.82885, 45.74559 ] ] } },
{ "type": "Feature", "properties": { "name": "Ruisseau de Planchemouton", "weight_class": 1, "permanent": true, "length_km": 8.4 }, "geometry": { "type": "LineString", "coordinates": [ [ 1.81511, 45.7769 ], [ 1.81362, 45.77174 ], [ 1.81007, 45.77093 ], [ 1.8083, 45.76923 ], [ 1.80155, 45.77112 ], [ 1.79702, 45.77023 ], [ 1.79718, 45.76895 ], [ 1.79409, 45.76527 ], [ 1.79429, 45.76304 ], [ 1.77998, 45.75843 ], [ 1.77828, 45.75605 ], [ 1.77567, 45.75658 ], [ 1.7741, 45.75372 ], [ 1.77157, 45.75319 ], [ 1.76812, 45.75071 ], [ 1.76691, 45.74695 ], [ 1.76389, 45.74395 ], [ 1.76338, 45.74028 ], [ 1.75859, 45.7371 ], [ 1.75348, 45.73757 ] ] } },
{ "type": "Feature", "properties": { "name": "le Lauzat", "weight_class": 1, "permanent": true, "length_km": 8.4 }, "geometry": { "type": "LineString", "coordinates": [ [ 1.83659, 45.78013 ], [ 1.83591, 45.77727 ], [ 1.82959, 45.77417 ], [ 1.83068, 45.7723 ], [ 1.82677, 45.77249 ], [ 1.82312, 45.77005 ], [ 1.82324, 45.76181 ], [ 1.82123, 45.75827 ], [ 1.82523, 45.75518 ], [ 1.82497, 45.75077 ], [ 1.82616, 45.75053 ], [ 1.82906, 45.74524 ], [ 1.82757, 45.74001 ], [ 1.82809, 45.73564 ], [ 1.82474, 45.727 ], [ 1.82701, 45.72533 ], [ 1.8267, 45.7226 ], [ 1.82771, 45.72125 ], [ 1.82453, 45.72009 ] ] } },
{ "type": "Feature", "properties": { "name": null, "weight_class": 1, "permanent": false, "length_km": 2.5 }, "geometry": { "type": "LineString", "coordinates": [ [ 1.78457, 45.77508 ], [ 1.7855, 45.77293 ], [ 1.78324, 45.77062 ], [ 1.78332, 45.76923 ], [ 1.78001, 45.7658 ], [ 1.77809, 45.76519 ], [ 1.78146, 45.76359 ], [ 1.77946, 45.75988 ], [ 1.78035, 45.75854 ] ] } },
{ "type": "Feature", "properties": { "name": null, "weight_class": 1, "permanent": true, "length_km": 2.9 }, "geometry": { "type": "LineString", "coordinates": [ [ 1.77813, 45.77872 ], [ 1.76722, 45.78731 ], [ 1.7657, 45.79477 ], [ 1.76818, 45.79773 ], [ 1.76642, 45.80035 ] ] } },
{ "type": "Feature", "properties": { "name": null, "weight_class": 2, "permanent": true, "length_km": 3.8 }, "geometry": { "type": "LineString", "coordinates": [ [ 1.73311, 45.77518 ], [ 1.72329, 45.7699 ], [ 1.72215, 45.76565 ], [ 1.7169, 45.76352 ], [ 1.71649, 45.76075 ], [ 1.71396, 45.75996 ], [ 1.71289, 45.75647 ], [ 1.70703, 45.75449 ], [ 1.70411, 45.75236 ] ] } },
{ "type": "Feature", "properties": { "name": "Ruisseau de Charapoux", "weight_class": 1, "permanent": true, "length_km": 5.1 }, "geometry": { "type": "LineString", "coordinates": [ [ 1.75614, 45.7765 ], [ 1.75488, 45.77482 ], [ 1.75126, 45.77376 ], [ 1.7503, 45.77168 ], [ 1.7459, 45.77209 ], [ 1.74073, 45.76972 ], [ 1.74045, 45.76712 ], [ 1.73892, 45.76677 ], [ 1.73712, 45.76424 ], [ 1.73365, 45.76421 ], [ 1.73265, 45.76261 ], [ 1.72655, 45.76091 ], [ 1.7266, 45.75897 ], [ 1.72171, 45.7559 ], [ 1.71861, 45.75219 ], [ 1.71882, 45.75092 ] ] } },
{ "type": "Feature", "properties": { "name": null, "weight_class": 1, "permanent": false, "length_km": 2.1 }, "geometry": { "type": "LineString", "coordinates": [ [ 1.72077, 45.77818 ], [ 1.71806, 45.77675 ], [ 1.71673, 45.77242 ], [ 1.71441, 45.76961 ], [ 1.71553, 45.76651 ], [ 1.7141, 45.76463 ], [ 1.71628, 45.76258 ] ] } },
{ "type": "Feature", "properties": { "name": "la Semme", "weight_class": 2, "permanent": true, "length_km": 43.0 }, "geometry": { "type": "LineString", "coordinates": [ [ 1.43303, 46.18044 ], [ 1.43296, 46.17954 ], [ 1.42978, 46.17855 ], [ 1.42793, 46.17504 ], [ 1.42527, 46.17385 ], [ 1.42317, 46.1741 ], [ 1.42258, 46.17541 ], [ 1.41859, 46.17425 ], [ 1.41494, 46.17713 ], [ 1.41309, 46.17564 ], [ 1.40936, 46.17565 ], [ 1.40696, 46.17854 ], [ 1.4017, 46.17821 ], [ 1.40166, 46.17655 ], [ 1.39818, 46.17632 ], [ 1.39752, 46.1725 ], [ 1.39857, 46.17119 ], [ 1.39444, 46.16465 ], [ 1.391, 46.16322 ], [ 1.38848, 46.16402 ], [ 1.38697, 46.16227 ], [ 1.38786, 46.16038 ], [ 1.38684, 46.15978 ], [ 1.37926, 46.1613 ], [ 1.37513, 46.15846 ], [ 1.37244, 46.15868 ], [ 1.37159, 46.15672 ], [ 1.36969, 46.15567 ], [ 1.3685, 46.15829 ], [ 1.36011, 46.15742 ], [ 1.35935, 46.158 ], [ 1.35837, 46.15687 ], [ 1.35651, 46.157 ], [ 1.35661, 46.15561 ], [ 1.35317, 46.15594 ], [ 1.3504, 46.1539 ], [ 1.34951, 46.15412 ], [ 1.34671, 46.15148 ], [ 1.34426, 46.15248 ], [ 1.34231, 46.15208 ], [ 1.34226, 46.15134 ], [ 1.34088, 46.15241 ], [ 1.33858, 46.152 ], [ 1.33722, 46.14971 ], [ 1.33515, 46.14965 ], [ 1.33433, 46.14822 ], [ 1.32906, 46.15042 ], [ 1.32741, 46.15262 ], [ 1.32257, 46.15079 ], [ 1.32001, 46.15249 ], [ 1.31525, 46.14755 ], [ 1.3108, 46.14733 ], [ 1.30827, 46.14373 ], [ 1.30518, 46.14292 ], [ 1.30133, 46.14087 ], [ 1.30143, 46.14012 ], [ 1.29887, 46.14097 ], [ 1.29774, 46.14306 ], [ 1.29584, 46.14266 ], [ 1.29566, 46.14043 ], [ 1.29394, 46.13945 ], [ 1.29345, 46.14157 ], [ 1.29174, 46.14224 ], [ 1.28928, 46.13802 ], [ 1.28724, 46.13871 ], [ 1.28679, 46.13985 ], [ 1.28414, 46.13963 ], [ 1.28382, 46.14244 ], [ 1.28103, 46.14539 ], [ 1.27891, 46.14495 ], [ 1.27689, 46.14656 ], [ 1.27468, 46.14677 ], [ 1.27397, 46.15018 ], [ 1.26335, 46.15091 ], [ 1.26252, 46.1531 ], [ 1.25612, 46.15708 ], [ 1.24799, 46.15759 ], [ 1.24993, 46.16023 ], [ 1.24781, 46.1611 ], [ 1.24425, 46.15889 ], [ 1.24186, 46.15981 ], [ 1.23861, 46.1585 ], [ 1.23384, 46.15972 ], [ 1.23279, 46.15895 ], [ 1.22934, 46.15944 ], [ 1.22578, 46.15745 ], [ 1.22105, 46.15795 ], [ 1.22158, 46.15555 ], [ 1.21906, 46.1545 ], [ 1.21221, 46.1579 ], [ 1.21137, 46.15631 ], [ 1.20998, 46.15638 ], [ 1.20773, 46.15754 ], [ 1.20713, 46.15904 ], [ 1.20349, 46.15977 ], [ 1.20114, 46.16135 ], [ 1.1991, 46.15748 ], [ 1.19728, 46.15682 ], [ 1.19405, 46.15842 ], [ 1.19308, 46.16043 ], [ 1.1896, 46.16151 ], [ 1.18815, 46.15879 ], [ 1.1859, 46.15901 ], [ 1.18408, 46.16098 ], [ 1.18133, 46.16108 ], [ 1.17773, 46.15797 ], [ 1.17657, 46.15478 ], [ 1.17401, 46.15317 ], [ 1.17106, 46.1533 ], [ 1.17003, 46.15462 ], [ 1.16802, 46.15482 ], [ 1.16709, 46.15187 ], [ 1.16828, 46.15132 ], [ 1.16698, 46.15029 ], [ 1.16504, 46.14991 ], [ 1.16085, 46.15158 ], [ 1.15926, 46.15086 ], [ 1.15721, 46.15153 ], [ 1.15652, 46.15338 ], [ 1.15548, 46.15217 ], [ 1.15072, 46.15249 ], [ 1.14913, 46.15162 ], [ 1.14805, 46.15383 ], [ 1.14338, 46.15081 ], [ 1.13964, 46.14994 ], [ 1.13741, 46.15032 ], [ 1.13614, 46.14881 ], [ 1.12837, 46.14878 ], [ 1.12442, 46.15199 ], [ 1.12434, 46.14722 ], [ 1.12271, 46.14526 ], [ 1.1196, 46.1451 ] ] } },
{ "type": "Feature", "properties": { "name": "la Chaume", "weight_class": 1, "permanent": true, "length_km": 11.2 }, "geometry": { "type": "MultiLineString", "coordinates": [ [ [ 1.44331, 46.33509 ], [ 1.4398, 46.33591 ], [ 1.43548, 46.33395 ], [ 1.43271, 46.33434 ], [ 1.42957, 46.33358 ], [ 1.42397, 46.33478 ], [ 1.4215, 46.33797 ], [ 1.42136, 46.3402 ], [ 1.41833, 46.33982 ], [ 1.41161, 46.34227 ], [ 1.40859, 46.34108 ], [ 1.40692, 46.34273 ], [ 1.40465, 46.34181 ], [ 1.39736, 46.34214 ], [ 1.39173, 46.33995 ], [ 1.38623, 46.33991 ], [ 1.38454, 46.33746 ], [ 1.38247, 46.33736 ], [ 1.37961, 46.3349 ], [ 1.37572, 46.33348 ], [ 1.37415, 46.33238 ], [ 1.37428, 46.33124 ], [ 1.37212, 46.33119 ], [ 1.37148, 46.32884 ], [ 1.36759, 46.32915 ], [ 1.365, 46.32577 ], [ 1.3466, 46.32134 ], [ 1.34431, 46.31949 ], [ 1.34195, 46.32043 ], [ 1.34086, 46.31891 ] ], [ [ 1.44661, 46.33183 ], [ 1.44506, 46.33379 ] ] ] } },
{ "type": "Feature", "properties": { "name": "la Garde", "weight_class": 1, "permanent": false, "length_km": 5.0 }, "geometry": { "type": "LineString", "coordinates": [ [ 1.43584, 46.31807 ], [ 1.43227, 46.316 ], [ 1.42924, 46.31239 ], [ 1.42345, 46.31194 ], [ 1.42067, 46.30956 ], [ 1.41565, 46.30976 ], [ 1.40956, 46.30501 ], [ 1.40475, 46.30746 ], [ 1.40127, 46.30806 ], [ 1.39076, 46.30639 ], [ 1.39058, 46.30485 ], [ 1.38777, 46.30374 ] ] } },
{ "type": "Feature", "properties": { "name": null, "weight_class": 1, "permanent": false, "length_km": 2.9 }, "geometry": { "type": "LineString", "coordinates": [ [ 1.41474, 46.32582 ], [ 1.41144, 46.32706 ], [ 1.41018, 46.32853 ], [ 1.40696, 46.32925 ], [ 1.4024, 46.32874 ], [ 1.39691, 46.33046 ], [ 1.39425, 46.33391 ], [ 1.39059, 46.33643 ], [ 1.39023, 46.33995 ] ] } },
{ "type": "Feature", "properties": { "name": null, "weight_class": 1, "permanent": false, "length_km": 2.2 }, "geometry": { "type": "LineString", "coordinates": [ [ 1.41027, 46.32225 ], [ 1.4038, 46.31682 ], [ 1.4022, 46.31364 ], [ 1.39866, 46.31261 ], [ 1.398, 46.31039 ], [ 1.39488, 46.3074 ] ] } },
{ "type": "Feature", "properties": { "name": "Ruisseau la Dauge", "weight_class": 1, "permanent": false, "length_km": 5.2 }, "geometry": { "type": "LineString", "coordinates": [ [ 1.38918, 46.19998 ], [ 1.38741, 46.19777 ], [ 1.38799, 46.1894 ], [ 1.38298, 46.18623 ], [ 1.38085, 46.18586 ], [ 1.37906, 46.18254 ], [ 1.37705, 46.18195 ], [ 1.37556, 46.17783 ], [ 1.37623, 46.1742 ], [ 1.37816, 46.1724 ], [ 1.37772, 46.17006 ], [ 1.37917, 46.1689 ], [ 1.37816, 46.16384 ], [ 1.3792, 46.16127 ] ] } },
{ "type": "Feature", "properties": { "name": null, "weight_class": 1, "permanent": false, "length_km": 3.0 }, "geometry": { "type": "LineString", "coordinates": [ [ 1.43517, 46.30495 ], [ 1.4293, 46.30475 ], [ 1.42468, 46.30268 ], [ 1.41924, 46.30177 ], [ 1.41523, 46.2958 ], [ 1.40958, 46.29314 ], [ 1.40733, 46.29068 ] ] } },
{ "type": "Feature", "properties": { "name": null, "weight_class": 1, "permanent": false, "length_km": 3.2 }, "geometry": { "type": "LineString", "coordinates": [ [ 1.44092, 46.15306 ], [ 1.44301, 46.15584 ], [ 1.44196, 46.15899 ], [ 1.43967, 46.15982 ], [ 1.43829, 46.16252 ], [ 1.43033, 46.16911 ], [ 1.42538, 46.17052 ], [ 1.42329, 46.17407 ] ] } },
{ "type": "Feature", "properties": { "name": null, "weight_class": 1, "permanent": false, "length_km": 2.9 }, "geometry": { "type": "LineString", "coordinates": [ [ 1.46764, 46.16155 ], [ 1.46711, 46.16441 ], [ 1.46419, 46.16499 ], [ 1.46092, 46.1704 ], [ 1.45715, 46.17319 ], [ 1.44766, 46.17638 ], [ 1.44753, 46.17935 ] ] } },
{ "type": "Feature", "properties": { "name": null, "weight_class": 1, "permanent": true, "length_km": 2.3 }, "geometry": { "type": "LineString", "coordinates": [ [ 1.41915, 46.16157 ], [ 1.41894, 46.16355 ], [ 1.41534, 46.16451 ], [ 1.41327, 46.16653 ], [ 1.40704, 46.16575 ], [ 1.40584, 46.16645 ], [ 1.39744, 46.16665 ], [ 1.39668, 46.16775 ] ] } },
{ "type": "Feature", "properties": { "name": null, "weight_class": 1, "permanent": true, "length_km": 2.6 }, "geometry": { "type": "LineString", "coordinates": [ [ 1.46435, 46.14916 ], [ 1.46758, 46.1448 ], [ 1.46698, 46.13805 ], [ 1.46774, 46.1357 ], [ 1.47119, 46.13301 ], [ 1.472, 46.12812 ] ] } },
{ "type": "Feature", "properties": { "name": null, "weight_class": 1, "permanent": false, "length_km": 2.3 }, "geometry": { "type": "LineString", "coordinates": [ [ 1.47089, 46.14993 ], [ 1.47277, 46.14938 ], [ 1.47413, 46.14713 ], [ 1.47357, 46.14579 ], [ 1.47646, 46.14385 ], [ 1.47891, 46.13967 ], [ 1.48384, 46.13717 ], [ 1.48454, 46.13468 ] ] } },
{ "type": "Feature", "properties": { "name": null, "weight_class": 1, "permanent": false, "length_km": 3.1 }, "geometry": { "type": "LineString", "coordinates": [ [ 1.44778, 46.14957 ], [ 1.45134, 46.15111 ], [ 1.45433, 46.15786 ], [ 1.46135, 46.16312 ], [ 1.4569, 46.16819 ], [ 1.45859, 46.17191 ] ] } },
{ "type": "Feature", "properties": { "name": null, "weight_class": 1, "permanent": false, "length_km": 3.3 }, "geometry": { "type": "LineString", "coordinates": [ [ 1.41996, 46.14614 ], [ 1.41373, 46.15081 ], [ 1.4136, 46.15294 ], [ 1.4045, 46.16222 ], [ 1.40045, 46.16207 ], [ 1.39604, 46.16483 ], [ 1.39446, 46.16472 ] ] } },
{ "type": "Feature", "properties": { "name": "Ruisseau des Planchettes", "weight_class": 1, "permanent": false, "length_km": 2.8 }, "geometry": { "type": "LineString", "coordinates": [ [ 1.52328, 46.07324 ], [ 1.52198, 46.07747 ], [ 1.51904, 46.07961 ], [ 1.51869, 46.08112 ], [ 1.52025, 46.08368 ], [ 1.5167, 46.08817 ], [ 1.51132, 46.09092 ], [ 1.51134, 46.09293 ] ] } },
{ "type": "Feature", "properties": { "name": null, "weight_class": 1, "permanent": false, "length_km": 4.0 }, "geometry": { "type": "LineString", "coordinates": [ [ 1.44074, 46.14508 ], [ 1.43716, 46.14256 ], [ 1.43839, 46.13847 ], [ 1.43634, 46.13451 ], [ 1.43671, 46.13304 ], [ 1.44209, 46.13044 ], [ 1.44239, 46.12529 ], [ 1.43756, 46.12018 ], [ 1.43924, 46.11692 ], [ 1.4385, 46.11549 ] ] } },
{ "type": "Feature", "properties": { "name": null, "weight_class": 1, "permanent": false, "length_km": 2.3 }, "geometry": { "type": "LineString", "coordinates": [ [ 1.41685, 46.13295 ], [ 1.41233, 46.13121 ], [ 1.41116, 46.12907 ], [ 1.40798, 46.12681 ], [ 1.40712, 46.12375 ], [ 1.4081, 46.12194 ], [ 1.40742, 46.12089 ], [ 1.4053, 46.12057 ], [ 1.4054, 46.11866 ], [ 1.40369, 46.11785 ] ] } },
{ "type": "Feature", "properties": { "name": null, "weight_class": 1, "permanent": true, "length_km": 2.8 }, "geometry": { "type": "LineString", "coordinates": [ [ 1.40044, 46.14011 ], [ 1.39468, 46.14095 ], [ 1.39126, 46.14272 ], [ 1.3864, 46.14243 ], [ 1.37967, 46.14798 ], [ 1.37335, 46.14752 ], [ 1.37055, 46.14855 ] ] } },
{ "type": "Feature", "properties": { "name": null, "weight_class": 1, "permanent": false, "length_km": 4.1 }, "geometry": { "type": "LineString", "coordinates": [ [ 1.49931, 46.06885 ], [ 1.49322, 46.07504 ], [ 1.48743, 46.07689 ], [ 1.48606, 46.07815 ], [ 1.48219, 46.07875 ], [ 1.47799, 46.08164 ], [ 1.47871, 46.08709 ], [ 1.47324, 46.09348 ], [ 1.47502, 46.09519 ] ] } },
{ "type": "Feature", "properties": { "name": null, "weight_class": 1, "permanent": true, "length_km": 3.8 }, "geometry": { "type": "LineString", "coordinates": [ [ 1.50309, 46.11987 ], [ 1.50059, 46.12009 ], [ 1.49824, 46.11845 ], [ 1.49533, 46.11861 ], [ 1.49128, 46.11718 ], [ 1.48651, 46.11801 ], [ 1.48193, 46.11695 ], [ 1.4811, 46.11945 ], [ 1.47859, 46.12126 ], [ 1.47137, 46.12117 ], [ 1.46772, 46.12639 ] ] } },
{ "type": "Feature", "properties": { "name": "le Rivalier", "weight_class": 1, "permanent": true, "length_km": 14.9 }, "geometry": { "type": "LineString", "coordinates": [ [ 1.53298, 46.05597 ], [ 1.53082, 46.05626 ], [ 1.52625, 46.0596 ], [ 1.51937, 46.05943 ], [ 1.51427, 46.06417 ], [ 1.51209, 46.06459 ], [ 1.50372, 46.06054 ], [ 1.50051, 46.06249 ], [ 1.4925, 46.06324 ], [ 1.48763, 46.06006 ], [ 1.4869, 46.05679 ], [ 1.47738, 46.05363 ], [ 1.47467, 46.05528 ], [ 1.4728, 46.05519 ], [ 1.47156, 46.05884 ], [ 1.4662, 46.06305 ], [ 1.46445, 46.06282 ], [ 1.45912, 46.06441 ], [ 1.45824, 46.06561 ], [ 1.45053, 46.06548 ], [ 1.44684, 46.06961 ], [ 1.44723, 46.07089 ], [ 1.44453, 46.072 ], [ 1.4439, 46.07576 ], [ 1.43982, 46.08029 ], [ 1.44168, 46.08395 ], [ 1.44373, 46.08472 ], [ 1.44512, 46.08782 ], [ 1.44723, 46.08918 ], [ 1.44683, 46.0906 ], [ 1.44827, 46.09233 ], [ 1.44545, 46.09647 ], [ 1.44558, 46.1 ], [ 1.44164, 46.10092 ], [ 1.44086, 46.10443 ] ] } },
{ "type": "Feature", "properties": { "name": "l'Ardour", "weight_class": 1, "permanent": true, "length_km": 8.1 }, "geometry": { "type": "LineString", "coordinates": [ [ 1.50324, 46.09657 ], [ 1.49657, 46.09499 ], [ 1.49343, 46.09796 ], [ 1.49086, 46.09694 ], [ 1.48806, 46.09806 ], [ 1.4825, 46.09703 ], [ 1.48161, 46.09449 ], [ 1.47764, 46.09674 ], [ 1.47502, 46.09519 ], [ 1.47382, 46.09656 ], [ 1.46929, 46.09683 ], [ 1.46358, 46.09895 ], [ 1.46145, 46.1022 ], [ 1.45782, 46.10418 ], [ 1.45383, 46.10503 ], [ 1.45021, 46.10451 ], [ 1.44627, 46.10625 ], [ 1.44075, 46.10438 ], [ 1.43878, 46.10469 ], [ 1.43588, 46.10796 ], [ 1.43535, 46.11022 ], [ 1.43673, 46.11136 ], [ 1.43431, 46.11441 ] ] } },
{ "type": "Feature", "properties": { "name": "Ruisseau de Forgefer", "weight_class": 1, "permanent": true, "length_km": 2.8 }, "geometry": { "type": "LineString", "coordinates": [ [ 1.50294, 46.0735 ], [ 1.50284, 46.07936 ], [ 1.49909, 46.08238 ], [ 1.49391, 46.09021 ], [ 1.49408, 46.09305 ], [ 1.49625, 46.09515 ] ] } },
{ "type": "Feature", "properties": { "name": null, "weight_class": 1, "permanent": false, "length_km": 2.3 }, "geometry": { "type": "LineString", "coordinates": [ [ 1.46687, 46.0781 ], [ 1.46633, 46.0808 ], [ 1.46356, 46.08417 ], [ 1.45958, 46.0857 ], [ 1.45438, 46.09053 ], [ 1.44827, 46.09233 ] ] } },
{ "type": "Feature", "properties": { "name": null, "weight_class": 1, "permanent": true, "length_km": 4.1 }, "geometry": { "type": "LineString", "coordinates": [ [ 1.40673, 46.06251 ], [ 1.40826, 46.06434 ], [ 1.41838, 46.06817 ], [ 1.41881, 46.07225 ], [ 1.42322, 46.07609 ], [ 1.42712, 46.07663 ], [ 1.43047, 46.07547 ], [ 1.43263, 46.0764 ], [ 1.43364, 46.07818 ], [ 1.43567, 46.07683 ], [ 1.44082, 46.07968 ] ] } },
{ "type": "Feature", "properties": { "name": "Ruisseau de Belzanes", "weight_class": 1, "permanent": true, "length_km": 5.1 }, "geometry": { "type": "LineString", "coordinates": [ [ 1.39146, 46.08099 ], [ 1.3975, 46.08314 ], [ 1.40149, 46.08737 ], [ 1.40787, 46.09066 ], [ 1.40908, 46.09352 ], [ 1.41186, 46.095 ], [ 1.41185, 46.09977 ], [ 1.41033, 46.10101 ], [ 1.41332, 46.10753 ], [ 1.41186, 46.10869 ], [ 1.40982, 46.11546 ] ] } },
{ "type": "Feature", "properties": { "name": "le Rivalier", "weight_class": 1, "permanent": true, "length_km": 3.9 }, "geometry": { "type": "LineString", "coordinates": [ [ 1.52119, 46.04389 ], [ 1.52062, 46.04253 ], [ 1.5168, 46.04151 ], [ 1.51566, 46.04035 ], [ 1.51162, 46.04055 ], [ 1.50923, 46.04854 ], [ 1.51172, 46.05113 ], [ 1.51049, 46.05189 ], [ 1.51068, 46.05409 ], [ 1.50439, 46.05691 ], [ 1.50267, 46.06065 ] ] } },
{ "type": "Feature", "properties": { "name": null, "weight_class": 1, "permanent": true, "length_km": 2.0 }, "geometry": { "type": "LineString", "coordinates": [ [ 1.42699, 46.04559 ], [ 1.42574, 46.04475 ], [ 1.42367, 46.04543 ], [ 1.41568, 46.04493 ], [ 1.41007, 46.04299 ], [ 1.40446, 46.04474 ] ] } },
{ "type": "Feature", "properties": { "name": null, "weight_class": 1, "permanent": true, "length_km": 3.3 }, "geometry": { "type": "LineString", "coordinates": [ [ 1.45062, 46.04044 ], [ 1.44172, 46.04204 ], [ 1.43993, 46.04134 ], [ 1.43015, 46.03566 ], [ 1.42601, 46.03023 ], [ 1.42182, 46.02695 ] ] } },
{ "type": "Feature", "properties": { "name": null, "weight_class": 1, "permanent": true, "length_km": 4.0 }, "geometry": { "type": "LineString", "coordinates": [ [ 1.41505, 46.05359 ], [ 1.40859, 46.05216 ], [ 1.40594, 46.05268 ], [ 1.39725, 46.04761 ], [ 1.39477, 46.04956 ], [ 1.39133, 46.04832 ], [ 1.38785, 46.04846 ], [ 1.38553, 46.04642 ], [ 1.38325, 46.04634 ], [ 1.38119, 46.04375 ], [ 1.37967, 46.044 ], [ 1.37725, 46.04277 ] ] } },
{ "type": "Feature", "properties": { "name": "Ruisseau de la Galamache", "weight_class": 1, "permanent": true, "length_km": 9.8 }, "geometry": { "type": "LineString", "coordinates": [ [ 1.54737, 45.90105 ], [ 1.53568, 45.90243 ], [ 1.53314, 45.89976 ], [ 1.53016, 45.89983 ], [ 1.52665, 45.89661 ], [ 1.52695, 45.89451 ], [ 1.52309, 45.88986 ], [ 1.51733, 45.88761 ], [ 1.51701, 45.88262 ], [ 1.51517, 45.87947 ], [ 1.50716, 45.87501 ], [ 1.50552, 45.87529 ], [ 1.4976, 45.87249 ], [ 1.49318, 45.87301 ], [ 1.48916, 45.872 ], [ 1.48562, 45.86597 ], [ 1.48261, 45.86494 ], [ 1.47543, 45.85747 ], [ 1.47174, 45.8566 ] ] } },
{ "type": "Feature", "properties": { "name": "Ruisseau du Palland", "weight_class": 1, "permanent": true, "length_km": 5.6 }, "geometry": { "type": "LineString", "coordinates": [ [ 1.59658, 45.87433 ], [ 1.59382, 45.87143 ], [ 1.59356, 45.86966 ], [ 1.58111, 45.86291 ], [ 1.56851, 45.86418 ], [ 1.56036, 45.86203 ], [ 1.55827, 45.86293 ], [ 1.55677, 45.86218 ], [ 1.5544, 45.86261 ], [ 1.55321, 45.86181 ], [ 1.54972, 45.86176 ], [ 1.54847, 45.86035 ], [ 1.54036, 45.85921 ] ] } },
{ "type": "Feature", "properties": { "name": "Ruisseau Latin", "weight_class": 1, "permanent": false, "length_km": 2.5 }, "geometry": { "type": "LineString", "coordinates": [ [ 1.68611, 45.8356 ], [ 1.68664, 45.83023 ], [ 1.68134, 45.82868 ], [ 1.67872, 45.8293 ], [ 1.6738, 45.82496 ], [ 1.6722, 45.82064 ] ] } },
{ "type": "Feature", "properties": { "name": "Ruisseau de Bospertus", "weight_class": 1, "permanent": true, "length_km": 3.5 }, "geometry": { "type": "LineString", "coordinates": [ [ 1.61681, 45.82973 ], [ 1.616, 45.82519 ], [ 1.61258, 45.82056 ], [ 1.61102, 45.81564 ], [ 1.61376, 45.81285 ], [ 1.61293, 45.8091 ], [ 1.61148, 45.80734 ], [ 1.60827, 45.80625 ], [ 1.60702, 45.80286 ] ] } },
{ "type": "Feature", "properties": { "name": "le Taurion", "weight_class": 3, "permanent": true, "length_km": 21.8 }, "geometry": { "type": "MultiLineString", "coordinates": [ [ [ 1.5137, 45.94063 ], [ 1.51013, 45.93998 ], [ 1.50698, 45.94124 ], [ 1.50432, 45.93898 ], [ 1.50022, 45.93851 ], [ 1.49609, 45.93921 ], [ 1.4936, 45.9362 ], [ 1.49068, 45.93905 ], [ 1.48232, 45.93483 ], [ 1.47381, 45.93381 ], [ 1.46098, 45.93402 ], [ 1.45947, 45.9323 ], [ 1.46013, 45.929 ], [ 1.45567, 45.92805 ], [ 1.4531, 45.92511 ], [ 1.44035, 45.92316 ], [ 1.43484, 45.92087 ], [ 1.42944, 45.91682 ], [ 1.41485, 45.91472 ], [ 1.41429, 45.91372 ], [ 1.41592, 45.91048 ], [ 1.41516, 45.90794 ], [ 1.41052, 45.90506 ], [ 1.40486, 45.89925 ], [ 1.40235, 45.89499 ], [ 1.39468, 45.88679 ], [ 1.39415, 45.88361 ] ], [ [ 1.52203, 45.94327 ], [ 1.51931, 45.94241 ], [ 1.51759, 45.94014 ] ], [ [ 1.53474, 45.95302 ], [ 1.53151, 45.95268 ], [ 1.5276, 45.95056 ], [ 1.52396, 45.95281 ], [ 1.5213, 45.95275 ], [ 1.51909, 45.95141 ], [ 1.5186, 45.94893 ], [ 1.51533, 45.94673 ], [ 1.51662, 45.94469 ], [ 1.52005, 45.94534 ] ], [ [ 1.54817, 45.96042 ], [ 1.54286, 45.96099 ], [ 1.54289, 45.95677 ] ], [ [ 1.56015, 45.96373 ], [ 1.55474, 45.96465 ], [ 1.55205, 45.96185 ] ], [ [ 1.57432, 45.97569 ], [ 1.57073, 45.97366 ], [ 1.56718, 45.96386 ], [ 1.56436, 45.96299 ], [ 1.56085, 45.96324 ] ], [ [ 1.57517, 45.9887 ], [ 1.57387, 45.98528 ], [ 1.57692, 45.97981 ] ] ] } },
{ "type": "Feature", "properties": { "name": "la Vige", "weight_class": 2, "permanent": true, "length_km": 6.7 }, "geometry": { "type": "MultiLineString", "coordinates": [ [ [ 1.56657, 45.96332 ], [ 1.56615, 45.9634 ] ], [ [ 1.63679, 45.90585 ], [ 1.63394, 45.9059 ], [ 1.6314, 45.90879 ], [ 1.62707, 45.90808 ], [ 1.62436, 45.91032 ], [ 1.62268, 45.90939 ], [ 1.61313, 45.91084 ], [ 1.61373, 45.91325 ], [ 1.61127, 45.91546 ], [ 1.61074, 45.92181 ], [ 1.60831, 45.92533 ], [ 1.61027, 45.92688 ], [ 1.60958, 45.93312 ], [ 1.60533, 45.93321 ] ], [ [ 1.6399, 45.90206 ], [ 1.63874, 45.90469 ], [ 1.63773, 45.90481 ] ] ] } },
{ "type": "Feature", "properties": { "name": null, "weight_class": 1, "permanent": false, "length_km": 2.9 }, "geometry": { "type": "LineString", "coordinates": [ [ 1.58784, 45.90374 ], [ 1.59018, 45.90612 ], [ 1.59477, 45.90807 ], [ 1.59823, 45.91288 ], [ 1.6055, 45.91527 ], [ 1.61088, 45.92094 ] ] } },
{ "type": "Feature", "properties": { "name": null, "weight_class": 1, "permanent": false, "length_km": 3.5 }, "geometry": { "type": "LineString", "coordinates": [ [ 1.57519, 45.90204 ], [ 1.57592, 45.9045 ], [ 1.57142, 45.90622 ], [ 1.57262, 45.9111 ], [ 1.56962, 45.91335 ], [ 1.56309, 45.91518 ], [ 1.55732, 45.91854 ], [ 1.55415, 45.9187 ], [ 1.55107, 45.91648 ] ] } },
{ "type": "Feature", "properties": { "name": null, "weight_class": 1, "permanent": false, "length_km": 2.2 }, "geometry": { "type": "LineString", "coordinates": [ [ 1.593, 45.90052 ], [ 1.59707, 45.89972 ], [ 1.61099, 45.90249 ], [ 1.61332, 45.90211 ], [ 1.61351, 45.90297 ], [ 1.61668, 45.90425 ] ] } },
{ "type": "Feature", "properties": { "name": null, "weight_class": 1, "permanent": false, "length_km": 2.8 }, "geometry": { "type": "LineString", "coordinates": [ [ 1.59203, 45.89783 ], [ 1.58619, 45.89618 ], [ 1.58124, 45.89669 ], [ 1.57651, 45.89494 ], [ 1.57055, 45.89601 ], [ 1.56652, 45.89555 ], [ 1.55994, 45.89203 ] ] } },
{ "type": "Feature", "properties": { "name": "le Cheissoux/Ruisseau de la Farge", "weight_class": 1, "permanent": true, "length_km": 4.0 }, "geometry": { "type": "LineString", "coordinates": [ [ 1.65359, 45.84682 ], [ 1.65743, 45.84171 ], [ 1.65841, 45.83456 ], [ 1.66099, 45.83254 ], [ 1.66097, 45.82895 ], [ 1.65936, 45.82684 ], [ 1.66098, 45.82462 ], [ 1.66025, 45.82392 ], [ 1.66129, 45.82099 ], [ 1.65956, 45.81677 ] ] } },
{ "type": "Feature", "properties": { "name": "Ruisseau du Nouhaud", "weight_class": 1, "permanent": false, "length_km": 3.7 }, "geometry": { "type": "LineString", "coordinates": [ [ 1.59337, 45.84952 ], [ 1.59313, 45.84668 ], [ 1.59012, 45.84411 ], [ 1.58065, 45.84064 ], [ 1.5762, 45.84146 ], [ 1.56703, 45.84081 ], [ 1.56462, 45.8427 ], [ 1.55922, 45.84195 ], [ 1.55747, 45.84324 ] ] } },
{ "type": "Feature", "properties": { "name": "Ruisseau d'Alesmes", "weight_class": 1, "permanent": true, "length_km": 12.1 }, "geometry": { "type": "MultiLineString", "coordinates": [ [ [ 1.56865, 45.81748 ], [ 1.56719, 45.81735 ], [ 1.56634, 45.81906 ], [ 1.56459, 45.81782 ], [ 1.56194, 45.81828 ], [ 1.55743, 45.81519 ], [ 1.55688, 45.81293 ], [ 1.54541, 45.81118 ], [ 1.54423, 45.80939 ], [ 1.54213, 45.809 ], [ 1.54225, 45.80796 ], [ 1.53977, 45.80717 ] ], [ [ 1.57341, 45.81836 ], [ 1.5706, 45.81711 ], [ 1.56939, 45.81749 ], [ 1.56915, 45.8175 ], [ 1.56865, 45.81748 ] ], [ [ 1.57341, 45.81836 ], [ 1.56865, 45.81748 ] ], [ [ 1.60746, 45.86319 ], [ 1.60071, 45.8554 ], [ 1.60293, 45.85336 ], [ 1.60243, 45.84969 ], [ 1.60512, 45.84813 ], [ 1.60486, 45.84653 ], [ 1.60766, 45.84439 ], [ 1.60529, 45.83919 ], [ 1.60707, 45.83519 ], [ 1.60301, 45.83226 ], [ 1.59739, 45.83125 ], [ 1.59033, 45.82601 ], [ 1.5857, 45.82555 ], [ 1.58231, 45.82255 ], [ 1.5806, 45.8192 ], [ 1.57789, 45.8185 ], [ 1.57482, 45.81932 ], [ 1.57341, 45.81836 ] ] ] } },
{ "type": "Feature", "properties": { "name": null, "weight_class": 1, "permanent": true, "length_km": 2.0 }, "geometry": { "type": "LineString", "coordinates": [ [ 1.57022, 45.87697 ], [ 1.56633, 45.87353 ], [ 1.5651, 45.86864 ], [ 1.56268, 45.86665 ], [ 1.56071, 45.86692 ], [ 1.55942, 45.86278 ] ] } },
{ "type": "Feature", "properties": { "name": null, "weight_class": 1, "permanent": false, "length_km": 2.1 }, "geometry": { "type": "LineString", "coordinates": [ [ 1.59661, 45.88278 ], [ 1.59321, 45.88195 ], [ 1.59107, 45.88319 ], [ 1.58207, 45.88243 ], [ 1.57882, 45.8838 ], [ 1.57842, 45.88509 ], [ 1.57592, 45.88516 ], [ 1.57502, 45.88606 ] ] } },
{ "type": "Feature", "properties": { "name": "le Baillot", "weight_class": 1, "permanent": true, "length_km": 6.6 }, "geometry": { "type": "LineString", "coordinates": [ [ 1.55301, 45.8765 ], [ 1.54988, 45.87377 ], [ 1.54174, 45.86988 ], [ 1.54083, 45.86633 ], [ 1.54386, 45.86339 ], [ 1.54036, 45.85921 ], [ 1.53548, 45.85641 ], [ 1.53166, 45.85626 ], [ 1.53143, 45.85504 ], [ 1.52924, 45.85461 ], [ 1.52897, 45.85317 ], [ 1.52624, 45.85115 ], [ 1.52784, 45.84827 ], [ 1.52463, 45.84272 ], [ 1.52287, 45.8348 ] ] } },
{ "type": "Feature", "properties": { "name": null, "weight_class": 1, "permanent": false, "length_km": 2.3 }, "geometry": { "type": "LineString", "coordinates": [ [ 1.57695, 45.83245 ], [ 1.57257, 45.83102 ], [ 1.56699, 45.82695 ], [ 1.56488, 45.82646 ], [ 1.56366, 45.82436 ], [ 1.56157, 45.82366 ], [ 1.56018, 45.82009 ], [ 1.55816, 45.81949 ] ] } },
{ "type": "Feature", "properties": { "name": null, "weight_class": 1, "permanent": true, "length_km": 2.5 }, "geometry": { "type": "LineString", "coordinates": [ [ 1.59397, 45.81798 ], [ 1.59247, 45.81646 ], [ 1.59161, 45.81033 ], [ 1.59714, 45.80043 ], [ 1.59518, 45.7976 ] ] } },
{ "type": "Feature", "properties": { "name": "Ruisseau de la Roche", "weight_class": 1, "permanent": true, "length_km": 4.9 }, "geometry": { "type": "LineString", "coordinates": [ [ 1.46993, 45.79219 ], [ 1.46819, 45.79341 ], [ 1.46767, 45.79613 ], [ 1.47322, 45.80104 ], [ 1.47277, 45.80314 ], [ 1.47633, 45.80455 ], [ 1.47813, 45.8092 ], [ 1.47486, 45.81459 ], [ 1.47852, 45.81713 ], [ 1.47794, 45.82203 ], [ 1.4806, 45.82329 ], [ 1.48384, 45.82732 ] ] } },
{ "type": "Feature", "properties": { "name": null, "weight_class": 1, "permanent": false, "length_km": 2.5 }, "geometry": { "type": "LineString", "coordinates": [ [ 1.44892, 45.90189 ], [ 1.44638, 45.90259 ], [ 1.43958, 45.90169 ], [ 1.42659, 45.8963 ], [ 1.42047, 45.89685 ] ] } },
{ "type": "Feature", "properties": { "name": null, "weight_class": 1, "permanent": true, "length_km": 2.2 }, "geometry": { "type": "LineString", "coordinates": [ [ 1.52318, 46.02377 ], [ 1.52181, 46.02079 ], [ 1.51874, 46.01857 ], [ 1.51406, 46.01897 ], [ 1.51216, 46.01615 ], [ 1.51225, 46.01039 ] ] } },
{ "type": "Feature", "properties": { "name": "la Barbette", "weight_class": 1, "permanent": true, "length_km": 5.4 }, "geometry": { "type": "LineString", "coordinates": [ [ 1.53293, 46.03138 ], [ 1.5325, 46.02724 ], [ 1.53085, 46.02605 ], [ 1.53236, 46.02125 ], [ 1.53023, 46.01789 ], [ 1.53064, 46.0166 ], [ 1.52715, 46.01198 ], [ 1.52559, 46.01164 ], [ 1.52547, 46.00944 ], [ 1.52131, 46.00818 ], [ 1.5166, 46.01089 ], [ 1.51225, 46.01039 ], [ 1.51103, 46.00844 ], [ 1.50872, 46.0077 ], [ 1.50843, 46.00388 ], [ 1.50503, 46.00208 ] ] } },
{ "type": "Feature", "properties": { "name": null, "weight_class": 1, "permanent": true, "length_km": 2.1 }, "geometry": { "type": "LineString", "coordinates": [ [ 1.50567, 46.03285 ], [ 1.50493, 46.02805 ], [ 1.50201, 46.02498 ], [ 1.5022, 46.02248 ], [ 1.50085, 46.02124 ], [ 1.50269, 46.01812 ], [ 1.50075, 46.01615 ] ] } },
{ "type": "Feature", "properties": { "name": "la Gane", "weight_class": 1, "permanent": true, "length_km": 12.2 }, "geometry": { "type": "LineString", "coordinates": [ [ 1.48939, 46.03175 ], [ 1.49038, 46.02598 ], [ 1.49146, 46.02562 ], [ 1.49049, 46.02341 ], [ 1.49256, 46.02327 ], [ 1.49657, 46.02013 ], [ 1.49674, 46.01788 ], [ 1.50067, 46.01623 ], [ 1.50204, 46.01424 ], [ 1.50152, 46.01263 ], [ 1.50399, 46.00909 ], [ 1.5036, 46.00536 ], [ 1.50476, 46.00209 ], [ 1.50398, 45.99981 ], [ 1.50542, 45.99812 ], [ 1.50487, 45.99527 ], [ 1.50698, 45.99316 ], [ 1.50418, 45.99211 ], [ 1.50443, 45.98781 ], [ 1.50708, 45.98574 ], [ 1.50642, 45.98448 ], [ 1.50794, 45.98332 ], [ 1.51616, 45.98271 ], [ 1.51885, 45.9768 ], [ 1.51819, 45.97411 ], [ 1.52082, 45.96989 ], [ 1.52041, 45.96648 ], [ 1.51898, 45.96502 ], [ 1.5185, 45.96175 ], [ 1.51213, 45.95788 ], [ 1.51474, 45.95635 ], [ 1.51292, 45.95425 ], [ 1.51586, 45.95485 ], [ 1.51567, 45.95127 ], [ 1.51889, 45.9507 ] ] } },
{ "type": "Feature", "properties": { "name": "les Dauges", "weight_class": 1, "permanent": true, "length_km": 3.5 }, "geometry": { "type": "LineString", "coordinates": [ [ 1.42371, 46.01245 ], [ 1.42103, 46.01047 ], [ 1.4187, 46.01046 ], [ 1.41016, 46.01882 ], [ 1.40647, 46.02081 ], [ 1.40458, 46.03113 ] ] } },
{ "type": "Feature", "properties": { "name": null, "weight_class": 1, "permanent": true, "length_km": 3.8 }, "geometry": { "type": "LineString", "coordinates": [ [ 1.4556, 46.015 ], [ 1.45945, 46.0149 ], [ 1.46578, 46.0112 ], [ 1.46986, 46.00519 ], [ 1.47115, 46.00114 ], [ 1.47241, 46.00046 ], [ 1.47307, 45.99473 ], [ 1.47557, 45.99264 ], [ 1.47746, 45.98898 ] ] } },
{ "type": "Feature", "properties": { "name": "la Jonchère", "weight_class": 1, "permanent": true, "length_km": 11.2 }, "geometry": { "type": "LineString", "coordinates": [ [ 1.42542, 46.00474 ], [ 1.4315, 46.00429 ], [ 1.43575, 46.00177 ], [ 1.43744, 45.99905 ], [ 1.4376, 45.99611 ], [ 1.44068, 45.99416 ], [ 1.4486, 45.99681 ], [ 1.45568, 45.99511 ], [ 1.45853, 45.99565 ], [ 1.46242, 45.99377 ], [ 1.46535, 45.99027 ], [ 1.47276, 45.99086 ], [ 1.47429, 45.98919 ], [ 1.47634, 45.98866 ], [ 1.47828, 45.98925 ], [ 1.48274, 45.98837 ], [ 1.48389, 45.98561 ], [ 1.48921, 45.98279 ], [ 1.4882, 45.97972 ], [ 1.49094, 45.97719 ], [ 1.49345, 45.97693 ], [ 1.50032, 45.97171 ], [ 1.50471, 45.96986 ], [ 1.50777, 45.96978 ], [ 1.50891, 45.96818 ], [ 1.51032, 45.96811 ], [ 1.51232, 45.96961 ], [ 1.51418, 45.9688 ], [ 1.51307, 45.96608 ], [ 1.51687, 45.96331 ], [ 1.51592, 45.95997 ] ] } },
{ "type": "Feature", "properties": { "name": "Ruisseau de la Vareille", "weight_class": 1, "permanent": true, "length_km": 4.4 }, "geometry": { "type": "LineString", "coordinates": [ [ 1.46384, 46.02293 ], [ 1.46762, 46.0231 ], [ 1.47038, 46.02215 ], [ 1.47776, 46.01575 ], [ 1.48222, 46.01693 ], [ 1.48999, 46.0126 ], [ 1.49629, 46.01125 ], [ 1.49766, 46.01005 ], [ 1.49812, 46.00659 ], [ 1.49972, 46.00565 ], [ 1.5013, 46.00587 ], [ 1.5039, 46.00385 ] ] } },
{ "type": "Feature", "properties": { "name": "Ruisseau des Egaux", "weight_class": 1, "permanent": false, "length_km": 5.7 }, "geometry": { "type": "LineString", "coordinates": [ [ 1.52348, 46.00115 ], [ 1.52576, 45.99859 ], [ 1.53926, 45.99061 ], [ 1.54069, 45.98854 ], [ 1.54334, 45.98798 ], [ 1.54506, 45.98418 ], [ 1.55036, 45.98265 ], [ 1.55121, 45.97559 ], [ 1.55035, 45.97458 ], [ 1.554, 45.97007 ], [ 1.55391, 45.96862 ], [ 1.55728, 45.96789 ], [ 1.55809, 45.966 ], [ 1.55715, 45.96455 ] ] } },
{ "type": "Feature", "properties": { "name": null, "weight_class": 1, "permanent": false, "length_km": 4.7 }, "geometry": { "type": "LineString", "coordinates": [ [ 1.43241, 45.98705 ], [ 1.4318, 45.98217 ], [ 1.42971, 45.9808 ], [ 1.42965, 45.97854 ], [ 1.42643, 45.97658 ], [ 1.42597, 45.97349 ], [ 1.4269, 45.9722 ], [ 1.42347, 45.96983 ], [ 1.42466, 45.96603 ], [ 1.42131, 45.96413 ], [ 1.42011, 45.96165 ], [ 1.41825, 45.96239 ], [ 1.41409, 45.96169 ], [ 1.4117, 45.96216 ], [ 1.40723, 45.95887 ] ] } },
{ "type": "Feature", "properties": { "name": null, "weight_class": 1, "permanent": false, "length_km": 3.2 }, "geometry": { "type": "LineString", "coordinates": [ [ 1.42547, 45.98955 ], [ 1.42269, 45.98463 ], [ 1.41834, 45.98412 ], [ 1.41285, 45.98206 ], [ 1.41217, 45.98131 ], [ 1.41359, 45.97957 ], [ 1.41297, 45.97871 ], [ 1.41139, 45.97881 ], [ 1.40958, 45.97223 ], [ 1.40676, 45.97036 ] ] } },
{ "type": "Feature", "properties": { "name": "la Gane", "weight_class": 1, "permanent": true, "length_km": 6.1 }, "geometry": { "type": "LineString", "coordinates": [ [ 1.4619, 45.98031 ], [ 1.46745, 45.97761 ], [ 1.47059, 45.97438 ], [ 1.47278, 45.97405 ], [ 1.47379, 45.97226 ], [ 1.4728, 45.97048 ], [ 1.47413, 45.96905 ], [ 1.47534, 45.96828 ], [ 1.47824, 45.96893 ], [ 1.48133, 45.96648 ], [ 1.48198, 45.96232 ], [ 1.48106, 45.9592 ], [ 1.48377, 45.95573 ], [ 1.48317, 45.95135 ], [ 1.47675, 45.9491 ], [ 1.47383, 45.94946 ], [ 1.47116, 45.94544 ] ] } },
{ "type": "Feature", "properties": { "name": "le Coussac", "weight_class": 1, "permanent": true, "length_km": 8.3 }, "geometry": { "type": "LineString", "coordinates": [ [ 1.44484, 45.98899 ], [ 1.44743, 45.98942 ], [ 1.45019, 45.98711 ], [ 1.44921, 45.98272 ], [ 1.45067, 45.98043 ], [ 1.45023, 45.97654 ], [ 1.4525, 45.97398 ], [ 1.45163, 45.97294 ], [ 1.45246, 45.9709 ], [ 1.45052, 45.96768 ], [ 1.4521, 45.96646 ], [ 1.45198, 45.96528 ], [ 1.45577, 45.96364 ], [ 1.45639, 45.96059 ], [ 1.45862, 45.9593 ], [ 1.45717, 45.95535 ], [ 1.46827, 45.9507 ], [ 1.46899, 45.9489 ], [ 1.46758, 45.947 ], [ 1.47105, 45.94559 ], [ 1.47273, 45.94344 ], [ 1.47225, 45.94174 ], [ 1.46916, 45.93928 ], [ 1.47063, 45.93815 ], [ 1.47008, 45.93438 ] ] } },
{ "type": "Feature", "properties": { "name": "le Parleur", "weight_class": 1, "permanent": true, "length_km": 14.4 }, "geometry": { "type": "LineString", "coordinates": [ [ 1.39864, 46.00031 ], [ 1.39412, 45.99887 ], [ 1.39097, 45.9964 ], [ 1.38231, 45.99586 ], [ 1.38798, 45.98979 ], [ 1.38808, 45.98732 ], [ 1.39163, 45.98519 ], [ 1.39177, 45.98419 ], [ 1.39415, 45.9842 ], [ 1.39521, 45.98326 ], [ 1.39619, 45.97854 ], [ 1.3994, 45.97691 ], [ 1.39919, 45.97394 ], [ 1.40657, 45.97096 ], [ 1.40698, 45.96965 ], [ 1.40833, 45.96973 ], [ 1.41099, 45.96695 ], [ 1.411, 45.96266 ], [ 1.40604, 45.9598 ], [ 1.40763, 45.95834 ], [ 1.40665, 45.9563 ], [ 1.40178, 45.95444 ], [ 1.40199, 45.95237 ], [ 1.40622, 45.94998 ], [ 1.40689, 45.94861 ], [ 1.41054, 45.94812 ], [ 1.40937, 45.94729 ], [ 1.40885, 45.9438 ], [ 1.40621, 45.94323 ], [ 1.40667, 45.94085 ], [ 1.4033, 45.93903 ], [ 1.40259, 45.93647 ], [ 1.40427, 45.92973 ], [ 1.40326, 45.9276 ], [ 1.4043, 45.92427 ], [ 1.40662, 45.92372 ], [ 1.40905, 45.92096 ], [ 1.41573, 45.92117 ], [ 1.41925, 45.91914 ], [ 1.42052, 45.91553 ] ] } },
{ "type": "Feature", "properties": { "name": null, "weight_class": 1, "permanent": true, "length_km": 3.1 }, "geometry": { "type": "LineString", "coordinates": [ [ 1.42975, 45.94825 ], [ 1.43373, 45.94638 ], [ 1.43515, 45.94461 ], [ 1.43688, 45.93729 ], [ 1.43924, 45.93281 ], [ 1.43898, 45.92882 ], [ 1.44095, 45.9275 ], [ 1.44281, 45.92346 ] ] } },
{ "type": "Feature", "properties": { "name": "la Gane", "weight_class": 1, "permanent": true, "length_km": 5.2 }, "geometry": { "type": "LineString", "coordinates": [ [ 1.43564, 45.96127 ], [ 1.43672, 45.95843 ], [ 1.44063, 45.95575 ], [ 1.44039, 45.95281 ], [ 1.44264, 45.95214 ], [ 1.44425, 45.94432 ], [ 1.44668, 45.94274 ], [ 1.45063, 45.9426 ], [ 1.45143, 45.94142 ], [ 1.45064, 45.9342 ], [ 1.45156, 45.93343 ], [ 1.45026, 45.92904 ], [ 1.45331, 45.92635 ], [ 1.45231, 45.92481 ] ] } },
{ "type": "Feature", "properties": { "name": "la Bobilance", "weight_class": 1, "permanent": true, "length_km": 7.8 }, "geometry": { "type": "MultiLineString", "coordinates": [ [ [ 1.51179, 45.9352 ], [ 1.50837, 45.93777 ], [ 1.50895, 45.94031 ] ], [ [ 1.54537, 45.91867 ], [ 1.54121, 45.92164 ], [ 1.53952, 45.92161 ], [ 1.53795, 45.92392 ], [ 1.53609, 45.92421 ], [ 1.53491, 45.92704 ], [ 1.53332, 45.92786 ], [ 1.53372, 45.929 ], [ 1.53055, 45.93194 ], [ 1.52314, 45.93089 ], [ 1.51864, 45.93137 ], [ 1.51681, 45.93036 ], [ 1.51327, 45.93092 ], [ 1.51294, 45.93244 ], [ 1.50965, 45.93253 ], [ 1.51032, 45.9335 ] ], [ [ 1.56156, 45.90064 ], [ 1.56061, 45.9028 ], [ 1.55843, 45.90409 ], [ 1.55746, 45.90992 ], [ 1.55438, 45.91186 ], [ 1.55177, 45.91621 ], [ 1.54552, 45.91865 ] ] ] } },
{ "type": "Feature", "properties": { "name": null, "weight_class": 1, "permanent": false, "length_km": 2.0 }, "geometry": { "type": "LineString", "coordinates": [ [ 1.47898, 45.9155 ], [ 1.47875, 45.92029 ], [ 1.48136, 45.92439 ], [ 1.47821, 45.92639 ], [ 1.47838, 45.92767 ], [ 1.482, 45.9304 ] ] } },
{ "type": "Feature", "properties": { "name": "la Gasnerie", "weight_class": 1, "permanent": true, "length_km": 3.8 }, "geometry": { "type": "LineString", "coordinates": [ [ 1.50774, 45.91358 ], [ 1.50428, 45.915 ], [ 1.50058, 45.9183 ], [ 1.49325, 45.92067 ], [ 1.49078, 45.92291 ], [ 1.48809, 45.92326 ], [ 1.4877, 45.92583 ], [ 1.48443, 45.92778 ], [ 1.48404, 45.92987 ], [ 1.48027, 45.93156 ], [ 1.47909, 45.93475 ] ] } },
{ "type": "Feature", "properties": { "name": null, "weight_class": 1, "permanent": true, "length_km": 4.2 }, "geometry": { "type": "LineString", "coordinates": [ [ 1.50843, 45.90764 ], [ 1.50898, 45.90443 ], [ 1.50762, 45.90189 ], [ 1.50431, 45.89954 ], [ 1.49656, 45.89783 ], [ 1.49583, 45.89268 ], [ 1.49225, 45.89027 ], [ 1.49292, 45.88831 ], [ 1.49105, 45.8859 ], [ 1.49205, 45.88243 ], [ 1.49014, 45.87991 ] ] } },
{ "type": "Feature", "properties": { "name": "la Mareille/Ruisseau de la Mareille", "weight_class": 1, "permanent": true, "length_km": 8.7 }, "geometry": { "type": "LineString", "coordinates": [ [ 1.59112, 45.89373 ], [ 1.58982, 45.89164 ], [ 1.58548, 45.89141 ], [ 1.57379, 45.88561 ], [ 1.56867, 45.88847 ], [ 1.56538, 45.88842 ], [ 1.5624, 45.88978 ], [ 1.56122, 45.89166 ], [ 1.55797, 45.89293 ], [ 1.55103, 45.89164 ], [ 1.54684, 45.88897 ], [ 1.54419, 45.88918 ], [ 1.54192, 45.89139 ], [ 1.53896, 45.88991 ], [ 1.53646, 45.88621 ], [ 1.53162, 45.88589 ], [ 1.52832, 45.88668 ], [ 1.52736, 45.88474 ], [ 1.52448, 45.88523 ], [ 1.52426, 45.88323 ], [ 1.51846, 45.88081 ], [ 1.5177, 45.87848 ], [ 1.51314, 45.87828 ] ] } },
{ "type": "Feature", "properties": { "name": "Ruisseau de Bassoleil", "weight_class": 1, "permanent": false, "length_km": 5.6 }, "geometry": { "type": "LineString", "coordinates": [ [ 1.47065, 45.89761 ], [ 1.46933, 45.89388 ], [ 1.4713, 45.89162 ], [ 1.46828, 45.88742 ], [ 1.46765, 45.87791 ], [ 1.46148, 45.87215 ], [ 1.45881, 45.87265 ], [ 1.45467, 45.8714 ], [ 1.45309, 45.86952 ], [ 1.44797, 45.86783 ], [ 1.44658, 45.86557 ], [ 1.44114, 45.8629 ], [ 1.43927, 45.86326 ] ] } },
{ "type": "Feature", "properties": { "name": null, "weight_class": 1, "permanent": true, "length_km": 2.2 }, "geometry": { "type": "LineString", "coordinates": [ [ 1.4471, 45.90561 ], [ 1.44251, 45.90869 ], [ 1.44037, 45.9119 ], [ 1.44165, 45.91693 ], [ 1.43778, 45.92214 ] ] } },
{ "type": "Feature", "properties": { "name": null, "weight_class": 1, "permanent": true, "length_km": 3.1 }, "geometry": { "type": "LineString", "coordinates": [ [ 1.47083, 45.9057 ], [ 1.46758, 45.9064 ], [ 1.45778, 45.91315 ], [ 1.45412, 45.91435 ], [ 1.44801, 45.92096 ], [ 1.44268, 45.92345 ] ] } },
{ "type": "Feature", "properties": { "name": null, "weight_class": 1, "permanent": false, "length_km": 4.0 }, "geometry": { "type": "LineString", "coordinates": [ [ 1.43612, 45.9061 ], [ 1.43078, 45.904 ], [ 1.42847, 45.90096 ], [ 1.42423, 45.90018 ], [ 1.41607, 45.8939 ], [ 1.41338, 45.89347 ], [ 1.41185, 45.89182 ], [ 1.40976, 45.89172 ], [ 1.40498, 45.88935 ], [ 1.40274, 45.88753 ], [ 1.40247, 45.88477 ] ] } },
{ "type": "Feature", "properties": { "name": null, "weight_class": 1, "permanent": true, "length_km": 3.6 }, "geometry": { "type": "LineString", "coordinates": [ [ 1.44866, 45.89274 ], [ 1.45247, 45.88754 ], [ 1.44793, 45.88396 ], [ 1.44387, 45.88355 ], [ 1.44122, 45.88209 ], [ 1.43674, 45.88181 ], [ 1.43524, 45.88071 ], [ 1.42917, 45.88026 ], [ 1.42601, 45.87865 ], [ 1.42356, 45.87976 ], [ 1.42143, 45.87936 ] ] } },
{ "type": "Feature", "properties": { "name": null, "weight_class": 1, "permanent": false, "length_km": 2.1 }, "geometry": { "type": "LineString", "coordinates": [ [ 1.51768, 45.86123 ], [ 1.5125, 45.85613 ], [ 1.51237, 45.85323 ], [ 1.50804, 45.8516 ], [ 1.50118, 45.85309 ] ] } },
{ "type": "Feature", "properties": { "name": null, "weight_class": 1, "permanent": true, "length_km": 3.5 }, "geometry": { "type": "LineString", "coordinates": [ [ 1.51611, 45.86408 ], [ 1.51322, 45.86265 ], [ 1.5121, 45.86 ], [ 1.509, 45.8581 ], [ 1.50454, 45.85807 ], [ 1.50112, 45.85302 ], [ 1.49482, 45.85242 ], [ 1.49327, 45.85333 ], [ 1.49153, 45.85285 ], [ 1.48868, 45.8535 ], [ 1.48498, 45.85184 ] ] } },
{ "type": "Feature", "properties": { "name": null, "weight_class": 1, "permanent": true, "length_km": 5.3 }, "geometry": { "type": "LineString", "coordinates": [ [ 1.43945, 45.80858 ], [ 1.44138, 45.80845 ], [ 1.44279, 45.8102 ], [ 1.4452, 45.81107 ], [ 1.44756, 45.81435 ], [ 1.46341, 45.8133 ], [ 1.46498, 45.81424 ], [ 1.46488, 45.81807 ], [ 1.46749, 45.81951 ], [ 1.4681, 45.82198 ], [ 1.47206, 45.82485 ], [ 1.47284, 45.82709 ], [ 1.47511, 45.82745 ], [ 1.47719, 45.82623 ], [ 1.47882, 45.82634 ], [ 1.48105, 45.82857 ] ] } },
{ "type": "Feature", "properties": { "name": null, "weight_class": 1, "permanent": false, "length_km": 2.3 }, "geometry": { "type": "LineString", "coordinates": [ [ 1.44863, 45.88431 ], [ 1.44814, 45.88266 ], [ 1.44558, 45.88335 ], [ 1.4436, 45.88121 ], [ 1.44132, 45.88154 ], [ 1.43937, 45.87964 ], [ 1.4373, 45.87949 ], [ 1.43748, 45.87802 ], [ 1.43975, 45.87781 ], [ 1.44107, 45.87664 ], [ 1.43893, 45.87588 ], [ 1.43738, 45.87372 ] ] } },
{ "type": "Feature", "properties": { "name": null, "weight_class": 1, "permanent": false, "length_km": 2.2 }, "geometry": { "type": "LineString", "coordinates": [ [ 1.42115, 45.85485 ], [ 1.4252, 45.85563 ], [ 1.42822, 45.85739 ], [ 1.42917, 45.85702 ], [ 1.4328, 45.86351 ], [ 1.43232, 45.86471 ], [ 1.43494, 45.8674 ] ] } },
{ "type": "Feature", "properties": { "name": "le Tard", "weight_class": 1, "permanent": true, "length_km": 15.1 }, "geometry": { "type": "LineString", "coordinates": [ [ 1.58815, 45.85731 ], [ 1.5817, 45.85364 ], [ 1.57622, 45.85365 ], [ 1.56533, 45.85133 ], [ 1.56002, 45.8476 ], [ 1.55954, 45.84472 ], [ 1.55398, 45.84145 ], [ 1.55064, 45.84091 ], [ 1.54926, 45.84242 ], [ 1.54492, 45.84049 ], [ 1.54181, 45.84078 ], [ 1.53692, 45.83714 ], [ 1.5295, 45.83432 ], [ 1.52434, 45.83408 ], [ 1.52182, 45.83485 ], [ 1.5185, 45.83227 ], [ 1.51043, 45.83137 ], [ 1.50128, 45.83667 ], [ 1.49855, 45.84147 ], [ 1.49409, 45.84278 ], [ 1.49532, 45.84688 ], [ 1.49363, 45.84992 ], [ 1.49051, 45.84911 ], [ 1.48487, 45.85187 ], [ 1.48424, 45.85069 ], [ 1.48263, 45.8507 ], [ 1.48086, 45.85313 ], [ 1.47909, 45.8532 ], [ 1.4762, 45.85526 ], [ 1.47365, 45.85481 ], [ 1.47174, 45.8566 ], [ 1.46911, 45.85612 ], [ 1.46811, 45.85475 ], [ 1.46169, 45.8574 ], [ 1.45883, 45.85389 ] ] } },
{ "type": "Feature", "properties": { "name": null, "weight_class": 1, "permanent": false, "length_km": 5.6 }, "geometry": { "type": "LineString", "coordinates": [ [ 1.43346, 45.82099 ], [ 1.43329, 45.8223 ], [ 1.43685, 45.82603 ], [ 1.43498, 45.831 ], [ 1.43533, 45.83459 ], [ 1.43364, 45.83552 ], [ 1.43425, 45.83707 ], [ 1.4375, 45.83891 ], [ 1.43832, 45.84266 ], [ 1.44182, 45.8433 ], [ 1.44348, 45.84795 ], [ 1.4424, 45.84882 ], [ 1.44242, 45.85125 ], [ 1.4448, 45.85296 ], [ 1.44386, 45.85398 ], [ 1.44436, 45.85721 ], [ 1.4478, 45.86147 ] ] } },
{ "type": "Feature", "properties": { "name": null, "weight_class": 1, "permanent": false, "length_km": 2.8 }, "geometry": { "type": "LineString", "coordinates": [ [ 1.44321, 45.82471 ], [ 1.45228, 45.82905 ], [ 1.45821, 45.82911 ], [ 1.46394, 45.83063 ], [ 1.47082, 45.83663 ] ] } },
{ "type": "Feature", "properties": { "name": "Ruisseau de la Brousse", "weight_class": 1, "permanent": true, "length_km": 9.2 }, "geometry": { "type": "MultiLineString", "coordinates": [ [ [ 1.63403, 45.78834 ], [ 1.62915, 45.79323 ], [ 1.62317, 45.79241 ], [ 1.62353, 45.78992 ], [ 1.61897, 45.78666 ], [ 1.61739, 45.78775 ], [ 1.61132, 45.78668 ], [ 1.60874, 45.78778 ], [ 1.6064, 45.78697 ], [ 1.60211, 45.79038 ], [ 1.5985, 45.78957 ], [ 1.59423, 45.79146 ], [ 1.59088, 45.79152 ] ], [ [ 1.63891, 45.78608 ], [ 1.63346, 45.78601 ], [ 1.63403, 45.78834 ] ], [ [ 1.63891, 45.78608 ], [ 1.63403, 45.78834 ] ], [ [ 1.6658, 45.8007 ], [ 1.66597, 45.79902 ], [ 1.66332, 45.79537 ], [ 1.65621, 45.79207 ], [ 1.64915, 45.78642 ], [ 1.64661, 45.78661 ], [ 1.64474, 45.78573 ], [ 1.63891, 45.78608 ] ] ] } },
{ "type": "Feature", "properties": { "name": "Ruisseau de Veyviale", "weight_class": 2, "permanent": true, "length_km": 2.2 }, "geometry": { "type": "LineString", "coordinates": [ [ 1.50066, 45.79441 ], [ 1.50584, 45.79627 ], [ 1.50588, 45.79755 ], [ 1.5085, 45.79873 ], [ 1.51016, 45.80213 ], [ 1.51369, 45.80415 ], [ 1.51426, 45.80642 ], [ 1.51623, 45.80789 ] ] } },
{ "type": "Feature", "properties": { "name": "Ruisseau de l'Âme de l'Âne", "weight_class": 1, "permanent": true, "length_km": 4.3 }, "geometry": { "type": "LineString", "coordinates": [ [ 1.46087, 45.7876 ], [ 1.45687, 45.7839 ], [ 1.45556, 45.78107 ], [ 1.45614, 45.77654 ], [ 1.45223, 45.77163 ], [ 1.44859, 45.77022 ], [ 1.44698, 45.76758 ], [ 1.44773, 45.76629 ], [ 1.44584, 45.76515 ], [ 1.44667, 45.76423 ], [ 1.44502, 45.76242 ], [ 1.44756, 45.75838 ], [ 1.44704, 45.7564 ] ] } },
{ "type": "Feature", "properties": { "name": "Ruisseau de Vergnas", "weight_class": 1, "permanent": true, "length_km": 2.4 }, "geometry": { "type": "LineString", "coordinates": [ [ 1.65802, 45.73136 ], [ 1.65704, 45.7363 ], [ 1.65321, 45.7389 ], [ 1.6487, 45.74032 ], [ 1.64394, 45.73963 ], [ 1.6377, 45.74241 ] ] } },
{ "type": "Feature", "properties": { "name": "Ruisseau de la Planche Suge", "weight_class": 2, "permanent": true, "length_km": 4.7 }, "geometry": { "type": "LineString", "coordinates": [ [ 1.50932, 45.75606 ], [ 1.51068, 45.75748 ], [ 1.51352, 45.75692 ], [ 1.51698, 45.75837 ], [ 1.52442, 45.75589 ], [ 1.52572, 45.75448 ], [ 1.53264, 45.7545 ], [ 1.53511, 45.75335 ], [ 1.53801, 45.7542 ], [ 1.53877, 45.75553 ], [ 1.5432, 45.75798 ], [ 1.54934, 45.75872 ], [ 1.55559, 45.7635 ] ] } },
{ "type": "Feature", "properties": { "name": "Ruisseau de Nontyon", "weight_class": 1, "permanent": true, "length_km": 5.8 }, "geometry": { "type": "LineString", "coordinates": [ [ 1.41669, 45.76508 ], [ 1.40828, 45.7533 ], [ 1.40292, 45.75117 ], [ 1.39919, 45.75074 ], [ 1.40015, 45.7502 ], [ 1.39971, 45.74861 ], [ 1.39474, 45.74614 ], [ 1.3919, 45.74288 ], [ 1.38405, 45.74097 ], [ 1.38285, 45.73938 ], [ 1.37825, 45.73847 ], [ 1.37524, 45.73657 ], [ 1.37282, 45.73652 ] ] } },
{ "type": "Feature", "properties": { "name": "Ruisseau de la Forêt", "weight_class": 1, "permanent": true, "length_km": 2.0 }, "geometry": { "type": "LineString", "coordinates": [ [ 1.69144, 45.73733 ], [ 1.68485, 45.73713 ], [ 1.68057, 45.73891 ], [ 1.67979, 45.74084 ], [ 1.68073, 45.7484 ] ] } },
{ "type": "Feature", "properties": { "name": "Ruisseau de la Prairie", "weight_class": 1, "permanent": true, "length_km": 5.7 }, "geometry": { "type": "LineString", "coordinates": [ [ 1.59959, 45.68003 ], [ 1.60121, 45.68542 ], [ 1.59997, 45.68953 ], [ 1.6059, 45.69595 ], [ 1.60673, 45.69888 ], [ 1.60472, 45.7036 ], [ 1.59698, 45.71045 ], [ 1.59914, 45.71458 ], [ 1.59674, 45.71766 ], [ 1.59919, 45.71931 ], [ 1.59946, 45.72126 ], [ 1.60136, 45.72301 ] ] } },
{ "type": "Feature", "properties": { "name": "Ruisseau du Petit Bueix", "weight_class": 1, "permanent": true, "length_km": 2.7 }, "geometry": { "type": "LineString", "coordinates": [ [ 1.575, 45.71836 ], [ 1.58401, 45.71438 ], [ 1.58915, 45.71557 ], [ 1.59983, 45.72379 ] ] } },
{ "type": "Feature", "properties": { "name": "Ruisseau de Begogne", "weight_class": 1, "permanent": true, "length_km": 3.7 }, "geometry": { "type": "LineString", "coordinates": [ [ 1.54708, 45.72235 ], [ 1.54812, 45.72639 ], [ 1.54711, 45.72913 ], [ 1.54999, 45.73112 ], [ 1.5545, 45.73775 ], [ 1.56013, 45.73902 ], [ 1.55951, 45.74013 ], [ 1.56296, 45.74571 ], [ 1.56678, 45.74749 ] ] } },
{ "type": "Feature", "properties": { "name": "Ruisseau de Bournareux", "weight_class": 1, "permanent": true, "length_km": 4.8 }, "geometry": { "type": "LineString", "coordinates": [ [ 1.48722, 45.73411 ], [ 1.48417, 45.73419 ], [ 1.4828, 45.73235 ], [ 1.47895, 45.73043 ], [ 1.4755, 45.72643 ], [ 1.4706, 45.72362 ], [ 1.46388, 45.72492 ], [ 1.46163, 45.72366 ], [ 1.45751, 45.72317 ], [ 1.45411, 45.72104 ], [ 1.44986, 45.72101 ], [ 1.44613, 45.72203 ], [ 1.44401, 45.72123 ], [ 1.44361, 45.71955 ], [ 1.44046, 45.72007 ] ] } },
{ "type": "Feature", "properties": { "name": "Ruisseau de la Gouzonie", "weight_class": 1, "permanent": true, "length_km": 3.0 }, "geometry": { "type": "LineString", "coordinates": [ [ 1.42719, 45.70165 ], [ 1.42547, 45.70031 ], [ 1.42016, 45.70233 ], [ 1.41714, 45.70196 ], [ 1.41057, 45.69697 ], [ 1.40947, 45.69342 ], [ 1.40263, 45.6895 ] ] } },
{ "type": "Feature", "properties": { "name": "Ruisseau de Rebeyrolle", "weight_class": 1, "permanent": true, "length_km": 6.4 }, "geometry": { "type": "LineString", "coordinates": [ [ 1.4351, 45.79717 ], [ 1.43483, 45.7925 ], [ 1.43191, 45.78617 ], [ 1.42634, 45.78304 ], [ 1.42557, 45.78139 ], [ 1.42586, 45.77889 ], [ 1.42799, 45.77683 ], [ 1.42787, 45.76663 ], [ 1.43028, 45.76384 ], [ 1.42896, 45.7622 ], [ 1.43016, 45.76029 ], [ 1.42975, 45.75848 ], [ 1.4321, 45.75668 ], [ 1.43241, 45.75353 ], [ 1.43467, 45.7521 ], [ 1.43529, 45.74974 ] ] } },
{ "type": "Feature", "properties": { "name": "l'Anguienne", "weight_class": 2, "permanent": true, "length_km": 9.4 }, "geometry": { "type": "LineString", "coordinates": [ [ 1.48898, 45.75612 ], [ 1.47962, 45.75524 ], [ 1.47112, 45.75243 ], [ 1.46361, 45.75409 ], [ 1.45957, 45.75297 ], [ 1.44961, 45.75647 ], [ 1.44704, 45.7564 ], [ 1.44273, 45.7537 ], [ 1.44187, 45.75159 ], [ 1.4378, 45.75128 ], [ 1.43399, 45.74845 ], [ 1.43057, 45.74861 ], [ 1.42983, 45.74577 ], [ 1.42659, 45.74715 ], [ 1.42421, 45.74293 ], [ 1.4212, 45.74276 ], [ 1.42048, 45.74385 ], [ 1.41754, 45.74105 ], [ 1.41414, 45.74044 ], [ 1.41318, 45.73746 ], [ 1.40958, 45.73601 ], [ 1.40553, 45.73571 ] ] } },
{ "type": "Feature", "properties": { "name": "l'Artigeas", "weight_class": 1, "permanent": true, "length_km": 6.8 }, "geometry": { "type": "LineString", "coordinates": [ [ 1.73691, 45.78339 ], [ 1.73331, 45.78307 ], [ 1.72928, 45.78931 ], [ 1.72123, 45.79067 ], [ 1.71889, 45.79357 ], [ 1.71547, 45.79492 ], [ 1.70899, 45.79558 ], [ 1.69884, 45.79202 ], [ 1.69195, 45.7947 ], [ 1.68779, 45.79506 ], [ 1.68741, 45.7969 ], [ 1.68527, 45.79868 ], [ 1.68644, 45.80762 ], [ 1.68562, 45.81067 ] ] } },
{ "type": "Feature", "properties": { "name": null, "weight_class": 1, "permanent": true, "length_km": 2.4 }, "geometry": { "type": "LineString", "coordinates": [ [ 1.57428, 45.80622 ], [ 1.57935, 45.80258 ], [ 1.58032, 45.80053 ], [ 1.58368, 45.79908 ], [ 1.58274, 45.7978 ], [ 1.58495, 45.78874 ] ] } },
{ "type": "Feature", "properties": { "name": null, "weight_class": 1, "permanent": true, "length_km": 2.7 }, "geometry": { "type": "LineString", "coordinates": [ [ 1.4845, 45.78346 ], [ 1.48097, 45.78882 ], [ 1.47832, 45.79013 ], [ 1.47797, 45.80072 ], [ 1.47352, 45.80224 ] ] } },
{ "type": "Feature", "properties": { "name": null, "weight_class": 1, "permanent": false, "length_km": 2.5 }, "geometry": { "type": "LineString", "coordinates": [ [ 1.58123, 45.76288 ], [ 1.57154, 45.77133 ], [ 1.57258, 45.77749 ], [ 1.5686, 45.78091 ] ] } },
{ "type": "Feature", "properties": { "name": "la Combade", "weight_class": 1, "permanent": true, "length_km": 34.3 }, "geometry": { "type": "MultiLineString", "coordinates": [ [ [ 1.69943, 45.63398 ], [ 1.69611, 45.63372 ], [ 1.69082, 45.63774 ], [ 1.68893, 45.63813 ], [ 1.68891, 45.64288 ], [ 1.68099, 45.64627 ], [ 1.67966, 45.64922 ], [ 1.67407, 45.65302 ], [ 1.67324, 45.65538 ], [ 1.67003, 45.65848 ], [ 1.67003, 45.66457 ], [ 1.66508, 45.66637 ], [ 1.66193, 45.66639 ], [ 1.65855, 45.66923 ], [ 1.65496, 45.67024 ], [ 1.65476, 45.67303 ], [ 1.65762, 45.67768 ], [ 1.654, 45.6802 ], [ 1.65131, 45.68471 ], [ 1.65385, 45.69169 ], [ 1.65243, 45.69277 ], [ 1.65351, 45.69444 ], [ 1.65104, 45.69944 ], [ 1.64797, 45.7006 ], [ 1.6469, 45.70274 ], [ 1.64359, 45.70485 ], [ 1.64131, 45.70329 ], [ 1.63828, 45.70354 ], [ 1.6353, 45.70694 ], [ 1.63226, 45.70646 ], [ 1.62889, 45.70946 ], [ 1.6279, 45.71319 ], [ 1.62568, 45.71443 ], [ 1.6216, 45.71472 ], [ 1.62019, 45.71321 ], [ 1.61778, 45.7137 ], [ 1.6115, 45.71698 ], [ 1.60459, 45.71891 ], [ 1.60394, 45.71989 ], [ 1.60631, 45.72203 ], [ 1.60611, 45.72327 ], [ 1.6047, 45.72423 ], [ 1.6015, 45.72301 ], [ 1.59983, 45.72379 ], [ 1.60094, 45.72887 ], [ 1.59885, 45.72991 ], [ 1.59792, 45.7323 ], [ 1.59556, 45.73302 ], [ 1.59145, 45.7314 ], [ 1.58968, 45.73247 ], [ 1.59455, 45.73726 ], [ 1.59397, 45.73914 ], [ 1.58751, 45.74034 ], [ 1.58497, 45.74336 ], [ 1.58267, 45.74446 ], [ 1.57878, 45.7427 ], [ 1.57657, 45.74604 ], [ 1.57223, 45.7485 ], [ 1.57018, 45.74628 ], [ 1.56704, 45.74722 ], [ 1.5672, 45.75001 ], [ 1.56328, 45.74947 ], [ 1.56291, 45.74742 ], [ 1.56108, 45.74822 ], [ 1.56202, 45.7545 ], [ 1.55949, 45.75495 ], [ 1.55871, 45.75339 ], [ 1.55552, 45.75513 ], [ 1.55904, 45.75794 ], [ 1.55347, 45.76589 ], [ 1.55635, 45.76864 ], [ 1.55855, 45.77797 ], [ 1.5576, 45.77854 ], [ 1.55486, 45.77713 ], [ 1.55159, 45.78038 ], [ 1.55341, 45.78597 ] ], [ [ 1.71314, 45.64016 ], [ 1.71056, 45.64216 ], [ 1.70884, 45.64185 ], [ 1.70613, 45.63924 ] ], [ [ 1.75293, 45.64388 ], [ 1.7519, 45.64466 ], [ 1.74986, 45.6443 ], [ 1.74674, 45.6467 ], [ 1.7442, 45.64671 ], [ 1.74366, 45.64509 ], [ 1.73851, 45.64398 ], [ 1.73728, 45.64239 ], [ 1.73053, 45.64191 ], [ 1.728, 45.63797 ], [ 1.72599, 45.63892 ], [ 1.72259, 45.63877 ] ] ] } },
{ "type": "Feature", "properties": { "name": null, "weight_class": 1, "permanent": false, "length_km": 4.1 }, "geometry": { "type": "LineString", "coordinates": [ [ 1.52376, 45.77242 ], [ 1.52474, 45.77579 ], [ 1.52019, 45.77846 ], [ 1.51935, 45.78041 ], [ 1.51643, 45.78256 ], [ 1.51586, 45.78879 ], [ 1.5175, 45.79052 ], [ 1.51778, 45.79665 ], [ 1.52394, 45.80317 ] ] } },
{ "type": "Feature", "properties": { "name": null, "weight_class": 2, "permanent": true, "length_km": 2.8 }, "geometry": { "type": "LineString", "coordinates": [ [ 1.53115, 45.7729 ], [ 1.53413, 45.77394 ], [ 1.5353, 45.77823 ], [ 1.53855, 45.78001 ], [ 1.53995, 45.78682 ], [ 1.53648, 45.79125 ], [ 1.53754, 45.79401 ] ] } },
{ "type": "Feature", "properties": { "name": "Ruisseau de la Tronchère", "weight_class": 1, "permanent": true, "length_km": 4.2 }, "geometry": { "type": "LineString", "coordinates": [ [ 1.49881, 45.76587 ], [ 1.49595, 45.76781 ], [ 1.48485, 45.76865 ], [ 1.47975, 45.77231 ], [ 1.47448, 45.77175 ], [ 1.47211, 45.77265 ], [ 1.45537, 45.77343 ], [ 1.45293, 45.77276 ] ] } },
{ "type": "Feature", "properties": { "name": null, "weight_class": 1, "permanent": true, "length_km": 2.1 }, "geometry": { "type": "LineString", "coordinates": [ [ 1.61928, 45.73734 ], [ 1.61279, 45.74871 ], [ 1.6147, 45.75164 ], [ 1.61436, 45.75343 ] ] } },
{ "type": "Feature", "properties": { "name": null, "weight_class": 1, "permanent": false, "length_km": 2.2 }, "geometry": { "type": "LineString", "coordinates": [ [ 1.60288, 45.7503 ], [ 1.60113, 45.75094 ], [ 1.59919, 45.7582 ], [ 1.6026, 45.76593 ], [ 1.60123, 45.76828 ] ] } },
{ "type": "Feature", "properties": { "name": "le Vergnas", "weight_class": 1, "permanent": false, "length_km": 5.3 }, "geometry": { "type": "LineString", "coordinates": [ [ 1.63511, 45.73671 ], [ 1.6375, 45.73966 ], [ 1.6377, 45.74241 ], [ 1.63263, 45.74341 ], [ 1.62859, 45.74708 ], [ 1.62581, 45.74709 ], [ 1.61838, 45.75308 ], [ 1.61436, 45.75343 ], [ 1.61381, 45.76183 ], [ 1.6123, 45.76258 ], [ 1.61153, 45.76632 ], [ 1.61482, 45.76942 ] ] } },
{ "type": "Feature", "properties": { "name": "Ruisseau de la Boucolle", "weight_class": 1, "permanent": true, "length_km": 7.2 }, "geometry": { "type": "LineString", "coordinates": [ [ 1.5036, 45.7537 ], [ 1.50235, 45.75023 ], [ 1.49736, 45.74531 ], [ 1.48708, 45.74465 ], [ 1.4855, 45.74339 ], [ 1.4816, 45.74329 ], [ 1.4806, 45.74236 ], [ 1.47206, 45.74278 ], [ 1.4634, 45.74472 ], [ 1.46171, 45.74654 ], [ 1.45804, 45.74588 ], [ 1.45455, 45.74768 ], [ 1.45296, 45.74693 ], [ 1.45059, 45.74821 ], [ 1.44389, 45.74754 ], [ 1.44104, 45.74902 ], [ 1.43382, 45.74842 ] ] } },
{ "type": "Feature", "properties": { "name": null, "weight_class": 1, "permanent": false, "length_km": 2.5 }, "geometry": { "type": "LineString", "coordinates": [ [ 1.47856, 45.76456 ], [ 1.47377, 45.76359 ], [ 1.47112, 45.76415 ], [ 1.4692, 45.76291 ], [ 1.46549, 45.76261 ], [ 1.45762, 45.75674 ], [ 1.45755, 45.75577 ], [ 1.45433, 45.7547 ] ] } },
{ "type": "Feature", "properties": { "name": null, "weight_class": 1, "permanent": false, "length_km": 2.2 }, "geometry": { "type": "LineString", "coordinates": [ [ 1.40599, 45.76764 ], [ 1.40428, 45.76874 ], [ 1.40148, 45.76794 ], [ 1.39864, 45.76835 ], [ 1.39543, 45.76638 ], [ 1.39152, 45.76136 ], [ 1.38657, 45.76023 ] ] } },
{ "type": "Feature", "properties": { "name": "l'Essart", "weight_class": 1, "permanent": true, "length_km": 3.0 }, "geometry": { "type": "LineString", "coordinates": [ [ 1.57116, 45.72168 ], [ 1.57065, 45.7258 ], [ 1.57954, 45.73064 ], [ 1.58226, 45.73539 ], [ 1.58353, 45.74086 ], [ 1.58023, 45.74318 ] ] } },
{ "type": "Feature", "properties": { "name": null, "weight_class": 1, "permanent": true, "length_km": 4.1 }, "geometry": { "type": "LineString", "coordinates": [ [ 1.41691, 45.71078 ], [ 1.41171, 45.7111 ], [ 1.41018, 45.71368 ], [ 1.40617, 45.71591 ], [ 1.40255, 45.71696 ], [ 1.40078, 45.71632 ], [ 1.39449, 45.72061 ], [ 1.39056, 45.72143 ], [ 1.38696, 45.72391 ], [ 1.38344, 45.7296 ] ] } },
{ "type": "Feature", "properties": { "name": null, "weight_class": 1, "permanent": true, "length_km": 2.8 }, "geometry": { "type": "LineString", "coordinates": [ [ 1.40128, 45.70917 ], [ 1.395, 45.70901 ], [ 1.38745, 45.70715 ], [ 1.38529, 45.70828 ], [ 1.37797, 45.70858 ], [ 1.37371, 45.70653 ], [ 1.37316, 45.7054 ], [ 1.37455, 45.70356 ] ] } },
{ "type": "Feature", "properties": { "name": null, "weight_class": 1, "permanent": true, "length_km": 7.0 }, "geometry": { "type": "LineString", "coordinates": [ [ 1.55534, 45.70444 ], [ 1.54264, 45.69762 ], [ 1.54263, 45.69548 ], [ 1.54029, 45.69252 ], [ 1.53642, 45.69052 ], [ 1.53253, 45.68679 ], [ 1.52863, 45.68518 ], [ 1.53016, 45.67949 ], [ 1.52729, 45.67939 ], [ 1.52284, 45.67643 ], [ 1.52078, 45.67299 ], [ 1.52085, 45.66923 ], [ 1.51725, 45.66669 ], [ 1.51697, 45.66527 ], [ 1.51293, 45.66332 ], [ 1.51, 45.66419 ] ] } },
{ "type": "Feature", "properties": { "name": "Rivière la Grande Briance", "weight_class": 1, "permanent": true, "length_km": 3.4 }, "geometry": { "type": "LineString", "coordinates": [ [ 1.63528, 45.59439 ], [ 1.63285, 45.59425 ], [ 1.62955, 45.59623 ], [ 1.62949, 45.59877 ], [ 1.63217, 45.60069 ], [ 1.62821, 45.60446 ], [ 1.62027, 45.60738 ], [ 1.61809, 45.6095 ], [ 1.61185, 45.61031 ] ] } },
{ "type": "Feature", "properties": { "name": null, "weight_class": 1, "permanent": false, "length_km": 2.5 }, "geometry": { "type": "LineString", "coordinates": [ [ 1.63696, 45.62578 ], [ 1.62933, 45.62267 ], [ 1.62632, 45.62325 ], [ 1.62069, 45.61719 ], [ 1.61542, 45.61589 ] ] } },
{ "type": "Feature", "properties": { "name": null, "weight_class": 2, "permanent": true, "length_km": 2.2 }, "geometry": { "type": "LineString", "coordinates": [ [ 1.49722, 45.68555 ], [ 1.49535, 45.68623 ], [ 1.49285, 45.68505 ], [ 1.49, 45.68565 ], [ 1.47457, 45.68261 ], [ 1.47269, 45.68131 ] ] } },
{ "type": "Feature", "properties": { "name": null, "weight_class": 1, "permanent": true, "length_km": 2.3 }, "geometry": { "type": "LineString", "coordinates": [ [ 1.43873, 45.69399 ], [ 1.43209, 45.68051 ], [ 1.43041, 45.67981 ], [ 1.42968, 45.67816 ], [ 1.42617, 45.67757 ] ] } },
{ "type": "Feature", "properties": { "name": null, "weight_class": 1, "permanent": false, "length_km": 2.5 }, "geometry": { "type": "LineString", "coordinates": [ [ 1.4585, 45.69318 ], [ 1.45411, 45.69032 ], [ 1.44849, 45.68984 ], [ 1.44589, 45.68861 ], [ 1.44139, 45.68223 ], [ 1.44227, 45.68002 ], [ 1.44118, 45.6795 ] ] } },
{ "type": "Feature", "properties": { "name": null, "weight_class": 1, "permanent": true, "length_km": 4.1 }, "geometry": { "type": "LineString", "coordinates": [ [ 1.62281, 45.65163 ], [ 1.62532, 45.65048 ], [ 1.63399, 45.65089 ], [ 1.64187, 45.65561 ], [ 1.64395, 45.65831 ], [ 1.65993, 45.66363 ], [ 1.66095, 45.66436 ], [ 1.66092, 45.66711 ] ] } },
{ "type": "Feature", "properties": { "name": null, "weight_class": 1, "permanent": true, "length_km": 8.9 }, "geometry": { "type": "LineString", "coordinates": [ [ 1.6072, 45.65442 ], [ 1.60494, 45.65391 ], [ 1.5984, 45.64943 ], [ 1.5975, 45.64619 ], [ 1.59319, 45.64363 ], [ 1.58777, 45.64338 ], [ 1.583, 45.64466 ], [ 1.57892, 45.64406 ], [ 1.57498, 45.64534 ], [ 1.57366, 45.64886 ], [ 1.57172, 45.65043 ], [ 1.56663, 45.65179 ], [ 1.56333, 45.65142 ], [ 1.56139, 45.64975 ], [ 1.55913, 45.64976 ], [ 1.55965, 45.64844 ], [ 1.55842, 45.64699 ], [ 1.55476, 45.64699 ], [ 1.55058, 45.64333 ], [ 1.5486, 45.64306 ], [ 1.54769, 45.64406 ], [ 1.54362, 45.64279 ], [ 1.54036, 45.64023 ], [ 1.54006, 45.63844 ], [ 1.53501, 45.63661 ], [ 1.53424, 45.63315 ], [ 1.53175, 45.63304 ] ] } },
{ "type": "Feature", "properties": { "name": null, "weight_class": 1, "permanent": false, "length_km": 2.8 }, "geometry": { "type": "LineString", "coordinates": [ [ 1.63253, 45.67307 ], [ 1.6349, 45.67131 ], [ 1.63876, 45.67016 ], [ 1.64078, 45.66717 ], [ 1.64488, 45.66806 ], [ 1.64795, 45.66659 ], [ 1.65208, 45.66686 ], [ 1.65731, 45.6679 ], [ 1.65835, 45.66923 ] ] } },
{ "type": "Feature", "properties": { "name": null, "weight_class": 1, "permanent": true, "length_km": 2.8 }, "geometry": { "type": "LineString", "coordinates": [ [ 1.54795, 45.6625 ], [ 1.54332, 45.66266 ], [ 1.53933, 45.6612 ], [ 1.53503, 45.66192 ], [ 1.53085, 45.667 ], [ 1.51934, 45.66797 ] ] } },
{ "type": "Feature", "properties": { "name": null, "weight_class": 1, "permanent": true, "length_km": 8.8 }, "geometry": { "type": "LineString", "coordinates": [ [ 1.6092, 45.66465 ], [ 1.60273, 45.66164 ], [ 1.60071, 45.66153 ], [ 1.59333, 45.66448 ], [ 1.59037, 45.66722 ], [ 1.58781, 45.66715 ], [ 1.58378, 45.66437 ], [ 1.5792, 45.66412 ], [ 1.57357, 45.66581 ], [ 1.5695, 45.66881 ], [ 1.5636, 45.66754 ], [ 1.56113, 45.67079 ], [ 1.55679, 45.67336 ], [ 1.55545, 45.67625 ], [ 1.55369, 45.677 ], [ 1.54902, 45.67638 ], [ 1.54784, 45.67543 ], [ 1.54195, 45.67775 ], [ 1.53759, 45.67611 ], [ 1.52194, 45.67496 ] ] } },
{ "type": "Feature", "properties": { "name": "la Petite Briance", "weight_class": 2, "permanent": true, "length_km": 18.6 }, "geometry": { "type": "LineString", "coordinates": [ [ 1.53886, 45.58763 ], [ 1.53772, 45.5901 ], [ 1.53273, 45.58997 ], [ 1.52872, 45.588 ], [ 1.52733, 45.58654 ], [ 1.52705, 45.58377 ], [ 1.52489, 45.58311 ], [ 1.51957, 45.58621 ], [ 1.51382, 45.58813 ], [ 1.51455, 45.58948 ], [ 1.51133, 45.5926 ], [ 1.50821, 45.59255 ], [ 1.5044, 45.59524 ], [ 1.5023, 45.59422 ], [ 1.49887, 45.59724 ], [ 1.49646, 45.59748 ], [ 1.49422, 45.59934 ], [ 1.4925, 45.60295 ], [ 1.48756, 45.60272 ], [ 1.48079, 45.60436 ], [ 1.4801, 45.60785 ], [ 1.47751, 45.60729 ], [ 1.47754, 45.61011 ], [ 1.4729, 45.61244 ], [ 1.47427, 45.61585 ], [ 1.47142, 45.61631 ], [ 1.47054, 45.61777 ], [ 1.46569, 45.61984 ], [ 1.4668, 45.62068 ], [ 1.46658, 45.62335 ], [ 1.46466, 45.62489 ], [ 1.46592, 45.62689 ], [ 1.46381, 45.62858 ], [ 1.46427, 45.63108 ], [ 1.46089, 45.63805 ], [ 1.45834, 45.63803 ], [ 1.4603, 45.64195 ], [ 1.45895, 45.64383 ], [ 1.45628, 45.64431 ], [ 1.45708, 45.64882 ], [ 1.45488, 45.65132 ], [ 1.45507, 45.65337 ], [ 1.45142, 45.65455 ], [ 1.45197, 45.65593 ], [ 1.45034, 45.65723 ], [ 1.44878, 45.65717 ], [ 1.4454, 45.65997 ], [ 1.44546, 45.66166 ], [ 1.44223, 45.66367 ], [ 1.44001, 45.66699 ], [ 1.43739, 45.66698 ], [ 1.43678, 45.67048 ], [ 1.43231, 45.67426 ] ] } },
{ "type": "Feature", "properties": { "name": "Ruisseau de Fressanges", "weight_class": 1, "permanent": true, "length_km": 2.9 }, "geometry": { "type": "LineString", "coordinates": [ [ 1.4199, 45.65051 ], [ 1.41932, 45.6528 ], [ 1.41403, 45.65517 ], [ 1.41224, 45.65871 ], [ 1.40912, 45.66038 ], [ 1.40762, 45.66404 ], [ 1.40837, 45.67013 ], [ 1.40717, 45.67116 ] ] } },
{ "type": "Feature", "properties": { "name": null, "weight_class": 1, "permanent": false, "length_km": 2.6 }, "geometry": { "type": "LineString", "coordinates": [ [ 1.63948, 45.62431 ], [ 1.6374, 45.62088 ], [ 1.63393, 45.62033 ], [ 1.63252, 45.61817 ], [ 1.6288, 45.61693 ], [ 1.62525, 45.61244 ], [ 1.62327, 45.61157 ], [ 1.62337, 45.6106 ], [ 1.61952, 45.60831 ] ] } },
{ "type": "Feature", "properties": { "name": "Ruisseau de la Perche l'Oiseau", "weight_class": 1, "permanent": true, "length_km": 4.7 }, "geometry": { "type": "LineString", "coordinates": [ [ 1.6124, 45.64641 ], [ 1.60894, 45.64146 ], [ 1.6017, 45.63635 ], [ 1.59977, 45.63127 ], [ 1.59557, 45.62752 ], [ 1.59378, 45.62334 ], [ 1.59441, 45.62212 ], [ 1.59135, 45.62045 ], [ 1.58928, 45.6207 ], [ 1.58158, 45.61631 ] ] } },
{ "type": "Feature", "properties": { "name": "la Ribeyrie", "weight_class": 1, "permanent": true, "length_km": 5.0 }, "geometry": { "type": "LineString", "coordinates": [ [ 1.63084, 45.6393 ], [ 1.63496, 45.63701 ], [ 1.63982, 45.63587 ], [ 1.64386, 45.63619 ], [ 1.64746, 45.63484 ], [ 1.65195, 45.63537 ], [ 1.65319, 45.63701 ], [ 1.66293, 45.64068 ], [ 1.66444, 45.643 ], [ 1.67079, 45.64588 ], [ 1.67408, 45.64886 ], [ 1.67767, 45.64917 ], [ 1.67857, 45.65016 ] ] } },
{ "type": "Feature", "properties": { "name": null, "weight_class": 1, "permanent": false, "length_km": 3.1 }, "geometry": { "type": "LineString", "coordinates": [ [ 1.48964, 45.64981 ], [ 1.48601, 45.64827 ], [ 1.47956, 45.6427 ], [ 1.47442, 45.64279 ], [ 1.47194, 45.64151 ], [ 1.4668, 45.642 ], [ 1.46334, 45.64033 ], [ 1.45938, 45.64092 ] ] } },
{ "type": "Feature", "properties": { "name": null, "weight_class": 1, "permanent": true, "length_km": 3.1 }, "geometry": { "type": "LineString", "coordinates": [ [ 1.49323, 45.63653 ], [ 1.49013, 45.63552 ], [ 1.48851, 45.63351 ], [ 1.48465, 45.6326 ], [ 1.48166, 45.6308 ], [ 1.4774, 45.6303 ], [ 1.47404, 45.6282 ], [ 1.47313, 45.62904 ], [ 1.467, 45.62927 ], [ 1.46417, 45.63067 ] ] } },
{ "type": "Feature", "properties": { "name": null, "weight_class": 1, "permanent": true, "length_km": 3.0 }, "geometry": { "type": "LineString", "coordinates": [ [ 1.50107, 45.6297 ], [ 1.49758, 45.62947 ], [ 1.4944, 45.62558 ], [ 1.48684, 45.62352 ], [ 1.48401, 45.62041 ], [ 1.47429, 45.61542 ] ] } },
{ "type": "Feature", "properties": { "name": "la Tamanie", "weight_class": 1, "permanent": true, "length_km": 3.9 }, "geometry": { "type": "LineString", "coordinates": [ [ 1.41928, 45.61443 ], [ 1.41673, 45.61482 ], [ 1.41484, 45.61619 ], [ 1.41392, 45.61776 ], [ 1.4146, 45.61922 ], [ 1.41226, 45.62152 ], [ 1.40687, 45.62177 ], [ 1.40256, 45.62435 ], [ 1.3987, 45.62353 ], [ 1.39799, 45.62531 ], [ 1.39446, 45.62608 ], [ 1.39076, 45.62999 ], [ 1.38926, 45.63027 ], [ 1.38889, 45.63272 ] ] } },
{ "type": "Feature", "properties": { "name": "le Lyssaures", "weight_class": 1, "permanent": true, "length_km": 4.7 }, "geometry": { "type": "LineString", "coordinates": [ [ 1.4108, 45.63339 ], [ 1.40578, 45.63414 ], [ 1.4039, 45.63318 ], [ 1.40029, 45.63433 ], [ 1.38955, 45.63241 ], [ 1.37979, 45.63336 ], [ 1.37649, 45.63212 ], [ 1.37528, 45.63539 ], [ 1.37623, 45.6363 ], [ 1.37362, 45.63845 ], [ 1.37185, 45.63872 ], [ 1.37072, 45.64086 ], [ 1.36706, 45.6413 ] ] } },
{ "type": "Feature", "properties": { "name": null, "weight_class": 1, "permanent": false, "length_km": 2.3 }, "geometry": { "type": "LineString", "coordinates": [ [ 1.64554, 45.6173 ], [ 1.64082, 45.61525 ], [ 1.63726, 45.61511 ], [ 1.62431, 45.60899 ], [ 1.62176, 45.60687 ] ] } },
{ "type": "Feature", "properties": { "name": null, "weight_class": 1, "permanent": true, "length_km": 6.0 }, "geometry": { "type": "LineString", "coordinates": [ [ 1.64587, 45.62481 ], [ 1.65305, 45.62257 ], [ 1.66093, 45.61542 ], [ 1.66471, 45.61357 ], [ 1.66802, 45.61364 ], [ 1.66993, 45.61434 ], [ 1.67086, 45.61686 ], [ 1.67399, 45.61855 ], [ 1.67435, 45.62 ], [ 1.67979, 45.62207 ], [ 1.68099, 45.62516 ], [ 1.68521, 45.62628 ], [ 1.68876, 45.62967 ], [ 1.69517, 45.63148 ], [ 1.6964, 45.63366 ] ] } },
{ "type": "Feature", "properties": { "name": "Ruisseau de Fournaud", "weight_class": 1, "permanent": true, "length_km": 5.9 }, "geometry": { "type": "LineString", "coordinates": [ [ 1.60041, 45.59298 ], [ 1.59662, 45.59454 ], [ 1.59428, 45.59079 ], [ 1.58685, 45.59023 ], [ 1.58575, 45.59304 ], [ 1.58186, 45.59723 ], [ 1.5772, 45.59733 ], [ 1.56631, 45.60208 ], [ 1.56377, 45.60489 ], [ 1.56401, 45.60638 ], [ 1.561, 45.60689 ], [ 1.55974, 45.60917 ], [ 1.55564, 45.61179 ], [ 1.55641, 45.61284 ], [ 1.55558, 45.6145 ] ] } },
{ "type": "Feature", "properties": { "name": null, "weight_class": 1, "permanent": true, "length_km": 4.3 }, "geometry": { "type": "LineString", "coordinates": [ [ 1.53654, 45.61156 ], [ 1.53414, 45.61226 ], [ 1.52859, 45.61073 ], [ 1.52594, 45.60165 ], [ 1.52467, 45.60032 ], [ 1.52161, 45.59952 ], [ 1.52133, 45.59758 ], [ 1.51828, 45.5949 ], [ 1.51418, 45.59609 ], [ 1.5119, 45.59502 ], [ 1.50842, 45.5967 ], [ 1.50477, 45.59478 ] ] } },
{ "type": "Feature", "properties": { "name": null, "weight_class": 1, "permanent": true, "length_km": 2.2 }, "geometry": { "type": "LineString", "coordinates": [ [ 1.50502, 45.61486 ], [ 1.50293, 45.61296 ], [ 1.50184, 45.60968 ], [ 1.4984, 45.60919 ], [ 1.49249, 45.60618 ], [ 1.48897, 45.60542 ], [ 1.48784, 45.60454 ], [ 1.48865, 45.60314 ] ] } },
{ "type": "Feature", "properties": { "name": null, "weight_class": 1, "permanent": true, "length_km": 2.1 }, "geometry": { "type": "LineString", "coordinates": [ [ 1.46018, 45.60163 ], [ 1.46288, 45.60501 ], [ 1.4648, 45.60555 ], [ 1.46988, 45.60485 ], [ 1.47267, 45.60876 ], [ 1.47718, 45.61032 ] ] } },
{ "type": "Feature", "properties": { "name": "Ruisseau la Petite Briance", "weight_class": 1, "permanent": false, "length_km": 2.5 }, "geometry": { "type": "LineString", "coordinates": [ [ 1.52908, 45.56431 ], [ 1.52977, 45.56769 ], [ 1.52827, 45.57235 ], [ 1.53113, 45.57389 ], [ 1.53201, 45.57604 ], [ 1.52634, 45.58337 ] ] } },
{ "type": "Feature", "properties": { "name": null, "weight_class": 1, "permanent": false, "length_km": 2.1 }, "geometry": { "type": "LineString", "coordinates": [ [ 1.50938, 45.57283 ], [ 1.51435, 45.57234 ], [ 1.51676, 45.57421 ], [ 1.51955, 45.57398 ], [ 1.52092, 45.57499 ], [ 1.52638, 45.57474 ], [ 1.53079, 45.57706 ] ] } },
{ "type": "Feature", "properties": { "name": null, "weight_class": 1, "permanent": true, "length_km": 2.5 }, "geometry": { "type": "LineString", "coordinates": [ [ 1.49478, 45.57908 ], [ 1.49316, 45.58017 ], [ 1.49172, 45.58403 ], [ 1.49555, 45.58554 ], [ 1.49962, 45.59669 ] ] } },
{ "type": "Feature", "properties": { "name": "Ruisseau le Rigeallet", "weight_class": 1, "permanent": false, "length_km": 4.7 }, "geometry": { "type": "LineString", "coordinates": [ [ 1.23729, 46.33429 ], [ 1.23877, 46.33799 ], [ 1.23822, 46.34118 ], [ 1.23928, 46.34185 ], [ 1.238, 46.3419 ], [ 1.23721, 46.34311 ], [ 1.23902, 46.34636 ], [ 1.23819, 46.35606 ], [ 1.23221, 46.35924 ], [ 1.229, 46.36311 ], [ 1.22638, 46.36461 ], [ 1.22419, 46.36456 ], [ 1.22102, 46.36709 ] ] } },
{ "type": "Feature", "properties": { "name": "le Gaflu", "weight_class": 1, "permanent": true, "length_km": 3.5 }, "geometry": { "type": "LineString", "coordinates": [ [ 1.29567, 46.26239 ], [ 1.31082, 46.27303 ], [ 1.31112, 46.28021 ], [ 1.31538, 46.28289 ], [ 1.32111, 46.2846 ] ] } },
{ "type": "Feature", "properties": { "name": "Ruisseau du Ris", "weight_class": 1, "permanent": false, "length_km": 3.6 }, "geometry": { "type": "LineString", "coordinates": [ [ 1.27655, 46.26214 ], [ 1.28018, 46.26532 ], [ 1.27994, 46.26913 ], [ 1.27889, 46.27006 ], [ 1.27423, 46.26987 ], [ 1.27131, 46.27499 ], [ 1.26528, 46.27695 ], [ 1.26346, 46.27857 ], [ 1.26399, 46.28166 ], [ 1.26012, 46.28346 ] ] } },
{ "type": "Feature", "properties": { "name": "Ruisseau du Ris", "weight_class": 1, "permanent": true, "length_km": 4.3 }, "geometry": { "type": "LineString", "coordinates": [ [ 1.27025, 46.28875 ], [ 1.26413, 46.28658 ], [ 1.2612, 46.28396 ], [ 1.25886, 46.28337 ], [ 1.25326, 46.28648 ], [ 1.24925, 46.29278 ], [ 1.24534, 46.29488 ], [ 1.24369, 46.29806 ], [ 1.24011, 46.29905 ], [ 1.23298, 46.29776 ] ] } },
{ "type": "Feature", "properties": { "name": "le Bel Rio", "weight_class": 1, "permanent": true, "length_km": 10.1 }, "geometry": { "type": "LineString", "coordinates": [ [ 1.40752, 46.35338 ], [ 1.40311, 46.3571 ], [ 1.39689, 46.35624 ], [ 1.39417, 46.35888 ], [ 1.38737, 46.3599 ], [ 1.3844, 46.35872 ], [ 1.3826, 46.35926 ], [ 1.38048, 46.3631 ], [ 1.37703, 46.36448 ], [ 1.3724, 46.36486 ], [ 1.35871, 46.36273 ], [ 1.35597, 46.3648 ], [ 1.35405, 46.36457 ], [ 1.34956, 46.36684 ], [ 1.34755, 46.36658 ], [ 1.34569, 46.36849 ], [ 1.3416, 46.37034 ], [ 1.33921, 46.37038 ], [ 1.33487, 46.37222 ], [ 1.32477, 46.37187 ], [ 1.32249, 46.37526 ], [ 1.31582, 46.37797 ], [ 1.31471, 46.38246 ], [ 1.31321, 46.38381 ] ] } },
{ "type": "Feature", "properties": { "name": "le Courive", "weight_class": 1, "permanent": true, "length_km": 5.5 }, "geometry": { "type": "LineString", "coordinates": [ [ 1.3767, 46.37559 ], [ 1.36362, 46.38192 ], [ 1.35972, 46.38296 ], [ 1.3556, 46.38584 ], [ 1.34883, 46.38639 ], [ 1.3405, 46.38388 ], [ 1.33801, 46.38599 ], [ 1.33613, 46.38542 ], [ 1.33546, 46.38608 ], [ 1.33138, 46.38457 ], [ 1.32458, 46.38766 ], [ 1.31901, 46.38879 ] ] } },
{ "type": "Feature", "properties": { "name": null, "weight_class": 1, "permanent": false, "length_km": 3.0 }, "geometry": { "type": "LineString", "coordinates": [ [ 1.38071, 46.35038 ], [ 1.37949, 46.35335 ], [ 1.37487, 46.35552 ], [ 1.37465, 46.36085 ], [ 1.36988, 46.3623 ], [ 1.36277, 46.35998 ], [ 1.35958, 46.36098 ], [ 1.35871, 46.36273 ] ] } },
{ "type": "Feature", "properties": { "name": null, "weight_class": 1, "permanent": false, "length_km": 3.2 }, "geometry": { "type": "LineString", "coordinates": [ [ 1.34983, 46.35632 ], [ 1.34731, 46.35813 ], [ 1.34792, 46.35996 ], [ 1.34279, 46.36302 ], [ 1.32865, 46.36637 ], [ 1.3266, 46.36829 ], [ 1.32362, 46.36893 ], [ 1.32484, 46.37185 ] ] } },
{ "type": "Feature", "properties": { "name": null, "weight_class": 2, "permanent": false, "length_km": 2.1 }, "geometry": { "type": "LineString", "coordinates": [ [ 1.27748, 46.36621 ], [ 1.27521, 46.36237 ], [ 1.27149, 46.36142 ], [ 1.26298, 46.35713 ], [ 1.26182, 46.35555 ], [ 1.2587, 46.35503 ] ] } },
{ "type": "Feature", "properties": { "name": null, "weight_class": 1, "permanent": false, "length_km": 2.8 }, "geometry": { "type": "LineString", "coordinates": [ [ 1.34666, 46.33865 ], [ 1.34331, 46.34073 ], [ 1.3406, 46.34052 ], [ 1.32367, 46.33019 ], [ 1.31983, 46.33015 ] ] } },
{ "type": "Feature", "properties": { "name": null, "weight_class": 1, "permanent": false, "length_km": 2.5 }, "geometry": { "type": "LineString", "coordinates": [ [ 1.37062, 46.34482 ], [ 1.36741, 46.34115 ], [ 1.36693, 46.33783 ], [ 1.36394, 46.33252 ], [ 1.36482, 46.33043 ], [ 1.36088, 46.32513 ] ] } },
{ "type": "Feature", "properties": { "name": null, "weight_class": 1, "permanent": false, "length_km": 2.1 }, "geometry": { "type": "LineString", "coordinates": [ [ 1.359, 46.34019 ], [ 1.36006, 46.33782 ], [ 1.35649, 46.33392 ], [ 1.35532, 46.32856 ], [ 1.35329, 46.32693 ], [ 1.35469, 46.32358 ] ] } },
{ "type": "Feature", "properties": { "name": null, "weight_class": 1, "permanent": false, "length_km": 2.1 }, "geometry": { "type": "LineString", "coordinates": [ [ 1.31734, 46.35095 ], [ 1.31088, 46.3449 ], [ 1.30248, 46.3433 ], [ 1.302, 46.34115 ], [ 1.29936, 46.33976 ] ] } },
{ "type": "Feature", "properties": { "name": "le Glevert", "weight_class": 1, "permanent": true, "length_km": 17.1 }, "geometry": { "type": "LineString", "coordinates": [ [ 1.40166, 46.24572 ], [ 1.40155, 46.24728 ], [ 1.39865, 46.25025 ], [ 1.38451, 46.25437 ], [ 1.38174, 46.25848 ], [ 1.37631, 46.26114 ], [ 1.36486, 46.26321 ], [ 1.3621, 46.26218 ], [ 1.36043, 46.26027 ], [ 1.35219, 46.26133 ], [ 1.34397, 46.26493 ], [ 1.33849, 46.26421 ], [ 1.33491, 46.27099 ], [ 1.33202, 46.27219 ], [ 1.32909, 46.27511 ], [ 1.33004, 46.2772 ], [ 1.32627, 46.28115 ], [ 1.32648, 46.28214 ], [ 1.32105, 46.28464 ], [ 1.32171, 46.28935 ], [ 1.31788, 46.29117 ], [ 1.31733, 46.29435 ], [ 1.32073, 46.29784 ], [ 1.3227, 46.29855 ], [ 1.32187, 46.29981 ], [ 1.32272, 46.30115 ], [ 1.32055, 46.30253 ], [ 1.32122, 46.30731 ], [ 1.31764, 46.30791 ], [ 1.31763, 46.30982 ], [ 1.31623, 46.31034 ], [ 1.31663, 46.31384 ], [ 1.31293, 46.31611 ], [ 1.31264, 46.32138 ], [ 1.30751, 46.32215 ], [ 1.30788, 46.32347 ], [ 1.3104, 46.32423 ], [ 1.30967, 46.33039 ] ] } },
{ "type": "Feature", "properties": { "name": null, "weight_class": 1, "permanent": true, "length_km": 2.8 }, "geometry": { "type": "LineString", "coordinates": [ [ 1.26136, 46.32948 ], [ 1.26413, 46.33225 ], [ 1.26397, 46.33543 ], [ 1.26191, 46.33949 ], [ 1.26305, 46.33994 ], [ 1.26325, 46.34535 ], [ 1.26155, 46.34724 ], [ 1.26138, 46.35181 ] ] } },
{ "type": "Feature", "properties": { "name": null, "weight_class": 2, "permanent": false, "length_km": 2.8 }, "geometry": { "type": "LineString", "coordinates": [ [ 1.22308, 46.33205 ], [ 1.21942, 46.33384 ], [ 1.21126, 46.33504 ], [ 1.20031, 46.33176 ], [ 1.19751, 46.32998 ], [ 1.19467, 46.3303 ], [ 1.19241, 46.32931 ] ] } },
{ "type": "Feature", "properties": { "name": null, "weight_class": 1, "permanent": true, "length_km": 3.4 }, "geometry": { "type": "LineString", "coordinates": [ [ 1.30202, 46.28825 ], [ 1.30438, 46.29468 ], [ 1.30113, 46.29727 ], [ 1.30552, 46.30649 ], [ 1.31177, 46.3101 ], [ 1.31744, 46.30911 ] ] } },
{ "type": "Feature", "properties": { "name": "la Planche Arnaise", "weight_class": 1, "permanent": true, "length_km": 9.6 }, "geometry": { "type": "LineString", "coordinates": [ [ 1.41162, 46.26503 ], [ 1.39941, 46.26906 ], [ 1.39402, 46.26923 ], [ 1.39032, 46.27129 ], [ 1.385, 46.27155 ], [ 1.38136, 46.2741 ], [ 1.37818, 46.27442 ], [ 1.37243, 46.27676 ], [ 1.37063, 46.27839 ], [ 1.36528, 46.27983 ], [ 1.3585, 46.27865 ], [ 1.35276, 46.28001 ], [ 1.34423, 46.28428 ], [ 1.3431, 46.28799 ], [ 1.34103, 46.28916 ], [ 1.34042, 46.29148 ], [ 1.33841, 46.29305 ], [ 1.33644, 46.29423 ], [ 1.33426, 46.294 ], [ 1.33355, 46.29526 ], [ 1.33124, 46.29608 ], [ 1.32962, 46.29596 ], [ 1.32856, 46.29866 ], [ 1.32276, 46.29963 ] ] } },
{ "type": "Feature", "properties": { "name": null, "weight_class": 1, "permanent": false, "length_km": 2.0 }, "geometry": { "type": "LineString", "coordinates": [ [ 1.30499, 46.28602 ], [ 1.30946, 46.28832 ], [ 1.31109, 46.29169 ], [ 1.31362, 46.29181 ], [ 1.31699, 46.29388 ], [ 1.32079, 46.29788 ] ] } },
{ "type": "Feature", "properties": { "name": null, "weight_class": 1, "permanent": false, "length_km": 3.7 }, "geometry": { "type": "LineString", "coordinates": [ [ 1.2789, 46.28916 ], [ 1.27097, 46.29445 ], [ 1.25394, 46.29722 ], [ 1.25258, 46.29971 ], [ 1.25376, 46.30298 ], [ 1.25205, 46.30593 ], [ 1.25225, 46.30902 ] ] } },
{ "type": "Feature", "properties": { "name": "le Poux", "weight_class": 1, "permanent": true, "length_km": 9.9 }, "geometry": { "type": "LineString", "coordinates": [ [ 1.25727, 46.2461 ], [ 1.2577, 46.24793 ], [ 1.25621, 46.25013 ], [ 1.25399, 46.2501 ], [ 1.25185, 46.25193 ], [ 1.24579, 46.25306 ], [ 1.24241, 46.25252 ], [ 1.23775, 46.25539 ], [ 1.23532, 46.25932 ], [ 1.23518, 46.26416 ], [ 1.23366, 46.26479 ], [ 1.23394, 46.26671 ], [ 1.2326, 46.26773 ], [ 1.22819, 46.26884 ], [ 1.22517, 46.2681 ], [ 1.22251, 46.26854 ], [ 1.22286, 46.27421 ], [ 1.22141, 46.2756 ], [ 1.2183, 46.27546 ], [ 1.21651, 46.278 ], [ 1.21442, 46.28681 ], [ 1.21595, 46.29319 ], [ 1.21344, 46.29414 ], [ 1.21209, 46.29821 ], [ 1.21273, 46.3007 ], [ 1.20866, 46.30707 ] ] } },
{ "type": "Feature", "properties": { "name": null, "weight_class": 1, "permanent": true, "length_km": 3.6 }, "geometry": { "type": "LineString", "coordinates": [ [ 1.33773, 46.23875 ], [ 1.33471, 46.24279 ], [ 1.3352, 46.24845 ], [ 1.33134, 46.25377 ], [ 1.33738, 46.2568 ], [ 1.33655, 46.25733 ], [ 1.33909, 46.25913 ], [ 1.33851, 46.26129 ], [ 1.33671, 46.26217 ], [ 1.33845, 46.2643 ] ] } },
{ "type": "Feature", "properties": { "name": null, "weight_class": 1, "permanent": false, "length_km": 2.7 }, "geometry": { "type": "LineString", "coordinates": [ [ 1.36436, 46.2415 ], [ 1.36233, 46.24407 ], [ 1.36372, 46.24718 ], [ 1.36266, 46.24893 ], [ 1.36651, 46.25143 ], [ 1.36799, 46.25689 ], [ 1.36585, 46.25894 ], [ 1.36128, 46.26055 ] ] } },
{ "type": "Feature", "properties": { "name": null, "weight_class": 1, "permanent": true, "length_km": 2.9 }, "geometry": { "type": "LineString", "coordinates": [ [ 1.30185, 46.25918 ], [ 1.30414, 46.26054 ], [ 1.30868, 46.26124 ], [ 1.32263, 46.26997 ], [ 1.327, 46.27072 ], [ 1.33137, 46.27282 ] ] } },
{ "type": "Feature", "properties": { "name": null, "weight_class": 1, "permanent": false, "length_km": 2.1 }, "geometry": { "type": "LineString", "coordinates": [ [ 1.3034, 46.24424 ], [ 1.3142, 46.24921 ], [ 1.31572, 46.25351 ], [ 1.31828, 46.25521 ], [ 1.32102, 46.25556 ] ] } },
{ "type": "Feature", "properties": { "name": null, "weight_class": 1, "permanent": true, "length_km": 3.6 }, "geometry": { "type": "LineString", "coordinates": [ [ 1.32024, 46.24259 ], [ 1.32186, 46.24391 ], [ 1.31892, 46.24751 ], [ 1.32053, 46.25031 ], [ 1.3194, 46.2527 ], [ 1.32066, 46.25521 ], [ 1.32308, 46.25826 ], [ 1.33358, 46.26384 ], [ 1.33583, 46.26863 ] ] } },
{ "type": "Feature", "properties": { "name": null, "weight_class": 1, "permanent": false, "length_km": 3.6 }, "geometry": { "type": "LineString", "coordinates": [ [ 1.27109, 46.2604 ], [ 1.26998, 46.26726 ], [ 1.26592, 46.26963 ], [ 1.26197, 46.26914 ], [ 1.26032, 46.26986 ], [ 1.26177, 46.27207 ], [ 1.25985, 46.27743 ], [ 1.25467, 46.2805 ], [ 1.25676, 46.28414 ] ] } },
{ "type": "Feature", "properties": { "name": null, "weight_class": 1, "permanent": false, "length_km": 2.0 }, "geometry": { "type": "LineString", "coordinates": [ [ 1.20866, 46.26092 ], [ 1.21024, 46.26322 ], [ 1.22057, 46.27062 ], [ 1.2183, 46.27546 ] ] } },
{ "type": "Feature", "properties": { "name": "la Vareille", "weight_class": 1, "permanent": true, "length_km": 8.2 }, "geometry": { "type": "LineString", "coordinates": [ [ 1.24735, 46.24025 ], [ 1.24209, 46.24192 ], [ 1.23644, 46.24201 ], [ 1.23304, 46.2441 ], [ 1.23216, 46.2475 ], [ 1.22656, 46.24963 ], [ 1.22185, 46.24805 ], [ 1.21034, 46.24716 ], [ 1.20334, 46.24445 ], [ 1.19657, 46.24523 ], [ 1.17458, 46.23797 ], [ 1.17189, 46.23839 ], [ 1.16675, 46.24122 ], [ 1.15892, 46.24285 ] ] } },
{ "type": "Feature", "properties": { "name": "le Moulin", "weight_class": 1, "permanent": false, "length_km": 7.7 }, "geometry": { "type": "LineString", "coordinates": [ [ 1.07353, 46.29066 ], [ 1.06673, 46.29613 ], [ 1.0659, 46.29795 ], [ 1.0674, 46.30353 ], [ 1.06366, 46.30747 ], [ 1.0612, 46.31405 ], [ 1.05821, 46.3155 ], [ 1.05542, 46.31922 ], [ 1.05561, 46.3228 ], [ 1.05354, 46.32642 ], [ 1.05506, 46.32803 ], [ 1.05506, 46.3309 ], [ 1.05342, 46.33189 ], [ 1.04811, 46.33101 ], [ 1.04752, 46.33207 ], [ 1.04375, 46.33289 ], [ 1.03712, 46.33299 ], [ 1.03566, 46.33365 ], [ 1.03428, 46.33639 ], [ 1.03054, 46.3357 ] ] } },
{ "type": "Feature", "properties": { "name": "Ruisseau de la Mazère", "weight_class": 1, "permanent": true, "length_km": 4.8 }, "geometry": { "type": "LineString", "coordinates": [ [ 1.22224, 46.35337 ], [ 1.21308, 46.35333 ], [ 1.21108, 46.357 ], [ 1.20869, 46.35833 ], [ 1.20704, 46.36349 ], [ 1.20361, 46.36395 ], [ 1.19853, 46.36817 ], [ 1.19398, 46.36976 ], [ 1.18549, 46.37062 ], [ 1.18337, 46.37631 ] ] } },
{ "type": "Feature", "properties": { "name": "la Chaussade", "weight_class": 1, "permanent": true, "length_km": 12.1 }, "geometry": { "type": "LineString", "coordinates": [ [ 1.26972, 46.24431 ], [ 1.26914, 46.24598 ], [ 1.2649, 46.24529 ], [ 1.26096, 46.24857 ], [ 1.26131, 46.25179 ], [ 1.26347, 46.254 ], [ 1.26284, 46.25624 ], [ 1.25745, 46.25909 ], [ 1.25245, 46.2604 ], [ 1.247, 46.26631 ], [ 1.24495, 46.26715 ], [ 1.24555, 46.26907 ], [ 1.24398, 46.27155 ], [ 1.24496, 46.27412 ], [ 1.24175, 46.27678 ], [ 1.24089, 46.27869 ], [ 1.2421, 46.28154 ], [ 1.2376, 46.28744 ], [ 1.23835, 46.28965 ], [ 1.23725, 46.29475 ], [ 1.23281, 46.29788 ], [ 1.22461, 46.30059 ], [ 1.21974, 46.3047 ], [ 1.21653, 46.30481 ], [ 1.21455, 46.30757 ], [ 1.2093, 46.30663 ], [ 1.20977, 46.30934 ], [ 1.20385, 46.31182 ], [ 1.20151, 46.31604 ] ] } },
{ "type": "Feature", "properties": { "name": null, "weight_class": 1, "permanent": false, "length_km": 2.2 }, "geometry": { "type": "LineString", "coordinates": [ [ 1.18525, 46.26984 ], [ 1.18406, 46.27387 ], [ 1.17623, 46.27604 ], [ 1.17445, 46.27898 ], [ 1.16825, 46.28346 ] ] } },
{ "type": "Feature", "properties": { "name": null, "weight_class": 1, "permanent": false, "length_km": 2.4 }, "geometry": { "type": "LineString", "coordinates": [ [ 1.1871, 46.26609 ], [ 1.19038, 46.26678 ], [ 1.19534, 46.27182 ], [ 1.19716, 46.27827 ], [ 1.19103, 46.28257 ] ] } },
{ "type": "Feature", "properties": { "name": null, "weight_class": 1, "permanent": false, "length_km": 4.9 }, "geometry": { "type": "LineString", "coordinates": [ [ 1.19487, 46.26359 ], [ 1.19831, 46.26642 ], [ 1.1966, 46.26773 ], [ 1.19763, 46.26956 ], [ 1.20888, 46.28276 ], [ 1.20705, 46.2849 ], [ 1.20336, 46.28657 ], [ 1.20125, 46.29048 ], [ 1.19761, 46.29362 ], [ 1.19133, 46.29214 ], [ 1.1896, 46.29268 ] ] } },
{ "type": "Feature", "properties": { "name": "le Brunet", "weight_class": 2, "permanent": true, "length_km": 10.3 }, "geometry": { "type": "LineString", "coordinates": [ [ 1.19968, 46.25961 ], [ 1.19577, 46.25976 ], [ 1.18635, 46.25586 ], [ 1.18097, 46.25768 ], [ 1.17684, 46.25734 ], [ 1.17169, 46.25501 ], [ 1.16587, 46.24987 ], [ 1.16044, 46.2477 ], [ 1.15887, 46.2428 ], [ 1.15152, 46.24287 ], [ 1.14662, 46.23789 ], [ 1.1437, 46.23842 ], [ 1.14277, 46.23732 ], [ 1.13963, 46.23713 ], [ 1.13807, 46.23558 ], [ 1.13563, 46.23642 ], [ 1.12783, 46.23448 ], [ 1.12587, 46.23544 ], [ 1.1229, 46.23457 ], [ 1.11865, 46.23506 ], [ 1.11717, 46.23416 ], [ 1.111, 46.23687 ], [ 1.10938, 46.2364 ], [ 1.10606, 46.23733 ], [ 1.10236, 46.23648 ] ] } },
{ "type": "Feature", "properties": { "name": "le Narablon", "weight_class": 1, "permanent": true, "length_km": 7.7 }, "geometry": { "type": "LineString", "coordinates": [ [ 1.07735, 46.30841 ], [ 1.08162, 46.31454 ], [ 1.09128, 46.3176 ], [ 1.09514, 46.32422 ], [ 1.10173, 46.33034 ], [ 1.10176, 46.33252 ], [ 1.09943, 46.33567 ], [ 1.09995, 46.33724 ], [ 1.09824, 46.33913 ], [ 1.1006, 46.3419 ], [ 1.0999, 46.34469 ], [ 1.09651, 46.3492 ], [ 1.09743, 46.35205 ], [ 1.09503, 46.35537 ], [ 1.0949, 46.35852 ], [ 1.09711, 46.36289 ], [ 1.09329, 46.36484 ] ] } },
{ "type": "Feature", "properties": { "name": "l'Asse", "weight_class": 2, "permanent": true, "length_km": 31.3 }, "geometry": { "type": "LineString", "coordinates": [ [ 1.29786, 46.24722 ], [ 1.29857, 46.24983 ], [ 1.29657, 46.25365 ], [ 1.29225, 46.25569 ], [ 1.28538, 46.25717 ], [ 1.28354, 46.26109 ], [ 1.28543, 46.26315 ], [ 1.28608, 46.26962 ], [ 1.29132, 46.27388 ], [ 1.29379, 46.27763 ], [ 1.29371, 46.28306 ], [ 1.28834, 46.28738 ], [ 1.28719, 46.28984 ], [ 1.29113, 46.29316 ], [ 1.29024, 46.29554 ], [ 1.29176, 46.29752 ], [ 1.29063, 46.29995 ], [ 1.29253, 46.30191 ], [ 1.29071, 46.30433 ], [ 1.29081, 46.30879 ], [ 1.28235, 46.31071 ], [ 1.27799, 46.30887 ], [ 1.27419, 46.30861 ], [ 1.27253, 46.3099 ], [ 1.2684, 46.31057 ], [ 1.25825, 46.30688 ], [ 1.25621, 46.30834 ], [ 1.25309, 46.30784 ], [ 1.25118, 46.30976 ], [ 1.24773, 46.31105 ], [ 1.24086, 46.30984 ], [ 1.23543, 46.30684 ], [ 1.23054, 46.30679 ], [ 1.22622, 46.30832 ], [ 1.22337, 46.30792 ], [ 1.22237, 46.30903 ], [ 1.22279, 46.31219 ], [ 1.22099, 46.31516 ], [ 1.21726, 46.3157 ], [ 1.21651, 46.3166 ], [ 1.21092, 46.31648 ], [ 1.20855, 46.3181 ], [ 1.20018, 46.316 ], [ 1.19787, 46.31819 ], [ 1.19636, 46.31829 ], [ 1.1926, 46.32341 ], [ 1.1915, 46.32614 ], [ 1.19291, 46.32644 ], [ 1.19267, 46.32885 ], [ 1.1895, 46.33082 ], [ 1.18984, 46.33251 ], [ 1.18398, 46.33692 ], [ 1.18203, 46.33558 ], [ 1.17945, 46.33685 ], [ 1.17619, 46.34083 ], [ 1.17473, 46.34093 ], [ 1.16988, 46.33851 ], [ 1.16696, 46.33967 ], [ 1.15944, 46.33627 ], [ 1.15854, 46.33709 ], [ 1.15546, 46.33729 ], [ 1.15225, 46.33472 ], [ 1.14851, 46.33633 ], [ 1.14953, 46.33936 ], [ 1.15054, 46.33943 ], [ 1.14994, 46.34018 ], [ 1.14505, 46.33964 ], [ 1.14322, 46.3405 ], [ 1.1421, 46.33824 ], [ 1.14068, 46.33814 ], [ 1.13958, 46.34 ], [ 1.13606, 46.34205 ], [ 1.13699, 46.34398 ], [ 1.12868, 46.34493 ], [ 1.12784, 46.34609 ], [ 1.13078, 46.34797 ], [ 1.12898, 46.35074 ], [ 1.1303, 46.3603 ], [ 1.12785, 46.36065 ], [ 1.12909, 46.36266 ], [ 1.12823, 46.36345 ] ] } },
{ "type": "Feature", "properties": { "name": null, "weight_class": 1, "permanent": true, "length_km": 4.3 }, "geometry": { "type": "LineString", "coordinates": [ [ 1.16801, 46.3525 ], [ 1.17256, 46.35836 ], [ 1.1671, 46.36575 ], [ 1.168, 46.36879 ], [ 1.17234, 46.37243 ], [ 1.16999, 46.37482 ], [ 1.17211, 46.38002 ], [ 1.17676, 46.38425 ] ] } },
{ "type": "Feature", "properties": { "name": null, "weight_class": 1, "permanent": true, "length_km": 2.8 }, "geometry": { "type": "LineString", "coordinates": [ [ 1.16228, 46.35567 ], [ 1.15992, 46.35622 ], [ 1.15308, 46.35454 ], [ 1.14937, 46.35696 ], [ 1.14172, 46.35906 ], [ 1.13915, 46.35823 ], [ 1.13556, 46.35941 ], [ 1.12999, 46.35904 ] ] } },
{ "type": "Feature", "properties": { "name": null, "weight_class": 1, "permanent": false, "length_km": 2.2 }, "geometry": { "type": "LineString", "coordinates": [ [ 1.0792, 46.34484 ], [ 1.0742, 46.34943 ], [ 1.07918, 46.35717 ], [ 1.07994, 46.36161 ], [ 1.07879, 46.36244 ] ] } },
{ "type": "Feature", "properties": { "name": "la Roche/Ruisseau des Pêchers", "weight_class": 1, "permanent": true, "length_km": 9.6 }, "geometry": { "type": "LineString", "coordinates": [ [ 1.14825, 46.27047 ], [ 1.1503, 46.27395 ], [ 1.14913, 46.27823 ], [ 1.14521, 46.2784 ], [ 1.14392, 46.27936 ], [ 1.14549, 46.28775 ], [ 1.14488, 46.29208 ], [ 1.14176, 46.29441 ], [ 1.14068, 46.29741 ], [ 1.13819, 46.2998 ], [ 1.13589, 46.30041 ], [ 1.13698, 46.30866 ], [ 1.13979, 46.31032 ], [ 1.13914, 46.31252 ], [ 1.14132, 46.31673 ], [ 1.14473, 46.31837 ], [ 1.1441, 46.32057 ], [ 1.14679, 46.32298 ], [ 1.14215, 46.32741 ], [ 1.14258, 46.32914 ], [ 1.1395, 46.33067 ], [ 1.13877, 46.33547 ], [ 1.14044, 46.33824 ] ] } },
{ "type": "Feature", "properties": { "name": null, "weight_class": 1, "permanent": false, "length_km": 3.5 }, "geometry": { "type": "LineString", "coordinates": [ [ 1.07846, 46.32255 ], [ 1.07926, 46.32526 ], [ 1.07844, 46.32925 ], [ 1.08209, 46.33309 ], [ 1.08177, 46.33465 ], [ 1.08348, 46.33761 ], [ 1.08781, 46.34304 ], [ 1.09651, 46.3492 ] ] } },
{ "type": "Feature", "properties": { "name": "le Poirier", "weight_class": 1, "permanent": true, "length_km": 9.6 }, "geometry": { "type": "LineString", "coordinates": [ [ 1.09374, 46.2803 ], [ 1.09073, 46.28392 ], [ 1.08679, 46.28536 ], [ 1.0839, 46.28861 ], [ 1.08509, 46.29186 ], [ 1.08454, 46.29408 ], [ 1.08764, 46.29757 ], [ 1.08597, 46.29914 ], [ 1.0891, 46.30228 ], [ 1.08814, 46.30476 ], [ 1.09422, 46.30743 ], [ 1.09685, 46.30973 ], [ 1.0995, 46.31398 ], [ 1.10305, 46.31678 ], [ 1.10567, 46.32468 ], [ 1.10981, 46.32686 ], [ 1.11209, 46.32703 ], [ 1.11525, 46.33343 ], [ 1.1206, 46.33735 ], [ 1.12378, 46.34295 ], [ 1.12782, 46.34603 ] ] } },
{ "type": "Feature", "properties": { "name": "Ruisseau des Pradelles", "weight_class": 1, "permanent": true, "length_km": 4.5 }, "geometry": { "type": "LineString", "coordinates": [ [ 1.1015, 46.28933 ], [ 1.10077, 46.29062 ], [ 1.10186, 46.29342 ], [ 1.10812, 46.2987 ], [ 1.11119, 46.29937 ], [ 1.11201, 46.30191 ], [ 1.12416, 46.31239 ], [ 1.12768, 46.31306 ], [ 1.13728, 46.30922 ] ] } },
{ "type": "Feature", "properties": { "name": "le Pinateau", "weight_class": 1, "permanent": true, "length_km": 6.1 }, "geometry": { "type": "LineString", "coordinates": [ [ 1.15147, 46.25994 ], [ 1.15173, 46.26276 ], [ 1.16221, 46.27178 ], [ 1.16262, 46.27703 ], [ 1.16812, 46.28317 ], [ 1.16763, 46.28657 ], [ 1.16926, 46.28917 ], [ 1.16702, 46.29385 ], [ 1.16954, 46.29558 ], [ 1.16977, 46.29893 ], [ 1.17601, 46.30137 ], [ 1.17844, 46.30391 ] ] } },
{ "type": "Feature", "properties": { "name": "les Frétilles", "weight_class": 1, "permanent": true, "length_km": 9.6 }, "geometry": { "type": "LineString", "coordinates": [ [ 1.18815, 46.27365 ], [ 1.18982, 46.27735 ], [ 1.18902, 46.28033 ], [ 1.19103, 46.28257 ], [ 1.18726, 46.28852 ], [ 1.18963, 46.29225 ], [ 1.18838, 46.29678 ], [ 1.18985, 46.29865 ], [ 1.18663, 46.30072 ], [ 1.18307, 46.30084 ], [ 1.17963, 46.30209 ], [ 1.17719, 46.30948 ], [ 1.17479, 46.31071 ], [ 1.17209, 46.31485 ], [ 1.17365, 46.31566 ], [ 1.17295, 46.3175 ], [ 1.17, 46.31912 ], [ 1.1699, 46.32239 ], [ 1.16757, 46.32314 ], [ 1.16338, 46.32242 ], [ 1.15911, 46.32448 ], [ 1.15757, 46.32573 ], [ 1.15683, 46.33085 ], [ 1.15766, 46.33291 ], [ 1.15547, 46.33282 ], [ 1.15275, 46.33481 ] ] } },
{ "type": "Feature", "properties": { "name": "les Borderies", "weight_class": 1, "permanent": true, "length_km": 4.1 }, "geometry": { "type": "LineString", "coordinates": [ [ 1.10348, 46.27547 ], [ 1.10674, 46.27822 ], [ 1.11218, 46.27965 ], [ 1.11421, 46.28252 ], [ 1.12473, 46.28638 ], [ 1.12741, 46.29103 ], [ 1.13646, 46.29992 ] ] } },
{ "type": "Feature", "properties": { "name": null, "weight_class": 1, "permanent": false, "length_km": 2.4 }, "geometry": { "type": "LineString", "coordinates": [ [ 1.10215, 46.28174 ], [ 1.10951, 46.29056 ], [ 1.11349, 46.29361 ], [ 1.11398, 46.29626 ], [ 1.11155, 46.29807 ], [ 1.11139, 46.29961 ] ] } },
{ "type": "Feature", "properties": { "name": null, "weight_class": 1, "permanent": false, "length_km": 3.0 }, "geometry": { "type": "LineString", "coordinates": [ [ 1.10224, 46.27228 ], [ 1.1089, 46.26633 ], [ 1.11091, 46.26294 ], [ 1.11706, 46.26009 ], [ 1.12195, 46.25554 ], [ 1.12145, 46.25123 ] ] } },
{ "type": "Feature", "properties": { "name": "le Belleterie", "weight_class": 1, "permanent": false, "length_km": 8.1 }, "geometry": { "type": "LineString", "coordinates": [ [ 1.09518, 46.27672 ], [ 1.08714, 46.27244 ], [ 1.08411, 46.26922 ], [ 1.06278, 46.26427 ], [ 1.05841, 46.26075 ], [ 1.05338, 46.26049 ], [ 1.02862, 46.2501 ], [ 1.01959, 46.24803 ], [ 1.01825, 46.24613 ], [ 1.01674, 46.24623 ], [ 1.01566, 46.24522 ], [ 1.01343, 46.24634 ], [ 1.01179, 46.2458 ] ] } },
{ "type": "Feature", "properties": { "name": "Ruisseau de la Brunetière", "weight_class": 1, "permanent": false, "length_km": 2.5 }, "geometry": { "type": "LineString", "coordinates": [ [ 1.07421, 46.25857 ], [ 1.07413, 46.25234 ], [ 1.07923, 46.25038 ], [ 1.08133, 46.24764 ], [ 1.0791, 46.2401 ] ] } },
{ "type": "Feature", "properties": { "name": "la Pierre Fournier", "weight_class": 2, "permanent": true, "length_km": 4.1 }, "geometry": { "type": "LineString", "coordinates": [ [ 1.13736, 46.26247 ], [ 1.13268, 46.25631 ], [ 1.12979, 46.25508 ], [ 1.12604, 46.25484 ], [ 1.12131, 46.25114 ], [ 1.11901, 46.24663 ], [ 1.11553, 46.24465 ], [ 1.11635, 46.24085 ], [ 1.11236, 46.23904 ], [ 1.1114, 46.23673 ] ] } },
{ "type": "Feature", "properties": { "name": null, "weight_class": 1, "permanent": false, "length_km": 2.0 }, "geometry": { "type": "LineString", "coordinates": [ [ 1.08867, 46.26073 ], [ 1.08376, 46.25804 ], [ 1.07929, 46.25814 ], [ 1.07849, 46.25731 ], [ 1.07752, 46.253 ], [ 1.07996, 46.25155 ], [ 1.08069, 46.24926 ] ] } },
{ "type": "Feature", "properties": { "name": null, "weight_class": 1, "permanent": false, "length_km": 3.2 }, "geometry": { "type": "LineString", "coordinates": [ [ 1.09923, 46.26049 ], [ 1.09971, 46.2575 ], [ 1.10313, 46.25569 ], [ 1.10292, 46.25396 ], [ 1.10484, 46.252 ], [ 1.10489, 46.24792 ], [ 1.10867, 46.24219 ], [ 1.10329, 46.23693 ] ] } },
{ "type": "Feature", "properties": { "name": null, "weight_class": 1, "permanent": true, "length_km": 2.1 }, "geometry": { "type": "LineString", "coordinates": [ [ 1.06744, 46.25392 ], [ 1.06769, 46.24899 ], [ 1.06226, 46.24317 ], [ 1.06602, 46.23919 ], [ 1.06562, 46.23795 ] ] } },
{ "type": "Feature", "properties": { "name": null, "weight_class": 1, "permanent": false, "length_km": 2.2 }, "geometry": { "type": "LineString", "coordinates": [ [ 1.06335, 46.33637 ], [ 1.05849, 46.33683 ], [ 1.05326, 46.34254 ], [ 1.0535, 46.34772 ], [ 1.05665, 46.35054 ] ] } },
{ "type": "Feature", "properties": { "name": "Ruisseau des Écrevisses", "weight_class": 1, "permanent": true, "length_km": 4.9 }, "geometry": { "type": "LineString", "coordinates": [ [ 1.30761, 46.18621 ], [ 1.31003, 46.18749 ], [ 1.311, 46.19023 ], [ 1.31496, 46.19368 ], [ 1.31463, 46.19817 ], [ 1.31267, 46.19977 ], [ 1.31042, 46.19998 ], [ 1.3077, 46.20233 ], [ 1.30567, 46.20239 ], [ 1.30469, 46.20515 ], [ 1.3023, 46.20611 ], [ 1.30251, 46.20762 ], [ 1.30076, 46.208 ], [ 1.30115, 46.21024 ], [ 1.29942, 46.2115 ], [ 1.29934, 46.21447 ], [ 1.29692, 46.21452 ], [ 1.29536, 46.21608 ], [ 1.29309, 46.21648 ] ] } },
{ "type": "Feature", "properties": { "name": "Ruisseau des Planchettes", "weight_class": 1, "permanent": false, "length_km": 4.8 }, "geometry": { "type": "LineString", "coordinates": [ [ 1.34168, 46.19514 ], [ 1.33927, 46.19751 ], [ 1.33561, 46.19762 ], [ 1.32953, 46.20135 ], [ 1.32687, 46.20134 ], [ 1.3243, 46.20543 ], [ 1.32148, 46.20568 ], [ 1.31718, 46.20776 ], [ 1.31609, 46.20992 ], [ 1.31171, 46.21159 ], [ 1.31139, 46.21326 ], [ 1.3079, 46.21529 ], [ 1.30936, 46.21815 ], [ 1.3091, 46.22069 ] ] } },
{ "type": "Feature", "properties": { "name": "Ruisseau de Biossac", "weight_class": 1, "permanent": true, "length_km": 6.0 }, "geometry": { "type": "LineString", "coordinates": [ [ 1.27708, 46.19486 ], [ 1.27208, 46.19242 ], [ 1.27045, 46.19049 ], [ 1.26889, 46.18645 ], [ 1.26575, 46.18379 ], [ 1.26711, 46.18087 ], [ 1.26402, 46.17687 ], [ 1.26257, 46.17651 ], [ 1.26209, 46.17457 ], [ 1.26015, 46.17378 ], [ 1.25815, 46.17485 ], [ 1.25549, 46.17382 ], [ 1.25252, 46.17466 ], [ 1.24964, 46.17422 ], [ 1.24854, 46.16781 ], [ 1.24245, 46.16318 ], [ 1.24186, 46.15981 ] ] } },
{ "type": "Feature", "properties": { "name": "Ruisseau des Grands Magneux", "weight_class": 1, "permanent": false, "length_km": 3.0 }, "geometry": { "type": "LineString", "coordinates": [ [ 1.30434, 46.07331 ], [ 1.30357, 46.07535 ], [ 1.30471, 46.07619 ], [ 1.30442, 46.07859 ], [ 1.30998, 46.0812 ], [ 1.31072, 46.08246 ], [ 1.30979, 46.08598 ], [ 1.31213, 46.08778 ], [ 1.31273, 46.09011 ], [ 1.31728, 46.09238 ], [ 1.32073, 46.09286 ] ] } },
{ "type": "Feature", "properties": { "name": null, "weight_class": 1, "permanent": false, "length_km": 2.3 }, "geometry": { "type": "LineString", "coordinates": [ [ 1.36853, 46.23914 ], [ 1.37414, 46.24413 ], [ 1.37341, 46.24677 ], [ 1.38421, 46.25462 ] ] } },
{ "type": "Feature", "properties": { "name": null, "weight_class": 1, "permanent": false, "length_km": 2.8 }, "geometry": { "type": "LineString", "coordinates": [ [ 1.27931, 46.24206 ], [ 1.28085, 46.23619 ], [ 1.27281, 46.22883 ], [ 1.27511, 46.22792 ], [ 1.27521, 46.22446 ], [ 1.27195, 46.22178 ] ] } },
{ "type": "Feature", "properties": { "name": null, "weight_class": 1, "permanent": false, "length_km": 2.4 }, "geometry": { "type": "LineString", "coordinates": [ [ 1.33065, 46.23682 ], [ 1.32776, 46.2375 ], [ 1.32449, 46.23547 ], [ 1.32323, 46.2323 ], [ 1.32402, 46.22969 ], [ 1.32286, 46.22454 ], [ 1.31981, 46.2202 ] ] } },
{ "type": "Feature", "properties": { "name": null, "weight_class": 1, "permanent": false, "length_km": 4.1 }, "geometry": { "type": "LineString", "coordinates": [ [ 1.31507, 46.23797 ], [ 1.31087, 46.23595 ], [ 1.3055, 46.23608 ], [ 1.2999, 46.23171 ], [ 1.29171, 46.22744 ], [ 1.2849, 46.22554 ], [ 1.27981, 46.22256 ], [ 1.27755, 46.21984 ], [ 1.27502, 46.21896 ], [ 1.27421, 46.21954 ] ] } },
{ "type": "Feature", "properties": { "name": null, "weight_class": 1, "permanent": false, "length_km": 3.2 }, "geometry": { "type": "LineString", "coordinates": [ [ 1.25729, 46.23915 ], [ 1.25467, 46.23786 ], [ 1.25149, 46.23135 ], [ 1.24627, 46.22931 ], [ 1.24631, 46.22672 ], [ 1.24203, 46.22326 ], [ 1.24319, 46.2218 ], [ 1.23926, 46.21721 ] ] } },
{ "type": "Feature", "properties": { "name": null, "weight_class": 1, "permanent": false, "length_km": 2.9 }, "geometry": { "type": "LineString", "coordinates": [ [ 1.29138, 46.19688 ], [ 1.28437, 46.19825 ], [ 1.28379, 46.20193 ], [ 1.27925, 46.20611 ], [ 1.27893, 46.20705 ], [ 1.28066, 46.20822 ], [ 1.28383, 46.21392 ], [ 1.28266, 46.21596 ] ] } },
{ "type": "Feature", "properties": { "name": null, "weight_class": 1, "permanent": false, "length_km": 2.7 }, "geometry": { "type": "LineString", "coordinates": [ [ 1.21685, 46.23319 ], [ 1.21408, 46.23 ], [ 1.20677, 46.22646 ], [ 1.20628, 46.21684 ], [ 1.20302, 46.21433 ] ] } },
{ "type": "Feature", "properties": { "name": null, "weight_class": 1, "permanent": false, "length_km": 2.3 }, "geometry": { "type": "LineString", "coordinates": [ [ 1.22299, 46.22937 ], [ 1.21942, 46.22678 ], [ 1.22043, 46.22194 ], [ 1.21857, 46.2176 ], [ 1.21313, 46.2127 ] ] } },
{ "type": "Feature", "properties": { "name": null, "weight_class": 1, "permanent": false, "length_km": 2.7 }, "geometry": { "type": "LineString", "coordinates": [ [ 1.37727, 46.20162 ], [ 1.37736, 46.19535 ], [ 1.37355, 46.19347 ], [ 1.37263, 46.19081 ], [ 1.36939, 46.18838 ], [ 1.37162, 46.18593 ], [ 1.36987, 46.18157 ] ] } },
{ "type": "Feature", "properties": { "name": null, "weight_class": 1, "permanent": false, "length_km": 3.1 }, "geometry": { "type": "LineString", "coordinates": [ [ 1.35627, 46.18115 ], [ 1.35594, 46.17614 ], [ 1.35737, 46.1706 ], [ 1.35925, 46.1698 ], [ 1.35859, 46.16708 ], [ 1.36362, 46.16131 ], [ 1.36176, 46.15877 ], [ 1.35951, 46.15796 ] ] } },
{ "type": "Feature", "properties": { "name": null, "weight_class": 1, "permanent": false, "length_km": 2.1 }, "geometry": { "type": "LineString", "coordinates": [ [ 1.29588, 46.20058 ], [ 1.29491, 46.20214 ], [ 1.29091, 46.20332 ], [ 1.29011, 46.20512 ], [ 1.28755, 46.20649 ], [ 1.28972, 46.20986 ], [ 1.28714, 46.21359 ], [ 1.28735, 46.2151 ] ] } },
{ "type": "Feature", "properties": { "name": null, "weight_class": 1, "permanent": false, "length_km": 2.1 }, "geometry": { "type": "LineString", "coordinates": [ [ 1.2961, 46.18593 ], [ 1.30191, 46.1897 ], [ 1.30309, 46.1924 ], [ 1.31042, 46.19998 ] ] } },
{ "type": "Feature", "properties": { "name": null, "weight_class": 1, "permanent": false, "length_km": 2.0 }, "geometry": { "type": "LineString", "coordinates": [ [ 1.29173, 46.18217 ], [ 1.29839, 46.1798 ], [ 1.30233, 46.17625 ], [ 1.30552, 46.16916 ] ] } },
{ "type": "Feature", "properties": { "name": null, "weight_class": 1, "permanent": false, "length_km": 2.4 }, "geometry": { "type": "LineString", "coordinates": [ [ 1.33721, 46.18306 ], [ 1.33642, 46.18263 ], [ 1.33429, 46.18391 ], [ 1.33362, 46.18753 ], [ 1.32837, 46.19417 ], [ 1.32831, 46.19587 ], [ 1.33027, 46.19821 ], [ 1.33016, 46.20082 ] ] } },
{ "type": "Feature", "properties": { "name": null, "weight_class": 1, "permanent": true, "length_km": 5.5 }, "geometry": { "type": "LineString", "coordinates": [ [ 1.31124, 46.18155 ], [ 1.31256, 46.17685 ], [ 1.30561, 46.16964 ], [ 1.30454, 46.16378 ], [ 1.29757, 46.15897 ], [ 1.29416, 46.15798 ], [ 1.28824, 46.15267 ], [ 1.28619, 46.15195 ], [ 1.2827, 46.15289 ], [ 1.27959, 46.15115 ], [ 1.27727, 46.15217 ], [ 1.27406, 46.15008 ] ] } },
{ "type": "Feature", "properties": { "name": null, "weight_class": 1, "permanent": false, "length_km": 2.7 }, "geometry": { "type": "LineString", "coordinates": [ [ 1.25968, 46.19355 ], [ 1.25782, 46.1987 ], [ 1.25997, 46.20148 ], [ 1.25567, 46.20427 ], [ 1.25683, 46.20814 ], [ 1.25384, 46.21023 ], [ 1.25431, 46.21322 ] ] } },
{ "type": "Feature", "properties": { "name": null, "weight_class": 1, "permanent": false, "length_km": 2.4 }, "geometry": { "type": "LineString", "coordinates": [ [ 1.23759, 46.19012 ], [ 1.2386, 46.18841 ], [ 1.24315, 46.18795 ], [ 1.24437, 46.18553 ], [ 1.25108, 46.18046 ], [ 1.25196, 46.17888 ], [ 1.25144, 46.17456 ] ] } },
{ "type": "Feature", "properties": { "name": null, "weight_class": 1, "permanent": true, "length_km": 4.6 }, "geometry": { "type": "LineString", "coordinates": [ [ 1.3438, 46.18312 ], [ 1.34117, 46.17684 ], [ 1.33784, 46.174 ], [ 1.32765, 46.17152 ], [ 1.32767, 46.16712 ], [ 1.32379, 46.16486 ], [ 1.32286, 46.15815 ], [ 1.31991, 46.15245 ] ] } },
{ "type": "Feature", "properties": { "name": null, "weight_class": 1, "permanent": true, "length_km": 2.5 }, "geometry": { "type": "LineString", "coordinates": [ [ 1.34169, 46.16838 ], [ 1.34235, 46.16314 ], [ 1.33839, 46.15975 ], [ 1.33615, 46.15258 ], [ 1.33166, 46.14892 ] ] } },
{ "type": "Feature", "properties": { "name": null, "weight_class": 1, "permanent": false, "length_km": 2.1 }, "geometry": { "type": "LineString", "coordinates": [ [ 1.22984, 46.17676 ], [ 1.22953, 46.17339 ], [ 1.2322, 46.17098 ], [ 1.2311, 46.16533 ], [ 1.23401, 46.16106 ], [ 1.23367, 46.15969 ] ] } },
{ "type": "Feature", "properties": { "name": null, "weight_class": 1, "permanent": false, "length_km": 2.3 }, "geometry": { "type": "LineString", "coordinates": [ [ 1.35392, 46.13578 ], [ 1.35431, 46.13848 ], [ 1.35128, 46.1425 ], [ 1.35476, 46.1473 ], [ 1.35129, 46.15444 ] ] } },
{ "type": "Feature", "properties": { "name": "Ruisseau de l'Arche", "weight_class": 1, "permanent": true, "length_km": 3.1 }, "geometry": { "type": "LineString", "coordinates": [ [ 1.38138, 46.13483 ], [ 1.37873, 46.13891 ], [ 1.37623, 46.14017 ], [ 1.37519, 46.14378 ], [ 1.37362, 46.14505 ], [ 1.37004, 46.14512 ], [ 1.37082, 46.14779 ], [ 1.368, 46.15379 ], [ 1.36974, 46.15569 ] ] } },
{ "type": "Feature", "properties": { "name": "le Sagnat", "weight_class": 1, "permanent": true, "length_km": 9.5 }, "geometry": { "type": "LineString", "coordinates": [ [ 1.36731, 46.05801 ], [ 1.36302, 46.05974 ], [ 1.36211, 46.06244 ], [ 1.36741, 46.06744 ], [ 1.36294, 46.07022 ], [ 1.35958, 46.07404 ], [ 1.35377, 46.0764 ], [ 1.35145, 46.07595 ], [ 1.34965, 46.07674 ], [ 1.34876, 46.07936 ], [ 1.34523, 46.0829 ], [ 1.34458, 46.08524 ], [ 1.34563, 46.08639 ], [ 1.34426, 46.08893 ], [ 1.35001, 46.09472 ], [ 1.35241, 46.10358 ], [ 1.35136, 46.10598 ], [ 1.34918, 46.10647 ], [ 1.34806, 46.10584 ], [ 1.34624, 46.10729 ], [ 1.34355, 46.10747 ], [ 1.34214, 46.11188 ], [ 1.34366, 46.11429 ], [ 1.33869, 46.11775 ] ] } },
{ "type": "Feature", "properties": { "name": null, "weight_class": 1, "permanent": true, "length_km": 2.4 }, "geometry": { "type": "LineString", "coordinates": [ [ 1.29769, 46.10495 ], [ 1.29687, 46.106 ], [ 1.29772, 46.10778 ], [ 1.29538, 46.11136 ], [ 1.29528, 46.11662 ], [ 1.2924, 46.12077 ], [ 1.29462, 46.12443 ] ] } },
{ "type": "Feature", "properties": { "name": "le Lavillemichel", "weight_class": 1, "permanent": true, "length_km": 7.6 }, "geometry": { "type": "LineString", "coordinates": [ [ 1.33614, 46.06736 ], [ 1.33185, 46.06922 ], [ 1.33229, 46.07239 ], [ 1.33036, 46.07584 ], [ 1.33121, 46.08025 ], [ 1.33026, 46.08271 ], [ 1.32767, 46.08352 ], [ 1.32793, 46.08524 ], [ 1.3254, 46.08873 ], [ 1.32054, 46.0919 ], [ 1.32065, 46.095 ], [ 1.32291, 46.09532 ], [ 1.32404, 46.09657 ], [ 1.32127, 46.0987 ], [ 1.32307, 46.10037 ], [ 1.32344, 46.10439 ], [ 1.3215, 46.1053 ], [ 1.32341, 46.10666 ], [ 1.32424, 46.11023 ], [ 1.32715, 46.11255 ], [ 1.32986, 46.11927 ], [ 1.33258, 46.12062 ] ] } },
{ "type": "Feature", "properties": { "name": null, "weight_class": 1, "permanent": false, "length_km": 3.9 }, "geometry": { "type": "LineString", "coordinates": [ [ 1.40991, 46.0579 ], [ 1.40673, 46.05891 ], [ 1.40209, 46.05882 ], [ 1.39697, 46.06214 ], [ 1.3937, 46.06128 ], [ 1.39203, 46.06168 ], [ 1.38531, 46.0641 ], [ 1.38394, 46.06599 ], [ 1.37943, 46.06717 ], [ 1.37618, 46.06693 ], [ 1.37246, 46.06826 ], [ 1.36783, 46.0671 ] ] } },
{ "type": "Feature", "properties": { "name": null, "weight_class": 1, "permanent": true, "length_km": 6.0 }, "geometry": { "type": "LineString", "coordinates": [ [ 1.30846, 46.06341 ], [ 1.30678, 46.06505 ], [ 1.30143, 46.06633 ], [ 1.29529, 46.06699 ], [ 1.29263, 46.06565 ], [ 1.29035, 46.06694 ], [ 1.29162, 46.06873 ], [ 1.28553, 46.07178 ], [ 1.28204, 46.06857 ], [ 1.28191, 46.06638 ], [ 1.27621, 46.06713 ], [ 1.27389, 46.06832 ], [ 1.27125, 46.06686 ], [ 1.26649, 46.0677 ], [ 1.26429, 46.06519 ], [ 1.26265, 46.06666 ], [ 1.25985, 46.0664 ], [ 1.25525, 46.06797 ] ] } },
{ "type": "Feature", "properties": { "name": null, "weight_class": 1, "permanent": true, "length_km": 2.6 }, "geometry": { "type": "LineString", "coordinates": [ [ 1.30176, 46.0549 ], [ 1.30011, 46.05295 ], [ 1.29702, 46.05282 ], [ 1.28993, 46.04915 ], [ 1.2832, 46.04917 ], [ 1.28007, 46.0458 ], [ 1.2749, 46.04516 ] ] } },
{ "type": "Feature", "properties": { "name": null, "weight_class": 1, "permanent": false, "length_km": 2.5 }, "geometry": { "type": "LineString", "coordinates": [ [ 1.25416, 46.0324 ], [ 1.25524, 46.03664 ], [ 1.2527, 46.03815 ], [ 1.25239, 46.04083 ], [ 1.25715, 46.04324 ], [ 1.25791, 46.05146 ] ] } },
{ "type": "Feature", "properties": { "name": null, "weight_class": 1, "permanent": true, "length_km": 2.8 }, "geometry": { "type": "LineString", "coordinates": [ [ 1.29051, 46.05756 ], [ 1.28499, 46.05869 ], [ 1.27803, 46.05534 ], [ 1.27414, 46.05479 ], [ 1.27066, 46.05735 ], [ 1.26533, 46.05628 ], [ 1.26331, 46.05717 ], [ 1.26042, 46.05677 ] ] } },
{ "type": "Feature", "properties": { "name": null, "weight_class": 1, "permanent": true, "length_km": 2.7 }, "geometry": { "type": "LineString", "coordinates": [ [ 1.23478, 46.04919 ], [ 1.23305, 46.04442 ], [ 1.23402, 46.04288 ], [ 1.23361, 46.03959 ], [ 1.22622, 46.03222 ], [ 1.2254, 46.02807 ] ] } },
{ "type": "Feature", "properties": { "name": null, "weight_class": 2, "permanent": true, "length_km": 2.3 }, "geometry": { "type": "LineString", "coordinates": [ [ 1.25182, 46.14476 ], [ 1.25612, 46.13932 ], [ 1.25636, 46.1363 ], [ 1.25129, 46.13025 ], [ 1.24736, 46.12761 ] ] } },
{ "type": "Feature", "properties": { "name": null, "weight_class": 1, "permanent": true, "length_km": 2.3 }, "geometry": { "type": "LineString", "coordinates": [ [ 1.238, 46.09153 ], [ 1.23602, 46.09406 ], [ 1.23891, 46.09664 ], [ 1.23781, 46.10039 ], [ 1.23917, 46.10153 ], [ 1.23782, 46.10486 ], [ 1.23835, 46.10639 ], [ 1.23599, 46.10883 ] ] } },
{ "type": "Feature", "properties": { "name": "le Ballacou", "weight_class": 1, "permanent": true, "length_km": 5.5 }, "geometry": { "type": "LineString", "coordinates": [ [ 1.26056, 46.09448 ], [ 1.26003, 46.09542 ], [ 1.2573, 46.09612 ], [ 1.25517, 46.09932 ], [ 1.25595, 46.10101 ], [ 1.25197, 46.10272 ], [ 1.25091, 46.10537 ], [ 1.24847, 46.10507 ], [ 1.24503, 46.10743 ], [ 1.24012, 46.10914 ], [ 1.23642, 46.10865 ], [ 1.23304, 46.11212 ], [ 1.23399, 46.11425 ], [ 1.2335, 46.1194 ], [ 1.23554, 46.12061 ], [ 1.23387, 46.12157 ], [ 1.23224, 46.12723 ] ] } },
{ "type": "Feature", "properties": { "name": null, "weight_class": 1, "permanent": false, "length_km": 2.6 }, "geometry": { "type": "LineString", "coordinates": [ [ 1.2393, 46.04899 ], [ 1.2416, 46.05027 ], [ 1.24177, 46.0534 ], [ 1.24562, 46.05477 ], [ 1.24529, 46.05756 ], [ 1.24832, 46.05992 ], [ 1.24878, 46.06221 ], [ 1.25062, 46.06263 ], [ 1.25285, 46.06575 ], [ 1.25425, 46.066 ] ] } },
{ "type": "Feature", "properties": { "name": "Ruisseau de l'Étang de Richemont", "weight_class": 1, "permanent": false, "length_km": 7.2 }, "geometry": { "type": "LineString", "coordinates": [ [ 1.03139, 46.0393 ], [ 1.03196, 46.04114 ], [ 1.02835, 46.0438 ], [ 1.028, 46.04552 ], [ 1.02983, 46.04937 ], [ 1.02592, 46.05438 ], [ 1.02702, 46.06119 ], [ 1.02878, 46.06312 ], [ 1.03314, 46.06428 ], [ 1.0363, 46.06723 ], [ 1.04061, 46.06739 ], [ 1.0444, 46.07509 ], [ 1.05388, 46.07945 ], [ 1.05359, 46.08106 ], [ 1.05812, 46.08333 ], [ 1.06077, 46.08646 ] ] } },
{ "type": "Feature", "properties": { "name": "la Couze", "weight_class": 2, "permanent": true, "length_km": 35.7 }, "geometry": { "type": "MultiLineString", "coordinates": [ [ [ 1.31549, 46.0485 ], [ 1.31124, 46.04853 ], [ 1.30903, 46.04461 ], [ 1.30014, 46.03856 ], [ 1.29073, 46.03537 ], [ 1.28745, 46.03216 ], [ 1.27492, 46.03552 ], [ 1.27405, 46.03902 ], [ 1.27568, 46.04232 ], [ 1.27532, 46.04458 ], [ 1.26999, 46.04903 ], [ 1.26582, 46.05428 ], [ 1.26319, 46.05449 ], [ 1.26115, 46.05306 ], [ 1.2594, 46.05361 ], [ 1.2605, 46.05614 ], [ 1.25962, 46.05658 ], [ 1.26002, 46.05864 ], [ 1.25899, 46.06093 ], [ 1.25554, 46.06227 ], [ 1.25408, 46.06622 ], [ 1.25529, 46.06825 ], [ 1.25188, 46.06885 ], [ 1.25138, 46.07304 ], [ 1.24073, 46.07617 ], [ 1.23981, 46.07773 ], [ 1.23655, 46.07905 ], [ 1.2333, 46.07939 ], [ 1.23373, 46.08199 ], [ 1.23119, 46.08311 ], [ 1.23081, 46.08526 ], [ 1.22717, 46.0853 ], [ 1.22603, 46.08319 ], [ 1.21765, 46.08615 ], [ 1.21579, 46.08815 ], [ 1.21313, 46.09507 ], [ 1.21481, 46.09659 ], [ 1.21488, 46.09881 ], [ 1.21161, 46.10416 ], [ 1.21268, 46.10757 ], [ 1.21035, 46.10943 ], [ 1.20664, 46.10994 ], [ 1.20453, 46.11156 ], [ 1.20696, 46.11303 ], [ 1.20571, 46.11405 ], [ 1.20719, 46.11495 ], [ 1.20457, 46.11603 ], [ 1.20363, 46.11893 ], [ 1.20588, 46.11965 ], [ 1.20429, 46.12117 ], [ 1.20557, 46.12202 ], [ 1.20443, 46.12389 ], [ 1.20907, 46.12914 ], [ 1.20952, 46.13225 ] ], [ [ 1.45219, 46.01793 ], [ 1.45086, 46.01963 ], [ 1.44509, 46.02219 ], [ 1.44206, 46.02204 ], [ 1.43201, 46.02455 ], [ 1.42912, 46.02364 ], [ 1.42802, 46.0262 ], [ 1.42285, 46.02638 ], [ 1.41963, 46.02817 ], [ 1.41601, 46.02777 ], [ 1.41282, 46.03008 ], [ 1.4126, 46.03133 ], [ 1.40991, 46.03069 ], [ 1.40385, 46.03121 ], [ 1.40382, 46.03358 ], [ 1.40061, 46.03503 ], [ 1.39368, 46.0341 ], [ 1.38797, 46.03448 ], [ 1.38127, 46.03844 ], [ 1.37739, 46.04274 ], [ 1.3725, 46.0403 ], [ 1.36971, 46.04115 ], [ 1.36925, 46.0402 ], [ 1.36327, 46.03758 ], [ 1.36048, 46.03844 ], [ 1.35823, 46.0372 ], [ 1.35667, 46.03851 ], [ 1.35209, 46.03886 ], [ 1.346, 46.04157 ], [ 1.34397, 46.04161 ], [ 1.34117, 46.04353 ], [ 1.33812, 46.04263 ], [ 1.33382, 46.04279 ], [ 1.33276, 46.04402 ], [ 1.32818, 46.0433 ], [ 1.32644, 46.04557 ], [ 1.32286, 46.04491 ], [ 1.31662, 46.04815 ] ] ] } },
{ "type": "Feature", "properties": { "name": "Ruisseau de l'Étang de Lage", "weight_class": 1, "permanent": false, "length_km": 2.9 }, "geometry": { "type": "LineString", "coordinates": [ [ 1.05949, 46.19017 ], [ 1.06581, 46.19743 ], [ 1.06521, 46.20027 ], [ 1.06248, 46.20147 ], [ 1.06246, 46.20431 ], [ 1.06056, 46.20693 ], [ 1.06231, 46.21223 ] ] } },
{ "type": "Feature", "properties": { "name": "Ruisseau de Lage", "weight_class": 1, "permanent": true, "length_km": 4.0 }, "geometry": { "type": "LineString", "coordinates": [ [ 1.03162, 46.19963 ], [ 1.03639, 46.20207 ], [ 1.0388, 46.20061 ], [ 1.04422, 46.1997 ], [ 1.04914, 46.2038 ], [ 1.05347, 46.20506 ], [ 1.05625, 46.20909 ], [ 1.05967, 46.20991 ], [ 1.06288, 46.21313 ], [ 1.06227, 46.21431 ], [ 1.06438, 46.21495 ], [ 1.06514, 46.21634 ] ] } },
{ "type": "Feature", "properties": { "name": "Ruisseau de Lage", "weight_class": 1, "permanent": true, "length_km": 6.9 }, "geometry": { "type": "LineString", "coordinates": [ [ 1.10174, 46.18905 ], [ 1.0988, 46.19133 ], [ 1.09595, 46.20502 ], [ 1.08865, 46.20716 ], [ 1.08453, 46.21139 ], [ 1.07876, 46.21261 ], [ 1.07664, 46.21458 ], [ 1.07291, 46.21576 ], [ 1.06514, 46.21634 ], [ 1.06313, 46.21735 ], [ 1.06066, 46.22084 ], [ 1.05875, 46.22085 ], [ 1.05791, 46.22176 ], [ 1.05735, 46.22798 ], [ 1.05615, 46.22962 ] ] } },
{ "type": "Feature", "properties": { "name": "Ruisseau des Pouyades", "weight_class": 1, "permanent": true, "length_km": 5.1 }, "geometry": { "type": "LineString", "coordinates": [ [ 1.2196, 46.19168 ], [ 1.21535, 46.19031 ], [ 1.21277, 46.19157 ], [ 1.20656, 46.19213 ], [ 1.2036, 46.19604 ], [ 1.19639, 46.19963 ], [ 1.19353, 46.20245 ], [ 1.17738, 46.20805 ], [ 1.17453, 46.20794 ], [ 1.16875, 46.20959 ], [ 1.16789, 46.20898 ] ] } },
{ "type": "Feature", "properties": { "name": "Ruisseau de la Valette", "weight_class": 1, "permanent": true, "length_km": 4.1 }, "geometry": { "type": "LineString", "coordinates": [ [ 1.15309, 46.18636 ], [ 1.14921, 46.18663 ], [ 1.14615, 46.18906 ], [ 1.14416, 46.19573 ], [ 1.14191, 46.19711 ], [ 1.14235, 46.2007 ], [ 1.13884, 46.20492 ], [ 1.13535, 46.2062 ], [ 1.13183, 46.21331 ] ] } },
{ "type": "Feature", "properties": { "name": "Ris Geala", "weight_class": 1, "permanent": false, "length_km": 3.6 }, "geometry": { "type": "LineString", "coordinates": [ [ 1.08619, 46.1793 ], [ 1.07913, 46.17537 ], [ 1.07692, 46.17285 ], [ 1.07201, 46.17272 ], [ 1.06547, 46.17028 ], [ 1.06251, 46.16667 ], [ 1.05894, 46.16557 ], [ 1.05711, 46.16188 ], [ 1.0579, 46.15989 ] ] } },
{ "type": "Feature", "properties": { "name": null, "weight_class": 1, "permanent": true, "length_km": 2.5 }, "geometry": { "type": "LineString", "coordinates": [ [ 1.1827, 46.18233 ], [ 1.18533, 46.17949 ], [ 1.18824, 46.16841 ], [ 1.18709, 46.16628 ], [ 1.18902, 46.1614 ] ] } },
{ "type": "Feature", "properties": { "name": null, "weight_class": 1, "permanent": false, "length_km": 2.7 }, "geometry": { "type": "LineString", "coordinates": [ [ 1.17134, 46.18549 ], [ 1.17081, 46.18859 ], [ 1.17202, 46.19069 ], [ 1.17005, 46.19338 ], [ 1.17064, 46.1968 ], [ 1.1754, 46.20411 ], [ 1.174, 46.2081 ] ] } },
{ "type": "Feature", "properties": { "name": null, "weight_class": 1, "permanent": false, "length_km": 2.6 }, "geometry": { "type": "LineString", "coordinates": [ [ 1.13167, 46.18625 ], [ 1.12979, 46.18712 ], [ 1.13032, 46.1915 ], [ 1.12871, 46.19337 ], [ 1.13381, 46.20124 ], [ 1.13495, 46.20682 ] ] } },
{ "type": "Feature", "properties": { "name": null, "weight_class": 1, "permanent": false, "length_km": 3.5 }, "geometry": { "type": "LineString", "coordinates": [ [ 1.11026, 46.18694 ], [ 1.11717, 46.1907 ], [ 1.12198, 46.19866 ], [ 1.12107, 46.20369 ], [ 1.123, 46.2144 ] ] } },
{ "type": "Feature", "properties": { "name": null, "weight_class": 1, "permanent": true, "length_km": 3.7 }, "geometry": { "type": "LineString", "coordinates": [ [ 1.10439, 46.18229 ], [ 1.10476, 46.17989 ], [ 1.10204, 46.17769 ], [ 1.10173, 46.17394 ], [ 1.10033, 46.17224 ], [ 1.102, 46.17031 ], [ 1.09966, 46.16772 ], [ 1.0998, 46.16527 ], [ 1.0931, 46.15762 ], [ 1.094, 46.15579 ], [ 1.096, 46.15478 ] ] } },
{ "type": "Feature", "properties": { "name": null, "weight_class": 1, "permanent": false, "length_km": 4.8 }, "geometry": { "type": "LineString", "coordinates": [ [ 1.11932, 46.18263 ], [ 1.12401, 46.17914 ], [ 1.12389, 46.17609 ], [ 1.12789, 46.17192 ], [ 1.12977, 46.17107 ], [ 1.13299, 46.17139 ], [ 1.13477, 46.16973 ], [ 1.13426, 46.16528 ], [ 1.13033, 46.16142 ], [ 1.1338, 46.15795 ], [ 1.13353, 46.15613 ], [ 1.13145, 46.15493 ], [ 1.13072, 46.15299 ], [ 1.12633, 46.15104 ] ] } },
{ "type": "Feature", "properties": { "name": null, "weight_class": 1, "permanent": false, "length_km": 3.7 }, "geometry": { "type": "LineString", "coordinates": [ [ 1.06614, 46.18429 ], [ 1.06662, 46.18256 ], [ 1.06229, 46.17906 ], [ 1.062, 46.17475 ], [ 1.05486, 46.16283 ], [ 1.04611, 46.15763 ] ] } },
{ "type": "Feature", "properties": { "name": null, "weight_class": 1, "permanent": true, "length_km": 2.9 }, "geometry": { "type": "LineString", "coordinates": [ [ 1.16331, 46.17745 ], [ 1.16244, 46.17622 ], [ 1.16352, 46.17471 ], [ 1.16061, 46.16977 ], [ 1.16442, 46.16413 ], [ 1.16321, 46.16137 ], [ 1.1691, 46.15636 ], [ 1.16898, 46.15496 ] ] } },
{ "type": "Feature", "properties": { "name": null, "weight_class": 1, "permanent": false, "length_km": 2.2 }, "geometry": { "type": "LineString", "coordinates": [ [ 1.05547, 46.14192 ], [ 1.06176, 46.14852 ], [ 1.05769, 46.15412 ], [ 1.05399, 46.15532 ], [ 1.05322, 46.15674 ] ] } },
{ "type": "Feature", "properties": { "name": "Ruisseau de la Chaise", "weight_class": 1, "permanent": false, "length_km": 3.2 }, "geometry": { "type": "LineString", "coordinates": [ [ 1.0763, 46.13025 ], [ 1.07606, 46.1328 ], [ 1.07191, 46.13383 ], [ 1.06885, 46.13818 ], [ 1.07353, 46.1471 ], [ 1.07374, 46.15247 ], [ 1.07221, 46.15432 ] ] } },
{ "type": "Feature", "properties": { "name": null, "weight_class": 1, "permanent": true, "length_km": 2.2 }, "geometry": { "type": "LineString", "coordinates": [ [ 1.08662, 46.13672 ], [ 1.08531, 46.14215 ], [ 1.08355, 46.14458 ], [ 1.08664, 46.14765 ], [ 1.08802, 46.15133 ], [ 1.08693, 46.15439 ] ] } },
{ "type": "Feature", "properties": { "name": null, "weight_class": 1, "permanent": true, "length_km": 2.2 }, "geometry": { "type": "LineString", "coordinates": [ [ 1.09842, 46.13478 ], [ 1.09935, 46.1417 ], [ 1.10029, 46.14329 ], [ 1.10396, 46.14532 ], [ 1.10563, 46.15215 ] ] } },
{ "type": "Feature", "properties": { "name": null, "weight_class": 1, "permanent": false, "length_km": 2.4 }, "geometry": { "type": "LineString", "coordinates": [ [ 1.12157, 46.12418 ], [ 1.12072, 46.12777 ], [ 1.12421, 46.12862 ], [ 1.12533, 46.1299 ], [ 1.12773, 46.13533 ], [ 1.13049, 46.13729 ], [ 1.13016, 46.14053 ], [ 1.13106, 46.14137 ] ] } },
{ "type": "Feature", "properties": { "name": "Ruisseau de Sannat", "weight_class": 1, "permanent": true, "length_km": 2.2 }, "geometry": { "type": "LineString", "coordinates": [ [ 1.14753, 46.09022 ], [ 1.14196, 46.0907 ], [ 1.13975, 46.09372 ], [ 1.13451, 46.09169 ], [ 1.1278, 46.09092 ], [ 1.12451, 46.0888 ] ] } },
{ "type": "Feature", "properties": { "name": null, "weight_class": 1, "permanent": true, "length_km": 2.7 }, "geometry": { "type": "LineString", "coordinates": [ [ 1.17846, 46.10895 ], [ 1.17507, 46.11132 ], [ 1.1728, 46.12035 ], [ 1.17, 46.1231 ], [ 1.16957, 46.12758 ], [ 1.17084, 46.13058 ] ] } },
{ "type": "Feature", "properties": { "name": null, "weight_class": 1, "permanent": true, "length_km": 3.0 }, "geometry": { "type": "LineString", "coordinates": [ [ 1.17197, 46.08801 ], [ 1.16759, 46.08688 ], [ 1.1535, 46.07947 ], [ 1.14792, 46.07739 ], [ 1.14121, 46.07623 ], [ 1.14032, 46.07453 ] ] } },
{ "type": "Feature", "properties": { "name": "la Gardelle", "weight_class": 1, "permanent": true, "length_km": 3.5 }, "geometry": { "type": "LineString", "coordinates": [ [ 1.18414, 46.09079 ], [ 1.1842, 46.08968 ], [ 1.17976, 46.08638 ], [ 1.17774, 46.08345 ], [ 1.17477, 46.08206 ], [ 1.17198, 46.08191 ], [ 1.17239, 46.08102 ], [ 1.16777, 46.07718 ], [ 1.16249, 46.07704 ], [ 1.15865, 46.07497 ], [ 1.15617, 46.07503 ], [ 1.15455, 46.07318 ] ] } },
{ "type": "Feature", "properties": { "name": "Ruisseau des Boines", "weight_class": 1, "permanent": true, "length_km": 5.7 }, "geometry": { "type": "LineString", "coordinates": [ [ 1.16876, 46.10135 ], [ 1.16753, 46.10438 ], [ 1.15882, 46.10841 ], [ 1.15473, 46.10921 ], [ 1.14607, 46.10728 ], [ 1.14221, 46.10918 ], [ 1.12765, 46.10816 ], [ 1.12374, 46.10918 ], [ 1.1175, 46.1072 ], [ 1.11675, 46.10488 ], [ 1.11482, 46.10394 ], [ 1.11213, 46.10549 ] ] } },
{ "type": "Feature", "properties": { "name": "la Bazine", "weight_class": 2, "permanent": true, "length_km": 20.1 }, "geometry": { "type": "LineString", "coordinates": [ [ 1.21123, 46.0627 ], [ 1.20458, 46.05757 ], [ 1.19773, 46.05587 ], [ 1.18906, 46.05894 ], [ 1.19001, 46.06082 ], [ 1.18898, 46.06297 ], [ 1.18693, 46.06585 ], [ 1.18322, 46.06805 ], [ 1.18088, 46.06831 ], [ 1.17612, 46.06594 ], [ 1.17302, 46.06549 ], [ 1.17182, 46.06641 ], [ 1.16653, 46.06724 ], [ 1.15946, 46.07365 ], [ 1.15524, 46.07297 ], [ 1.15371, 46.07346 ], [ 1.14985, 46.07231 ], [ 1.14121, 46.07318 ], [ 1.13576, 46.07816 ], [ 1.13221, 46.07848 ], [ 1.1326, 46.07983 ], [ 1.13016, 46.08212 ], [ 1.13003, 46.08369 ], [ 1.12745, 46.08449 ], [ 1.12528, 46.08658 ], [ 1.12483, 46.08869 ], [ 1.12221, 46.09133 ], [ 1.12249, 46.09334 ], [ 1.12027, 46.09485 ], [ 1.12007, 46.09674 ], [ 1.11772, 46.09922 ], [ 1.11475, 46.10079 ], [ 1.11535, 46.1023 ], [ 1.11228, 46.10334 ], [ 1.11145, 46.10631 ], [ 1.10482, 46.10586 ], [ 1.10336, 46.10699 ], [ 1.09745, 46.10823 ], [ 1.09742, 46.10973 ], [ 1.09225, 46.11068 ], [ 1.093, 46.113 ], [ 1.0912, 46.11506 ], [ 1.08606, 46.11441 ], [ 1.08365, 46.1167 ], [ 1.08032, 46.11561 ], [ 1.08044, 46.11648 ], [ 1.07815, 46.11699 ], [ 1.07656, 46.11482 ], [ 1.07409, 46.11559 ], [ 1.07166, 46.11401 ], [ 1.06797, 46.11435 ], [ 1.06539, 46.11278 ], [ 1.05943, 46.11313 ], [ 1.05864, 46.11471 ], [ 1.05359, 46.116 ], [ 1.05213, 46.11427 ] ] } },
{ "type": "Feature", "properties": { "name": "Ruisseau de Géroux", "weight_class": 1, "permanent": true, "length_km": 5.4 }, "geometry": { "type": "LineString", "coordinates": [ [ 1.1113, 46.08261 ], [ 1.10428, 46.08624 ], [ 1.1036, 46.08778 ], [ 1.09784, 46.09098 ], [ 1.09173, 46.09256 ], [ 1.08679, 46.09606 ], [ 1.07924, 46.09958 ], [ 1.07531, 46.09965 ], [ 1.06757, 46.10271 ], [ 1.0628, 46.09967 ], [ 1.0575, 46.09984 ] ] } },
{ "type": "Feature", "properties": { "name": "Ruisseau de l'Étang de Méry", "weight_class": 1, "permanent": true, "length_km": 5.9 }, "geometry": { "type": "LineString", "coordinates": [ [ 1.05472, 46.02855 ], [ 1.05422, 46.03363 ], [ 1.05033, 46.04181 ], [ 1.05176, 46.04269 ], [ 1.0527, 46.04946 ], [ 1.0553, 46.0517 ], [ 1.05472, 46.05483 ], [ 1.05988, 46.0584 ], [ 1.06919, 46.0608 ], [ 1.06847, 46.06382 ], [ 1.07303, 46.06807 ] ] } },
{ "type": "Feature", "properties": { "name": "la Glayeule", "weight_class": 1, "permanent": true, "length_km": 21.8 }, "geometry": { "type": "LineString", "coordinates": [ [ 1.19673, 45.98612 ], [ 1.19271, 45.98824 ], [ 1.18916, 45.98762 ], [ 1.18653, 45.99029 ], [ 1.1825, 45.98849 ], [ 1.17378, 45.98649 ], [ 1.17111, 45.9832 ], [ 1.16876, 45.9828 ], [ 1.16315, 45.98439 ], [ 1.16033, 45.9836 ], [ 1.15925, 45.98435 ], [ 1.15286, 45.98485 ], [ 1.14688, 45.98412 ], [ 1.14456, 45.98648 ], [ 1.13837, 45.98907 ], [ 1.13629, 45.9915 ], [ 1.13776, 45.99424 ], [ 1.1364, 45.99615 ], [ 1.13685, 45.99821 ], [ 1.13383, 46.0009 ], [ 1.12941, 46.00933 ], [ 1.12621, 46.00986 ], [ 1.12383, 46.01245 ], [ 1.12155, 46.01331 ], [ 1.1178, 46.01311 ], [ 1.11093, 46.02216 ], [ 1.10572, 46.02471 ], [ 1.10366, 46.02983 ], [ 1.10139, 46.0314 ], [ 1.10208, 46.0323 ], [ 1.10102, 46.03321 ], [ 1.10292, 46.03521 ], [ 1.1029, 46.03697 ], [ 1.09986, 46.04121 ], [ 1.09648, 46.04174 ], [ 1.09603, 46.04462 ], [ 1.09512, 46.04479 ], [ 1.09568, 46.0475 ], [ 1.09146, 46.0488 ], [ 1.08524, 46.05301 ], [ 1.0796, 46.05385 ], [ 1.07883, 46.0551 ], [ 1.08001, 46.05788 ], [ 1.07769, 46.0608 ], [ 1.07777, 46.06376 ], [ 1.07556, 46.06522 ], [ 1.07634, 46.06754 ], [ 1.07336, 46.06788 ], [ 1.07144, 46.07084 ], [ 1.06873, 46.07153 ], [ 1.06939, 46.07539 ], [ 1.0647, 46.0786 ], [ 1.06609, 46.08168 ], [ 1.06542, 46.084 ] ] } },
{ "type": "Feature", "properties": { "name": null, "weight_class": 1, "permanent": false, "length_km": 2.5 }, "geometry": { "type": "LineString", "coordinates": [ [ 1.1779, 46.04405 ], [ 1.17242, 46.04138 ], [ 1.16744, 46.04235 ], [ 1.1614, 46.04155 ], [ 1.15049, 46.03708 ] ] } },
{ "type": "Feature", "properties": { "name": null, "weight_class": 1, "permanent": true, "length_km": 3.0 }, "geometry": { "type": "LineString", "coordinates": [ [ 1.19143, 46.04891 ], [ 1.18103, 46.05702 ], [ 1.17855, 46.05572 ], [ 1.17543, 46.05612 ], [ 1.17458, 46.05765 ], [ 1.1754, 46.06089 ], [ 1.17302, 46.06549 ] ] } },
{ "type": "Feature", "properties": { "name": null, "weight_class": 1, "permanent": true, "length_km": 2.3 }, "geometry": { "type": "LineString", "coordinates": [ [ 1.16688, 46.04966 ], [ 1.1666, 46.05168 ], [ 1.16369, 46.05436 ], [ 1.16392, 46.06894 ] ] } },
{ "type": "Feature", "properties": { "name": null, "weight_class": 1, "permanent": true, "length_km": 2.2 }, "geometry": { "type": "LineString", "coordinates": [ [ 1.14497, 46.05532 ], [ 1.14628, 46.05972 ], [ 1.14421, 46.06171 ], [ 1.14516, 46.07072 ], [ 1.14291, 46.0726 ] ] } },
{ "type": "Feature", "properties": { "name": null, "weight_class": 2, "permanent": false, "length_km": 2.4 }, "geometry": { "type": "LineString", "coordinates": [ [ 1.06409, 46.04443 ], [ 1.06481, 46.04514 ], [ 1.06857, 46.04413 ], [ 1.07158, 46.04523 ], [ 1.07446, 46.04488 ], [ 1.07765, 46.04998 ], [ 1.08682, 46.05196 ] ] } },
{ "type": "Feature", "properties": { "name": null, "weight_class": 1, "permanent": true, "length_km": 3.5 }, "geometry": { "type": "LineString", "coordinates": [ [ 1.19157, 46.10598 ], [ 1.19095, 46.10783 ], [ 1.19283, 46.11302 ], [ 1.19048, 46.11534 ], [ 1.18959, 46.11949 ], [ 1.19321, 46.12405 ], [ 1.18999, 46.12889 ], [ 1.18755, 46.13052 ], [ 1.18851, 46.13421 ] ] } },
{ "type": "Feature", "properties": { "name": "Ruisseau des Sagnes", "weight_class": 1, "permanent": true, "length_km": 4.9 }, "geometry": { "type": "LineString", "coordinates": [ [ 1.21869, 46.05829 ], [ 1.215, 46.0529 ], [ 1.21553, 46.04921 ], [ 1.2099, 46.04739 ], [ 1.20856, 46.04578 ], [ 1.20559, 46.04001 ], [ 1.20493, 46.0342 ], [ 1.20006, 46.03055 ], [ 1.19835, 46.02577 ], [ 1.19608, 46.02558 ], [ 1.19388, 46.02401 ] ] } },
{ "type": "Feature", "properties": { "name": null, "weight_class": 1, "permanent": false, "length_km": 2.7 }, "geometry": { "type": "LineString", "coordinates": [ [ 1.19775, 46.04309 ], [ 1.19362, 46.04008 ], [ 1.1908, 46.03556 ], [ 1.18929, 46.03488 ], [ 1.18548, 46.0354 ], [ 1.18393, 46.03359 ], [ 1.1839, 46.0309 ], [ 1.17926, 46.02704 ] ] } },
{ "type": "Feature", "properties": { "name": "Ruisseau de la Glayole", "weight_class": 1, "permanent": false, "length_km": 2.9 }, "geometry": { "type": "LineString", "coordinates": [ [ 1.00798, 46.27794 ], [ 1.00217, 46.27193 ], [ 0.99821, 46.27096 ], [ 0.99655, 46.26951 ], [ 0.99519, 46.26265 ], [ 0.99586, 46.25669 ] ] } },
{ "type": "Feature", "properties": { "name": "Ruisseau de la Loudinière", "weight_class": 1, "permanent": false, "length_km": 3.7 }, "geometry": { "type": "LineString", "coordinates": [ [ 1.02482, 46.27845 ], [ 1.01841, 46.27052 ], [ 1.01386, 46.26826 ], [ 1.01203, 46.26485 ], [ 1.00938, 46.26403 ], [ 1.0098, 46.26234 ], [ 1.00631, 46.25809 ], [ 0.99942, 46.25448 ], [ 0.99813, 46.25489 ] ] } },
{ "type": "Feature", "properties": { "name": "le Ris Conedoux", "weight_class": 1, "permanent": false, "length_km": 2.9 }, "geometry": { "type": "LineString", "coordinates": [ [ 0.90203, 46.26837 ], [ 0.90396, 46.27212 ], [ 0.90347, 46.27971 ], [ 0.89387, 46.28306 ], [ 0.88763, 46.28771 ] ] } },
{ "type": "Feature", "properties": { "name": "Ruisseau de Longé", "weight_class": 1, "permanent": false, "length_km": 5.0 }, "geometry": { "type": "LineString", "coordinates": [ [ 0.96243, 46.23732 ], [ 0.95996, 46.23832 ], [ 0.95632, 46.23822 ], [ 0.95266, 46.24131 ], [ 0.95171, 46.24452 ], [ 0.95248, 46.24796 ], [ 0.94746, 46.25558 ], [ 0.94441, 46.26459 ], [ 0.94569, 46.27437 ] ] } },
{ "type": "Feature", "properties": { "name": null, "weight_class": 1, "permanent": false, "length_km": 2.7 }, "geometry": { "type": "LineString", "coordinates": [ [ 1.04378, 46.30298 ], [ 1.0442, 46.30789 ], [ 1.04214, 46.31165 ], [ 1.03738, 46.31175 ], [ 1.03181, 46.30768 ], [ 1.02403, 46.30792 ] ] } },
{ "type": "Feature", "properties": { "name": null, "weight_class": 1, "permanent": false, "length_km": 2.6 }, "geometry": { "type": "LineString", "coordinates": [ [ 0.9942, 46.27479 ], [ 0.98985, 46.27419 ], [ 0.97826, 46.26844 ], [ 0.97691, 46.25943 ] ] } },
{ "type": "Feature", "properties": { "name": null, "weight_class": 1, "permanent": false, "length_km": 2.2 }, "geometry": { "type": "LineString", "coordinates": [ [ 1.04053, 46.27128 ], [ 1.03798, 46.27421 ], [ 1.03267, 46.2756 ], [ 1.02929, 46.27551 ], [ 1.02068, 46.27058 ], [ 1.01841, 46.27052 ] ] } },
{ "type": "Feature", "properties": { "name": "la Brame", "weight_class": 2, "permanent": true, "length_km": 56.5 }, "geometry": { "type": "LineString", "coordinates": [ [ 1.39777, 46.2313 ], [ 1.39482, 46.23079 ], [ 1.38555, 46.23315 ], [ 1.38375, 46.23289 ], [ 1.37963, 46.23079 ], [ 1.37712, 46.22677 ], [ 1.37392, 46.22489 ], [ 1.36713, 46.22675 ], [ 1.35867, 46.22538 ], [ 1.35564, 46.22604 ], [ 1.35393, 46.22753 ], [ 1.3488, 46.22666 ], [ 1.34754, 46.22805 ], [ 1.34473, 46.22878 ], [ 1.34346, 46.22744 ], [ 1.34147, 46.22779 ], [ 1.33706, 46.22677 ], [ 1.33525, 46.22227 ], [ 1.33123, 46.21921 ], [ 1.32606, 46.21964 ], [ 1.32309, 46.21864 ], [ 1.31786, 46.22077 ], [ 1.31423, 46.21898 ], [ 1.30883, 46.2207 ], [ 1.3033, 46.21796 ], [ 1.3008, 46.21938 ], [ 1.29696, 46.21873 ], [ 1.2933, 46.21751 ], [ 1.29283, 46.2161 ], [ 1.28916, 46.21455 ], [ 1.28362, 46.21612 ], [ 1.27823, 46.21524 ], [ 1.2763, 46.21572 ], [ 1.27355, 46.21882 ], [ 1.27468, 46.21967 ], [ 1.27425, 46.22162 ], [ 1.27185, 46.22179 ], [ 1.271, 46.21883 ], [ 1.2672, 46.21923 ], [ 1.26715, 46.21689 ], [ 1.26013, 46.21267 ], [ 1.25668, 46.21345 ], [ 1.25597, 46.21456 ], [ 1.25374, 46.21293 ], [ 1.25276, 46.21331 ], [ 1.2527, 46.21664 ], [ 1.25048, 46.2166 ], [ 1.24881, 46.2142 ], [ 1.24691, 46.21501 ], [ 1.24778, 46.21689 ], [ 1.24679, 46.21752 ], [ 1.24085, 46.21618 ], [ 1.23886, 46.21725 ], [ 1.23491, 46.21549 ], [ 1.23483, 46.2135 ], [ 1.23134, 46.21481 ], [ 1.22916, 46.21146 ], [ 1.22295, 46.21146 ], [ 1.22139, 46.2101 ], [ 1.21149, 46.21346 ], [ 1.20521, 46.21293 ], [ 1.20049, 46.21729 ], [ 1.19739, 46.21785 ], [ 1.19216, 46.21448 ], [ 1.19013, 46.21426 ], [ 1.18918, 46.21266 ], [ 1.1845, 46.21414 ], [ 1.17113, 46.21507 ], [ 1.16982, 46.21306 ], [ 1.17061, 46.21233 ], [ 1.16747, 46.21115 ], [ 1.16762, 46.20881 ], [ 1.16058, 46.21049 ], [ 1.15489, 46.20739 ], [ 1.15256, 46.20782 ], [ 1.15347, 46.20903 ], [ 1.15233, 46.20976 ], [ 1.14574, 46.21064 ], [ 1.14431, 46.2097 ], [ 1.14144, 46.20998 ], [ 1.13953, 46.21168 ], [ 1.13634, 46.21145 ], [ 1.13456, 46.21336 ], [ 1.12651, 46.21241 ], [ 1.12544, 46.21425 ], [ 1.12294, 46.21441 ], [ 1.12087, 46.21603 ], [ 1.12028, 46.2204 ], [ 1.11784, 46.22237 ], [ 1.11884, 46.22279 ], [ 1.11596, 46.22348 ], [ 1.11606, 46.22562 ], [ 1.1127, 46.22672 ], [ 1.11031, 46.23235 ], [ 1.10628, 46.2327 ], [ 1.10449, 46.23425 ], [ 1.10212, 46.23382 ], [ 1.1003, 46.23609 ], [ 1.10225, 46.23608 ], [ 1.10236, 46.23648 ], [ 1.0952, 46.23649 ], [ 1.09231, 46.23918 ], [ 1.08834, 46.23915 ], [ 1.08514, 46.23723 ], [ 1.08323, 46.23718 ], [ 1.08088, 46.23778 ], [ 1.07907, 46.24016 ], [ 1.07804, 46.2395 ], [ 1.07569, 46.24144 ], [ 1.07189, 46.24126 ], [ 1.07267, 46.23871 ], [ 1.06555, 46.23792 ], [ 1.06263, 46.23438 ], [ 1.05611, 46.2296 ], [ 1.04768, 46.23121 ], [ 1.04287, 46.22971 ], [ 1.03857, 46.23115 ], [ 1.03631, 46.23352 ], [ 1.03433, 46.23391 ], [ 1.0346, 46.23651 ], [ 1.03135, 46.23618 ], [ 1.02956, 46.23498 ], [ 1.02654, 46.23562 ], [ 1.02709, 46.23746 ], [ 1.02345, 46.24066 ], [ 1.01726, 46.23856 ], [ 1.01565, 46.24263 ], [ 1.01273, 46.24401 ], [ 1.01169, 46.24586 ], [ 1.01043, 46.24571 ], [ 1.00864, 46.24836 ], [ 1.0063, 46.24826 ], [ 1.00542, 46.24996 ], [ 1.00236, 46.24922 ], [ 0.9994, 46.25019 ], [ 0.99686, 46.25345 ], [ 0.99821, 46.25503 ], [ 0.99696, 46.25648 ], [ 0.99449, 46.25664 ], [ 0.99134, 46.25403 ], [ 0.98968, 46.25639 ], [ 0.98745, 46.25702 ], [ 0.98716, 46.25907 ], [ 0.98504, 46.25811 ], [ 0.97888, 46.26076 ], [ 0.97634, 46.25883 ], [ 0.97439, 46.25866 ], [ 0.96587, 46.26265 ], [ 0.96332, 46.26245 ], [ 0.96362, 46.26625 ], [ 0.95692, 46.26477 ], [ 0.95536, 46.26828 ], [ 0.95075, 46.2721 ], [ 0.94862, 46.27236 ], [ 0.94582, 46.27427 ], [ 0.94395, 46.27643 ], [ 0.9401, 46.27709 ], [ 0.93562, 46.27593 ] ] } },
{ "type": "Feature", "properties": { "name": "le Montagne", "weight_class": 1, "permanent": false, "length_km": 4.7 }, "geometry": { "type": "MultiLineString", "coordinates": [ [ [ 0.97671, 46.28531 ], [ 0.9729, 46.28574 ], [ 0.96989, 46.28493 ], [ 0.96108, 46.28668 ], [ 0.95552, 46.28438 ], [ 0.95198, 46.28463 ], [ 0.94603, 46.28986 ], [ 0.93873, 46.29101 ], [ 0.93606, 46.29299 ] ], [ [ 0.98848, 46.28063 ], [ 0.98247, 46.28213 ], [ 0.98004, 46.28372 ] ] ] } },
{ "type": "Feature", "properties": { "name": "le Nadaud/Ruisseau de Nadaud", "weight_class": 1, "permanent": true, "length_km": 9.9 }, "geometry": { "type": "LineString", "coordinates": [ [ 1.02574, 46.18813 ], [ 1.02681, 46.19275 ], [ 1.02275, 46.19485 ], [ 1.02185, 46.1979 ], [ 1.01792, 46.20079 ], [ 1.01987, 46.20462 ], [ 1.01781, 46.20609 ], [ 1.01523, 46.21189 ], [ 1.01242, 46.21258 ], [ 1.00967, 46.21469 ], [ 1.00805, 46.22184 ], [ 1.00426, 46.22477 ], [ 1.00492, 46.22739 ], [ 1.00717, 46.22964 ], [ 1.00633, 46.23197 ], [ 1.0078, 46.2344 ], [ 1.00252, 46.24013 ], [ 0.99757, 46.24151 ], [ 0.9961, 46.24337 ], [ 0.99353, 46.24407 ], [ 0.99315, 46.24587 ], [ 0.99048, 46.2457 ], [ 0.98852, 46.24725 ], [ 0.98773, 46.25073 ], [ 0.99071, 46.2547 ] ] } },
{ "type": "Feature", "properties": { "name": null, "weight_class": 1, "permanent": false, "length_km": 2.4 }, "geometry": { "type": "LineString", "coordinates": [ [ 0.90548, 46.23928 ], [ 0.91198, 46.24201 ], [ 0.91456, 46.23957 ], [ 0.92012, 46.23872 ], [ 0.92738, 46.24473 ] ] } },
{ "type": "Feature", "properties": { "name": "Ruisseau des Buis", "weight_class": 1, "permanent": true, "length_km": 3.4 }, "geometry": { "type": "LineString", "coordinates": [ [ 0.89441, 46.25336 ], [ 0.89555, 46.2527 ], [ 0.90519, 46.25488 ], [ 0.90874, 46.25473 ], [ 0.91375, 46.25836 ], [ 0.91729, 46.25956 ], [ 0.9196, 46.25784 ], [ 0.92299, 46.25746 ], [ 0.92575, 46.25574 ], [ 0.92868, 46.25624 ], [ 0.93046, 46.25562 ] ] } },
{ "type": "Feature", "properties": { "name": "Ruisseau de la Caline", "weight_class": 1, "permanent": false, "length_km": 3.0 }, "geometry": { "type": "LineString", "coordinates": [ [ 0.88794, 46.24609 ], [ 0.88443, 46.24852 ], [ 0.87648, 46.24675 ], [ 0.86997, 46.24266 ], [ 0.86489, 46.24122 ], [ 0.85937, 46.23558 ] ] } },
{ "type": "Feature", "properties": { "name": "Ruisseau des Nauds", "weight_class": 1, "permanent": false, "length_km": 2.0 }, "geometry": { "type": "LineString", "coordinates": [ [ 0.95113, 46.23556 ], [ 0.94676, 46.23099 ], [ 0.94118, 46.22983 ], [ 0.93844, 46.23084 ], [ 0.93375, 46.23568 ] ] } },
{ "type": "Feature", "properties": { "name": "Ruisseau de Chinquioux", "weight_class": 1, "permanent": false, "length_km": 3.2 }, "geometry": { "type": "LineString", "coordinates": [ [ 1.03303, 46.20685 ], [ 1.03546, 46.20874 ], [ 1.03817, 46.21401 ], [ 1.03777, 46.21615 ], [ 1.039, 46.21872 ], [ 1.04295, 46.22279 ], [ 1.04118, 46.22627 ], [ 1.04139, 46.22865 ], [ 1.03886, 46.23107 ] ] } },
{ "type": "Feature", "properties": { "name": "Ruisseau de Busserolles", "weight_class": 1, "permanent": false, "length_km": 2.9 }, "geometry": { "type": "LineString", "coordinates": [ [ 0.90195, 46.22988 ], [ 0.9035, 46.22837 ], [ 0.90883, 46.22836 ], [ 0.9113, 46.23057 ], [ 0.91587, 46.23193 ], [ 0.91859, 46.23163 ], [ 0.91977, 46.23016 ], [ 0.92451, 46.23012 ], [ 0.92686, 46.23058 ], [ 0.93004, 46.23274 ], [ 0.93289, 46.23262 ] ] } },
{ "type": "Feature", "properties": { "name": "Ruisseau de Planteloup", "weight_class": 1, "permanent": true, "length_km": 5.7 }, "geometry": { "type": "LineString", "coordinates": [ [ 1.01453, 46.18767 ], [ 1.0133, 46.18606 ], [ 1.01124, 46.18547 ], [ 1.00879, 46.1883 ], [ 1.00383, 46.18877 ], [ 0.99861, 46.1869 ], [ 0.98977, 46.18567 ], [ 0.98644, 46.18305 ], [ 0.98351, 46.18252 ], [ 0.97356, 46.18434 ], [ 0.96608, 46.18358 ], [ 0.96204, 46.18446 ], [ 0.95678, 46.18232 ] ] } },
{ "type": "Feature", "properties": { "name": "Ruisseau de l'Ecoubillou", "weight_class": 1, "permanent": false, "length_km": 2.3 }, "geometry": { "type": "LineString", "coordinates": [ [ 1.02394, 46.17681 ], [ 1.02679, 46.17482 ], [ 1.02726, 46.17165 ], [ 1.03309, 46.16865 ], [ 1.03788, 46.16095 ] ] } },
{ "type": "Feature", "properties": { "name": "Ruisseau de chez Marcoux", "weight_class": 1, "permanent": false, "length_km": 2.3 }, "geometry": { "type": "LineString", "coordinates": [ [ 0.98967, 46.16993 ], [ 0.98601, 46.17082 ], [ 0.97929, 46.17433 ], [ 0.97685, 46.17488 ], [ 0.96972, 46.17395 ], [ 0.96429, 46.17622 ] ] } },
{ "type": "Feature", "properties": { "name": "Ruisseau des Rochettes", "weight_class": 1, "permanent": false, "length_km": 2.7 }, "geometry": { "type": "LineString", "coordinates": [ [ 0.93502, 46.13987 ], [ 0.93723, 46.14711 ], [ 0.93978, 46.14969 ], [ 0.94345, 46.15021 ], [ 0.94705, 46.14959 ], [ 0.95056, 46.1522 ], [ 0.95445, 46.15349 ] ] } },
{ "type": "Feature", "properties": { "name": "Ruisseau de la Grenarderie", "weight_class": 1, "permanent": false, "length_km": 3.1 }, "geometry": { "type": "LineString", "coordinates": [ [ 0.90267, 46.14813 ], [ 0.90089, 46.15088 ], [ 0.89636, 46.15177 ], [ 0.89461, 46.15355 ], [ 0.88817, 46.1563 ], [ 0.88009, 46.16779 ] ] } },
{ "type": "Feature", "properties": { "name": "Ruisseau de la Font", "weight_class": 1, "permanent": false, "length_km": 2.9 }, "geometry": { "type": "LineString", "coordinates": [ [ 0.91441, 46.155 ], [ 0.90979, 46.15705 ], [ 0.90588, 46.16035 ], [ 0.90106, 46.16091 ], [ 0.89851, 46.16505 ], [ 0.8949, 46.16493 ], [ 0.8918, 46.16598 ], [ 0.88751, 46.16944 ] ] } },
{ "type": "Feature", "properties": { "name": "Ruisseau de Pierrefitte", "weight_class": 1, "permanent": false, "length_km": 2.5 }, "geometry": { "type": "LineString", "coordinates": [ [ 0.98688, 46.11772 ], [ 0.99252, 46.1173 ], [ 1.0012, 46.12267 ], [ 1.00739, 46.12448 ], [ 1.0105, 46.12777 ] ] } },
{ "type": "Feature", "properties": { "name": "Ruisseau des Éguzons", "weight_class": 1, "permanent": false, "length_km": 2.3 }, "geometry": { "type": "LineString", "coordinates": [ [ 0.91408, 46.14086 ], [ 0.91445, 46.13823 ], [ 0.91001, 46.13386 ], [ 0.90979, 46.13224 ], [ 0.9184, 46.12674 ], [ 0.91923, 46.12468 ] ] } },
{ "type": "Feature", "properties": { "name": "Ruisseau de la Beige", "weight_class": 1, "permanent": true, "length_km": 3.8 }, "geometry": { "type": "LineString", "coordinates": [ [ 0.9675, 46.12078 ], [ 0.96338, 46.11862 ], [ 0.95757, 46.11305 ], [ 0.95371, 46.11178 ], [ 0.95205, 46.10899 ], [ 0.94888, 46.10798 ], [ 0.94908, 46.10144 ], [ 0.94463, 46.10002 ], [ 0.94085, 46.09703 ] ] } },
{ "type": "Feature", "properties": { "name": "Ruisseau de Bouche Sèche", "weight_class": 1, "permanent": false, "length_km": 4.4 }, "geometry": { "type": "LineString", "coordinates": [ [ 1.02722, 46.07533 ], [ 1.03143, 46.0807 ], [ 1.03219, 46.08352 ], [ 1.03809, 46.08669 ], [ 1.04271, 46.09062 ], [ 1.0445, 46.09561 ], [ 1.05101, 46.09783 ], [ 1.05315, 46.10185 ], [ 1.05675, 46.10383 ] ] } },
{ "type": "Feature", "properties": { "name": "Ruisseau de la Beige", "weight_class": 1, "permanent": false, "length_km": 2.8 }, "geometry": { "type": "LineString", "coordinates": [ [ 0.98276, 46.10698 ], [ 0.97514, 46.10602 ], [ 0.96384, 46.10742 ], [ 0.95528, 46.10617 ], [ 0.94964, 46.10436 ] ] } },
{ "type": "Feature", "properties": { "name": "Ruisseau de la Roche", "weight_class": 1, "permanent": true, "length_km": 3.7 }, "geometry": { "type": "LineString", "coordinates": [ [ 0.93167, 46.11467 ], [ 0.9292, 46.11369 ], [ 0.92342, 46.11475 ], [ 0.92077, 46.11336 ], [ 0.91808, 46.11515 ], [ 0.91458, 46.11536 ], [ 0.91207, 46.11403 ], [ 0.90792, 46.11384 ], [ 0.9029, 46.10858 ], [ 0.89792, 46.10584 ], [ 0.89577, 46.10342 ] ] } },
{ "type": "Feature", "properties": { "name": "Ruisseau du Fraisse", "weight_class": 1, "permanent": true, "length_km": 15.5 }, "geometry": { "type": "LineString", "coordinates": [ [ 0.97251, 46.01997 ], [ 0.9723, 46.02394 ], [ 0.97975, 46.02921 ], [ 0.98119, 46.03753 ], [ 0.97987, 46.04083 ], [ 0.97799, 46.04161 ], [ 0.97677, 46.04378 ], [ 0.97137, 46.04647 ], [ 0.97223, 46.05163 ], [ 0.97064, 46.05614 ], [ 0.96432, 46.05868 ], [ 0.96267, 46.0617 ], [ 0.96001, 46.06291 ], [ 0.95476, 46.06304 ], [ 0.94735, 46.06681 ], [ 0.94625, 46.06831 ], [ 0.93957, 46.07075 ], [ 0.93477, 46.07873 ], [ 0.93285, 46.07859 ], [ 0.93011, 46.08045 ], [ 0.92763, 46.08026 ], [ 0.92152, 46.08404 ], [ 0.91743, 46.08399 ], [ 0.91084, 46.08163 ], [ 0.90844, 46.07981 ], [ 0.90242, 46.08116 ], [ 0.89943, 46.081 ], [ 0.89884, 46.07962 ], [ 0.89523, 46.07884 ], [ 0.89473, 46.07689 ], [ 0.89064, 46.07818 ], [ 0.8896, 46.07944 ], [ 0.88844, 46.07873 ], [ 0.88686, 46.08023 ], [ 0.8809, 46.07837 ] ] } },
{ "type": "Feature", "properties": { "name": "Ruisseau de Châteaubrun", "weight_class": 1, "permanent": true, "length_km": 5.6 }, "geometry": { "type": "LineString", "coordinates": [ [ 0.94166, 46.0419 ], [ 0.94293, 46.04927 ], [ 0.94044, 46.05278 ], [ 0.92873, 46.05963 ], [ 0.92363, 46.0595 ], [ 0.92032, 46.06233 ], [ 0.91671, 46.06277 ], [ 0.90637, 46.07096 ], [ 0.90217, 46.07094 ], [ 0.9001, 46.06901 ] ] } },
{ "type": "Feature", "properties": { "name": "Ruisseau des Mazauries", "weight_class": 1, "permanent": true, "length_km": 4.2 }, "geometry": { "type": "LineString", "coordinates": [ [ 0.99378, 46.04 ], [ 0.99485, 46.04558 ], [ 0.99368, 46.04736 ], [ 0.99513, 46.0508 ], [ 1.00102, 46.055 ], [ 0.99624, 46.05864 ], [ 0.99549, 46.06293 ], [ 0.99883, 46.06466 ], [ 1.00181, 46.0686 ] ] } },
{ "type": "Feature", "properties": { "name": "Ruisseau d'Oscul", "weight_class": 1, "permanent": false, "length_km": 3.0 }, "geometry": { "type": "LineString", "coordinates": [ [ 1.01211, 46.02665 ], [ 1.00891, 46.02953 ], [ 1.00791, 46.03218 ], [ 1.00522, 46.03289 ], [ 1.00526, 46.03459 ], [ 1.01071, 46.04335 ], [ 1.01083, 46.04522 ], [ 1.01482, 46.04849 ] ] } },
{ "type": "Feature", "properties": { "name": "Ruisseau Lama", "weight_class": 1, "permanent": true, "length_km": 6.6 }, "geometry": { "type": "LineString", "coordinates": [ [ 0.96456, 46.01822 ], [ 0.96123, 46.02077 ], [ 0.95788, 46.02716 ], [ 0.95453, 46.0275 ], [ 0.95318, 46.02875 ], [ 0.95374, 46.03378 ], [ 0.95245, 46.03647 ], [ 0.95254, 46.04027 ], [ 0.95425, 46.04132 ], [ 0.95469, 46.04406 ], [ 0.95369, 46.04631 ], [ 0.95168, 46.04677 ], [ 0.95145, 46.05232 ], [ 0.94898, 46.05379 ], [ 0.94604, 46.05805 ], [ 0.94858, 46.06415 ], [ 0.9471, 46.06525 ], [ 0.94732, 46.06685 ] ] } },
{ "type": "Feature", "properties": { "name": "Ruisseau de la Puelle", "weight_class": 1, "permanent": true, "length_km": 6.4 }, "geometry": { "type": "LineString", "coordinates": [ [ 0.9382, 46.01028 ], [ 0.93507, 46.01057 ], [ 0.92896, 46.01466 ], [ 0.92706, 46.01475 ], [ 0.91991, 46.02232 ], [ 0.91227, 46.02497 ], [ 0.90929, 46.02692 ], [ 0.90168, 46.02908 ], [ 0.90263, 46.03079 ], [ 0.89975, 46.03334 ], [ 0.9005, 46.03874 ], [ 0.90212, 46.04236 ], [ 0.90636, 46.04624 ] ] } },
{ "type": "Feature", "properties": { "name": "le Longé", "weight_class": 1, "permanent": false, "length_km": 5.2 }, "geometry": { "type": "LineString", "coordinates": [ [ 0.96974, 46.2222 ], [ 0.97125, 46.22539 ], [ 0.9756, 46.22715 ], [ 0.97739, 46.23156 ], [ 0.97773, 46.23407 ], [ 0.97326, 46.23882 ], [ 0.97348, 46.2426 ], [ 0.96894, 46.2419 ], [ 0.96605, 46.2403 ], [ 0.96433, 46.24171 ], [ 0.96515, 46.24568 ], [ 0.96411, 46.2466 ], [ 0.96266, 46.24721 ], [ 0.95628, 46.24677 ], [ 0.9517, 46.24882 ] ] } },
{ "type": "Feature", "properties": { "name": null, "weight_class": 1, "permanent": false, "length_km": 2.1 }, "geometry": { "type": "LineString", "coordinates": [ [ 0.97308, 46.2192 ], [ 0.97734, 46.21294 ], [ 0.97752, 46.21076 ], [ 0.9754, 46.20764 ], [ 0.97592, 46.20254 ] ] } },
{ "type": "Feature", "properties": { "name": null, "weight_class": 1, "permanent": false, "length_km": 3.5 }, "geometry": { "type": "LineString", "coordinates": [ [ 1.05146, 46.18402 ], [ 1.04965, 46.18208 ], [ 1.05297, 46.1792 ], [ 1.0518, 46.173 ], [ 1.05247, 46.1693 ], [ 1.05096, 46.16671 ], [ 1.04787, 46.16574 ], [ 1.04523, 46.16365 ], [ 1.04368, 46.16062 ], [ 1.04435, 46.15813 ] ] } },
{ "type": "Feature", "properties": { "name": "le Dardenne", "weight_class": 1, "permanent": true, "length_km": 5.0 }, "geometry": { "type": "LineString", "coordinates": [ [ 1.00143, 46.20312 ], [ 0.99799, 46.20451 ], [ 0.99346, 46.2033 ], [ 0.99073, 46.20395 ], [ 0.98599, 46.203 ], [ 0.97953, 46.20497 ], [ 0.97811, 46.20257 ], [ 0.97221, 46.20245 ], [ 0.96938, 46.20105 ], [ 0.96336, 46.20265 ], [ 0.9566, 46.20049 ], [ 0.95382, 46.20207 ], [ 0.95129, 46.20097 ], [ 0.95019, 46.2018 ] ] } },
{ "type": "Feature", "properties": { "name": "le Champagnac", "weight_class": 1, "permanent": false, "length_km": 2.7 }, "geometry": { "type": "LineString", "coordinates": [ [ 0.92677, 46.19474 ], [ 0.9266, 46.20323 ], [ 0.93049, 46.20497 ], [ 0.93396, 46.20845 ], [ 0.93592, 46.20888 ], [ 0.93971, 46.21412 ] ] } },
{ "type": "Feature", "properties": { "name": "le Planteloup", "weight_class": 1, "permanent": false, "length_km": 2.2 }, "geometry": { "type": "LineString", "coordinates": [ [ 1.00092, 46.1687 ], [ 0.99704, 46.17095 ], [ 0.99673, 46.17529 ], [ 0.99366, 46.17902 ], [ 0.9886, 46.1807 ], [ 0.98572, 46.18287 ] ] } },
{ "type": "Feature", "properties": { "name": "Ruisseau de la Planche de Saint-Bonnet", "weight_class": 1, "permanent": true, "length_km": 7.3 }, "geometry": { "type": "LineString", "coordinates": [ [ 0.97265, 46.12084 ], [ 0.97502, 46.121 ], [ 0.97617, 46.12751 ], [ 0.97438, 46.13205 ], [ 0.97202, 46.13341 ], [ 0.97086, 46.13551 ], [ 0.97138, 46.13901 ], [ 0.96787, 46.14174 ], [ 0.95954, 46.14572 ], [ 0.95445, 46.15349 ], [ 0.95547, 46.15441 ], [ 0.95491, 46.15601 ], [ 0.95801, 46.159 ], [ 0.96208, 46.16941 ], [ 0.96349, 46.17002 ] ] } },
{ "type": "Feature", "properties": { "name": null, "weight_class": 1, "permanent": true, "length_km": 2.1 }, "geometry": { "type": "LineString", "coordinates": [ [ 0.93731, 46.16091 ], [ 0.94819, 46.16723 ], [ 0.95979, 46.16477 ] ] } },
{ "type": "Feature", "properties": { "name": "Ruisseau de Sagne", "weight_class": 1, "permanent": false, "length_km": 4.6 }, "geometry": { "type": "LineString", "coordinates": [ [ 0.92147, 46.16605 ], [ 0.92515, 46.17261 ], [ 0.9315, 46.17647 ], [ 0.93454, 46.17646 ], [ 0.94836, 46.17123 ], [ 0.95803, 46.17442 ], [ 0.96159, 46.1799 ] ] } },
{ "type": "Feature", "properties": { "name": "le Vincou", "weight_class": 2, "permanent": true, "length_km": 51.8 }, "geometry": { "type": "LineString", "coordinates": [ [ 1.36481, 45.9958 ], [ 1.35772, 45.99563 ], [ 1.35382, 46.00083 ], [ 1.35048, 46.00228 ], [ 1.34547, 46.00257 ], [ 1.34035, 46.00102 ], [ 1.33428, 45.98773 ], [ 1.33005, 45.98836 ], [ 1.32783, 45.98676 ], [ 1.32429, 45.98719 ], [ 1.32155, 45.98973 ], [ 1.32212, 45.99132 ], [ 1.31935, 45.99545 ], [ 1.31543, 45.99585 ], [ 1.31371, 45.99881 ], [ 1.31096, 45.9985 ], [ 1.31028, 46.00094 ], [ 1.30601, 46.00392 ], [ 1.30272, 46.00436 ], [ 1.29896, 46.00238 ], [ 1.28989, 46.00693 ], [ 1.28932, 46.0063 ], [ 1.28762, 46.00713 ], [ 1.2842, 46.00412 ], [ 1.2837, 46.00134 ], [ 1.28126, 46.00105 ], [ 1.28093, 45.99925 ], [ 1.27224, 45.99974 ], [ 1.26438, 45.99687 ], [ 1.25713, 46.00373 ], [ 1.25045, 46.00753 ], [ 1.24749, 46.00842 ], [ 1.24628, 46.00729 ], [ 1.24436, 46.00766 ], [ 1.2434, 46.00687 ], [ 1.23772, 46.00723 ], [ 1.23427, 46.01023 ], [ 1.2313, 46.0095 ], [ 1.22692, 46.01219 ], [ 1.22289, 46.01107 ], [ 1.22336, 46.01377 ], [ 1.22204, 46.01674 ], [ 1.21804, 46.0161 ], [ 1.21632, 46.02049 ], [ 1.21435, 46.02181 ], [ 1.21249, 46.01918 ], [ 1.20696, 46.01891 ], [ 1.20365, 46.02125 ], [ 1.20032, 46.02107 ], [ 1.20002, 46.02171 ], [ 1.19235, 46.02265 ], [ 1.1908, 46.02398 ], [ 1.18862, 46.0232 ], [ 1.18399, 46.02416 ], [ 1.18127, 46.02342 ], [ 1.1807, 46.02603 ], [ 1.17806, 46.0276 ], [ 1.17081, 46.02839 ], [ 1.16999, 46.02698 ], [ 1.16655, 46.02593 ], [ 1.16402, 46.02625 ], [ 1.16364, 46.02793 ], [ 1.16711, 46.03003 ], [ 1.16666, 46.03121 ], [ 1.16236, 46.03197 ], [ 1.16228, 46.033 ], [ 1.15863, 46.03292 ], [ 1.15647, 46.03536 ], [ 1.15116, 46.03614 ], [ 1.14961, 46.03812 ], [ 1.15101, 46.04068 ], [ 1.15037, 46.04151 ], [ 1.14361, 46.04237 ], [ 1.14154, 46.0455 ], [ 1.1361, 46.04858 ], [ 1.13539, 46.05023 ], [ 1.13034, 46.04982 ], [ 1.1293, 46.05353 ], [ 1.1276, 46.05328 ], [ 1.12721, 46.0521 ], [ 1.12528, 46.05316 ], [ 1.12583, 46.05484 ], [ 1.12364, 46.05499 ], [ 1.12401, 46.05754 ], [ 1.12259, 46.05793 ], [ 1.1202, 46.05675 ], [ 1.11844, 46.05728 ], [ 1.11565, 46.06058 ], [ 1.11088, 46.06 ], [ 1.10849, 46.06119 ], [ 1.10339, 46.06176 ], [ 1.10186, 46.06275 ], [ 1.10115, 46.06704 ], [ 1.09268, 46.06828 ], [ 1.08847, 46.07271 ], [ 1.08466, 46.0736 ], [ 1.08512, 46.07596 ], [ 1.08317, 46.07805 ], [ 1.07984, 46.07802 ], [ 1.07978, 46.08096 ], [ 1.0748, 46.07997 ], [ 1.07148, 46.08196 ], [ 1.06213, 46.08499 ], [ 1.06007, 46.08741 ], [ 1.06446, 46.09144 ], [ 1.0608, 46.09367 ], [ 1.06207, 46.09727 ], [ 1.05818, 46.09855 ], [ 1.05846, 46.10248 ], [ 1.05496, 46.105 ], [ 1.05341, 46.10751 ], [ 1.05323, 46.1089 ], [ 1.056, 46.11188 ], [ 1.05213, 46.1139 ], [ 1.05097, 46.11583 ], [ 1.04696, 46.11643 ], [ 1.04655, 46.1189 ], [ 1.04451, 46.11817 ], [ 1.04078, 46.11952 ], [ 1.03419, 46.11943 ], [ 1.03048, 46.12453 ], [ 1.02335, 46.12619 ], [ 1.02245, 46.12837 ], [ 1.02794, 46.13679 ], [ 1.02453, 46.1373 ], [ 1.02232, 46.13399 ], [ 1.0143, 46.13453 ], [ 1.01419, 46.13863 ], [ 1.01829, 46.14196 ], [ 1.01889, 46.1438 ], [ 1.01697, 46.1449 ], [ 1.01013, 46.14603 ], [ 1.00682, 46.14541 ] ] } },
{ "type": "Feature", "properties": { "name": "la Borderie", "weight_class": 1, "permanent": false, "length_km": 7.1 }, "geometry": { "type": "LineString", "coordinates": [ [ 1.00969, 46.09304 ], [ 1.01437, 46.09604 ], [ 1.00986, 46.09982 ], [ 1.01031, 46.10313 ], [ 1.01347, 46.10624 ], [ 1.01204, 46.10898 ], [ 1.01312, 46.11637 ], [ 1.01137, 46.11955 ], [ 1.01188, 46.1255 ], [ 1.01031, 46.12854 ], [ 1.00541, 46.13248 ], [ 1.00537, 46.13432 ], [ 1.00189, 46.13641 ], [ 1.00255, 46.14048 ], [ 0.99932, 46.14401 ] ] } },
{ "type": "Feature", "properties": { "name": "la Maison Blanche/Ruisseau de la Maison Blanche", "weight_class": 1, "permanent": false, "length_km": 7.6 }, "geometry": { "type": "LineString", "coordinates": [ [ 0.96002, 46.12475 ], [ 0.95481, 46.1295 ], [ 0.94974, 46.13221 ], [ 0.94513, 46.13381 ], [ 0.93156, 46.13544 ], [ 0.92078, 46.12527 ], [ 0.91272, 46.12252 ], [ 0.90938, 46.12016 ], [ 0.90494, 46.11943 ], [ 0.90295, 46.11801 ], [ 0.90147, 46.11335 ], [ 0.8981, 46.11219 ], [ 0.89657, 46.10923 ], [ 0.89254, 46.10868 ], [ 0.89219, 46.10786 ] ] } },
{ "type": "Feature", "properties": { "name": "Ruisseau de la Gasne", "weight_class": 1, "permanent": false, "length_km": 2.7 }, "geometry": { "type": "LineString", "coordinates": [ [ 1.02976, 46.09966 ], [ 1.03363, 46.10134 ], [ 1.03463, 46.10277 ], [ 1.03163, 46.1063 ], [ 1.03616, 46.11145 ], [ 1.03962, 46.11933 ] ] } },
{ "type": "Feature", "properties": { "name": null, "weight_class": 1, "permanent": false, "length_km": 3.8 }, "geometry": { "type": "LineString", "coordinates": [ [ 1.00302, 46.09179 ], [ 1.00158, 46.09602 ], [ 1.00238, 46.0965 ], [ 1.00054, 46.09876 ], [ 0.99785, 46.10003 ], [ 0.99493, 46.09778 ], [ 0.99037, 46.09666 ], [ 0.98493, 46.0974 ], [ 0.98042, 46.09661 ], [ 0.9794, 46.09567 ], [ 0.97466, 46.09621 ], [ 0.96826, 46.0946 ] ] } },
{ "type": "Feature", "properties": { "name": "le Lagarie", "weight_class": 1, "permanent": false, "length_km": 6.3 }, "geometry": { "type": "LineString", "coordinates": [ [ 0.985, 46.04831 ], [ 0.986, 46.05297 ], [ 0.98398, 46.05766 ], [ 0.97989, 46.06186 ], [ 0.97964, 46.06783 ], [ 0.97014, 46.07445 ], [ 0.96766, 46.07745 ], [ 0.95591, 46.0846 ], [ 0.95767, 46.08917 ], [ 0.95534, 46.09267 ] ] } },
{ "type": "Feature", "properties": { "name": null, "weight_class": 1, "permanent": true, "length_km": 3.0 }, "geometry": { "type": "LineString", "coordinates": [ [ 0.93611, 46.0435 ], [ 0.93468, 46.04581 ], [ 0.92885, 46.04958 ], [ 0.92624, 46.05439 ], [ 0.91657, 46.05752 ], [ 0.91576, 46.05918 ], [ 0.91652, 46.0629 ] ] } },
{ "type": "Feature", "properties": { "name": null, "weight_class": 1, "permanent": true, "length_km": 3.1 }, "geometry": { "type": "LineString", "coordinates": [ [ 0.96738, 46.03372 ], [ 0.96589, 46.03515 ], [ 0.96632, 46.03799 ], [ 0.96824, 46.04038 ], [ 0.96731, 46.04518 ], [ 0.96819, 46.04815 ], [ 0.96712, 46.05344 ], [ 0.96494, 46.0554 ], [ 0.96424, 46.05876 ] ] } },
{ "type": "Feature", "properties": { "name": "Ruisseau de la Sermonière", "weight_class": 1, "permanent": false, "length_km": 3.3 }, "geometry": { "type": "LineString", "coordinates": [ [ 0.87242, 46.21563 ], [ 0.86676, 46.21717 ], [ 0.86351, 46.21641 ], [ 0.85965, 46.21834 ], [ 0.85638, 46.21841 ], [ 0.85478, 46.21979 ], [ 0.85077, 46.22063 ], [ 0.84694, 46.21957 ], [ 0.84039, 46.21949 ], [ 0.83739, 46.21598 ] ] } },
{ "type": "Feature", "properties": { "name": "Ruisseau de Peu Bart", "weight_class": 1, "permanent": false, "length_km": 2.2 }, "geometry": { "type": "LineString", "coordinates": [ [ 0.81155, 46.22738 ], [ 0.80724, 46.22595 ], [ 0.80347, 46.21992 ], [ 0.79919, 46.21561 ], [ 0.79398, 46.21399 ] ] } },
{ "type": "Feature", "properties": { "name": "Ruisseau de Veyrat", "weight_class": 1, "permanent": false, "length_km": 3.4 }, "geometry": { "type": "LineString", "coordinates": [ [ 0.88911, 46.18096 ], [ 0.88558, 46.17885 ], [ 0.88161, 46.17824 ], [ 0.87363, 46.17976 ], [ 0.86852, 46.18299 ], [ 0.86451, 46.18301 ], [ 0.86005, 46.18163 ], [ 0.85393, 46.17766 ], [ 0.85251, 46.17818 ] ] } },
{ "type": "Feature", "properties": { "name": "Ruisseau de l'Étang de Monbas", "weight_class": 1, "permanent": true, "length_km": 5.2 }, "geometry": { "type": "LineString", "coordinates": [ [ 0.87496, 46.12038 ], [ 0.87617, 46.12326 ], [ 0.86403, 46.13053 ], [ 0.86084, 46.1312 ], [ 0.85902, 46.13285 ], [ 0.85507, 46.13337 ], [ 0.84578, 46.13907 ], [ 0.842, 46.14249 ], [ 0.83976, 46.14768 ], [ 0.83578, 46.14924 ] ] } },
{ "type": "Feature", "properties": { "name": "Ruisseau de Mortegoutte", "weight_class": 1, "permanent": false, "length_km": 2.4 }, "geometry": { "type": "LineString", "coordinates": [ [ 0.8454, 46.08882 ], [ 0.84276, 46.08777 ], [ 0.83982, 46.0818 ], [ 0.8374, 46.08036 ], [ 0.83423, 46.07607 ], [ 0.83451, 46.07336 ], [ 0.8313, 46.07208 ] ] } },
{ "type": "Feature", "properties": { "name": "Ruisseau de chez Pabos", "weight_class": 1, "permanent": false, "length_km": 3.0 }, "geometry": { "type": "LineString", "coordinates": [ [ 0.84221, 46.09518 ], [ 0.84743, 46.09608 ], [ 0.85352, 46.09507 ], [ 0.85901, 46.09663 ], [ 0.86286, 46.09479 ], [ 0.86368, 46.09297 ], [ 0.86883, 46.09075 ], [ 0.86844, 46.08662 ] ] } },
{ "type": "Feature", "properties": { "name": "Ruisseau des Paturaulets", "weight_class": 1, "permanent": false, "length_km": 2.8 }, "geometry": { "type": "LineString", "coordinates": [ [ 0.85711, 46.10537 ], [ 0.85807, 46.10631 ], [ 0.86339, 46.10661 ], [ 0.86959, 46.1093 ], [ 0.87138, 46.10699 ], [ 0.87693, 46.1042 ], [ 0.87781, 46.09737 ] ] } },
{ "type": "Feature", "properties": { "name": "Ruisseau de Mortegoutte", "weight_class": 1, "permanent": true, "length_km": 2.2 }, "geometry": { "type": "LineString", "coordinates": [ [ 0.81856, 46.07729 ], [ 0.82038, 46.07558 ], [ 0.8245, 46.07634 ], [ 0.8308, 46.07377 ], [ 0.8313, 46.07 ], [ 0.83039, 46.06819 ], [ 0.83193, 46.06674 ] ] } },
{ "type": "Feature", "properties": { "name": "Ruisseau de Lavaud", "weight_class": 1, "permanent": false, "length_km": 3.7 }, "geometry": { "type": "LineString", "coordinates": [ [ 0.88214, 46.0394 ], [ 0.87997, 46.04156 ], [ 0.87644, 46.04298 ], [ 0.87593, 46.04555 ], [ 0.87455, 46.04651 ], [ 0.87231, 46.04675 ], [ 0.87127, 46.04814 ], [ 0.86317, 46.04924 ], [ 0.85871, 46.05525 ], [ 0.85998, 46.06242 ] ] } },
{ "type": "Feature", "properties": { "name": "le Giltrix", "weight_class": 1, "permanent": true, "length_km": 9.6 }, "geometry": { "type": "LineString", "coordinates": [ [ 0.89295, 46.18317 ], [ 0.8905, 46.18438 ], [ 0.88831, 46.18806 ], [ 0.8812, 46.18798 ], [ 0.88161, 46.19278 ], [ 0.87842, 46.19455 ], [ 0.87683, 46.19969 ], [ 0.87062, 46.20223 ], [ 0.86493, 46.2026 ], [ 0.86212, 46.20372 ], [ 0.86055, 46.20331 ], [ 0.85603, 46.20502 ], [ 0.85178, 46.20501 ], [ 0.8435, 46.21045 ], [ 0.83998, 46.21484 ], [ 0.83739, 46.21598 ], [ 0.83292, 46.21594 ], [ 0.83085, 46.21432 ], [ 0.82756, 46.21427 ], [ 0.82591, 46.21508 ], [ 0.81551, 46.21322 ], [ 0.8093, 46.21023 ], [ 0.80878, 46.20888 ] ] } },
{ "type": "Feature", "properties": { "name": "l'Isop", "weight_class": 1, "permanent": true, "length_km": 15.0 }, "geometry": { "type": "LineString", "coordinates": [ [ 0.91547, 46.17402 ], [ 0.91214, 46.17414 ], [ 0.90791, 46.17273 ], [ 0.90044, 46.17351 ], [ 0.89669, 46.17256 ], [ 0.89309, 46.17331 ], [ 0.88621, 46.16889 ], [ 0.88009, 46.16779 ], [ 0.87768, 46.16859 ], [ 0.87242, 46.16792 ], [ 0.86925, 46.16487 ], [ 0.86556, 46.16627 ], [ 0.86336, 46.16473 ], [ 0.86094, 46.16566 ], [ 0.85636, 46.16569 ], [ 0.85494, 46.17315 ], [ 0.8515, 46.17736 ], [ 0.85265, 46.17876 ], [ 0.84697, 46.18647 ], [ 0.84244, 46.19012 ], [ 0.837, 46.19248 ], [ 0.83724, 46.19811 ], [ 0.83504, 46.1999 ], [ 0.82925, 46.20246 ], [ 0.82522, 46.20136 ], [ 0.82264, 46.20258 ], [ 0.82094, 46.20072 ], [ 0.81963, 46.20283 ], [ 0.81465, 46.20472 ], [ 0.81322, 46.20686 ], [ 0.80946, 46.20902 ], [ 0.80705, 46.20777 ], [ 0.8021, 46.21158 ], [ 0.79647, 46.21114 ] ] } },
{ "type": "Feature", "properties": { "name": null, "weight_class": 1, "permanent": false, "length_km": 2.3 }, "geometry": { "type": "LineString", "coordinates": [ [ 0.86265, 46.19262 ], [ 0.85864, 46.1929 ], [ 0.85596, 46.19177 ], [ 0.84824, 46.19545 ], [ 0.84183, 46.1954 ], [ 0.83668, 46.19647 ] ] } },
{ "type": "Feature", "properties": { "name": null, "weight_class": 1, "permanent": false, "length_km": 2.1 }, "geometry": { "type": "LineString", "coordinates": [ [ 0.82426, 46.18388 ], [ 0.82559, 46.18449 ], [ 0.82874, 46.19008 ], [ 0.8277, 46.19328 ], [ 0.83173, 46.20118 ] ] } },
{ "type": "Feature", "properties": { "name": null, "weight_class": 1, "permanent": false, "length_km": 2.3 }, "geometry": { "type": "LineString", "coordinates": [ [ 0.87336, 46.14929 ], [ 0.87491, 46.15109 ], [ 0.87527, 46.15811 ], [ 0.87335, 46.16032 ], [ 0.87638, 46.16541 ], [ 0.87538, 46.16813 ] ] } },
{ "type": "Feature", "properties": { "name": "le Blour", "weight_class": 1, "permanent": true, "length_km": 2.1 }, "geometry": { "type": "LineString", "coordinates": [ [ 0.85066, 46.15741 ], [ 0.84847, 46.15776 ], [ 0.84624, 46.1557 ], [ 0.83868, 46.15262 ], [ 0.83591, 46.14926 ], [ 0.83044, 46.14877 ] ] } },
{ "type": "Feature", "properties": { "name": "Ruisseau de la Thomasse", "weight_class": 1, "permanent": false, "length_km": 3.6 }, "geometry": { "type": "LineString", "coordinates": [ [ 0.89571, 46.13016 ], [ 0.89189, 46.13181 ], [ 0.88378, 46.13073 ], [ 0.88113, 46.13486 ], [ 0.8767, 46.13656 ], [ 0.86403, 46.13593 ], [ 0.86178, 46.13532 ], [ 0.85894, 46.13286 ] ] } },
{ "type": "Feature", "properties": { "name": "l'Issoire", "weight_class": 1, "permanent": true, "length_km": 31.8 }, "geometry": { "type": "LineString", "coordinates": [ [ 1.01914, 46.02949 ], [ 1.01554, 46.04018 ], [ 1.01833, 46.04576 ], [ 1.01824, 46.04701 ], [ 1.01446, 46.04881 ], [ 1.01427, 46.05421 ], [ 1.01583, 46.05559 ], [ 1.01288, 46.06091 ], [ 1.00805, 46.06222 ], [ 1.00528, 46.06597 ], [ 1.00192, 46.06829 ], [ 1.00235, 46.0707 ], [ 0.99995, 46.07486 ], [ 1.00131, 46.07945 ], [ 0.99952, 46.08238 ], [ 0.99778, 46.08249 ], [ 0.9966, 46.08385 ], [ 0.99345, 46.08347 ], [ 0.98981, 46.08438 ], [ 0.9832, 46.08783 ], [ 0.98122, 46.08714 ], [ 0.97979, 46.08836 ], [ 0.97601, 46.08811 ], [ 0.97357, 46.08893 ], [ 0.97149, 46.09271 ], [ 0.96435, 46.09626 ], [ 0.95832, 46.09519 ], [ 0.95745, 46.09332 ], [ 0.95294, 46.09173 ], [ 0.95014, 46.09226 ], [ 0.9489, 46.09451 ], [ 0.94542, 46.0945 ], [ 0.94356, 46.0963 ], [ 0.94012, 46.09718 ], [ 0.93519, 46.09736 ], [ 0.93198, 46.09545 ], [ 0.92952, 46.09528 ], [ 0.92861, 46.09657 ], [ 0.92513, 46.09556 ], [ 0.92306, 46.09689 ], [ 0.91945, 46.09734 ], [ 0.91673, 46.09604 ], [ 0.91176, 46.09895 ], [ 0.90858, 46.09814 ], [ 0.9056, 46.10106 ], [ 0.90326, 46.10107 ], [ 0.90119, 46.1 ], [ 0.89947, 46.10235 ], [ 0.89486, 46.10373 ], [ 0.89381, 46.10734 ], [ 0.89183, 46.108 ], [ 0.8906, 46.10734 ], [ 0.88989, 46.10351 ], [ 0.88704, 46.10308 ], [ 0.88478, 46.1015 ], [ 0.88368, 46.10294 ], [ 0.88271, 46.10257 ], [ 0.87992, 46.09748 ], [ 0.8777, 46.09729 ], [ 0.87785, 46.09441 ], [ 0.87472, 46.09406 ], [ 0.87545, 46.09149 ], [ 0.87239, 46.09078 ], [ 0.87086, 46.08932 ], [ 0.87166, 46.08779 ], [ 0.86676, 46.08524 ], [ 0.86598, 46.08341 ], [ 0.86695, 46.08347 ], [ 0.86791, 46.08013 ], [ 0.86603, 46.07916 ], [ 0.86214, 46.0811 ], [ 0.85842, 46.07963 ], [ 0.85877, 46.07489 ], [ 0.85658, 46.07311 ], [ 0.85839, 46.07158 ], [ 0.8562, 46.0695 ], [ 0.85578, 46.0667 ], [ 0.85242, 46.06612 ], [ 0.8502, 46.06696 ], [ 0.84548, 46.0652 ], [ 0.84102, 46.06586 ], [ 0.8405, 46.06445 ], [ 0.83851, 46.06438 ], [ 0.83212, 46.06701 ], [ 0.83094, 46.06373 ], [ 0.82688, 46.06403 ], [ 0.82329, 46.06152 ], [ 0.82327, 46.06038 ], [ 0.81509, 46.05816 ] ] } },
{ "type": "Feature", "properties": { "name": "la Gaïenne", "weight_class": 1, "permanent": true, "length_km": 10.3 }, "geometry": { "type": "LineString", "coordinates": [ [ 0.93614, 46.03005 ], [ 0.93029, 46.03337 ], [ 0.92761, 46.03662 ], [ 0.92367, 46.03817 ], [ 0.92241, 46.04205 ], [ 0.91366, 46.04239 ], [ 0.90636, 46.04624 ], [ 0.90646, 46.05115 ], [ 0.90335, 46.05607 ], [ 0.9042, 46.06132 ], [ 0.90215, 46.0623 ], [ 0.90138, 46.06649 ], [ 0.89862, 46.06757 ], [ 0.90035, 46.06888 ], [ 0.89353, 46.0713 ], [ 0.89291, 46.07279 ], [ 0.88999, 46.07351 ], [ 0.88743, 46.07613 ], [ 0.88359, 46.0769 ], [ 0.87627, 46.08082 ], [ 0.87328, 46.08038 ], [ 0.87013, 46.07822 ], [ 0.8663, 46.07934 ] ] } },
{ "type": "Feature", "properties": { "name": "Ruisseau des Brebis", "weight_class": 1, "permanent": false, "length_km": 5.9 }, "geometry": { "type": "LineString", "coordinates": [ [ 0.88743, 46.03941 ], [ 0.89043, 46.04037 ], [ 0.89372, 46.04382 ], [ 0.89439, 46.04822 ], [ 0.89228, 46.05076 ], [ 0.88659, 46.05283 ], [ 0.87904, 46.05921 ], [ 0.876, 46.05939 ], [ 0.87434, 46.06062 ], [ 0.87116, 46.06005 ], [ 0.86613, 46.06054 ], [ 0.85939, 46.06257 ], [ 0.85677, 46.06128 ], [ 0.8523, 46.06614 ] ] } },
{ "type": "Feature", "properties": { "name": null, "weight_class": 1, "permanent": false, "length_km": 2.1 }, "geometry": { "type": "LineString", "coordinates": [ [ 0.87247, 46.03158 ], [ 0.87215, 46.0246 ], [ 0.87032, 46.02168 ], [ 0.86554, 46.018 ], [ 0.86561, 46.0149 ] ] } },
{ "type": "Feature", "properties": { "name": "l'Eaupedde", "weight_class": 1, "permanent": true, "length_km": 5.4 }, "geometry": { "type": "MultiLineString", "coordinates": [ [ [ 0.82977, 46.04317 ], [ 0.82489, 46.05026 ], [ 0.81593, 46.05622 ], [ 0.81607, 46.05827 ], [ 0.81519, 46.05819 ] ], [ [ 0.86482, 46.03651 ], [ 0.85679, 46.0337 ], [ 0.85358, 46.03371 ], [ 0.8425, 46.03698 ], [ 0.83954, 46.0392 ], [ 0.8393, 46.04061 ], [ 0.83568, 46.04161 ], [ 0.8316, 46.04139 ] ] ] } },
{ "type": "Feature", "properties": { "name": "la Marchadaine", "weight_class": 1, "permanent": true, "length_km": 4.9 }, "geometry": { "type": "LineString", "coordinates": [ [ 0.95453, 46.01272 ], [ 0.95395, 46.01112 ], [ 0.94789, 46.00794 ], [ 0.94571, 46.00383 ], [ 0.94784, 46.00081 ], [ 0.94526, 45.99824 ], [ 0.93754, 46.00067 ], [ 0.93552, 45.9995 ], [ 0.93331, 45.99972 ], [ 0.93125, 45.99886 ], [ 0.92615, 46.00058 ], [ 0.92332, 45.99914 ], [ 0.92004, 45.99888 ], [ 0.91871, 46.00222 ] ] } },
{ "type": "Feature", "properties": { "name": "le Mas de Fontgrive/Ruisseau de Gajoubert", "weight_class": 1, "permanent": true, "length_km": 4.6 }, "geometry": { "type": "LineString", "coordinates": [ [ 0.83791, 46.09783 ], [ 0.83976, 46.09901 ], [ 0.84068, 46.10205 ], [ 0.83657, 46.11213 ], [ 0.83038, 46.11677 ], [ 0.82287, 46.11794 ], [ 0.81837, 46.12 ], [ 0.81752, 46.12582 ], [ 0.81391, 46.12775 ] ] } },
{ "type": "Feature", "properties": { "name": "Rivière l'Aurence", "weight_class": 1, "permanent": true, "length_km": 2.5 }, "geometry": { "type": "LineString", "coordinates": [ [ 1.23916, 45.92658 ], [ 1.24075, 45.92205 ], [ 1.24423, 45.91958 ], [ 1.24542, 45.91622 ], [ 1.24842, 45.91636 ], [ 1.24953, 45.91727 ], [ 1.25547, 45.91742 ], [ 1.2581, 45.91566 ] ] } },
{ "type": "Feature", "properties": { "name": "Rivière l'Aurence", "weight_class": 2, "permanent": true, "length_km": 2.6 }, "geometry": { "type": "MultiLineString", "coordinates": [ [ [ 1.20313, 45.81511 ], [ 1.19888, 45.81566 ] ], [ [ 1.21324, 45.82797 ], [ 1.20866, 45.82513 ], [ 1.20773, 45.82354 ], [ 1.2094, 45.82291 ] ], [ [ 1.21939, 45.83343 ], [ 1.21609, 45.82957 ] ], [ [ 1.22517, 45.84252 ], [ 1.22025, 45.83859 ], [ 1.22119, 45.83705 ] ] ] } },
{ "type": "Feature", "properties": { "name": null, "weight_class": 1, "permanent": false, "length_km": 2.1 }, "geometry": { "type": "LineString", "coordinates": [ [ 1.37447, 45.93481 ], [ 1.3773, 45.9326 ], [ 1.37746, 45.93067 ], [ 1.37404, 45.92315 ], [ 1.36846, 45.91976 ] ] } },
{ "type": "Feature", "properties": { "name": null, "weight_class": 1, "permanent": true, "length_km": 2.1 }, "geometry": { "type": "LineString", "coordinates": [ [ 1.37834, 46.02722 ], [ 1.37495, 46.02794 ], [ 1.37169, 46.02988 ], [ 1.36742, 46.02929 ], [ 1.36366, 46.03279 ], [ 1.36306, 46.03763 ] ] } },
{ "type": "Feature", "properties": { "name": "le Ritord", "weight_class": 1, "permanent": true, "length_km": 12.9 }, "geometry": { "type": "MultiLineString", "coordinates": [ [ [ 1.34906, 46.01264 ], [ 1.34229, 46.01216 ], [ 1.33912, 46.01437 ], [ 1.33699, 46.01425 ], [ 1.33538, 46.01657 ], [ 1.33436, 46.01629 ], [ 1.32937, 46.01965 ], [ 1.32948, 46.02134 ], [ 1.3277, 46.02211 ], [ 1.32618, 46.021 ], [ 1.32516, 46.0215 ], [ 1.32554, 46.02406 ], [ 1.3241, 46.02541 ], [ 1.32063, 46.0246 ], [ 1.31859, 46.0257 ], [ 1.30751, 46.02246 ], [ 1.3041, 46.02502 ], [ 1.30204, 46.02547 ], [ 1.29963, 46.02841 ], [ 1.29253, 46.02989 ], [ 1.28745, 46.03216 ] ], [ [ 1.35343, 46.01305 ], [ 1.35305, 46.01304 ], [ 1.35221, 46.01239 ], [ 1.35138, 46.01221 ], [ 1.34922, 46.01273 ], [ 1.34906, 46.01264 ] ], [ [ 1.35343, 46.01305 ], [ 1.35173, 46.01189 ], [ 1.34906, 46.01264 ] ], [ [ 1.40475, 46.01269 ], [ 1.39525, 46.0142 ], [ 1.38636, 46.01122 ], [ 1.38213, 46.0142 ], [ 1.37624, 46.0142 ], [ 1.37222, 46.01713 ], [ 1.36322, 46.01338 ], [ 1.35576, 46.01379 ], [ 1.35343, 46.01305 ] ] ] } },
{ "type": "Feature", "properties": { "name": null, "weight_class": 1, "permanent": true, "length_km": 2.2 }, "geometry": { "type": "LineString", "coordinates": [ [ 1.26941, 46.02279 ], [ 1.26559, 46.02064 ], [ 1.26475, 46.0141 ], [ 1.25943, 46.00923 ], [ 1.25558, 46.00779 ] ] } },
{ "type": "Feature", "properties": { "name": null, "weight_class": 1, "permanent": true, "length_km": 2.4 }, "geometry": { "type": "LineString", "coordinates": [ [ 1.26325, 46.02348 ], [ 1.26089, 46.02062 ], [ 1.25979, 46.01671 ], [ 1.25621, 46.01348 ], [ 1.2544, 46.00961 ], [ 1.25559, 46.00761 ], [ 1.25297, 46.00612 ] ] } },
{ "type": "Feature", "properties": { "name": null, "weight_class": 1, "permanent": false, "length_km": 3.8 }, "geometry": { "type": "LineString", "coordinates": [ [ 1.24794, 46.0338 ], [ 1.24623, 46.03279 ], [ 1.24604, 46.02989 ], [ 1.24452, 46.02839 ], [ 1.24168, 46.02864 ], [ 1.23806, 46.03043 ], [ 1.23629, 46.02944 ], [ 1.22968, 46.02924 ], [ 1.22839, 46.02808 ], [ 1.2254, 46.02807 ], [ 1.21993, 46.02297 ], [ 1.21435, 46.02181 ] ] } },
{ "type": "Feature", "properties": { "name": null, "weight_class": 1, "permanent": true, "length_km": 3.9 }, "geometry": { "type": "LineString", "coordinates": [ [ 1.25649, 46.03012 ], [ 1.25431, 46.02871 ], [ 1.24878, 46.02804 ], [ 1.24748, 46.02462 ], [ 1.24396, 46.02253 ], [ 1.24376, 46.0191 ], [ 1.24226, 46.01735 ], [ 1.23745, 46.01627 ], [ 1.23488, 46.01835 ], [ 1.23284, 46.01825 ], [ 1.23003, 46.01503 ], [ 1.22837, 46.01521 ], [ 1.22748, 46.01204 ] ] } },
{ "type": "Feature", "properties": { "name": null, "weight_class": 1, "permanent": true, "length_km": 2.8 }, "geometry": { "type": "LineString", "coordinates": [ [ 1.36338, 45.98229 ], [ 1.35535, 45.9887 ], [ 1.35175, 45.98711 ], [ 1.3479, 45.9864 ], [ 1.34339, 45.98682 ], [ 1.34052, 45.98546 ], [ 1.33428, 45.98773 ] ] } },
{ "type": "Feature", "properties": { "name": "la Cane", "weight_class": 1, "permanent": true, "length_km": 16.5 }, "geometry": { "type": "LineString", "coordinates": [ [ 1.35958, 45.97643 ], [ 1.35618, 45.97304 ], [ 1.34963, 45.97003 ], [ 1.34971, 45.96843 ], [ 1.34155, 45.96532 ], [ 1.34087, 45.96222 ], [ 1.3417, 45.96075 ], [ 1.33993, 45.95603 ], [ 1.33654, 45.95454 ], [ 1.33425, 45.95145 ], [ 1.33513, 45.94951 ], [ 1.33325, 45.94816 ], [ 1.33369, 45.9435 ], [ 1.33659, 45.94174 ], [ 1.33674, 45.93907 ], [ 1.33803, 45.93792 ], [ 1.33329, 45.93199 ], [ 1.33441, 45.93015 ], [ 1.33073, 45.92342 ], [ 1.33162, 45.9219 ], [ 1.32762, 45.9179 ], [ 1.32977, 45.9066 ], [ 1.32964, 45.90421 ], [ 1.32749, 45.90218 ], [ 1.32806, 45.90053 ], [ 1.32681, 45.89933 ], [ 1.3284, 45.89758 ], [ 1.32855, 45.8951 ], [ 1.32708, 45.89411 ], [ 1.32605, 45.89066 ], [ 1.32782, 45.88281 ], [ 1.32552, 45.88079 ], [ 1.3212, 45.87913 ], [ 1.3237, 45.87546 ], [ 1.32112, 45.87297 ], [ 1.32403, 45.87155 ], [ 1.32219, 45.86864 ], [ 1.32751, 45.8661 ], [ 1.32542, 45.86438 ], [ 1.32577, 45.86192 ], [ 1.32718, 45.86094 ] ] } },
{ "type": "Feature", "properties": { "name": null, "weight_class": 1, "permanent": true, "length_km": 3.5 }, "geometry": { "type": "LineString", "coordinates": [ [ 1.37626, 45.99375 ], [ 1.37341, 45.98752 ], [ 1.3749, 45.9851 ], [ 1.37921, 45.9839 ], [ 1.38056, 45.98218 ], [ 1.39099, 45.97683 ], [ 1.39926, 45.97488 ] ] } },
{ "type": "Feature", "properties": { "name": null, "weight_class": 1, "permanent": true, "length_km": 3.2 }, "geometry": { "type": "LineString", "coordinates": [ [ 1.30174, 45.98284 ], [ 1.30025, 45.98341 ], [ 1.29964, 45.98688 ], [ 1.29719, 45.98879 ], [ 1.29803, 45.99302 ], [ 1.29642, 45.9944 ], [ 1.29601, 45.99742 ], [ 1.29123, 45.99972 ], [ 1.28754, 45.999 ], [ 1.28365, 46.00132 ] ] } },
{ "type": "Feature", "properties": { "name": null, "weight_class": 1, "permanent": true, "length_km": 2.4 }, "geometry": { "type": "LineString", "coordinates": [ [ 1.33026, 45.96872 ], [ 1.32998, 45.97112 ], [ 1.32385, 45.97541 ], [ 1.32781, 45.98153 ], [ 1.32747, 45.98681 ] ] } },
{ "type": "Feature", "properties": { "name": null, "weight_class": 1, "permanent": true, "length_km": 5.2 }, "geometry": { "type": "LineString", "coordinates": [ [ 1.28481, 45.9634 ], [ 1.28155, 45.96553 ], [ 1.27998, 45.97002 ], [ 1.27677, 45.97143 ], [ 1.27687, 45.97713 ], [ 1.27168, 45.9815 ], [ 1.2706, 45.98362 ], [ 1.26703, 45.98408 ], [ 1.26474, 45.98598 ], [ 1.26519, 45.98718 ], [ 1.26096, 45.99089 ], [ 1.2615, 45.99272 ], [ 1.25893, 45.9964 ], [ 1.26042, 46.00044 ] ] } },
{ "type": "Feature", "properties": { "name": null, "weight_class": 1, "permanent": false, "length_km": 2.2 }, "geometry": { "type": "LineString", "coordinates": [ [ 1.25665, 45.97243 ], [ 1.2533, 45.9803 ], [ 1.24977, 45.9797 ], [ 1.24399, 45.98495 ], [ 1.24186, 45.98559 ] ] } },
{ "type": "Feature", "properties": { "name": null, "weight_class": 1, "permanent": true, "length_km": 6.5 }, "geometry": { "type": "LineString", "coordinates": [ [ 1.25168, 45.95905 ], [ 1.25037, 45.9595 ], [ 1.24943, 45.96168 ], [ 1.25113, 45.96369 ], [ 1.25038, 45.96562 ], [ 1.24714, 45.96683 ], [ 1.24537, 45.97028 ], [ 1.24331, 45.97066 ], [ 1.24132, 45.97239 ], [ 1.23843, 45.97951 ], [ 1.23955, 45.98258 ], [ 1.24371, 45.98702 ], [ 1.2422, 45.99037 ], [ 1.23964, 45.99212 ], [ 1.24047, 45.99724 ], [ 1.23799, 46.00297 ], [ 1.23772, 46.00723 ] ] } },
{ "type": "Feature", "properties": { "name": null, "weight_class": 1, "permanent": true, "length_km": 4.8 }, "geometry": { "type": "LineString", "coordinates": [ [ 1.36311, 45.95637 ], [ 1.36552, 45.95107 ], [ 1.36466, 45.95 ], [ 1.35077, 45.94516 ], [ 1.35052, 45.9409 ], [ 1.34601, 45.93953 ], [ 1.34414, 45.93565 ], [ 1.3422, 45.93438 ], [ 1.3428, 45.93255 ], [ 1.33339, 45.92856 ] ] } },
{ "type": "Feature", "properties": { "name": null, "weight_class": 1, "permanent": true, "length_km": 5.5 }, "geometry": { "type": "LineString", "coordinates": [ [ 1.37997, 45.97126 ], [ 1.3869, 45.95555 ], [ 1.38521, 45.9542 ], [ 1.39009, 45.94832 ], [ 1.38827, 45.94612 ], [ 1.39, 45.94433 ], [ 1.39003, 45.94232 ], [ 1.39278, 45.9394 ], [ 1.39552, 45.94029 ], [ 1.40018, 45.93551 ], [ 1.40068, 45.93362 ], [ 1.40343, 45.93269 ] ] } },
{ "type": "Feature", "properties": { "name": null, "weight_class": 1, "permanent": false, "length_km": 2.3 }, "geometry": { "type": "LineString", "coordinates": [ [ 1.30974, 45.98302 ], [ 1.31023, 45.97799 ], [ 1.3131, 45.97613 ], [ 1.31536, 45.97229 ], [ 1.31793, 45.97163 ], [ 1.32385, 45.97541 ] ] } },
{ "type": "Feature", "properties": { "name": null, "weight_class": 1, "permanent": true, "length_km": 3.1 }, "geometry": { "type": "LineString", "coordinates": [ [ 1.31382, 45.95778 ], [ 1.31339, 45.95185 ], [ 1.31085, 45.95067 ], [ 1.31082, 45.94922 ], [ 1.30896, 45.94756 ], [ 1.3105, 45.9454 ], [ 1.30864, 45.94356 ], [ 1.30739, 45.94272 ], [ 1.30582, 45.94308 ], [ 1.30495, 45.94186 ], [ 1.30041, 45.94183 ], [ 1.29933, 45.94361 ], [ 1.29617, 45.94379 ] ] } },
{ "type": "Feature", "properties": { "name": null, "weight_class": 1, "permanent": true, "length_km": 2.1 }, "geometry": { "type": "LineString", "coordinates": [ [ 1.32004, 45.9613 ], [ 1.32376, 45.95223 ], [ 1.3294, 45.95201 ], [ 1.33458, 45.94903 ] ] } },
{ "type": "Feature", "properties": { "name": "la Mazelle", "weight_class": 1, "permanent": true, "length_km": 13.6 }, "geometry": { "type": "MultiLineString", "coordinates": [ [ [ 1.30386, 45.97294 ], [ 1.30847, 45.97066 ], [ 1.3089, 45.9676 ], [ 1.31103, 45.96463 ], [ 1.30675, 45.95852 ], [ 1.30305, 45.95623 ], [ 1.30262, 45.95375 ], [ 1.30028, 45.9508 ], [ 1.30086, 45.94851 ], [ 1.29456, 45.94206 ], [ 1.29432, 45.93831 ], [ 1.29147, 45.93643 ], [ 1.29183, 45.93475 ], [ 1.29353, 45.93386 ], [ 1.29358, 45.93186 ], [ 1.29667, 45.93066 ], [ 1.29933, 45.92729 ], [ 1.30532, 45.92482 ], [ 1.30431, 45.92115 ], [ 1.30569, 45.91804 ] ], [ [ 1.30571, 45.91789 ], [ 1.30814, 45.91203 ], [ 1.30678, 45.90793 ], [ 1.30883, 45.905 ], [ 1.30762, 45.90379 ], [ 1.30874, 45.9018 ], [ 1.30573, 45.89632 ], [ 1.30729, 45.89238 ], [ 1.30678, 45.8899 ], [ 1.31351, 45.88764 ], [ 1.31551, 45.88844 ], [ 1.32126, 45.88418 ], [ 1.32539, 45.88368 ], [ 1.32701, 45.88261 ] ] ] } },
{ "type": "Feature", "properties": { "name": null, "weight_class": 1, "permanent": true, "length_km": 2.8 }, "geometry": { "type": "LineString", "coordinates": [ [ 1.28223, 45.95804 ], [ 1.28093, 45.95463 ], [ 1.28123, 45.95067 ], [ 1.28398, 45.94635 ], [ 1.28644, 45.94504 ], [ 1.28745, 45.94025 ], [ 1.28867, 45.93904 ], [ 1.29187, 45.93821 ], [ 1.29199, 45.93668 ] ] } },
{ "type": "Feature", "properties": { "name": "le Cussou", "weight_class": 1, "permanent": true, "length_km": 9.6 }, "geometry": { "type": "LineString", "coordinates": [ [ 1.36325, 45.93846 ], [ 1.36117, 45.93138 ], [ 1.36442, 45.9285 ], [ 1.36602, 45.9239 ], [ 1.36892, 45.92149 ], [ 1.36846, 45.91976 ], [ 1.36468, 45.91826 ], [ 1.36753, 45.91412 ], [ 1.36661, 45.91324 ], [ 1.36714, 45.9103 ], [ 1.3643, 45.90671 ], [ 1.36551, 45.90197 ], [ 1.36401, 45.90174 ], [ 1.3637, 45.89973 ], [ 1.36028, 45.89637 ], [ 1.35558, 45.8958 ], [ 1.34875, 45.88963 ], [ 1.34448, 45.88815 ], [ 1.34404, 45.88697 ], [ 1.34011, 45.88646 ], [ 1.33775, 45.88432 ], [ 1.33434, 45.8853 ], [ 1.32783, 45.88283 ] ] } },
{ "type": "Feature", "properties": { "name": "le Lavadour", "weight_class": 1, "permanent": true, "length_km": 4.9 }, "geometry": { "type": "LineString", "coordinates": [ [ 1.35705, 45.93177 ], [ 1.35599, 45.92812 ], [ 1.35038, 45.92045 ], [ 1.34983, 45.91479 ], [ 1.34326, 45.90818 ], [ 1.33843, 45.90594 ], [ 1.33319, 45.90502 ], [ 1.32832, 45.8977 ] ] } },
{ "type": "Feature", "properties": { "name": "le Verrier", "weight_class": 1, "permanent": true, "length_km": 3.1 }, "geometry": { "type": "LineString", "coordinates": [ [ 1.32095, 45.94236 ], [ 1.31964, 45.93962 ], [ 1.32247, 45.93575 ], [ 1.31997, 45.93212 ], [ 1.32238, 45.92728 ], [ 1.32529, 45.92468 ], [ 1.32587, 45.92039 ], [ 1.32793, 45.91861 ] ] } },
{ "type": "Feature", "properties": { "name": null, "weight_class": 1, "permanent": true, "length_km": 4.3 }, "geometry": { "type": "LineString", "coordinates": [ [ 1.28126, 45.92363 ], [ 1.2776, 45.9121 ], [ 1.27969, 45.90658 ], [ 1.28756, 45.90674 ], [ 1.29253, 45.90502 ], [ 1.29454, 45.90222 ], [ 1.29343, 45.89965 ], [ 1.28788, 45.89728 ] ] } },
{ "type": "Feature", "properties": { "name": "l'Aurence", "weight_class": 2, "permanent": true, "length_km": 29.2 }, "geometry": { "type": "LineString", "coordinates": [ [ 1.26394, 45.93849 ], [ 1.2634, 45.93031 ], [ 1.26421, 45.92907 ], [ 1.26189, 45.92739 ], [ 1.26291, 45.92222 ], [ 1.25869, 45.92144 ], [ 1.25936, 45.91765 ], [ 1.2581, 45.91566 ], [ 1.26194, 45.91397 ], [ 1.26124, 45.91349 ], [ 1.26318, 45.91089 ], [ 1.26673, 45.90956 ], [ 1.27175, 45.90115 ], [ 1.28274, 45.90056 ], [ 1.28492, 45.89989 ], [ 1.28798, 45.89719 ], [ 1.28554, 45.88717 ], [ 1.28244, 45.8843 ], [ 1.28303, 45.88341 ], [ 1.28131, 45.88157 ], [ 1.27888, 45.88079 ], [ 1.27767, 45.87874 ], [ 1.27417, 45.8764 ], [ 1.27591, 45.87232 ], [ 1.27455, 45.86801 ], [ 1.2682, 45.86309 ], [ 1.26785, 45.86001 ], [ 1.26352, 45.86103 ], [ 1.2602, 45.85949 ], [ 1.25405, 45.85992 ], [ 1.24789, 45.85645 ], [ 1.24701, 45.85507 ], [ 1.24274, 45.85525 ], [ 1.2389, 45.85074 ], [ 1.23245, 45.84784 ], [ 1.22956, 45.84554 ], [ 1.22663, 45.84522 ], [ 1.22501, 45.84288 ], [ 1.226, 45.84222 ], [ 1.22479, 45.83989 ], [ 1.22066, 45.83661 ], [ 1.21939, 45.83343 ], [ 1.21685, 45.83182 ], [ 1.21516, 45.8277 ], [ 1.21328, 45.82803 ], [ 1.21039, 45.82229 ], [ 1.2094, 45.82291 ], [ 1.20661, 45.82126 ], [ 1.20517, 45.81842 ], [ 1.20287, 45.81765 ], [ 1.20378, 45.81726 ], [ 1.20303, 45.81546 ], [ 1.19835, 45.81576 ], [ 1.19695, 45.81526 ], [ 1.19586, 45.81313 ], [ 1.19051, 45.81189 ], [ 1.19024, 45.8099 ], [ 1.18499, 45.80762 ], [ 1.18509, 45.80538 ], [ 1.18304, 45.80603 ], [ 1.18096, 45.80481 ], [ 1.18228, 45.80317 ], [ 1.18143, 45.80199 ], [ 1.17967, 45.80224 ], [ 1.17795, 45.80465 ], [ 1.17653, 45.80487 ], [ 1.17441, 45.80302 ], [ 1.17708, 45.80178 ], [ 1.17522, 45.80099 ], [ 1.17281, 45.80089 ], [ 1.17012, 45.80252 ], [ 1.16713, 45.80027 ], [ 1.15952, 45.80129 ], [ 1.15648, 45.79807 ], [ 1.15239, 45.79931 ], [ 1.14931, 45.79389 ] ] } },
{ "type": "Feature", "properties": { "name": null, "weight_class": 1, "permanent": true, "length_km": 6.8 }, "geometry": { "type": "LineString", "coordinates": [ [ 1.25967, 45.9581 ], [ 1.25768, 45.95712 ], [ 1.25774, 45.95508 ], [ 1.25536, 45.95333 ], [ 1.25303, 45.94934 ], [ 1.24401, 45.9484 ], [ 1.2421, 45.94902 ], [ 1.23238, 45.94587 ], [ 1.23171, 45.94383 ], [ 1.22819, 45.94377 ], [ 1.22448, 45.94513 ], [ 1.22214, 45.94466 ], [ 1.21706, 45.94802 ], [ 1.21017, 45.94729 ], [ 1.20321, 45.94819 ], [ 1.19959, 45.94991 ], [ 1.19398, 45.94792 ] ] } },
{ "type": "Feature", "properties": { "name": "les Villettes", "weight_class": 1, "permanent": true, "length_km": 9.9 }, "geometry": { "type": "LineString", "coordinates": [ [ 1.39948, 45.8336 ], [ 1.40218, 45.83816 ], [ 1.40616, 45.83888 ], [ 1.40802, 45.84289 ], [ 1.40649, 45.84489 ], [ 1.40659, 45.84836 ], [ 1.40464, 45.85088 ], [ 1.40146, 45.8521 ], [ 1.39719, 45.8579 ], [ 1.39824, 45.8588 ], [ 1.39742, 45.85999 ], [ 1.38997, 45.85796 ], [ 1.38903, 45.85851 ], [ 1.38556, 45.85656 ], [ 1.37845, 45.85832 ], [ 1.37588, 45.85968 ], [ 1.37596, 45.86094 ], [ 1.36687, 45.8652 ], [ 1.35794, 45.86229 ], [ 1.34851, 45.86714 ], [ 1.3447, 45.87048 ], [ 1.34479, 45.87261 ] ] } },
{ "type": "Feature", "properties": { "name": null, "weight_class": 1, "permanent": true, "length_km": 2.3 }, "geometry": { "type": "LineString", "coordinates": [ [ 1.25524, 45.8819 ], [ 1.25143, 45.87804 ], [ 1.25274, 45.87515 ], [ 1.25698, 45.8719 ], [ 1.25802, 45.86964 ], [ 1.25441, 45.86538 ] ] } },
{ "type": "Feature", "properties": { "name": "Ruisseau du Mas Guigou", "weight_class": 1, "permanent": true, "length_km": 2.2 }, "geometry": { "type": "LineString", "coordinates": [ [ 1.24416, 45.8747 ], [ 1.24622, 45.87201 ], [ 1.24646, 45.86949 ], [ 1.25622, 45.86458 ], [ 1.25752, 45.86212 ], [ 1.25689, 45.86017 ] ] } },
{ "type": "Feature", "properties": { "name": "Rivière la Glane", "weight_class": 2, "permanent": true, "length_km": 2.2 }, "geometry": { "type": "MultiLineString", "coordinates": [ [ [ 1.08515, 45.93535 ], [ 1.07974, 45.93341 ], [ 1.07692, 45.93448 ] ], [ [ 1.19403, 45.94757 ], [ 1.19226, 45.94109 ], [ 1.18742, 45.93648 ] ] ] } },
{ "type": "Feature", "properties": { "name": "Ruisseau de Chambariere", "weight_class": 1, "permanent": true, "length_km": 5.4 }, "geometry": { "type": "LineString", "coordinates": [ [ 1.17914, 45.95803 ], [ 1.17746, 45.95517 ], [ 1.17399, 45.95355 ], [ 1.17003, 45.94907 ], [ 1.16793, 45.94839 ], [ 1.16466, 45.94237 ], [ 1.1614, 45.94106 ], [ 1.15992, 45.93873 ], [ 1.15726, 45.9372 ], [ 1.15192, 45.93568 ], [ 1.1518, 45.93412 ], [ 1.1472, 45.93146 ], [ 1.14305, 45.93156 ], [ 1.1429, 45.9299 ], [ 1.13864, 45.92644 ] ] } },
{ "type": "Feature", "properties": { "name": "Ruisseau de la Mothe", "weight_class": 1, "permanent": false, "length_km": 3.1 }, "geometry": { "type": "LineString", "coordinates": [ [ 1.11983, 45.97022 ], [ 1.12241, 45.96433 ], [ 1.12276, 45.95908 ], [ 1.12428, 45.95693 ], [ 1.12323, 45.9557 ], [ 1.12398, 45.94988 ], [ 1.12104, 45.94672 ], [ 1.12043, 45.94436 ] ] } },
{ "type": "Feature", "properties": { "name": null, "weight_class": 1, "permanent": true, "length_km": 3.2 }, "geometry": { "type": "LineString", "coordinates": [ [ 1.20248, 45.99453 ], [ 1.20666, 45.99762 ], [ 1.21075, 45.99621 ], [ 1.21452, 45.99659 ], [ 1.21639, 46.00342 ], [ 1.2176, 46.00434 ], [ 1.21621, 46.00601 ], [ 1.22264, 46.01197 ] ] } },
{ "type": "Feature", "properties": { "name": "la Glane", "weight_class": 2, "permanent": true, "length_km": 42.9 }, "geometry": { "type": "LineString", "coordinates": [ [ 1.23054, 45.96967 ], [ 1.22942, 45.96707 ], [ 1.22514, 45.96792 ], [ 1.21951, 45.97076 ], [ 1.21305, 45.97192 ], [ 1.20849, 45.97086 ], [ 1.20568, 45.97244 ], [ 1.20327, 45.97216 ], [ 1.20246, 45.97066 ], [ 1.20376, 45.96777 ], [ 1.20325, 45.96553 ], [ 1.20084, 45.96003 ], [ 1.19682, 45.95568 ], [ 1.19392, 45.94959 ], [ 1.19403, 45.94757 ], [ 1.18746, 45.93776 ], [ 1.18682, 45.93416 ], [ 1.18277, 45.93328 ], [ 1.18139, 45.93377 ], [ 1.17672, 45.93176 ], [ 1.17454, 45.92954 ], [ 1.16785, 45.92658 ], [ 1.16533, 45.92646 ], [ 1.16456, 45.92397 ], [ 1.16194, 45.92456 ], [ 1.16065, 45.92281 ], [ 1.15835, 45.92198 ], [ 1.1553, 45.92421 ], [ 1.15271, 45.92272 ], [ 1.15015, 45.92274 ], [ 1.14704, 45.92409 ], [ 1.14089, 45.92465 ], [ 1.13813, 45.92665 ], [ 1.1308, 45.92325 ], [ 1.12991, 45.92418 ], [ 1.12649, 45.92374 ], [ 1.12611, 45.92567 ], [ 1.12153, 45.92584 ], [ 1.12037, 45.92554 ], [ 1.11978, 45.92359 ], [ 1.1177, 45.92411 ], [ 1.11657, 45.92336 ], [ 1.11541, 45.92501 ], [ 1.11745, 45.92569 ], [ 1.11777, 45.92739 ], [ 1.11517, 45.92784 ], [ 1.1101, 45.92596 ], [ 1.10612, 45.92691 ], [ 1.10546, 45.92799 ], [ 1.10049, 45.92831 ], [ 1.0978, 45.93099 ], [ 1.09114, 45.93187 ], [ 1.08857, 45.93498 ], [ 1.08582, 45.93597 ], [ 1.08097, 45.93431 ], [ 1.07754, 45.93483 ], [ 1.07492, 45.93394 ], [ 1.06804, 45.92986 ], [ 1.06681, 45.93048 ], [ 1.06528, 45.92984 ], [ 1.06352, 45.9327 ], [ 1.06134, 45.92991 ], [ 1.0577, 45.92805 ], [ 1.05406, 45.92875 ], [ 1.04862, 45.92725 ], [ 1.04437, 45.92847 ], [ 1.0444, 45.92776 ], [ 1.04012, 45.92662 ], [ 1.03903, 45.92501 ], [ 1.03425, 45.92603 ], [ 1.03284, 45.92781 ], [ 1.02984, 45.92661 ], [ 1.02695, 45.92892 ], [ 1.02486, 45.9276 ], [ 1.02447, 45.92433 ], [ 1.02062, 45.92068 ], [ 1.01377, 45.91836 ], [ 1.00286, 45.9208 ], [ 0.99884, 45.91877 ], [ 0.99358, 45.91848 ], [ 0.98704, 45.92073 ], [ 0.98537, 45.91848 ], [ 0.98275, 45.91811 ], [ 0.98117, 45.92069 ], [ 0.97945, 45.92024 ], [ 0.97518, 45.9216 ], [ 0.97584, 45.92598 ], [ 0.97482, 45.92663 ], [ 0.96958, 45.9271 ], [ 0.96495, 45.92517 ], [ 0.95675, 45.92602 ], [ 0.95014, 45.92147 ], [ 0.9469, 45.92161 ], [ 0.94459, 45.92312 ], [ 0.93984, 45.92172 ], [ 0.93578, 45.92222 ], [ 0.9346, 45.92077 ], [ 0.93162, 45.91972 ], [ 0.92453, 45.91957 ], [ 0.92245, 45.91646 ], [ 0.91865, 45.91628 ], [ 0.91642, 45.91298 ], [ 0.91454, 45.9131 ], [ 0.91115, 45.91145 ], [ 0.90894, 45.91181 ], [ 0.90824, 45.90881 ], [ 0.9042, 45.90618 ], [ 0.90464, 45.9047 ], [ 0.90176, 45.90448 ], [ 0.9025, 45.90313 ], [ 0.89977, 45.9014 ], [ 0.89935, 45.89946 ], [ 0.89374, 45.90021 ], [ 0.88927, 45.89826 ], [ 0.88989, 45.89693 ], [ 0.88787, 45.89338 ], [ 0.89018, 45.89049 ], [ 0.88896, 45.88948 ], [ 0.88645, 45.89017 ], [ 0.8856, 45.88754 ] ] } },
{ "type": "Feature", "properties": { "name": null, "weight_class": 1, "permanent": true, "length_km": 5.8 }, "geometry": { "type": "LineString", "coordinates": [ [ 1.1893, 45.99927 ], [ 1.1864, 45.99963 ], [ 1.18534, 45.99797 ], [ 1.18308, 45.99833 ], [ 1.18062, 45.99929 ], [ 1.18069, 46.00119 ], [ 1.17843, 46.00182 ], [ 1.17491, 46.00056 ], [ 1.1691, 46.00116 ], [ 1.16556, 45.99881 ], [ 1.16472, 46.00041 ], [ 1.15792, 46.00435 ], [ 1.14232, 46.00858 ], [ 1.13883, 46.00851 ], [ 1.13404, 46.00624 ], [ 1.13138, 46.00593 ] ] } },
{ "type": "Feature", "properties": { "name": null, "weight_class": 1, "permanent": true, "length_km": 3.3 }, "geometry": { "type": "LineString", "coordinates": [ [ 1.08857, 46.00166 ], [ 1.08774, 46.00754 ], [ 1.09184, 46.01031 ], [ 1.0916, 46.01253 ], [ 1.09392, 46.01371 ], [ 1.09454, 46.01662 ], [ 1.09968, 46.02241 ], [ 1.09951, 46.02693 ] ] } },
{ "type": "Feature", "properties": { "name": null, "weight_class": 1, "permanent": true, "length_km": 3.7 }, "geometry": { "type": "LineString", "coordinates": [ [ 1.06536, 46.0175 ], [ 1.07368, 46.0189 ], [ 1.08036, 46.0186 ], [ 1.0835, 46.02076 ], [ 1.09122, 46.02276 ], [ 1.09695, 46.02748 ], [ 1.09902, 46.02678 ], [ 1.10088, 46.02822 ], [ 1.10398, 46.02864 ] ] } },
{ "type": "Feature", "properties": { "name": null, "weight_class": 1, "permanent": false, "length_km": 2.4 }, "geometry": { "type": "LineString", "coordinates": [ [ 1.10518, 46.00231 ], [ 1.10527, 46.00443 ], [ 1.10347, 46.00588 ], [ 1.10458, 46.00861 ], [ 1.1032, 46.01075 ], [ 1.10953, 46.0145 ], [ 1.11219, 46.01981 ] ] } },
{ "type": "Feature", "properties": { "name": null, "weight_class": 1, "permanent": false, "length_km": 2.3 }, "geometry": { "type": "LineString", "coordinates": [ [ 1.07494, 46.00183 ], [ 1.07483, 45.9992 ], [ 1.07054, 45.99619 ], [ 1.06031, 45.99405 ], [ 1.05792, 45.99065 ], [ 1.05578, 45.98957 ] ] } },
{ "type": "Feature", "properties": { "name": null, "weight_class": 1, "permanent": false, "length_km": 2.1 }, "geometry": { "type": "LineString", "coordinates": [ [ 1.19005, 45.98466 ], [ 1.18837, 45.98185 ], [ 1.18511, 45.97948 ], [ 1.17994, 45.97907 ], [ 1.17635, 45.98039 ], [ 1.17368, 45.97937 ], [ 1.16849, 45.97925 ] ] } },
{ "type": "Feature", "properties": { "name": null, "weight_class": 1, "permanent": true, "length_km": 2.5 }, "geometry": { "type": "LineString", "coordinates": [ [ 1.17519, 45.96002 ], [ 1.17259, 45.96279 ], [ 1.17283, 45.96573 ], [ 1.16972, 45.96979 ], [ 1.16849, 45.97711 ], [ 1.16678, 45.98032 ] ] } },
{ "type": "Feature", "properties": { "name": null, "weight_class": 1, "permanent": true, "length_km": 3.5 }, "geometry": { "type": "LineString", "coordinates": [ [ 1.19398, 45.97786 ], [ 1.18328, 45.97522 ], [ 1.1829, 45.97274 ], [ 1.17985, 45.97039 ], [ 1.17848, 45.97036 ], [ 1.17656, 45.97327 ], [ 1.17207, 45.97548 ], [ 1.17021, 45.97821 ], [ 1.16678, 45.98032 ], [ 1.16664, 45.98297 ] ] } },
{ "type": "Feature", "properties": { "name": null, "weight_class": 1, "permanent": true, "length_km": 2.6 }, "geometry": { "type": "LineString", "coordinates": [ [ 1.11804, 45.98102 ], [ 1.12103, 45.97964 ], [ 1.12348, 45.98294 ], [ 1.12516, 45.98169 ], [ 1.13065, 45.98206 ], [ 1.13103, 45.98381 ], [ 1.133, 45.98436 ], [ 1.13327, 45.98762 ], [ 1.13675, 45.99081 ] ] } },
{ "type": "Feature", "properties": { "name": null, "weight_class": 1, "permanent": true, "length_km": 6.6 }, "geometry": { "type": "LineString", "coordinates": [ [ 1.10264, 45.98285 ], [ 1.09906, 45.98173 ], [ 1.09345, 45.97697 ], [ 1.09305, 45.9739 ], [ 1.09621, 45.96909 ], [ 1.09597, 45.96645 ], [ 1.08946, 45.9644 ], [ 1.08675, 45.96188 ], [ 1.08779, 45.96014 ], [ 1.08611, 45.95894 ], [ 1.08787, 45.9519 ], [ 1.08697, 45.94715 ], [ 1.08928, 45.94276 ], [ 1.08731, 45.94081 ], [ 1.08548, 45.93581 ] ] } },
{ "type": "Feature", "properties": { "name": null, "weight_class": 1, "permanent": false, "length_km": 2.0 }, "geometry": { "type": "LineString", "coordinates": [ [ 1.06936, 45.97811 ], [ 1.06775, 45.97839 ], [ 1.06555, 45.9774 ], [ 1.05988, 45.9787 ], [ 1.05606, 45.977 ], [ 1.0484, 45.9812 ] ] } },
{ "type": "Feature", "properties": { "name": null, "weight_class": 1, "permanent": false, "length_km": 2.2 }, "geometry": { "type": "LineString", "coordinates": [ [ 1.07814, 45.97947 ], [ 1.07962, 45.97656 ], [ 1.08721, 45.9732 ], [ 1.08843, 45.96993 ], [ 1.08742, 45.96563 ], [ 1.0891, 45.96421 ] ] } },
{ "type": "Feature", "properties": { "name": "Ruisseau des Trois Arbres", "weight_class": 1, "permanent": false, "length_km": 6.9 }, "geometry": { "type": "LineString", "coordinates": [ [ 1.07214, 45.97487 ], [ 1.06608, 45.96734 ], [ 1.0622, 45.9663 ], [ 1.06017, 45.96445 ], [ 1.05517, 45.96372 ], [ 1.05252, 45.96221 ], [ 1.05045, 45.96241 ], [ 1.04878, 45.95915 ], [ 1.04321, 45.95656 ], [ 1.04107, 45.95243 ], [ 1.04308, 45.9468 ], [ 1.04171, 45.94511 ], [ 1.04195, 45.94322 ], [ 1.04513, 45.94061 ], [ 1.0465, 45.93707 ], [ 1.04437, 45.92847 ] ] } },
{ "type": "Feature", "properties": { "name": null, "weight_class": 1, "permanent": true, "length_km": 3.9 }, "geometry": { "type": "LineString", "coordinates": [ [ 1.11334, 45.97018 ], [ 1.10718, 45.96296 ], [ 1.10588, 45.95856 ], [ 1.10009, 45.95427 ], [ 1.0995, 45.95063 ], [ 1.09171, 45.94549 ], [ 1.08928, 45.94276 ] ] } },
{ "type": "Feature", "properties": { "name": "l'Etang", "weight_class": 1, "permanent": false, "length_km": 4.1 }, "geometry": { "type": "LineString", "coordinates": [ [ 1.07717, 45.96427 ], [ 1.07747, 45.9629 ], [ 1.07393, 45.95866 ], [ 1.07077, 45.95627 ], [ 1.06775, 45.95546 ], [ 1.06535, 45.95036 ], [ 1.06595, 45.94821 ], [ 1.06341, 45.94526 ], [ 1.06448, 45.94277 ], [ 1.06341, 45.93268 ] ] } },
{ "type": "Feature", "properties": { "name": "la Mothe", "weight_class": 1, "permanent": false, "length_km": 8.0 }, "geometry": { "type": "LineString", "coordinates": [ [ 1.1636, 45.96373 ], [ 1.15878, 45.96398 ], [ 1.15516, 45.96586 ], [ 1.14927, 45.96589 ], [ 1.14448, 45.96178 ], [ 1.14498, 45.95892 ], [ 1.14204, 45.95567 ], [ 1.13762, 45.95393 ], [ 1.13294, 45.954 ], [ 1.12796, 45.95082 ], [ 1.12432, 45.94536 ], [ 1.11468, 45.94344 ], [ 1.10668, 45.93966 ], [ 1.10486, 45.93725 ], [ 1.09449, 45.93632 ], [ 1.09197, 45.93457 ], [ 1.08864, 45.93464 ] ] } },
{ "type": "Feature", "properties": { "name": "Ruisseau des Sagnes", "weight_class": 1, "permanent": true, "length_km": 2.1 }, "geometry": { "type": "LineString", "coordinates": [ [ 1.20365, 46.02125 ], [ 1.20139, 46.02303 ], [ 1.19865, 46.02262 ], [ 1.19786, 46.02354 ], [ 1.19508, 46.02398 ], [ 1.19203, 46.02378 ], [ 1.18649, 46.02167 ], [ 1.18272, 46.02332 ] ] } },
{ "type": "Feature", "properties": { "name": null, "weight_class": 1, "permanent": true, "length_km": 2.5 }, "geometry": { "type": "LineString", "coordinates": [ [ 1.19972, 45.99812 ], [ 1.19963, 46.00185 ], [ 1.20179, 46.00558 ], [ 1.20366, 46.00666 ], [ 1.20696, 46.01891 ] ] } },
{ "type": "Feature", "properties": { "name": null, "weight_class": 1, "permanent": false, "length_km": 2.0 }, "geometry": { "type": "LineString", "coordinates": [ [ 1.2068, 45.9888 ], [ 1.20383, 45.98489 ], [ 1.20631, 45.97206 ] ] } },
{ "type": "Feature", "properties": { "name": null, "weight_class": 1, "permanent": true, "length_km": 3.7 }, "geometry": { "type": "LineString", "coordinates": [ [ 1.22046, 45.92974 ], [ 1.21776, 45.93294 ], [ 1.21848, 45.93459 ], [ 1.21671, 45.93753 ], [ 1.21728, 45.93987 ], [ 1.21636, 45.94137 ], [ 1.21129, 45.94333 ], [ 1.20357, 45.93971 ], [ 1.19849, 45.93903 ], [ 1.19243, 45.94186 ] ] } },
{ "type": "Feature", "properties": { "name": "Ruisseau de Leignat", "weight_class": 1, "permanent": false, "length_km": 4.8 }, "geometry": { "type": "LineString", "coordinates": [ [ 1.04866, 45.82692 ], [ 1.05378, 45.82979 ], [ 1.05593, 45.83305 ], [ 1.06267, 45.83589 ], [ 1.06238, 45.83656 ], [ 1.06486, 45.83694 ], [ 1.07467, 45.84178 ], [ 1.08365, 45.84366 ], [ 1.08684, 45.84821 ], [ 1.08907, 45.84983 ], [ 1.0923, 45.85056 ] ] } },
{ "type": "Feature", "properties": { "name": null, "weight_class": 1, "permanent": true, "length_km": 2.6 }, "geometry": { "type": "LineString", "coordinates": [ [ 1.16755, 45.9101 ], [ 1.17096, 45.91206 ], [ 1.1701, 45.91694 ], [ 1.17296, 45.92554 ], [ 1.17173, 45.92613 ], [ 1.16943, 45.9251 ], [ 1.16747, 45.92537 ], [ 1.16711, 45.92652 ] ] } },
{ "type": "Feature", "properties": { "name": null, "weight_class": 1, "permanent": true, "length_km": 7.9 }, "geometry": { "type": "LineString", "coordinates": [ [ 1.22593, 45.92434 ], [ 1.2243, 45.92416 ], [ 1.22155, 45.92067 ], [ 1.21374, 45.91734 ], [ 1.21105, 45.91212 ], [ 1.2065, 45.91229 ], [ 1.20312, 45.91067 ], [ 1.20098, 45.90765 ], [ 1.19911, 45.90942 ], [ 1.19721, 45.90783 ], [ 1.1924, 45.90645 ], [ 1.1872, 45.91005 ], [ 1.18792, 45.91403 ], [ 1.1865, 45.91489 ], [ 1.18676, 45.91846 ], [ 1.18402, 45.91957 ], [ 1.18316, 45.92172 ], [ 1.18009, 45.92148 ], [ 1.17931, 45.92381 ], [ 1.17711, 45.92481 ], [ 1.17216, 45.92635 ], [ 1.16785, 45.92658 ] ] } },
{ "type": "Feature", "properties": { "name": null, "weight_class": 2, "permanent": true, "length_km": 2.2 }, "geometry": { "type": "LineString", "coordinates": [ [ 1.15325, 45.90793 ], [ 1.14879, 45.91029 ], [ 1.14876, 45.91407 ], [ 1.14728, 45.91555 ], [ 1.14552, 45.91576 ], [ 1.14635, 45.91918 ], [ 1.14538, 45.92026 ], [ 1.1471, 45.92176 ], [ 1.14746, 45.9239 ] ] } },
{ "type": "Feature", "properties": { "name": null, "weight_class": 1, "permanent": true, "length_km": 2.9 }, "geometry": { "type": "LineString", "coordinates": [ [ 1.16636, 45.90532 ], [ 1.16408, 45.90535 ], [ 1.16179, 45.90814 ], [ 1.16159, 45.91311 ], [ 1.15774, 45.91428 ], [ 1.15416, 45.91711 ], [ 1.1539, 45.91837 ], [ 1.14915, 45.91946 ], [ 1.15089, 45.92274 ] ] } },
{ "type": "Feature", "properties": { "name": "la Châtre", "weight_class": 1, "permanent": true, "length_km": 3.7 }, "geometry": { "type": "LineString", "coordinates": [ [ 1.13007, 45.9015 ], [ 1.12994, 45.90552 ], [ 1.12648, 45.90535 ], [ 1.11621, 45.91354 ], [ 1.11472, 45.91714 ], [ 1.11572, 45.9191 ], [ 1.11326, 45.92353 ], [ 1.11356, 45.92692 ] ] } },
{ "type": "Feature", "properties": { "name": null, "weight_class": 1, "permanent": true, "length_km": 4.0 }, "geometry": { "type": "LineString", "coordinates": [ [ 1.08917, 45.90301 ], [ 1.08756, 45.90227 ], [ 1.08575, 45.90307 ], [ 1.08586, 45.90703 ], [ 1.08252, 45.9159 ], [ 1.08313, 45.91943 ], [ 1.08097, 45.92417 ], [ 1.07798, 45.92686 ], [ 1.0702, 45.93103 ] ] } },
{ "type": "Feature", "properties": { "name": null, "weight_class": 1, "permanent": true, "length_km": 2.0 }, "geometry": { "type": "LineString", "coordinates": [ [ 1.14112, 45.91 ], [ 1.13875, 45.91405 ], [ 1.13153, 45.91957 ], [ 1.13101, 45.92108 ], [ 1.12825, 45.92174 ], [ 1.12749, 45.92377 ] ] } },
{ "type": "Feature", "properties": { "name": null, "weight_class": 1, "permanent": true, "length_km": 2.4 }, "geometry": { "type": "LineString", "coordinates": [ [ 1.10195, 45.90778 ], [ 1.10394, 45.90408 ], [ 1.09553, 45.89465 ], [ 1.08985, 45.89102 ] ] } },
{ "type": "Feature", "properties": { "name": null, "weight_class": 1, "permanent": false, "length_km": 2.9 }, "geometry": { "type": "LineString", "coordinates": [ [ 1.12795, 45.8811 ], [ 1.12235, 45.88546 ], [ 1.12137, 45.88873 ], [ 1.11528, 45.89007 ], [ 1.10817, 45.88758 ], [ 1.10083, 45.89074 ] ] } },
{ "type": "Feature", "properties": { "name": "le Tranchepie", "weight_class": 1, "permanent": true, "length_km": 9.5 }, "geometry": { "type": "LineString", "coordinates": [ [ 1.17482, 45.87675 ], [ 1.17035, 45.87134 ], [ 1.16749, 45.87004 ], [ 1.16201, 45.86961 ], [ 1.16029, 45.86797 ], [ 1.15736, 45.86818 ], [ 1.15493, 45.86712 ], [ 1.15461, 45.86518 ], [ 1.15206, 45.86391 ], [ 1.1381, 45.86182 ], [ 1.13453, 45.86364 ], [ 1.12975, 45.86307 ], [ 1.1224, 45.86634 ], [ 1.11916, 45.86639 ], [ 1.11894, 45.86517 ], [ 1.11584, 45.864 ], [ 1.11445, 45.8644 ], [ 1.11395, 45.86295 ], [ 1.10893, 45.86177 ], [ 1.10712, 45.85994 ], [ 1.10657, 45.85472 ], [ 1.10335, 45.85199 ], [ 1.10127, 45.85196 ], [ 1.09958, 45.84948 ], [ 1.0973, 45.84973 ], [ 1.09632, 45.84772 ], [ 1.09395, 45.84798 ] ] } },
{ "type": "Feature", "properties": { "name": "l'Aurençous", "weight_class": 1, "permanent": true, "length_km": 5.2 }, "geometry": { "type": "LineString", "coordinates": [ [ 1.18686, 45.86607 ], [ 1.19361, 45.86357 ], [ 1.19335, 45.86154 ], [ 1.19769, 45.85812 ], [ 1.19811, 45.8561 ], [ 1.20445, 45.85391 ], [ 1.20699, 45.854 ], [ 1.21061, 45.85201 ], [ 1.2109, 45.84798 ], [ 1.21324, 45.84351 ], [ 1.21227, 45.84216 ], [ 1.21406, 45.8386 ], [ 1.21551, 45.8385 ], [ 1.2183, 45.83596 ], [ 1.2203, 45.8357 ] ] } },
{ "type": "Feature", "properties": { "name": "le Champy", "weight_class": 1, "permanent": true, "length_km": 8.4 }, "geometry": { "type": "LineString", "coordinates": [ [ 1.17692, 45.88205 ], [ 1.18073, 45.88252 ], [ 1.18429, 45.88093 ], [ 1.18583, 45.87768 ], [ 1.19374, 45.87265 ], [ 1.19665, 45.87191 ], [ 1.20068, 45.86859 ], [ 1.20287, 45.86901 ], [ 1.20478, 45.8681 ], [ 1.20746, 45.86605 ], [ 1.20822, 45.8639 ], [ 1.21252, 45.86306 ], [ 1.21558, 45.8599 ], [ 1.21907, 45.86088 ], [ 1.21876, 45.86292 ], [ 1.22023, 45.864 ], [ 1.2246, 45.86156 ], [ 1.22649, 45.8619 ], [ 1.228, 45.8591 ], [ 1.22708, 45.85714 ], [ 1.22508, 45.85666 ], [ 1.22538, 45.85457 ], [ 1.22653, 45.852 ], [ 1.23027, 45.85035 ], [ 1.23234, 45.84774 ] ] } },
{ "type": "Feature", "properties": { "name": "Ruisseau de Bagoulas", "weight_class": 1, "permanent": true, "length_km": 4.6 }, "geometry": { "type": "LineString", "coordinates": [ [ 1.12369, 45.88144 ], [ 1.1208, 45.88122 ], [ 1.11556, 45.87774 ], [ 1.11416, 45.87315 ], [ 1.10933, 45.87368 ], [ 1.11014, 45.87064 ], [ 1.10755, 45.86843 ], [ 1.10291, 45.86897 ], [ 1.10087, 45.86747 ], [ 1.09611, 45.8669 ], [ 1.09298, 45.86433 ], [ 1.09344, 45.8631 ], [ 1.08732, 45.86105 ] ] } },
{ "type": "Feature", "properties": { "name": "Ruisseau du Pré Vieux", "weight_class": 1, "permanent": true, "length_km": 3.2 }, "geometry": { "type": "LineString", "coordinates": [ [ 1.13999, 45.85785 ], [ 1.13876, 45.85453 ], [ 1.13293, 45.85329 ], [ 1.12386, 45.85513 ], [ 1.11177, 45.85451 ], [ 1.10722, 45.85518 ], [ 1.1063, 45.85461 ] ] } },
{ "type": "Feature", "properties": { "name": null, "weight_class": 1, "permanent": false, "length_km": 4.4 }, "geometry": { "type": "LineString", "coordinates": [ [ 1.04996, 45.84029 ], [ 1.05377, 45.84124 ], [ 1.06024, 45.84112 ], [ 1.0618, 45.8422 ], [ 1.06757, 45.84317 ], [ 1.06849, 45.84546 ], [ 1.07123, 45.84656 ], [ 1.07235, 45.84808 ], [ 1.07843, 45.84958 ], [ 1.0782, 45.85349 ], [ 1.08273, 45.85955 ], [ 1.08296, 45.86308 ] ] } },
{ "type": "Feature", "properties": { "name": "le Félix", "weight_class": 1, "permanent": true, "length_km": 6.3 }, "geometry": { "type": "LineString", "coordinates": [ [ 1.17465, 45.84323 ], [ 1.17451, 45.8409 ], [ 1.1704, 45.83928 ], [ 1.16894, 45.83397 ], [ 1.16708, 45.83344 ], [ 1.16406, 45.83001 ], [ 1.16172, 45.82929 ], [ 1.15709, 45.82921 ], [ 1.15085, 45.8307 ], [ 1.1478, 45.83018 ], [ 1.14461, 45.82672 ], [ 1.14198, 45.82746 ], [ 1.13524, 45.82619 ], [ 1.12968, 45.82738 ], [ 1.12815, 45.82852 ], [ 1.12338, 45.82834 ], [ 1.12071, 45.82975 ], [ 1.11969, 45.83167 ] ] } },
{ "type": "Feature", "properties": { "name": "le Chamberet", "weight_class": 1, "permanent": true, "length_km": 5.1 }, "geometry": { "type": "LineString", "coordinates": [ [ 1.17889, 45.8502 ], [ 1.18107, 45.84739 ], [ 1.18086, 45.84575 ], [ 1.18354, 45.84426 ], [ 1.1854, 45.84051 ], [ 1.19063, 45.838 ], [ 1.18722, 45.83505 ], [ 1.18848, 45.83424 ], [ 1.19185, 45.82593 ], [ 1.19431, 45.82507 ], [ 1.19784, 45.82535 ], [ 1.2061, 45.82055 ] ] } },
{ "type": "Feature", "properties": { "name": null, "weight_class": 1, "permanent": false, "length_km": 2.3 }, "geometry": { "type": "LineString", "coordinates": [ [ 1.14406, 45.84363 ], [ 1.14714, 45.84138 ], [ 1.14655, 45.83937 ], [ 1.14773, 45.83625 ], [ 1.1463, 45.83462 ], [ 1.14683, 45.83276 ], [ 1.14469, 45.83119 ], [ 1.14477, 45.82866 ], [ 1.14243, 45.82735 ] ] } },
{ "type": "Feature", "properties": { "name": "Ruisseau du Breuil", "weight_class": 1, "permanent": true, "length_km": 7.3 }, "geometry": { "type": "LineString", "coordinates": [ [ 1.16239, 45.86002 ], [ 1.16129, 45.85942 ], [ 1.16064, 45.85502 ], [ 1.15566, 45.85106 ], [ 1.15504, 45.84862 ], [ 1.15094, 45.84889 ], [ 1.14583, 45.84744 ], [ 1.14157, 45.84821 ], [ 1.13221, 45.84332 ], [ 1.12825, 45.83949 ], [ 1.12331, 45.84021 ], [ 1.12183, 45.84138 ], [ 1.11665, 45.84185 ], [ 1.10995, 45.84508 ], [ 1.10475, 45.84483 ], [ 1.09685, 45.84709 ], [ 1.09502, 45.84684 ] ] } },
{ "type": "Feature", "properties": { "name": null, "weight_class": 1, "permanent": true, "length_km": 2.7 }, "geometry": { "type": "LineString", "coordinates": [ [ 1.0856, 45.8214 ], [ 1.08896, 45.82394 ], [ 1.08739, 45.82937 ], [ 1.08818, 45.83264 ], [ 1.09424, 45.83801 ], [ 1.09807, 45.83918 ], [ 1.09879, 45.84061 ] ] } },
{ "type": "Feature", "properties": { "name": null, "weight_class": 1, "permanent": true, "length_km": 2.6 }, "geometry": { "type": "LineString", "coordinates": [ [ 1.21709, 45.92802 ], [ 1.21252, 45.92665 ], [ 1.21038, 45.92852 ], [ 1.20682, 45.92936 ], [ 1.20312, 45.93378 ], [ 1.19859, 45.93463 ], [ 1.19701, 45.93796 ], [ 1.19767, 45.93949 ] ] } },
{ "type": "Feature", "properties": { "name": "Ruisseau de Coyol", "weight_class": 1, "permanent": true, "length_km": 4.8 }, "geometry": { "type": "LineString", "coordinates": [ [ 1.19916, 45.88989 ], [ 1.20366, 45.89029 ], [ 1.2077, 45.88889 ], [ 1.21101, 45.88645 ], [ 1.21212, 45.88315 ], [ 1.21642, 45.87885 ], [ 1.21657, 45.87607 ], [ 1.21816, 45.87389 ], [ 1.2203, 45.87274 ], [ 1.22177, 45.8703 ], [ 1.22518, 45.86938 ], [ 1.22543, 45.86787 ], [ 1.22795, 45.8661 ], [ 1.22737, 45.86493 ], [ 1.22528, 45.86448 ], [ 1.22649, 45.8619 ] ] } },
{ "type": "Feature", "properties": { "name": null, "weight_class": 1, "permanent": true, "length_km": 2.9 }, "geometry": { "type": "LineString", "coordinates": [ [ 1.22765, 45.8911 ], [ 1.22559, 45.88774 ], [ 1.22721, 45.88663 ], [ 1.22557, 45.88521 ], [ 1.22778, 45.88276 ], [ 1.2282, 45.8797 ], [ 1.22648, 45.87814 ], [ 1.22733, 45.87611 ], [ 1.22585, 45.8741 ], [ 1.22518, 45.86938 ] ] } },
{ "type": "Feature", "properties": { "name": null, "weight_class": 1, "permanent": false, "length_km": 5.7 }, "geometry": { "type": "LineString", "coordinates": [ [ 1.22746, 45.90691 ], [ 1.23231, 45.90311 ], [ 1.23598, 45.90255 ], [ 1.24466, 45.89878 ], [ 1.25062, 45.89224 ], [ 1.25342, 45.8914 ], [ 1.25403, 45.892 ], [ 1.25749, 45.89168 ], [ 1.25769, 45.89049 ], [ 1.2611, 45.8881 ], [ 1.2667, 45.88622 ], [ 1.26951, 45.88617 ], [ 1.27039, 45.88483 ], [ 1.27277, 45.88499 ], [ 1.27408, 45.88395 ], [ 1.27941, 45.88295 ], [ 1.28014, 45.88112 ] ] } },
{ "type": "Feature", "properties": { "name": "Ruisseau du Cheyrol", "weight_class": 1, "permanent": false, "length_km": 3.4 }, "geometry": { "type": "LineString", "coordinates": [ [ 1.2425, 45.72882 ], [ 1.24042, 45.73203 ], [ 1.24299, 45.73719 ], [ 1.24832, 45.74012 ], [ 1.24974, 45.74482 ], [ 1.24809, 45.75132 ], [ 1.25115, 45.75423 ] ] } },
{ "type": "Feature", "properties": { "name": "le Gabi", "weight_class": 1, "permanent": true, "length_km": 3.6 }, "geometry": { "type": "LineString", "coordinates": [ [ 1.26871, 45.72341 ], [ 1.27758, 45.72809 ], [ 1.28138, 45.72807 ], [ 1.28517, 45.72682 ], [ 1.29123, 45.72941 ], [ 1.30114, 45.72947 ], [ 1.30476, 45.73123 ], [ 1.30825, 45.73118 ] ] } },
{ "type": "Feature", "properties": { "name": "Ruisseau le Rigouroux", "weight_class": 1, "permanent": true, "length_km": 4.1 }, "geometry": { "type": "LineString", "coordinates": [ [ 1.27038, 45.78987 ], [ 1.2656, 45.79112 ], [ 1.26064, 45.78916 ], [ 1.25111, 45.79397 ], [ 1.24147, 45.79545 ], [ 1.23772, 45.79447 ], [ 1.23368, 45.79559 ], [ 1.23203, 45.79795 ], [ 1.22951, 45.79907 ] ] } },
{ "type": "Feature", "properties": { "name": "le Ribardy", "weight_class": 2, "permanent": true, "length_km": 5.5 }, "geometry": { "type": "LineString", "coordinates": [ [ 1.33318, 45.77414 ], [ 1.32786, 45.77337 ], [ 1.32355, 45.77161 ], [ 1.31917, 45.76956 ], [ 1.31636, 45.76655 ], [ 1.31009, 45.7641 ], [ 1.305, 45.76486 ], [ 1.30268, 45.76361 ], [ 1.30037, 45.76364 ], [ 1.29712, 45.7614 ], [ 1.29642, 45.7591 ], [ 1.29179, 45.75685 ], [ 1.29096, 45.75098 ], [ 1.28927, 45.74945 ], [ 1.28645, 45.74916 ] ] } },
{ "type": "Feature", "properties": { "name": null, "weight_class": 1, "permanent": true, "length_km": 3.1 }, "geometry": { "type": "LineString", "coordinates": [ [ 1.38718, 45.79485 ], [ 1.3827, 45.79524 ], [ 1.37854, 45.79852 ], [ 1.37481, 45.79896 ], [ 1.37251, 45.80062 ], [ 1.3711, 45.8004 ], [ 1.36879, 45.80215 ], [ 1.36637, 45.8023 ], [ 1.36552, 45.80365 ], [ 1.35922, 45.80522 ], [ 1.35802, 45.80653 ] ] } },
{ "type": "Feature", "properties": { "name": "le Bouloux", "weight_class": 1, "permanent": true, "length_km": 8.6 }, "geometry": { "type": "LineString", "coordinates": [ [ 1.39078, 45.79112 ], [ 1.38991, 45.78655 ], [ 1.39617, 45.78285 ], [ 1.39371, 45.77799 ], [ 1.39466, 45.77665 ], [ 1.39313, 45.77253 ], [ 1.39399, 45.77105 ], [ 1.39146, 45.76744 ], [ 1.38736, 45.76703 ], [ 1.38837, 45.76521 ], [ 1.38619, 45.76278 ], [ 1.38657, 45.76023 ], [ 1.38332, 45.75747 ], [ 1.38374, 45.75423 ], [ 1.38052, 45.75001 ], [ 1.37975, 45.74497 ], [ 1.37347, 45.73692 ], [ 1.37013, 45.73644 ], [ 1.37097, 45.7352 ], [ 1.37004, 45.7324 ] ] } },
{ "type": "Feature", "properties": { "name": null, "weight_class": 2, "permanent": true, "length_km": 2.7 }, "geometry": { "type": "LineString", "coordinates": [ [ 1.35884, 45.75743 ], [ 1.35573, 45.75505 ], [ 1.35398, 45.75045 ], [ 1.35253, 45.73989 ], [ 1.35373, 45.73619 ] ] } },
{ "type": "Feature", "properties": { "name": null, "weight_class": 1, "permanent": false, "length_km": 2.2 }, "geometry": { "type": "LineString", "coordinates": [ [ 1.32194, 45.75432 ], [ 1.32163, 45.74895 ], [ 1.31887, 45.74529 ], [ 1.31553, 45.74505 ], [ 1.31057, 45.74654 ], [ 1.30613, 45.74608 ] ] } },
{ "type": "Feature", "properties": { "name": "Ruisseau d'Envaud", "weight_class": 1, "permanent": true, "length_km": 3.5 }, "geometry": { "type": "LineString", "coordinates": [ [ 1.21904, 45.73234 ], [ 1.22079, 45.74282 ], [ 1.22836, 45.75199 ], [ 1.23737, 45.75883 ] ] } },
{ "type": "Feature", "properties": { "name": "la Roselle", "weight_class": 3, "permanent": true, "length_km": 24.2 }, "geometry": { "type": "LineString", "coordinates": [ [ 1.52982, 45.73031 ], [ 1.52796, 45.72881 ], [ 1.52603, 45.73023 ], [ 1.51926, 45.72991 ], [ 1.517, 45.72794 ], [ 1.51055, 45.7257 ], [ 1.50635, 45.72144 ], [ 1.50609, 45.71956 ], [ 1.50379, 45.71864 ], [ 1.50082, 45.71225 ], [ 1.49857, 45.71052 ], [ 1.49245, 45.71036 ], [ 1.48646, 45.7075 ], [ 1.48058, 45.70618 ], [ 1.47895, 45.70484 ], [ 1.47562, 45.70449 ], [ 1.4729, 45.70562 ], [ 1.46986, 45.70533 ], [ 1.46323, 45.70809 ], [ 1.45912, 45.70684 ], [ 1.45786, 45.71074 ], [ 1.4553, 45.7106 ], [ 1.45278, 45.71279 ], [ 1.4507, 45.7129 ], [ 1.44869, 45.71524 ], [ 1.44354, 45.71708 ], [ 1.43792, 45.72152 ], [ 1.43517, 45.72044 ], [ 1.4311, 45.72342 ], [ 1.42669, 45.72314 ], [ 1.42314, 45.72445 ], [ 1.42127, 45.72631 ], [ 1.41761, 45.72708 ], [ 1.415, 45.72606 ], [ 1.413, 45.72927 ], [ 1.4102, 45.73107 ], [ 1.40992, 45.7328 ], [ 1.40553, 45.73571 ], [ 1.40258, 45.73364 ], [ 1.39691, 45.73572 ], [ 1.39445, 45.73515 ], [ 1.39349, 45.73112 ], [ 1.39126, 45.73111 ], [ 1.38975, 45.72891 ], [ 1.38863, 45.72979 ], [ 1.3837, 45.72935 ], [ 1.38059, 45.73188 ], [ 1.37816, 45.73069 ], [ 1.37446, 45.73059 ], [ 1.37147, 45.73078 ], [ 1.37004, 45.7324 ], [ 1.36579, 45.73128 ], [ 1.36464, 45.73232 ], [ 1.3587, 45.73221 ], [ 1.35578, 45.73338 ], [ 1.35382, 45.73631 ], [ 1.35217, 45.73432 ], [ 1.35112, 45.73555 ], [ 1.34806, 45.73563 ], [ 1.34651, 45.73421 ], [ 1.34392, 45.73534 ], [ 1.34255, 45.7332 ], [ 1.34072, 45.73248 ], [ 1.33544, 45.7328 ], [ 1.33371, 45.72904 ], [ 1.33181, 45.72868 ], [ 1.32884, 45.72992 ], [ 1.32669, 45.72936 ], [ 1.3269, 45.72767 ], [ 1.32474, 45.72792 ] ] } },
{ "type": "Feature", "properties": { "name": null, "weight_class": 1, "permanent": true, "length_km": 3.6 }, "geometry": { "type": "LineString", "coordinates": [ [ 1.37188, 45.7183 ], [ 1.3689, 45.71798 ], [ 1.36324, 45.71987 ], [ 1.35809, 45.72003 ], [ 1.34375, 45.72456 ], [ 1.34051, 45.72639 ], [ 1.33938, 45.73253 ] ] } },
{ "type": "Feature", "properties": { "name": "la Ligoure", "weight_class": 2, "permanent": true, "length_km": 21.8 }, "geometry": { "type": "LineString", "coordinates": [ [ 1.29625, 45.58528 ], [ 1.28923, 45.59578 ], [ 1.28649, 45.59681 ], [ 1.28695, 45.59988 ], [ 1.28572, 45.60276 ], [ 1.28156, 45.60754 ], [ 1.28081, 45.61541 ], [ 1.28168, 45.61646 ], [ 1.28584, 45.61767 ], [ 1.28856, 45.62126 ], [ 1.29455, 45.62407 ], [ 1.29541, 45.63271 ], [ 1.29784, 45.63711 ], [ 1.29634, 45.63912 ], [ 1.29682, 45.64152 ], [ 1.29084, 45.64775 ], [ 1.29328, 45.65168 ], [ 1.29588, 45.65323 ], [ 1.29409, 45.6564 ], [ 1.297, 45.66031 ], [ 1.29674, 45.66421 ], [ 1.29926, 45.66575 ], [ 1.29783, 45.66943 ], [ 1.30026, 45.67016 ], [ 1.30092, 45.67238 ], [ 1.29961, 45.67368 ], [ 1.29967, 45.67625 ], [ 1.30302, 45.67729 ], [ 1.30461, 45.67916 ], [ 1.3047, 45.68206 ], [ 1.30376, 45.68229 ], [ 1.30593, 45.6853 ], [ 1.30587, 45.68995 ], [ 1.31241, 45.69372 ], [ 1.3132, 45.69506 ], [ 1.31205, 45.69672 ], [ 1.31339, 45.69751 ], [ 1.31183, 45.69943 ], [ 1.31167, 45.70228 ], [ 1.31542, 45.70522 ], [ 1.31511, 45.70729 ], [ 1.31693, 45.70841 ], [ 1.31439, 45.70966 ], [ 1.3152, 45.71069 ], [ 1.31454, 45.71418 ], [ 1.31096, 45.71612 ], [ 1.30959, 45.71817 ], [ 1.31067, 45.72036 ], [ 1.31295, 45.7205 ], [ 1.3104, 45.72228 ], [ 1.31153, 45.72375 ], [ 1.30805, 45.72555 ], [ 1.30828, 45.73252 ], [ 1.31117, 45.73352 ], [ 1.31239, 45.7372 ] ] } },
{ "type": "Feature", "properties": { "name": null, "weight_class": 1, "permanent": true, "length_km": 2.8 }, "geometry": { "type": "LineString", "coordinates": [ [ 1.26609, 45.73014 ], [ 1.2704, 45.73416 ], [ 1.28406, 45.74084 ], [ 1.28873, 45.74734 ] ] } },
{ "type": "Feature", "properties": { "name": "le Miniéras", "weight_class": 1, "permanent": true, "length_km": 4.6 }, "geometry": { "type": "LineString", "coordinates": [ [ 1.27274, 45.71672 ], [ 1.27478, 45.71519 ], [ 1.28117, 45.71396 ], [ 1.28434, 45.71187 ], [ 1.28495, 45.7093 ], [ 1.29589, 45.70402 ], [ 1.30129, 45.69602 ], [ 1.30521, 45.69447 ], [ 1.30883, 45.69521 ], [ 1.31159, 45.69373 ] ] } },
{ "type": "Feature", "properties": { "name": null, "weight_class": 1, "permanent": true, "length_km": 2.6 }, "geometry": { "type": "LineString", "coordinates": [ [ 1.23539, 45.7172 ], [ 1.23366, 45.71484 ], [ 1.23042, 45.71384 ], [ 1.22597, 45.70938 ], [ 1.2098, 45.70855 ] ] } },
{ "type": "Feature", "properties": { "name": "Ruisseau de la Ganne", "weight_class": 1, "permanent": false, "length_km": 3.7 }, "geometry": { "type": "LineString", "coordinates": [ [ 1.25241, 45.71891 ], [ 1.25726, 45.7171 ], [ 1.26049, 45.71111 ], [ 1.26633, 45.70814 ], [ 1.27283, 45.70713 ], [ 1.27554, 45.70816 ], [ 1.2815, 45.70781 ], [ 1.28415, 45.70865 ], [ 1.28804, 45.70768 ] ] } },
{ "type": "Feature", "properties": { "name": null, "weight_class": 1, "permanent": false, "length_km": 2.1 }, "geometry": { "type": "LineString", "coordinates": [ [ 1.37482, 45.67467 ], [ 1.37599, 45.67545 ], [ 1.37594, 45.67796 ], [ 1.37816, 45.68283 ], [ 1.37822, 45.68642 ], [ 1.37569, 45.68898 ], [ 1.37846, 45.69074 ] ] } },
{ "type": "Feature", "properties": { "name": "le Blanzou", "weight_class": 1, "permanent": true, "length_km": 15.7 }, "geometry": { "type": "LineString", "coordinates": [ [ 1.44049, 45.61288 ], [ 1.4459, 45.613 ], [ 1.44991, 45.61572 ], [ 1.45065, 45.6184 ], [ 1.45011, 45.62027 ], [ 1.44655, 45.62297 ], [ 1.44295, 45.63165 ], [ 1.43941, 45.63545 ], [ 1.43834, 45.64294 ], [ 1.43507, 45.64866 ], [ 1.43527, 45.65191 ], [ 1.43252, 45.6555 ], [ 1.43134, 45.65555 ], [ 1.42724, 45.66045 ], [ 1.42249, 45.66275 ], [ 1.4168, 45.66874 ], [ 1.41119, 45.67164 ], [ 1.40717, 45.67116 ], [ 1.40589, 45.67322 ], [ 1.40285, 45.67384 ], [ 1.39999, 45.67946 ], [ 1.39558, 45.68139 ], [ 1.39567, 45.68432 ], [ 1.39216, 45.68419 ], [ 1.38482, 45.68707 ], [ 1.38213, 45.6893 ], [ 1.37894, 45.68952 ], [ 1.37766, 45.6919 ], [ 1.37337, 45.69308 ], [ 1.3717, 45.69537 ], [ 1.36897, 45.69509 ], [ 1.36762, 45.69722 ], [ 1.36613, 45.69621 ], [ 1.36217, 45.69596 ], [ 1.35694, 45.69803 ] ] } },
{ "type": "Feature", "properties": { "name": "la Goutte", "weight_class": 1, "permanent": true, "length_km": 3.1 }, "geometry": { "type": "LineString", "coordinates": [ [ 1.33133, 45.6738 ], [ 1.33173, 45.67588 ], [ 1.32741, 45.68006 ], [ 1.32353, 45.6823 ], [ 1.31913, 45.68337 ], [ 1.31565, 45.68741 ], [ 1.30978, 45.68812 ], [ 1.30906, 45.68904 ], [ 1.30992, 45.69037 ], [ 1.30869, 45.69126 ] ] } },
{ "type": "Feature", "properties": { "name": "Ruisseau des Plagnes", "weight_class": 1, "permanent": true, "length_km": 3.0 }, "geometry": { "type": "LineString", "coordinates": [ [ 1.27069, 45.69975 ], [ 1.28157, 45.69913 ], [ 1.2857, 45.69701 ], [ 1.29029, 45.6966 ], [ 1.29723, 45.69447 ], [ 1.30521, 45.69447 ] ] } },
{ "type": "Feature", "properties": { "name": null, "weight_class": 1, "permanent": false, "length_km": 2.2 }, "geometry": { "type": "LineString", "coordinates": [ [ 1.23825, 45.68621 ], [ 1.25353, 45.68724 ], [ 1.25995, 45.69034 ], [ 1.26304, 45.69062 ] ] } },
{ "type": "Feature", "properties": { "name": "Ruisseau de Chabrat", "weight_class": 1, "permanent": true, "length_km": 7.6 }, "geometry": { "type": "LineString", "coordinates": [ [ 1.23646, 45.70764 ], [ 1.24402, 45.70618 ], [ 1.2472, 45.7041 ], [ 1.24809, 45.70156 ], [ 1.25239, 45.70082 ], [ 1.26043, 45.69676 ], [ 1.26167, 45.69222 ], [ 1.26543, 45.68981 ], [ 1.26612, 45.68753 ], [ 1.26945, 45.68535 ], [ 1.27788, 45.68364 ], [ 1.28174, 45.68017 ], [ 1.28694, 45.68021 ], [ 1.28831, 45.67927 ], [ 1.29279, 45.68062 ], [ 1.29588, 45.67882 ], [ 1.29933, 45.68066 ], [ 1.30431, 45.68077 ] ] } },
{ "type": "Feature", "properties": { "name": "Ruisseau de la Jaussonie", "weight_class": 1, "permanent": true, "length_km": 6.5 }, "geometry": { "type": "LineString", "coordinates": [ [ 1.23584, 45.67971 ], [ 1.24227, 45.68134 ], [ 1.24662, 45.68124 ], [ 1.25193, 45.67948 ], [ 1.25606, 45.67662 ], [ 1.26623, 45.67314 ], [ 1.26859, 45.6717 ], [ 1.27019, 45.66901 ], [ 1.27346, 45.67012 ], [ 1.27582, 45.67214 ], [ 1.27954, 45.67225 ], [ 1.28186, 45.67377 ], [ 1.28769, 45.67252 ], [ 1.29168, 45.67287 ], [ 1.29393, 45.67562 ], [ 1.29566, 45.67507 ], [ 1.2996, 45.67595 ] ] } },
{ "type": "Feature", "properties": { "name": "Ruisseau de Champarnaud", "weight_class": 1, "permanent": true, "length_km": 3.6 }, "geometry": { "type": "LineString", "coordinates": [ [ 1.39428, 45.65244 ], [ 1.38995, 45.65594 ], [ 1.38863, 45.6594 ], [ 1.39261, 45.6615 ], [ 1.3942, 45.66384 ], [ 1.39299, 45.66837 ], [ 1.39545, 45.6716 ], [ 1.39795, 45.68033 ] ] } },
{ "type": "Feature", "properties": { "name": null, "weight_class": 1, "permanent": false, "length_km": 3.3 }, "geometry": { "type": "LineString", "coordinates": [ [ 1.33263, 45.65659 ], [ 1.34572, 45.65826 ], [ 1.35057, 45.66789 ], [ 1.35379, 45.66974 ], [ 1.35373, 45.67156 ], [ 1.35888, 45.67348 ] ] } },
{ "type": "Feature", "properties": { "name": null, "weight_class": 1, "permanent": false, "length_km": 2.4 }, "geometry": { "type": "LineString", "coordinates": [ [ 1.37752, 45.67283 ], [ 1.37512, 45.66737 ], [ 1.37582, 45.66541 ], [ 1.37377, 45.66397 ], [ 1.36306, 45.66378 ], [ 1.36134, 45.66613 ] ] } },
{ "type": "Feature", "properties": { "name": "Ruisseau de la Breuilh", "weight_class": 1, "permanent": true, "length_km": 19.4 }, "geometry": { "type": "LineString", "coordinates": [ [ 1.31347, 45.58041 ], [ 1.32089, 45.58198 ], [ 1.32529, 45.58448 ], [ 1.32803, 45.58729 ], [ 1.32907, 45.59275 ], [ 1.33107, 45.59497 ], [ 1.33095, 45.59777 ], [ 1.33367, 45.59941 ], [ 1.33547, 45.60206 ], [ 1.33945, 45.60281 ], [ 1.3453, 45.60577 ], [ 1.34831, 45.60521 ], [ 1.35014, 45.60696 ], [ 1.34984, 45.60947 ], [ 1.3521, 45.61194 ], [ 1.35596, 45.61359 ], [ 1.35756, 45.6158 ], [ 1.35928, 45.61544 ], [ 1.36446, 45.62 ], [ 1.36853, 45.62145 ], [ 1.36719, 45.62465 ], [ 1.36385, 45.62628 ], [ 1.36141, 45.62602 ], [ 1.36057, 45.62814 ], [ 1.36212, 45.63223 ], [ 1.36571, 45.63247 ], [ 1.36781, 45.6349 ], [ 1.36439, 45.63829 ], [ 1.36763, 45.64194 ], [ 1.36718, 45.64427 ], [ 1.36287, 45.64789 ], [ 1.36292, 45.65021 ], [ 1.35664, 45.65342 ], [ 1.35737, 45.65564 ], [ 1.35976, 45.65646 ], [ 1.3591, 45.65711 ], [ 1.36023, 45.65856 ], [ 1.3589, 45.66115 ], [ 1.36083, 45.66296 ], [ 1.35935, 45.66475 ], [ 1.36228, 45.6667 ], [ 1.36101, 45.66841 ], [ 1.36116, 45.67169 ], [ 1.35706, 45.6749 ], [ 1.35637, 45.67847 ], [ 1.36061, 45.68379 ], [ 1.35892, 45.68647 ], [ 1.35991, 45.68859 ], [ 1.35768, 45.69032 ], [ 1.35608, 45.6935 ], [ 1.35282, 45.69555 ], [ 1.35081, 45.69577 ], [ 1.35039, 45.69692 ] ] } },
{ "type": "Feature", "properties": { "name": null, "weight_class": 1, "permanent": true, "length_km": 2.5 }, "geometry": { "type": "LineString", "coordinates": [ [ 1.34254, 45.6762 ], [ 1.34408, 45.6859 ], [ 1.34332, 45.69334 ], [ 1.34587, 45.6974 ] ] } },
{ "type": "Feature", "properties": { "name": null, "weight_class": 1, "permanent": false, "length_km": 2.8 }, "geometry": { "type": "LineString", "coordinates": [ [ 1.31814, 45.65856 ], [ 1.31602, 45.65892 ], [ 1.31409, 45.66075 ], [ 1.31545, 45.66538 ], [ 1.31381, 45.66703 ], [ 1.31265, 45.67172 ], [ 1.30805, 45.67409 ], [ 1.30757, 45.67585 ], [ 1.30424, 45.6785 ] ] } },
{ "type": "Feature", "properties": { "name": "le Boucheron", "weight_class": 1, "permanent": true, "length_km": 3.6 }, "geometry": { "type": "LineString", "coordinates": [ [ 1.23331, 45.64567 ], [ 1.23392, 45.64693 ], [ 1.24247, 45.6525 ], [ 1.24972, 45.66121 ], [ 1.25172, 45.66178 ], [ 1.25361, 45.66107 ], [ 1.25497, 45.6627 ], [ 1.25988, 45.66223 ], [ 1.26318, 45.66426 ] ] } },
{ "type": "Feature", "properties": { "name": "l'Auzette", "weight_class": 1, "permanent": true, "length_km": 11.2 }, "geometry": { "type": "LineString", "coordinates": [ [ 1.37869, 45.83636 ], [ 1.3766, 45.83697 ], [ 1.36928, 45.83532 ], [ 1.36006, 45.83686 ], [ 1.35708, 45.8358 ], [ 1.35317, 45.83813 ], [ 1.35115, 45.83719 ], [ 1.34477, 45.83766 ], [ 1.34162, 45.83561 ], [ 1.33603, 45.83642 ], [ 1.33158, 45.83571 ], [ 1.32655, 45.83227 ], [ 1.32475, 45.82715 ], [ 1.32196, 45.82615 ], [ 1.31381, 45.82568 ], [ 1.30922, 45.8223 ], [ 1.30573, 45.82249 ], [ 1.3042, 45.82121 ], [ 1.29972, 45.82194 ], [ 1.29612, 45.82152 ], [ 1.29463, 45.82225 ], [ 1.29341, 45.82081 ], [ 1.28924, 45.82024 ], [ 1.27826, 45.82287 ], [ 1.2753, 45.82267 ], [ 1.27302, 45.82402 ], [ 1.27057, 45.82331 ], [ 1.26896, 45.82417 ] ] } },
{ "type": "Feature", "properties": { "name": null, "weight_class": 1, "permanent": false, "length_km": 2.3 }, "geometry": { "type": "LineString", "coordinates": [ [ 1.30355, 45.78628 ], [ 1.30411, 45.7885 ], [ 1.30126, 45.7904 ], [ 1.2995, 45.79496 ], [ 1.29548, 45.79747 ], [ 1.29495, 45.80004 ], [ 1.29123, 45.80307 ] ] } },
{ "type": "Feature", "properties": { "name": "la Valoine", "weight_class": 2, "permanent": true, "length_km": 21.4 }, "geometry": { "type": "LineString", "coordinates": [ [ 1.42701, 45.79884 ], [ 1.42005, 45.79904 ], [ 1.4118, 45.80088 ], [ 1.40902, 45.80032 ], [ 1.40688, 45.80316 ], [ 1.3988, 45.80427 ], [ 1.39804, 45.80727 ], [ 1.39507, 45.80914 ], [ 1.39069, 45.80939 ], [ 1.38889, 45.81212 ], [ 1.38374, 45.81163 ], [ 1.3797, 45.81321 ], [ 1.3755, 45.81251 ], [ 1.37338, 45.81298 ], [ 1.37315, 45.81383 ], [ 1.36914, 45.81198 ], [ 1.3588, 45.80937 ], [ 1.35801, 45.80652 ], [ 1.35011, 45.80398 ], [ 1.34642, 45.79957 ], [ 1.34172, 45.80204 ], [ 1.33735, 45.80097 ], [ 1.33508, 45.80129 ], [ 1.33156, 45.80223 ], [ 1.33102, 45.80367 ], [ 1.32676, 45.80178 ], [ 1.32183, 45.80277 ], [ 1.32001, 45.80574 ], [ 1.3221, 45.80657 ], [ 1.31554, 45.81182 ], [ 1.3119, 45.80908 ], [ 1.30595, 45.80929 ], [ 1.2995, 45.80671 ], [ 1.29425, 45.80293 ], [ 1.28666, 45.80412 ], [ 1.28435, 45.80326 ], [ 1.28017, 45.80326 ], [ 1.27373, 45.80109 ], [ 1.27146, 45.80215 ], [ 1.26926, 45.80089 ], [ 1.2668, 45.80643 ], [ 1.2607, 45.80801 ], [ 1.25969, 45.80629 ], [ 1.25636, 45.80583 ], [ 1.25468, 45.80772 ], [ 1.25124, 45.80806 ], [ 1.25141, 45.81214 ], [ 1.24988, 45.81152 ], [ 1.24666, 45.81285 ] ] } },
{ "type": "Feature", "properties": { "name": null, "weight_class": 1, "permanent": true, "length_km": 5.6 }, "geometry": { "type": "LineString", "coordinates": [ [ 1.34897, 45.77507 ], [ 1.35062, 45.7729 ], [ 1.34971, 45.76698 ], [ 1.34749, 45.76428 ], [ 1.34777, 45.76163 ], [ 1.34468, 45.76101 ], [ 1.34707, 45.75588 ], [ 1.34685, 45.75087 ], [ 1.34239, 45.7467 ], [ 1.34404, 45.74468 ], [ 1.34306, 45.74245 ], [ 1.34477, 45.74142 ], [ 1.34365, 45.74048 ], [ 1.34513, 45.73768 ], [ 1.3439, 45.73532 ] ] } },
{ "type": "Feature", "properties": { "name": null, "weight_class": 1, "permanent": true, "length_km": 2.8 }, "geometry": { "type": "LineString", "coordinates": [ [ 1.38244, 45.79091 ], [ 1.37621, 45.78943 ], [ 1.36984, 45.79283 ], [ 1.36475, 45.79399 ], [ 1.36281, 45.79329 ], [ 1.35755, 45.79456 ], [ 1.35252, 45.79387 ] ] } },
{ "type": "Feature", "properties": { "name": null, "weight_class": 1, "permanent": false, "length_km": 2.3 }, "geometry": { "type": "LineString", "coordinates": [ [ 1.27585, 45.77091 ], [ 1.26749, 45.76684 ], [ 1.26303, 45.76107 ], [ 1.26074, 45.75979 ], [ 1.26078, 45.75581 ] ] } },
{ "type": "Feature", "properties": { "name": null, "weight_class": 1, "permanent": true, "length_km": 2.2 }, "geometry": { "type": "LineString", "coordinates": [ [ 1.28435, 45.77003 ], [ 1.27933, 45.76295 ], [ 1.27649, 45.75175 ] ] } },
{ "type": "Feature", "properties": { "name": null, "weight_class": 1, "permanent": false, "length_km": 2.3 }, "geometry": { "type": "LineString", "coordinates": [ [ 1.24519, 45.78204 ], [ 1.24176, 45.77872 ], [ 1.23775, 45.77698 ], [ 1.23527, 45.77244 ], [ 1.22926, 45.76948 ], [ 1.22796, 45.76763 ] ] } },
{ "type": "Feature", "properties": { "name": "Ruisseau de Trein", "weight_class": 1, "permanent": true, "length_km": 4.1 }, "geometry": { "type": "LineString", "coordinates": [ [ 1.0652, 45.8122 ], [ 1.06846, 45.81426 ], [ 1.0708, 45.81919 ], [ 1.07, 45.82266 ], [ 1.07147, 45.82771 ], [ 1.07515, 45.82981 ], [ 1.08031, 45.83497 ], [ 1.08369, 45.84368 ] ] } },
{ "type": "Feature", "properties": { "name": "le Petit Rieu", "weight_class": 1, "permanent": false, "length_km": 2.5 }, "geometry": { "type": "LineString", "coordinates": [ [ 1.05713, 45.77972 ], [ 1.06119, 45.78124 ], [ 1.06368, 45.78594 ], [ 1.06677, 45.78772 ], [ 1.07172, 45.78687 ], [ 1.07978, 45.78958 ] ] } },
{ "type": "Feature", "properties": { "name": "Ruisseau de la Forge", "weight_class": 1, "permanent": true, "length_km": 4.0 }, "geometry": { "type": "LineString", "coordinates": [ [ 1.10704, 45.69866 ], [ 1.10698, 45.6997 ], [ 1.1152, 45.70556 ], [ 1.11567, 45.70848 ], [ 1.11255, 45.71093 ], [ 1.11218, 45.71447 ], [ 1.115, 45.71622 ], [ 1.11825, 45.72057 ], [ 1.121, 45.72092 ], [ 1.12275, 45.72498 ], [ 1.1221, 45.72616 ] ] } },
{ "type": "Feature", "properties": { "name": "Grand Rieux", "weight_class": 1, "permanent": true, "length_km": 13.6 }, "geometry": { "type": "LineString", "coordinates": [ [ 1.0402, 45.78262 ], [ 1.03762, 45.78049 ], [ 1.03872, 45.77645 ], [ 1.04164, 45.77477 ], [ 1.04584, 45.77333 ], [ 1.05187, 45.77307 ], [ 1.05245, 45.77185 ], [ 1.05504, 45.77186 ], [ 1.05896, 45.76944 ], [ 1.06162, 45.76917 ], [ 1.0656, 45.76553 ], [ 1.06996, 45.76326 ], [ 1.07539, 45.76379 ], [ 1.0884, 45.75828 ], [ 1.09333, 45.75903 ], [ 1.10068, 45.76525 ], [ 1.10403, 45.76604 ], [ 1.10609, 45.77312 ], [ 1.11176, 45.77618 ], [ 1.11251, 45.7833 ], [ 1.11042, 45.78634 ], [ 1.11225, 45.79327 ], [ 1.11076, 45.79466 ], [ 1.1102, 45.7977 ], [ 1.10741, 45.79881 ], [ 1.10705, 45.80152 ], [ 1.11076, 45.80188 ], [ 1.11102, 45.80323 ], [ 1.11906, 45.80687 ] ] } },
{ "type": "Feature", "properties": { "name": "le Cramoulou", "weight_class": 1, "permanent": true, "length_km": 9.6 }, "geometry": { "type": "LineString", "coordinates": [ [ 1.19384, 45.71815 ], [ 1.18853, 45.71988 ], [ 1.18681, 45.72183 ], [ 1.18143, 45.72285 ], [ 1.17674, 45.72576 ], [ 1.17789, 45.72938 ], [ 1.17711, 45.73088 ], [ 1.18013, 45.73449 ], [ 1.17687, 45.74501 ], [ 1.18461, 45.75336 ], [ 1.18399, 45.75584 ], [ 1.1802, 45.75933 ], [ 1.18081, 45.76257 ], [ 1.18129, 45.76367 ], [ 1.18481, 45.7653 ], [ 1.18464, 45.76955 ], [ 1.18623, 45.77316 ], [ 1.1878, 45.77403 ], [ 1.18696, 45.77919 ], [ 1.18834, 45.78213 ], [ 1.19038, 45.78275 ] ] } },
{ "type": "Feature", "properties": { "name": null, "weight_class": 1, "permanent": false, "length_km": 2.0 }, "geometry": { "type": "LineString", "coordinates": [ [ 1.16415, 45.81885 ], [ 1.16172, 45.82267 ], [ 1.15387, 45.82377 ], [ 1.14709, 45.82678 ], [ 1.14471, 45.82676 ] ] } },
{ "type": "Feature", "properties": { "name": "l'Aixette", "weight_class": 3, "permanent": true, "length_km": 28.4 }, "geometry": { "type": "LineString", "coordinates": [ [ 1.10019, 45.64601 ], [ 1.10466, 45.65 ], [ 1.10686, 45.65017 ], [ 1.11524, 45.65422 ], [ 1.11839, 45.65671 ], [ 1.12365, 45.65779 ], [ 1.12969, 45.66409 ], [ 1.13955, 45.66887 ], [ 1.1393, 45.67045 ], [ 1.14536, 45.67571 ], [ 1.14608, 45.67846 ], [ 1.15018, 45.68056 ], [ 1.15114, 45.68018 ], [ 1.15373, 45.68231 ], [ 1.15194, 45.68751 ], [ 1.14936, 45.68907 ], [ 1.14726, 45.69249 ], [ 1.14246, 45.69343 ], [ 1.14443, 45.69695 ], [ 1.1438, 45.69769 ], [ 1.14228, 45.69807 ], [ 1.13773, 45.69657 ], [ 1.13589, 45.69834 ], [ 1.13982, 45.70198 ], [ 1.13864, 45.70515 ], [ 1.13698, 45.70579 ], [ 1.13809, 45.70698 ], [ 1.13733, 45.71048 ], [ 1.13959, 45.71232 ], [ 1.13958, 45.71436 ], [ 1.13779, 45.71528 ], [ 1.13777, 45.71776 ], [ 1.13618, 45.71794 ], [ 1.13539, 45.71977 ], [ 1.12774, 45.72103 ], [ 1.12516, 45.72509 ], [ 1.12049, 45.72682 ], [ 1.11924, 45.72866 ], [ 1.12121, 45.73293 ], [ 1.12054, 45.73386 ], [ 1.12228, 45.73442 ], [ 1.12347, 45.73634 ], [ 1.12128, 45.74006 ], [ 1.11866, 45.74112 ], [ 1.12179, 45.74215 ], [ 1.1218, 45.74625 ], [ 1.11983, 45.7483 ], [ 1.12077, 45.75154 ], [ 1.12272, 45.75258 ], [ 1.12165, 45.75369 ], [ 1.11926, 45.754 ], [ 1.1213, 45.7552 ], [ 1.12108, 45.75662 ], [ 1.1189, 45.75575 ], [ 1.11588, 45.75745 ], [ 1.11662, 45.75905 ], [ 1.1224, 45.75913 ], [ 1.12284, 45.76061 ], [ 1.12061, 45.76324 ], [ 1.12649, 45.76336 ], [ 1.12628, 45.76446 ], [ 1.12847, 45.76596 ], [ 1.12795, 45.76766 ], [ 1.13168, 45.76605 ], [ 1.13322, 45.76653 ], [ 1.13242, 45.76777 ], [ 1.13443, 45.76854 ], [ 1.13331, 45.77026 ], [ 1.13459, 45.77184 ], [ 1.12935, 45.77268 ], [ 1.13351, 45.77552 ], [ 1.13238, 45.77651 ], [ 1.13429, 45.77749 ], [ 1.13301, 45.78069 ], [ 1.1355, 45.78205 ], [ 1.13577, 45.78475 ], [ 1.13319, 45.78867 ], [ 1.14032, 45.78975 ], [ 1.14179, 45.7907 ], [ 1.13805, 45.79482 ], [ 1.1427, 45.79744 ] ] } },
{ "type": "Feature", "properties": { "name": null, "weight_class": 1, "permanent": true, "length_km": 2.3 }, "geometry": { "type": "LineString", "coordinates": [ [ 1.09523, 45.81817 ], [ 1.09668, 45.81427 ], [ 1.10507, 45.80894 ], [ 1.11551, 45.8111 ] ] } },
{ "type": "Feature", "properties": { "name": "la Baisse", "weight_class": 1, "permanent": true, "length_km": 6.3 }, "geometry": { "type": "LineString", "coordinates": [ [ 1.05853, 45.80966 ], [ 1.0605, 45.80439 ], [ 1.06706, 45.79488 ], [ 1.07224, 45.79353 ], [ 1.07468, 45.7914 ], [ 1.07978, 45.78958 ], [ 1.08433, 45.78908 ], [ 1.08707, 45.78997 ], [ 1.08881, 45.79239 ], [ 1.10706, 45.80053 ] ] } },
{ "type": "Feature", "properties": { "name": null, "weight_class": 1, "permanent": false, "length_km": 2.9 }, "geometry": { "type": "LineString", "coordinates": [ [ 1.08012, 45.81563 ], [ 1.08335, 45.81312 ], [ 1.08562, 45.80889 ], [ 1.08899, 45.80664 ], [ 1.09271, 45.80004 ], [ 1.09988, 45.79769 ] ] } },
{ "type": "Feature", "properties": { "name": "les Chapelles d'Abjat", "weight_class": 1, "permanent": true, "length_km": 4.2 }, "geometry": { "type": "LineString", "coordinates": [ [ 1.23273, 45.66473 ], [ 1.23854, 45.66715 ], [ 1.24086, 45.666 ], [ 1.24667, 45.66722 ], [ 1.25003, 45.66477 ], [ 1.25293, 45.66648 ], [ 1.25766, 45.66656 ], [ 1.26216, 45.66539 ], [ 1.26359, 45.66415 ], [ 1.2685, 45.66529 ], [ 1.27216, 45.66942 ] ] } },
{ "type": "Feature", "properties": { "name": "Ruisseau du Breuil", "weight_class": 1, "permanent": true, "length_km": 2.3 }, "geometry": { "type": "LineString", "coordinates": [ [ 1.14213, 45.75302 ], [ 1.14039, 45.7602 ], [ 1.1424, 45.76375 ], [ 1.14117, 45.7666 ], [ 1.13816, 45.76812 ], [ 1.13443, 45.76854 ] ] } },
{ "type": "Feature", "properties": { "name": "l'Arthonnet", "weight_class": 2, "permanent": true, "length_km": 19.7 }, "geometry": { "type": "LineString", "coordinates": [ [ 1.04361, 45.63795 ], [ 1.04723, 45.63819 ], [ 1.04898, 45.64107 ], [ 1.05425, 45.64414 ], [ 1.05376, 45.65346 ], [ 1.05863, 45.66654 ], [ 1.05944, 45.66724 ], [ 1.06364, 45.66715 ], [ 1.06525, 45.67277 ], [ 1.07014, 45.67508 ], [ 1.06953, 45.67772 ], [ 1.07077, 45.6782 ], [ 1.07075, 45.67978 ], [ 1.06977, 45.68205 ], [ 1.07243, 45.68413 ], [ 1.0706, 45.68607 ], [ 1.07103, 45.68788 ], [ 1.06927, 45.69245 ], [ 1.06761, 45.69389 ], [ 1.06865, 45.69586 ], [ 1.06747, 45.69797 ], [ 1.06614, 45.69949 ], [ 1.06328, 45.70024 ], [ 1.06032, 45.70353 ], [ 1.06287, 45.70541 ], [ 1.06225, 45.70911 ], [ 1.06451, 45.71401 ], [ 1.06388, 45.71828 ], [ 1.06648, 45.72132 ], [ 1.07098, 45.72279 ], [ 1.07101, 45.72468 ], [ 1.07525, 45.72595 ], [ 1.07533, 45.72998 ], [ 1.0791, 45.73097 ], [ 1.08114, 45.73311 ], [ 1.08384, 45.73414 ], [ 1.0839, 45.73517 ], [ 1.08532, 45.73525 ], [ 1.08591, 45.73884 ], [ 1.09048, 45.73877 ], [ 1.0961, 45.74215 ], [ 1.09871, 45.74145 ], [ 1.10092, 45.74194 ], [ 1.10211, 45.74507 ], [ 1.1046, 45.74581 ], [ 1.10331, 45.74795 ], [ 1.10481, 45.74914 ], [ 1.10459, 45.75058 ], [ 1.10822, 45.75125 ], [ 1.10851, 45.75422 ], [ 1.11177, 45.75545 ], [ 1.11288, 45.75782 ], [ 1.11662, 45.75905 ] ] } },
{ "type": "Feature", "properties": { "name": null, "weight_class": 1, "permanent": false, "length_km": 3.2 }, "geometry": { "type": "LineString", "coordinates": [ [ 1.1941, 45.69975 ], [ 1.19373, 45.70169 ], [ 1.18852, 45.705 ], [ 1.17799, 45.70915 ], [ 1.17238, 45.70988 ], [ 1.16217, 45.70743 ] ] } },
{ "type": "Feature", "properties": { "name": "la Vanette", "weight_class": 1, "permanent": true, "length_km": 10.8 }, "geometry": { "type": "LineString", "coordinates": [ [ 1.20386, 45.66145 ], [ 1.20491, 45.66269 ], [ 1.20233, 45.66623 ], [ 1.20116, 45.67123 ], [ 1.19895, 45.67315 ], [ 1.19569, 45.68337 ], [ 1.19218, 45.68451 ], [ 1.18756, 45.68349 ], [ 1.17506, 45.68799 ], [ 1.16928, 45.69318 ], [ 1.16815, 45.69813 ], [ 1.16457, 45.6995 ], [ 1.16575, 45.70235 ], [ 1.16278, 45.7049 ], [ 1.16255, 45.70721 ], [ 1.15996, 45.70893 ], [ 1.15814, 45.70847 ], [ 1.15439, 45.70953 ], [ 1.1549, 45.71118 ], [ 1.15267, 45.71407 ], [ 1.14833, 45.71609 ], [ 1.14743, 45.71818 ], [ 1.14247, 45.71921 ], [ 1.14151, 45.72068 ], [ 1.13616, 45.71932 ] ] } },
{ "type": "Feature", "properties": { "name": "le Brouillet", "weight_class": 1, "permanent": true, "length_km": 2.6 }, "geometry": { "type": "LineString", "coordinates": [ [ 1.09685, 45.69748 ], [ 1.09759, 45.70074 ], [ 1.09612, 45.7039 ], [ 1.0987, 45.7076 ], [ 1.11252, 45.71259 ] ] } },
{ "type": "Feature", "properties": { "name": null, "weight_class": 1, "permanent": false, "length_km": 4.4 }, "geometry": { "type": "LineString", "coordinates": [ [ 1.08514, 45.70727 ], [ 1.08788, 45.70947 ], [ 1.08858, 45.7134 ], [ 1.09091, 45.71562 ], [ 1.09438, 45.72774 ], [ 1.09662, 45.72886 ], [ 1.09758, 45.73126 ], [ 1.09685, 45.73566 ], [ 1.10019, 45.74157 ] ] } },
{ "type": "Feature", "properties": { "name": null, "weight_class": 1, "permanent": true, "length_km": 3.4 }, "geometry": { "type": "LineString", "coordinates": [ [ 1.10072, 45.69574 ], [ 1.10843, 45.69397 ], [ 1.11492, 45.69132 ], [ 1.12248, 45.69329 ], [ 1.12582, 45.69302 ], [ 1.12946, 45.6953 ], [ 1.13059, 45.69716 ], [ 1.134, 45.6965 ], [ 1.13592, 45.69849 ] ] } },
{ "type": "Feature", "properties": { "name": "Ruisseau de Bosmarèche", "weight_class": 1, "permanent": true, "length_km": 7.6 }, "geometry": { "type": "LineString", "coordinates": [ [ 1.09048, 45.66045 ], [ 1.08544, 45.66611 ], [ 1.08489, 45.66865 ], [ 1.08641, 45.67134 ], [ 1.09519, 45.67459 ], [ 1.09858, 45.67851 ], [ 1.10337, 45.68077 ], [ 1.10941, 45.68035 ], [ 1.11208, 45.67911 ], [ 1.1212, 45.67948 ], [ 1.12429, 45.68166 ], [ 1.12641, 45.68612 ], [ 1.12951, 45.68757 ], [ 1.13284, 45.68772 ], [ 1.1339, 45.69008 ], [ 1.13857, 45.69018 ], [ 1.14117, 45.69333 ], [ 1.14245, 45.69349 ] ] } },
{ "type": "Feature", "properties": { "name": null, "weight_class": 1, "permanent": false, "length_km": 2.1 }, "geometry": { "type": "LineString", "coordinates": [ [ 1.17779, 45.66953 ], [ 1.17661, 45.67476 ], [ 1.18046, 45.67937 ], [ 1.1795, 45.68364 ], [ 1.18245, 45.68548 ] ] } },
{ "type": "Feature", "properties": { "name": null, "weight_class": 1, "permanent": true, "length_km": 2.7 }, "geometry": { "type": "LineString", "coordinates": [ [ 1.15797, 45.65875 ], [ 1.15944, 45.65985 ], [ 1.15868, 45.66117 ], [ 1.15111, 45.66858 ], [ 1.14909, 45.6796 ] ] } },
{ "type": "Feature", "properties": { "name": null, "weight_class": 1, "permanent": false, "length_km": 3.6 }, "geometry": { "type": "LineString", "coordinates": [ [ 1.12579, 45.64589 ], [ 1.12818, 45.64621 ], [ 1.1328, 45.64963 ], [ 1.13923, 45.65083 ], [ 1.14082, 45.65235 ], [ 1.1421, 45.65691 ], [ 1.13696, 45.66408 ], [ 1.13955, 45.66887 ] ] } },
{ "type": "Feature", "properties": { "name": "la Gane", "weight_class": 1, "permanent": false, "length_km": 2.1 }, "geometry": { "type": "LineString", "coordinates": [ [ 1.07497, 45.65705 ], [ 1.07771, 45.65986 ], [ 1.07674, 45.66331 ], [ 1.07134, 45.66635 ], [ 1.06515, 45.6677 ], [ 1.06444, 45.66913 ] ] } },
{ "type": "Feature", "properties": { "name": null, "weight_class": 1, "permanent": true, "length_km": 3.0 }, "geometry": { "type": "LineString", "coordinates": [ [ 1.09618, 45.65962 ], [ 1.10046, 45.66189 ], [ 1.10964, 45.66214 ], [ 1.11844, 45.6662 ], [ 1.1237, 45.66671 ], [ 1.12955, 45.66397 ] ] } },
{ "type": "Feature", "properties": { "name": "la Briance", "weight_class": 3, "permanent": true, "length_km": 59.7 }, "geometry": { "type": "LineString", "coordinates": [ [ 1.62724, 45.63234 ], [ 1.61775, 45.62755 ], [ 1.61772, 45.62493 ], [ 1.61484, 45.62183 ], [ 1.61413, 45.61707 ], [ 1.61534, 45.61516 ], [ 1.61414, 45.61393 ], [ 1.61074, 45.61313 ], [ 1.61182, 45.61008 ], [ 1.60986, 45.60971 ], [ 1.60808, 45.60768 ], [ 1.60278, 45.6086 ], [ 1.59947, 45.60643 ], [ 1.59588, 45.60999 ], [ 1.59434, 45.60934 ], [ 1.5918, 45.61029 ], [ 1.58905, 45.61322 ], [ 1.58283, 45.61608 ], [ 1.58137, 45.61625 ], [ 1.57865, 45.61424 ], [ 1.57685, 45.61498 ], [ 1.57074, 45.61501 ], [ 1.56992, 45.61595 ], [ 1.56803, 45.61581 ], [ 1.566, 45.61831 ], [ 1.56426, 45.61774 ], [ 1.56281, 45.61556 ], [ 1.55948, 45.61566 ], [ 1.55629, 45.61412 ], [ 1.55477, 45.61792 ], [ 1.54992, 45.61929 ], [ 1.54069, 45.62532 ], [ 1.53842, 45.6295 ], [ 1.53085, 45.63324 ], [ 1.5303, 45.63653 ], [ 1.52808, 45.63818 ], [ 1.52415, 45.63873 ], [ 1.51814, 45.64458 ], [ 1.51844, 45.64606 ], [ 1.51665, 45.64876 ], [ 1.51488, 45.64946 ], [ 1.51429, 45.65263 ], [ 1.51089, 45.65436 ], [ 1.51079, 45.65568 ], [ 1.51269, 45.65703 ], [ 1.51295, 45.66136 ], [ 1.50954, 45.6629 ], [ 1.51012, 45.66463 ], [ 1.50697, 45.66695 ], [ 1.50901, 45.66914 ], [ 1.5071, 45.67116 ], [ 1.50207, 45.67129 ], [ 1.50206, 45.67347 ], [ 1.49565, 45.67404 ], [ 1.49285, 45.67201 ], [ 1.49312, 45.67067 ], [ 1.48852, 45.67058 ], [ 1.48077, 45.67562 ], [ 1.48109, 45.67779 ], [ 1.47834, 45.67806 ], [ 1.47742, 45.67929 ], [ 1.47439, 45.67896 ], [ 1.47286, 45.6814 ], [ 1.47082, 45.67932 ], [ 1.46869, 45.68054 ], [ 1.46666, 45.67836 ], [ 1.46437, 45.67901 ], [ 1.4634, 45.68112 ], [ 1.4622, 45.68042 ], [ 1.45993, 45.6807 ], [ 1.4585, 45.67965 ], [ 1.45723, 45.68159 ], [ 1.45495, 45.68092 ], [ 1.45209, 45.67812 ], [ 1.44826, 45.67954 ], [ 1.44271, 45.67864 ], [ 1.44043, 45.67977 ], [ 1.43926, 45.67674 ], [ 1.43673, 45.67521 ], [ 1.43444, 45.67431 ], [ 1.4325, 45.6746 ], [ 1.43011, 45.67297 ], [ 1.42783, 45.67319 ], [ 1.42484, 45.67895 ], [ 1.42243, 45.67917 ], [ 1.41473, 45.68334 ], [ 1.41248, 45.68298 ], [ 1.40611, 45.6859 ], [ 1.40288, 45.68583 ], [ 1.40112, 45.68711 ], [ 1.40273, 45.68921 ], [ 1.4018, 45.69054 ], [ 1.39433, 45.69016 ], [ 1.39343, 45.69172 ], [ 1.39547, 45.69272 ], [ 1.39525, 45.69408 ], [ 1.39278, 45.69455 ], [ 1.38906, 45.69202 ], [ 1.3869, 45.69208 ], [ 1.38509, 45.6957 ], [ 1.38686, 45.6964 ], [ 1.38782, 45.69832 ], [ 1.38482, 45.69921 ], [ 1.37906, 45.69868 ], [ 1.37849, 45.70227 ], [ 1.37543, 45.70151 ], [ 1.37455, 45.70356 ], [ 1.37166, 45.7025 ], [ 1.36799, 45.70314 ], [ 1.36506, 45.70064 ], [ 1.35915, 45.70318 ], [ 1.35956, 45.70055 ], [ 1.35498, 45.69629 ], [ 1.34642, 45.69706 ], [ 1.34515, 45.69814 ], [ 1.33829, 45.69888 ], [ 1.33546, 45.70283 ], [ 1.3302, 45.70547 ], [ 1.32944, 45.70865 ], [ 1.32686, 45.71089 ], [ 1.32618, 45.71382 ], [ 1.32765, 45.7157 ], [ 1.32757, 45.71786 ], [ 1.32591, 45.71932 ], [ 1.32385, 45.72598 ], [ 1.32474, 45.72792 ], [ 1.32045, 45.73193 ], [ 1.31294, 45.732 ], [ 1.31326, 45.73564 ], [ 1.31144, 45.73956 ], [ 1.30863, 45.74015 ], [ 1.30742, 45.73902 ], [ 1.30572, 45.73899 ], [ 1.30613, 45.74608 ], [ 1.30499, 45.74926 ], [ 1.30313, 45.74998 ], [ 1.29764, 45.74788 ], [ 1.28938, 45.74713 ], [ 1.28683, 45.7483 ], [ 1.28573, 45.75106 ], [ 1.27853, 45.7525 ], [ 1.27481, 45.75209 ], [ 1.27064, 45.75517 ], [ 1.26553, 45.75679 ], [ 1.25198, 45.75369 ], [ 1.25115, 45.75423 ], [ 1.25188, 45.75906 ], [ 1.24997, 45.76153 ], [ 1.24321, 45.76159 ], [ 1.24557, 45.75782 ], [ 1.24246, 45.75648 ], [ 1.24085, 45.75666 ], [ 1.23737, 45.75883 ], [ 1.23845, 45.76279 ], [ 1.23714, 45.76423 ], [ 1.22985, 45.76744 ], [ 1.22427, 45.76864 ], [ 1.21364, 45.77692 ], [ 1.20787, 45.7773 ], [ 1.20445, 45.78221 ] ] } },
{ "type": "Feature", "properties": { "name": "le Boulou", "weight_class": 1, "permanent": true, "length_km": 13.6 }, "geometry": { "type": "LineString", "coordinates": [ [ 1.22482, 45.68391 ], [ 1.22213, 45.68659 ], [ 1.2195, 45.68723 ], [ 1.21859, 45.68916 ], [ 1.2129, 45.69075 ], [ 1.20899, 45.69629 ], [ 1.21246, 45.70192 ], [ 1.20964, 45.7036 ], [ 1.20842, 45.70603 ], [ 1.20999, 45.70829 ], [ 1.20612, 45.71258 ], [ 1.20702, 45.7191 ], [ 1.20299, 45.72431 ], [ 1.19777, 45.7394 ], [ 1.1946, 45.74043 ], [ 1.19412, 45.74163 ], [ 1.20014, 45.75071 ], [ 1.19804, 45.7527 ], [ 1.20037, 45.75646 ], [ 1.19792, 45.76322 ], [ 1.19899, 45.76371 ], [ 1.19814, 45.76658 ], [ 1.20003, 45.76995 ], [ 1.19891, 45.77186 ], [ 1.20042, 45.77207 ], [ 1.20119, 45.77665 ], [ 1.20039, 45.78037 ], [ 1.19757, 45.78178 ] ] } },
{ "type": "Feature", "properties": { "name": "l'Alma", "weight_class": 1, "permanent": false, "length_km": 5.1 }, "geometry": { "type": "LineString", "coordinates": [ [ 1.15974, 45.75625 ], [ 1.15856, 45.75893 ], [ 1.15993, 45.76369 ], [ 1.15966, 45.77717 ], [ 1.15611, 45.78037 ], [ 1.14826, 45.78231 ], [ 1.14433, 45.78927 ], [ 1.14179, 45.7907 ] ] } },
{ "type": "Feature", "properties": { "name": "Ruisseau de Méry", "weight_class": 1, "permanent": false, "length_km": 3.5 }, "geometry": { "type": "LineString", "coordinates": [ [ 1.04059, 46.02597 ], [ 1.0386, 46.02971 ], [ 1.0411, 46.0325 ], [ 1.04069, 46.03579 ], [ 1.04442, 46.04289 ], [ 1.04331, 46.04705 ], [ 1.04492, 46.0479 ], [ 1.0492, 46.04792 ], [ 1.0527, 46.04946 ] ] } },
{ "type": "Feature", "properties": { "name": "Ruisseau de la Puelle", "weight_class": 1, "permanent": false, "length_km": 3.2 }, "geometry": { "type": "LineString", "coordinates": [ [ 0.95553, 46.01959 ], [ 0.95206, 46.01984 ], [ 0.94418, 46.01768 ], [ 0.93588, 46.017 ], [ 0.93173, 46.01888 ], [ 0.93022, 46.02065 ], [ 0.92724, 46.02075 ], [ 0.92567, 46.02277 ], [ 0.9199, 46.0223 ] ] } },
{ "type": "Feature", "properties": { "name": "Ruisseau du Pont à la Planche", "weight_class": 1, "permanent": true, "length_km": 4.3 }, "geometry": { "type": "LineString", "coordinates": [ [ 0.93072, 45.95502 ], [ 0.93263, 45.94657 ], [ 0.93152, 45.94481 ], [ 0.93458, 45.9437 ], [ 0.93385, 45.94101 ], [ 0.93579, 45.93927 ], [ 0.9334, 45.93545 ], [ 0.93419, 45.93426 ], [ 0.93325, 45.93221 ], [ 0.93759, 45.92631 ], [ 0.93635, 45.92211 ] ] } },
{ "type": "Feature", "properties": { "name": "Ruisseau de Laplaud", "weight_class": 1, "permanent": true, "length_km": 2.8 }, "geometry": { "type": "LineString", "coordinates": [ [ 1.07183, 45.90834 ], [ 1.07272, 45.91277 ], [ 1.07179, 45.9152 ], [ 1.06646, 45.91681 ], [ 1.0635, 45.92103 ], [ 1.0605, 45.92248 ], [ 1.05999, 45.92591 ], [ 1.05681, 45.928 ] ] } },
{ "type": "Feature", "properties": { "name": "Ruisseau du Boisgourdon", "weight_class": 1, "permanent": false, "length_km": 2.1 }, "geometry": { "type": "LineString", "coordinates": [ [ 1.02096, 45.89083 ], [ 1.01837, 45.88816 ], [ 1.01214, 45.88453 ], [ 1.0099, 45.87932 ], [ 1.01121, 45.87548 ] ] } },
{ "type": "Feature", "properties": { "name": "Ruisseau de Florensac", "weight_class": 1, "permanent": false, "length_km": 2.0 }, "geometry": { "type": "LineString", "coordinates": [ [ 0.98383, 45.89369 ], [ 0.98724, 45.88932 ], [ 0.98693, 45.88605 ], [ 0.98855, 45.88284 ], [ 0.98693, 45.87692 ] ] } },
{ "type": "Feature", "properties": { "name": "Ruisseau de la Tour", "weight_class": 1, "permanent": false, "length_km": 2.2 }, "geometry": { "type": "LineString", "coordinates": [ [ 1.04402, 45.86222 ], [ 1.03734, 45.86437 ], [ 1.03295, 45.86875 ], [ 1.03044, 45.87767 ] ] } },
{ "type": "Feature", "properties": { "name": "Ruisseau du Cheval Blanc", "weight_class": 1, "permanent": true, "length_km": 2.7 }, "geometry": { "type": "LineString", "coordinates": [ [ 0.90482, 45.85873 ], [ 0.90767, 45.86004 ], [ 0.91059, 45.86707 ], [ 0.91094, 45.87411 ], [ 0.91235, 45.87671 ], [ 0.91466, 45.87826 ], [ 0.91475, 45.88029 ] ] } },
{ "type": "Feature", "properties": { "name": "Ruisseau de l'Étang", "weight_class": 1, "permanent": false, "length_km": 3.7 }, "geometry": { "type": "LineString", "coordinates": [ [ 1.01961, 45.81808 ], [ 1.01759, 45.81927 ], [ 1.0142, 45.82632 ], [ 1.01572, 45.83281 ], [ 1.01771, 45.835 ], [ 1.01626, 45.83855 ], [ 1.01839, 45.84525 ], [ 1.02036, 45.84721 ] ] } },
{ "type": "Feature", "properties": { "name": "le Glanet", "weight_class": 1, "permanent": true, "length_km": 18.0 }, "geometry": { "type": "LineString", "coordinates": [ [ 1.1749, 45.88718 ], [ 1.17234, 45.89136 ], [ 1.16877, 45.89177 ], [ 1.1615, 45.89483 ], [ 1.15635, 45.8945 ], [ 1.15318, 45.89591 ], [ 1.15286, 45.89707 ], [ 1.14589, 45.89847 ], [ 1.14319, 45.89726 ], [ 1.14206, 45.89473 ], [ 1.13933, 45.89526 ], [ 1.13739, 45.89383 ], [ 1.13567, 45.8942 ], [ 1.13388, 45.89342 ], [ 1.12717, 45.89429 ], [ 1.12151, 45.89851 ], [ 1.11748, 45.89746 ], [ 1.11472, 45.89817 ], [ 1.10475, 45.89125 ], [ 1.09608, 45.8905 ], [ 1.09144, 45.88811 ], [ 1.08977, 45.89111 ], [ 1.08088, 45.8925 ], [ 1.07523, 45.89675 ], [ 1.07064, 45.89716 ], [ 1.06678, 45.89621 ], [ 1.06541, 45.89694 ], [ 1.06166, 45.89468 ], [ 1.05991, 45.89473 ], [ 1.05317, 45.89764 ], [ 1.05223, 45.89981 ], [ 1.04946, 45.90167 ], [ 1.04621, 45.90292 ], [ 1.04475, 45.90263 ], [ 1.0443, 45.90346 ], [ 1.04083, 45.90317 ], [ 1.0403, 45.90515 ], [ 1.03692, 45.90809 ], [ 1.03444, 45.90785 ], [ 1.03182, 45.91014 ], [ 1.02899, 45.90985 ], [ 1.02704, 45.9109 ], [ 1.0254, 45.91259 ], [ 1.0256, 45.91605 ], [ 1.02438, 45.91672 ], [ 1.02303, 45.91589 ], [ 1.02166, 45.91633 ], [ 1.02042, 45.91753 ], [ 1.02144, 45.91888 ], [ 1.0202, 45.92049 ] ] } },
{ "type": "Feature", "properties": { "name": "la Vergogne", "weight_class": 1, "permanent": true, "length_km": 17.1 }, "geometry": { "type": "LineString", "coordinates": [ [ 1.049, 46.02155 ], [ 1.04762, 46.01917 ], [ 1.03782, 46.01109 ], [ 1.03792, 46.0077 ], [ 1.0411, 46.0064 ], [ 1.04335, 46.00027 ], [ 1.04498, 45.99953 ], [ 1.04675, 46.00013 ], [ 1.04842, 45.99628 ], [ 1.05121, 45.99553 ], [ 1.0553, 45.99164 ], [ 1.05526, 45.98868 ], [ 1.05075, 45.9853 ], [ 1.04847, 45.98124 ], [ 1.03306, 45.9768 ], [ 1.03238, 45.97376 ], [ 1.02905, 45.97009 ], [ 1.02581, 45.96879 ], [ 1.02175, 45.96894 ], [ 1.01909, 45.96787 ], [ 1.01941, 45.96317 ], [ 1.01763, 45.9618 ], [ 1.01739, 45.95977 ], [ 1.01921, 45.95615 ], [ 1.01538, 45.95462 ], [ 1.0135, 45.95227 ], [ 1.01163, 45.95164 ], [ 1.01081, 45.94751 ], [ 1.00644, 45.94404 ], [ 1.00675, 45.94337 ], [ 1.00372, 45.94109 ], [ 0.9992, 45.93985 ], [ 0.99949, 45.93807 ], [ 0.99636, 45.93209 ], [ 0.9918, 45.93135 ], [ 0.98722, 45.92393 ], [ 0.98423, 45.92203 ], [ 0.98151, 45.92156 ], [ 0.97895, 45.92271 ], [ 0.9794, 45.92407 ], [ 0.9757, 45.92572 ] ] } },
{ "type": "Feature", "properties": { "name": "le Tivirou", "weight_class": 1, "permanent": true, "length_km": 6.6 }, "geometry": { "type": "LineString", "coordinates": [ [ 1.01347, 46.01011 ], [ 1.0102, 46.00808 ], [ 1.00857, 46.00452 ], [ 1.00642, 46.0031 ], [ 1.00847, 45.99915 ], [ 1.01407, 45.99307 ], [ 1.01702, 45.98731 ], [ 1.01642, 45.98279 ], [ 1.01795, 45.98065 ], [ 1.01527, 45.97728 ], [ 1.01539, 45.97394 ], [ 1.01646, 45.97313 ], [ 1.01559, 45.97206 ], [ 1.01816, 45.96721 ], [ 1.01662, 45.9632 ], [ 1.0174, 45.95989 ] ] } },
{ "type": "Feature", "properties": { "name": "le Monsat", "weight_class": 1, "permanent": true, "length_km": 5.1 }, "geometry": { "type": "LineString", "coordinates": [ [ 1.02287, 46.01709 ], [ 1.02671, 46.01585 ], [ 1.02832, 46.00312 ], [ 1.02903, 46.00135 ], [ 1.03189, 45.99945 ], [ 1.03187, 45.99622 ], [ 1.03842, 45.99105 ], [ 1.03964, 45.98584 ], [ 1.04451, 45.98331 ], [ 1.04485, 45.98047 ] ] } },
{ "type": "Feature", "properties": { "name": null, "weight_class": 1, "permanent": false, "length_km": 2.3 }, "geometry": { "type": "LineString", "coordinates": [ [ 0.9852, 46.01004 ], [ 0.98447, 46.00695 ], [ 0.98549, 46.00481 ], [ 0.99101, 46.00019 ], [ 0.99381, 45.99433 ], [ 0.99754, 45.99273 ] ] } },
{ "type": "Feature", "properties": { "name": "la Chabrette", "weight_class": 2, "permanent": true, "length_km": 11.9 }, "geometry": { "type": "LineString", "coordinates": [ [ 0.96866, 46.01352 ], [ 0.96724, 46.00921 ], [ 0.96284, 46.00506 ], [ 0.95904, 45.99436 ], [ 0.96065, 45.99116 ], [ 0.95791, 45.98936 ], [ 0.95809, 45.98727 ], [ 0.96166, 45.98374 ], [ 0.96212, 45.98187 ], [ 0.96091, 45.98102 ], [ 0.96152, 45.97966 ], [ 0.96003, 45.97689 ], [ 0.96089, 45.97501 ], [ 0.95824, 45.97032 ], [ 0.95533, 45.96905 ], [ 0.95626, 45.96561 ], [ 0.95498, 45.96387 ], [ 0.955, 45.95792 ], [ 0.94933, 45.95198 ], [ 0.94981, 45.94706 ], [ 0.95198, 45.94503 ], [ 0.95142, 45.93901 ], [ 0.95333, 45.93592 ], [ 0.95494, 45.93679 ], [ 0.95739, 45.93379 ], [ 0.95589, 45.93108 ], [ 0.9563, 45.92833 ], [ 0.95537, 45.92802 ], [ 0.95617, 45.92577 ] ] } },
{ "type": "Feature", "properties": { "name": "l'Etang de Ceinturat", "weight_class": 1, "permanent": true, "length_km": 4.7 }, "geometry": { "type": "LineString", "coordinates": [ [ 0.97846, 46.01272 ], [ 0.97274, 45.99578 ], [ 0.97383, 45.9954 ], [ 0.97341, 45.99341 ], [ 0.97639, 45.98909 ], [ 0.97643, 45.98431 ], [ 0.97953, 45.9826 ], [ 0.98397, 45.97796 ], [ 0.98757, 45.977 ] ] } },
{ "type": "Feature", "properties": { "name": "l'Oncre", "weight_class": 1, "permanent": false, "length_km": 12.6 }, "geometry": { "type": "LineString", "coordinates": [ [ 0.99195, 46.01893 ], [ 0.99529, 46.0142 ], [ 1.00132, 46.01156 ], [ 1.00175, 46.00823 ], [ 0.9993, 46.00673 ], [ 0.99857, 46.00283 ], [ 1.00112, 46.00059 ], [ 1.0006, 45.99751 ], [ 0.99636, 45.99035 ], [ 0.99015, 45.98593 ], [ 0.9908, 45.98477 ], [ 0.98924, 45.98317 ], [ 0.98707, 45.97602 ], [ 0.9889, 45.97297 ], [ 0.98806, 45.9698 ], [ 0.98933, 45.96691 ], [ 0.98645, 45.96337 ], [ 0.9828, 45.95517 ], [ 0.98455, 45.95353 ], [ 0.98472, 45.9516 ], [ 0.98053, 45.94799 ], [ 0.97419, 45.94474 ], [ 0.9744, 45.94361 ], [ 0.97227, 45.94202 ], [ 0.97356, 45.93972 ], [ 0.97149, 45.93892 ], [ 0.97051, 45.93347 ], [ 0.96821, 45.92982 ], [ 0.96841, 45.9268 ] ] } },
{ "type": "Feature", "properties": { "name": null, "weight_class": 1, "permanent": false, "length_km": 2.0 }, "geometry": { "type": "LineString", "coordinates": [ [ 1.00058, 45.97695 ], [ 1.00345, 45.97446 ], [ 1.00273, 45.97145 ], [ 0.99827, 45.96826 ], [ 0.98933, 45.96691 ] ] } },
{ "type": "Feature", "properties": { "name": null, "weight_class": 1, "permanent": false, "length_km": 2.3 }, "geometry": { "type": "LineString", "coordinates": [ [ 1.03953, 45.96473 ], [ 1.03909, 45.96224 ], [ 1.0314, 45.95695 ], [ 1.02568, 45.95736 ], [ 1.02219, 45.95877 ], [ 1.01944, 45.95721 ] ] } },
{ "type": "Feature", "properties": { "name": "Ruisseau du Péroux", "weight_class": 1, "permanent": true, "length_km": 2.8 }, "geometry": { "type": "LineString", "coordinates": [ [ 1.03079, 45.94835 ], [ 1.02834, 45.94809 ], [ 1.02151, 45.9432 ], [ 1.02268, 45.94213 ], [ 1.02099, 45.93796 ], [ 1.0242, 45.93386 ], [ 1.02625, 45.92871 ] ] } },
{ "type": "Feature", "properties": { "name": null, "weight_class": 1, "permanent": false, "length_km": 3.3 }, "geometry": { "type": "LineString", "coordinates": [ [ 0.97324, 45.96799 ], [ 0.96621, 45.96539 ], [ 0.96513, 45.96386 ], [ 0.9683, 45.95437 ], [ 0.9682, 45.95152 ], [ 0.97082, 45.94937 ], [ 0.97417, 45.94828 ], [ 0.97622, 45.94613 ] ] } },
{ "type": "Feature", "properties": { "name": null, "weight_class": 1, "permanent": true, "length_km": 2.1 }, "geometry": { "type": "LineString", "coordinates": [ [ 0.98562, 45.90462 ], [ 0.98504, 45.90719 ], [ 0.98096, 45.9086 ], [ 0.97845, 45.9118 ], [ 0.98008, 45.91774 ], [ 0.97942, 45.92025 ] ] } },
{ "type": "Feature", "properties": { "name": "les Prades/Ruisseau de Beaumont", "weight_class": 1, "permanent": false, "length_km": 2.5 }, "geometry": { "type": "LineString", "coordinates": [ [ 1.00526, 45.89679 ], [ 1.00223, 45.88917 ], [ 0.9978, 45.88431 ], [ 0.99857, 45.88206 ], [ 0.99558, 45.87641 ] ] } },
{ "type": "Feature", "properties": { "name": "le Montazaud/Ruisseau de Montazaud", "weight_class": 1, "permanent": false, "length_km": 2.3 }, "geometry": { "type": "LineString", "coordinates": [ [ 1.03466, 45.89414 ], [ 1.0302, 45.89094 ], [ 1.02457, 45.88126 ], [ 1.02515, 45.87847 ], [ 1.0272, 45.8783 ], [ 1.02776, 45.87724 ] ] } },
{ "type": "Feature", "properties": { "name": "Ruisseau du Puy de Mallet", "weight_class": 1, "permanent": true, "length_km": 3.7 }, "geometry": { "type": "LineString", "coordinates": [ [ 0.97008, 45.90539 ], [ 0.96613, 45.90228 ], [ 0.96455, 45.89935 ], [ 0.96412, 45.89152 ], [ 0.95774, 45.88664 ], [ 0.95354, 45.88131 ], [ 0.94951, 45.87885 ] ] } },
{ "type": "Feature", "properties": { "name": "le Florensac", "weight_class": 1, "permanent": false, "length_km": 2.7 }, "geometry": { "type": "LineString", "coordinates": [ [ 0.99955, 45.89946 ], [ 0.99339, 45.89341 ], [ 0.99338, 45.88624 ], [ 0.9908, 45.88104 ], [ 0.99061, 45.87716 ] ] } },
{ "type": "Feature", "properties": { "name": null, "weight_class": 1, "permanent": true, "length_km": 2.8 }, "geometry": { "type": "LineString", "coordinates": [ [ 0.94746, 45.90799 ], [ 0.94372, 45.90741 ], [ 0.94004, 45.91042 ], [ 0.9378, 45.90961 ], [ 0.93348, 45.91044 ], [ 0.92856, 45.91152 ], [ 0.9239, 45.9141 ], [ 0.92156, 45.91374 ], [ 0.9178, 45.91524 ] ] } },
{ "type": "Feature", "properties": { "name": "Ruisseau de Château Gaillard", "weight_class": 2, "permanent": true, "length_km": 2.7 }, "geometry": { "type": "LineString", "coordinates": [ [ 0.92396, 45.90235 ], [ 0.92586, 45.9023 ], [ 0.92875, 45.89735 ], [ 0.92714, 45.88921 ], [ 0.92864, 45.88684 ], [ 0.92724, 45.88521 ], [ 0.92774, 45.88203 ] ] } },
{ "type": "Feature", "properties": { "name": "Ruisseau de Chabourde", "weight_class": 1, "permanent": true, "length_km": 2.6 }, "geometry": { "type": "LineString", "coordinates": [ [ 0.94731, 45.90126 ], [ 0.94984, 45.89662 ], [ 0.94665, 45.88582 ], [ 0.94779, 45.88181 ], [ 0.94612, 45.87942 ] ] } },
{ "type": "Feature", "properties": { "name": null, "weight_class": 1, "permanent": false, "length_km": 2.4 }, "geometry": { "type": "LineString", "coordinates": [ [ 1.04554, 45.851 ], [ 1.04377, 45.85382 ], [ 1.04459, 45.8547 ], [ 1.04828, 45.85671 ], [ 1.05076, 45.85997 ], [ 1.05623, 45.86225 ], [ 1.0592, 45.86598 ], [ 1.06112, 45.86655 ] ] } },
{ "type": "Feature", "properties": { "name": null, "weight_class": 1, "permanent": true, "length_km": 2.6 }, "geometry": { "type": "LineString", "coordinates": [ [ 1.04803, 45.84713 ], [ 1.05164, 45.84687 ], [ 1.06013, 45.85082 ], [ 1.06899, 45.85851 ], [ 1.0688, 45.86141 ] ] } },
{ "type": "Feature", "properties": { "name": "la Plagne", "weight_class": 1, "permanent": true, "length_km": 5.6 }, "geometry": { "type": "LineString", "coordinates": [ [ 0.9959, 45.83143 ], [ 0.99473, 45.83461 ], [ 0.98709, 45.84058 ], [ 0.98596, 45.84455 ], [ 0.98395, 45.8467 ], [ 0.98377, 45.85289 ], [ 0.97972, 45.85678 ], [ 0.97732, 45.85692 ], [ 0.97721, 45.85877 ], [ 0.97294, 45.86086 ], [ 0.97289, 45.86201 ], [ 0.9699, 45.86372 ], [ 0.96857, 45.86837 ], [ 0.97038, 45.87109 ] ] } },
{ "type": "Feature", "properties": { "name": "les Râches", "weight_class": 1, "permanent": true, "length_km": 12.8 }, "geometry": { "type": "LineString", "coordinates": [ [ 1.04001, 45.79817 ], [ 1.0391, 45.80048 ], [ 1.04127, 45.80427 ], [ 1.04057, 45.80683 ], [ 1.0437, 45.80857 ], [ 1.04443, 45.81094 ], [ 1.04291, 45.81847 ], [ 1.03895, 45.82074 ], [ 1.0375, 45.82378 ], [ 1.03777, 45.82715 ], [ 1.03903, 45.82784 ], [ 1.03738, 45.8312 ], [ 1.03833, 45.83254 ], [ 1.03611, 45.83385 ], [ 1.0342, 45.83925 ], [ 1.02997, 45.84254 ], [ 1.02858, 45.84246 ], [ 1.02637, 45.84656 ], [ 1.0206, 45.84677 ], [ 1.01689, 45.85203 ], [ 1.01641, 45.85479 ], [ 1.01154, 45.85579 ], [ 1.00943, 45.85929 ], [ 1.00516, 45.86241 ], [ 1.00133, 45.86227 ], [ 0.99856, 45.86377 ], [ 0.99672, 45.8626 ], [ 0.99492, 45.86299 ], [ 0.99293, 45.86499 ], [ 0.99378, 45.86607 ], [ 0.98878, 45.86878 ], [ 0.98697, 45.87139 ], [ 0.98382, 45.87094 ], [ 0.97735, 45.87433 ] ] } },
{ "type": "Feature", "properties": { "name": "Ruisseau de l'Aubinerie", "weight_class": 1, "permanent": true, "length_km": 3.2 }, "geometry": { "type": "LineString", "coordinates": [ [ 0.92176, 45.8552 ], [ 0.91967, 45.8577 ], [ 0.91677, 45.86937 ], [ 0.92249, 45.87652 ], [ 0.92359, 45.87873 ], [ 0.92298, 45.88093 ] ] } },
{ "type": "Feature", "properties": { "name": "le Béchemoure", "weight_class": 1, "permanent": true, "length_km": 3.9 }, "geometry": { "type": "LineString", "coordinates": [ [ 0.9413, 45.85431 ], [ 0.9362, 45.85864 ], [ 0.9323, 45.85889 ], [ 0.93215, 45.86136 ], [ 0.93344, 45.86314 ], [ 0.93224, 45.86871 ], [ 0.93571, 45.87281 ], [ 0.93458, 45.87495 ], [ 0.93947, 45.87897 ], [ 0.93983, 45.88049 ] ] } },
{ "type": "Feature", "properties": { "name": "la Bregère", "weight_class": 2, "permanent": true, "length_km": 4.9 }, "geometry": { "type": "LineString", "coordinates": [ [ 0.95724, 45.83579 ], [ 0.9599, 45.83701 ], [ 0.96023, 45.83895 ], [ 0.95774, 45.84238 ], [ 0.95693, 45.84749 ], [ 0.95945, 45.84969 ], [ 0.96144, 45.85621 ], [ 0.95914, 45.85939 ], [ 0.96122, 45.86308 ], [ 0.95973, 45.86541 ], [ 0.95967, 45.87261 ] ] } },
{ "type": "Feature", "properties": { "name": null, "weight_class": 1, "permanent": false, "length_km": 3.7 }, "geometry": { "type": "LineString", "coordinates": [ [ 1.00506, 45.82646 ], [ 1.00728, 45.82983 ], [ 1.00777, 45.83419 ], [ 1.00655, 45.83631 ], [ 1.0104, 45.8415 ], [ 1.01155, 45.84533 ], [ 1.01155, 45.85013 ], [ 1.01006, 45.851 ], [ 1.01023, 45.85202 ], [ 1.01381, 45.85478 ] ] } },
{ "type": "Feature", "properties": { "name": "la Cordelle", "weight_class": 1, "permanent": true, "length_km": 5.4 }, "geometry": { "type": "LineString", "coordinates": [ [ 1.00217, 45.82217 ], [ 1.0006, 45.8229 ], [ 0.99802, 45.82741 ], [ 0.99348, 45.8265 ], [ 0.98863, 45.82946 ], [ 0.98581, 45.83289 ], [ 0.97761, 45.83343 ], [ 0.97729, 45.83461 ], [ 0.97509, 45.83524 ], [ 0.96953, 45.84035 ], [ 0.96681, 45.84036 ], [ 0.96494, 45.84398 ], [ 0.95901, 45.84902 ] ] } },
{ "type": "Feature", "properties": { "name": "Ruisseau de Soumagnas", "weight_class": 1, "permanent": false, "length_km": 2.3 }, "geometry": { "type": "LineString", "coordinates": [ [ 0.93046, 45.8498 ], [ 0.92601, 45.8473 ], [ 0.91989, 45.84567 ], [ 0.91661, 45.84314 ], [ 0.90974, 45.84071 ], [ 0.90783, 45.83908 ] ] } },
{ "type": "Feature", "properties": { "name": null, "weight_class": 1, "permanent": true, "length_km": 2.2 }, "geometry": { "type": "LineString", "coordinates": [ [ 0.95507, 45.83071 ], [ 0.94134, 45.83328 ], [ 0.93565, 45.83305 ], [ 0.93003, 45.83601 ] ] } },
{ "type": "Feature", "properties": { "name": "le Petit Gorret", "weight_class": 1, "permanent": true, "length_km": 3.2 }, "geometry": { "type": "LineString", "coordinates": [ [ 0.93983, 45.8454 ], [ 0.94081, 45.84267 ], [ 0.93949, 45.84042 ], [ 0.9377, 45.83902 ], [ 0.93323, 45.83818 ], [ 0.92713, 45.83436 ], [ 0.92338, 45.83364 ], [ 0.91621, 45.83502 ], [ 0.91155, 45.83334 ] ] } },
{ "type": "Feature", "properties": { "name": "Ruisseau de chez le Geai", "weight_class": 1, "permanent": true, "length_km": 2.5 }, "geometry": { "type": "LineString", "coordinates": [ [ 0.88051, 45.91712 ], [ 0.88266, 45.91108 ], [ 0.88716, 45.90837 ], [ 0.88659, 45.90675 ], [ 0.89049, 45.90471 ], [ 0.89243, 45.89912 ] ] } },
{ "type": "Feature", "properties": { "name": "Ruisseau de la Vergne", "weight_class": 1, "permanent": true, "length_km": 3.4 }, "geometry": { "type": "LineString", "coordinates": [ [ 0.83297, 45.91295 ], [ 0.83596, 45.91029 ], [ 0.83672, 45.90794 ], [ 0.83663, 45.90084 ], [ 0.83332, 45.89635 ], [ 0.83802, 45.89088 ], [ 0.83845, 45.88606 ] ] } },
{ "type": "Feature", "properties": { "name": "Ruisseau le Sauvarin", "weight_class": 1, "permanent": true, "length_km": 2.2 }, "geometry": { "type": "LineString", "coordinates": [ [ 0.81261, 45.89727 ], [ 0.81866, 45.89314 ], [ 0.81974, 45.89118 ], [ 0.82449, 45.88919 ], [ 0.82412, 45.88738 ], [ 0.82715, 45.88277 ] ] } },
{ "type": "Feature", "properties": { "name": "Ruisseau de Chaillac", "weight_class": 1, "permanent": false, "length_km": 2.6 }, "geometry": { "type": "LineString", "coordinates": [ [ 0.88447, 45.86581 ], [ 0.87796, 45.86867 ], [ 0.87507, 45.87202 ], [ 0.87489, 45.87912 ], [ 0.87691, 45.88058 ], [ 0.87815, 45.88424 ] ] } },
{ "type": "Feature", "properties": { "name": "la Boulonnie", "weight_class": 1, "permanent": true, "length_km": 3.8 }, "geometry": { "type": "LineString", "coordinates": [ [ 0.91143, 45.94189 ], [ 0.91123, 45.93978 ], [ 0.9081, 45.93854 ], [ 0.9132, 45.93562 ], [ 0.90998, 45.93028 ], [ 0.91731, 45.92168 ], [ 0.92068, 45.9194 ], [ 0.91875, 45.91634 ] ] } },
{ "type": "Feature", "properties": { "name": "Ruisseau de l'Étang de Villars", "weight_class": 1, "permanent": true, "length_km": 2.7 }, "geometry": { "type": "MultiLineString", "coordinates": [ [ [ 0.83728, 45.92302 ], [ 0.83527, 45.92287 ], [ 0.83151, 45.92649 ], [ 0.82743, 45.92842 ], [ 0.82751, 45.92981 ], [ 0.82522, 45.92968 ], [ 0.82252, 45.93214 ] ], [ [ 0.85446, 45.92579 ], [ 0.85111, 45.92402 ], [ 0.84521, 45.92445 ] ] ] } },
{ "type": "Feature", "properties": { "name": null, "weight_class": 1, "permanent": false, "length_km": 2.2 }, "geometry": { "type": "LineString", "coordinates": [ [ 0.90406, 45.92736 ], [ 0.90432, 45.92442 ], [ 0.91036, 45.92252 ], [ 0.91096, 45.92018 ], [ 0.90946, 45.91703 ], [ 0.91335, 45.91534 ], [ 0.9144, 45.91303 ] ] } },
{ "type": "Feature", "properties": { "name": "Ruisseau Fromager", "weight_class": 2, "permanent": true, "length_km": 4.2 }, "geometry": { "type": "LineString", "coordinates": [ [ 0.86752, 45.91922 ], [ 0.86477, 45.9165 ], [ 0.86531, 45.91546 ], [ 0.86297, 45.91381 ], [ 0.86052, 45.90911 ], [ 0.86216, 45.90633 ], [ 0.85895, 45.90487 ], [ 0.86051, 45.89936 ], [ 0.8586, 45.89761 ], [ 0.85897, 45.89502 ], [ 0.85703, 45.89228 ], [ 0.85803, 45.88765 ] ] } },
{ "type": "Feature", "properties": { "name": "Ruisseau de Chabanas", "weight_class": 1, "permanent": true, "length_km": 2.2 }, "geometry": { "type": "LineString", "coordinates": [ [ 0.84743, 45.90515 ], [ 0.84922, 45.90412 ], [ 0.84964, 45.90196 ], [ 0.85187, 45.89967 ], [ 0.84939, 45.89618 ], [ 0.85007, 45.89115 ], [ 0.85203, 45.88771 ] ] } },
{ "type": "Feature", "properties": { "name": "Ruisseau de Villegoureix", "weight_class": 1, "permanent": false, "length_km": 2.2 }, "geometry": { "type": "MultiLineString", "coordinates": [ [ [ 0.80945, 45.84772 ], [ 0.81062, 45.85016 ] ], [ [ 0.81158, 45.85158 ], [ 0.81411, 45.85348 ], [ 0.81681, 45.85826 ], [ 0.81837, 45.86434 ] ], [ [ 0.81913, 45.86519 ], [ 0.82116, 45.86709 ] ] ] } },
{ "type": "Feature", "properties": { "name": "la Gorre", "weight_class": 1, "permanent": true, "length_km": 39.9 }, "geometry": { "type": "LineString", "coordinates": [ [ 1.02741, 45.66296 ], [ 1.0269, 45.66468 ], [ 1.02113, 45.66809 ], [ 1.02046, 45.67155 ], [ 1.01874, 45.67259 ], [ 1.01763, 45.67557 ], [ 1.01489, 45.67738 ], [ 1.01488, 45.67995 ], [ 1.0129, 45.68173 ], [ 1.01108, 45.68833 ], [ 1.00906, 45.68935 ], [ 1.00888, 45.69101 ], [ 1.00537, 45.69264 ], [ 1.00601, 45.69694 ], [ 1.00309, 45.69963 ], [ 1.00321, 45.70218 ], [ 1.00168, 45.70461 ], [ 1.00253, 45.7062 ], [ 0.99861, 45.70829 ], [ 0.99365, 45.71567 ], [ 0.98947, 45.71744 ], [ 0.98855, 45.72012 ], [ 0.98518, 45.7232 ], [ 0.98434, 45.7288 ], [ 0.98717, 45.7308 ], [ 0.98414, 45.73315 ], [ 0.98675, 45.73478 ], [ 0.98268, 45.73662 ], [ 0.98179, 45.73904 ], [ 0.97897, 45.73918 ], [ 0.97728, 45.74141 ], [ 0.97464, 45.74263 ], [ 0.9715, 45.75261 ], [ 0.96986, 45.75446 ], [ 0.96547, 45.7545 ], [ 0.96373, 45.75894 ], [ 0.95957, 45.76144 ], [ 0.95979, 45.76289 ], [ 0.95643, 45.7675 ], [ 0.9575, 45.76867 ], [ 0.95594, 45.76916 ], [ 0.95641, 45.7708 ], [ 0.95492, 45.77175 ], [ 0.95625, 45.77284 ], [ 0.95597, 45.77399 ], [ 0.95777, 45.77479 ], [ 0.95623, 45.77549 ], [ 0.95703, 45.77987 ], [ 0.9606, 45.78001 ], [ 0.95967, 45.78278 ], [ 0.95591, 45.78432 ], [ 0.95357, 45.787 ], [ 0.94782, 45.78911 ], [ 0.94821, 45.7904 ], [ 0.94606, 45.79055 ], [ 0.94507, 45.79397 ], [ 0.93997, 45.7969 ], [ 0.94108, 45.80003 ], [ 0.93712, 45.80449 ], [ 0.93763, 45.8062 ], [ 0.93503, 45.80587 ], [ 0.92911, 45.81152 ], [ 0.92734, 45.81045 ], [ 0.92516, 45.81063 ], [ 0.92466, 45.81217 ], [ 0.91856, 45.81712 ], [ 0.91954, 45.81848 ], [ 0.9164, 45.81929 ], [ 0.91509, 45.8262 ], [ 0.91121, 45.82814 ], [ 0.91298, 45.83005 ], [ 0.913, 45.83174 ], [ 0.90903, 45.83461 ], [ 0.90809, 45.83886 ], [ 0.90567, 45.83945 ], [ 0.90111, 45.83665 ], [ 0.89605, 45.83719 ], [ 0.89209, 45.84302 ], [ 0.88411, 45.8434 ], [ 0.88255, 45.84524 ], [ 0.8792, 45.84496 ], [ 0.87892, 45.84722 ], [ 0.87681, 45.84661 ], [ 0.87153, 45.84836 ], [ 0.86672, 45.84875 ], [ 0.86545, 45.85001 ], [ 0.86617, 45.85176 ], [ 0.862, 45.85161 ], [ 0.8645, 45.85465 ], [ 0.86425, 45.85615 ], [ 0.86267, 45.857 ], [ 0.854, 45.85618 ], [ 0.85102, 45.85398 ], [ 0.84588, 45.85781 ], [ 0.8363, 45.8555 ], [ 0.8335, 45.8574 ], [ 0.83159, 45.86331 ], [ 0.83037, 45.86328 ], [ 0.8277, 45.86013 ], [ 0.82436, 45.86057 ], [ 0.8226, 45.86154 ], [ 0.82375, 45.86444 ], [ 0.81893, 45.86905 ], [ 0.81513, 45.87019 ], [ 0.81142, 45.868 ], [ 0.8073, 45.87018 ] ] } },
{ "type": "Feature", "properties": { "name": "Ruisseau des Morts", "weight_class": 1, "permanent": true, "length_km": 2.8 }, "geometry": { "type": "LineString", "coordinates": [ [ 0.84933, 45.83593 ], [ 0.84231, 45.82915 ], [ 0.83247, 45.82558 ], [ 0.82645, 45.81878 ] ] } },
{ "type": "Feature", "properties": { "name": "Ruisseau le Limont", "weight_class": 1, "permanent": true, "length_km": 8.4 }, "geometry": { "type": "LineString", "coordinates": [ [ 1.03775, 45.78804 ], [ 1.03447, 45.78759 ], [ 1.02973, 45.79163 ], [ 1.0268, 45.79284 ], [ 1.02507, 45.7922 ], [ 1.02103, 45.79454 ], [ 1.01682, 45.79387 ], [ 1.01511, 45.79552 ], [ 1.00958, 45.79632 ], [ 1.0057, 45.79509 ], [ 1.00338, 45.79555 ], [ 1.00226, 45.79688 ], [ 0.99816, 45.79533 ], [ 0.99719, 45.79233 ], [ 0.99, 45.78512 ], [ 0.98621, 45.78604 ], [ 0.98567, 45.78737 ], [ 0.98351, 45.78758 ], [ 0.98207, 45.78666 ], [ 0.98028, 45.78761 ], [ 0.97618, 45.78538 ], [ 0.96727, 45.78448 ], [ 0.96245, 45.7819 ], [ 0.96002, 45.78213 ] ] } },
{ "type": "Feature", "properties": { "name": "Ruisseau de Senas", "weight_class": 1, "permanent": false, "length_km": 2.5 }, "geometry": { "type": "LineString", "coordinates": [ [ 0.9003, 45.79975 ], [ 0.91219, 45.80178 ], [ 0.91472, 45.8012 ], [ 0.91995, 45.80531 ], [ 0.92356, 45.80565 ], [ 0.92491, 45.80875 ] ] } },
{ "type": "Feature", "properties": { "name": "Ruisseau le Gorret", "weight_class": 1, "permanent": true, "length_km": 12.7 }, "geometry": { "type": "LineString", "coordinates": [ [ 0.9155, 45.72203 ], [ 0.91941, 45.72333 ], [ 0.92147, 45.72688 ], [ 0.92631, 45.72842 ], [ 0.92742, 45.73172 ], [ 0.92975, 45.73374 ], [ 0.9296, 45.7382 ], [ 0.93269, 45.74116 ], [ 0.93117, 45.74896 ], [ 0.92908, 45.75127 ], [ 0.93012, 45.75295 ], [ 0.92646, 45.75729 ], [ 0.92763, 45.76057 ], [ 0.92536, 45.7641 ], [ 0.92844, 45.76758 ], [ 0.92751, 45.77028 ], [ 0.92887, 45.77276 ], [ 0.92761, 45.77433 ], [ 0.92924, 45.7816 ], [ 0.93621, 45.78708 ], [ 0.93683, 45.79596 ], [ 0.93516, 45.79811 ], [ 0.9374, 45.7999 ], [ 0.9362, 45.80122 ], [ 0.93156, 45.80284 ], [ 0.92868, 45.80618 ], [ 0.926, 45.80648 ], [ 0.92628, 45.80841 ], [ 0.92363, 45.80937 ], [ 0.92424, 45.81079 ] ] } },
{ "type": "Feature", "properties": { "name": "le Mouret", "weight_class": 1, "permanent": true, "length_km": 4.7 }, "geometry": { "type": "LineString", "coordinates": [ [ 1.02423, 45.75865 ], [ 1.02134, 45.76716 ], [ 1.01731, 45.76834 ], [ 1.01523, 45.77278 ], [ 1.01242, 45.7726 ], [ 1.00685, 45.77842 ], [ 1.00556, 45.78208 ], [ 1.00012, 45.78628 ], [ 0.99511, 45.78776 ], [ 0.99322, 45.78744 ] ] } },
{ "type": "Feature", "properties": { "name": "Ruisseau du Malatias", "weight_class": 1, "permanent": true, "length_km": 5.9 }, "geometry": { "type": "LineString", "coordinates": [ [ 1.01254, 45.75743 ], [ 1.00675, 45.75816 ], [ 1.00533, 45.75921 ], [ 0.99889, 45.75863 ], [ 0.99537, 45.76142 ], [ 0.99489, 45.76311 ], [ 0.98996, 45.76416 ], [ 0.98769, 45.766 ], [ 0.98012, 45.76512 ], [ 0.9773, 45.76627 ], [ 0.96899, 45.76722 ], [ 0.96704, 45.76856 ], [ 0.96578, 45.77069 ], [ 0.96666, 45.77169 ], [ 0.96414, 45.77494 ], [ 0.96123, 45.77508 ], [ 0.95853, 45.77388 ], [ 0.95747, 45.77461 ] ] } },
{ "type": "Feature", "properties": { "name": "Ruisseau du Gatinaud", "weight_class": 1, "permanent": true, "length_km": 3.8 }, "geometry": { "type": "LineString", "coordinates": [ [ 1.02182, 45.75533 ], [ 1.01945, 45.7536 ], [ 1.01975, 45.75233 ], [ 1.02058, 45.75123 ], [ 1.02322, 45.75091 ], [ 1.02573, 45.7484 ], [ 1.02961, 45.74139 ], [ 1.02927, 45.73731 ], [ 1.02373, 45.73393 ], [ 1.02212, 45.72974 ], [ 1.01981, 45.72855 ] ] } },
{ "type": "Feature", "properties": { "name": "Ruisseau de la Ganette", "weight_class": 1, "permanent": false, "length_km": 2.9 }, "geometry": { "type": "LineString", "coordinates": [ [ 1.00856, 45.75277 ], [ 1.00563, 45.75014 ], [ 0.99846, 45.74645 ], [ 0.99735, 45.74477 ], [ 0.99022, 45.74339 ], [ 0.98757, 45.74204 ], [ 0.98509, 45.73865 ], [ 0.98208, 45.73827 ] ] } },
{ "type": "Feature", "properties": { "name": "Ruisseau du Colombier", "weight_class": 1, "permanent": true, "length_km": 3.0 }, "geometry": { "type": "LineString", "coordinates": [ [ 0.95256, 45.73901 ], [ 0.94989, 45.74056 ], [ 0.94894, 45.74287 ], [ 0.94999, 45.74643 ], [ 0.94957, 45.75124 ], [ 0.96009, 45.76101 ] ] } },
{ "type": "Feature", "properties": { "name": "Ruisseau de la Baroutic", "weight_class": 1, "permanent": true, "length_km": 5.0 }, "geometry": { "type": "LineString", "coordinates": [ [ 0.91111, 45.72299 ], [ 0.91111, 45.72663 ], [ 0.90667, 45.73013 ], [ 0.90776, 45.73188 ], [ 0.90655, 45.7386 ], [ 0.91057, 45.74811 ], [ 0.91063, 45.75139 ], [ 0.91164, 45.75114 ], [ 0.91355, 45.75266 ], [ 0.92095, 45.75516 ], [ 0.92536, 45.75531 ], [ 0.92678, 45.75674 ] ] } },
{ "type": "Feature", "properties": { "name": "Ruisseau de Gabaret", "weight_class": 1, "permanent": true, "length_km": 3.2 }, "geometry": { "type": "LineString", "coordinates": [ [ 0.96332, 45.7178 ], [ 0.96091, 45.72147 ], [ 0.96354, 45.7252 ], [ 0.96908, 45.73045 ], [ 0.97551, 45.73345 ], [ 0.97886, 45.73701 ], [ 0.97926, 45.73908 ] ] } },
{ "type": "Feature", "properties": { "name": "Ruisseau de Massaloux", "weight_class": 1, "permanent": true, "length_km": 6.3 }, "geometry": { "type": "LineString", "coordinates": [ [ 1.03323, 45.71134 ], [ 1.0325, 45.71253 ], [ 1.03514, 45.71761 ], [ 1.0336, 45.72073 ], [ 1.03056, 45.72171 ], [ 1.02744, 45.72551 ], [ 1.02409, 45.72523 ], [ 1.01981, 45.72855 ], [ 1.01418, 45.72781 ], [ 1.01293, 45.72851 ], [ 1.00892, 45.7284 ], [ 1.00653, 45.72663 ], [ 1.00669, 45.7254 ], [ 1.00421, 45.7266 ], [ 1.00071, 45.72519 ], [ 0.99739, 45.72666 ], [ 0.99523, 45.72656 ], [ 0.99434, 45.72857 ], [ 0.99182, 45.72804 ], [ 0.99035, 45.72976 ], [ 0.98712, 45.73017 ] ] } },
{ "type": "Feature", "properties": { "name": "Ruisseau de la Monnerie", "weight_class": 1, "permanent": true, "length_km": 4.9 }, "geometry": { "type": "LineString", "coordinates": [ [ 0.95819, 45.69314 ], [ 0.96357, 45.69746 ], [ 0.96309, 45.6991 ], [ 0.96688, 45.6999 ], [ 0.96872, 45.70246 ], [ 0.97338, 45.70549 ], [ 0.97428, 45.70999 ], [ 0.9732, 45.71281 ], [ 0.97573, 45.71471 ], [ 0.97791, 45.71884 ], [ 0.98113, 45.72108 ], [ 0.98259, 45.72068 ], [ 0.98274, 45.72235 ], [ 0.98527, 45.72346 ] ] } },
{ "type": "Feature", "properties": { "name": "Ruisseau le Gorret", "weight_class": 1, "permanent": true, "length_km": 2.6 }, "geometry": { "type": "LineString", "coordinates": [ [ 0.94499, 45.71116 ], [ 0.94255, 45.71217 ], [ 0.94173, 45.71471 ], [ 0.93603, 45.71861 ], [ 0.93303, 45.72226 ], [ 0.92881, 45.72433 ], [ 0.92631, 45.72842 ] ] } },
{ "type": "Feature", "properties": { "name": "Ruisseau de l'Étang de Chenevières", "weight_class": 1, "permanent": true, "length_km": 5.1 }, "geometry": { "type": "LineString", "coordinates": [ [ 1.03515, 45.67815 ], [ 1.03539, 45.67982 ], [ 1.03243, 45.6858 ], [ 1.03374, 45.68955 ], [ 1.03146, 45.69404 ], [ 1.02791, 45.6957 ], [ 1.0268, 45.69745 ], [ 1.02372, 45.69788 ], [ 1.02211, 45.69955 ], [ 1.022, 45.70156 ], [ 1.01949, 45.70296 ], [ 1.01408, 45.70399 ], [ 1.00722, 45.70779 ], [ 1.00216, 45.70667 ] ] } },
{ "type": "Feature", "properties": { "name": "Ruisseau de Mazardy", "weight_class": 1, "permanent": true, "length_km": 2.3 }, "geometry": { "type": "LineString", "coordinates": [ [ 0.97084, 45.68992 ], [ 0.97705, 45.69479 ], [ 0.97851, 45.69863 ], [ 0.97855, 45.70181 ], [ 0.97399, 45.70694 ] ] } },
{ "type": "Feature", "properties": { "name": "Ruisseau du Mas-Nadaud", "weight_class": 1, "permanent": true, "length_km": 5.9 }, "geometry": { "type": "LineString", "coordinates": [ [ 1.01131, 45.66052 ], [ 1.00906, 45.66274 ], [ 1.00812, 45.66624 ], [ 1.00513, 45.67047 ], [ 1.00198, 45.67287 ], [ 1.0015, 45.67607 ], [ 1.00285, 45.67731 ], [ 1.00123, 45.68268 ], [ 0.99417, 45.68758 ], [ 0.99766, 45.69468 ], [ 0.99563, 45.6984 ], [ 1.00208, 45.70401 ] ] } },
{ "type": "Feature", "properties": { "name": null, "weight_class": 1, "permanent": true, "length_km": 2.8 }, "geometry": { "type": "LineString", "coordinates": [ [ 1.00651, 45.81721 ], [ 1.00805, 45.81247 ], [ 1.01121, 45.8096 ], [ 1.00952, 45.80874 ], [ 1.00836, 45.80621 ], [ 1.00959, 45.80309 ], [ 1.0078, 45.80199 ], [ 1.00832, 45.80036 ], [ 1.00348, 45.79842 ], [ 1.00226, 45.79688 ] ] } },
{ "type": "Feature", "properties": { "name": null, "weight_class": 1, "permanent": false, "length_km": 3.5 }, "geometry": { "type": "LineString", "coordinates": [ [ 1.00105, 45.81872 ], [ 0.99625, 45.81841 ], [ 0.99507, 45.81631 ], [ 0.99564, 45.81287 ], [ 0.99718, 45.81119 ], [ 0.99547, 45.80981 ], [ 0.99616, 45.80748 ], [ 0.99388, 45.80413 ], [ 0.99727, 45.7999 ], [ 0.99565, 45.79656 ], [ 0.99816, 45.79533 ] ] } },
{ "type": "Feature", "properties": { "name": "le Trinsolas", "weight_class": 1, "permanent": true, "length_km": 6.2 }, "geometry": { "type": "LineString", "coordinates": [ [ 0.98296, 45.8112 ], [ 0.98028, 45.81099 ], [ 0.97372, 45.81326 ], [ 0.96904, 45.81255 ], [ 0.96526, 45.81557 ], [ 0.96262, 45.81652 ], [ 0.95628, 45.81625 ], [ 0.95107, 45.81944 ], [ 0.94923, 45.81941 ], [ 0.94751, 45.81724 ], [ 0.94553, 45.81701 ], [ 0.94029, 45.82055 ], [ 0.93795, 45.82104 ], [ 0.93352, 45.81994 ], [ 0.92417, 45.81396 ], [ 0.9219, 45.81423 ] ] } },
{ "type": "Feature", "properties": { "name": null, "weight_class": 1, "permanent": true, "length_km": 4.0 }, "geometry": { "type": "LineString", "coordinates": [ [ 0.98196, 45.80732 ], [ 0.9786, 45.80609 ], [ 0.97556, 45.80642 ], [ 0.97315, 45.80416 ], [ 0.9677, 45.80205 ], [ 0.96251, 45.80119 ], [ 0.95704, 45.80132 ], [ 0.95386, 45.80294 ], [ 0.95072, 45.80266 ], [ 0.94519, 45.80403 ], [ 0.94259, 45.80346 ], [ 0.93738, 45.80505 ] ] } },
{ "type": "Feature", "properties": { "name": null, "weight_class": 1, "permanent": true, "length_km": 3.4 }, "geometry": { "type": "LineString", "coordinates": [ [ 0.98373, 45.80492 ], [ 0.97998, 45.80185 ], [ 0.97916, 45.7994 ], [ 0.9714, 45.79561 ], [ 0.96941, 45.79266 ], [ 0.96405, 45.7911 ], [ 0.96323, 45.78953 ], [ 0.9559, 45.78513 ] ] } },
{ "type": "Feature", "properties": { "name": null, "weight_class": 1, "permanent": false, "length_km": 2.3 }, "geometry": { "type": "LineString", "coordinates": [ [ 1.02993, 45.77668 ], [ 1.01654, 45.78208 ], [ 1.01114, 45.78193 ], [ 1.00753, 45.7835 ], [ 1.00415, 45.78316 ] ] } },
{ "type": "Feature", "properties": { "name": "le Gôt", "weight_class": 1, "permanent": true, "length_km": 9.7 }, "geometry": { "type": "LineString", "coordinates": [ [ 1.03434, 45.77117 ], [ 1.0386, 45.7682 ], [ 1.03795, 45.76531 ], [ 1.03948, 45.76025 ], [ 1.04443, 45.75478 ], [ 1.04805, 45.75253 ], [ 1.04967, 45.75047 ], [ 1.049, 45.74924 ], [ 1.06581, 45.74386 ], [ 1.06881, 45.74557 ], [ 1.07528, 45.74573 ], [ 1.07688, 45.74807 ], [ 1.08287, 45.74834 ], [ 1.08527, 45.75002 ], [ 1.09449, 45.75005 ], [ 1.09756, 45.75262 ], [ 1.09675, 45.75424 ], [ 1.09956, 45.75584 ], [ 1.1043, 45.75641 ], [ 1.1076, 45.758 ], [ 1.11078, 45.75756 ], [ 1.1139, 45.75827 ] ] } },
{ "type": "Feature", "properties": { "name": null, "weight_class": 1, "permanent": false, "length_km": 2.1 }, "geometry": { "type": "LineString", "coordinates": [ [ 1.00933, 45.7428 ], [ 1.00427, 45.73995 ], [ 1.00221, 45.73528 ], [ 0.99557, 45.73142 ], [ 0.99374, 45.72873 ] ] } },
{ "type": "Feature", "properties": { "name": null, "weight_class": 1, "permanent": true, "length_km": 2.2 }, "geometry": { "type": "LineString", "coordinates": [ [ 1.05052, 45.72442 ], [ 1.04976, 45.72611 ], [ 1.04614, 45.72733 ], [ 1.03713, 45.72829 ], [ 1.03109, 45.72782 ], [ 1.02705, 45.72564 ] ] } },
{ "type": "Feature", "properties": { "name": null, "weight_class": 1, "permanent": false, "length_km": 3.1 }, "geometry": { "type": "LineString", "coordinates": [ [ 1.04389, 45.68875 ], [ 1.04307, 45.69041 ], [ 1.04428, 45.6936 ], [ 1.04292, 45.69979 ], [ 1.04396, 45.70256 ], [ 1.04877, 45.7044 ], [ 1.06057, 45.7044 ] ] } },
{ "type": "Feature", "properties": { "name": null, "weight_class": 1, "permanent": true, "length_km": 3.3 }, "geometry": { "type": "LineString", "coordinates": [ [ 1.03946, 45.67856 ], [ 1.03969, 45.6797 ], [ 1.04505, 45.68295 ], [ 1.05151, 45.68294 ], [ 1.05495, 45.68397 ], [ 1.05666, 45.68568 ], [ 1.05612, 45.68734 ], [ 1.06026, 45.69011 ], [ 1.06816, 45.69296 ] ] } },
{ "type": "Feature", "properties": { "name": null, "weight_class": 1, "permanent": false, "length_km": 2.0 }, "geometry": { "type": "LineString", "coordinates": [ [ 0.99532, 45.67194 ], [ 0.99242, 45.67365 ], [ 0.99133, 45.68028 ], [ 0.98991, 45.682 ], [ 0.99417, 45.68758 ] ] } },
{ "type": "Feature", "properties": { "name": null, "weight_class": 1, "permanent": true, "length_km": 3.5 }, "geometry": { "type": "LineString", "coordinates": [ [ 1.03898, 45.6649 ], [ 1.04291, 45.66465 ], [ 1.0453, 45.66582 ], [ 1.05027, 45.66596 ], [ 1.05538, 45.67304 ], [ 1.05832, 45.67399 ], [ 1.05968, 45.67622 ], [ 1.07052, 45.67946 ] ] } },
{ "type": "Feature", "properties": { "name": "Ruisseau de Couffiégeas", "weight_class": 1, "permanent": false, "length_km": 2.4 }, "geometry": { "type": "LineString", "coordinates": [ [ 0.89523, 45.80767 ], [ 0.9023, 45.80731 ], [ 0.90501, 45.80913 ], [ 0.91131, 45.81024 ], [ 0.91596, 45.80991 ], [ 0.92275, 45.81289 ] ] } },
{ "type": "Feature", "properties": { "name": "Ruisseau des Combes", "weight_class": 1, "permanent": true, "length_km": 6.7 }, "geometry": { "type": "LineString", "coordinates": [ [ 0.86702, 45.76315 ], [ 0.86344, 45.76556 ], [ 0.86201, 45.77083 ], [ 0.86405, 45.77484 ], [ 0.86237, 45.77754 ], [ 0.85669, 45.78168 ], [ 0.8506, 45.78428 ], [ 0.84707, 45.78895 ], [ 0.84663, 45.79385 ], [ 0.84386, 45.79895 ], [ 0.84274, 45.80473 ], [ 0.83731, 45.81341 ] ] } },
{ "type": "Feature", "properties": { "name": "Ruisseau la Pruneille", "weight_class": 1, "permanent": false, "length_km": 3.4 }, "geometry": { "type": "LineString", "coordinates": [ [ 0.80298, 45.7449 ], [ 0.79749, 45.74674 ], [ 0.79377, 45.75179 ], [ 0.79412, 45.75468 ], [ 0.79828, 45.76108 ], [ 0.79759, 45.76449 ], [ 0.80114, 45.76985 ] ] } },
{ "type": "Feature", "properties": { "name": "Rivière la Graine", "weight_class": 1, "permanent": true, "length_km": 2.2 }, "geometry": { "type": "LineString", "coordinates": [ [ 0.87941, 45.75195 ], [ 0.88034, 45.7546 ], [ 0.8786, 45.75634 ], [ 0.88366, 45.76384 ], [ 0.88539, 45.7699 ] ] } },
{ "type": "Feature", "properties": { "name": "Ruisseau de la Moulinasse", "weight_class": 1, "permanent": true, "length_km": 3.4 }, "geometry": { "type": "LineString", "coordinates": [ [ 0.88211, 45.73352 ], [ 0.88858, 45.73448 ], [ 0.89392, 45.74082 ], [ 0.89854, 45.74263 ], [ 0.89845, 45.74437 ], [ 0.90072, 45.7467 ], [ 0.90585, 45.7498 ], [ 0.91055, 45.75098 ] ] } },
{ "type": "Feature", "properties": { "name": "Ruisseau la Tourate", "weight_class": 1, "permanent": false, "length_km": 2.0 }, "geometry": { "type": "LineString", "coordinates": [ [ 0.80856, 45.74115 ], [ 0.81169, 45.74414 ], [ 0.81556, 45.74372 ], [ 0.81823, 45.74545 ], [ 0.81989, 45.75022 ], [ 0.8238, 45.75324 ] ] } },
{ "type": "Feature", "properties": { "name": "Ruisseau la Tourate", "weight_class": 1, "permanent": false, "length_km": 2.8 }, "geometry": { "type": "LineString", "coordinates": [ [ 0.82231, 45.73873 ], [ 0.82251, 45.74447 ], [ 0.82654, 45.75007 ], [ 0.82638, 45.75121 ], [ 0.8244, 45.75185 ], [ 0.82334, 45.75467 ], [ 0.82582, 45.7584 ], [ 0.82888, 45.75998 ] ] } },
{ "type": "Feature", "properties": { "name": null, "weight_class": 1, "permanent": false, "length_km": 4.1 }, "geometry": { "type": "LineString", "coordinates": [ [ 0.88927, 45.81286 ], [ 0.88317, 45.81718 ], [ 0.88305, 45.8226 ], [ 0.87946, 45.82525 ], [ 0.87806, 45.82768 ], [ 0.87847, 45.82946 ], [ 0.88356, 45.83308 ], [ 0.88746, 45.84308 ] ] } },
{ "type": "Feature", "properties": { "name": "la Vayres", "weight_class": 1, "permanent": true, "length_km": 14.8 }, "geometry": { "type": "LineString", "coordinates": [ [ 0.88059, 45.74081 ], [ 0.87935, 45.74225 ], [ 0.87527, 45.74373 ], [ 0.87154, 45.74348 ], [ 0.87038, 45.74494 ], [ 0.86285, 45.74647 ], [ 0.86018, 45.74607 ], [ 0.85592, 45.74378 ], [ 0.85278, 45.74416 ], [ 0.84995, 45.74347 ], [ 0.84452, 45.74619 ], [ 0.84169, 45.75139 ], [ 0.83571, 45.75582 ], [ 0.83469, 45.75807 ], [ 0.83035, 45.75855 ], [ 0.82713, 45.76186 ], [ 0.82326, 45.76322 ], [ 0.82413, 45.76479 ], [ 0.82334, 45.76815 ], [ 0.81737, 45.77328 ], [ 0.81478, 45.77817 ], [ 0.81658, 45.78014 ], [ 0.81641, 45.78229 ], [ 0.8189, 45.78367 ], [ 0.81782, 45.78561 ], [ 0.81926, 45.78718 ], [ 0.81793, 45.78827 ], [ 0.81924, 45.78996 ], [ 0.81794, 45.79118 ], [ 0.81877, 45.7923 ], [ 0.81795, 45.79565 ], [ 0.81896, 45.7978 ], [ 0.82117, 45.79884 ], [ 0.82208, 45.80236 ], [ 0.82419, 45.80475 ], [ 0.82282, 45.80783 ], [ 0.82317, 45.81111 ], [ 0.81984, 45.81372 ], [ 0.81977, 45.81589 ], [ 0.82064, 45.81587 ], [ 0.8221, 45.81956 ] ] } },
{ "type": "Feature", "properties": { "name": "la Judie", "weight_class": 1, "permanent": true, "length_km": 6.3 }, "geometry": { "type": "LineString", "coordinates": [ [ 0.78657, 45.78773 ], [ 0.78778, 45.79008 ], [ 0.78523, 45.79206 ], [ 0.78416, 45.79605 ], [ 0.78744, 45.79986 ], [ 0.78762, 45.80254 ], [ 0.78296, 45.8101 ], [ 0.78237, 45.81423 ], [ 0.7789, 45.8152 ], [ 0.77689, 45.81813 ], [ 0.77108, 45.82283 ], [ 0.76827, 45.82751 ], [ 0.76716, 45.8298 ], [ 0.76917, 45.83534 ] ] } },
{ "type": "Feature", "properties": { "name": null, "weight_class": 1, "permanent": false, "length_km": 2.2 }, "geometry": { "type": "LineString", "coordinates": [ [ 0.9083, 45.78541 ], [ 0.91175, 45.78989 ], [ 0.91098, 45.79437 ], [ 0.9087, 45.79673 ], [ 0.91472, 45.8012 ] ] } },
{ "type": "Feature", "properties": { "name": "le Gros Bos", "weight_class": 1, "permanent": false, "length_km": 2.7 }, "geometry": { "type": "LineString", "coordinates": [ [ 0.9007, 45.76555 ], [ 0.9125, 45.77284 ], [ 0.91585, 45.77302 ], [ 0.92255, 45.77617 ], [ 0.92827, 45.77675 ] ] } },
{ "type": "Feature", "properties": { "name": "le Grava", "weight_class": 1, "permanent": true, "length_km": 4.1 }, "geometry": { "type": "LineString", "coordinates": [ [ 0.77383, 45.76178 ], [ 0.77585, 45.76175 ], [ 0.77769, 45.76363 ], [ 0.78699, 45.76707 ], [ 0.7899, 45.76901 ], [ 0.79728, 45.76887 ], [ 0.80294, 45.76998 ], [ 0.80518, 45.77185 ], [ 0.81144, 45.77378 ], [ 0.8151, 45.77685 ] ] } },
{ "type": "Feature", "properties": { "name": null, "weight_class": 1, "permanent": true, "length_km": 2.1 }, "geometry": { "type": "LineString", "coordinates": [ [ 0.89736, 45.75646 ], [ 0.90037, 45.7584 ], [ 0.90343, 45.75885 ], [ 0.90827, 45.75834 ], [ 0.91172, 45.75634 ], [ 0.91532, 45.75671 ], [ 0.91974, 45.75461 ] ] } },
{ "type": "Feature", "properties": { "name": null, "weight_class": 1, "permanent": true, "length_km": 2.4 }, "geometry": { "type": "LineString", "coordinates": [ [ 0.86626, 45.75803 ], [ 0.86319, 45.75731 ], [ 0.8563, 45.75871 ], [ 0.85179, 45.75794 ], [ 0.84682, 45.75418 ], [ 0.83972, 45.7532 ] ] } },
{ "type": "Feature", "properties": { "name": null, "weight_class": 1, "permanent": true, "length_km": 2.7 }, "geometry": { "type": "MultiLineString", "coordinates": [ [ [ 0.78442, 45.7851 ], [ 0.78731, 45.78427 ], [ 0.78879, 45.78285 ], [ 0.79044, 45.78233 ], [ 0.79299, 45.78077 ], [ 0.7937, 45.78062 ] ], [ [ 0.79301, 45.78168 ], [ 0.7937, 45.78062 ] ], [ [ 0.7937, 45.78062 ], [ 0.8038, 45.77777 ], [ 0.8094, 45.77285 ] ] ] } },
{ "type": "Feature", "properties": { "name": "Ruisseau de Vicq", "weight_class": 1, "permanent": true, "length_km": 4.2 }, "geometry": { "type": "LineString", "coordinates": [ [ 1.41291, 45.64193 ], [ 1.41229, 45.64333 ], [ 1.40997, 45.64446 ], [ 1.4067, 45.64334 ], [ 1.4032, 45.64331 ], [ 1.39778, 45.64512 ], [ 1.39519, 45.64413 ], [ 1.38795, 45.64383 ], [ 1.38568, 45.64263 ], [ 1.38181, 45.64404 ], [ 1.375, 45.64247 ], [ 1.37001, 45.64405 ], [ 1.36694, 45.6433 ] ] } },
{ "type": "Feature", "properties": { "name": null, "weight_class": 1, "permanent": false, "length_km": 2.3 }, "geometry": { "type": "LineString", "coordinates": [ [ 1.33986, 45.62004 ], [ 1.34144, 45.62083 ], [ 1.34146, 45.62276 ], [ 1.34527, 45.62512 ], [ 1.34653, 45.62713 ], [ 1.3582, 45.63075 ], [ 1.36102, 45.63052 ] ] } },
{ "type": "Feature", "properties": { "name": "le Theil/Ruisseau de Champagnac", "weight_class": 1, "permanent": true, "length_km": 8.4 }, "geometry": { "type": "LineString", "coordinates": [ [ 1.3014, 45.60301 ], [ 1.30331, 45.60228 ], [ 1.30665, 45.60361 ], [ 1.30983, 45.60363 ], [ 1.31132, 45.60501 ], [ 1.31223, 45.60839 ], [ 1.31119, 45.60994 ], [ 1.31456, 45.61741 ], [ 1.3132, 45.61917 ], [ 1.31353, 45.62579 ], [ 1.31796, 45.63454 ], [ 1.31792, 45.6395 ], [ 1.31508, 45.64447 ], [ 1.31312, 45.64579 ], [ 1.31276, 45.64776 ], [ 1.30666, 45.65165 ], [ 1.30639, 45.65413 ], [ 1.30078, 45.65201 ], [ 1.29589, 45.65342 ] ] } },
{ "type": "Feature", "properties": { "name": "le Juvet/Ruisseau de Juvet", "weight_class": 1, "permanent": true, "length_km": 7.2 }, "geometry": { "type": "LineString", "coordinates": [ [ 1.26303, 45.61001 ], [ 1.26788, 45.61657 ], [ 1.25934, 45.62582 ], [ 1.25828, 45.63054 ], [ 1.26056, 45.63311 ], [ 1.26082, 45.63582 ], [ 1.26558, 45.63922 ], [ 1.26679, 45.64205 ], [ 1.27477, 45.64541 ], [ 1.27852, 45.64433 ], [ 1.28409, 45.64425 ], [ 1.29257, 45.65052 ] ] } },
{ "type": "Feature", "properties": { "name": null, "weight_class": 1, "permanent": false, "length_km": 3.0 }, "geometry": { "type": "LineString", "coordinates": [ [ 1.2485, 45.61791 ], [ 1.24557, 45.6184 ], [ 1.24395, 45.62092 ], [ 1.2465, 45.62799 ], [ 1.25613, 45.6357 ], [ 1.26082, 45.63582 ] ] } },
{ "type": "Feature", "properties": { "name": "Ruisseau Noir", "weight_class": 1, "permanent": true, "length_km": 5.3 }, "geometry": { "type": "LineString", "coordinates": [ [ 1.37302, 45.58055 ], [ 1.37161, 45.58283 ], [ 1.3721, 45.58427 ], [ 1.36959, 45.5866 ], [ 1.37044, 45.5893 ], [ 1.37231, 45.59051 ], [ 1.37265, 45.5946 ], [ 1.37715, 45.59705 ], [ 1.37889, 45.59986 ], [ 1.38246, 45.60066 ], [ 1.38343, 45.60178 ], [ 1.38095, 45.60409 ], [ 1.37957, 45.60411 ], [ 1.37968, 45.60651 ], [ 1.37807, 45.60742 ], [ 1.37715, 45.61096 ], [ 1.37534, 45.61293 ], [ 1.37492, 45.61671 ] ] } },
{ "type": "Feature", "properties": { "name": "l'Issaure", "weight_class": 1, "permanent": true, "length_km": 6.8 }, "geometry": { "type": "LineString", "coordinates": [ [ 1.41699, 45.59184 ], [ 1.41706, 45.59308 ], [ 1.41376, 45.59665 ], [ 1.41354, 45.59916 ], [ 1.40949, 45.60062 ], [ 1.40961, 45.60302 ], [ 1.40838, 45.60409 ], [ 1.40346, 45.60678 ], [ 1.39916, 45.60485 ], [ 1.3958, 45.60546 ], [ 1.39403, 45.60458 ], [ 1.39307, 45.60753 ], [ 1.3903, 45.6083 ], [ 1.388, 45.61096 ], [ 1.38509, 45.61208 ], [ 1.38051, 45.6121 ], [ 1.37855, 45.61685 ], [ 1.37179, 45.61693 ], [ 1.36899, 45.61961 ], [ 1.36853, 45.62145 ] ] } },
{ "type": "Feature", "properties": { "name": null, "weight_class": 1, "permanent": true, "length_km": 2.7 }, "geometry": { "type": "LineString", "coordinates": [ [ 1.36203, 45.59362 ], [ 1.35623, 45.59935 ], [ 1.3581, 45.60031 ], [ 1.35601, 45.60787 ], [ 1.35713, 45.61257 ], [ 1.35626, 45.61381 ] ] } },
{ "type": "Feature", "properties": { "name": null, "weight_class": 1, "permanent": false, "length_km": 2.2 }, "geometry": { "type": "LineString", "coordinates": [ [ 1.23091, 45.63608 ], [ 1.235, 45.63556 ], [ 1.23853, 45.63631 ], [ 1.24168, 45.63377 ], [ 1.24648, 45.63396 ], [ 1.25043, 45.63542 ], [ 1.25213, 45.63547 ], [ 1.25415, 45.63421 ] ] } },
{ "type": "Feature", "properties": { "name": "la Franche Doire", "weight_class": 1, "permanent": true, "length_km": 10.3 }, "geometry": { "type": "LineString", "coordinates": [ [ 0.90799, 46.18352 ], [ 0.908, 46.1879 ], [ 0.91446, 46.19382 ], [ 0.91574, 46.19845 ], [ 0.91437, 46.20297 ], [ 0.91051, 46.20556 ], [ 0.90635, 46.21258 ], [ 0.89922, 46.21693 ], [ 0.89694, 46.21955 ], [ 0.89138, 46.21981 ], [ 0.88876, 46.22256 ], [ 0.87853, 46.22527 ], [ 0.87474, 46.22841 ], [ 0.87151, 46.22985 ], [ 0.86922, 46.22965 ], [ 0.86662, 46.23183 ], [ 0.86379, 46.23208 ], [ 0.85996, 46.23542 ], [ 0.85194, 46.23598 ], [ 0.84884, 46.23826 ], [ 0.8456, 46.2388 ], [ 0.84456, 46.23776 ] ] } },
{ "type": "Feature", "properties": { "name": "la Vienne", "weight_class": 4, "permanent": true, "length_km": 133.5 }, "geometry": { "type": "MultiLineString", "coordinates": [ [ [ 0.81995, 45.87938 ], [ 0.81666, 45.87803 ], [ 0.81208, 45.87294 ], [ 0.8073, 45.87018 ] ], [ [ 1.91562, 45.68688 ], [ 1.91443, 45.68625 ], [ 1.91202, 45.68688 ], [ 1.90995, 45.68882 ], [ 1.90934, 45.68641 ], [ 1.90764, 45.68585 ], [ 1.91008, 45.68424 ], [ 1.90947, 45.68275 ], [ 1.90373, 45.68165 ], [ 1.89979, 45.68476 ], [ 1.89709, 45.68549 ], [ 1.89537, 45.69286 ], [ 1.89872, 45.69584 ], [ 1.89822, 45.70042 ], [ 1.89436, 45.70269 ], [ 1.89082, 45.70299 ], [ 1.88668, 45.7093 ], [ 1.8828, 45.71013 ], [ 1.88149, 45.70918 ], [ 1.87875, 45.70916 ], [ 1.8769, 45.70771 ], [ 1.8755, 45.70794 ], [ 1.87486, 45.70963 ], [ 1.87111, 45.70824 ], [ 1.86241, 45.70092 ], [ 1.86047, 45.69528 ], [ 1.86175, 45.6933 ], [ 1.8604, 45.69079 ], [ 1.85079, 45.69053 ], [ 1.85076, 45.68457 ], [ 1.8492, 45.68413 ], [ 1.84721, 45.6858 ], [ 1.84236, 45.68642 ], [ 1.8414, 45.68791 ], [ 1.84259, 45.69062 ], [ 1.84759, 45.69455 ], [ 1.84595, 45.69875 ], [ 1.849, 45.70438 ], [ 1.84768, 45.70674 ], [ 1.84894, 45.7084 ], [ 1.84705, 45.71047 ], [ 1.84795, 45.71252 ], [ 1.84384, 45.71209 ], [ 1.84166, 45.71605 ], [ 1.83595, 45.71511 ], [ 1.83336, 45.71678 ], [ 1.82921, 45.71417 ], [ 1.82452, 45.7147 ], [ 1.82329, 45.71663 ], [ 1.82437, 45.72064 ], [ 1.82069, 45.72055 ], [ 1.81696, 45.72293 ], [ 1.81522, 45.72101 ], [ 1.81389, 45.71588 ], [ 1.81261, 45.71525 ], [ 1.80391, 45.71642 ], [ 1.80069, 45.71844 ], [ 1.79981, 45.72141 ], [ 1.79732, 45.72099 ], [ 1.79661, 45.71826 ], [ 1.78927, 45.71537 ], [ 1.7861, 45.71636 ], [ 1.78618, 45.71794 ], [ 1.78426, 45.71906 ], [ 1.77324, 45.71655 ], [ 1.7717, 45.71841 ], [ 1.76641, 45.71961 ], [ 1.76522, 45.72147 ], [ 1.76218, 45.72177 ], [ 1.76059, 45.72373 ], [ 1.76182, 45.72675 ], [ 1.75902, 45.72929 ], [ 1.76029, 45.7324 ], [ 1.75911, 45.73338 ], [ 1.75446, 45.73303 ], [ 1.75377, 45.73731 ], [ 1.75257, 45.73836 ], [ 1.74691, 45.73779 ], [ 1.74478, 45.74033 ], [ 1.74112, 45.74075 ], [ 1.73776, 45.73889 ], [ 1.73567, 45.73975 ], [ 1.73264, 45.74314 ], [ 1.72521, 45.74294 ], [ 1.72674, 45.7474 ], [ 1.72532, 45.74775 ], [ 1.72431, 45.74643 ], [ 1.72205, 45.74664 ], [ 1.72125, 45.74733 ], [ 1.722, 45.74919 ], [ 1.7203, 45.75079 ], [ 1.70934, 45.74938 ], [ 1.70569, 45.75197 ], [ 1.70124, 45.75231 ], [ 1.70174, 45.75775 ], [ 1.7, 45.75751 ], [ 1.69998, 45.75536 ], [ 1.6985, 45.75493 ], [ 1.69104, 45.75812 ], [ 1.68527, 45.75673 ], [ 1.68401, 45.75392 ], [ 1.68566, 45.751 ], [ 1.68372, 45.74885 ], [ 1.68079, 45.74839 ], [ 1.67906, 45.74957 ], [ 1.68056, 45.75117 ], [ 1.68001, 45.75273 ], [ 1.6758, 45.753 ], [ 1.66979, 45.75687 ], [ 1.66775, 45.75882 ], [ 1.66727, 45.7617 ], [ 1.66355, 45.76099 ], [ 1.65906, 45.76202 ], [ 1.65157, 45.75933 ], [ 1.65013, 45.75734 ], [ 1.64766, 45.75707 ], [ 1.64625, 45.75861 ], [ 1.64913, 45.76017 ], [ 1.64967, 45.76222 ], [ 1.64547, 45.76406 ], [ 1.6429, 45.76372 ], [ 1.64179, 45.76715 ], [ 1.63886, 45.7685 ], [ 1.63016, 45.76392 ], [ 1.62294, 45.7624 ], [ 1.61613, 45.76594 ], [ 1.61463, 45.77091 ], [ 1.61109, 45.77387 ], [ 1.60732, 45.7741 ], [ 1.60403, 45.77291 ], [ 1.60134, 45.76838 ], [ 1.59906, 45.76744 ], [ 1.59297, 45.76934 ], [ 1.58478, 45.77366 ], [ 1.58478, 45.77773 ], [ 1.5784, 45.77698 ], [ 1.57347, 45.78199 ], [ 1.56998, 45.78216 ], [ 1.56773, 45.77979 ], [ 1.56565, 45.77989 ], [ 1.56449, 45.78109 ], [ 1.5667, 45.78284 ], [ 1.56606, 45.78389 ], [ 1.55631, 45.78444 ], [ 1.54881, 45.78947 ], [ 1.53122, 45.79603 ], [ 1.52647, 45.80304 ], [ 1.51905, 45.80461 ], [ 1.51509, 45.80911 ], [ 1.50925, 45.81246 ], [ 1.49977, 45.81353 ], [ 1.49841, 45.81622 ], [ 1.49176, 45.82219 ], [ 1.47901, 45.83022 ], [ 1.47792, 45.8343 ], [ 1.47563, 45.83447 ], [ 1.4691, 45.83758 ], [ 1.46684, 45.84702 ], [ 1.45926, 45.85367 ], [ 1.45283, 45.85656 ], [ 1.45081, 45.8595 ], [ 1.44721, 45.86194 ], [ 1.4408, 45.86176 ], [ 1.43806, 45.86543 ], [ 1.43468, 45.86761 ], [ 1.4313, 45.86928 ], [ 1.42761, 45.86966 ], [ 1.42707, 45.87241 ], [ 1.42386, 45.87497 ], [ 1.42125, 45.87997 ], [ 1.4155, 45.88486 ], [ 1.39532, 45.8847 ], [ 1.39021, 45.87977 ], [ 1.38101, 45.87719 ], [ 1.37767, 45.87493 ], [ 1.36484, 45.87342 ], [ 1.34971, 45.87388 ], [ 1.33926, 45.87181 ], [ 1.33247, 45.86885 ], [ 1.33139, 45.86729 ], [ 1.33189, 45.86546 ], [ 1.32601, 45.85981 ], [ 1.31843, 45.85791 ], [ 1.30551, 45.8489 ], [ 1.29153, 45.84343 ], [ 1.28837, 45.8403 ], [ 1.28078, 45.83609 ], [ 1.27626, 45.83137 ], [ 1.27062, 45.82893 ], [ 1.26724, 45.8213 ], [ 1.25231, 45.81646 ], [ 1.24069, 45.80927 ], [ 1.23672, 45.80447 ], [ 1.23334, 45.80352 ], [ 1.23147, 45.80046 ], [ 1.2259, 45.79727 ], [ 1.21872, 45.78896 ], [ 1.20982, 45.78516 ], [ 1.20663, 45.78243 ], [ 1.19525, 45.78168 ], [ 1.19152, 45.78195 ], [ 1.1871, 45.78529 ], [ 1.1813, 45.78599 ], [ 1.17306, 45.78909 ], [ 1.16101, 45.7892 ], [ 1.14726, 45.79465 ], [ 1.13885, 45.79963 ], [ 1.12907, 45.79935 ], [ 1.12468, 45.8004 ], [ 1.11551, 45.8111 ], [ 1.11763, 45.8154 ], [ 1.118, 45.8195 ], [ 1.11416, 45.82111 ], [ 1.11238, 45.82355 ], [ 1.11908, 45.82989 ], [ 1.1192, 45.83376 ], [ 1.11099, 45.83521 ], [ 1.1046, 45.83414 ], [ 1.1002, 45.83625 ], [ 1.097, 45.84465 ], [ 1.09076, 45.85299 ], [ 1.08963, 45.85832 ], [ 1.08526, 45.86281 ], [ 1.08296, 45.86308 ], [ 1.07491, 45.86029 ], [ 1.06668, 45.86202 ], [ 1.05753, 45.86856 ], [ 1.05414, 45.87387 ], [ 1.04176, 45.87793 ], [ 1.03828, 45.87853 ], [ 1.03435, 45.87757 ], [ 1.02911, 45.87763 ], [ 1.02252, 45.876 ], [ 1.0166, 45.87647 ], [ 1.0081, 45.8749 ], [ 0.99884, 45.87649 ], [ 0.98377, 45.87702 ], [ 0.97847, 45.87502 ], [ 0.97329, 45.87127 ], [ 0.97067, 45.87099 ], [ 0.96632, 45.87218 ], [ 0.95537, 45.87322 ], [ 0.94918, 45.87896 ], [ 0.94371, 45.87929 ], [ 0.93012, 45.88221 ], [ 0.92089, 45.88049 ], [ 0.90323, 45.8797 ], [ 0.89616, 45.88016 ], [ 0.89197, 45.88185 ], [ 0.88837, 45.88651 ], [ 0.8856, 45.88754 ], [ 0.88154, 45.88555 ], [ 0.87858, 45.88518 ], [ 0.86844, 45.88714 ], [ 0.86149, 45.88621 ], [ 0.85413, 45.88831 ], [ 0.84666, 45.88518 ], [ 0.84438, 45.88511 ], [ 0.84132, 45.8867 ], [ 0.83214, 45.88294 ], [ 0.82715, 45.88277 ] ] ] } },
{ "type": "Feature", "properties": { "name": "la Graine", "weight_class": 1, "permanent": true, "length_km": 13.6 }, "geometry": { "type": "LineString", "coordinates": [ [ 0.87518, 45.77066 ], [ 0.88143, 45.77153 ], [ 0.88752, 45.77455 ], [ 0.89141, 45.78035 ], [ 0.89184, 45.78378 ], [ 0.88839, 45.78771 ], [ 0.88773, 45.79181 ], [ 0.87871, 45.7938 ], [ 0.87671, 45.79574 ], [ 0.87384, 45.79568 ], [ 0.87213, 45.79835 ], [ 0.86956, 45.79999 ], [ 0.8671, 45.80012 ], [ 0.85942, 45.80686 ], [ 0.85674, 45.80653 ], [ 0.84659, 45.81179 ], [ 0.83384, 45.81451 ], [ 0.82677, 45.81872 ], [ 0.82434, 45.8185 ], [ 0.82073, 45.82028 ], [ 0.81682, 45.81922 ], [ 0.81648, 45.82277 ], [ 0.81442, 45.82385 ], [ 0.81148, 45.82351 ], [ 0.80662, 45.82889 ], [ 0.8003, 45.82921 ], [ 0.79985, 45.8309 ], [ 0.79705, 45.83217 ] ] } },
{ "type": "Feature", "properties": { "name": "Rivière la Vienne", "weight_class": 3, "permanent": true, "length_km": 7.9 }, "geometry": { "type": "MultiLineString", "coordinates": [ [ [ 0.86223, 45.88617 ], [ 0.86046, 45.88417 ], [ 0.84814, 45.88423 ], [ 0.84424, 45.8835 ], [ 0.84017, 45.88413 ], [ 0.8311, 45.88272 ] ], [ [ 0.87704, 45.88449 ], [ 0.87366, 45.88377 ], [ 0.87043, 45.88667 ] ], [ [ 0.87704, 45.88449 ], [ 0.87648, 45.88539 ] ], [ [ 0.88108, 45.88541 ], [ 0.87872, 45.8842 ], [ 0.87704, 45.88449 ] ], [ [ 0.97465, 45.87259 ], [ 0.96962, 45.87141 ] ], [ [ 1.10648, 45.83544 ], [ 1.10556, 45.83567 ], [ 1.10301, 45.83545 ], [ 1.09974, 45.83853 ] ], [ [ 1.10648, 45.83544 ], [ 1.10337, 45.83481 ] ], [ [ 1.1085, 45.83488 ], [ 1.10648, 45.83544 ] ], [ [ 1.11573, 45.83482 ], [ 1.11255, 45.83568 ], [ 1.11099, 45.83521 ] ], [ [ 1.11303, 45.82453 ], [ 1.11512, 45.82765 ], [ 1.11775, 45.82856 ] ], [ [ 1.11781, 45.8189 ], [ 1.11416, 45.82111 ] ], [ [ 1.11682, 45.81388 ], [ 1.11939, 45.81629 ], [ 1.118, 45.81836 ] ], [ [ 1.47593, 45.8344 ], [ 1.47289, 45.83487 ], [ 1.47193, 45.83598 ] ] ] } },
{ "type": "Feature", "properties": { "name": "Ruisseau du Masbareau", "weight_class": 1, "permanent": false, "length_km": 2.5 }, "geometry": { "type": "LineString", "coordinates": [ [ 1.42118, 45.81779 ], [ 1.42381, 45.8288 ], [ 1.42671, 45.82994 ], [ 1.42756, 45.83239 ], [ 1.43225, 45.83339 ], [ 1.43313, 45.83494 ] ] } },
{ "type": "Feature", "properties": { "name": "la Boucheuse", "weight_class": 1, "permanent": true, "length_km": 28.9 }, "geometry": { "type": "MultiLineString", "coordinates": [ [ [ 1.26144, 45.45075 ], [ 1.25606, 45.45218 ], [ 1.25223, 45.44751 ], [ 1.25268, 45.44479 ] ], [ [ 1.26472, 45.45315 ], [ 1.26252, 45.4505 ] ], [ [ 1.26663, 45.45979 ], [ 1.26498, 45.45737 ], [ 1.26276, 45.45686 ], [ 1.26257, 45.45515 ], [ 1.26472, 45.45406 ] ], [ [ 1.39264, 45.50682 ], [ 1.39143, 45.50775 ], [ 1.38348, 45.50889 ], [ 1.38329, 45.51009 ], [ 1.38196, 45.51 ], [ 1.38117, 45.51124 ], [ 1.37479, 45.51083 ], [ 1.3717, 45.50761 ], [ 1.36637, 45.50542 ], [ 1.36615, 45.50449 ], [ 1.36756, 45.50439 ], [ 1.36818, 45.50301 ], [ 1.36778, 45.50118 ], [ 1.36391, 45.49818 ], [ 1.35968, 45.49758 ], [ 1.35802, 45.49632 ], [ 1.35786, 45.49452 ], [ 1.3542, 45.49465 ], [ 1.35358, 45.49372 ], [ 1.35526, 45.49246 ], [ 1.355, 45.49107 ], [ 1.34809, 45.49225 ], [ 1.3471, 45.49107 ], [ 1.34875, 45.49021 ], [ 1.34871, 45.48879 ], [ 1.33838, 45.48776 ], [ 1.33636, 45.48857 ], [ 1.33214, 45.48668 ], [ 1.33312, 45.48534 ], [ 1.32907, 45.48547 ], [ 1.32705, 45.48413 ], [ 1.32671, 45.48643 ], [ 1.32295, 45.48632 ], [ 1.32513, 45.48825 ], [ 1.3239, 45.48969 ], [ 1.3146, 45.49109 ], [ 1.31453, 45.49273 ], [ 1.309, 45.4924 ], [ 1.30635, 45.49075 ], [ 1.30827, 45.48794 ], [ 1.30592, 45.48606 ], [ 1.30145, 45.48635 ], [ 1.30234, 45.48414 ] ], [ [ 1.40567, 45.52315 ], [ 1.40487, 45.52176 ], [ 1.40343, 45.52151 ], [ 1.40199, 45.51846 ], [ 1.39832, 45.51728 ], [ 1.39744, 45.51244 ], [ 1.3992, 45.51181 ] ], [ [ 1.41506, 45.52858 ], [ 1.41327, 45.52906 ], [ 1.41093, 45.52742 ], [ 1.4074, 45.52705 ], [ 1.40723, 45.52393 ] ], [ [ 1.43202, 45.6015 ], [ 1.43296, 45.59894 ], [ 1.43622, 45.59698 ], [ 1.43868, 45.59289 ], [ 1.4392, 45.58887 ], [ 1.4379, 45.58425 ], [ 1.43932, 45.57593 ], [ 1.43528, 45.57179 ], [ 1.43636, 45.56733 ], [ 1.43344, 45.56243 ], [ 1.43452, 45.56059 ], [ 1.43209, 45.55559 ], [ 1.43247, 45.55287 ], [ 1.42935, 45.54959 ], [ 1.4276, 45.5436 ], [ 1.42447, 45.54259 ], [ 1.42493, 45.54044 ], [ 1.42097, 45.53632 ], [ 1.42023, 45.53146 ], [ 1.41655, 45.52981 ], [ 1.4161, 45.52845 ] ] ] } },
{ "type": "Feature", "properties": { "name": "Ruisseau des Baraques", "weight_class": 1, "permanent": true, "length_km": 8.4 }, "geometry": { "type": "LineString", "coordinates": [ [ 1.41423, 45.58578 ], [ 1.4122, 45.58051 ], [ 1.41022, 45.57869 ], [ 1.41106, 45.57569 ], [ 1.40743, 45.57373 ], [ 1.40389, 45.56833 ], [ 1.40489, 45.56484 ], [ 1.4031, 45.56337 ], [ 1.40283, 45.55447 ], [ 1.40446, 45.55195 ], [ 1.40358, 45.54761 ], [ 1.40446, 45.54513 ], [ 1.40161, 45.54284 ], [ 1.4032, 45.54118 ], [ 1.40014, 45.53613 ], [ 1.4002, 45.53179 ], [ 1.40343, 45.52151 ] ] } },
{ "type": "Feature", "properties": { "name": null, "weight_class": 1, "permanent": false, "length_km": 2.5 }, "geometry": { "type": "LineString", "coordinates": [ [ 1.45096, 45.53342 ], [ 1.44683, 45.53404 ], [ 1.44537, 45.5365 ], [ 1.43952, 45.5382 ], [ 1.4375, 45.53967 ], [ 1.43434, 45.53911 ], [ 1.42581, 45.53985 ], [ 1.42399, 45.5389 ] ] } },
{ "type": "Feature", "properties": { "name": "Ruisseau des Forges", "weight_class": 1, "permanent": true, "length_km": 5.0 }, "geometry": { "type": "LineString", "coordinates": [ [ 1.57744, 45.57739 ], [ 1.57475, 45.57581 ], [ 1.57563, 45.57304 ], [ 1.57254, 45.57107 ], [ 1.57216, 45.56877 ], [ 1.5698, 45.56587 ], [ 1.57104, 45.56328 ], [ 1.56942, 45.56279 ], [ 1.56871, 45.56132 ], [ 1.56614, 45.56031 ], [ 1.56553, 45.55911 ], [ 1.55569, 45.56053 ], [ 1.55303, 45.55763 ], [ 1.54814, 45.55594 ], [ 1.54424, 45.55261 ] ] } },
{ "type": "Feature", "properties": { "name": "Ruisseau de la Roubardie", "weight_class": 1, "permanent": true, "length_km": 5.5 }, "geometry": { "type": "LineString", "coordinates": [ [ 1.46168, 45.57025 ], [ 1.46399, 45.56689 ], [ 1.46364, 45.5649 ], [ 1.45646, 45.55928 ], [ 1.45338, 45.55802 ], [ 1.454, 45.55549 ], [ 1.45118, 45.55133 ], [ 1.45187, 45.54981 ], [ 1.44882, 45.54773 ], [ 1.44693, 45.54771 ], [ 1.4452, 45.54876 ], [ 1.44476, 45.55048 ], [ 1.4427, 45.55077 ], [ 1.43841, 45.54844 ], [ 1.43378, 45.54872 ], [ 1.43338, 45.54695 ], [ 1.4279, 45.5462 ] ] } },
{ "type": "Feature", "properties": { "name": "l'Isle", "weight_class": 2, "permanent": true, "length_km": 26.4 }, "geometry": { "type": "MultiLineString", "coordinates": [ [ [ 1.09071, 45.53561 ], [ 1.08654, 45.53741 ], [ 1.08578, 45.53115 ] ], [ [ 1.21824, 45.65486 ], [ 1.21572, 45.6509 ], [ 1.21638, 45.64879 ], [ 1.21545, 45.64766 ], [ 1.21794, 45.64328 ], [ 1.21964, 45.64235 ], [ 1.21936, 45.63845 ], [ 1.2207, 45.63595 ], [ 1.21977, 45.63322 ], [ 1.22097, 45.63115 ], [ 1.21833, 45.62724 ], [ 1.21924, 45.62463 ], [ 1.21796, 45.62217 ], [ 1.21989, 45.61886 ], [ 1.21916, 45.61555 ], [ 1.20747, 45.59752 ], [ 1.20946, 45.59228 ], [ 1.20696, 45.5898 ], [ 1.19966, 45.58587 ], [ 1.19975, 45.58245 ], [ 1.1971, 45.57789 ], [ 1.19143, 45.57544 ], [ 1.18525, 45.57571 ], [ 1.18345, 45.57259 ], [ 1.18097, 45.57259 ], [ 1.17929, 45.57355 ], [ 1.1765, 45.57154 ], [ 1.17481, 45.57217 ], [ 1.1739, 45.57051 ], [ 1.16936, 45.57128 ], [ 1.16737, 45.56783 ], [ 1.16447, 45.56887 ], [ 1.16376, 45.56723 ], [ 1.16537, 45.56558 ], [ 1.16058, 45.56295 ], [ 1.15972, 45.56339 ], [ 1.15619, 45.55847 ], [ 1.15487, 45.55844 ], [ 1.15294, 45.55669 ], [ 1.15129, 45.55674 ], [ 1.1479, 45.55313 ], [ 1.14785, 45.55233 ], [ 1.15055, 45.55143 ], [ 1.14958, 45.55005 ], [ 1.1453, 45.54867 ], [ 1.1422, 45.54401 ], [ 1.13678, 45.54447 ], [ 1.13878, 45.54279 ], [ 1.13822, 45.54147 ], [ 1.13296, 45.54225 ], [ 1.12969, 45.54063 ], [ 1.12926, 45.54449 ], [ 1.1256, 45.54529 ], [ 1.12043, 45.54383 ], [ 1.11882, 45.54566 ], [ 1.11991, 45.54754 ], [ 1.11709, 45.54779 ], [ 1.11604, 45.54697 ], [ 1.11775, 45.54608 ], [ 1.11386, 45.54587 ], [ 1.11225, 45.54393 ], [ 1.1093, 45.54531 ], [ 1.10627, 45.54464 ], [ 1.10562, 45.54279 ], [ 1.1067, 45.54016 ], [ 1.10423, 45.53704 ], [ 1.10127, 45.53677 ], [ 1.0971, 45.53825 ], [ 1.09475, 45.53633 ] ] ] } },
{ "type": "Feature", "properties": { "name": "le Crassat/Ruisseau de Larticie", "weight_class": 1, "permanent": true, "length_km": 12.2 }, "geometry": { "type": "LineString", "coordinates": [ [ 1.18518, 45.65816 ], [ 1.18704, 45.65658 ], [ 1.18946, 45.6514 ], [ 1.18635, 45.64711 ], [ 1.17939, 45.64581 ], [ 1.17482, 45.64293 ], [ 1.17596, 45.63956 ], [ 1.17488, 45.6373 ], [ 1.17741, 45.63496 ], [ 1.17471, 45.63111 ], [ 1.17494, 45.62889 ], [ 1.17783, 45.62417 ], [ 1.17476, 45.62176 ], [ 1.17426, 45.61852 ], [ 1.17149, 45.6165 ], [ 1.17429, 45.61236 ], [ 1.17589, 45.60539 ], [ 1.17286, 45.60493 ], [ 1.17145, 45.60345 ], [ 1.17311, 45.59731 ], [ 1.17524, 45.59455 ], [ 1.17396, 45.5906 ], [ 1.17448, 45.58747 ], [ 1.1722, 45.58326 ], [ 1.17457, 45.57772 ], [ 1.17229, 45.57284 ], [ 1.17481, 45.57217 ] ] } },
{ "type": "Feature", "properties": { "name": null, "weight_class": 1, "permanent": false, "length_km": 2.5 }, "geometry": { "type": "LineString", "coordinates": [ [ 0.97046, 45.67801 ], [ 0.96542, 45.67739 ], [ 0.96313, 45.67813 ], [ 0.96048, 45.67741 ], [ 0.95696, 45.67905 ], [ 0.95411, 45.67923 ], [ 0.94984, 45.67677 ], [ 0.94803, 45.67657 ], [ 0.94612, 45.67756 ], [ 0.94295, 45.67556 ] ] } },
{ "type": "Feature", "properties": { "name": null, "weight_class": 1, "permanent": true, "length_km": 3.2 }, "geometry": { "type": "LineString", "coordinates": [ [ 0.94386, 45.70306 ], [ 0.94093, 45.70142 ], [ 0.93314, 45.70328 ], [ 0.92105, 45.71007 ], [ 0.91304, 45.70869 ], [ 0.911, 45.70756 ] ] } },
{ "type": "Feature", "properties": { "name": null, "weight_class": 1, "permanent": true, "length_km": 2.1 }, "geometry": { "type": "LineString", "coordinates": [ [ 0.84365, 45.65224 ], [ 0.84031, 45.65253 ], [ 0.83838, 45.65173 ], [ 0.83045, 45.64672 ], [ 0.8325, 45.64492 ], [ 0.83033, 45.64077 ] ] } },
{ "type": "Feature", "properties": { "name": null, "weight_class": 1, "permanent": true, "length_km": 2.9 }, "geometry": { "type": "LineString", "coordinates": [ [ 0.83948, 45.70002 ], [ 0.84041, 45.70407 ], [ 0.83724, 45.7067 ], [ 0.83121, 45.70835 ], [ 0.82711, 45.71303 ], [ 0.82846, 45.71774 ], [ 0.8275, 45.72002 ] ] } },
{ "type": "Feature", "properties": { "name": null, "weight_class": 1, "permanent": true, "length_km": 9.1 }, "geometry": { "type": "LineString", "coordinates": [ [ 0.82486, 45.66448 ], [ 0.82354, 45.6637 ], [ 0.82285, 45.6573 ], [ 0.82078, 45.65444 ], [ 0.82319, 45.65147 ], [ 0.82447, 45.64737 ], [ 0.82679, 45.64471 ], [ 0.82911, 45.64394 ], [ 0.83062, 45.63967 ], [ 0.82978, 45.63747 ], [ 0.82765, 45.6383 ], [ 0.82544, 45.63777 ], [ 0.82341, 45.63078 ], [ 0.81691, 45.63024 ], [ 0.81725, 45.62571 ], [ 0.81877, 45.6241 ], [ 0.81606, 45.622 ], [ 0.81761, 45.62061 ], [ 0.81689, 45.61814 ], [ 0.82069, 45.61567 ], [ 0.81737, 45.61481 ], [ 0.81553, 45.61124 ], [ 0.81619, 45.60904 ], [ 0.81394, 45.60534 ] ] } },
{ "type": "Feature", "properties": { "name": null, "weight_class": 1, "permanent": true, "length_km": 3.8 }, "geometry": { "type": "LineString", "coordinates": [ [ 0.87806, 45.65102 ], [ 0.87641, 45.65013 ], [ 0.86927, 45.64973 ], [ 0.86527, 45.64302 ], [ 0.86578, 45.63954 ], [ 0.86436, 45.63723 ], [ 0.86046, 45.63516 ], [ 0.85979, 45.63335 ], [ 0.8564, 45.63123 ], [ 0.85118, 45.63089 ] ] } },
{ "type": "Feature", "properties": { "name": null, "weight_class": 1, "permanent": true, "length_km": 2.8 }, "geometry": { "type": "LineString", "coordinates": [ [ 0.81368, 45.66571 ], [ 0.80797, 45.66497 ], [ 0.80593, 45.66249 ], [ 0.79966, 45.66107 ], [ 0.79823, 45.65859 ], [ 0.78644, 45.65575 ] ] } },
{ "type": "Feature", "properties": { "name": null, "weight_class": 1, "permanent": true, "length_km": 3.3 }, "geometry": { "type": "LineString", "coordinates": [ [ 0.83579, 45.66625 ], [ 0.83962, 45.66884 ], [ 0.84027, 45.67198 ], [ 0.83471, 45.67559 ], [ 0.83072, 45.68003 ], [ 0.82762, 45.68619 ], [ 0.82731, 45.69058 ] ] } },
{ "type": "Feature", "properties": { "name": null, "weight_class": 1, "permanent": true, "length_km": 2.2 }, "geometry": { "type": "LineString", "coordinates": [ [ 0.88789, 45.66872 ], [ 0.8968, 45.67049 ], [ 0.89701, 45.67173 ], [ 0.90131, 45.67257 ], [ 0.90294, 45.67143 ], [ 0.90586, 45.67142 ], [ 0.90775, 45.67461 ] ] } },
{ "type": "Feature", "properties": { "name": null, "weight_class": 1, "permanent": false, "length_km": 3.1 }, "geometry": { "type": "LineString", "coordinates": [ [ 0.87587, 45.68373 ], [ 0.88052, 45.69433 ], [ 0.88239, 45.69612 ], [ 0.88505, 45.69693 ], [ 0.88626, 45.70053 ], [ 0.89142, 45.7019 ], [ 0.89413, 45.70588 ] ] } },
{ "type": "Feature", "properties": { "name": null, "weight_class": 1, "permanent": true, "length_km": 2.3 }, "geometry": { "type": "LineString", "coordinates": [ [ 0.75477, 45.75391 ], [ 0.75838, 45.75367 ], [ 0.76075, 45.75189 ], [ 0.7618, 45.74952 ], [ 0.76044, 45.74773 ], [ 0.76226, 45.74643 ], [ 0.76182, 45.74393 ], [ 0.75893, 45.74318 ], [ 0.75621, 45.73955 ] ] } },
{ "type": "Feature", "properties": { "name": "Ruisseau de Brie", "weight_class": 1, "permanent": false, "length_km": 7.6 }, "geometry": { "type": "LineString", "coordinates": [ [ 0.91586, 45.65801 ], [ 0.9155, 45.66642 ], [ 0.91347, 45.66954 ], [ 0.90867, 45.67278 ], [ 0.90474, 45.67818 ], [ 0.90422, 45.68699 ], [ 0.903, 45.68873 ], [ 0.90515, 45.69721 ], [ 0.90218, 45.70102 ], [ 0.90311, 45.70257 ], [ 0.89922, 45.7033 ], [ 0.89855, 45.70432 ], [ 0.89285, 45.70656 ], [ 0.89264, 45.71106 ], [ 0.89012, 45.71211 ] ] } },
{ "type": "Feature", "properties": { "name": "la Colle", "weight_class": 1, "permanent": true, "length_km": 15.4 }, "geometry": { "type": "LineString", "coordinates": [ [ 0.8477, 45.67048 ], [ 0.85702, 45.67661 ], [ 0.85612, 45.67748 ], [ 0.85645, 45.68356 ], [ 0.85039, 45.6896 ], [ 0.84558, 45.69168 ], [ 0.8413, 45.68994 ], [ 0.83184, 45.6909 ], [ 0.82662, 45.69016 ], [ 0.81662, 45.69246 ], [ 0.81294, 45.69457 ], [ 0.8121, 45.69627 ], [ 0.80987, 45.69657 ], [ 0.80686, 45.69979 ], [ 0.80486, 45.7001 ], [ 0.8044, 45.70258 ], [ 0.79727, 45.70867 ], [ 0.79293, 45.70787 ], [ 0.79085, 45.70985 ], [ 0.78812, 45.71018 ], [ 0.7842, 45.71492 ], [ 0.78527, 45.71842 ], [ 0.77898, 45.71874 ], [ 0.77613, 45.72143 ], [ 0.77306, 45.72242 ], [ 0.77287, 45.72428 ], [ 0.76548, 45.72692 ], [ 0.76255, 45.72492 ], [ 0.76066, 45.7279 ], [ 0.75824, 45.72867 ], [ 0.75938, 45.7303 ], [ 0.75258, 45.73349 ], [ 0.7518, 45.73506 ], [ 0.74626, 45.73841 ] ] } },
{ "type": "Feature", "properties": { "name": null, "weight_class": 1, "permanent": true, "length_km": 3.0 }, "geometry": { "type": "LineString", "coordinates": [ [ 0.79068, 45.6966 ], [ 0.78457, 45.69206 ], [ 0.77684, 45.69147 ], [ 0.77173, 45.69312 ], [ 0.76158, 45.69008 ], [ 0.75967, 45.68835 ] ] } },
{ "type": "Feature", "properties": { "name": "le Dournaujou", "weight_class": 1, "permanent": true, "length_km": 6.8 }, "geometry": { "type": "LineString", "coordinates": [ [ 0.89976, 45.65502 ], [ 0.89987, 45.65015 ], [ 0.89881, 45.64839 ], [ 0.90021, 45.64654 ], [ 0.89943, 45.64082 ], [ 0.89641, 45.63281 ], [ 0.89628, 45.62322 ], [ 0.8947, 45.62223 ], [ 0.89677, 45.61998 ], [ 0.89613, 45.61787 ], [ 0.89759, 45.61453 ], [ 0.89586, 45.61155 ], [ 0.89596, 45.6079 ], [ 0.89346, 45.60683 ], [ 0.89106, 45.60392 ], [ 0.89243, 45.60274 ], [ 0.89219, 45.60128 ] ] } },
{ "type": "Feature", "properties": { "name": null, "weight_class": 1, "permanent": false, "length_km": 2.1 }, "geometry": { "type": "LineString", "coordinates": [ [ 1.36143, 45.52425 ], [ 1.36323, 45.51971 ], [ 1.37064, 45.51003 ], [ 1.37113, 45.50751 ] ] } },
{ "type": "Feature", "properties": { "name": null, "weight_class": 1, "permanent": true, "length_km": 2.2 }, "geometry": { "type": "LineString", "coordinates": [ [ 1.2416, 45.51603 ], [ 1.25237, 45.51514 ], [ 1.25987, 45.51289 ], [ 1.26283, 45.51307 ], [ 1.26624, 45.51494 ] ] } },
{ "type": "Feature", "properties": { "name": null, "weight_class": 1, "permanent": false, "length_km": 4.4 }, "geometry": { "type": "LineString", "coordinates": [ [ 1.29813, 45.54279 ], [ 1.30112, 45.53884 ], [ 1.29895, 45.53468 ], [ 1.30439, 45.53054 ], [ 1.3039, 45.52873 ], [ 1.30547, 45.52873 ], [ 1.30616, 45.52666 ], [ 1.30488, 45.52441 ], [ 1.3072, 45.5206 ], [ 1.30572, 45.51411 ], [ 1.30664, 45.51128 ], [ 1.30541, 45.51013 ] ] } },
{ "type": "Feature", "properties": { "name": null, "weight_class": 1, "permanent": false, "length_km": 3.2 }, "geometry": { "type": "LineString", "coordinates": [ [ 1.28878, 45.5636 ], [ 1.29095, 45.56274 ], [ 1.29228, 45.56034 ], [ 1.29524, 45.55821 ], [ 1.29878, 45.55863 ], [ 1.30032, 45.55796 ], [ 1.31035, 45.54951 ], [ 1.31466, 45.54882 ], [ 1.31708, 45.5497 ] ] } },
{ "type": "Feature", "properties": { "name": null, "weight_class": 1, "permanent": true, "length_km": 3.3 }, "geometry": { "type": "LineString", "coordinates": [ [ 1.2636, 45.54776 ], [ 1.25751, 45.54622 ], [ 1.25347, 45.54398 ], [ 1.24609, 45.53686 ], [ 1.24173, 45.53705 ], [ 1.23764, 45.53841 ], [ 1.23561, 45.53723 ], [ 1.23077, 45.53838 ] ] } },
{ "type": "Feature", "properties": { "name": null, "weight_class": 1, "permanent": true, "length_km": 2.1 }, "geometry": { "type": "LineString", "coordinates": [ [ 1.3865, 45.5805 ], [ 1.39602, 45.57626 ], [ 1.39881, 45.5719 ], [ 1.40394, 45.56854 ] ] } },
{ "type": "Feature", "properties": { "name": "Ruisseau de Malevergne", "weight_class": 1, "permanent": false, "length_km": 3.0 }, "geometry": { "type": "LineString", "coordinates": [ [ 1.2648, 45.60575 ], [ 1.25912, 45.60425 ], [ 1.2546, 45.59984 ], [ 1.25429, 45.59745 ], [ 1.2513, 45.59656 ], [ 1.23873, 45.60372 ] ] } },
{ "type": "Feature", "properties": { "name": "Ruisseau de la Grangère", "weight_class": 1, "permanent": false, "length_km": 4.2 }, "geometry": { "type": "LineString", "coordinates": [ [ 1.25517, 45.60743 ], [ 1.25051, 45.60698 ], [ 1.24676, 45.60462 ], [ 1.24202, 45.60349 ], [ 1.23309, 45.60453 ], [ 1.22781, 45.60093 ], [ 1.21987, 45.6023 ], [ 1.216, 45.59937 ], [ 1.20865, 45.599 ] ] } },
{ "type": "Feature", "properties": { "name": "Ruisseau de Mandeix", "weight_class": 1, "permanent": true, "length_km": 5.0 }, "geometry": { "type": "LineString", "coordinates": [ [ 1.35582, 45.57745 ], [ 1.3564, 45.57623 ], [ 1.35354, 45.57002 ], [ 1.35421, 45.56449 ], [ 1.35627, 45.56258 ], [ 1.355, 45.5555 ], [ 1.35008, 45.55288 ], [ 1.34753, 45.55292 ], [ 1.34268, 45.55066 ], [ 1.34031, 45.54801 ], [ 1.3346, 45.54738 ] ] } },
{ "type": "Feature", "properties": { "name": "l'Amour", "weight_class": 1, "permanent": true, "length_km": 2.4 }, "geometry": { "type": "LineString", "coordinates": [ [ 1.3795, 45.56598 ], [ 1.38429, 45.56326 ], [ 1.39048, 45.5653 ], [ 1.39349, 45.56377 ], [ 1.39829, 45.5635 ], [ 1.40332, 45.55926 ] ] } },
{ "type": "Feature", "properties": { "name": "Ruisseau de Lavaud Bousquet", "weight_class": 1, "permanent": true, "length_km": 5.3 }, "geometry": { "type": "LineString", "coordinates": [ [ 1.32664, 45.57337 ], [ 1.32714, 45.56927 ], [ 1.33115, 45.56446 ], [ 1.33134, 45.5614 ], [ 1.33302, 45.56041 ], [ 1.33556, 45.55264 ], [ 1.33278, 45.54275 ], [ 1.32936, 45.53995 ], [ 1.32707, 45.53978 ], [ 1.3276, 45.5353 ], [ 1.32657, 45.53287 ] ] } },
{ "type": "Feature", "properties": { "name": "la Valentine", "weight_class": 1, "permanent": false, "length_km": 12.7 }, "geometry": { "type": "LineString", "coordinates": [ [ 1.30162, 45.57501 ], [ 1.30321, 45.57028 ], [ 1.30449, 45.56983 ], [ 1.30564, 45.56484 ], [ 1.30794, 45.56353 ], [ 1.3105, 45.56333 ], [ 1.31264, 45.56139 ], [ 1.31255, 45.55718 ], [ 1.31424, 45.55617 ], [ 1.31557, 45.55077 ], [ 1.32288, 45.54617 ], [ 1.32464, 45.54153 ], [ 1.32366, 45.53909 ], [ 1.32482, 45.53711 ], [ 1.32437, 45.53482 ], [ 1.32685, 45.53198 ], [ 1.32595, 45.5296 ], [ 1.32962, 45.5248 ], [ 1.32943, 45.52192 ], [ 1.33326, 45.5216 ], [ 1.33249, 45.51905 ], [ 1.33391, 45.51426 ], [ 1.33629, 45.51334 ], [ 1.33684, 45.51216 ], [ 1.33588, 45.51068 ], [ 1.33074, 45.50918 ], [ 1.3284, 45.50682 ], [ 1.32875, 45.50587 ], [ 1.32653, 45.50495 ], [ 1.32359, 45.50593 ], [ 1.32299, 45.50375 ], [ 1.32047, 45.50228 ], [ 1.32101, 45.5003 ], [ 1.3192, 45.49541 ], [ 1.31849, 45.49483 ], [ 1.31656, 45.49554 ], [ 1.31453, 45.49273 ] ] } },
{ "type": "Feature", "properties": { "name": "Ruisseau du Breuil", "weight_class": 1, "permanent": true, "length_km": 4.9 }, "geometry": { "type": "LineString", "coordinates": [ [ 1.37032, 45.53621 ], [ 1.36857, 45.53465 ], [ 1.35648, 45.5314 ], [ 1.35629, 45.52896 ], [ 1.35227, 45.52625 ], [ 1.35104, 45.52264 ], [ 1.34705, 45.51954 ], [ 1.34655, 45.5166 ], [ 1.34402, 45.51573 ], [ 1.34423, 45.51356 ], [ 1.34039, 45.51175 ], [ 1.33945, 45.51 ], [ 1.33588, 45.51068 ] ] } },
{ "type": "Feature", "properties": { "name": "le Rituilet", "weight_class": 1, "permanent": false, "length_km": 3.5 }, "geometry": { "type": "LineString", "coordinates": [ [ 1.37256, 45.55495 ], [ 1.37284, 45.55276 ], [ 1.37604, 45.55086 ], [ 1.37701, 45.5482 ], [ 1.3861, 45.54171 ], [ 1.38911, 45.54066 ], [ 1.39055, 45.53779 ], [ 1.40034, 45.53442 ] ] } },
{ "type": "Feature", "properties": { "name": "Ruisseau de l'Étang Autier", "weight_class": 1, "permanent": true, "length_km": 9.3 }, "geometry": { "type": "LineString", "coordinates": [ [ 1.27261, 45.55281 ], [ 1.27848, 45.54848 ], [ 1.28183, 45.54793 ], [ 1.28255, 45.54539 ], [ 1.28479, 45.54469 ], [ 1.28201, 45.53743 ], [ 1.27816, 45.53371 ], [ 1.28128, 45.52971 ], [ 1.28051, 45.52752 ], [ 1.2849, 45.52232 ], [ 1.28563, 45.51866 ], [ 1.29894, 45.50979 ], [ 1.30244, 45.50943 ], [ 1.30541, 45.51013 ], [ 1.30661, 45.50743 ], [ 1.30585, 45.50184 ], [ 1.30298, 45.49936 ], [ 1.29968, 45.49953 ], [ 1.29894, 45.49718 ], [ 1.29686, 45.49628 ] ] } },
{ "type": "Feature", "properties": { "name": null, "weight_class": 1, "permanent": true, "length_km": 5.3 }, "geometry": { "type": "LineString", "coordinates": [ [ 1.24345, 45.56317 ], [ 1.24681, 45.56026 ], [ 1.24729, 45.55849 ], [ 1.24282, 45.55525 ], [ 1.23663, 45.55446 ], [ 1.23389, 45.55259 ], [ 1.23442, 45.54988 ], [ 1.23182, 45.54686 ], [ 1.2326, 45.5398 ], [ 1.22963, 45.53745 ], [ 1.22594, 45.53823 ], [ 1.22202, 45.54114 ], [ 1.22057, 45.54009 ], [ 1.2189, 45.54072 ], [ 1.21711, 45.54022 ] ] } },
{ "type": "Feature", "properties": { "name": "Ruisseau du Penaud", "weight_class": 1, "permanent": false, "length_km": 2.8 }, "geometry": { "type": "LineString", "coordinates": [ [ 1.37123, 45.52989 ], [ 1.37518, 45.52934 ], [ 1.38006, 45.52441 ], [ 1.37982, 45.51938 ], [ 1.38083, 45.51698 ], [ 1.38374, 45.5144 ], [ 1.38294, 45.51016 ] ] } },
{ "type": "Feature", "properties": { "name": "Ruisseau de Marcognac", "weight_class": 1, "permanent": true, "length_km": 7.7 }, "geometry": { "type": "LineString", "coordinates": [ [ 1.26154, 45.53018 ], [ 1.26248, 45.52768 ], [ 1.26142, 45.52525 ], [ 1.26304, 45.52401 ], [ 1.26397, 45.51947 ], [ 1.26623, 45.51727 ], [ 1.26624, 45.51494 ], [ 1.26994, 45.51249 ], [ 1.27403, 45.51127 ], [ 1.27637, 45.5074 ], [ 1.28004, 45.50471 ], [ 1.28242, 45.508 ], [ 1.28479, 45.50818 ], [ 1.28497, 45.50636 ], [ 1.28817, 45.50282 ], [ 1.29073, 45.50204 ], [ 1.29216, 45.49973 ], [ 1.29648, 45.49741 ], [ 1.29588, 45.49272 ], [ 1.2975, 45.49165 ], [ 1.29714, 45.48982 ], [ 1.29817, 45.48968 ], [ 1.29861, 45.48803 ], [ 1.30092, 45.48797 ], [ 1.30131, 45.48597 ] ] } },
{ "type": "Feature", "properties": { "name": "Ruisseau de Laplau", "weight_class": 1, "permanent": true, "length_km": 7.3 }, "geometry": { "type": "LineString", "coordinates": [ [ 1.23545, 45.5102 ], [ 1.23999, 45.50266 ], [ 1.24344, 45.50115 ], [ 1.24632, 45.49734 ], [ 1.24917, 45.49718 ], [ 1.24926, 45.49486 ], [ 1.2518, 45.49229 ], [ 1.25639, 45.49113 ], [ 1.25754, 45.48999 ], [ 1.25954, 45.48635 ], [ 1.25599, 45.48386 ], [ 1.25846, 45.47877 ], [ 1.258, 45.4759 ], [ 1.26088, 45.47464 ], [ 1.26374, 45.4696 ], [ 1.26292, 45.46582 ], [ 1.26481, 45.46499 ], [ 1.26468, 45.46238 ], [ 1.26657, 45.45982 ] ] } },
{ "type": "Feature", "properties": { "name": "Ruisseau du Moulin de Feuillade", "weight_class": 1, "permanent": true, "length_km": 7.4 }, "geometry": { "type": "LineString", "coordinates": [ [ 1.139, 45.63616 ], [ 1.13636, 45.63512 ], [ 1.1349, 45.63237 ], [ 1.13203, 45.63186 ], [ 1.13105, 45.63072 ], [ 1.13137, 45.62794 ], [ 1.12907, 45.62602 ], [ 1.12912, 45.62373 ], [ 1.12655, 45.62159 ], [ 1.12459, 45.61718 ], [ 1.12546, 45.61409 ], [ 1.11967, 45.61125 ], [ 1.11828, 45.60796 ], [ 1.11532, 45.60709 ], [ 1.11329, 45.60535 ], [ 1.11836, 45.59833 ], [ 1.11784, 45.59446 ], [ 1.11935, 45.59158 ], [ 1.1288, 45.58492 ] ] } },
{ "type": "Feature", "properties": { "name": null, "weight_class": 1, "permanent": true, "length_km": 2.3 }, "geometry": { "type": "LineString", "coordinates": [ [ 1.22118, 45.50854 ], [ 1.21678, 45.50958 ], [ 1.21522, 45.51107 ], [ 1.21093, 45.51023 ], [ 1.20905, 45.51237 ], [ 1.2045, 45.51289 ], [ 1.19744, 45.51598 ] ] } },
{ "type": "Feature", "properties": { "name": null, "weight_class": 1, "permanent": true, "length_km": 2.7 }, "geometry": { "type": "LineString", "coordinates": [ [ 1.10899, 45.63724 ], [ 1.1049, 45.63409 ], [ 1.1043, 45.63047 ], [ 1.10662, 45.62441 ], [ 1.10573, 45.62308 ], [ 1.10869, 45.61786 ], [ 1.10762, 45.61575 ] ] } },
{ "type": "Feature", "properties": { "name": null, "weight_class": 1, "permanent": true, "length_km": 2.8 }, "geometry": { "type": "LineString", "coordinates": [ [ 1.1144, 45.63841 ], [ 1.11662, 45.63742 ], [ 1.11796, 45.63387 ], [ 1.11676, 45.63206 ], [ 1.11696, 45.62744 ], [ 1.12156, 45.62507 ], [ 1.12238, 45.62024 ], [ 1.12541, 45.61823 ] ] } },
{ "type": "Feature", "properties": { "name": null, "weight_class": 1, "permanent": true, "length_km": 4.8 }, "geometry": { "type": "LineString", "coordinates": [ [ 1.14579, 45.63143 ], [ 1.14912, 45.63006 ], [ 1.15024, 45.62831 ], [ 1.14977, 45.62718 ], [ 1.15394, 45.62034 ], [ 1.15225, 45.61815 ], [ 1.15706, 45.60858 ], [ 1.16215, 45.60384 ], [ 1.16567, 45.60294 ], [ 1.17268, 45.59862 ] ] } },
{ "type": "Feature", "properties": { "name": null, "weight_class": 1, "permanent": true, "length_km": 2.8 }, "geometry": { "type": "LineString", "coordinates": [ [ 1.12306, 45.56184 ], [ 1.12264, 45.55941 ], [ 1.11514, 45.5556 ], [ 1.11193, 45.55171 ], [ 1.10555, 45.54999 ], [ 1.10091, 45.55109 ], [ 1.09909, 45.54887 ] ] } },
{ "type": "Feature", "properties": { "name": null, "weight_class": 1, "permanent": true, "length_km": 2.3 }, "geometry": { "type": "LineString", "coordinates": [ [ 1.13352, 45.60971 ], [ 1.13139, 45.60381 ], [ 1.12614, 45.601 ], [ 1.12394, 45.59658 ], [ 1.11857, 45.59658 ] ] } },
{ "type": "Feature", "properties": { "name": null, "weight_class": 1, "permanent": true, "length_km": 2.2 }, "geometry": { "type": "LineString", "coordinates": [ [ 1.11751, 45.56996 ], [ 1.11527, 45.56921 ], [ 1.113, 45.56652 ], [ 1.11035, 45.56572 ], [ 1.10792, 45.56204 ], [ 1.10602, 45.56125 ], [ 1.10339, 45.5615 ], [ 1.10041, 45.55916 ], [ 1.09817, 45.55913 ] ] } },
{ "type": "Feature", "properties": { "name": null, "weight_class": 1, "permanent": true, "length_km": 2.2 }, "geometry": { "type": "LineString", "coordinates": [ [ 1.10744, 45.57953 ], [ 1.108, 45.57629 ], [ 1.10525, 45.56898 ], [ 1.10395, 45.56739 ], [ 1.09976, 45.56663 ], [ 1.09706, 45.56407 ] ] } },
{ "type": "Feature", "properties": { "name": null, "weight_class": 1, "permanent": false, "length_km": 3.2 }, "geometry": { "type": "LineString", "coordinates": [ [ 1.22773, 45.52465 ], [ 1.22708, 45.51831 ], [ 1.22407, 45.51653 ], [ 1.2176, 45.51695 ], [ 1.21232, 45.51968 ], [ 1.21039, 45.51968 ], [ 1.20369, 45.51321 ] ] } },
{ "type": "Feature", "properties": { "name": null, "weight_class": 1, "permanent": true, "length_km": 5.6 }, "geometry": { "type": "LineString", "coordinates": [ [ 1.22905, 45.50676 ], [ 1.23131, 45.50422 ], [ 1.23148, 45.50243 ], [ 1.22822, 45.49795 ], [ 1.23056, 45.49348 ], [ 1.22873, 45.48999 ], [ 1.23485, 45.48568 ], [ 1.23789, 45.48114 ], [ 1.24507, 45.47849 ], [ 1.24576, 45.47634 ], [ 1.24808, 45.47551 ], [ 1.25519, 45.47546 ], [ 1.25669, 45.47453 ], [ 1.25825, 45.47568 ] ] } },
{ "type": "Feature", "properties": { "name": null, "weight_class": 1, "permanent": true, "length_km": 5.0 }, "geometry": { "type": "LineString", "coordinates": [ [ 1.14042, 45.50993 ], [ 1.13994, 45.50356 ], [ 1.13844, 45.50149 ], [ 1.14086, 45.49816 ], [ 1.13823, 45.49326 ], [ 1.14262, 45.49087 ], [ 1.14346, 45.48899 ], [ 1.14306, 45.48648 ], [ 1.14001, 45.48484 ], [ 1.14048, 45.48301 ], [ 1.1391, 45.48227 ], [ 1.13931, 45.47724 ], [ 1.14109, 45.47565 ], [ 1.13872, 45.47211 ] ] } },
{ "type": "Feature", "properties": { "name": null, "weight_class": 1, "permanent": true, "length_km": 3.7 }, "geometry": { "type": "LineString", "coordinates": [ [ 1.14515, 45.50787 ], [ 1.15846, 45.50914 ], [ 1.16039, 45.50575 ], [ 1.16279, 45.50468 ], [ 1.16608, 45.49781 ], [ 1.17227, 45.49706 ], [ 1.1722, 45.49453 ], [ 1.1736, 45.49295 ] ] } },
{ "type": "Feature", "properties": { "name": null, "weight_class": 1, "permanent": false, "length_km": 2.4 }, "geometry": { "type": "LineString", "coordinates": [ [ 1.17215, 45.52665 ], [ 1.18047, 45.52551 ], [ 1.18531, 45.52227 ], [ 1.19724, 45.52075 ], [ 1.19903, 45.51964 ] ] } },
{ "type": "Feature", "properties": { "name": null, "weight_class": 1, "permanent": true, "length_km": 2.8 }, "geometry": { "type": "LineString", "coordinates": [ [ 1.16533, 45.52846 ], [ 1.16139, 45.53036 ], [ 1.15631, 45.5369 ], [ 1.15316, 45.5383 ], [ 1.15032, 45.54133 ], [ 1.14582, 45.54179 ], [ 1.14239, 45.54412 ] ] } },
{ "type": "Feature", "properties": { "name": null, "weight_class": 1, "permanent": true, "length_km": 2.9 }, "geometry": { "type": "LineString", "coordinates": [ [ 1.19756, 45.55212 ], [ 1.19969, 45.54952 ], [ 1.2028, 45.54797 ], [ 1.20303, 45.54584 ], [ 1.19842, 45.53753 ], [ 1.20471, 45.53137 ] ] } },
{ "type": "Feature", "properties": { "name": null, "weight_class": 2, "permanent": true, "length_km": 2.8 }, "geometry": { "type": "LineString", "coordinates": [ [ 1.20576, 45.55722 ], [ 1.20091, 45.56034 ], [ 1.20048, 45.56695 ], [ 1.19128, 45.57096 ], [ 1.18978, 45.57533 ] ] } },
{ "type": "Feature", "properties": { "name": "la Dronne", "weight_class": 1, "permanent": true, "length_km": 21.9 }, "geometry": { "type": "MultiLineString", "coordinates": [ [ [ 0.90736, 45.60853 ], [ 0.90597, 45.60895 ], [ 0.90549, 45.60699 ], [ 0.90124, 45.60422 ], [ 0.90098, 45.6013 ], [ 0.89816, 45.6 ], [ 0.89524, 45.60131 ], [ 0.89372, 45.60101 ] ], [ [ 0.93098, 45.60996 ], [ 0.92591, 45.60909 ], [ 0.9258, 45.60763 ], [ 0.92297, 45.60583 ], [ 0.91393, 45.60421 ], [ 0.91188, 45.60454 ] ], [ [ 0.94443, 45.61109 ], [ 0.94144, 45.60922 ], [ 0.93943, 45.61017 ], [ 0.93997, 45.61161 ], [ 0.93671, 45.61079 ], [ 0.93388, 45.61199 ], [ 0.9328, 45.61145 ] ], [ [ 0.97314, 45.60726 ], [ 0.9714, 45.60988 ], [ 0.96907, 45.60933 ], [ 0.96938, 45.61099 ], [ 0.96588, 45.6105 ], [ 0.9662, 45.61328 ], [ 0.95912, 45.61724 ], [ 0.95588, 45.61582 ], [ 0.95337, 45.61592 ], [ 0.95284, 45.61508 ], [ 0.94588, 45.61515 ], [ 0.94599, 45.61315 ], [ 0.94383, 45.61243 ], [ 0.94409, 45.61153 ] ], [ [ 0.98726, 45.6058 ], [ 0.98587, 45.604 ], [ 0.97994, 45.60319 ] ], [ [ 1.08112, 45.64868 ], [ 1.07589, 45.64493 ], [ 1.0719, 45.64374 ], [ 1.06979, 45.63877 ], [ 1.06695, 45.63764 ], [ 1.06682, 45.63611 ], [ 1.06365, 45.63402 ], [ 1.06352, 45.62988 ], [ 1.06742, 45.62908 ], [ 1.06766, 45.62807 ], [ 1.06497, 45.62511 ], [ 1.05858, 45.62116 ], [ 1.05189, 45.61903 ], [ 1.04834, 45.61942 ], [ 1.04655, 45.6172 ], [ 1.03746, 45.61436 ], [ 1.03655, 45.616 ], [ 1.03388, 45.61515 ], [ 1.02568, 45.61605 ], [ 1.02288, 45.61854 ], [ 1.02449, 45.62109 ], [ 1.01852, 45.62213 ], [ 1.01669, 45.62531 ], [ 1.01337, 45.62549 ], [ 1.01007, 45.62407 ], [ 1.00507, 45.62548 ], [ 1.00304, 45.62477 ], [ 1.00253, 45.62355 ], [ 0.99929, 45.62328 ], [ 0.9977, 45.62008 ], [ 0.99835, 45.61656 ], [ 0.99682, 45.61494 ] ] ] } },
{ "type": "Feature", "properties": { "name": "Ruisseau des Planches", "weight_class": 1, "permanent": true, "length_km": 4.8 }, "geometry": { "type": "LineString", "coordinates": [ [ 1.19634, 45.64149 ], [ 1.19831, 45.63987 ], [ 1.19875, 45.63695 ], [ 1.20088, 45.63486 ], [ 1.19869, 45.62805 ], [ 1.19942, 45.62426 ], [ 1.20129, 45.62196 ], [ 1.2031, 45.62183 ], [ 1.20632, 45.61881 ], [ 1.20616, 45.61183 ], [ 1.20869, 45.60645 ], [ 1.21138, 45.60394 ] ] } },
{ "type": "Feature", "properties": { "name": "Ruisseau de l'Étang", "weight_class": 1, "permanent": true, "length_km": 2.6 }, "geometry": { "type": "LineString", "coordinates": [ [ 1.09712, 45.62372 ], [ 1.10029, 45.62322 ], [ 1.10364, 45.6178 ], [ 1.10762, 45.61575 ], [ 1.11139, 45.61176 ], [ 1.11329, 45.60535 ] ] } },
{ "type": "Feature", "properties": { "name": "le Ruisseau Noir", "weight_class": 1, "permanent": true, "length_km": 14.0 }, "geometry": { "type": "LineString", "coordinates": [ [ 1.08814, 45.62945 ], [ 1.08654, 45.62396 ], [ 1.08752, 45.62304 ], [ 1.0862, 45.62069 ], [ 1.08807, 45.61739 ], [ 1.08724, 45.61556 ], [ 1.08413, 45.6133 ], [ 1.08929, 45.60608 ], [ 1.08937, 45.60484 ], [ 1.0869, 45.60375 ], [ 1.08739, 45.60271 ], [ 1.09464, 45.59621 ], [ 1.09899, 45.5946 ], [ 1.10169, 45.59101 ], [ 1.1076, 45.59143 ], [ 1.11244, 45.58916 ], [ 1.12269, 45.58656 ], [ 1.12574, 45.58659 ], [ 1.13032, 45.58477 ], [ 1.13522, 45.58532 ], [ 1.13878, 45.58906 ], [ 1.14092, 45.58911 ], [ 1.14158, 45.58701 ], [ 1.14508, 45.58498 ], [ 1.14383, 45.58472 ], [ 1.14122, 45.58101 ], [ 1.14231, 45.58057 ], [ 1.14412, 45.58155 ], [ 1.1459, 45.58091 ], [ 1.14743, 45.56959 ], [ 1.15137, 45.56651 ], [ 1.15609, 45.566 ], [ 1.15715, 45.56434 ], [ 1.16048, 45.56502 ], [ 1.16123, 45.56357 ] ] } },
{ "type": "Feature", "properties": { "name": "Ruisseau des Claujoux", "weight_class": 1, "permanent": true, "length_km": 8.0 }, "geometry": { "type": "LineString", "coordinates": [ [ 1.27221, 45.56284 ], [ 1.27334, 45.56546 ], [ 1.27296, 45.56902 ], [ 1.26984, 45.5697 ], [ 1.26755, 45.57153 ], [ 1.26344, 45.57744 ], [ 1.25879, 45.57778 ], [ 1.25381, 45.58157 ], [ 1.25069, 45.58115 ], [ 1.24789, 45.58183 ], [ 1.24391, 45.58018 ], [ 1.23899, 45.57972 ], [ 1.23014, 45.58221 ], [ 1.22906, 45.58538 ], [ 1.2236, 45.58676 ], [ 1.21449, 45.58546 ], [ 1.21112, 45.58587 ], [ 1.20905, 45.58507 ], [ 1.2032, 45.58577 ], [ 1.20163, 45.58686 ] ] } },
{ "type": "Feature", "properties": { "name": "les Rieux", "weight_class": 1, "permanent": true, "length_km": 3.0 }, "geometry": { "type": "LineString", "coordinates": [ [ 1.21533, 45.56554 ], [ 1.21429, 45.56748 ], [ 1.21862, 45.57154 ], [ 1.219, 45.5736 ], [ 1.21505, 45.57508 ], [ 1.21099, 45.5747 ], [ 1.20436, 45.57812 ], [ 1.19818, 45.57935 ] ] } },
{ "type": "Feature", "properties": { "name": "la Loue", "weight_class": 1, "permanent": true, "length_km": 15.9 }, "geometry": { "type": "MultiLineString", "coordinates": [ [ [ 1.14852, 45.47355 ], [ 1.14198, 45.47339 ], [ 1.14048, 45.47166 ], [ 1.13788, 45.47225 ], [ 1.13546, 45.47056 ], [ 1.13573, 45.4696 ] ], [ [ 1.21415, 45.55924 ], [ 1.21639, 45.55445 ], [ 1.21592, 45.55115 ], [ 1.21851, 45.54986 ], [ 1.21503, 45.54619 ], [ 1.217, 45.54416 ], [ 1.21641, 45.54075 ], [ 1.21724, 45.53992 ], [ 1.21463, 45.53936 ], [ 1.21254, 45.53727 ], [ 1.21369, 45.53529 ], [ 1.21118, 45.53207 ], [ 1.20906, 45.53132 ], [ 1.20546, 45.5326 ], [ 1.20432, 45.52806 ], [ 1.19981, 45.52478 ], [ 1.19898, 45.51656 ], [ 1.19583, 45.51526 ], [ 1.19357, 45.51269 ], [ 1.19388, 45.51137 ], [ 1.19123, 45.50716 ], [ 1.19227, 45.50373 ], [ 1.18981, 45.49879 ], [ 1.18666, 45.4961 ], [ 1.18277, 45.49562 ], [ 1.17677, 45.49231 ], [ 1.1741, 45.49318 ], [ 1.17265, 45.49162 ], [ 1.17085, 45.49168 ], [ 1.17115, 45.48884 ], [ 1.16767, 45.48605 ], [ 1.16942, 45.48411 ], [ 1.16854, 45.48241 ], [ 1.1644, 45.47907 ], [ 1.15975, 45.47841 ], [ 1.15695, 45.47521 ], [ 1.15183, 45.47323 ] ] ] } },
{ "type": "Feature", "properties": { "name": "Ruisseau de Cheni", "weight_class": 1, "permanent": true, "length_km": 3.3 }, "geometry": { "type": "LineString", "coordinates": [ [ 1.19032, 45.55032 ], [ 1.18365, 45.55317 ], [ 1.18175, 45.5533 ], [ 1.17916, 45.5521 ], [ 1.17747, 45.55319 ], [ 1.17468, 45.55344 ], [ 1.17166, 45.55177 ], [ 1.16967, 45.5523 ], [ 1.16844, 45.55344 ], [ 1.16324, 45.55452 ], [ 1.16096, 45.55599 ], [ 1.16051, 45.55789 ], [ 1.15688, 45.55923 ] ] } },
{ "type": "Feature", "properties": { "name": null, "weight_class": 1, "permanent": false, "length_km": 2.2 }, "geometry": { "type": "LineString", "coordinates": [ [ 1.22204, 45.47517 ], [ 1.22074, 45.47415 ], [ 1.22164, 45.47145 ], [ 1.21929, 45.46837 ], [ 1.21876, 45.46491 ], [ 1.21624, 45.46312 ], [ 1.21631, 45.46176 ], [ 1.21346, 45.45867 ] ] } },
{ "type": "Feature", "properties": { "name": null, "weight_class": 1, "permanent": true, "length_km": 2.3 }, "geometry": { "type": "LineString", "coordinates": [ [ 1.27513, 45.49169 ], [ 1.27769, 45.48871 ], [ 1.27963, 45.48315 ], [ 1.28005, 45.47884 ], [ 1.27874, 45.47435 ], [ 1.27749, 45.47363 ] ] } },
{ "type": "Feature", "properties": { "name": "la Labance", "weight_class": 1, "permanent": false, "length_km": 4.9 }, "geometry": { "type": "MultiLineString", "coordinates": [ [ [ 1.16264, 45.47757 ], [ 1.16224, 45.47841 ] ], [ [ 1.20805, 45.48703 ], [ 1.20481, 45.48328 ], [ 1.19787, 45.48182 ], [ 1.19784, 45.48013 ], [ 1.19454, 45.47595 ], [ 1.18681, 45.47355 ], [ 1.18288, 45.47074 ], [ 1.17555, 45.47181 ], [ 1.17102, 45.47096 ], [ 1.1689, 45.47418 ], [ 1.16512, 45.47485 ] ] ] } },
{ "type": "Feature", "properties": { "name": "le Galet", "weight_class": 1, "permanent": true, "length_km": 3.0 }, "geometry": { "type": "MultiLineString", "coordinates": [ [ [ 1.06289, 45.5544 ], [ 1.06516, 45.5511 ] ], [ [ 1.07127, 45.54806 ], [ 1.07539, 45.54572 ], [ 1.07588, 45.54442 ], [ 1.07477, 45.54294 ], [ 1.07681, 45.54259 ], [ 1.07882, 45.54014 ], [ 1.07793, 45.53859 ], [ 1.08064, 45.53572 ], [ 1.08046, 45.53402 ], [ 1.08571, 45.53115 ] ] ] } },
{ "type": "Feature", "properties": { "name": "le Périgord", "weight_class": 1, "permanent": true, "length_km": 3.1 }, "geometry": { "type": "LineString", "coordinates": [ [ 1.03638, 45.58051 ], [ 1.03445, 45.57426 ], [ 1.04063, 45.56553 ], [ 1.04383, 45.56489 ], [ 1.04718, 45.56287 ], [ 1.04551, 45.55725 ] ] } },
{ "type": "Feature", "properties": { "name": null, "weight_class": 1, "permanent": false, "length_km": 4.1 }, "geometry": { "type": "LineString", "coordinates": [ [ 1.02909, 45.65364 ], [ 1.02136, 45.65015 ], [ 1.01853, 45.64371 ], [ 1.01566, 45.64313 ], [ 1.01376, 45.64154 ], [ 1.01287, 45.63711 ], [ 1.01178, 45.63698 ], [ 1.01128, 45.63559 ], [ 1.01217, 45.63179 ], [ 1.01531, 45.62995 ], [ 1.01337, 45.62549 ] ] } },
{ "type": "Feature", "properties": { "name": null, "weight_class": 1, "permanent": false, "length_km": 2.9 }, "geometry": { "type": "LineString", "coordinates": [ [ 1.03124, 45.65159 ], [ 1.0288, 45.64825 ], [ 1.02672, 45.63949 ], [ 1.0205, 45.63607 ], [ 1.01531, 45.62995 ] ] } },
{ "type": "Feature", "properties": { "name": null, "weight_class": 1, "permanent": true, "length_km": 2.0 }, "geometry": { "type": "LineString", "coordinates": [ [ 1.07692, 45.56925 ], [ 1.07853, 45.56889 ], [ 1.07969, 45.56591 ], [ 1.08783, 45.56362 ], [ 1.09134, 45.56484 ], [ 1.0933, 45.56365 ], [ 1.0957, 45.56479 ] ] } },
{ "type": "Feature", "properties": { "name": null, "weight_class": 1, "permanent": true, "length_km": 2.3 }, "geometry": { "type": "LineString", "coordinates": [ [ 1.0696, 45.55425 ], [ 1.07509, 45.55364 ], [ 1.07891, 45.55222 ], [ 1.07779, 45.54981 ], [ 1.07911, 45.54615 ], [ 1.08115, 45.54424 ], [ 1.07794, 45.54096 ] ] } },
{ "type": "Feature", "properties": { "name": null, "weight_class": 1, "permanent": true, "length_km": 5.4 }, "geometry": { "type": "LineString", "coordinates": [ [ 1.04736, 45.59126 ], [ 1.04829, 45.59501 ], [ 1.04764, 45.60047 ], [ 1.04992, 45.60397 ], [ 1.05374, 45.60697 ], [ 1.05776, 45.60713 ], [ 1.06358, 45.60486 ], [ 1.06734, 45.60767 ], [ 1.07562, 45.60706 ], [ 1.07949, 45.60482 ], [ 1.08277, 45.6046 ], [ 1.08495, 45.60594 ], [ 1.08693, 45.60378 ] ] } },
{ "type": "Feature", "properties": { "name": null, "weight_class": 1, "permanent": true, "length_km": 4.1 }, "geometry": { "type": "LineString", "coordinates": [ [ 1.05242, 45.58735 ], [ 1.05197, 45.58622 ], [ 1.06145, 45.57573 ], [ 1.06707, 45.57389 ], [ 1.07867, 45.57435 ], [ 1.0805, 45.57533 ], [ 1.08985, 45.5742 ] ] } },
{ "type": "Feature", "properties": { "name": null, "weight_class": 1, "permanent": true, "length_km": 2.1 }, "geometry": { "type": "LineString", "coordinates": [ [ 0.80934, 45.64496 ], [ 0.80864, 45.64021 ], [ 0.8153, 45.63687 ], [ 0.81505, 45.63253 ], [ 0.81691, 45.63024 ] ] } },
{ "type": "Feature", "properties": { "name": null, "weight_class": 1, "permanent": true, "length_km": 2.5 }, "geometry": { "type": "LineString", "coordinates": [ [ 0.88036, 45.64367 ], [ 0.88009, 45.64199 ], [ 0.8819, 45.63935 ], [ 0.88355, 45.63786 ], [ 0.88661, 45.63763 ], [ 0.89109, 45.62973 ], [ 0.89642, 45.62779 ] ] } },
{ "type": "Feature", "properties": { "name": null, "weight_class": 1, "permanent": true, "length_km": 2.1 }, "geometry": { "type": "LineString", "coordinates": [ [ 0.84872, 45.59226 ], [ 0.84185, 45.59294 ], [ 0.83788, 45.59117 ], [ 0.83656, 45.58884 ], [ 0.83217, 45.59041 ], [ 0.82961, 45.59444 ] ] } },
{ "type": "Feature", "properties": { "name": null, "weight_class": 1, "permanent": true, "length_km": 4.9 }, "geometry": { "type": "LineString", "coordinates": [ [ 0.80171, 45.6132 ], [ 0.80059, 45.61638 ], [ 0.79277, 45.6191 ], [ 0.79034, 45.62017 ], [ 0.7901, 45.6216 ], [ 0.78757, 45.62204 ], [ 0.78432, 45.62135 ], [ 0.78274, 45.61967 ], [ 0.78258, 45.61756 ], [ 0.7808, 45.61663 ], [ 0.78079, 45.61481 ], [ 0.77727, 45.61385 ], [ 0.77642, 45.61116 ], [ 0.7734, 45.61188 ], [ 0.77168, 45.6114 ], [ 0.77097, 45.60765 ], [ 0.76812, 45.60759 ], [ 0.76669, 45.60598 ] ] } },
{ "type": "Feature", "properties": { "name": null, "weight_class": 1, "permanent": false, "length_km": 2.1 }, "geometry": { "type": "LineString", "coordinates": [ [ 0.75868, 45.62304 ], [ 0.76028, 45.61701 ], [ 0.75986, 45.61436 ], [ 0.76812, 45.60759 ] ] } },
{ "type": "Feature", "properties": { "name": null, "weight_class": 1, "permanent": true, "length_km": 2.3 }, "geometry": { "type": "LineString", "coordinates": [ [ 1.03852, 45.63522 ], [ 1.03551, 45.63185 ], [ 1.02982, 45.63087 ], [ 1.02799, 45.62511 ], [ 1.02343, 45.62146 ] ] } },
{ "type": "Feature", "properties": { "name": null, "weight_class": 1, "permanent": true, "length_km": 3.2 }, "geometry": { "type": "LineString", "coordinates": [ [ 0.93327, 45.64764 ], [ 0.93493, 45.64856 ], [ 0.93734, 45.64761 ], [ 0.94503, 45.64878 ], [ 0.94638, 45.65325 ], [ 0.94905, 45.65581 ], [ 0.95058, 45.66127 ], [ 0.94939, 45.66406 ], [ 0.95116, 45.6661 ] ] } },
{ "type": "Feature", "properties": { "name": null, "weight_class": 1, "permanent": false, "length_km": 2.2 }, "geometry": { "type": "LineString", "coordinates": [ [ 1.00574, 45.6388 ], [ 1.00855, 45.63525 ], [ 1.00739, 45.63103 ], [ 1.0058, 45.62941 ], [ 1.00266, 45.6289 ], [ 0.9995, 45.6234 ] ] } },
{ "type": "Feature", "properties": { "name": null, "weight_class": 1, "permanent": false, "length_km": 2.7 }, "geometry": { "type": "LineString", "coordinates": [ [ 0.94932, 45.64005 ], [ 0.95199, 45.63613 ], [ 0.95963, 45.63071 ], [ 0.96149, 45.62604 ], [ 0.96015, 45.62345 ], [ 0.9583, 45.6226 ], [ 0.95863, 45.621 ] ] } },
{ "type": "Feature", "properties": { "name": null, "weight_class": 1, "permanent": true, "length_km": 4.7 }, "geometry": { "type": "LineString", "coordinates": [ [ 0.98377, 45.64115 ], [ 0.97825, 45.63923 ], [ 0.97528, 45.63994 ], [ 0.97246, 45.63647 ], [ 0.96918, 45.63576 ], [ 0.97014, 45.6321 ], [ 0.96944, 45.62853 ], [ 0.96765, 45.62815 ], [ 0.96592, 45.62488 ], [ 0.96678, 45.62259 ], [ 0.96583, 45.62045 ], [ 0.9626, 45.61949 ], [ 0.96149, 45.62102 ], [ 0.95863, 45.621 ], [ 0.959, 45.61907 ], [ 0.95757, 45.61693 ] ] } },
{ "type": "Feature", "properties": { "name": "le Morillou", "weight_class": 1, "permanent": false, "length_km": 4.6 }, "geometry": { "type": "LineString", "coordinates": [ [ 0.9251, 45.64267 ], [ 0.92803, 45.6419 ], [ 0.93372, 45.63655 ], [ 0.93558, 45.62866 ], [ 0.93339, 45.62652 ], [ 0.93547, 45.62361 ], [ 0.93261, 45.61806 ], [ 0.93029, 45.617 ], [ 0.93052, 45.61235 ], [ 0.92678, 45.60934 ] ] } },
{ "type": "Feature", "properties": { "name": "la Reille", "weight_class": 1, "permanent": true, "length_km": 3.9 }, "geometry": { "type": "LineString", "coordinates": [ [ 0.91771, 45.63568 ], [ 0.91889, 45.63317 ], [ 0.91778, 45.63214 ], [ 0.91791, 45.62832 ], [ 0.92009, 45.6218 ], [ 0.9196, 45.61988 ], [ 0.9181, 45.61803 ], [ 0.9183, 45.61561 ], [ 0.91477, 45.61389 ], [ 0.91529, 45.61044 ], [ 0.91221, 45.60907 ], [ 0.91151, 45.60778 ], [ 0.90914, 45.60748 ] ] } },
{ "type": "Feature", "properties": { "name": "le Gamoret", "weight_class": 1, "permanent": true, "length_km": 7.1 }, "geometry": { "type": "LineString", "coordinates": [ [ 0.84985, 45.60778 ], [ 0.84656, 45.60327 ], [ 0.83947, 45.60158 ], [ 0.83525, 45.60162 ], [ 0.83501, 45.59871 ], [ 0.82961, 45.59444 ], [ 0.82361, 45.59478 ], [ 0.82073, 45.59623 ], [ 0.81765, 45.59587 ], [ 0.81087, 45.59681 ], [ 0.8085, 45.59589 ], [ 0.8072, 45.59344 ], [ 0.80674, 45.59502 ], [ 0.80454, 45.59591 ], [ 0.79889, 45.59532 ], [ 0.79584, 45.59808 ], [ 0.79178, 45.59871 ], [ 0.79053, 45.598 ], [ 0.78756, 45.59899 ] ] } },
{ "type": "Feature", "properties": { "name": "Ruisseau de la Manaurie", "weight_class": 1, "permanent": true, "length_km": 7.6 }, "geometry": { "type": "LineString", "coordinates": [ [ 1.07512, 45.58353 ], [ 1.07724, 45.58471 ], [ 1.08091, 45.58466 ], [ 1.0817, 45.5831 ], [ 1.08421, 45.58252 ], [ 1.08539, 45.58026 ], [ 1.08963, 45.57749 ], [ 1.09037, 45.57271 ], [ 1.09472, 45.572 ], [ 1.09703, 45.56972 ], [ 1.09521, 45.565 ], [ 1.09921, 45.56249 ], [ 1.09807, 45.56172 ], [ 1.09823, 45.55757 ], [ 1.09701, 45.55675 ], [ 1.09914, 45.55571 ], [ 1.09894, 45.55327 ], [ 1.09712, 45.55018 ], [ 1.10168, 45.54811 ], [ 1.10135, 45.54564 ], [ 1.10386, 45.54355 ], [ 1.10312, 45.54209 ], [ 1.10505, 45.5386 ] ] } },
{ "type": "Feature", "properties": { "name": "la Charente", "weight_class": 1, "permanent": true, "length_km": 8.0 }, "geometry": { "type": "MultiLineString", "coordinates": [ [ [ 0.71414, 45.80503 ], [ 0.71157, 45.8037 ], [ 0.71151, 45.80242 ], [ 0.70637, 45.80293 ] ], [ [ 0.77077, 45.75585 ], [ 0.76302, 45.76022 ], [ 0.76346, 45.7648 ], [ 0.76217, 45.76765 ], [ 0.76025, 45.76943 ], [ 0.75729, 45.77026 ], [ 0.7559, 45.7722 ], [ 0.746, 45.77905 ], [ 0.74643, 45.78244 ], [ 0.74861, 45.78463 ], [ 0.7449, 45.79117 ], [ 0.73557, 45.80167 ], [ 0.73041, 45.80299 ] ] ] } },
{ "type": "Feature", "properties": { "name": null, "weight_class": 1, "permanent": false, "length_km": 3.1 }, "geometry": { "type": "LineString", "coordinates": [ [ 0.72557, 45.76102 ], [ 0.72635, 45.76203 ], [ 0.72273, 45.76823 ], [ 0.72337, 45.77152 ], [ 0.71895, 45.77326 ], [ 0.71802, 45.77588 ], [ 0.71468, 45.77771 ], [ 0.71088, 45.78303 ] ] } },
{ "type": "Feature", "properties": { "name": null, "weight_class": 1, "permanent": false, "length_km": 4.5 }, "geometry": { "type": "LineString", "coordinates": [ [ 0.7172, 45.70933 ], [ 0.69899, 45.701 ], [ 0.69428, 45.70097 ], [ 0.69154, 45.69933 ], [ 0.68897, 45.70061 ], [ 0.68672, 45.69988 ], [ 0.68179, 45.69488 ], [ 0.68211, 45.69129 ], [ 0.67967, 45.68853 ] ] } },
{ "type": "Feature", "properties": { "name": null, "weight_class": 1, "permanent": true, "length_km": 2.9 }, "geometry": { "type": "LineString", "coordinates": [ [ 0.68056, 45.71471 ], [ 0.67582, 45.71137 ], [ 0.67084, 45.711 ], [ 0.66876, 45.70973 ], [ 0.66739, 45.7105 ], [ 0.66654, 45.71439 ], [ 0.66112, 45.7166 ], [ 0.66069, 45.718 ], [ 0.6585, 45.7188 ], [ 0.65896, 45.72136 ] ] } },
{ "type": "Feature", "properties": { "name": "la Treize", "weight_class": 1, "permanent": true, "length_km": 2.4 }, "geometry": { "type": "LineString", "coordinates": [ [ 0.72383, 45.77675 ], [ 0.72555, 45.78092 ], [ 0.72508, 45.78741 ], [ 0.72222, 45.79105 ], [ 0.71606, 45.79495 ] ] } },
{ "type": "Feature", "properties": { "name": "la Treize", "weight_class": 1, "permanent": true, "length_km": 2.7 }, "geometry": { "type": "MultiLineString", "coordinates": [ [ [ 0.70589, 45.77764 ], [ 0.70737, 45.77959 ] ], [ [ 0.71088, 45.78303 ], [ 0.71116, 45.78572 ], [ 0.70984, 45.78765 ], [ 0.7127, 45.79038 ], [ 0.71357, 45.79321 ], [ 0.71606, 45.79495 ], [ 0.71151, 45.80242 ] ] ] } },
{ "type": "Feature", "properties": { "name": "Ruisseau du Breuil", "weight_class": 1, "permanent": true, "length_km": 2.6 }, "geometry": { "type": "LineString", "coordinates": [ [ 0.73769, 45.76004 ], [ 0.73632, 45.76326 ], [ 0.73724, 45.76659 ], [ 0.7356, 45.76879 ], [ 0.73619, 45.77022 ], [ 0.73871, 45.77342 ], [ 0.746, 45.77905 ] ] } },
{ "type": "Feature", "properties": { "name": "Ruisseau de la Martinie", "weight_class": 1, "permanent": true, "length_km": 2.2 }, "geometry": { "type": "LineString", "coordinates": [ [ 0.7496, 45.75689 ], [ 0.74999, 45.75785 ], [ 0.75358, 45.75897 ], [ 0.75451, 45.76048 ], [ 0.75049, 45.76784 ], [ 0.75272, 45.77366 ] ] } },
{ "type": "Feature", "properties": { "name": "Ruisseau des Salles", "weight_class": 1, "permanent": true, "length_km": 5.4 }, "geometry": { "type": "LineString", "coordinates": [ [ 0.71483, 45.7564 ], [ 0.71138, 45.75509 ], [ 0.69872, 45.75415 ], [ 0.69734, 45.75131 ], [ 0.69905, 45.74413 ], [ 0.69813, 45.74296 ], [ 0.69506, 45.7415 ], [ 0.69019, 45.74118 ], [ 0.6892, 45.74008 ], [ 0.69012, 45.73901 ], [ 0.68615, 45.73551 ], [ 0.68612, 45.73434 ], [ 0.68315, 45.73187 ], [ 0.67774, 45.7302 ] ] } },
{ "type": "Feature", "properties": { "name": "Ruisseau de Puissenet", "weight_class": 1, "permanent": false, "length_km": 2.5 }, "geometry": { "type": "LineString", "coordinates": [ [ 0.72753, 45.75233 ], [ 0.72282, 45.74568 ], [ 0.72427, 45.74391 ], [ 0.71828, 45.73854 ], [ 0.7187, 45.73678 ], [ 0.71714, 45.73323 ] ] } },
{ "type": "Feature", "properties": { "name": "Ruisseau de Suchés", "weight_class": 1, "permanent": true, "length_km": 4.6 }, "geometry": { "type": "MultiLineString", "coordinates": [ [ [ 0.66335, 45.74092 ], [ 0.66351, 45.73856 ], [ 0.66133, 45.73616 ], [ 0.66109, 45.73215 ], [ 0.6519, 45.72936 ], [ 0.65058, 45.72536 ], [ 0.64759, 45.7233 ], [ 0.64589, 45.71997 ] ], [ [ 0.67699, 45.75296 ], [ 0.67315, 45.7491 ], [ 0.66751, 45.74696 ], [ 0.66373, 45.74664 ] ] ] } },
{ "type": "Feature", "properties": { "name": "Rio de la Forêt", "weight_class": 1, "permanent": true, "length_km": 2.2 }, "geometry": { "type": "LineString", "coordinates": [ [ 0.71374, 45.7161 ], [ 0.71478, 45.71838 ], [ 0.71055, 45.72057 ], [ 0.71027, 45.72403 ], [ 0.70539, 45.72679 ], [ 0.70493, 45.72913 ], [ 0.70118, 45.72955 ] ] } },
{ "type": "Feature", "properties": { "name": "la Samaritaine", "weight_class": 1, "permanent": true, "length_km": 3.5 }, "geometry": { "type": "LineString", "coordinates": [ [ 0.75455, 45.69863 ], [ 0.7512, 45.70149 ], [ 0.7483, 45.70048 ], [ 0.7458, 45.70116 ], [ 0.74153, 45.70067 ], [ 0.73767, 45.69822 ], [ 0.73389, 45.69944 ], [ 0.72814, 45.69725 ], [ 0.72535, 45.69838 ], [ 0.72065, 45.69568 ] ] } },
{ "type": "Feature", "properties": { "name": "Ruisseau de l'Étang Neuf", "weight_class": 1, "permanent": false, "length_km": 3.4 }, "geometry": { "type": "MultiLineString", "coordinates": [ [ [ 0.74605, 45.68658 ], [ 0.74207, 45.69066 ] ], [ [ 0.77652, 45.671 ], [ 0.77241, 45.67104 ], [ 0.77142, 45.67285 ], [ 0.76892, 45.67368 ], [ 0.76753, 45.67637 ], [ 0.76563, 45.67712 ], [ 0.76106, 45.67633 ], [ 0.75868, 45.67795 ], [ 0.75386, 45.67766 ], [ 0.7527, 45.6802 ], [ 0.75121, 45.68073 ] ] ] } },
{ "type": "Feature", "properties": { "name": "le Nauzon", "weight_class": 1, "permanent": false, "length_km": 10.8 }, "geometry": { "type": "MultiLineString", "coordinates": [ [ [ 0.69219, 45.68801 ], [ 0.69058, 45.68799 ], [ 0.69104, 45.68858 ], [ 0.68844, 45.68983 ], [ 0.68787, 45.68846 ], [ 0.68451, 45.68755 ] ], [ [ 0.70802, 45.68983 ], [ 0.70179, 45.68707 ], [ 0.69679, 45.68855 ], [ 0.69501, 45.69227 ], [ 0.69228, 45.69096 ] ], [ [ 0.72674, 45.69415 ], [ 0.72486, 45.69591 ], [ 0.72207, 45.69458 ], [ 0.71934, 45.69593 ], [ 0.71371, 45.69419 ], [ 0.71098, 45.69474 ], [ 0.71088, 45.69285 ] ], [ [ 0.73295, 45.69003 ], [ 0.73102, 45.69122 ] ], [ [ 0.78376, 45.67673 ], [ 0.78097, 45.67798 ], [ 0.7784, 45.68072 ], [ 0.77251, 45.68062 ], [ 0.76858, 45.6823 ], [ 0.76813, 45.68393 ], [ 0.76406, 45.68667 ], [ 0.76142, 45.68667 ], [ 0.76006, 45.68831 ], [ 0.75746, 45.68886 ], [ 0.75624, 45.69204 ], [ 0.75087, 45.69128 ], [ 0.74483, 45.69309 ], [ 0.74194, 45.69062 ], [ 0.73941, 45.69073 ], [ 0.73615, 45.68943 ], [ 0.73354, 45.68973 ] ] ] } },
{ "type": "Feature", "properties": { "name": "le Trieux", "weight_class": 1, "permanent": true, "length_km": 9.0 }, "geometry": { "type": "MultiLineString", "coordinates": [ [ [ 0.67483, 45.6863 ], [ 0.67252, 45.68838 ], [ 0.67212, 45.68688 ], [ 0.66953, 45.68587 ], [ 0.66813, 45.68591 ], [ 0.66858, 45.68669 ], [ 0.66617, 45.68818 ], [ 0.66372, 45.68672 ], [ 0.66049, 45.68754 ] ], [ [ 0.67967, 45.68853 ], [ 0.67907, 45.68925 ], [ 0.67695, 45.68921 ], [ 0.67697, 45.68678 ] ], [ [ 0.80099, 45.6772 ], [ 0.79711, 45.67613 ], [ 0.79185, 45.67186 ], [ 0.79143, 45.66935 ], [ 0.7895, 45.66709 ], [ 0.78866, 45.66154 ], [ 0.78636, 45.65793 ], [ 0.78516, 45.6512 ], [ 0.786, 45.64867 ], [ 0.7837, 45.64843 ], [ 0.78336, 45.64764 ], [ 0.78183, 45.64835 ], [ 0.77769, 45.64633 ], [ 0.77333, 45.64807 ], [ 0.76978, 45.64705 ], [ 0.768, 45.64608 ], [ 0.76823, 45.64489 ], [ 0.7652, 45.64425 ], [ 0.76558, 45.64291 ], [ 0.76391, 45.64197 ], [ 0.76386, 45.64078 ] ] ] } },
{ "type": "Feature", "properties": { "name": "la Tardoire", "weight_class": 1, "permanent": true, "length_km": 49.3 }, "geometry": { "type": "MultiLineString", "coordinates": [ [ [ 0.64519, 45.71698 ], [ 0.64253, 45.71583 ], [ 0.63864, 45.71945 ], [ 0.63254, 45.72128 ], [ 0.63082, 45.71814 ], [ 0.63157, 45.71657 ], [ 0.62861, 45.71409 ], [ 0.62553, 45.71339 ], [ 0.62923, 45.71178 ], [ 0.62975, 45.71033 ], [ 0.62735, 45.70866 ], [ 0.62876, 45.70792 ], [ 0.62795, 45.70644 ], [ 0.62697, 45.70585 ], [ 0.62561, 45.70664 ], [ 0.62397, 45.70313 ] ], [ [ 1.01292, 45.65792 ], [ 1.01095, 45.658 ], [ 1.00729, 45.65641 ], [ 1.00441, 45.65791 ], [ 1.0003, 45.65799 ], [ 0.99785, 45.65645 ], [ 0.99082, 45.65636 ], [ 0.98615, 45.65289 ], [ 0.98377, 45.65467 ], [ 0.97705, 45.65652 ], [ 0.97062, 45.65997 ], [ 0.96861, 45.65992 ], [ 0.96071, 45.66513 ], [ 0.95756, 45.66236 ], [ 0.95247, 45.6642 ], [ 0.95085, 45.66853 ], [ 0.94679, 45.66989 ], [ 0.94373, 45.67325 ], [ 0.94308, 45.67556 ], [ 0.94156, 45.67516 ], [ 0.94095, 45.67749 ], [ 0.93772, 45.6792 ], [ 0.93738, 45.68156 ], [ 0.93532, 45.67902 ], [ 0.93397, 45.67879 ], [ 0.93191, 45.6802 ], [ 0.93234, 45.68168 ], [ 0.93053, 45.68269 ], [ 0.92795, 45.68244 ], [ 0.92529, 45.68357 ], [ 0.92248, 45.68714 ], [ 0.92104, 45.69131 ], [ 0.91096, 45.70178 ], [ 0.91417, 45.70296 ], [ 0.91463, 45.70533 ], [ 0.90973, 45.70807 ], [ 0.90802, 45.71036 ], [ 0.90463, 45.71088 ], [ 0.9025, 45.70987 ], [ 0.90093, 45.71174 ], [ 0.89849, 45.70936 ], [ 0.89407, 45.71294 ], [ 0.88908, 45.71212 ], [ 0.88234, 45.71312 ], [ 0.88043, 45.71572 ], [ 0.88096, 45.71701 ], [ 0.87897, 45.71762 ], [ 0.87571, 45.71608 ], [ 0.87154, 45.71703 ], [ 0.86794, 45.71663 ], [ 0.86298, 45.71305 ], [ 0.85897, 45.71253 ], [ 0.8559, 45.7136 ], [ 0.85085, 45.71361 ], [ 0.85102, 45.71516 ], [ 0.84953, 45.71575 ], [ 0.84392, 45.71419 ], [ 0.84105, 45.71605 ], [ 0.84014, 45.7184 ], [ 0.82956, 45.72039 ], [ 0.82321, 45.71974 ], [ 0.8191, 45.72033 ], [ 0.81542, 45.72222 ], [ 0.81377, 45.72208 ], [ 0.81413, 45.72285 ], [ 0.80941, 45.7244 ], [ 0.80943, 45.72515 ], [ 0.80763, 45.72379 ], [ 0.80509, 45.72578 ], [ 0.80154, 45.72561 ], [ 0.79408, 45.72911 ], [ 0.7943, 45.73045 ], [ 0.78683, 45.73313 ], [ 0.77765, 45.7333 ], [ 0.77515, 45.73613 ], [ 0.77286, 45.73649 ], [ 0.76815, 45.73931 ], [ 0.76434, 45.73701 ], [ 0.76247, 45.73845 ], [ 0.75264, 45.73939 ], [ 0.75138, 45.74023 ], [ 0.74949, 45.73823 ], [ 0.74674, 45.74083 ], [ 0.74496, 45.7372 ], [ 0.74068, 45.73952 ], [ 0.74324, 45.7358 ], [ 0.741, 45.73474 ], [ 0.73539, 45.73477 ], [ 0.73278, 45.73325 ], [ 0.72724, 45.73491 ], [ 0.72514, 45.73229 ], [ 0.72341, 45.73255 ], [ 0.72267, 45.73471 ], [ 0.71928, 45.73279 ], [ 0.71101, 45.73415 ], [ 0.70919, 45.73272 ], [ 0.70633, 45.73261 ], [ 0.7015, 45.73058 ], [ 0.6993, 45.72778 ], [ 0.69599, 45.7285 ], [ 0.69441, 45.72713 ], [ 0.69153, 45.72723 ], [ 0.6873, 45.72585 ], [ 0.6829, 45.72635 ], [ 0.68144, 45.72818 ], [ 0.67804, 45.72679 ], [ 0.67708, 45.73042 ], [ 0.66867, 45.72729 ], [ 0.66623, 45.7235 ], [ 0.66203, 45.72166 ], [ 0.66162, 45.72014 ], [ 0.65673, 45.72267 ], [ 0.65565, 45.72253 ], [ 0.65423, 45.71989 ], [ 0.6493, 45.72017 ], [ 0.64784, 45.71871 ], [ 0.6459, 45.71994 ] ] ] } },
{ "type": "Feature", "properties": { "name": "le Bandiat", "weight_class": 1, "permanent": true, "length_km": 17.4 }, "geometry": { "type": "LineString", "coordinates": [ [ 0.87655, 45.66298 ], [ 0.87612, 45.66056 ], [ 0.87322, 45.65839 ], [ 0.86509, 45.65653 ], [ 0.86435, 45.65138 ], [ 0.86148, 45.6498 ], [ 0.86154, 45.64738 ], [ 0.85993, 45.64509 ], [ 0.85522, 45.64415 ], [ 0.85413, 45.64249 ], [ 0.85194, 45.63839 ], [ 0.8519, 45.63488 ], [ 0.84944, 45.63365 ], [ 0.85135, 45.63066 ], [ 0.84943, 45.62917 ], [ 0.85067, 45.62763 ], [ 0.84947, 45.62634 ], [ 0.84995, 45.62155 ], [ 0.84877, 45.62021 ], [ 0.84454, 45.62079 ], [ 0.84368, 45.619 ], [ 0.83876, 45.61712 ], [ 0.83614, 45.61748 ], [ 0.83233, 45.61546 ], [ 0.82778, 45.61586 ], [ 0.82567, 45.61303 ], [ 0.82225, 45.61321 ], [ 0.82125, 45.60653 ], [ 0.81766, 45.60443 ], [ 0.81394, 45.60534 ], [ 0.81143, 45.60372 ], [ 0.80997, 45.60411 ], [ 0.80222, 45.60193 ], [ 0.80087, 45.59992 ], [ 0.79959, 45.60266 ], [ 0.79775, 45.60377 ], [ 0.78828, 45.60371 ], [ 0.78795, 45.60258 ], [ 0.78947, 45.60094 ], [ 0.78756, 45.59899 ], [ 0.7775, 45.60284 ], [ 0.77488, 45.60554 ], [ 0.7738, 45.603 ], [ 0.77131, 45.60488 ], [ 0.7677, 45.60424 ], [ 0.76639, 45.60624 ], [ 0.76153, 45.60487 ] ] } }
]
}
