{
"type": "FeatureCollection",
"name": "dep81_overview.geojson",
"crs": { "type": "name", "properties": { "name": "urn:ogc:def:crs:OGC:1.3:CRS84" } },
"xy_coordinate_resolution": 1e-05,
"features": [
{ "type": "Feature", "properties": { "name": "le Tarn", "weight_class": 4, "permanent": true, "length_km": 114.0 }, "geometry": { "type": "MultiLineString", "coordinates": [ [ [ 2.52019, 43.961 ], [ 2.51847, 43.9586 ], [ 2.50713, 43.95617 ], [ 2.50224, 43.95385 ], [ 2.49951, 43.95079 ], [ 2.49852, 43.94455 ], [ 2.49366, 43.94254 ], [ 2.4853, 43.94093 ], [ 2.47895, 43.94168 ], [ 2.47294, 43.94431 ], [ 2.45965, 43.94688 ], [ 2.448, 43.95068 ], [ 2.43953, 43.9501 ], [ 2.43159, 43.95474 ], [ 2.42879, 43.95365 ], [ 2.42716, 43.95016 ], [ 2.42337, 43.94785 ], [ 2.41909, 43.94858 ], [ 2.41743, 43.95132 ], [ 2.41396, 43.95168 ], [ 2.40763, 43.94757 ], [ 2.40254, 43.9352 ], [ 2.39649, 43.93255 ], [ 2.39381, 43.93361 ], [ 2.39332, 43.93568 ], [ 2.39399, 43.93797 ], [ 2.39836, 43.94173 ], [ 2.39846, 43.94342 ], [ 2.3956, 43.94546 ], [ 2.39258, 43.9459 ], [ 2.38772, 43.94469 ], [ 2.38301, 43.94219 ], [ 2.37925, 43.94303 ], [ 2.37859, 43.9441 ], [ 2.37953, 43.94617 ], [ 2.38426, 43.94908 ], [ 2.38577, 43.95172 ], [ 2.38087, 43.95748 ], [ 2.37667, 43.95828 ], [ 2.3745, 43.9563 ], [ 2.37582, 43.95039 ], [ 2.37764, 43.94744 ], [ 2.37718, 43.94516 ], [ 2.35831, 43.94156 ], [ 2.34668, 43.93313 ], [ 2.3428, 43.93172 ], [ 2.33409, 43.93319 ], [ 2.3256, 43.93271 ], [ 2.3145, 43.9337 ], [ 2.30089, 43.93268 ], [ 2.29858, 43.93473 ], [ 2.30352, 43.93999 ], [ 2.30426, 43.94266 ], [ 2.30328, 43.94382 ], [ 2.301, 43.94299 ], [ 2.29427, 43.94309 ], [ 2.29156, 43.94202 ], [ 2.28942, 43.93954 ], [ 2.28837, 43.93299 ], [ 2.28686, 43.9319 ], [ 2.28428, 43.93188 ], [ 2.28074, 43.94071 ], [ 2.2812, 43.94232 ], [ 2.28478, 43.94525 ], [ 2.2843, 43.94652 ], [ 2.28231, 43.94703 ], [ 2.27906, 43.94531 ], [ 2.26964, 43.93353 ], [ 2.2584, 43.93069 ], [ 2.25562, 43.93083 ], [ 2.25185, 43.93263 ], [ 2.24566, 43.93756 ], [ 2.24278, 43.94144 ], [ 2.23739, 43.94496 ], [ 2.2335, 43.95023 ], [ 2.22934, 43.95134 ], [ 2.22396, 43.95129 ], [ 2.21732, 43.95373 ], [ 2.19872, 43.9509 ], [ 2.19276, 43.95163 ], [ 2.1896, 43.94862 ], [ 2.1854, 43.94196 ], [ 2.1814, 43.93996 ], [ 2.17676, 43.93954 ], [ 2.17369, 43.94129 ], [ 2.16616, 43.95466 ], [ 2.16281, 43.95627 ], [ 2.15887, 43.95459 ], [ 2.15703, 43.9524 ], [ 2.15884, 43.95016 ], [ 2.16453, 43.94689 ], [ 2.16187, 43.94043 ], [ 2.15915, 43.93803 ], [ 2.13837, 43.92897 ], [ 2.13348, 43.92863 ], [ 2.13076, 43.92993 ], [ 2.1309, 43.93217 ], [ 2.13487, 43.93668 ], [ 2.13558, 43.94077 ], [ 2.13153, 43.94532 ], [ 2.12711, 43.94747 ], [ 2.12328, 43.94794 ], [ 2.12212, 43.94722 ], [ 2.12098, 43.94279 ], [ 2.11383, 43.9426 ], [ 2.11493, 43.93871 ], [ 2.11404, 43.93735 ], [ 2.1101, 43.9366 ], [ 2.09762, 43.93672 ], [ 2.09466, 43.93391 ], [ 2.09337, 43.92942 ], [ 2.09096, 43.92756 ], [ 2.08695, 43.92758 ], [ 2.08279, 43.93209 ], [ 2.08077, 43.93266 ], [ 2.07294, 43.92989 ], [ 2.06083, 43.9312 ], [ 2.03928, 43.9209 ], [ 2.0298, 43.92044 ], [ 2.02033, 43.91804 ], [ 2.00646, 43.90621 ], [ 2.00281, 43.90631 ], [ 1.99196, 43.90952 ], [ 1.98929, 43.90927 ], [ 1.98674, 43.90708 ], [ 1.98556, 43.90384 ], [ 1.98698, 43.89903 ], [ 1.98382, 43.89698 ], [ 1.9801, 43.89759 ], [ 1.96346, 43.90528 ], [ 1.96025, 43.90809 ], [ 1.95546, 43.91521 ], [ 1.95375, 43.91617 ], [ 1.94974, 43.91583 ], [ 1.93776, 43.91086 ], [ 1.92725, 43.90813 ], [ 1.92538, 43.90647 ], [ 1.92385, 43.90232 ], [ 1.91983, 43.89826 ], [ 1.91246, 43.89266 ], [ 1.90707, 43.88991 ], [ 1.90339, 43.88972 ], [ 1.89807, 43.89155 ], [ 1.89531, 43.89673 ], [ 1.89269, 43.89805 ], [ 1.89068, 43.89768 ], [ 1.88324, 43.88936 ], [ 1.88686, 43.88007 ], [ 1.88469, 43.86949 ], [ 1.88235, 43.86677 ], [ 1.87784, 43.86664 ], [ 1.87008, 43.86895 ], [ 1.86507, 43.87124 ], [ 1.86068, 43.87537 ], [ 1.85812, 43.87569 ], [ 1.85387, 43.87476 ], [ 1.85017, 43.87177 ], [ 1.84575, 43.87009 ], [ 1.83299, 43.86853 ], [ 1.81725, 43.85977 ], [ 1.8139, 43.85563 ], [ 1.81279, 43.85169 ], [ 1.8134, 43.84869 ], [ 1.82051, 43.84386 ], [ 1.81934, 43.84183 ], [ 1.81394, 43.84064 ], [ 1.80622, 43.83723 ], [ 1.79389, 43.83676 ], [ 1.78372, 43.83221 ], [ 1.77894, 43.8312 ], [ 1.77151, 43.83204 ], [ 1.76711, 43.83817 ], [ 1.76187, 43.8379 ], [ 1.75482, 43.83269 ], [ 1.75261, 43.82654 ], [ 1.7448, 43.8245 ], [ 1.73732, 43.82756 ], [ 1.7354, 43.82744 ], [ 1.73147, 43.82534 ], [ 1.72434, 43.81745 ], [ 1.71773, 43.81252 ], [ 1.70436, 43.80729 ], [ 1.69391, 43.79647 ], [ 1.69118, 43.79081 ], [ 1.68518, 43.78637 ], [ 1.676, 43.7844 ], [ 1.66304, 43.78364 ], [ 1.65082, 43.7756 ], [ 1.64747, 43.77605 ], [ 1.64078, 43.77904 ] ], [ [ 2.52527, 43.97716 ], [ 2.52224, 43.97497 ], [ 2.52361, 43.97078 ], [ 2.52092, 43.96337 ] ] ] } },
{ "type": "Feature", "properties": { "name": "l'Aveyron", "weight_class": 4, "permanent": true, "length_km": 35.7 }, "geometry": { "type": "MultiLineString", "coordinates": [ [ [ 1.72216, 44.11825 ], [ 1.72285, 44.11571 ], [ 1.72583, 44.11414 ], [ 1.72687, 44.11249 ], [ 1.72306, 44.11007 ], [ 1.71593, 44.10789 ], [ 1.71492, 44.10547 ], [ 1.71605, 44.10446 ], [ 1.72219, 44.10323 ], [ 1.72349, 44.10107 ], [ 1.72662, 44.09954 ], [ 1.72657, 44.09743 ], [ 1.72237, 44.09393 ], [ 1.72248, 44.09176 ], [ 1.72383, 44.09056 ], [ 1.73514, 44.08651 ], [ 1.73716, 44.08351 ], [ 1.73613, 44.08081 ], [ 1.73437, 44.07984 ], [ 1.73026, 44.07954 ], [ 1.72475, 44.08084 ], [ 1.72098, 44.08008 ], [ 1.71737, 44.07773 ], [ 1.71494, 44.07108 ], [ 1.71224, 44.07103 ], [ 1.70629, 44.07342 ], [ 1.70117, 44.07315 ], [ 1.69908, 44.07165 ], [ 1.69918, 44.06771 ], [ 1.6971, 44.06499 ], [ 1.69026, 44.0624 ], [ 1.68561, 44.06244 ], [ 1.67825, 44.06608 ], [ 1.6744, 44.0663 ], [ 1.67283, 44.05895 ] ], [ [ 1.86283, 44.14394 ], [ 1.86048, 44.1429 ], [ 1.85628, 44.13744 ], [ 1.8494, 44.135 ], [ 1.84587, 44.13637 ], [ 1.84205, 44.14385 ], [ 1.84044, 44.14465 ], [ 1.83813, 44.14434 ], [ 1.83527, 44.14256 ], [ 1.83548, 44.1391 ], [ 1.83408, 44.13726 ], [ 1.82988, 44.1338 ], [ 1.82162, 44.12984 ] ], [ [ 1.88982, 44.14222 ], [ 1.88659, 44.13782 ], [ 1.88496, 44.13723 ], [ 1.87243, 44.14028 ], [ 1.87009, 44.14182 ] ], [ [ 1.9129, 44.14237 ], [ 1.91939, 44.14139 ], [ 1.91675, 44.13766 ], [ 1.91342, 44.13544 ], [ 1.91304, 44.13389 ], [ 1.9056, 44.12976 ], [ 1.89852, 44.13294 ], [ 1.89389, 44.14294 ], [ 1.89154, 44.14315 ], [ 1.88992, 44.14235 ] ], [ [ 1.89668, 44.15811 ], [ 1.89469, 44.15545 ], [ 1.89481, 44.15339 ], [ 1.90021, 44.15342 ], [ 1.9064, 44.15069 ], [ 1.91237, 44.14407 ] ], [ [ 1.96947, 44.14467 ], [ 1.96628, 44.14439 ], [ 1.95235, 44.15122 ], [ 1.94681, 44.14654 ], [ 1.94363, 44.14644 ], [ 1.93977, 44.14763 ], [ 1.93798, 44.14916 ], [ 1.93691, 44.15338 ], [ 1.93113, 44.15673 ], [ 1.92556, 44.15801 ], [ 1.91945, 44.1631 ], [ 1.91104, 44.16389 ], [ 1.89905, 44.15977 ] ] ] } },
{ "type": "Feature", "properties": { "name": "le Viaur", "weight_class": 3, "permanent": true, "length_km": 55.9 }, "geometry": { "type": "MultiLineString", "coordinates": [ [ [ 1.98008, 44.15056 ], [ 1.98018, 44.14778 ], [ 1.97649, 44.14496 ], [ 1.97033, 44.14259 ], [ 1.96655, 44.14431 ] ], [ [ 2.01489, 44.15468 ], [ 2.00295, 44.15097 ], [ 1.99628, 44.15105 ], [ 1.98655, 44.14897 ], [ 1.98464, 44.14938 ], [ 1.98381, 44.15069 ], [ 1.98619, 44.15381 ], [ 1.98531, 44.15653 ], [ 1.98288, 44.15663 ], [ 1.98042, 44.15408 ] ], [ [ 2.05639, 44.17219 ], [ 2.05275, 44.17108 ], [ 2.04771, 44.17124 ], [ 2.03963, 44.1681 ], [ 2.02855, 44.16855 ], [ 2.0269, 44.16679 ], [ 2.02685, 44.16476 ], [ 2.03077, 44.16173 ], [ 2.03077, 44.15764 ], [ 2.02427, 44.15494 ], [ 2.01624, 44.15474 ] ], [ [ 2.05508, 44.18078 ], [ 2.05951, 44.17664 ], [ 2.06037, 44.17322 ], [ 2.05841, 44.1724 ] ], [ [ 2.08294, 44.18193 ], [ 2.08098, 44.17999 ], [ 2.0775, 44.18025 ], [ 2.06953, 44.18429 ], [ 2.06911, 44.18956 ], [ 2.0665, 44.19015 ], [ 2.06152, 44.18914 ], [ 2.05871, 44.18995 ] ], [ [ 2.10386, 44.19324 ], [ 2.10314, 44.19179 ], [ 2.10576, 44.18943 ], [ 2.10776, 44.18181 ], [ 2.10222, 44.17855 ], [ 2.09807, 44.17741 ], [ 2.09627, 44.17431 ], [ 2.09455, 44.17456 ], [ 2.094, 44.17564 ], [ 2.09847, 44.18217 ], [ 2.09427, 44.18371 ], [ 2.09368, 44.18472 ], [ 2.09651, 44.1885 ], [ 2.09253, 44.18867 ], [ 2.09098, 44.18649 ], [ 2.08516, 44.18481 ] ], [ [ 2.15322, 44.19623 ], [ 2.153, 44.19764 ], [ 2.14937, 44.20055 ], [ 2.14538, 44.20037 ], [ 2.14239, 44.20148 ], [ 2.1379, 44.19971 ], [ 2.13617, 44.20086 ], [ 2.1333, 44.20087 ], [ 2.13105, 44.19714 ], [ 2.12876, 44.1958 ], [ 2.11444, 44.19594 ] ], [ [ 2.17388, 44.18084 ], [ 2.16387, 44.17821 ], [ 2.15798, 44.17917 ], [ 2.15533, 44.18048 ], [ 2.1539, 44.18168 ], [ 2.15433, 44.18319 ], [ 2.15782, 44.18611 ], [ 2.1618, 44.18662 ], [ 2.16217, 44.18751 ], [ 2.15905, 44.18937 ], [ 2.15197, 44.19032 ], [ 2.15069, 44.19165 ], [ 2.15186, 44.19366 ] ], [ [ 2.1865, 44.16706 ], [ 2.18519, 44.16963 ], [ 2.18058, 44.17086 ], [ 2.18098, 44.17277 ] ], [ [ 2.22325, 44.13895 ], [ 2.20802, 44.13749 ], [ 2.20004, 44.13852 ], [ 2.19341, 44.14055 ], [ 2.19167, 44.14012 ], [ 2.18962, 44.1374 ], [ 2.18615, 44.13742 ], [ 2.18157, 44.13874 ], [ 2.18154, 44.14209 ], [ 2.18489, 44.14219 ], [ 2.18885, 44.14411 ], [ 2.19216, 44.14921 ], [ 2.19526, 44.14867 ], [ 2.19847, 44.14675 ], [ 2.19688, 44.14472 ], [ 2.19853, 44.14359 ], [ 2.20806, 44.14638 ], [ 2.2132, 44.14597 ], [ 2.21462, 44.14791 ], [ 2.21446, 44.14996 ], [ 2.21065, 44.15038 ], [ 2.20798, 44.15178 ], [ 2.21002, 44.15497 ], [ 2.20398, 44.15341 ], [ 2.191, 44.15541 ], [ 2.18984, 44.15704 ], [ 2.19068, 44.15903 ], [ 2.19621, 44.15974 ], [ 2.19786, 44.16192 ], [ 2.19733, 44.16253 ], [ 2.19146, 44.16209 ], [ 2.18976, 44.16396 ] ], [ [ 2.32142, 44.1242 ], [ 2.31567, 44.12211 ], [ 2.31282, 44.11893 ], [ 2.30797, 44.11761 ], [ 2.30587, 44.11884 ], [ 2.30535, 44.12111 ], [ 2.30386, 44.12221 ], [ 2.29903, 44.12229 ], [ 2.29655, 44.12374 ], [ 2.29297, 44.12163 ], [ 2.28887, 44.12194 ], [ 2.28719, 44.12292 ], [ 2.28486, 44.12765 ], [ 2.2832, 44.12505 ], [ 2.27814, 44.12449 ], [ 2.2789, 44.12164 ], [ 2.27809, 44.12092 ], [ 2.25932, 44.11864 ], [ 2.2554, 44.11987 ], [ 2.2521, 44.11985 ], [ 2.25156, 44.12156 ], [ 2.25461, 44.12357 ], [ 2.26091, 44.12284 ], [ 2.26416, 44.12415 ], [ 2.26358, 44.12568 ], [ 2.26204, 44.12637 ], [ 2.25899, 44.12552 ], [ 2.25619, 44.12607 ], [ 2.25503, 44.1276 ], [ 2.25609, 44.12931 ], [ 2.25417, 44.1309 ], [ 2.24517, 44.13284 ], [ 2.24265, 44.13574 ], [ 2.23742, 44.13398 ], [ 2.23289, 44.13412 ], [ 2.23071, 44.13753 ] ] ] } },
{ "type": "Feature", "properties": { "name": "Ruisseau de Grelle", "weight_class": 1, "permanent": true, "length_km": 8.7 }, "geometry": { "type": "LineString", "coordinates": [ [ 2.81274, 43.75899 ], [ 2.81055, 43.75587 ], [ 2.80636, 43.75417 ], [ 2.80296, 43.74857 ], [ 2.79708, 43.74458 ], [ 2.79424, 43.74013 ], [ 2.79434, 43.73433 ], [ 2.79194, 43.72931 ], [ 2.78917, 43.72693 ], [ 2.7859, 43.72039 ], [ 2.78625, 43.71916 ], [ 2.78347, 43.71844 ], [ 2.78229, 43.71918 ], [ 2.77598, 43.71953 ], [ 2.77275, 43.71795 ], [ 2.77175, 43.71529 ], [ 2.77223, 43.70937 ], [ 2.77022, 43.70158 ] ] } },
{ "type": "Feature", "properties": { "name": "Ruisseau de Révalies", "weight_class": 1, "permanent": true, "length_km": 2.9 }, "geometry": { "type": "LineString", "coordinates": [ [ 2.89661, 43.70807 ], [ 2.89477, 43.70277 ], [ 2.88967, 43.70149 ], [ 2.88016, 43.69535 ], [ 2.87325, 43.69231 ] ] } },
{ "type": "Feature", "properties": { "name": "Ruisseau de Poux", "weight_class": 1, "permanent": true, "length_km": 3.8 }, "geometry": { "type": "LineString", "coordinates": [ [ 2.90911, 43.69559 ], [ 2.90312, 43.69688 ], [ 2.90241, 43.69946 ], [ 2.90642, 43.7017 ], [ 2.90603, 43.70335 ], [ 2.9075, 43.70404 ], [ 2.90827, 43.70601 ], [ 2.90803, 43.70867 ], [ 2.91063, 43.71081 ], [ 2.90843, 43.71301 ], [ 2.91013, 43.71609 ], [ 2.91326, 43.71853 ] ] } },
{ "type": "Feature", "properties": { "name": "Ruisseau de Merle", "weight_class": 1, "permanent": true, "length_km": 5.3 }, "geometry": { "type": "LineString", "coordinates": [ [ 2.87708, 43.65908 ], [ 2.87958, 43.66348 ], [ 2.88732, 43.67187 ], [ 2.88615, 43.6751 ], [ 2.8885, 43.67945 ], [ 2.88772, 43.68501 ], [ 2.88969, 43.68885 ], [ 2.89131, 43.68978 ], [ 2.89575, 43.68963 ], [ 2.89765, 43.68827 ], [ 2.90344, 43.68736 ] ] } },
{ "type": "Feature", "properties": { "name": "Rieu Pourquié", "weight_class": 1, "permanent": true, "length_km": 7.2 }, "geometry": { "type": "LineString", "coordinates": [ [ 2.90136, 43.65486 ], [ 2.90199, 43.65656 ], [ 2.89776, 43.6591 ], [ 2.89687, 43.66397 ], [ 2.89272, 43.66625 ], [ 2.89384, 43.66975 ], [ 2.8972, 43.67268 ], [ 2.89624, 43.67807 ], [ 2.90047, 43.68029 ], [ 2.90238, 43.68321 ], [ 2.90195, 43.68583 ], [ 2.90312, 43.686 ], [ 2.90344, 43.68736 ], [ 2.90767, 43.6876 ], [ 2.90942, 43.68905 ], [ 2.9097, 43.69121 ], [ 2.91382, 43.69116 ], [ 2.91479, 43.69275 ], [ 2.91968, 43.69375 ], [ 2.92727, 43.69285 ] ] } },
{ "type": "Feature", "properties": { "name": "Ruisseau de Nissoulière", "weight_class": 1, "permanent": true, "length_km": 3.2 }, "geometry": { "type": "LineString", "coordinates": [ [ 2.90554, 43.65905 ], [ 2.90365, 43.66291 ], [ 2.90528, 43.66724 ], [ 2.90904, 43.66981 ], [ 2.91018, 43.67223 ], [ 2.91412, 43.67367 ], [ 2.91544, 43.67803 ], [ 2.91991, 43.68042 ] ] } },
{ "type": "Feature", "properties": { "name": "Ruisseau de la Vèbre", "weight_class": 1, "permanent": true, "length_km": 3.3 }, "geometry": { "type": "LineString", "coordinates": [ [ 2.85306, 43.71668 ], [ 2.85652, 43.71078 ], [ 2.85983, 43.7081 ], [ 2.85895, 43.7045 ], [ 2.86076, 43.70096 ], [ 2.85911, 43.69485 ], [ 2.85582, 43.69437 ], [ 2.85339, 43.69277 ] ] } },
{ "type": "Feature", "properties": { "name": null, "weight_class": 2, "permanent": true, "length_km": 2.0 }, "geometry": { "type": "LineString", "coordinates": [ [ 2.81768, 43.69263 ], [ 2.8165, 43.68932 ], [ 2.81725, 43.68104 ], [ 2.82088, 43.67833 ], [ 2.82332, 43.67817 ] ] } },
{ "type": "Feature", "properties": { "name": "Ruisseau des Issaliès", "weight_class": 1, "permanent": true, "length_km": 2.4 }, "geometry": { "type": "LineString", "coordinates": [ [ 2.88612, 43.72208 ], [ 2.88579, 43.72065 ], [ 2.8891, 43.71724 ], [ 2.88905, 43.71368 ], [ 2.8869, 43.71186 ], [ 2.88056, 43.71078 ], [ 2.87837, 43.70828 ] ] } },
{ "type": "Feature", "properties": { "name": "Ruisseau d'Espeyres", "weight_class": 1, "permanent": true, "length_km": 5.3 }, "geometry": { "type": "LineString", "coordinates": [ [ 2.86731, 43.73846 ], [ 2.86936, 43.73908 ], [ 2.87442, 43.7386 ], [ 2.87764, 43.73707 ], [ 2.87898, 43.73433 ], [ 2.88275, 43.73099 ], [ 2.88484, 43.73057 ], [ 2.88959, 43.72737 ], [ 2.89585, 43.72636 ], [ 2.90431, 43.72181 ], [ 2.90832, 43.72109 ], [ 2.90892, 43.71906 ], [ 2.91019, 43.71946 ], [ 2.91279, 43.71839 ], [ 2.91585, 43.72008 ] ] } },
{ "type": "Feature", "properties": { "name": null, "weight_class": 1, "permanent": true, "length_km": 2.7 }, "geometry": { "type": "LineString", "coordinates": [ [ 2.83168, 43.69863 ], [ 2.83762, 43.69714 ], [ 2.84028, 43.69526 ], [ 2.84134, 43.69251 ], [ 2.84088, 43.69052 ], [ 2.83273, 43.68755 ], [ 2.83111, 43.6832 ] ] } },
{ "type": "Feature", "properties": { "name": null, "weight_class": 1, "permanent": false, "length_km": 2.0 }, "geometry": { "type": "LineString", "coordinates": [ [ 2.80096, 43.67536 ], [ 2.79882, 43.66875 ], [ 2.80054, 43.66718 ], [ 2.79731, 43.66393 ], [ 2.79919, 43.66297 ], [ 2.8, 43.66084 ] ] } },
{ "type": "Feature", "properties": { "name": null, "weight_class": 1, "permanent": true, "length_km": 2.7 }, "geometry": { "type": "LineString", "coordinates": [ [ 2.82977, 43.69909 ], [ 2.82471, 43.70302 ], [ 2.82421, 43.70494 ], [ 2.81998, 43.70547 ], [ 2.81159, 43.71038 ], [ 2.80524, 43.71011 ] ] } },
{ "type": "Feature", "properties": { "name": null, "weight_class": 1, "permanent": true, "length_km": 3.1 }, "geometry": { "type": "LineString", "coordinates": [ [ 2.83134, 43.72813 ], [ 2.82476, 43.72862 ], [ 2.82246, 43.72785 ], [ 2.82066, 43.72647 ], [ 2.82019, 43.72453 ], [ 2.82125, 43.72082 ], [ 2.81721, 43.716 ], [ 2.8147, 43.71465 ], [ 2.80877, 43.71395 ] ] } },
{ "type": "Feature", "properties": { "name": null, "weight_class": 1, "permanent": true, "length_km": 2.0 }, "geometry": { "type": "LineString", "coordinates": [ [ 2.82121, 43.69668 ], [ 2.82364, 43.69377 ], [ 2.82632, 43.69326 ], [ 2.82853, 43.69169 ], [ 2.83178, 43.68592 ], [ 2.82984, 43.68272 ] ] } },
{ "type": "Feature", "properties": { "name": "le Viau", "weight_class": 2, "permanent": true, "length_km": 16.7 }, "geometry": { "type": "LineString", "coordinates": [ [ 2.83572, 43.74955 ], [ 2.83218, 43.74738 ], [ 2.8305, 43.74336 ], [ 2.82663, 43.74111 ], [ 2.8241, 43.73727 ], [ 2.82084, 43.73558 ], [ 2.819, 43.73085 ], [ 2.81676, 43.72908 ], [ 2.81511, 43.72386 ], [ 2.80895, 43.71993 ], [ 2.80765, 43.7165 ], [ 2.80907, 43.7135 ], [ 2.80511, 43.70989 ], [ 2.79953, 43.70746 ], [ 2.78835, 43.70669 ], [ 2.7841, 43.70505 ], [ 2.78101, 43.69975 ], [ 2.77703, 43.69702 ], [ 2.77729, 43.69596 ], [ 2.78237, 43.69464 ], [ 2.78382, 43.6908 ], [ 2.79102, 43.68756 ], [ 2.79108, 43.68667 ], [ 2.78735, 43.6814 ], [ 2.77916, 43.67376 ], [ 2.77673, 43.66931 ], [ 2.77787, 43.66753 ], [ 2.77318, 43.6675 ], [ 2.7712, 43.66574 ], [ 2.77182, 43.66402 ], [ 2.76843, 43.66296 ], [ 2.77087, 43.65913 ], [ 2.76429, 43.65068 ], [ 2.7647, 43.64824 ], [ 2.76605, 43.64773 ] ] } },
{ "type": "Feature", "properties": { "name": "le Greissentous", "weight_class": 1, "permanent": true, "length_km": 5.3 }, "geometry": { "type": "LineString", "coordinates": [ [ 2.84997, 43.71573 ], [ 2.84748, 43.71704 ], [ 2.84491, 43.71696 ], [ 2.84092, 43.71531 ], [ 2.83892, 43.71249 ], [ 2.84141, 43.70846 ], [ 2.84485, 43.7054 ], [ 2.84608, 43.70089 ], [ 2.85371, 43.69239 ], [ 2.85283, 43.68542 ], [ 2.85402, 43.6832 ], [ 2.85313, 43.68056 ] ] } },
{ "type": "Feature", "properties": { "name": "la Vèbre", "weight_class": 1, "permanent": true, "length_km": 25.8 }, "geometry": { "type": "LineString", "coordinates": [ [ 2.85535, 43.73164 ], [ 2.8627, 43.72575 ], [ 2.86393, 43.72357 ], [ 2.87203, 43.71849 ], [ 2.87777, 43.71214 ], [ 2.87838, 43.70811 ], [ 2.87752, 43.70622 ], [ 2.87482, 43.70468 ], [ 2.8718, 43.70489 ], [ 2.87028, 43.70359 ], [ 2.87063, 43.69937 ], [ 2.87218, 43.6979 ], [ 2.87187, 43.69359 ], [ 2.87656, 43.6886 ], [ 2.87523, 43.68637 ], [ 2.87198, 43.6843 ], [ 2.86717, 43.68364 ], [ 2.85803, 43.68445 ], [ 2.85304, 43.68046 ], [ 2.85025, 43.67965 ], [ 2.84884, 43.67644 ], [ 2.83556, 43.68278 ], [ 2.83, 43.68291 ], [ 2.82812, 43.68129 ], [ 2.82454, 43.68067 ], [ 2.82298, 43.67876 ], [ 2.82584, 43.672 ], [ 2.82293, 43.66915 ], [ 2.82246, 43.66648 ], [ 2.81612, 43.66259 ], [ 2.81407, 43.66513 ], [ 2.81362, 43.66783 ], [ 2.81, 43.66919 ], [ 2.80772, 43.66845 ], [ 2.80195, 43.66152 ], [ 2.80321, 43.65635 ], [ 2.8026, 43.65398 ], [ 2.79839, 43.65101 ], [ 2.79296, 43.65059 ], [ 2.78, 43.64501 ], [ 2.77511, 43.64422 ], [ 2.77339, 43.64615 ], [ 2.76605, 43.64773 ], [ 2.7565, 43.6381 ], [ 2.7574, 43.63541 ], [ 2.74832, 43.63214 ], [ 2.74913, 43.62925 ], [ 2.74624, 43.62877 ], [ 2.74438, 43.63176 ], [ 2.74109, 43.63384 ], [ 2.73828, 43.63157 ] ] } },
{ "type": "Feature", "properties": { "name": "Rec de Montredon", "weight_class": 1, "permanent": true, "length_km": 2.8 }, "geometry": { "type": "LineString", "coordinates": [ [ 2.81283, 43.69756 ], [ 2.80801, 43.69688 ], [ 2.80612, 43.69526 ], [ 2.80198, 43.69491 ], [ 2.79211, 43.69943 ], [ 2.79249, 43.70247 ], [ 2.79022, 43.70648 ] ] } },
{ "type": "Feature", "properties": { "name": "Rec Escur", "weight_class": 1, "permanent": false, "length_km": 2.0 }, "geometry": { "type": "LineString", "coordinates": [ [ 2.87284, 43.6556 ], [ 2.87225, 43.65137 ], [ 2.86904, 43.64858 ], [ 2.8621, 43.65091 ], [ 2.85848, 43.65336 ] ] } },
{ "type": "Feature", "properties": { "name": "Ruisseau de Candoubre", "weight_class": 1, "permanent": true, "length_km": 7.0 }, "geometry": { "type": "LineString", "coordinates": [ [ 2.87264, 43.66107 ], [ 2.8687, 43.66189 ], [ 2.86584, 43.66148 ], [ 2.85836, 43.65338 ], [ 2.84943, 43.65661 ], [ 2.84857, 43.65936 ], [ 2.84677, 43.65986 ], [ 2.84256, 43.66427 ], [ 2.83929, 43.66614 ], [ 2.83766, 43.67268 ], [ 2.83385, 43.67776 ], [ 2.82951, 43.67813 ], [ 2.82653, 43.67703 ], [ 2.82584, 43.672 ] ] } },
{ "type": "Feature", "properties": { "name": "Rec des Fargues", "weight_class": 1, "permanent": false, "length_km": 2.3 }, "geometry": { "type": "LineString", "coordinates": [ [ 2.86648, 43.66503 ], [ 2.86165, 43.66824 ], [ 2.8588, 43.66864 ], [ 2.8542, 43.67099 ], [ 2.8537, 43.67544 ], [ 2.84975, 43.67734 ] ] } },
{ "type": "Feature", "properties": { "name": "Ruisseau Roucarel", "weight_class": 1, "permanent": true, "length_km": 3.1 }, "geometry": { "type": "LineString", "coordinates": [ [ 2.8766, 43.66628 ], [ 2.87777, 43.67006 ], [ 2.87684, 43.6727 ], [ 2.86438, 43.67741 ], [ 2.85716, 43.68399 ] ] } },
{ "type": "Feature", "properties": { "name": "Ruisseau de Randy", "weight_class": 1, "permanent": true, "length_km": 3.5 }, "geometry": { "type": "LineString", "coordinates": [ [ 2.82544, 43.64756 ], [ 2.82128, 43.64373 ], [ 2.81691, 43.64288 ], [ 2.81307, 43.64316 ], [ 2.80865, 43.64571 ], [ 2.80348, 43.64494 ], [ 2.80074, 43.64608 ], [ 2.79913, 43.64836 ], [ 2.79152, 43.6498 ] ] } },
{ "type": "Feature", "properties": { "name": "Ruisseau de Pérégas", "weight_class": 1, "permanent": false, "length_km": 2.5 }, "geometry": { "type": "MultiLineString", "coordinates": [ [ [ 2.83043, 43.63814 ], [ 2.82814, 43.63735 ], [ 2.82534, 43.63831 ], [ 2.82394, 43.63774 ], [ 2.82183, 43.63929 ], [ 2.81593, 43.63999 ], [ 2.81294, 43.64141 ] ], [ [ 2.83533, 43.64479 ], [ 2.83608, 43.64319 ], [ 2.8341, 43.63898 ] ] ] } },
{ "type": "Feature", "properties": { "name": null, "weight_class": 1, "permanent": false, "length_km": 3.2 }, "geometry": { "type": "LineString", "coordinates": [ [ 2.7995, 43.6276 ], [ 2.79688, 43.62978 ], [ 2.78881, 43.63088 ], [ 2.78831, 43.63269 ], [ 2.78237, 43.63823 ], [ 2.77678, 43.63954 ], [ 2.77614, 43.64215 ], [ 2.77464, 43.64335 ], [ 2.77511, 43.64422 ] ] } },
{ "type": "Feature", "properties": { "name": "le Dourdou de Camarès", "weight_class": 1, "permanent": true, "length_km": 10.0 }, "geometry": { "type": "MultiLineString", "coordinates": [ [ [ 2.90832, 43.65529 ], [ 2.91297, 43.65912 ], [ 2.9175, 43.66059 ], [ 2.9198, 43.66238 ], [ 2.91744, 43.66893 ], [ 2.92132, 43.6778 ] ], [ [ 2.91944, 43.68205 ], [ 2.91903, 43.68755 ], [ 2.9216, 43.68975 ], [ 2.92308, 43.68953 ], [ 2.92579, 43.69077 ] ], [ [ 2.92608, 43.69092 ], [ 2.92793, 43.69504 ], [ 2.92677, 43.69569 ], [ 2.92741, 43.69673 ], [ 2.92563, 43.69704 ], [ 2.92566, 43.70093 ], [ 2.92354, 43.70145 ], [ 2.92397, 43.70264 ], [ 2.91807, 43.70892 ], [ 2.91941, 43.71139 ], [ 2.91561, 43.71447 ], [ 2.91435, 43.71736 ], [ 2.91725, 43.72101 ], [ 2.91626, 43.72342 ], [ 2.9218, 43.72493 ], [ 2.9241, 43.72462 ] ] ] } },
{ "type": "Feature", "properties": { "name": "Ruisseau de Plô des Parès", "weight_class": 1, "permanent": false, "length_km": 2.5 }, "geometry": { "type": "LineString", "coordinates": [ [ 2.70724, 43.68673 ], [ 2.70261, 43.68842 ], [ 2.6972, 43.69339 ], [ 2.69431, 43.69463 ], [ 2.69523, 43.69845 ], [ 2.69696, 43.70006 ], [ 2.69555, 43.70246 ] ] } },
{ "type": "Feature", "properties": { "name": "Ruisseau de l'Enreveillé", "weight_class": 1, "permanent": true, "length_km": 3.8 }, "geometry": { "type": "LineString", "coordinates": [ [ 2.70904, 43.6877 ], [ 2.71126, 43.6897 ], [ 2.71218, 43.69253 ], [ 2.71087, 43.69886 ], [ 2.70409, 43.70052 ], [ 2.70038, 43.70014 ], [ 2.69928, 43.70147 ], [ 2.69267, 43.70407 ], [ 2.68785, 43.70797 ] ] } },
{ "type": "Feature", "properties": { "name": "Ruisseau de Verlières", "weight_class": 1, "permanent": false, "length_km": 3.2 }, "geometry": { "type": "LineString", "coordinates": [ [ 2.64724, 43.72704 ], [ 2.64398, 43.7284 ], [ 2.64125, 43.72743 ], [ 2.63946, 43.72791 ], [ 2.63692, 43.72662 ], [ 2.63509, 43.72698 ], [ 2.63014, 43.72941 ], [ 2.62298, 43.73077 ], [ 2.61388, 43.73565 ] ] } },
{ "type": "Feature", "properties": { "name": "Ruisseau du Cros", "weight_class": 1, "permanent": false, "length_km": 2.8 }, "geometry": { "type": "LineString", "coordinates": [ [ 2.64002, 43.7364 ], [ 2.63121, 43.73704 ], [ 2.62981, 43.73642 ], [ 2.62391, 43.7385 ], [ 2.61975, 43.73559 ], [ 2.61659, 43.7368 ], [ 2.61397, 43.73565 ], [ 2.61028, 43.73618 ] ] } },
{ "type": "Feature", "properties": { "name": null, "weight_class": 1, "permanent": false, "length_km": 2.9 }, "geometry": { "type": "LineString", "coordinates": [ [ 2.69357, 43.72502 ], [ 2.69388, 43.72331 ], [ 2.6926, 43.72223 ], [ 2.68827, 43.72162 ], [ 2.68446, 43.71896 ], [ 2.67789, 43.717 ], [ 2.67703, 43.71401 ], [ 2.67771, 43.70966 ], [ 2.67489, 43.70858 ] ] } },
{ "type": "Feature", "properties": { "name": "Ruisseau de Poutras", "weight_class": 1, "permanent": false, "length_km": 2.5 }, "geometry": { "type": "LineString", "coordinates": [ [ 2.68464, 43.68671 ], [ 2.68074, 43.68484 ], [ 2.67786, 43.68479 ], [ 2.67717, 43.6855 ], [ 2.67436, 43.68488 ], [ 2.67416, 43.6823 ], [ 2.67239, 43.67932 ], [ 2.67134, 43.67919 ], [ 2.67139, 43.67544 ], [ 2.67338, 43.67355 ] ] } },
{ "type": "Feature", "properties": { "name": "Ruisseau de la Sagne", "weight_class": 1, "permanent": false, "length_km": 2.1 }, "geometry": { "type": "LineString", "coordinates": [ [ 2.70872, 43.72334 ], [ 2.70705, 43.72053 ], [ 2.70405, 43.71888 ], [ 2.70097, 43.71516 ], [ 2.70082, 43.71367 ], [ 2.69786, 43.71157 ], [ 2.6979, 43.70805 ] ] } },
{ "type": "Feature", "properties": { "name": "Ruisseau de Col", "weight_class": 1, "permanent": true, "length_km": 2.5 }, "geometry": { "type": "LineString", "coordinates": [ [ 2.70452, 43.72728 ], [ 2.69917, 43.72835 ], [ 2.69119, 43.73767 ], [ 2.69073, 43.74156 ], [ 2.69346, 43.74406 ] ] } },
{ "type": "Feature", "properties": { "name": null, "weight_class": 1, "permanent": true, "length_km": 4.3 }, "geometry": { "type": "LineString", "coordinates": [ [ 2.73385, 43.68128 ], [ 2.73479, 43.68675 ], [ 2.72998, 43.69097 ], [ 2.73017, 43.69446 ], [ 2.73406, 43.69657 ], [ 2.73688, 43.70065 ], [ 2.74584, 43.70511 ], [ 2.74938, 43.70961 ] ] } },
{ "type": "Feature", "properties": { "name": null, "weight_class": 1, "permanent": false, "length_km": 2.2 }, "geometry": { "type": "LineString", "coordinates": [ [ 2.76211, 43.68408 ], [ 2.76424, 43.6858 ], [ 2.76668, 43.69057 ], [ 2.76682, 43.69749 ], [ 2.77098, 43.7005 ] ] } },
{ "type": "Feature", "properties": { "name": null, "weight_class": 1, "permanent": false, "length_km": 2.9 }, "geometry": { "type": "LineString", "coordinates": [ [ 2.76177, 43.72896 ], [ 2.76303, 43.72618 ], [ 2.76059, 43.72292 ], [ 2.7599, 43.71868 ], [ 2.75831, 43.71672 ], [ 2.76109, 43.70761 ], [ 2.75937, 43.70503 ] ] } },
{ "type": "Feature", "properties": { "name": null, "weight_class": 1, "permanent": true, "length_km": 2.0 }, "geometry": { "type": "LineString", "coordinates": [ [ 2.72696, 43.69667 ], [ 2.7257, 43.69925 ], [ 2.71889, 43.70183 ], [ 2.71853, 43.7053 ], [ 2.71499, 43.70722 ], [ 2.71205, 43.70722 ] ] } },
{ "type": "Feature", "properties": { "name": null, "weight_class": 1, "permanent": true, "length_km": 3.2 }, "geometry": { "type": "LineString", "coordinates": [ [ 2.75082, 43.68322 ], [ 2.75281, 43.68559 ], [ 2.7536, 43.68902 ], [ 2.75266, 43.69054 ], [ 2.75412, 43.69202 ], [ 2.75312, 43.69858 ], [ 2.75435, 43.69987 ], [ 2.76493, 43.7024 ] ] } },
{ "type": "Feature", "properties": { "name": null, "weight_class": 1, "permanent": true, "length_km": 2.5 }, "geometry": { "type": "LineString", "coordinates": [ [ 2.71913, 43.72187 ], [ 2.72448, 43.71783 ], [ 2.72537, 43.7156 ], [ 2.73163, 43.71386 ], [ 2.73494, 43.711 ], [ 2.74144, 43.71037 ] ] } },
{ "type": "Feature", "properties": { "name": null, "weight_class": 1, "permanent": true, "length_km": 2.7 }, "geometry": { "type": "LineString", "coordinates": [ [ 2.61526, 43.77578 ], [ 2.61507, 43.77031 ], [ 2.61642, 43.76675 ], [ 2.61462, 43.76163 ], [ 2.60983, 43.75959 ], [ 2.60443, 43.76246 ] ] } },
{ "type": "Feature", "properties": { "name": null, "weight_class": 1, "permanent": false, "length_km": 2.1 }, "geometry": { "type": "LineString", "coordinates": [ [ 2.64528, 43.73426 ], [ 2.64516, 43.736 ], [ 2.65063, 43.73961 ], [ 2.6521, 43.74617 ], [ 2.65504, 43.74927 ] ] } },
{ "type": "Feature", "properties": { "name": null, "weight_class": 1, "permanent": false, "length_km": 3.1 }, "geometry": { "type": "LineString", "coordinates": [ [ 2.65281, 43.69007 ], [ 2.65122, 43.69528 ], [ 2.65706, 43.6999 ], [ 2.65599, 43.70119 ], [ 2.65662, 43.70239 ], [ 2.66196, 43.70512 ], [ 2.66151, 43.70706 ], [ 2.66399, 43.711 ] ] } },
{ "type": "Feature", "properties": { "name": null, "weight_class": 1, "permanent": false, "length_km": 3.2 }, "geometry": { "type": "LineString", "coordinates": [ [ 2.6718, 43.72785 ], [ 2.66605, 43.73293 ], [ 2.66307, 43.73362 ], [ 2.65953, 43.73267 ], [ 2.65674, 43.73436 ], [ 2.65685, 43.73697 ], [ 2.6611, 43.74664 ] ] } },
{ "type": "Feature", "properties": { "name": "Ruisseau du Mont Roucous", "weight_class": 1, "permanent": true, "length_km": 5.7 }, "geometry": { "type": "LineString", "coordinates": [ [ 2.64368, 43.67878 ], [ 2.64556, 43.68012 ], [ 2.64573, 43.68231 ], [ 2.6451, 43.68585 ], [ 2.64134, 43.69265 ], [ 2.62748, 43.69244 ], [ 2.62573, 43.69377 ], [ 2.62409, 43.69303 ], [ 2.62167, 43.69338 ], [ 2.61812, 43.69495 ], [ 2.6166, 43.69783 ], [ 2.6151, 43.69811 ], [ 2.61721, 43.70104 ], [ 2.61564, 43.70419 ], [ 2.61649, 43.7055 ], [ 2.61518, 43.70635 ], [ 2.61597, 43.70717 ] ] } },
{ "type": "Feature", "properties": { "name": "le Toudoure", "weight_class": 1, "permanent": false, "length_km": 2.1 }, "geometry": { "type": "LineString", "coordinates": [ [ 2.70717, 43.72857 ], [ 2.70702, 43.73271 ], [ 2.70285, 43.73623 ], [ 2.70229, 43.73971 ], [ 2.6952, 43.7432 ] ] } },
{ "type": "Feature", "properties": { "name": null, "weight_class": 1, "permanent": true, "length_km": 2.3 }, "geometry": { "type": "LineString", "coordinates": [ [ 2.60912, 43.78121 ], [ 2.60187, 43.78409 ], [ 2.60122, 43.78506 ], [ 2.60077, 43.78856 ], [ 2.60278, 43.79205 ], [ 2.60269, 43.79572 ], [ 2.60396, 43.7976 ] ] } },
{ "type": "Feature", "properties": { "name": "Ruisseau de Sepval", "weight_class": 1, "permanent": true, "length_km": 6.3 }, "geometry": { "type": "LineString", "coordinates": [ [ 2.60899, 43.77806 ], [ 2.60512, 43.77626 ], [ 2.60427, 43.77429 ], [ 2.60404, 43.77098 ], [ 2.60641, 43.76846 ], [ 2.60389, 43.76395 ], [ 2.60443, 43.76246 ], [ 2.59682, 43.75923 ], [ 2.59692, 43.75668 ], [ 2.59126, 43.753 ], [ 2.59078, 43.75027 ], [ 2.58934, 43.75014 ], [ 2.58641, 43.74532 ], [ 2.58724, 43.73981 ], [ 2.5825, 43.73802 ], [ 2.5817, 43.73575 ] ] } },
{ "type": "Feature", "properties": { "name": "Ruisseau de Blateyrou", "weight_class": 1, "permanent": true, "length_km": 3.3 }, "geometry": { "type": "LineString", "coordinates": [ [ 2.62036, 43.78225 ], [ 2.61917, 43.77975 ], [ 2.62329, 43.77633 ], [ 2.6231, 43.77302 ], [ 2.62527, 43.77069 ], [ 2.62399, 43.76609 ], [ 2.6249, 43.76346 ], [ 2.62361, 43.76266 ], [ 2.62306, 43.75849 ], [ 2.62432, 43.75579 ] ] } },
{ "type": "Feature", "properties": { "name": "le Gijoussel", "weight_class": 1, "permanent": true, "length_km": 12.9 }, "geometry": { "type": "LineString", "coordinates": [ [ 2.67355, 43.73248 ], [ 2.67354, 43.73694 ], [ 2.67723, 43.73987 ], [ 2.67799, 43.74224 ], [ 2.67642, 43.7441 ], [ 2.67306, 43.74571 ], [ 2.66772, 43.74461 ], [ 2.66553, 43.74587 ], [ 2.66186, 43.74607 ], [ 2.65881, 43.74819 ], [ 2.65415, 43.74963 ], [ 2.65017, 43.75364 ], [ 2.6439, 43.75462 ], [ 2.6387, 43.75841 ], [ 2.63116, 43.76053 ], [ 2.62876, 43.75996 ], [ 2.62836, 43.75814 ], [ 2.62485, 43.75643 ], [ 2.62078, 43.74981 ], [ 2.6145, 43.75103 ], [ 2.61425, 43.74766 ], [ 2.61289, 43.74609 ], [ 2.61441, 43.74308 ], [ 2.60984, 43.74069 ], [ 2.61122, 43.73683 ], [ 2.6089, 43.73407 ], [ 2.60312, 43.73151 ], [ 2.59502, 43.73009 ], [ 2.59426, 43.73383 ], [ 2.59095, 43.73532 ] ] } },
{ "type": "Feature", "properties": { "name": "Rivière Caunaise", "weight_class": 1, "permanent": true, "length_km": 8.0 }, "geometry": { "type": "LineString", "coordinates": [ [ 2.71154, 43.73028 ], [ 2.71772, 43.73086 ], [ 2.72234, 43.72936 ], [ 2.72681, 43.72909 ], [ 2.72912, 43.7247 ], [ 2.7327, 43.72145 ], [ 2.73332, 43.7189 ], [ 2.73158, 43.71638 ], [ 2.73483, 43.71636 ], [ 2.73748, 43.71501 ], [ 2.74144, 43.71037 ], [ 2.74757, 43.71051 ], [ 2.75357, 43.70795 ], [ 2.75501, 43.70644 ], [ 2.75924, 43.70527 ], [ 2.76252, 43.70263 ], [ 2.76648, 43.70249 ], [ 2.76809, 43.70121 ], [ 2.77152, 43.70132 ], [ 2.7753, 43.69875 ], [ 2.77544, 43.69688 ], [ 2.77729, 43.69596 ] ] } },
{ "type": "Feature", "properties": { "name": "le Rieufrech", "weight_class": 1, "permanent": true, "length_km": 8.3 }, "geometry": { "type": "LineString", "coordinates": [ [ 2.71953, 43.68692 ], [ 2.71917, 43.6852 ], [ 2.71418, 43.68274 ], [ 2.7098, 43.67879 ], [ 2.70981, 43.67709 ], [ 2.70481, 43.67603 ], [ 2.69962, 43.67187 ], [ 2.70041, 43.66931 ], [ 2.70418, 43.66791 ], [ 2.70426, 43.66419 ], [ 2.7023, 43.66083 ], [ 2.71039, 43.64936 ], [ 2.70982, 43.64605 ], [ 2.71102, 43.64365 ], [ 2.71003, 43.64184 ], [ 2.71191, 43.6398 ], [ 2.71204, 43.6374 ], [ 2.71116, 43.63621 ], [ 2.71189, 43.63417 ], [ 2.70969, 43.63253 ], [ 2.71061, 43.63145 ] ] } },
{ "type": "Feature", "properties": { "name": "le Vernoubre", "weight_class": 1, "permanent": true, "length_km": 7.2 }, "geometry": { "type": "MultiLineString", "coordinates": [ [ [ 2.69618, 43.68598 ], [ 2.69292, 43.6862 ], [ 2.68625, 43.67947 ], [ 2.68184, 43.67778 ], [ 2.68082, 43.6747 ], [ 2.6762, 43.6731 ], [ 2.67345, 43.67364 ], [ 2.67095, 43.66876 ], [ 2.66791, 43.66832 ], [ 2.66503, 43.66506 ], [ 2.6597, 43.6645 ], [ 2.65435, 43.66198 ], [ 2.65443, 43.65962 ], [ 2.6519, 43.65725 ], [ 2.65167, 43.65355 ] ], [ [ 2.65178, 43.65312 ], [ 2.65242, 43.64643 ] ] ] } },
{ "type": "Feature", "properties": { "name": "Rec des Canals", "weight_class": 1, "permanent": true, "length_km": 3.0 }, "geometry": { "type": "LineString", "coordinates": [ [ 2.61223, 43.68137 ], [ 2.60614, 43.67866 ], [ 2.60244, 43.6757 ], [ 2.59924, 43.67574 ], [ 2.59827, 43.67775 ], [ 2.59896, 43.67993 ], [ 2.59455, 43.68304 ], [ 2.5915, 43.6873 ] ] } },
{ "type": "Feature", "properties": { "name": "Ruisseau de Ramières", "weight_class": 1, "permanent": true, "length_km": 6.5 }, "geometry": { "type": "LineString", "coordinates": [ [ 2.72553, 43.67838 ], [ 2.73227, 43.67548 ], [ 2.73622, 43.6697 ], [ 2.73592, 43.66846 ], [ 2.73361, 43.66714 ], [ 2.73297, 43.66471 ], [ 2.72874, 43.66121 ], [ 2.73116, 43.65811 ], [ 2.73038, 43.65639 ], [ 2.73251, 43.65517 ], [ 2.73186, 43.6526 ], [ 2.73633, 43.64886 ], [ 2.73531, 43.64693 ], [ 2.73714, 43.64326 ], [ 2.73652, 43.6411 ], [ 2.73826, 43.6369 ], [ 2.73946, 43.6363 ], [ 2.73971, 43.63316 ] ] } },
{ "type": "Feature", "properties": { "name": "Ruisseau de la Grande Vergne", "weight_class": 1, "permanent": true, "length_km": 5.8 }, "geometry": { "type": "LineString", "coordinates": [ [ 2.74476, 43.6768 ], [ 2.74217, 43.66631 ], [ 2.74262, 43.66452 ], [ 2.74025, 43.66018 ], [ 2.74459, 43.65736 ], [ 2.7515, 43.64861 ], [ 2.74837, 43.64274 ], [ 2.74823, 43.63946 ], [ 2.74939, 43.63919 ], [ 2.74807, 43.63713 ], [ 2.75126, 43.6349 ], [ 2.75124, 43.63318 ] ] } },
{ "type": "Feature", "properties": { "name": "Ruisseau des Agrès", "weight_class": 1, "permanent": true, "length_km": 13.4 }, "geometry": { "type": "LineString", "coordinates": [ [ 2.62391, 43.67785 ], [ 2.61938, 43.67589 ], [ 2.60992, 43.67388 ], [ 2.60597, 43.66793 ], [ 2.60608, 43.66243 ], [ 2.6037, 43.65891 ], [ 2.59916, 43.65803 ], [ 2.59691, 43.65546 ], [ 2.59203, 43.65431 ], [ 2.59003, 43.65488 ], [ 2.5857, 43.65326 ], [ 2.5816, 43.6476 ], [ 2.57754, 43.64707 ], [ 2.57443, 43.64824 ], [ 2.57183, 43.64626 ], [ 2.5662, 43.64655 ], [ 2.56329, 43.6454 ], [ 2.5614, 43.64234 ], [ 2.56186, 43.63887 ], [ 2.55867, 43.63323 ], [ 2.5618, 43.63032 ], [ 2.56146, 43.62471 ], [ 2.56379, 43.61895 ], [ 2.56132, 43.61618 ], [ 2.56379, 43.6149 ], [ 2.56399, 43.61358 ], [ 2.56202, 43.61061 ], [ 2.56201, 43.60863 ], [ 2.55984, 43.60758 ], [ 2.55964, 43.60425 ] ] } },
{ "type": "Feature", "properties": { "name": "la Tine", "weight_class": 1, "permanent": false, "length_km": 5.4 }, "geometry": { "type": "LineString", "coordinates": [ [ 2.63427, 43.66083 ], [ 2.63018, 43.65903 ], [ 2.62873, 43.65632 ], [ 2.62529, 43.6541 ], [ 2.6253, 43.65187 ], [ 2.62293, 43.64981 ], [ 2.62662, 43.64584 ], [ 2.62172, 43.64368 ], [ 2.62086, 43.64234 ], [ 2.61106, 43.63856 ], [ 2.60813, 43.63987 ], [ 2.59936, 43.64075 ], [ 2.59638, 43.64213 ] ] } },
{ "type": "Feature", "properties": { "name": "Ruisseau de Falcou", "weight_class": 1, "permanent": true, "length_km": 11.1 }, "geometry": { "type": "LineString", "coordinates": [ [ 2.62825, 43.667 ], [ 2.62583, 43.66626 ], [ 2.62374, 43.66068 ], [ 2.61429, 43.65761 ], [ 2.61322, 43.65609 ], [ 2.60958, 43.65575 ], [ 2.60723, 43.65381 ], [ 2.60325, 43.65365 ], [ 2.60206, 43.65084 ], [ 2.59975, 43.64944 ], [ 2.5996, 43.64752 ], [ 2.59739, 43.64731 ], [ 2.59797, 43.64588 ], [ 2.5964, 43.64215 ], [ 2.59126, 43.6389 ], [ 2.58898, 43.6387 ], [ 2.58826, 43.63688 ], [ 2.58432, 43.63522 ], [ 2.58212, 43.62893 ], [ 2.58328, 43.62657 ], [ 2.58128, 43.62549 ], [ 2.58134, 43.62297 ], [ 2.57888, 43.62171 ], [ 2.57419, 43.61156 ], [ 2.57171, 43.61091 ], [ 2.57045, 43.60632 ], [ 2.56924, 43.60562 ], [ 2.56992, 43.60412 ], [ 2.56449, 43.60239 ] ] } },
{ "type": "Feature", "properties": { "name": "Ruisseau de Vertignol", "weight_class": 1, "permanent": true, "length_km": 6.5 }, "geometry": { "type": "MultiLineString", "coordinates": [ [ [ 2.66038, 43.50565 ], [ 2.66137, 43.501 ], [ 2.66371, 43.49919 ], [ 2.66289, 43.49863 ], [ 2.66501, 43.4967 ], [ 2.6648, 43.49525 ], [ 2.65777, 43.49551 ], [ 2.65193, 43.49336 ], [ 2.65006, 43.48815 ], [ 2.6514, 43.48695 ], [ 2.65054, 43.48511 ], [ 2.65297, 43.48319 ], [ 2.64448, 43.47304 ] ], [ [ 2.65924, 43.51539 ], [ 2.65958, 43.51098 ] ], [ [ 2.65982, 43.50981 ], [ 2.66053, 43.5061 ] ] ] } },
{ "type": "Feature", "properties": { "name": null, "weight_class": 1, "permanent": false, "length_km": 2.5 }, "geometry": { "type": "LineString", "coordinates": [ [ 2.62787, 43.54364 ], [ 2.62757, 43.54174 ], [ 2.62968, 43.53811 ], [ 2.62852, 43.53568 ], [ 2.63393, 43.53134 ], [ 2.63411, 43.53046 ], [ 2.63149, 43.52891 ], [ 2.63194, 43.52716 ] ] } },
{ "type": "Feature", "properties": { "name": null, "weight_class": 1, "permanent": false, "length_km": 2.1 }, "geometry": { "type": "LineString", "coordinates": [ [ 2.60307, 43.57557 ], [ 2.60666, 43.5779 ], [ 2.60962, 43.58434 ], [ 2.61127, 43.58569 ], [ 2.60986, 43.58812 ], [ 2.61105, 43.59162 ] ] } },
{ "type": "Feature", "properties": { "name": null, "weight_class": 1, "permanent": true, "length_km": 3.9 }, "geometry": { "type": "LineString", "coordinates": [ [ 2.71065, 43.64478 ], [ 2.7122, 43.64284 ], [ 2.71698, 43.64207 ], [ 2.72215, 43.64472 ], [ 2.73658, 43.64263 ], [ 2.75375, 43.63692 ] ] } },
{ "type": "Feature", "properties": { "name": null, "weight_class": 1, "permanent": true, "length_km": 8.8 }, "geometry": { "type": "LineString", "coordinates": [ [ 2.75745, 43.63416 ], [ 2.75688, 43.63258 ], [ 2.76352, 43.62554 ], [ 2.8062, 43.61271 ], [ 2.8531, 43.60192 ] ] } },
{ "type": "Feature", "properties": { "name": null, "weight_class": 1, "permanent": false, "length_km": 2.2 }, "geometry": { "type": "LineString", "coordinates": [ [ 2.60652, 43.63173 ], [ 2.60022, 43.63229 ], [ 2.59615, 43.63048 ], [ 2.59346, 43.63039 ], [ 2.59116, 43.62848 ], [ 2.58638, 43.62876 ], [ 2.58284, 43.62767 ] ] } },
{ "type": "Feature", "properties": { "name": "Ruisseau de la Captée", "weight_class": 1, "permanent": true, "length_km": 2.3 }, "geometry": { "type": "LineString", "coordinates": [ [ 2.76129, 43.61872 ], [ 2.76198, 43.61994 ], [ 2.75837, 43.62615 ], [ 2.76113, 43.62974 ], [ 2.76097, 43.63351 ], [ 2.7574, 43.63541 ] ] } },
{ "type": "Feature", "properties": { "name": "Ruisseau Rieupeyroux", "weight_class": 1, "permanent": false, "length_km": 6.7 }, "geometry": { "type": "LineString", "coordinates": [ [ 2.62954, 43.64002 ], [ 2.6281, 43.63715 ], [ 2.62354, 43.63328 ], [ 2.62049, 43.62766 ], [ 2.61555, 43.62461 ], [ 2.61016, 43.62388 ], [ 2.60838, 43.62253 ], [ 2.60623, 43.61797 ], [ 2.60769, 43.61639 ], [ 2.60457, 43.61286 ], [ 2.60021, 43.61081 ], [ 2.59905, 43.59841 ], [ 2.60246, 43.59606 ] ] } },
{ "type": "Feature", "properties": { "name": "Rec Rouge", "weight_class": 1, "permanent": false, "length_km": 4.1 }, "geometry": { "type": "MultiLineString", "coordinates": [ [ [ 2.62778, 43.61548 ], [ 2.62843, 43.60981 ], [ 2.62553, 43.60769 ], [ 2.62115, 43.60651 ], [ 2.61957, 43.60403 ], [ 2.61614, 43.60181 ], [ 2.61434, 43.59977 ], [ 2.61457, 43.5967 ], [ 2.60966, 43.59416 ], [ 2.61105, 43.59162 ] ], [ [ 2.62462, 43.61841 ], [ 2.62742, 43.61599 ] ] ] } },
{ "type": "Feature", "properties": { "name": "l'Arn", "weight_class": 3, "permanent": true, "length_km": 41.1 }, "geometry": { "type": "LineString", "coordinates": [ [ 2.6611, 43.52581 ], [ 2.65507, 43.52673 ], [ 2.64995, 43.53504 ], [ 2.64622, 43.53585 ], [ 2.64556, 43.53261 ], [ 2.64334, 43.5322 ], [ 2.64137, 43.52983 ], [ 2.63893, 43.5304 ], [ 2.63735, 43.52945 ], [ 2.63362, 43.52939 ], [ 2.63338, 43.52757 ], [ 2.6316, 43.52691 ], [ 2.62723, 43.52779 ], [ 2.62754, 43.5261 ], [ 2.62492, 43.52451 ], [ 2.62275, 43.52462 ], [ 2.6251, 43.52206 ], [ 2.62322, 43.52039 ], [ 2.62852, 43.51447 ], [ 2.62637, 43.51345 ], [ 2.62045, 43.51413 ], [ 2.61829, 43.51307 ], [ 2.6145, 43.51643 ], [ 2.61627, 43.51809 ], [ 2.61362, 43.52225 ], [ 2.61405, 43.52441 ], [ 2.60795, 43.52509 ], [ 2.60081, 43.5241 ], [ 2.59763, 43.52661 ], [ 2.59442, 43.52568 ], [ 2.59044, 43.52598 ], [ 2.5897, 43.52684 ], [ 2.59154, 43.52802 ], [ 2.59117, 43.52874 ], [ 2.58622, 43.52787 ], [ 2.58373, 43.52842 ], [ 2.58056, 43.53207 ], [ 2.5774, 43.53354 ], [ 2.57655, 43.53632 ], [ 2.56904, 43.53693 ], [ 2.57191, 43.53849 ], [ 2.57017, 43.54029 ], [ 2.55716, 43.54356 ], [ 2.55781, 43.54517 ], [ 2.56065, 43.54636 ], [ 2.55574, 43.54853 ], [ 2.5491, 43.54388 ], [ 2.54905, 43.54208 ], [ 2.55175, 43.53853 ], [ 2.5431, 43.53679 ], [ 2.54045, 43.53669 ], [ 2.53076, 43.54062 ], [ 2.53, 43.54168 ], [ 2.53311, 43.54328 ], [ 2.52865, 43.54568 ], [ 2.52605, 43.54543 ], [ 2.52444, 43.54383 ], [ 2.52013, 43.54365 ], [ 2.51828, 43.54209 ], [ 2.51307, 43.54357 ], [ 2.51142, 43.54273 ], [ 2.50772, 43.54279 ], [ 2.50825, 43.53978 ], [ 2.50705, 43.53905 ], [ 2.5036, 43.54017 ], [ 2.4953, 43.53886 ], [ 2.49352, 43.54008 ], [ 2.49169, 43.5393 ], [ 2.49033, 43.537 ], [ 2.48709, 43.53881 ], [ 2.48441, 43.53877 ], [ 2.48462, 43.53604 ], [ 2.48323, 43.53502 ], [ 2.48746, 43.52813 ], [ 2.49261, 43.52891 ], [ 2.49339, 43.5279 ], [ 2.49159, 43.52411 ], [ 2.49384, 43.52124 ], [ 2.49473, 43.51608 ], [ 2.48974, 43.51502 ], [ 2.48774, 43.51374 ], [ 2.48774, 43.51256 ], [ 2.48548, 43.51356 ], [ 2.48237, 43.513 ], [ 2.47896, 43.51437 ], [ 2.47742, 43.5137 ], [ 2.47806, 43.51287 ], [ 2.47697, 43.51209 ], [ 2.47425, 43.51388 ], [ 2.47135, 43.51329 ], [ 2.47048, 43.51157 ], [ 2.46948, 43.51399 ], [ 2.46685, 43.51472 ], [ 2.4657, 43.51728 ], [ 2.46072, 43.5196 ], [ 2.45489, 43.51814 ], [ 2.44981, 43.51802 ], [ 2.45011, 43.51667 ], [ 2.44759, 43.51594 ], [ 2.44777, 43.5147 ], [ 2.44247, 43.51417 ], [ 2.44219, 43.51331 ], [ 2.4401, 43.51278 ], [ 2.43898, 43.51081 ], [ 2.43696, 43.51265 ], [ 2.43545, 43.51097 ], [ 2.43239, 43.51208 ], [ 2.42204, 43.50894 ], [ 2.41409, 43.50416 ], [ 2.40361, 43.50308 ], [ 2.39663, 43.50095 ], [ 2.39585, 43.50314 ], [ 2.39352, 43.50372 ], [ 2.39234, 43.50232 ], [ 2.39083, 43.50215 ], [ 2.38912, 43.50341 ] ] } },
{ "type": "Feature", "properties": { "name": "Ruisseau de Banès de Cors", "weight_class": 1, "permanent": true, "length_km": 7.0 }, "geometry": { "type": "LineString", "coordinates": [ [ 2.62705, 43.55655 ], [ 2.62268, 43.55728 ], [ 2.61122, 43.54723 ], [ 2.60807, 43.54768 ], [ 2.60598, 43.54616 ], [ 2.59991, 43.54725 ], [ 2.5975, 43.5466 ], [ 2.59838, 43.54431 ], [ 2.59479, 43.54164 ], [ 2.59511, 43.53938 ], [ 2.59391, 43.53741 ], [ 2.59502, 43.53326 ], [ 2.59343, 43.5324 ], [ 2.59502, 43.53198 ], [ 2.59627, 43.53011 ], [ 2.59349, 43.52951 ], [ 2.59499, 43.52598 ] ] } },
{ "type": "Feature", "properties": { "name": "Ruisseau de Salavert", "weight_class": 1, "permanent": true, "length_km": 3.1 }, "geometry": { "type": "MultiLineString", "coordinates": [ [ [ 2.6219, 43.5721 ], [ 2.62291, 43.57571 ], [ 2.62681, 43.57711 ] ], [ [ 2.62708, 43.57777 ], [ 2.63164, 43.58423 ], [ 2.63033, 43.58638 ], [ 2.62638, 43.58794 ], [ 2.62779, 43.59115 ], [ 2.62732, 43.59335 ] ] ] } },
{ "type": "Feature", "properties": { "name": "Ruisseau de Frescaty", "weight_class": 1, "permanent": true, "length_km": 4.5 }, "geometry": { "type": "LineString", "coordinates": [ [ 2.65405, 43.51774 ], [ 2.65228, 43.51586 ], [ 2.65406, 43.50908 ], [ 2.65173, 43.49974 ], [ 2.651, 43.4988 ], [ 2.64436, 43.4976 ], [ 2.64354, 43.4934 ], [ 2.64449, 43.48874 ], [ 2.64307, 43.487 ], [ 2.64075, 43.4869 ] ] } },
{ "type": "Feature", "properties": { "name": "Ruisseau de Merlaussou", "weight_class": 1, "permanent": true, "length_km": 6.5 }, "geometry": { "type": "LineString", "coordinates": [ [ 2.64823, 43.51588 ], [ 2.64388, 43.51476 ], [ 2.63882, 43.51581 ], [ 2.63789, 43.51438 ], [ 2.6365, 43.49855 ], [ 2.63757, 43.48968 ], [ 2.64075, 43.4869 ], [ 2.63871, 43.48485 ], [ 2.63978, 43.48344 ], [ 2.63579, 43.48033 ], [ 2.62901, 43.47911 ], [ 2.62574, 43.47587 ] ] } },
{ "type": "Feature", "properties": { "name": "Ruisseau de Rieubon", "weight_class": 1, "permanent": true, "length_km": 7.2 }, "geometry": { "type": "LineString", "coordinates": [ [ 2.60209, 43.51059 ], [ 2.59508, 43.5108 ], [ 2.5894, 43.50729 ], [ 2.58372, 43.5066 ], [ 2.58165, 43.5021 ], [ 2.57572, 43.49675 ], [ 2.57438, 43.49632 ], [ 2.57253, 43.49761 ], [ 2.5689, 43.49536 ], [ 2.56789, 43.49207 ], [ 2.56497, 43.49186 ], [ 2.56497, 43.49082 ], [ 2.56349, 43.49064 ], [ 2.5649, 43.48979 ], [ 2.56491, 43.48723 ], [ 2.56212, 43.48482 ], [ 2.56319, 43.48371 ], [ 2.56283, 43.48192 ], [ 2.55747, 43.47835 ], [ 2.5583, 43.47375 ] ] } },
{ "type": "Feature", "properties": { "name": "Ruisseau de Campans", "weight_class": 1, "permanent": true, "length_km": 4.5 }, "geometry": { "type": "LineString", "coordinates": [ [ 2.60389, 43.50614 ], [ 2.60513, 43.50226 ], [ 2.60158, 43.49313 ], [ 2.60828, 43.48702 ], [ 2.61002, 43.47819 ], [ 2.60785, 43.47528 ], [ 2.60914, 43.47023 ] ] } },
{ "type": "Feature", "properties": { "name": "Ruisseau de Cambladés", "weight_class": 1, "permanent": true, "length_km": 4.1 }, "geometry": { "type": "LineString", "coordinates": [ [ 2.60778, 43.50518 ], [ 2.60823, 43.50311 ], [ 2.61153, 43.49938 ], [ 2.61207, 43.49219 ], [ 2.61563, 43.49164 ], [ 2.61676, 43.48957 ], [ 2.61681, 43.47671 ], [ 2.61778, 43.47389 ] ] } },
{ "type": "Feature", "properties": { "name": "Ruisseau de Larroque", "weight_class": 1, "permanent": true, "length_km": 3.9 }, "geometry": { "type": "LineString", "coordinates": [ [ 2.62851, 43.50656 ], [ 2.62526, 43.50356 ], [ 2.62678, 43.49851 ], [ 2.62756, 43.48487 ], [ 2.62548, 43.48397 ], [ 2.6252, 43.48259 ], [ 2.62249, 43.48161 ], [ 2.62297, 43.47649 ] ] } },
{ "type": "Feature", "properties": { "name": null, "weight_class": 1, "permanent": true, "length_km": 2.1 }, "geometry": { "type": "LineString", "coordinates": [ [ 2.60762, 43.45213 ], [ 2.60314, 43.45362 ], [ 2.60002, 43.45606 ], [ 2.59651, 43.45404 ], [ 2.58885, 43.45357 ], [ 2.58859, 43.45109 ] ] } },
{ "type": "Feature", "properties": { "name": "Ruisseau de Beson", "weight_class": 1, "permanent": true, "length_km": 5.5 }, "geometry": { "type": "LineString", "coordinates": [ [ 2.6201, 43.44213 ], [ 2.62282, 43.44307 ], [ 2.62801, 43.44674 ], [ 2.62917, 43.44866 ], [ 2.63264, 43.44993 ], [ 2.64036, 43.45615 ], [ 2.64222, 43.4559 ], [ 2.64302, 43.45803 ], [ 2.64444, 43.45782 ], [ 2.64627, 43.45908 ], [ 2.6451, 43.46208 ], [ 2.63826, 43.4647 ], [ 2.63814, 43.46683 ], [ 2.6426, 43.46911 ], [ 2.64786, 43.46948 ] ] } },
{ "type": "Feature", "properties": { "name": "Ruisseau de la Foun Basso/Ruisseau du Bac", "weight_class": 1, "permanent": true, "length_km": 2.6 }, "geometry": { "type": "LineString", "coordinates": [ [ 2.61443, 43.45547 ], [ 2.61033, 43.45792 ], [ 2.60452, 43.46546 ], [ 2.59356, 43.47063 ] ] } },
{ "type": "Feature", "properties": { "name": "Rec d'as Gordès et de Brouderié", "weight_class": 1, "permanent": false, "length_km": 2.4 }, "geometry": { "type": "LineString", "coordinates": [ [ 2.4571, 44.02725 ], [ 2.45648, 44.02537 ], [ 2.45151, 44.02109 ], [ 2.45095, 44.01855 ], [ 2.45403, 44.0115 ], [ 2.45748, 44.00919 ] ] } },
{ "type": "Feature", "properties": { "name": "Ruisseau Bergade", "weight_class": 1, "permanent": true, "length_km": 4.7 }, "geometry": { "type": "LineString", "coordinates": [ [ 2.45717, 44.04172 ], [ 2.45166, 44.04378 ], [ 2.44671, 44.04351 ], [ 2.4396, 44.04168 ], [ 2.43376, 44.04388 ], [ 2.42234, 44.04291 ], [ 2.41961, 44.04253 ], [ 2.41497, 44.03841 ], [ 2.40986, 44.03794 ], [ 2.40808, 44.03648 ] ] } },
{ "type": "Feature", "properties": { "name": "Ruisseau de Gaycre", "weight_class": 1, "permanent": true, "length_km": 16.3 }, "geometry": { "type": "MultiLineString", "coordinates": [ [ [ 2.49539, 44.00463 ], [ 2.49379, 44.00469 ], [ 2.48967, 44.00227 ], [ 2.48201, 44.00197 ], [ 2.47918, 44.00091 ], [ 2.46892, 44.00173 ], [ 2.46708, 44.00107 ], [ 2.46609, 44.00293 ], [ 2.46508, 44.00037 ], [ 2.46412, 44.00132 ], [ 2.46059, 44.0011 ], [ 2.46155, 43.99788 ], [ 2.46068, 43.99676 ], [ 2.46179, 43.99623 ], [ 2.46108, 43.99542 ], [ 2.4578, 43.99649 ], [ 2.45507, 43.99573 ], [ 2.45428, 43.99633 ], [ 2.45514, 43.99722 ], [ 2.4541, 43.99724 ], [ 2.45329, 43.99591 ], [ 2.45426, 43.99385 ], [ 2.4512, 43.99409 ], [ 2.45178, 43.99304 ], [ 2.44811, 43.99255 ], [ 2.44695, 43.99059 ], [ 2.44875, 43.98942 ], [ 2.4477, 43.98755 ], [ 2.4489, 43.98311 ], [ 2.44746, 43.9819 ], [ 2.45065, 43.98088 ], [ 2.45267, 43.97593 ], [ 2.45064, 43.97486 ], [ 2.44995, 43.97274 ], [ 2.45167, 43.97148 ], [ 2.44903, 43.97101 ], [ 2.45054, 43.96913 ], [ 2.44824, 43.96855 ], [ 2.4517, 43.96775 ], [ 2.45205, 43.96716 ], [ 2.44976, 43.96742 ], [ 2.44991, 43.96477 ], [ 2.44718, 43.96445 ], [ 2.44791, 43.96347 ], [ 2.45013, 43.96316 ], [ 2.4478, 43.96097 ], [ 2.44886, 43.95878 ], [ 2.44743, 43.95823 ], [ 2.44715, 43.95488 ], [ 2.44819, 43.9546 ], [ 2.44645, 43.95388 ], [ 2.44651, 43.95066 ] ], [ [ 2.49533, 44.02088 ], [ 2.49144, 44.0187 ], [ 2.49182, 44.01739 ], [ 2.48964, 44.01567 ], [ 2.49164, 44.01437 ], [ 2.49153, 44.01323 ], [ 2.49298, 44.01319 ], [ 2.49529, 44.01139 ] ], [ [ 2.49533, 44.01099 ], [ 2.4951, 44.00932 ], [ 2.49642, 44.00834 ], [ 2.49557, 44.00559 ] ] ] } },
{ "type": "Feature", "properties": { "name": "Ruisseau del Loup", "weight_class": 1, "permanent": true, "length_km": 6.7 }, "geometry": { "type": "LineString", "coordinates": [ [ 2.43916, 44.02034 ], [ 2.43902, 44.01702 ], [ 2.43567, 44.01145 ], [ 2.42347, 44.00633 ], [ 2.42215, 44.00285 ], [ 2.41994, 44.002 ], [ 2.41751, 43.9994 ], [ 2.41834, 43.99795 ], [ 2.41583, 43.99846 ], [ 2.413, 43.9956 ], [ 2.40487, 43.9935 ], [ 2.40415, 43.98918 ], [ 2.40111, 43.98735 ], [ 2.40122, 43.98357 ], [ 2.40392, 43.98035 ] ] } },
{ "type": "Feature", "properties": { "name": "Ruisseau de la Broncarié/Ruisseau du Moulin de Trouche", "weight_class": 1, "permanent": true, "length_km": 15.3 }, "geometry": { "type": "LineString", "coordinates": [ [ 2.47237, 44.0284 ], [ 2.47417, 44.02544 ], [ 2.47406, 44.02346 ], [ 2.47058, 44.01935 ], [ 2.46401, 44.01552 ], [ 2.46351, 44.01396 ], [ 2.45783, 44.01018 ], [ 2.4575, 44.00819 ], [ 2.45401, 44.00701 ], [ 2.45232, 44.00529 ], [ 2.45005, 44.00507 ], [ 2.44818, 44.0026 ], [ 2.43413, 44.0008 ], [ 2.43364, 43.99833 ], [ 2.43074, 43.99856 ], [ 2.42613, 43.99604 ], [ 2.42464, 43.99626 ], [ 2.42507, 43.99448 ], [ 2.42356, 43.99436 ], [ 2.42373, 43.99308 ], [ 2.41846, 43.98959 ], [ 2.41895, 43.98768 ], [ 2.41493, 43.98795 ], [ 2.41198, 43.98214 ], [ 2.40874, 43.98161 ], [ 2.40799, 43.9823 ], [ 2.40865, 43.98061 ], [ 2.40404, 43.98002 ], [ 2.40263, 43.98072 ], [ 2.40139, 43.97965 ], [ 2.39967, 43.97975 ], [ 2.39983, 43.9777 ], [ 2.40124, 43.97804 ], [ 2.40362, 43.97452 ], [ 2.3991, 43.9743 ], [ 2.39751, 43.97312 ], [ 2.39766, 43.97094 ], [ 2.39564, 43.97161 ], [ 2.39271, 43.96947 ], [ 2.38982, 43.9694 ], [ 2.38756, 43.96804 ], [ 2.38761, 43.96645 ], [ 2.38562, 43.96489 ], [ 2.38641, 43.96417 ], [ 2.38487, 43.96396 ], [ 2.38462, 43.96204 ], [ 2.38304, 43.9608 ], [ 2.38344, 43.95938 ], [ 2.38097, 43.95911 ], [ 2.38115, 43.95692 ] ] } },
{ "type": "Feature", "properties": { "name": "Ruisseau de Veyras", "weight_class": 1, "permanent": true, "length_km": 3.6 }, "geometry": { "type": "LineString", "coordinates": [ [ 2.49041, 43.99473 ], [ 2.47619, 43.99224 ], [ 2.46978, 43.9937 ], [ 2.4676, 43.99267 ], [ 2.46455, 43.98903 ], [ 2.45514, 43.98391 ], [ 2.45482, 43.98222 ] ] } },
{ "type": "Feature", "properties": { "name": "la Rivière", "weight_class": 1, "permanent": true, "length_km": 3.2 }, "geometry": { "type": "LineString", "coordinates": [ [ 2.48218, 43.98811 ], [ 2.4782, 43.98442 ], [ 2.48331, 43.97691 ], [ 2.48545, 43.97599 ], [ 2.48418, 43.97016 ], [ 2.48466, 43.96706 ], [ 2.48859, 43.96562 ] ] } },
{ "type": "Feature", "properties": { "name": "Ruisseau de la Roque", "weight_class": 1, "permanent": true, "length_km": 6.3 }, "geometry": { "type": "LineString", "coordinates": [ [ 2.49106, 43.98974 ], [ 2.49289, 43.98861 ], [ 2.49428, 43.98126 ], [ 2.49707, 43.97956 ], [ 2.49818, 43.97707 ], [ 2.4976, 43.97409 ], [ 2.49009, 43.96847 ], [ 2.48858, 43.96603 ], [ 2.48983, 43.96502 ], [ 2.49034, 43.95931 ], [ 2.49146, 43.95774 ], [ 2.48848, 43.95218 ], [ 2.48848, 43.94799 ], [ 2.48998, 43.94629 ], [ 2.48963, 43.94173 ] ] } },
{ "type": "Feature", "properties": { "name": "Ruisseau des Besses", "weight_class": 1, "permanent": false, "length_km": 3.5 }, "geometry": { "type": "MultiLineString", "coordinates": [ [ [ 2.49805, 43.996 ], [ 2.49705, 43.99402 ], [ 2.50018, 43.99183 ], [ 2.50081, 43.9901 ] ], [ [ 2.50085, 43.98956 ], [ 2.50228, 43.9853 ], [ 2.50505, 43.98421 ], [ 2.51038, 43.98496 ] ], [ [ 2.51295, 43.98466 ], [ 2.52138, 43.98236 ], [ 2.52374, 43.98065 ], [ 2.52513, 43.97739 ] ] ] } },
{ "type": "Feature", "properties": { "name": "Ruisseau du Bousquet", "weight_class": 1, "permanent": true, "length_km": 3.0 }, "geometry": { "type": "LineString", "coordinates": [ [ 2.53056, 43.87757 ], [ 2.5273, 43.88274 ], [ 2.52383, 43.88564 ], [ 2.52547, 43.88788 ], [ 2.5338, 43.89206 ], [ 2.53715, 43.89782 ] ] } },
{ "type": "Feature", "properties": { "name": "Ravin du Gouty", "weight_class": 1, "permanent": false, "length_km": 2.1 }, "geometry": { "type": "LineString", "coordinates": [ [ 2.46705, 43.9635 ], [ 2.46009, 43.95756 ], [ 2.45981, 43.95468 ], [ 2.45645, 43.9513 ], [ 2.45631, 43.94945 ], [ 2.45743, 43.94867 ] ] } },
{ "type": "Feature", "properties": { "name": null, "weight_class": 1, "permanent": true, "length_km": 2.1 }, "geometry": { "type": "LineString", "coordinates": [ [ 2.44908, 43.905 ], [ 2.44348, 43.90874 ], [ 2.43643, 43.90557 ], [ 2.43213, 43.90672 ], [ 2.42716, 43.90573 ] ] } },
{ "type": "Feature", "properties": { "name": "Ruisseau de Bézole", "weight_class": 1, "permanent": true, "length_km": 2.1 }, "geometry": { "type": "LineString", "coordinates": [ [ 2.46795, 43.91584 ], [ 2.46584, 43.92125 ], [ 2.46295, 43.92371 ], [ 2.46322, 43.92835 ], [ 2.46738, 43.93057 ], [ 2.4673, 43.93172 ] ] } },
{ "type": "Feature", "properties": { "name": "Ruisseau de Caussanel", "weight_class": 1, "permanent": false, "length_km": 2.1 }, "geometry": { "type": "LineString", "coordinates": [ [ 2.5746, 43.87448 ], [ 2.57054, 43.8754 ], [ 2.56505, 43.88147 ], [ 2.55445, 43.88249 ] ] } },
{ "type": "Feature", "properties": { "name": "Ruisseau de Négoriou", "weight_class": 2, "permanent": true, "length_km": 2.3 }, "geometry": { "type": "LineString", "coordinates": [ [ 2.4707, 43.96222 ], [ 2.47272, 43.95926 ], [ 2.47059, 43.95551 ], [ 2.47076, 43.95356 ], [ 2.47489, 43.94678 ], [ 2.47359, 43.94405 ] ] } },
{ "type": "Feature", "properties": { "name": "Ruisseau de Nègremont", "weight_class": 1, "permanent": true, "length_km": 4.8 }, "geometry": { "type": "LineString", "coordinates": [ [ 2.48461, 43.88463 ], [ 2.48789, 43.88929 ], [ 2.48658, 43.89302 ], [ 2.48825, 43.89458 ], [ 2.48926, 43.89849 ], [ 2.49371, 43.90129 ], [ 2.49425, 43.90744 ], [ 2.49095, 43.91059 ], [ 2.48061, 43.91488 ], [ 2.47829, 43.91818 ] ] } },
{ "type": "Feature", "properties": { "name": null, "weight_class": 1, "permanent": true, "length_km": 2.1 }, "geometry": { "type": "LineString", "coordinates": [ [ 2.42651, 43.91509 ], [ 2.42524, 43.91725 ], [ 2.42139, 43.91994 ], [ 2.41921, 43.92578 ], [ 2.41957, 43.9316 ] ] } },
{ "type": "Feature", "properties": { "name": null, "weight_class": 1, "permanent": true, "length_km": 3.1 }, "geometry": { "type": "LineString", "coordinates": [ [ 2.51607, 43.89313 ], [ 2.51492, 43.89525 ], [ 2.51098, 43.89538 ], [ 2.5101, 43.8961 ], [ 2.50955, 43.90174 ], [ 2.50325, 43.90867 ], [ 2.4996, 43.90933 ], [ 2.49346, 43.90882 ] ] } },
{ "type": "Feature", "properties": { "name": "Ruisseau de la Cayrelié", "weight_class": 1, "permanent": false, "length_km": 2.6 }, "geometry": { "type": "LineString", "coordinates": [ [ 2.43649, 43.97242 ], [ 2.43003, 43.97049 ], [ 2.42851, 43.96813 ], [ 2.43374, 43.95858 ], [ 2.43309, 43.95554 ], [ 2.43159, 43.95474 ] ] } },
{ "type": "Feature", "properties": { "name": "le Rance", "weight_class": 3, "permanent": true, "length_km": 11.1 }, "geometry": { "type": "MultiLineString", "coordinates": [ [ [ 2.51165, 43.94305 ], [ 2.5082, 43.94234 ], [ 2.50817, 43.94746 ], [ 2.50718, 43.94856 ], [ 2.50538, 43.948 ], [ 2.50269, 43.94448 ], [ 2.49899, 43.94514 ] ], [ [ 2.55552, 43.91995 ], [ 2.55459, 43.92177 ], [ 2.54948, 43.92286 ], [ 2.55345, 43.92445 ], [ 2.55292, 43.92603 ], [ 2.5484, 43.92585 ], [ 2.54688, 43.92419 ], [ 2.54463, 43.92404 ], [ 2.54453, 43.92671 ], [ 2.54703, 43.92851 ], [ 2.54638, 43.9296 ], [ 2.53934, 43.9252 ], [ 2.5371, 43.92506 ], [ 2.53489, 43.92836 ], [ 2.5376, 43.93138 ], [ 2.53792, 43.93358 ], [ 2.53593, 43.93395 ], [ 2.53316, 43.93668 ], [ 2.52721, 43.93719 ], [ 2.52538, 43.93897 ], [ 2.51839, 43.93998 ], [ 2.51722, 43.94223 ], [ 2.51344, 43.94361 ] ], [ [ 2.5571, 43.90251 ], [ 2.5551, 43.90381 ], [ 2.55263, 43.90832 ], [ 2.55621, 43.91615 ] ] ] } },
{ "type": "Feature", "properties": { "name": "Ruisseau de Malagousse", "weight_class": 1, "permanent": true, "length_km": 8.0 }, "geometry": { "type": "LineString", "coordinates": [ [ 2.4726, 43.88435 ], [ 2.47273, 43.88907 ], [ 2.47154, 43.89135 ], [ 2.47542, 43.89919 ], [ 2.47415, 43.90533 ], [ 2.47626, 43.90758 ], [ 2.47674, 43.91069 ], [ 2.47503, 43.91638 ], [ 2.47799, 43.91758 ], [ 2.47972, 43.92165 ], [ 2.47814, 43.9241 ], [ 2.47372, 43.92635 ], [ 2.46633, 43.93273 ], [ 2.46734, 43.93737 ], [ 2.46584, 43.94559 ] ] } },
{ "type": "Feature", "properties": { "name": "Ruisseau de Badaillac", "weight_class": 1, "permanent": true, "length_km": 6.8 }, "geometry": { "type": "LineString", "coordinates": [ [ 2.51865, 43.90242 ], [ 2.52055, 43.90426 ], [ 2.52142, 43.90776 ], [ 2.52429, 43.90963 ], [ 2.52323, 43.9127 ], [ 2.51862, 43.91671 ], [ 2.51112, 43.91846 ], [ 2.50521, 43.92583 ], [ 2.50107, 43.92614 ], [ 2.48888, 43.92966 ], [ 2.48232, 43.93289 ], [ 2.48049, 43.93562 ], [ 2.48206, 43.93856 ], [ 2.48083, 43.9412 ] ] } },
{ "type": "Feature", "properties": { "name": "Ruisseau du Gazet", "weight_class": 1, "permanent": true, "length_km": 5.0 }, "geometry": { "type": "LineString", "coordinates": [ [ 2.4538, 43.92487 ], [ 2.45308, 43.92825 ], [ 2.45509, 43.93234 ], [ 2.45045, 43.93593 ], [ 2.44384, 43.93613 ], [ 2.43898, 43.93729 ], [ 2.43213, 43.93649 ], [ 2.42729, 43.93745 ], [ 2.42258, 43.93663 ], [ 2.41886, 43.93717 ], [ 2.41431, 43.9342 ], [ 2.41113, 43.93362 ] ] } },
{ "type": "Feature", "properties": { "name": "Ruisseau des Oules", "weight_class": 1, "permanent": true, "length_km": 6.4 }, "geometry": { "type": "LineString", "coordinates": [ [ 2.56224, 43.86753 ], [ 2.5626, 43.873 ], [ 2.55903, 43.87521 ], [ 2.55577, 43.87914 ], [ 2.55526, 43.88159 ], [ 2.54971, 43.8868 ], [ 2.54871, 43.89035 ], [ 2.54405, 43.89237 ], [ 2.5423, 43.89461 ], [ 2.53715, 43.89782 ], [ 2.53695, 43.89962 ], [ 2.53987, 43.90374 ], [ 2.54425, 43.90542 ], [ 2.55076, 43.90635 ], [ 2.55267, 43.90799 ] ] } },
{ "type": "Feature", "properties": { "name": "l'Oulas", "weight_class": 1, "permanent": true, "length_km": 25.0 }, "geometry": { "type": "LineString", "coordinates": [ [ 2.56302, 43.85111 ], [ 2.55825, 43.85434 ], [ 2.55794, 43.85576 ], [ 2.55418, 43.85747 ], [ 2.544, 43.85921 ], [ 2.54104, 43.86344 ], [ 2.54059, 43.86601 ], [ 2.5419, 43.86819 ], [ 2.5375, 43.87108 ], [ 2.53626, 43.87372 ], [ 2.52956, 43.87361 ], [ 2.51902, 43.87684 ], [ 2.51094, 43.87554 ], [ 2.507, 43.87847 ], [ 2.5014, 43.87933 ], [ 2.49525, 43.87708 ], [ 2.49478, 43.87606 ], [ 2.49291, 43.87679 ], [ 2.48819, 43.87643 ], [ 2.48329, 43.87812 ], [ 2.48122, 43.87713 ], [ 2.47509, 43.87684 ], [ 2.46887, 43.8744 ], [ 2.46305, 43.87499 ], [ 2.46257, 43.87267 ], [ 2.45727, 43.87248 ], [ 2.45826, 43.86917 ], [ 2.45688, 43.86763 ], [ 2.45234, 43.86921 ], [ 2.44777, 43.86941 ], [ 2.44726, 43.87194 ], [ 2.44455, 43.87052 ], [ 2.44177, 43.87166 ], [ 2.44056, 43.86966 ], [ 2.44275, 43.86725 ], [ 2.44242, 43.86629 ], [ 2.43806, 43.86635 ], [ 2.43699, 43.86405 ], [ 2.43366, 43.86425 ], [ 2.433, 43.86178 ], [ 2.43072, 43.86056 ], [ 2.42618, 43.86079 ], [ 2.42295, 43.85925 ], [ 2.41948, 43.85974 ], [ 2.41756, 43.85893 ], [ 2.41612, 43.85515 ], [ 2.4115, 43.85512 ], [ 2.4107, 43.853 ], [ 2.40375, 43.85461 ], [ 2.40069, 43.85301 ], [ 2.39971, 43.85472 ], [ 2.39769, 43.85415 ], [ 2.39712, 43.85098 ], [ 2.39254, 43.85293 ], [ 2.39089, 43.85233 ], [ 2.39031, 43.8501 ], [ 2.3894, 43.84998 ], [ 2.38646, 43.85189 ], [ 2.38474, 43.84863 ], [ 2.38309, 43.84909 ], [ 2.38222, 43.85094 ], [ 2.38052, 43.84918 ], [ 2.38158, 43.84474 ], [ 2.38395, 43.84587 ], [ 2.38514, 43.8431 ], [ 2.37771, 43.8412 ], [ 2.37966, 43.83885 ] ] } },
{ "type": "Feature", "properties": { "name": "Ruisseau de Bazuéjouls", "weight_class": 1, "permanent": true, "length_km": 3.4 }, "geometry": { "type": "LineString", "coordinates": [ [ 2.43419, 43.87787 ], [ 2.433, 43.87627 ], [ 2.42879, 43.87466 ], [ 2.42806, 43.8733 ], [ 2.42271, 43.87119 ], [ 2.41978, 43.86606 ], [ 2.41653, 43.86331 ], [ 2.41486, 43.86311 ], [ 2.41442, 43.8565 ], [ 2.41324, 43.85534 ] ] } },
{ "type": "Feature", "properties": { "name": "Ruisseau de Barayré", "weight_class": 1, "permanent": true, "length_km": 2.2 }, "geometry": { "type": "LineString", "coordinates": [ [ 2.4594, 43.88498 ], [ 2.45711, 43.88295 ], [ 2.45123, 43.88203 ], [ 2.44752, 43.87755 ], [ 2.44677, 43.87413 ], [ 2.44508, 43.87242 ], [ 2.44599, 43.87143 ] ] } },
{ "type": "Feature", "properties": { "name": "Riou Ferrier", "weight_class": 1, "permanent": true, "length_km": 5.4 }, "geometry": { "type": "LineString", "coordinates": [ [ 2.42306, 43.87979 ], [ 2.41826, 43.87918 ], [ 2.41628, 43.87697 ], [ 2.41316, 43.87637 ], [ 2.40817, 43.87316 ], [ 2.40132, 43.8725 ], [ 2.39323, 43.86767 ], [ 2.39358, 43.86667 ], [ 2.39116, 43.86466 ], [ 2.39205, 43.86283 ], [ 2.39068, 43.86243 ], [ 2.38959, 43.85976 ], [ 2.39059, 43.85751 ], [ 2.38897, 43.85627 ], [ 2.38939, 43.85503 ], [ 2.38808, 43.85484 ], [ 2.38888, 43.85388 ], [ 2.38717, 43.85329 ], [ 2.38663, 43.85188 ] ] } },
{ "type": "Feature", "properties": { "name": "Ruisseau des Estrebols", "weight_class": 1, "permanent": true, "length_km": 2.3 }, "geometry": { "type": "LineString", "coordinates": [ [ 2.47652, 43.83746 ], [ 2.47471, 43.83951 ], [ 2.476, 43.84317 ], [ 2.4731, 43.84504 ], [ 2.47473, 43.84773 ], [ 2.47963, 43.84896 ], [ 2.47871, 43.85204 ] ] } },
{ "type": "Feature", "properties": { "name": null, "weight_class": 1, "permanent": false, "length_km": 5.7 }, "geometry": { "type": "LineString", "coordinates": [ [ 2.57081, 43.83851 ], [ 2.57207, 43.83608 ], [ 2.57126, 43.83466 ], [ 2.56861, 43.83265 ], [ 2.56586, 43.82831 ], [ 2.56206, 43.82617 ], [ 2.56166, 43.82277 ], [ 2.55917, 43.81973 ], [ 2.55986, 43.81606 ], [ 2.56367, 43.81394 ], [ 2.56381, 43.81297 ], [ 2.56223, 43.81162 ], [ 2.55937, 43.81098 ], [ 2.55804, 43.80958 ], [ 2.55849, 43.80868 ], [ 2.55222, 43.80585 ], [ 2.55193, 43.80465 ], [ 2.55045, 43.80498 ], [ 2.55036, 43.80266 ], [ 2.55151, 43.80162 ] ] } },
{ "type": "Feature", "properties": { "name": null, "weight_class": 1, "permanent": false, "length_km": 2.3 }, "geometry": { "type": "LineString", "coordinates": [ [ 2.57958, 43.82753 ], [ 2.57706, 43.82314 ], [ 2.56913, 43.8206 ], [ 2.56269, 43.81478 ], [ 2.56367, 43.81394 ] ] } },
{ "type": "Feature", "properties": { "name": "Ruisseau de l'Oule", "weight_class": 1, "permanent": false, "length_km": 2.3 }, "geometry": { "type": "LineString", "coordinates": [ [ 2.54331, 43.85072 ], [ 2.54018, 43.85104 ], [ 2.52733, 43.84751 ], [ 2.52487, 43.84324 ], [ 2.52459, 43.84036 ] ] } },
{ "type": "Feature", "properties": { "name": "Ruisseau la Fargue", "weight_class": 1, "permanent": false, "length_km": 3.7 }, "geometry": { "type": "LineString", "coordinates": [ [ 2.48866, 43.76414 ], [ 2.48858, 43.77065 ], [ 2.48365, 43.77325 ], [ 2.47706, 43.77384 ], [ 2.4732, 43.77812 ], [ 2.47365, 43.78044 ], [ 2.47, 43.78269 ], [ 2.46954, 43.78484 ], [ 2.4665, 43.78647 ] ] } },
{ "type": "Feature", "properties": { "name": null, "weight_class": 1, "permanent": true, "length_km": 2.7 }, "geometry": { "type": "LineString", "coordinates": [ [ 2.43189, 43.83882 ], [ 2.42955, 43.84252 ], [ 2.42431, 43.84279 ], [ 2.41782, 43.84474 ], [ 2.41576, 43.8505 ], [ 2.41357, 43.85262 ], [ 2.41081, 43.85315 ] ] } },
{ "type": "Feature", "properties": { "name": null, "weight_class": 1, "permanent": true, "length_km": 2.5 }, "geometry": { "type": "LineString", "coordinates": [ [ 2.59161, 43.77439 ], [ 2.59043, 43.77373 ], [ 2.5901, 43.77049 ], [ 2.5887, 43.7697 ], [ 2.58751, 43.76628 ], [ 2.57693, 43.76288 ], [ 2.571, 43.76314 ] ] } },
{ "type": "Feature", "properties": { "name": null, "weight_class": 1, "permanent": true, "length_km": 3.3 }, "geometry": { "type": "LineString", "coordinates": [ [ 2.54935, 43.82453 ], [ 2.54671, 43.82313 ], [ 2.54501, 43.81992 ], [ 2.54572, 43.81699 ], [ 2.54477, 43.81473 ], [ 2.54614, 43.81371 ], [ 2.54611, 43.81058 ], [ 2.54273, 43.80664 ], [ 2.54264, 43.80452 ], [ 2.54423, 43.80262 ], [ 2.54781, 43.80071 ] ] } },
{ "type": "Feature", "properties": { "name": null, "weight_class": 1, "permanent": true, "length_km": 2.2 }, "geometry": { "type": "LineString", "coordinates": [ [ 2.55722, 43.77695 ], [ 2.55311, 43.7748 ], [ 2.5494, 43.77567 ], [ 2.54151, 43.78018 ], [ 2.53829, 43.78491 ] ] } },
{ "type": "Feature", "properties": { "name": null, "weight_class": 1, "permanent": false, "length_km": 2.1 }, "geometry": { "type": "LineString", "coordinates": [ [ 2.57692, 43.78419 ], [ 2.5751, 43.78652 ], [ 2.56872, 43.78571 ], [ 2.56647, 43.79017 ], [ 2.56852, 43.79184 ], [ 2.56521, 43.79475 ] ] } },
{ "type": "Feature", "properties": { "name": null, "weight_class": 1, "permanent": true, "length_km": 2.9 }, "geometry": { "type": "LineString", "coordinates": [ [ 2.4788, 43.80084 ], [ 2.4757, 43.80223 ], [ 2.47372, 43.80122 ], [ 2.47012, 43.80149 ], [ 2.46863, 43.80003 ], [ 2.46576, 43.80025 ], [ 2.46291, 43.79929 ], [ 2.45967, 43.80011 ], [ 2.45897, 43.79856 ], [ 2.45584, 43.79648 ], [ 2.4529, 43.79697 ], [ 2.45228, 43.79511 ] ] } },
{ "type": "Feature", "properties": { "name": null, "weight_class": 1, "permanent": true, "length_km": 4.2 }, "geometry": { "type": "LineString", "coordinates": [ [ 2.50957, 43.85444 ], [ 2.50474, 43.85653 ], [ 2.50159, 43.85613 ], [ 2.4999, 43.85876 ], [ 2.49237, 43.86093 ], [ 2.48572, 43.86068 ], [ 2.48299, 43.85761 ], [ 2.48009, 43.85732 ], [ 2.47405, 43.85969 ], [ 2.46697, 43.86096 ] ] } },
{ "type": "Feature", "properties": { "name": null, "weight_class": 1, "permanent": false, "length_km": 2.3 }, "geometry": { "type": "LineString", "coordinates": [ [ 2.55291, 43.84203 ], [ 2.54956, 43.84337 ], [ 2.54439, 43.84014 ], [ 2.54157, 43.84072 ], [ 2.53972, 43.83925 ], [ 2.53598, 43.83873 ], [ 2.53194, 43.84109 ], [ 2.52966, 43.84131 ] ] } },
{ "type": "Feature", "properties": { "name": "le Riu Mégé", "weight_class": 1, "permanent": true, "length_km": 3.0 }, "geometry": { "type": "LineString", "coordinates": [ [ 2.53626, 43.85501 ], [ 2.52645, 43.86295 ], [ 2.52203, 43.86375 ], [ 2.51859, 43.86642 ], [ 2.51435, 43.86471 ], [ 2.51072, 43.86499 ], [ 2.50825, 43.86403 ] ] } },
{ "type": "Feature", "properties": { "name": "Ruisseau de la Fage", "weight_class": 1, "permanent": true, "length_km": 5.6 }, "geometry": { "type": "LineString", "coordinates": [ [ 2.50911, 43.84572 ], [ 2.50191, 43.85096 ], [ 2.49917, 43.8511 ], [ 2.49583, 43.8494 ], [ 2.49419, 43.85021 ], [ 2.48788, 43.85043 ], [ 2.48432, 43.852 ], [ 2.47826, 43.85197 ], [ 2.47582, 43.85527 ], [ 2.47262, 43.8575 ], [ 2.46846, 43.85827 ], [ 2.46661, 43.86169 ], [ 2.46028, 43.86466 ], [ 2.46067, 43.8662 ] ] } },
{ "type": "Feature", "properties": { "name": "Ruisseau de la Barthabié", "weight_class": 1, "permanent": true, "length_km": 7.6 }, "geometry": { "type": "LineString", "coordinates": [ [ 2.53184, 43.85439 ], [ 2.52888, 43.8537 ], [ 2.52493, 43.85525 ], [ 2.52263, 43.85473 ], [ 2.52031, 43.85826 ], [ 2.51444, 43.85998 ], [ 2.51019, 43.86388 ], [ 2.50362, 43.86442 ], [ 2.50059, 43.86583 ], [ 2.49569, 43.86511 ], [ 2.49157, 43.86649 ], [ 2.48941, 43.86484 ], [ 2.48004, 43.86717 ], [ 2.47616, 43.86586 ], [ 2.46755, 43.86664 ], [ 2.46692, 43.86574 ], [ 2.46222, 43.86521 ], [ 2.46067, 43.8662 ], [ 2.46087, 43.86754 ], [ 2.45688, 43.86763 ] ] } },
{ "type": "Feature", "properties": { "name": "l'Ambiasselle", "weight_class": 1, "permanent": true, "length_km": 13.6 }, "geometry": { "type": "LineString", "coordinates": [ [ 2.56404, 43.8439 ], [ 2.55855, 43.84239 ], [ 2.55597, 43.83776 ], [ 2.55219, 43.83494 ], [ 2.54605, 43.83363 ], [ 2.54426, 43.83209 ], [ 2.54046, 43.83171 ], [ 2.53555, 43.82943 ], [ 2.53528, 43.82689 ], [ 2.53364, 43.82586 ], [ 2.52491, 43.82527 ], [ 2.5226, 43.82267 ], [ 2.5188, 43.82252 ], [ 2.51589, 43.82088 ], [ 2.51128, 43.82322 ], [ 2.5014, 43.81954 ], [ 2.49873, 43.81578 ], [ 2.49634, 43.81489 ], [ 2.49531, 43.81189 ], [ 2.49318, 43.80978 ], [ 2.48426, 43.80669 ], [ 2.47257, 43.80779 ], [ 2.47168, 43.80981 ], [ 2.4684, 43.8096 ], [ 2.46749, 43.81345 ], [ 2.46589, 43.81335 ], [ 2.46173, 43.81659 ], [ 2.45901, 43.81644 ], [ 2.45738, 43.81839 ], [ 2.45249, 43.81892 ], [ 2.45176, 43.82122 ], [ 2.45033, 43.8219 ], [ 2.45018, 43.82426 ] ] } },
{ "type": "Feature", "properties": { "name": "l'Ambias", "weight_class": 2, "permanent": true, "length_km": 12.0 }, "geometry": { "type": "LineString", "coordinates": [ [ 2.56014, 43.84945 ], [ 2.55753, 43.84978 ], [ 2.55374, 43.8471 ], [ 2.55039, 43.84627 ], [ 2.53814, 43.84537 ], [ 2.53366, 43.84631 ], [ 2.52995, 43.84342 ], [ 2.52966, 43.84131 ], [ 2.52057, 43.83894 ], [ 2.51655, 43.83613 ], [ 2.50891, 43.83311 ], [ 2.50808, 43.83131 ], [ 2.50529, 43.83201 ], [ 2.49809, 43.83115 ], [ 2.48428, 43.82688 ], [ 2.47881, 43.82792 ], [ 2.47706, 43.82705 ], [ 2.47462, 43.82722 ], [ 2.47441, 43.82621 ], [ 2.47119, 43.82674 ], [ 2.46623, 43.82277 ], [ 2.46308, 43.82314 ], [ 2.46267, 43.82455 ], [ 2.45961, 43.82535 ], [ 2.45505, 43.82421 ], [ 2.44863, 43.82433 ], [ 2.44258, 43.82225 ], [ 2.44138, 43.82309 ] ] } },
{ "type": "Feature", "properties": { "name": "Ruisseau de Roumignane", "weight_class": 1, "permanent": true, "length_km": 5.6 }, "geometry": { "type": "LineString", "coordinates": [ [ 2.45634, 43.84323 ], [ 2.45802, 43.84024 ], [ 2.45488, 43.83723 ], [ 2.45186, 43.83623 ], [ 2.44414, 43.83761 ], [ 2.44024, 43.84074 ], [ 2.43959, 43.8443 ], [ 2.44042, 43.8456 ], [ 2.43711, 43.8481 ], [ 2.4373, 43.85289 ], [ 2.43615, 43.85413 ], [ 2.42995, 43.85661 ], [ 2.4248, 43.85605 ], [ 2.4208, 43.85774 ], [ 2.41944, 43.85925 ] ] } },
{ "type": "Feature", "properties": { "name": "le Rieutord", "weight_class": 1, "permanent": true, "length_km": 3.6 }, "geometry": { "type": "LineString", "coordinates": [ [ 2.5961, 43.81691 ], [ 2.59553, 43.81384 ], [ 2.59278, 43.81071 ], [ 2.58508, 43.81014 ], [ 2.57933, 43.8119 ], [ 2.57697, 43.81127 ], [ 2.57408, 43.81206 ], [ 2.57241, 43.81026 ], [ 2.57092, 43.81039 ], [ 2.56863, 43.80781 ], [ 2.56637, 43.80732 ], [ 2.5659, 43.80595 ] ] } },
{ "type": "Feature", "properties": { "name": "Ruisseau de Séveriès", "weight_class": 1, "permanent": true, "length_km": 6.3 }, "geometry": { "type": "LineString", "coordinates": [ [ 2.53477, 43.81357 ], [ 2.53353, 43.81183 ], [ 2.52817, 43.81109 ], [ 2.52646, 43.81023 ], [ 2.52615, 43.80871 ], [ 2.52454, 43.80894 ], [ 2.5209, 43.80397 ], [ 2.51593, 43.80411 ], [ 2.51328, 43.802 ], [ 2.50744, 43.80036 ], [ 2.50268, 43.80078 ], [ 2.50197, 43.7995 ], [ 2.49867, 43.79946 ], [ 2.49634, 43.79729 ], [ 2.49246, 43.79675 ], [ 2.48581, 43.79272 ], [ 2.48439, 43.79301 ], [ 2.4809, 43.78966 ], [ 2.48143, 43.78703 ] ] } },
{ "type": "Feature", "properties": { "name": "Ruisseau de la Broussounié", "weight_class": 1, "permanent": false, "length_km": 4.0 }, "geometry": { "type": "LineString", "coordinates": [ [ 2.59392, 43.79113 ], [ 2.58671, 43.79117 ], [ 2.58542, 43.79278 ], [ 2.58292, 43.79333 ], [ 2.58087, 43.79505 ], [ 2.57687, 43.79589 ], [ 2.56906, 43.79643 ], [ 2.56521, 43.79475 ], [ 2.56223, 43.7952 ], [ 2.5622, 43.79648 ], [ 2.55898, 43.79804 ], [ 2.55565, 43.80274 ] ] } },
{ "type": "Feature", "properties": { "name": "le Limes", "weight_class": 1, "permanent": false, "length_km": 10.4 }, "geometry": { "type": "LineString", "coordinates": [ [ 2.59429, 43.77763 ], [ 2.58962, 43.78112 ], [ 2.58656, 43.77909 ], [ 2.58337, 43.77878 ], [ 2.58112, 43.7795 ], [ 2.57839, 43.77563 ], [ 2.57509, 43.77473 ], [ 2.57149, 43.7636 ], [ 2.56943, 43.76133 ], [ 2.56526, 43.76293 ], [ 2.56206, 43.75924 ], [ 2.56081, 43.75964 ], [ 2.55845, 43.75771 ], [ 2.55715, 43.75413 ], [ 2.56106, 43.74992 ], [ 2.55692, 43.7478 ], [ 2.5553, 43.7454 ], [ 2.55268, 43.74458 ], [ 2.55138, 43.74216 ], [ 2.54623, 43.74121 ], [ 2.5415, 43.74272 ], [ 2.53504, 43.74297 ], [ 2.53026, 43.74453 ], [ 2.5307, 43.74314 ], [ 2.5265, 43.74326 ], [ 2.52539, 43.74253 ], [ 2.52669, 43.74035 ] ] } },
{ "type": "Feature", "properties": { "name": "Ruisseau de Boudène", "weight_class": 1, "permanent": true, "length_km": 5.2 }, "geometry": { "type": "LineString", "coordinates": [ [ 2.5595, 43.78128 ], [ 2.55436, 43.78333 ], [ 2.54948, 43.78217 ], [ 2.54316, 43.78515 ], [ 2.53829, 43.78491 ], [ 2.53534, 43.78696 ], [ 2.53377, 43.78645 ], [ 2.53327, 43.78399 ], [ 2.52938, 43.78529 ], [ 2.52756, 43.78429 ], [ 2.52466, 43.78473 ], [ 2.52292, 43.78405 ], [ 2.52063, 43.78524 ], [ 2.5155, 43.78502 ], [ 2.51174, 43.78577 ], [ 2.50916, 43.7876 ], [ 2.50887, 43.7892 ] ] } },
{ "type": "Feature", "properties": { "name": "Ruisseau de Roussines", "weight_class": 1, "permanent": false, "length_km": 4.9 }, "geometry": { "type": "LineString", "coordinates": [ [ 2.53267, 43.76976 ], [ 2.52756, 43.77159 ], [ 2.51705, 43.77087 ], [ 2.51502, 43.76884 ], [ 2.51231, 43.77017 ], [ 2.5112, 43.77144 ], [ 2.51205, 43.77627 ], [ 2.50938, 43.77887 ], [ 2.50952, 43.78142 ], [ 2.50483, 43.78404 ], [ 2.50479, 43.78584 ], [ 2.49969, 43.7912 ] ] } },
{ "type": "Feature", "properties": { "name": null, "weight_class": 1, "permanent": true, "length_km": 2.8 }, "geometry": { "type": "LineString", "coordinates": [ [ 2.5944, 43.67304 ], [ 2.59591, 43.67075 ], [ 2.59429, 43.66722 ], [ 2.59447, 43.6648 ], [ 2.59032, 43.6607 ], [ 2.58709, 43.65985 ], [ 2.58491, 43.65709 ], [ 2.58487, 43.65519 ], [ 2.58643, 43.6536 ] ] } },
{ "type": "Feature", "properties": { "name": "Ravin de la Buzatié", "weight_class": 1, "permanent": false, "length_km": 3.6 }, "geometry": { "type": "LineString", "coordinates": [ [ 2.46593, 43.75308 ], [ 2.45997, 43.75521 ], [ 2.45707, 43.75861 ], [ 2.45106, 43.7594 ], [ 2.44864, 43.76236 ], [ 2.44492, 43.76343 ], [ 2.44192, 43.76587 ], [ 2.43876, 43.76647 ], [ 2.43707, 43.77242 ] ] } },
{ "type": "Feature", "properties": { "name": null, "weight_class": 1, "permanent": false, "length_km": 3.2 }, "geometry": { "type": "LineString", "coordinates": [ [ 2.52972, 43.7647 ], [ 2.52629, 43.76217 ], [ 2.52294, 43.74952 ], [ 2.52057, 43.7472 ], [ 2.52005, 43.74511 ], [ 2.52059, 43.74271 ], [ 2.52547, 43.74123 ] ] } },
{ "type": "Feature", "properties": { "name": null, "weight_class": 1, "permanent": true, "length_km": 2.0 }, "geometry": { "type": "LineString", "coordinates": [ [ 2.45449, 43.74581 ], [ 2.44983, 43.74615 ], [ 2.44456, 43.7481 ], [ 2.4388, 43.75126 ], [ 2.43627, 43.75516 ] ] } },
{ "type": "Feature", "properties": { "name": null, "weight_class": 2, "permanent": false, "length_km": 2.3 }, "geometry": { "type": "LineString", "coordinates": [ [ 2.44242, 43.67515 ], [ 2.43219, 43.67518 ], [ 2.41671, 43.6798 ] ] } },
{ "type": "Feature", "properties": { "name": "la Durencuse", "weight_class": 1, "permanent": false, "length_km": 2.5 }, "geometry": { "type": "LineString", "coordinates": [ [ 2.4232, 43.59782 ], [ 2.42367, 43.59666 ], [ 2.4223, 43.5951 ], [ 2.4201, 43.59512 ], [ 2.41584, 43.59247 ], [ 2.41399, 43.58733 ], [ 2.41108, 43.58617 ], [ 2.40933, 43.58224 ] ] } },
{ "type": "Feature", "properties": { "name": null, "weight_class": 1, "permanent": false, "length_km": 2.5 }, "geometry": { "type": "LineString", "coordinates": [ [ 2.43064, 43.63315 ], [ 2.4302, 43.6356 ], [ 2.43255, 43.63768 ], [ 2.43135, 43.64313 ], [ 2.43389, 43.6439 ], [ 2.43559, 43.64696 ], [ 2.44241, 43.64642 ] ] } },
{ "type": "Feature", "properties": { "name": null, "weight_class": 1, "permanent": false, "length_km": 2.2 }, "geometry": { "type": "LineString", "coordinates": [ [ 2.5302, 43.56794 ], [ 2.52956, 43.56624 ], [ 2.52559, 43.56424 ], [ 2.52629, 43.55768 ], [ 2.52742, 43.55618 ], [ 2.52662, 43.55388 ], [ 2.52869, 43.55095 ] ] } },
{ "type": "Feature", "properties": { "name": null, "weight_class": 1, "permanent": true, "length_km": 4.2 }, "geometry": { "type": "LineString", "coordinates": [ [ 2.47826, 43.61095 ], [ 2.47857, 43.61309 ], [ 2.48198, 43.61608 ], [ 2.48064, 43.61704 ], [ 2.48005, 43.62033 ], [ 2.4767, 43.62345 ], [ 2.4769, 43.62591 ], [ 2.47404, 43.62606 ], [ 2.47253, 43.62705 ], [ 2.47336, 43.62959 ], [ 2.465, 43.6378 ] ] } },
{ "type": "Feature", "properties": { "name": null, "weight_class": 1, "permanent": false, "length_km": 2.8 }, "geometry": { "type": "LineString", "coordinates": [ [ 2.51664, 43.68971 ], [ 2.51942, 43.68889 ], [ 2.52437, 43.69001 ], [ 2.52987, 43.68921 ], [ 2.53258, 43.69074 ], [ 2.53515, 43.69649 ], [ 2.53779, 43.6975 ], [ 2.53713, 43.69968 ] ] } },
{ "type": "Feature", "properties": { "name": null, "weight_class": 1, "permanent": false, "length_km": 2.0 }, "geometry": { "type": "LineString", "coordinates": [ [ 2.57177, 43.72557 ], [ 2.56804, 43.7275 ], [ 2.55733, 43.72514 ], [ 2.55287, 43.72987 ] ] } },
{ "type": "Feature", "properties": { "name": null, "weight_class": 1, "permanent": false, "length_km": 2.7 }, "geometry": { "type": "LineString", "coordinates": [ [ 2.55544, 43.65627 ], [ 2.55737, 43.65466 ], [ 2.55459, 43.64968 ], [ 2.55592, 43.64622 ], [ 2.55498, 43.64395 ], [ 2.55638, 43.64038 ], [ 2.56038, 43.63614 ] ] } },
{ "type": "Feature", "properties": { "name": "Bras de l'Agout", "weight_class": 2, "permanent": true, "length_km": 2.5 }, "geometry": { "type": "LineString", "coordinates": [ [ 2.49575, 43.63039 ], [ 2.49261, 43.63086 ], [ 2.48828, 43.63359 ], [ 2.48612, 43.63628 ], [ 2.47902, 43.63742 ], [ 2.47924, 43.63823 ], [ 2.47678, 43.6387 ], [ 2.47408, 43.63795 ], [ 2.47148, 43.63831 ] ] } },
{ "type": "Feature", "properties": { "name": null, "weight_class": 1, "permanent": false, "length_km": 2.2 }, "geometry": { "type": "LineString", "coordinates": [ [ 2.54465, 43.63678 ], [ 2.54644, 43.63699 ], [ 2.55037, 43.63423 ], [ 2.55366, 43.62928 ], [ 2.55686, 43.62698 ], [ 2.5607, 43.626 ], [ 2.56165, 43.62435 ] ] } },
{ "type": "Feature", "properties": { "name": null, "weight_class": 1, "permanent": false, "length_km": 2.2 }, "geometry": { "type": "LineString", "coordinates": [ [ 2.54007, 43.64573 ], [ 2.53719, 43.64467 ], [ 2.52035, 43.64547 ], [ 2.5153, 43.64726 ] ] } },
{ "type": "Feature", "properties": { "name": "Ruisseau de Font Grésal", "weight_class": 1, "permanent": false, "length_km": 4.8 }, "geometry": { "type": "LineString", "coordinates": [ [ 2.5141, 43.71971 ], [ 2.50287, 43.71746 ], [ 2.50073, 43.71641 ], [ 2.49823, 43.71318 ], [ 2.49002, 43.71284 ], [ 2.48189, 43.71501 ], [ 2.47891, 43.71804 ], [ 2.47439, 43.72027 ], [ 2.46462, 43.72058 ] ] } },
{ "type": "Feature", "properties": { "name": "Ruisseau du Vialou", "weight_class": 1, "permanent": false, "length_km": 3.4 }, "geometry": { "type": "LineString", "coordinates": [ [ 2.47255, 43.68764 ], [ 2.47054, 43.69025 ], [ 2.46756, 43.69107 ], [ 2.46368, 43.68978 ], [ 2.45696, 43.68971 ], [ 2.45346, 43.68835 ], [ 2.44754, 43.69154 ], [ 2.4437, 43.69506 ], [ 2.44317, 43.69715 ], [ 2.44419, 43.69784 ] ] } },
{ "type": "Feature", "properties": { "name": "Ruisseau de Gréziès", "weight_class": 1, "permanent": true, "length_km": 4.0 }, "geometry": { "type": "LineString", "coordinates": [ [ 2.51366, 43.7602 ], [ 2.50991, 43.76071 ], [ 2.50837, 43.76242 ], [ 2.50531, 43.76174 ], [ 2.50224, 43.75383 ], [ 2.49455, 43.75022 ], [ 2.49146, 43.74715 ], [ 2.48488, 43.74683 ], [ 2.48338, 43.74346 ] ] } },
{ "type": "Feature", "properties": { "name": "le Gijou", "weight_class": 3, "permanent": true, "length_km": 51.9 }, "geometry": { "type": "LineString", "coordinates": [ [ 2.71728, 43.6892 ], [ 2.71577, 43.69442 ], [ 2.71353, 43.69755 ], [ 2.71529, 43.70463 ], [ 2.71183, 43.70735 ], [ 2.70725, 43.70886 ], [ 2.69574, 43.70788 ], [ 2.69075, 43.70893 ], [ 2.68506, 43.70656 ], [ 2.68418, 43.70492 ], [ 2.67845, 43.703 ], [ 2.67433, 43.70514 ], [ 2.67415, 43.70904 ], [ 2.66931, 43.7109 ], [ 2.66405, 43.71074 ], [ 2.65315, 43.71668 ], [ 2.64965, 43.71621 ], [ 2.64862, 43.71783 ], [ 2.64515, 43.71534 ], [ 2.64241, 43.71694 ], [ 2.64032, 43.71355 ], [ 2.63744, 43.71361 ], [ 2.63626, 43.71111 ], [ 2.63336, 43.71324 ], [ 2.63456, 43.71186 ], [ 2.63372, 43.70996 ], [ 2.63068, 43.70901 ], [ 2.62745, 43.70601 ], [ 2.62165, 43.70562 ], [ 2.61534, 43.70786 ], [ 2.61579, 43.70993 ], [ 2.61394, 43.71104 ], [ 2.61437, 43.71266 ], [ 2.6163, 43.71321 ], [ 2.6158, 43.71468 ], [ 2.61201, 43.71387 ], [ 2.60554, 43.71432 ], [ 2.59812, 43.71988 ], [ 2.59913, 43.72367 ], [ 2.59173, 43.72964 ], [ 2.59186, 43.73336 ], [ 2.58934, 43.73625 ], [ 2.58428, 43.7364 ], [ 2.57837, 43.73404 ], [ 2.56785, 43.73888 ], [ 2.56361, 43.73851 ], [ 2.55726, 43.73632 ], [ 2.55287, 43.72987 ], [ 2.54459, 43.72944 ], [ 2.54298, 43.73035 ], [ 2.54414, 43.73125 ], [ 2.54227, 43.73511 ], [ 2.54013, 43.73553 ], [ 2.5372, 43.73468 ], [ 2.53373, 43.73234 ], [ 2.53276, 43.73479 ], [ 2.53581, 43.73776 ], [ 2.53352, 43.73861 ], [ 2.53055, 43.73633 ], [ 2.52792, 43.73563 ], [ 2.52651, 43.73704 ], [ 2.52694, 43.74015 ], [ 2.52573, 43.74059 ], [ 2.52096, 43.73719 ], [ 2.51913, 43.73858 ], [ 2.51863, 43.73721 ], [ 2.52029, 43.73563 ], [ 2.51932, 43.73502 ], [ 2.51682, 43.7365 ], [ 2.51259, 43.73653 ], [ 2.50957, 43.73474 ], [ 2.5072, 43.73635 ], [ 2.50567, 43.73498 ], [ 2.50615, 43.73191 ], [ 2.50226, 43.73219 ], [ 2.50002, 43.73142 ], [ 2.49778, 43.73357 ], [ 2.49676, 43.73061 ], [ 2.49536, 43.7303 ], [ 2.4917, 43.73305 ], [ 2.49177, 43.73509 ], [ 2.48719, 43.73443 ], [ 2.48922, 43.73726 ], [ 2.48931, 43.73949 ], [ 2.48792, 43.74082 ], [ 2.48652, 43.73979 ], [ 2.48497, 43.7399 ], [ 2.48537, 43.74161 ], [ 2.48338, 43.74346 ], [ 2.48225, 43.74202 ], [ 2.48, 43.74209 ], [ 2.47753, 43.73973 ], [ 2.47405, 43.73873 ], [ 2.47427, 43.73523 ], [ 2.47547, 43.73431 ], [ 2.47465, 43.73352 ], [ 2.47292, 43.73403 ], [ 2.47132, 43.7333 ], [ 2.47135, 43.73117 ], [ 2.46953, 43.73166 ], [ 2.47027, 43.72947 ], [ 2.46404, 43.7293 ], [ 2.46294, 43.73404 ], [ 2.45632, 43.73284 ], [ 2.4558, 43.73057 ], [ 2.4593, 43.72813 ], [ 2.46048, 43.72372 ], [ 2.4639, 43.7225 ], [ 2.46457, 43.72119 ], [ 2.46303, 43.71864 ], [ 2.45814, 43.71907 ], [ 2.45971, 43.71409 ], [ 2.45818, 43.71298 ], [ 2.45548, 43.71342 ], [ 2.45026, 43.71239 ], [ 2.45161, 43.71032 ], [ 2.45098, 43.70869 ], [ 2.44951, 43.70812 ], [ 2.44744, 43.71068 ], [ 2.44391, 43.70781 ], [ 2.44239, 43.70894 ], [ 2.44421, 43.70977 ], [ 2.44376, 43.71056 ], [ 2.43954, 43.70981 ], [ 2.43933, 43.7058 ], [ 2.43596, 43.70439 ], [ 2.43661, 43.70177 ], [ 2.43024, 43.70238 ], [ 2.43187, 43.69871 ], [ 2.42932, 43.69501 ], [ 2.42757, 43.69389 ], [ 2.42348, 43.69422 ], [ 2.42188, 43.692 ], [ 2.41842, 43.69159 ], [ 2.4143, 43.68782 ], [ 2.41775, 43.68487 ], [ 2.41659, 43.67936 ], [ 2.41051, 43.681 ], [ 2.40934, 43.68002 ], [ 2.40989, 43.67727 ], [ 2.40499, 43.67827 ] ] } },
{ "type": "Feature", "properties": { "name": "le Bertou", "weight_class": 1, "permanent": true, "length_km": 22.0 }, "geometry": { "type": "LineString", "coordinates": [ [ 2.61082, 43.6897 ], [ 2.60717, 43.68985 ], [ 2.6048, 43.68857 ], [ 2.59761, 43.68876 ], [ 2.5915, 43.6873 ], [ 2.58404, 43.69135 ], [ 2.57653, 43.69126 ], [ 2.57496, 43.69044 ], [ 2.5736, 43.69372 ], [ 2.56253, 43.69842 ], [ 2.56129, 43.7002 ], [ 2.5608, 43.6997 ], [ 2.55194, 43.70286 ], [ 2.54667, 43.70276 ], [ 2.54422, 43.70132 ], [ 2.54248, 43.70166 ], [ 2.54092, 43.70034 ], [ 2.53709, 43.69968 ], [ 2.53401, 43.70289 ], [ 2.53209, 43.70289 ], [ 2.53199, 43.70512 ], [ 2.52983, 43.70527 ], [ 2.53112, 43.70684 ], [ 2.529, 43.70862 ], [ 2.52602, 43.70964 ], [ 2.52286, 43.70779 ], [ 2.52063, 43.70984 ], [ 2.51618, 43.70673 ], [ 2.51488, 43.70749 ], [ 2.51141, 43.70711 ], [ 2.50996, 43.70342 ], [ 2.50679, 43.70406 ], [ 2.50583, 43.70245 ], [ 2.5023, 43.70257 ], [ 2.50194, 43.70018 ], [ 2.50086, 43.70087 ], [ 2.49907, 43.7001 ], [ 2.49445, 43.70181 ], [ 2.49386, 43.70381 ], [ 2.49037, 43.70318 ], [ 2.48765, 43.70382 ], [ 2.48722, 43.70292 ], [ 2.48399, 43.70205 ], [ 2.48282, 43.70405 ], [ 2.48136, 43.70345 ], [ 2.47949, 43.7042 ], [ 2.47783, 43.70355 ], [ 2.47347, 43.70402 ], [ 2.47095, 43.70297 ], [ 2.46733, 43.70326 ], [ 2.46426, 43.7046 ], [ 2.46036, 43.70249 ], [ 2.45885, 43.7028 ], [ 2.45928, 43.70089 ], [ 2.4574, 43.70094 ], [ 2.45731, 43.70282 ], [ 2.45403, 43.70172 ], [ 2.45397, 43.70082 ], [ 2.45193, 43.70193 ], [ 2.45084, 43.70033 ], [ 2.44883, 43.70032 ], [ 2.44841, 43.69863 ], [ 2.44544, 43.69883 ], [ 2.44438, 43.69777 ], [ 2.44193, 43.69879 ], [ 2.44114, 43.69678 ], [ 2.43879, 43.69636 ], [ 2.43697, 43.69722 ], [ 2.43627, 43.69519 ], [ 2.43398, 43.69672 ], [ 2.43431, 43.69456 ], [ 2.42932, 43.69501 ] ] } },
{ "type": "Feature", "properties": { "name": "Ruisseau de la Griffoulière", "weight_class": 1, "permanent": true, "length_km": 2.2 }, "geometry": { "type": "LineString", "coordinates": [ [ 2.52566, 43.72298 ], [ 2.52315, 43.72859 ], [ 2.50843, 43.7303 ], [ 2.50611, 43.73189 ] ] } },
{ "type": "Feature", "properties": { "name": "Ruisseau du Robert", "weight_class": 1, "permanent": true, "length_km": 8.9 }, "geometry": { "type": "LineString", "coordinates": [ [ 2.43889, 43.73418 ], [ 2.43693, 43.73382 ], [ 2.43564, 43.73225 ], [ 2.43193, 43.73309 ], [ 2.43091, 43.7325 ], [ 2.42887, 43.72778 ], [ 2.42627, 43.7259 ], [ 2.42682, 43.72422 ], [ 2.42221, 43.71951 ], [ 2.42237, 43.7157 ], [ 2.42102, 43.71509 ], [ 2.42032, 43.71142 ], [ 2.41695, 43.71216 ], [ 2.41509, 43.70937 ], [ 2.41302, 43.70886 ], [ 2.41361, 43.70787 ], [ 2.41174, 43.70635 ], [ 2.41236, 43.69907 ], [ 2.40782, 43.69695 ], [ 2.40414, 43.69234 ], [ 2.40456, 43.69143 ], [ 2.40308, 43.69127 ], [ 2.40396, 43.69075 ], [ 2.40246, 43.68855 ], [ 2.40454, 43.68739 ], [ 2.40172, 43.68676 ], [ 2.39925, 43.68464 ], [ 2.39933, 43.68104 ] ] } },
{ "type": "Feature", "properties": { "name": "Ruisseau de Ferralde", "weight_class": 1, "permanent": true, "length_km": 5.0 }, "geometry": { "type": "LineString", "coordinates": [ [ 2.47256, 43.68338 ], [ 2.46924, 43.68093 ], [ 2.46201, 43.68014 ], [ 2.45707, 43.67398 ], [ 2.45616, 43.66872 ], [ 2.45035, 43.66249 ], [ 2.44886, 43.66223 ], [ 2.4486, 43.661 ], [ 2.44458, 43.6604 ], [ 2.44294, 43.65932 ], [ 2.43652, 43.66281 ] ] } },
{ "type": "Feature", "properties": { "name": "Ruisseau de Biège", "weight_class": 1, "permanent": true, "length_km": 4.1 }, "geometry": { "type": "LineString", "coordinates": [ [ 2.58871, 43.67264 ], [ 2.58547, 43.67253 ], [ 2.58228, 43.66949 ], [ 2.57973, 43.66897 ], [ 2.57461, 43.66382 ], [ 2.56759, 43.65878 ], [ 2.56693, 43.65772 ], [ 2.56911, 43.65322 ], [ 2.56675, 43.64647 ] ] } },
{ "type": "Feature", "properties": { "name": "Ruisseau du Terral", "weight_class": 1, "permanent": true, "length_km": 5.5 }, "geometry": { "type": "LineString", "coordinates": [ [ 2.537, 43.65962 ], [ 2.52769, 43.65799 ], [ 2.52376, 43.65496 ], [ 2.52203, 43.65498 ], [ 2.51798, 43.65137 ], [ 2.51536, 43.64729 ], [ 2.51023, 43.64433 ], [ 2.50826, 43.64156 ], [ 2.50278, 43.63898 ], [ 2.50216, 43.63713 ], [ 2.49753, 43.6359 ], [ 2.49587, 43.63394 ], [ 2.49168, 43.63398 ] ] } },
{ "type": "Feature", "properties": { "name": "le Vernoubre", "weight_class": 1, "permanent": true, "length_km": 12.5 }, "geometry": { "type": "LineString", "coordinates": [ [ 2.55345, 43.67239 ], [ 2.54884, 43.66827 ], [ 2.54282, 43.66654 ], [ 2.53828, 43.67087 ], [ 2.53083, 43.67213 ], [ 2.52834, 43.67405 ], [ 2.52702, 43.67361 ], [ 2.52379, 43.6747 ], [ 2.51773, 43.6749 ], [ 2.51011, 43.6729 ], [ 2.50843, 43.67302 ], [ 2.50865, 43.67375 ], [ 2.50559, 43.67523 ], [ 2.49975, 43.67453 ], [ 2.49822, 43.67535 ], [ 2.49538, 43.67504 ], [ 2.49277, 43.672 ], [ 2.49053, 43.67127 ], [ 2.48978, 43.66932 ], [ 2.48793, 43.66964 ], [ 2.48686, 43.66651 ], [ 2.48499, 43.66626 ], [ 2.48338, 43.66443 ], [ 2.48434, 43.66265 ], [ 2.48135, 43.66249 ], [ 2.47795, 43.65924 ], [ 2.47961, 43.65809 ], [ 2.47853, 43.65692 ], [ 2.48062, 43.65417 ], [ 2.47831, 43.65123 ], [ 2.47655, 43.65159 ], [ 2.47557, 43.65043 ], [ 2.47748, 43.64715 ], [ 2.47382, 43.64681 ], [ 2.47535, 43.64394 ], [ 2.47227, 43.64293 ], [ 2.47054, 43.63814 ] ] } },
{ "type": "Feature", "properties": { "name": "Ruisseau de Vabrés", "weight_class": 2, "permanent": false, "length_km": 2.4 }, "geometry": { "type": "LineString", "coordinates": [ [ 2.44286, 43.67744 ], [ 2.4407, 43.67898 ], [ 2.44031, 43.68439 ], [ 2.4321, 43.69079 ], [ 2.42954, 43.69153 ], [ 2.42757, 43.69389 ] ] } },
{ "type": "Feature", "properties": { "name": "Ruisseau de Ser", "weight_class": 2, "permanent": false, "length_km": 3.8 }, "geometry": { "type": "LineString", "coordinates": [ [ 2.53322, 43.64193 ], [ 2.53186, 43.63945 ], [ 2.52152, 43.63369 ], [ 2.52009, 43.63145 ], [ 2.51256, 43.62891 ], [ 2.50826, 43.62867 ], [ 2.50641, 43.62989 ], [ 2.49834, 43.62805 ] ] } },
{ "type": "Feature", "properties": { "name": "Ruisseau de Costo Laxo", "weight_class": 2, "permanent": true, "length_km": 4.4 }, "geometry": { "type": "LineString", "coordinates": [ [ 2.54121, 43.63344 ], [ 2.5363, 43.62979 ], [ 2.52935, 43.62861 ], [ 2.5269, 43.6267 ], [ 2.52399, 43.62594 ], [ 2.52361, 43.62441 ], [ 2.5256, 43.62158 ], [ 2.52363, 43.61881 ], [ 2.51622, 43.61855 ], [ 2.51504, 43.6164 ], [ 2.50912, 43.61688 ], [ 2.50673, 43.61578 ] ] } },
{ "type": "Feature", "properties": { "name": "Ruisseau de Gimbrarié", "weight_class": 1, "permanent": false, "length_km": 2.3 }, "geometry": { "type": "LineString", "coordinates": [ [ 2.54345, 43.62301 ], [ 2.54524, 43.62207 ], [ 2.54325, 43.61561 ], [ 2.53553, 43.60628 ] ] } },
{ "type": "Feature", "properties": { "name": "Ruisseau de Chabbert", "weight_class": 1, "permanent": false, "length_km": 3.2 }, "geometry": { "type": "LineString", "coordinates": [ [ 2.43015, 43.6263 ], [ 2.42585, 43.62462 ], [ 2.42308, 43.62147 ], [ 2.41876, 43.62118 ], [ 2.41672, 43.61962 ], [ 2.41568, 43.61126 ], [ 2.42221, 43.60658 ] ] } },
{ "type": "Feature", "properties": { "name": "Ruisseau de Maurès", "weight_class": 1, "permanent": false, "length_km": 2.7 }, "geometry": { "type": "LineString", "coordinates": [ [ 2.57277, 43.57914 ], [ 2.572, 43.58092 ], [ 2.57405, 43.58495 ], [ 2.57842, 43.58522 ], [ 2.58678, 43.59123 ], [ 2.58626, 43.59586 ] ] } },
{ "type": "Feature", "properties": { "name": "la Durencuse", "weight_class": 1, "permanent": true, "length_km": 17.9 }, "geometry": { "type": "LineString", "coordinates": [ [ 2.51201, 43.58535 ], [ 2.51061, 43.58729 ], [ 2.5032, 43.58852 ], [ 2.49732, 43.59318 ], [ 2.48685, 43.59433 ], [ 2.48325, 43.59754 ], [ 2.48152, 43.59804 ], [ 2.4804, 43.59743 ], [ 2.472, 43.60088 ], [ 2.47109, 43.6026 ], [ 2.4653, 43.60523 ], [ 2.459, 43.60311 ], [ 2.45277, 43.60816 ], [ 2.45002, 43.60741 ], [ 2.44808, 43.60857 ], [ 2.44558, 43.60677 ], [ 2.44449, 43.60722 ], [ 2.44285, 43.60587 ], [ 2.43985, 43.60643 ], [ 2.4387, 43.60462 ], [ 2.43612, 43.60447 ], [ 2.42896, 43.60683 ], [ 2.42735, 43.60597 ], [ 2.4253, 43.60788 ], [ 2.42221, 43.60658 ], [ 2.42168, 43.60435 ], [ 2.41994, 43.60484 ], [ 2.41763, 43.60389 ], [ 2.41756, 43.60484 ], [ 2.41405, 43.60642 ], [ 2.40917, 43.60606 ], [ 2.40445, 43.60686 ], [ 2.40451, 43.60298 ], [ 2.40274, 43.60266 ], [ 2.40198, 43.60131 ], [ 2.4031, 43.6006 ], [ 2.40113, 43.59925 ], [ 2.40127, 43.59742 ], [ 2.39609, 43.59748 ], [ 2.39566, 43.59659 ], [ 2.39189, 43.596 ], [ 2.39018, 43.59415 ], [ 2.38747, 43.59425 ], [ 2.39006, 43.5919 ], [ 2.38578, 43.59105 ], [ 2.38668, 43.59037 ], [ 2.38446, 43.58935 ], [ 2.38506, 43.58752 ], [ 2.3833, 43.58567 ], [ 2.38565, 43.58563 ], [ 2.38522, 43.58268 ], [ 2.38107, 43.58233 ], [ 2.38248, 43.58098 ], [ 2.3792, 43.57954 ], [ 2.37871, 43.57836 ], [ 2.37745, 43.57839 ], [ 2.37746, 43.57749 ] ] } },
{ "type": "Feature", "properties": { "name": "Ruisseau de Peyroux", "weight_class": 1, "permanent": false, "length_km": 6.0 }, "geometry": { "type": "LineString", "coordinates": [ [ 2.52558, 43.57855 ], [ 2.52189, 43.57919 ], [ 2.52053, 43.57723 ], [ 2.51752, 43.57749 ], [ 2.51447, 43.57564 ], [ 2.51158, 43.57613 ], [ 2.50964, 43.57501 ], [ 2.51016, 43.57383 ], [ 2.50785, 43.57157 ], [ 2.51166, 43.56831 ], [ 2.5132, 43.56152 ], [ 2.51299, 43.55981 ], [ 2.51167, 43.55913 ], [ 2.51312, 43.55788 ], [ 2.51304, 43.5549 ], [ 2.50983, 43.54972 ], [ 2.51079, 43.54876 ], [ 2.51018, 43.54711 ], [ 2.51232, 43.54607 ], [ 2.50877, 43.54286 ] ] } },
{ "type": "Feature", "properties": { "name": "Ruisseau du Verdier", "weight_class": 1, "permanent": false, "length_km": 3.6 }, "geometry": { "type": "LineString", "coordinates": [ [ 2.53203, 43.5801 ], [ 2.52519, 43.58641 ], [ 2.52555, 43.59119 ], [ 2.53104, 43.59711 ], [ 2.53345, 43.59902 ], [ 2.53529, 43.59878 ], [ 2.53604, 43.60074 ], [ 2.54053, 43.60405 ] ] } },
{ "type": "Feature", "properties": { "name": "Ruisseau Scapirol", "weight_class": 2, "permanent": false, "length_km": 2.4 }, "geometry": { "type": "LineString", "coordinates": [ [ 2.54196, 43.58269 ], [ 2.54039, 43.58477 ], [ 2.54123, 43.58829 ], [ 2.543, 43.58936 ], [ 2.54366, 43.59128 ], [ 2.54392, 43.59892 ], [ 2.54253, 43.60174 ] ] } },
{ "type": "Feature", "properties": { "name": "Ruisseau de Rieugrand", "weight_class": 1, "permanent": true, "length_km": 5.7 }, "geometry": { "type": "LineString", "coordinates": [ [ 2.49621, 43.56694 ], [ 2.49141, 43.56668 ], [ 2.48853, 43.56549 ], [ 2.48555, 43.56247 ], [ 2.48364, 43.56219 ], [ 2.48243, 43.55968 ], [ 2.48033, 43.55942 ], [ 2.47741, 43.55478 ], [ 2.47362, 43.55395 ], [ 2.46872, 43.55428 ], [ 2.46584, 43.5531 ], [ 2.46219, 43.55675 ], [ 2.45998, 43.55722 ], [ 2.45614, 43.55562 ], [ 2.45518, 43.55033 ], [ 2.45036, 43.54887 ] ] } },
{ "type": "Feature", "properties": { "name": "Ruisseau du Verdet", "weight_class": 1, "permanent": false, "length_km": 4.2 }, "geometry": { "type": "LineString", "coordinates": [ [ 2.4724, 43.56774 ], [ 2.46883, 43.5683 ], [ 2.45857, 43.57257 ], [ 2.45275, 43.57165 ], [ 2.44954, 43.57498 ], [ 2.44596, 43.5757 ], [ 2.44448, 43.58034 ], [ 2.44559, 43.58279 ], [ 2.4381, 43.58487 ] ] } },
{ "type": "Feature", "properties": { "name": "Ruisseau de la Moulière", "weight_class": 1, "permanent": true, "length_km": 3.5 }, "geometry": { "type": "LineString", "coordinates": [ [ 2.52692, 43.52865 ], [ 2.52244, 43.52889 ], [ 2.51563, 43.5277 ], [ 2.51275, 43.52493 ], [ 2.51343, 43.52285 ], [ 2.50931, 43.52358 ], [ 2.50657, 43.52311 ], [ 2.50369, 43.52483 ], [ 2.50088, 43.52483 ], [ 2.49411, 43.52332 ], [ 2.49341, 43.52223 ] ] } },
{ "type": "Feature", "properties": { "name": null, "weight_class": 1, "permanent": false, "length_km": 2.1 }, "geometry": { "type": "LineString", "coordinates": [ [ 2.50582, 43.49397 ], [ 2.50472, 43.49317 ], [ 2.50523, 43.48905 ], [ 2.50199, 43.48824 ], [ 2.49816, 43.48387 ], [ 2.49167, 43.48253 ] ] } },
{ "type": "Feature", "properties": { "name": null, "weight_class": 1, "permanent": false, "length_km": 2.2 }, "geometry": { "type": "LineString", "coordinates": [ [ 2.47202, 43.53461 ], [ 2.47209, 43.5319 ], [ 2.46777, 43.52774 ], [ 2.46624, 43.52733 ], [ 2.4647, 43.52145 ], [ 2.46237, 43.51926 ] ] } },
{ "type": "Feature", "properties": { "name": null, "weight_class": 1, "permanent": false, "length_km": 3.6 }, "geometry": { "type": "LineString", "coordinates": [ [ 2.49797, 43.51092 ], [ 2.49781, 43.50805 ], [ 2.49047, 43.50248 ], [ 2.49036, 43.50104 ], [ 2.48411, 43.49452 ], [ 2.48348, 43.49038 ], [ 2.48548, 43.48562 ], [ 2.48432, 43.48448 ] ] } },
{ "type": "Feature", "properties": { "name": "Ruisseau de Peyrellès", "weight_class": 1, "permanent": true, "length_km": 2.4 }, "geometry": { "type": "LineString", "coordinates": [ [ 2.52223, 43.49469 ], [ 2.52345, 43.49293 ], [ 2.52227, 43.48923 ], [ 2.5253, 43.48327 ], [ 2.52235, 43.47473 ] ] } },
{ "type": "Feature", "properties": { "name": null, "weight_class": 1, "permanent": true, "length_km": 3.8 }, "geometry": { "type": "LineString", "coordinates": [ [ 2.48914, 43.53969 ], [ 2.48407, 43.5401 ], [ 2.48208, 43.53557 ], [ 2.46725, 43.52908 ], [ 2.46418, 43.52882 ], [ 2.4576, 43.51906 ] ] } },
{ "type": "Feature", "properties": { "name": null, "weight_class": 1, "permanent": false, "length_km": 2.0 }, "geometry": { "type": "LineString", "coordinates": [ [ 2.56417, 43.52603 ], [ 2.56347, 43.52506 ], [ 2.55977, 43.52524 ], [ 2.55851, 43.52438 ], [ 2.5576, 43.52227 ], [ 2.55823, 43.52029 ], [ 2.55494, 43.51751 ], [ 2.55401, 43.5131 ] ] } },
{ "type": "Feature", "properties": { "name": null, "weight_class": 1, "permanent": false, "length_km": 2.1 }, "geometry": { "type": "LineString", "coordinates": [ [ 2.47949, 43.46472 ], [ 2.48309, 43.46589 ], [ 2.4839, 43.46787 ], [ 2.49033, 43.47337 ], [ 2.48774, 43.47683 ], [ 2.48842, 43.47852 ] ] } },
{ "type": "Feature", "properties": { "name": null, "weight_class": 1, "permanent": true, "length_km": 2.7 }, "geometry": { "type": "LineString", "coordinates": [ [ 2.44949, 43.51747 ], [ 2.4318, 43.51403 ], [ 2.42124, 43.51105 ], [ 2.42116, 43.50875 ] ] } },
{ "type": "Feature", "properties": { "name": null, "weight_class": 1, "permanent": false, "length_km": 2.2 }, "geometry": { "type": "LineString", "coordinates": [ [ 2.49755, 43.56307 ], [ 2.50287, 43.5624 ], [ 2.50461, 43.5609 ], [ 2.50522, 43.55702 ], [ 2.50392, 43.55444 ], [ 2.50983, 43.54972 ] ] } },
{ "type": "Feature", "properties": { "name": "Ruisseau de Farrayres", "weight_class": 1, "permanent": false, "length_km": 3.5 }, "geometry": { "type": "LineString", "coordinates": [ [ 2.58524, 43.51594 ], [ 2.57868, 43.51605 ], [ 2.57331, 43.51077 ], [ 2.56957, 43.50977 ], [ 2.56826, 43.50511 ], [ 2.57236, 43.50385 ], [ 2.57253, 43.49761 ] ] } },
{ "type": "Feature", "properties": { "name": "Ruisseau de Nègeurieu", "weight_class": 1, "permanent": true, "length_km": 11.6 }, "geometry": { "type": "LineString", "coordinates": [ [ 2.61116, 43.56096 ], [ 2.61287, 43.56354 ], [ 2.61242, 43.56524 ], [ 2.60533, 43.56645 ], [ 2.59693, 43.56183 ], [ 2.59291, 43.56369 ], [ 2.58804, 43.56409 ], [ 2.58356, 43.56347 ], [ 2.58172, 43.56238 ], [ 2.58179, 43.56128 ], [ 2.57923, 43.56053 ], [ 2.57665, 43.56216 ], [ 2.57512, 43.55973 ], [ 2.56884, 43.55843 ], [ 2.56668, 43.55525 ], [ 2.56405, 43.55583 ], [ 2.56204, 43.5534 ], [ 2.5586, 43.55394 ], [ 2.55757, 43.55523 ], [ 2.55168, 43.55688 ], [ 2.54711, 43.55581 ], [ 2.54594, 43.55469 ], [ 2.543, 43.55624 ], [ 2.54034, 43.55472 ], [ 2.5411, 43.55402 ], [ 2.53943, 43.55342 ], [ 2.53862, 43.55137 ], [ 2.53558, 43.55007 ], [ 2.53441, 43.55124 ], [ 2.53138, 43.54905 ], [ 2.52808, 43.55072 ], [ 2.52621, 43.54856 ], [ 2.52605, 43.54543 ] ] } },
{ "type": "Feature", "properties": { "name": "Ruisseau de Fonteminal", "weight_class": 1, "permanent": true, "length_km": 2.5 }, "geometry": { "type": "LineString", "coordinates": [ [ 2.47893, 43.54057 ], [ 2.47461, 43.54157 ], [ 2.46345, 43.54805 ], [ 2.45881, 43.54931 ], [ 2.4565, 43.5483 ], [ 2.45391, 43.54936 ] ] } },
{ "type": "Feature", "properties": { "name": "Ruisseau du Doul", "weight_class": 1, "permanent": true, "length_km": 8.7 }, "geometry": { "type": "LineString", "coordinates": [ [ 2.43793, 43.5592 ], [ 2.43289, 43.55808 ], [ 2.42777, 43.55382 ], [ 2.42753, 43.5522 ], [ 2.42887, 43.55181 ], [ 2.42996, 43.54973 ], [ 2.42638, 43.54695 ], [ 2.42894, 43.54405 ], [ 2.42797, 43.54362 ], [ 2.42547, 43.53566 ], [ 2.42042, 43.53393 ], [ 2.42036, 43.5321 ], [ 2.41425, 43.53075 ], [ 2.40715, 43.5273 ], [ 2.40791, 43.52599 ], [ 2.4096, 43.5258 ], [ 2.40896, 43.52278 ], [ 2.40478, 43.52104 ], [ 2.40504, 43.51968 ], [ 2.40017, 43.51777 ], [ 2.39884, 43.51579 ], [ 2.3999, 43.51447 ], [ 2.39801, 43.51155 ], [ 2.39438, 43.51106 ] ] } },
{ "type": "Feature", "properties": { "name": "Ruisseau d'Issalès", "weight_class": 1, "permanent": true, "length_km": 11.0 }, "geometry": { "type": "LineString", "coordinates": [ [ 2.44526, 43.56222 ], [ 2.43919, 43.56453 ], [ 2.43715, 43.56655 ], [ 2.43005, 43.56237 ], [ 2.42555, 43.56173 ], [ 2.41673, 43.55728 ], [ 2.4126, 43.55155 ], [ 2.41225, 43.54761 ], [ 2.40658, 43.5441 ], [ 2.40704, 43.54225 ], [ 2.405, 43.54149 ], [ 2.40388, 43.53615 ], [ 2.4022, 43.53548 ], [ 2.40227, 43.53462 ], [ 2.39885, 43.53503 ], [ 2.39596, 43.53325 ], [ 2.39837, 43.53012 ], [ 2.39687, 43.52806 ], [ 2.39866, 43.52347 ], [ 2.39646, 43.51925 ], [ 2.39423, 43.51794 ], [ 2.39459, 43.51122 ], [ 2.39186, 43.51026 ], [ 2.39132, 43.50913 ], [ 2.38988, 43.50957 ], [ 2.38706, 43.50837 ], [ 2.38543, 43.50884 ], [ 2.38501, 43.51126 ] ] } },
{ "type": "Feature", "properties": { "name": "Ruisseau du Bouyssou", "weight_class": 1, "permanent": true, "length_km": 5.3 }, "geometry": { "type": "LineString", "coordinates": [ [ 2.44759, 43.5569 ], [ 2.44597, 43.55314 ], [ 2.45072, 43.54834 ], [ 2.45169, 43.54521 ], [ 2.44951, 43.54382 ], [ 2.45052, 43.54038 ], [ 2.44974, 43.53921 ], [ 2.45196, 43.53661 ], [ 2.45481, 43.52907 ], [ 2.45385, 43.52721 ], [ 2.45185, 43.52652 ], [ 2.45359, 43.52434 ], [ 2.45204, 43.52383 ], [ 2.45258, 43.5227 ], [ 2.44994, 43.52091 ], [ 2.45119, 43.51813 ] ] } },
{ "type": "Feature", "properties": { "name": "Ruisseau des Pontels", "weight_class": 1, "permanent": true, "length_km": 4.4 }, "geometry": { "type": "LineString", "coordinates": [ [ 2.57693, 43.51913 ], [ 2.56311, 43.51687 ], [ 2.55909, 43.51372 ], [ 2.55601, 43.5128 ], [ 2.55304, 43.5135 ], [ 2.55115, 43.51219 ], [ 2.54735, 43.51213 ], [ 2.54555, 43.51121 ], [ 2.546, 43.50997 ], [ 2.54335, 43.50844 ], [ 2.54361, 43.50466 ], [ 2.54125, 43.50437 ], [ 2.53945, 43.50257 ] ] } },
{ "type": "Feature", "properties": { "name": null, "weight_class": 1, "permanent": true, "length_km": 2.5 }, "geometry": { "type": "LineString", "coordinates": [ [ 2.51979, 43.51693 ], [ 2.52517, 43.50899 ], [ 2.52128, 43.50742 ], [ 2.51927, 43.50525 ], [ 2.51576, 43.50557 ], [ 2.50994, 43.50454 ] ] } },
{ "type": "Feature", "properties": { "name": "Ruisseau de la Jampe", "weight_class": 1, "permanent": true, "length_km": 2.4 }, "geometry": { "type": "LineString", "coordinates": [ [ 2.52798, 43.50895 ], [ 2.52884, 43.50772 ], [ 2.52697, 43.50514 ], [ 2.52838, 43.49753 ], [ 2.52769, 43.49288 ], [ 2.53068, 43.48935 ] ] } },
{ "type": "Feature", "properties": { "name": "Ruisseau de Peyrellès", "weight_class": 1, "permanent": true, "length_km": 8.1 }, "geometry": { "type": "LineString", "coordinates": [ [ 2.5314, 43.52942 ], [ 2.53293, 43.52699 ], [ 2.53444, 43.52655 ], [ 2.53833, 43.51768 ], [ 2.53512, 43.5174 ], [ 2.53318, 43.51503 ], [ 2.53397, 43.51185 ], [ 2.53755, 43.50777 ], [ 2.53958, 43.50277 ], [ 2.53666, 43.50002 ], [ 2.54029, 43.49738 ], [ 2.53509, 43.49117 ], [ 2.53241, 43.49103 ], [ 2.53068, 43.48935 ], [ 2.52958, 43.48277 ], [ 2.53028, 43.48188 ], [ 2.52737, 43.47823 ], [ 2.52979, 43.47355 ] ] } },
{ "type": "Feature", "properties": { "name": "Rec de Bascaud", "weight_class": 1, "permanent": false, "length_km": 2.9 }, "geometry": { "type": "LineString", "coordinates": [ [ 2.49028, 43.50615 ], [ 2.4869, 43.50145 ], [ 2.48411, 43.50072 ], [ 2.48432, 43.49894 ], [ 2.48106, 43.49547 ], [ 2.48018, 43.49236 ], [ 2.48089, 43.49075 ], [ 2.4784, 43.48785 ], [ 2.47939, 43.48462 ] ] } },
{ "type": "Feature", "properties": { "name": "Ruisseau de la Truite", "weight_class": 1, "permanent": true, "length_km": 5.9 }, "geometry": { "type": "LineString", "coordinates": [ [ 2.50531, 43.51833 ], [ 2.5069, 43.51708 ], [ 2.50677, 43.51311 ], [ 2.50859, 43.51209 ], [ 2.50906, 43.51044 ], [ 2.50782, 43.5083 ], [ 2.51007, 43.50431 ], [ 2.51012, 43.50185 ], [ 2.50384, 43.49999 ], [ 2.50054, 43.49795 ], [ 2.50061, 43.49692 ], [ 2.49882, 43.49577 ], [ 2.4989, 43.4941 ], [ 2.49682, 43.49304 ], [ 2.49778, 43.48707 ], [ 2.49371, 43.48553 ], [ 2.49444, 43.4841 ], [ 2.49106, 43.48209 ], [ 2.4868, 43.48242 ] ] } },
{ "type": "Feature", "properties": { "name": "Rec de Carla", "weight_class": 1, "permanent": true, "length_km": 2.1 }, "geometry": { "type": "LineString", "coordinates": [ [ 2.46561, 43.50505 ], [ 2.46666, 43.5033 ], [ 2.46474, 43.50179 ], [ 2.4647, 43.49986 ], [ 2.45765, 43.49041 ], [ 2.45559, 43.48985 ] ] } },
{ "type": "Feature", "properties": { "name": "Ruisseau des Fargues", "weight_class": 1, "permanent": true, "length_km": 2.8 }, "geometry": { "type": "LineString", "coordinates": [ [ 2.4292, 43.52173 ], [ 2.42747, 43.52022 ], [ 2.41279, 43.51757 ], [ 2.40734, 43.51397 ], [ 2.39981, 43.51425 ] ] } },
{ "type": "Feature", "properties": { "name": "Ruisseau des Fontanelles", "weight_class": 1, "permanent": true, "length_km": 3.5 }, "geometry": { "type": "LineString", "coordinates": [ [ 2.59736, 43.50205 ], [ 2.59841, 43.49898 ], [ 2.59742, 43.49719 ], [ 2.60031, 43.4916 ], [ 2.60085, 43.48734 ], [ 2.60438, 43.47859 ], [ 2.60451, 43.47424 ], [ 2.6029, 43.47352 ] ] } },
{ "type": "Feature", "properties": { "name": "Ruisseau de Sarrautric", "weight_class": 1, "permanent": true, "length_km": 2.8 }, "geometry": { "type": "LineString", "coordinates": [ [ 2.57792, 43.48945 ], [ 2.58016, 43.48705 ], [ 2.58766, 43.47122 ], [ 2.58666, 43.47044 ], [ 2.589, 43.46864 ], [ 2.5906, 43.46914 ] ] } },
{ "type": "Feature", "properties": { "name": "Ruisseau de Bonne Montade", "weight_class": 1, "permanent": true, "length_km": 3.3 }, "geometry": { "type": "LineString", "coordinates": [ [ 2.58872, 43.49658 ], [ 2.58737, 43.49015 ], [ 2.58914, 43.47857 ], [ 2.58895, 43.47133 ], [ 2.591, 43.46932 ] ] } },
{ "type": "Feature", "properties": { "name": "Rieu Pégé", "weight_class": 1, "permanent": false, "length_km": 3.4 }, "geometry": { "type": "LineString", "coordinates": [ [ 2.51651, 43.50115 ], [ 2.51784, 43.49859 ], [ 2.51477, 43.49669 ], [ 2.51502, 43.49097 ], [ 2.50744, 43.48595 ], [ 2.50143, 43.4773 ] ] } },
{ "type": "Feature", "properties": { "name": "Ruisseau des Raynauds", "weight_class": 1, "permanent": true, "length_km": 3.1 }, "geometry": { "type": "LineString", "coordinates": [ [ 2.45184, 43.46555 ], [ 2.4485, 43.46843 ], [ 2.45027, 43.47563 ], [ 2.45451, 43.48218 ], [ 2.46211, 43.48704 ], [ 2.46149, 43.48811 ] ] } },
{ "type": "Feature", "properties": { "name": "Ruisseau des Recs", "weight_class": 1, "permanent": false, "length_km": 2.6 }, "geometry": { "type": "LineString", "coordinates": [ [ 2.51038, 43.45782 ], [ 2.51573, 43.45696 ], [ 2.51695, 43.45835 ], [ 2.51886, 43.47522 ] ] } },
{ "type": "Feature", "properties": { "name": "Ruisseau du Baux", "weight_class": 1, "permanent": true, "length_km": 2.6 }, "geometry": { "type": "LineString", "coordinates": [ [ 2.50638, 43.45167 ], [ 2.51705, 43.45282 ], [ 2.51847, 43.45487 ], [ 2.52553, 43.45499 ], [ 2.5316, 43.45908 ], [ 2.53314, 43.45902 ] ] } },
{ "type": "Feature", "properties": { "name": "Ruisseau de la Resse", "weight_class": 1, "permanent": false, "length_km": 4.4 }, "geometry": { "type": "LineString", "coordinates": [ [ 2.49945, 43.43216 ], [ 2.50455, 43.43414 ], [ 2.5111, 43.43966 ], [ 2.51407, 43.44029 ], [ 2.51348, 43.4425 ], [ 2.51459, 43.44496 ], [ 2.52209, 43.44987 ], [ 2.52457, 43.44989 ], [ 2.52466, 43.45096 ], [ 2.52773, 43.45257 ], [ 2.52792, 43.45558 ], [ 2.53057, 43.45748 ] ] } },
{ "type": "Feature", "properties": { "name": "Ruisseau d'Enbarthe", "weight_class": 1, "permanent": true, "length_km": 5.6 }, "geometry": { "type": "LineString", "coordinates": [ [ 2.52191, 43.42555 ], [ 2.52808, 43.42726 ], [ 2.52736, 43.43102 ], [ 2.52917, 43.43291 ], [ 2.52917, 43.43526 ], [ 2.52778, 43.44013 ], [ 2.52948, 43.44176 ], [ 2.52748, 43.44274 ], [ 2.52716, 43.44469 ], [ 2.53006, 43.45044 ], [ 2.53057, 43.45748 ], [ 2.53254, 43.45789 ], [ 2.53521, 43.46009 ], [ 2.54143, 43.46047 ], [ 2.54204, 43.46198 ] ] } },
{ "type": "Feature", "properties": { "name": "Ruisseau de Candesoubre", "weight_class": 2, "permanent": true, "length_km": 14.9 }, "geometry": { "type": "MultiLineString", "coordinates": [ [ [ 2.60814, 43.4332 ], [ 2.60718, 43.43575 ], [ 2.6079, 43.43679 ], [ 2.60406, 43.43969 ], [ 2.60572, 43.44096 ], [ 2.60864, 43.44029 ], [ 2.60784, 43.44332 ], [ 2.60891, 43.44487 ], [ 2.60384, 43.44762 ], [ 2.60058, 43.44748 ], [ 2.59841, 43.45148 ], [ 2.59535, 43.45192 ], [ 2.58864, 43.45112 ], [ 2.58598, 43.44851 ], [ 2.58531, 43.45051 ], [ 2.58379, 43.45039 ], [ 2.58313, 43.44911 ], [ 2.58046, 43.45079 ], [ 2.57722, 43.45061 ], [ 2.57566, 43.45183 ], [ 2.57288, 43.45135 ], [ 2.56944, 43.45629 ], [ 2.56229, 43.4549 ], [ 2.56071, 43.45307 ], [ 2.5553, 43.45462 ], [ 2.55351, 43.45356 ], [ 2.55125, 43.4558 ], [ 2.54864, 43.4554 ], [ 2.54283, 43.45662 ], [ 2.54187, 43.46396 ], [ 2.54019, 43.46667 ], [ 2.53593, 43.4692 ], [ 2.53549, 43.47297 ], [ 2.53392, 43.47335 ], [ 2.53179, 43.47229 ], [ 2.52918, 43.47313 ] ], [ [ 2.57877, 43.42312 ], [ 2.58104, 43.42322 ] ], [ [ 2.58707, 43.42805 ], [ 2.59081, 43.42965 ], [ 2.59584, 43.42918 ], [ 2.59663, 43.43111 ], [ 2.59582, 43.43169 ], [ 2.5975, 43.43323 ], [ 2.59965, 43.43338 ], [ 2.60408, 43.43082 ], [ 2.60674, 43.43144 ], [ 2.60723, 43.43257 ] ] ] } },
{ "type": "Feature", "properties": { "name": "Ruisseau de la Ville", "weight_class": 1, "permanent": true, "length_km": 5.2 }, "geometry": { "type": "LineString", "coordinates": [ [ 2.47323, 43.4426 ], [ 2.47506, 43.44376 ], [ 2.47559, 43.44727 ], [ 2.48312, 43.4534 ], [ 2.48443, 43.45757 ], [ 2.48695, 43.45868 ], [ 2.48732, 43.46297 ], [ 2.49452, 43.46744 ], [ 2.4959, 43.46951 ], [ 2.49613, 43.47423 ], [ 2.49111, 43.47878 ] ] } },
{ "type": "Feature", "properties": { "name": "le Rieuvergnet", "weight_class": 1, "permanent": true, "length_km": 5.8 }, "geometry": { "type": "LineString", "coordinates": [ [ 2.4786, 43.43936 ], [ 2.48373, 43.44194 ], [ 2.48507, 43.44377 ], [ 2.49412, 43.44709 ], [ 2.49701, 43.45449 ], [ 2.49483, 43.45741 ], [ 2.49566, 43.46087 ], [ 2.49757, 43.46224 ], [ 2.49817, 43.4642 ], [ 2.50074, 43.46531 ], [ 2.50221, 43.46899 ], [ 2.50694, 43.46999 ], [ 2.50776, 43.47212 ], [ 2.50669, 43.47338 ], [ 2.50922, 43.47567 ] ] } },
{ "type": "Feature", "properties": { "name": "Ruisseau de la Cave", "weight_class": 2, "permanent": true, "length_km": 2.2 }, "geometry": { "type": "LineString", "coordinates": [ [ 2.5051, 43.45583 ], [ 2.508, 43.46386 ], [ 2.51065, 43.4663 ], [ 2.51157, 43.47207 ], [ 2.51083, 43.47358 ] ] } },
{ "type": "Feature", "properties": { "name": "Ruisseau de la Trille", "weight_class": 1, "permanent": true, "length_km": 3.0 }, "geometry": { "type": "LineString", "coordinates": [ [ 2.43691, 43.46892 ], [ 2.43756, 43.47252 ], [ 2.4399, 43.47453 ], [ 2.44027, 43.47713 ], [ 2.44283, 43.48017 ], [ 2.44132, 43.48528 ], [ 2.44365, 43.49294 ] ] } },
{ "type": "Feature", "properties": { "name": "Ruisseau de Lestrèpe", "weight_class": 1, "permanent": true, "length_km": 4.6 }, "geometry": { "type": "LineString", "coordinates": [ [ 2.4465, 43.4553 ], [ 2.4475, 43.46043 ], [ 2.44461, 43.46272 ], [ 2.44632, 43.46865 ], [ 2.44362, 43.47304 ], [ 2.4447, 43.47624 ], [ 2.44418, 43.4795 ], [ 2.45107, 43.4853 ], [ 2.45422, 43.49063 ] ] } },
{ "type": "Feature", "properties": { "name": "Ruisseau des Esclayracs", "weight_class": 1, "permanent": true, "length_km": 5.6 }, "geometry": { "type": "LineString", "coordinates": [ [ 2.46851, 43.44309 ], [ 2.46895, 43.44454 ], [ 2.46688, 43.44629 ], [ 2.46641, 43.44839 ], [ 2.46752, 43.45112 ], [ 2.471, 43.45364 ], [ 2.47291, 43.45385 ], [ 2.47233, 43.45541 ], [ 2.47337, 43.45649 ], [ 2.47104, 43.45873 ], [ 2.47394, 43.46626 ], [ 2.47202, 43.47154 ], [ 2.47514, 43.47289 ], [ 2.47653, 43.47487 ], [ 2.48366, 43.47997 ], [ 2.48713, 43.48078 ] ] } },
{ "type": "Feature", "properties": { "name": "Ruisseau de Rieucros", "weight_class": 1, "permanent": true, "length_km": 2.6 }, "geometry": { "type": "LineString", "coordinates": [ [ 2.43066, 43.47101 ], [ 2.4309, 43.47626 ], [ 2.42727, 43.48737 ], [ 2.42905, 43.48948 ], [ 2.42906, 43.49224 ] ] } },
{ "type": "Feature", "properties": { "name": "Ruisseau de Galinas", "weight_class": 1, "permanent": true, "length_km": 4.9 }, "geometry": { "type": "LineString", "coordinates": [ [ 2.56182, 43.42378 ], [ 2.55909, 43.42468 ], [ 2.55306, 43.43092 ], [ 2.55358, 43.43277 ], [ 2.55064, 43.43651 ], [ 2.55139, 43.43799 ], [ 2.55394, 43.43886 ], [ 2.55013, 43.44254 ], [ 2.54833, 43.44307 ], [ 2.54833, 43.44622 ], [ 2.54369, 43.4496 ], [ 2.54356, 43.45081 ], [ 2.5461, 43.45362 ], [ 2.54582, 43.45649 ] ] } },
{ "type": "Feature", "properties": { "name": "Ruisseau de la Bagasse de Granié", "weight_class": 1, "permanent": false, "length_km": 2.1 }, "geometry": { "type": "LineString", "coordinates": [ [ 2.56468, 43.4392 ], [ 2.56813, 43.44686 ], [ 2.56682, 43.45134 ], [ 2.56922, 43.45356 ], [ 2.5686, 43.4562 ] ] } },
{ "type": "Feature", "properties": { "name": "Ruisseau de Bounoneït", "weight_class": 1, "permanent": true, "length_km": 2.5 }, "geometry": { "type": "LineString", "coordinates": [ [ 2.57443, 43.43339 ], [ 2.58086, 43.43489 ], [ 2.58265, 43.43667 ], [ 2.58355, 43.44025 ], [ 2.58285, 43.44193 ], [ 2.58668, 43.44548 ], [ 2.5833, 43.44923 ] ] } },
{ "type": "Feature", "properties": { "name": "le Rieumajou/Ruisseau de Combe Escure", "weight_class": 1, "permanent": true, "length_km": 5.5 }, "geometry": { "type": "MultiLineString", "coordinates": [ [ [ 2.4232, 43.43081 ], [ 2.42005, 43.42805 ], [ 2.41888, 43.42852 ], [ 2.40907, 43.42501 ], [ 2.40319, 43.42473 ] ], [ [ 2.4591, 43.43286 ], [ 2.45707, 43.43327 ], [ 2.45223, 43.43186 ], [ 2.44548, 43.43385 ], [ 2.43793, 43.43423 ], [ 2.43475, 43.43528 ], [ 2.43284, 43.4342 ], [ 2.43179, 43.4355 ], [ 2.42861, 43.43573 ], [ 2.42376, 43.4316 ] ] ] } },
{ "type": "Feature", "properties": { "name": "le Lézert", "weight_class": 2, "permanent": true, "length_km": 2.3 }, "geometry": { "type": "LineString", "coordinates": [ [ 2.20781, 44.17526 ], [ 2.20559, 44.17558 ], [ 2.20432, 44.17249 ], [ 2.20582, 44.17014 ], [ 2.20192, 44.16896 ], [ 2.20233, 44.1665 ], [ 2.19685, 44.16389 ], [ 2.19736, 44.16253 ] ] } },
{ "type": "Feature", "properties": { "name": "le Lieux", "weight_class": 1, "permanent": true, "length_km": 5.3 }, "geometry": { "type": "MultiLineString", "coordinates": [ [ [ 2.26082, 44.14548 ], [ 2.26154, 44.1437 ], [ 2.26006, 44.14309 ], [ 2.25984, 44.14452 ], [ 2.25925, 44.1434 ], [ 2.25702, 44.1427 ], [ 2.2548, 44.14328 ], [ 2.25447, 44.14056 ], [ 2.25055, 44.13839 ], [ 2.24928, 44.13905 ], [ 2.24681, 44.13819 ], [ 2.24426, 44.13485 ] ], [ [ 2.28483, 44.14546 ], [ 2.28064, 44.14501 ], [ 2.27927, 44.14564 ], [ 2.27734, 44.14496 ], [ 2.27658, 44.1469 ], [ 2.2752, 44.14666 ], [ 2.2717, 44.14816 ], [ 2.26756, 44.1445 ], [ 2.26211, 44.14559 ] ] ] } },
{ "type": "Feature", "properties": { "name": "Ruisseau de Pourcassès", "weight_class": 1, "permanent": true, "length_km": 3.0 }, "geometry": { "type": "LineString", "coordinates": [ [ 2.23936, 44.15931 ], [ 2.23834, 44.15937 ], [ 2.23657, 44.1573 ], [ 2.23508, 44.15733 ], [ 2.23237, 44.15456 ], [ 2.22719, 44.15433 ], [ 2.22486, 44.15217 ], [ 2.21968, 44.15185 ], [ 2.21867, 44.15108 ], [ 2.21338, 44.15188 ], [ 2.21153, 44.15021 ] ] } },
{ "type": "Feature", "properties": { "name": "Ruisseau la Souque", "weight_class": 1, "permanent": true, "length_km": 2.6 }, "geometry": { "type": "LineString", "coordinates": [ [ 2.3982, 44.01594 ], [ 2.40376, 44.00996 ], [ 2.40923, 44.00643 ], [ 2.41291, 44.00534 ], [ 2.41758, 44.00062 ], [ 2.41751, 43.9994 ] ] } },
{ "type": "Feature", "properties": { "name": "Ruisseau de Braigots", "weight_class": 1, "permanent": true, "length_km": 2.0 }, "geometry": { "type": "LineString", "coordinates": [ [ 2.29147, 44.0147 ], [ 2.2921, 44.01682 ], [ 2.29534, 44.01945 ], [ 2.29598, 44.02262 ], [ 2.29407, 44.02491 ], [ 2.29449, 44.03093 ] ] } },
{ "type": "Feature", "properties": { "name": "Ruisseau de l'Albarié et de Cabanettes", "weight_class": 1, "permanent": true, "length_km": 3.0 }, "geometry": { "type": "LineString", "coordinates": [ [ 2.34209, 44.0784 ], [ 2.33635, 44.08315 ], [ 2.33212, 44.08924 ], [ 2.33403, 44.09463 ], [ 2.33267, 44.09712 ], [ 2.32919, 44.09972 ], [ 2.32897, 44.10114 ] ] } },
{ "type": "Feature", "properties": { "name": "Ruisseau de Blaunauze", "weight_class": 1, "permanent": true, "length_km": 6.9 }, "geometry": { "type": "LineString", "coordinates": [ [ 2.38674, 44.01658 ], [ 2.37965, 44.01581 ], [ 2.36901, 44.01774 ], [ 2.35713, 44.01774 ], [ 2.35438, 44.01849 ], [ 2.35383, 44.01973 ], [ 2.35032, 44.02151 ], [ 2.34465, 44.02297 ], [ 2.3426, 44.0224 ], [ 2.34096, 44.02392 ], [ 2.33965, 44.02337 ], [ 2.33499, 44.02505 ], [ 2.33198, 44.02335 ], [ 2.32817, 44.02278 ], [ 2.32595, 44.02394 ], [ 2.32116, 44.02408 ], [ 2.31899, 44.02543 ], [ 2.317, 44.0249 ], [ 2.31527, 44.02561 ], [ 2.31412, 44.02465 ] ] } },
{ "type": "Feature", "properties": { "name": "Ruisseau de Gaulène", "weight_class": 1, "permanent": true, "length_km": 3.7 }, "geometry": { "type": "LineString", "coordinates": [ [ 2.34132, 44.00677 ], [ 2.33969, 44.0083 ], [ 2.3316, 44.01064 ], [ 2.32678, 44.011 ], [ 2.3257, 44.01349 ], [ 2.32163, 44.01562 ], [ 2.31531, 44.02145 ], [ 2.31463, 44.02423 ], [ 2.31295, 44.02491 ], [ 2.3122, 44.02696 ] ] } },
{ "type": "Feature", "properties": { "name": null, "weight_class": 1, "permanent": true, "length_km": 2.9 }, "geometry": { "type": "LineString", "coordinates": [ [ 2.28058, 44.10609 ], [ 2.28312, 44.10528 ], [ 2.28922, 44.10557 ], [ 2.29298, 44.09809 ], [ 2.29264, 44.09712 ], [ 2.28945, 44.0963 ], [ 2.28678, 44.09354 ], [ 2.28597, 44.09018 ] ] } },
{ "type": "Feature", "properties": { "name": null, "weight_class": 1, "permanent": true, "length_km": 2.0 }, "geometry": { "type": "LineString", "coordinates": [ [ 2.27061, 44.1027 ], [ 2.26708, 44.1005 ], [ 2.26195, 44.09931 ], [ 2.25652, 44.09477 ], [ 2.25491, 44.0921 ], [ 2.25314, 44.09151 ] ] } },
{ "type": "Feature", "properties": { "name": null, "weight_class": 1, "permanent": false, "length_km": 2.5 }, "geometry": { "type": "LineString", "coordinates": [ [ 2.30417, 44.10252 ], [ 2.30797, 44.10172 ], [ 2.30979, 44.10371 ], [ 2.30866, 44.1133 ], [ 2.30485, 44.11798 ], [ 2.30568, 44.11907 ] ] } },
{ "type": "Feature", "properties": { "name": null, "weight_class": 1, "permanent": false, "length_km": 2.4 }, "geometry": { "type": "LineString", "coordinates": [ [ 2.34714, 44.07459 ], [ 2.34951, 44.06882 ], [ 2.35349, 44.06536 ], [ 2.35345, 44.06298 ], [ 2.35916, 44.06018 ], [ 2.3591, 44.05752 ] ] } },
{ "type": "Feature", "properties": { "name": null, "weight_class": 1, "permanent": true, "length_km": 2.3 }, "geometry": { "type": "LineString", "coordinates": [ [ 2.40576, 44.0235 ], [ 2.39058, 44.02577 ], [ 2.38598, 44.02727 ], [ 2.38429, 44.02875 ], [ 2.38485, 44.03031 ], [ 2.38367, 44.03135 ] ] } },
{ "type": "Feature", "properties": { "name": null, "weight_class": 1, "permanent": false, "length_km": 2.2 }, "geometry": { "type": "LineString", "coordinates": [ [ 2.3514, 44.07416 ], [ 2.3593, 44.06933 ], [ 2.36384, 44.06804 ], [ 2.36466, 44.06466 ], [ 2.36768, 44.06271 ], [ 2.37073, 44.06253 ] ] } },
{ "type": "Feature", "properties": { "name": null, "weight_class": 1, "permanent": true, "length_km": 2.7 }, "geometry": { "type": "LineString", "coordinates": [ [ 2.38927, 44.09374 ], [ 2.3899, 44.09024 ], [ 2.40011, 44.08363 ], [ 2.40234, 44.08312 ], [ 2.40108, 44.08187 ], [ 2.40182, 44.07571 ] ] } },
{ "type": "Feature", "properties": { "name": null, "weight_class": 1, "permanent": false, "length_km": 2.1 }, "geometry": { "type": "LineString", "coordinates": [ [ 2.27823, 44.05609 ], [ 2.27817, 44.0572 ], [ 2.27248, 44.06148 ], [ 2.26771, 44.06345 ], [ 2.26154, 44.06908 ] ] } },
{ "type": "Feature", "properties": { "name": null, "weight_class": 1, "permanent": true, "length_km": 2.3 }, "geometry": { "type": "LineString", "coordinates": [ [ 2.28584, 44.0173 ], [ 2.28409, 44.02235 ], [ 2.2851, 44.02383 ], [ 2.28453, 44.02734 ], [ 2.28285, 44.0288 ], [ 2.27616, 44.03128 ], [ 2.27457, 44.03401 ] ] } },
{ "type": "Feature", "properties": { "name": null, "weight_class": 2, "permanent": true, "length_km": 3.2 }, "geometry": { "type": "LineString", "coordinates": [ [ 2.26738, 44.05885 ], [ 2.25758, 44.056 ], [ 2.25289, 44.05548 ], [ 2.25111, 44.05348 ], [ 2.24314, 44.05002 ], [ 2.24101, 44.0447 ], [ 2.24166, 44.04266 ] ] } },
{ "type": "Feature", "properties": { "name": null, "weight_class": 1, "permanent": true, "length_km": 2.1 }, "geometry": { "type": "LineString", "coordinates": [ [ 2.24187, 44.01122 ], [ 2.23655, 44.0054 ], [ 2.2398, 44.00123 ], [ 2.23907, 43.99903 ], [ 2.24067, 43.99593 ] ] } },
{ "type": "Feature", "properties": { "name": null, "weight_class": 1, "permanent": true, "length_km": 2.8 }, "geometry": { "type": "LineString", "coordinates": [ [ 2.33003, 44.08541 ], [ 2.32367, 44.09507 ], [ 2.3177, 44.09594 ], [ 2.31297, 44.0938 ], [ 2.3112, 44.09531 ], [ 2.30733, 44.09453 ] ] } },
{ "type": "Feature", "properties": { "name": "Ruisseau de la Gasquié", "weight_class": 1, "permanent": true, "length_km": 5.7 }, "geometry": { "type": "LineString", "coordinates": [ [ 2.34381, 44.08382 ], [ 2.34465, 44.08625 ], [ 2.34702, 44.0881 ], [ 2.34598, 44.09276 ], [ 2.34232, 44.09298 ], [ 2.33958, 44.0944 ], [ 2.33628, 44.09855 ], [ 2.32981, 44.10032 ], [ 2.32633, 44.10423 ], [ 2.32165, 44.10689 ], [ 2.32226, 44.1104 ], [ 2.32071, 44.11182 ], [ 2.32046, 44.11394 ], [ 2.31866, 44.11384 ], [ 2.31536, 44.11741 ], [ 2.31274, 44.11852 ] ] } },
{ "type": "Feature", "properties": { "name": "Ruisseau de Durmes", "weight_class": 1, "permanent": true, "length_km": 4.3 }, "geometry": { "type": "MultiLineString", "coordinates": [ [ [ 2.34081, 44.11122 ], [ 2.34167, 44.11239 ], [ 2.33929, 44.11345 ], [ 2.33782, 44.11503 ], [ 2.33827, 44.11591 ], [ 2.33589, 44.11643 ], [ 2.33756, 44.118 ], [ 2.3353, 44.11859 ], [ 2.33477, 44.12022 ], [ 2.334, 44.1196 ], [ 2.33302, 44.12017 ], [ 2.33217, 44.12322 ] ], [ [ 2.36132, 44.10108 ], [ 2.35903, 44.10096 ], [ 2.35681, 44.10244 ] ], [ [ 2.37393, 44.08732 ], [ 2.37296, 44.09158 ], [ 2.36508, 44.09924 ] ] ] } },
{ "type": "Feature", "properties": { "name": "le Céret", "weight_class": 1, "permanent": true, "length_km": 29.0 }, "geometry": { "type": "LineString", "coordinates": [ [ 2.3375, 44.07842 ], [ 2.32995, 44.08064 ], [ 2.3238, 44.08116 ], [ 2.32119, 44.08053 ], [ 2.31577, 44.08137 ], [ 2.31449, 44.08466 ], [ 2.31019, 44.08816 ], [ 2.31097, 44.0905 ], [ 2.30816, 44.0938 ], [ 2.30253, 44.09529 ], [ 2.29516, 44.09412 ], [ 2.28164, 44.08897 ], [ 2.28045, 44.08762 ], [ 2.27611, 44.08652 ], [ 2.27052, 44.08619 ], [ 2.269, 44.087 ], [ 2.26895, 44.08841 ], [ 2.26618, 44.08861 ], [ 2.26324, 44.08674 ], [ 2.25767, 44.09038 ], [ 2.25417, 44.08993 ], [ 2.25352, 44.09128 ], [ 2.25187, 44.0917 ], [ 2.25029, 44.08943 ], [ 2.24752, 44.08796 ], [ 2.24431, 44.08877 ], [ 2.24277, 44.08708 ], [ 2.23943, 44.08573 ], [ 2.23187, 44.08903 ], [ 2.23072, 44.08754 ], [ 2.22864, 44.08921 ], [ 2.22692, 44.08713 ], [ 2.22706, 44.0847 ], [ 2.2261, 44.08443 ], [ 2.22282, 44.08682 ], [ 2.21416, 44.08723 ], [ 2.21052, 44.08859 ], [ 2.21009, 44.08631 ], [ 2.20632, 44.0869 ], [ 2.20108, 44.0838 ], [ 2.19927, 44.0845 ], [ 2.19702, 44.08306 ], [ 2.19312, 44.08357 ], [ 2.19241, 44.08135 ], [ 2.18562, 44.08314 ], [ 2.18434, 44.0827 ], [ 2.18526, 44.08149 ], [ 2.18314, 44.0822 ], [ 2.18265, 44.08049 ], [ 2.18003, 44.08223 ], [ 2.17625, 44.08027 ], [ 2.16717, 44.08269 ], [ 2.16442, 44.08036 ], [ 2.16161, 44.08112 ], [ 2.15589, 44.08066 ], [ 2.14004, 44.0819 ], [ 2.1367, 44.08321 ], [ 2.13677, 44.08397 ], [ 2.13269, 44.08319 ], [ 2.12994, 44.08393 ], [ 2.12646, 44.08304 ], [ 2.1229, 44.08457 ], [ 2.11794, 44.08381 ], [ 2.11619, 44.08524 ], [ 2.11302, 44.08434 ], [ 2.1111, 44.08595 ], [ 2.10819, 44.08622 ], [ 2.10893, 44.08781 ], [ 2.10789, 44.08902 ], [ 2.10362, 44.08981 ], [ 2.10243, 44.08912 ], [ 2.10278, 44.08728 ], [ 2.09999, 44.08458 ], [ 2.09737, 44.08562 ], [ 2.09651, 44.08328 ], [ 2.09505, 44.08287 ], [ 2.09183, 44.08393 ], [ 2.08933, 44.08362 ], [ 2.08918, 44.08262 ], [ 2.08757, 44.08301 ], [ 2.08828, 44.08056 ], [ 2.08332, 44.0804 ], [ 2.08307, 44.0772 ] ] } },
{ "type": "Feature", "properties": { "name": "Ruisseau des Couailles", "weight_class": 1, "permanent": true, "length_km": 2.4 }, "geometry": { "type": "LineString", "coordinates": [ [ 2.25311, 44.10631 ], [ 2.24671, 44.10893 ], [ 2.24476, 44.10854 ], [ 2.24342, 44.10659 ], [ 2.23919, 44.10456 ], [ 2.23721, 44.1053 ], [ 2.2354, 44.10431 ], [ 2.22892, 44.10463 ] ] } },
{ "type": "Feature", "properties": { "name": "Ruisseau de Ségrassiès/Ruisseau de la Lande", "weight_class": 1, "permanent": false, "length_km": 5.7 }, "geometry": { "type": "LineString", "coordinates": [ [ 2.24783, 44.11526 ], [ 2.24373, 44.11711 ], [ 2.23966, 44.11647 ], [ 2.23765, 44.11502 ], [ 2.23354, 44.10793 ], [ 2.22915, 44.10537 ], [ 2.22806, 44.10244 ], [ 2.22484, 44.10069 ], [ 2.22471, 44.09838 ], [ 2.22223, 44.09807 ], [ 2.2225, 44.09672 ], [ 2.22053, 44.09604 ], [ 2.2205, 44.09514 ], [ 2.21797, 44.09523 ], [ 2.21877, 44.09425 ], [ 2.21689, 44.09345 ], [ 2.21799, 44.09225 ], [ 2.2159, 44.09185 ], [ 2.2151, 44.09062 ], [ 2.21678, 44.08965 ], [ 2.21408, 44.08939 ], [ 2.2125, 44.08809 ] ] } },
{ "type": "Feature", "properties": { "name": "Ruisseau d'Andouquette", "weight_class": 1, "permanent": true, "length_km": 6.2 }, "geometry": { "type": "LineString", "coordinates": [ [ 2.33375, 44.07195 ], [ 2.33101, 44.0694 ], [ 2.32391, 44.06634 ], [ 2.32295, 44.06414 ], [ 2.31766, 44.06154 ], [ 2.31688, 44.05971 ], [ 2.31441, 44.05932 ], [ 2.3117, 44.0551 ], [ 2.31238, 44.05305 ], [ 2.31148, 44.05005 ], [ 2.31004, 44.04935 ], [ 2.31042, 44.0476 ], [ 2.30856, 44.04631 ], [ 2.30783, 44.03907 ], [ 2.30515, 44.03868 ], [ 2.30625, 44.03762 ], [ 2.30449, 44.03736 ], [ 2.30202, 44.03282 ] ] } },
{ "type": "Feature", "properties": { "name": "Ruisseau de Merderié", "weight_class": 1, "permanent": true, "length_km": 3.7 }, "geometry": { "type": "LineString", "coordinates": [ [ 2.35119, 44.08255 ], [ 2.35384, 44.08221 ], [ 2.35701, 44.08314 ], [ 2.36067, 44.08224 ], [ 2.36251, 44.08027 ], [ 2.36779, 44.07792 ], [ 2.37683, 44.07176 ], [ 2.37891, 44.06953 ], [ 2.37731, 44.06887 ], [ 2.38089, 44.06824 ], [ 2.38081, 44.06683 ] ] } },
{ "type": "Feature", "properties": { "name": null, "weight_class": 1, "permanent": true, "length_km": 2.5 }, "geometry": { "type": "LineString", "coordinates": [ [ 2.28819, 44.07936 ], [ 2.28231, 44.07769 ], [ 2.2761, 44.07793 ], [ 2.2693, 44.07357 ], [ 2.26521, 44.0731 ], [ 2.26432, 44.07101 ] ] } },
{ "type": "Feature", "properties": { "name": "le Céroc", "weight_class": 1, "permanent": true, "length_km": 17.9 }, "geometry": { "type": "LineString", "coordinates": [ [ 2.31216, 44.0641 ], [ 2.30812, 44.06711 ], [ 2.30683, 44.0711 ], [ 2.30507, 44.07254 ], [ 2.2997, 44.07214 ], [ 2.29668, 44.07371 ], [ 2.28717, 44.07235 ], [ 2.28437, 44.07008 ], [ 2.28518, 44.06903 ], [ 2.28354, 44.06735 ], [ 2.27932, 44.0691 ], [ 2.27799, 44.06768 ], [ 2.27114, 44.06642 ], [ 2.26695, 44.07025 ], [ 2.26339, 44.07107 ], [ 2.26289, 44.07015 ], [ 2.26131, 44.07005 ], [ 2.26154, 44.06908 ], [ 2.25943, 44.06958 ], [ 2.25827, 44.06861 ], [ 2.25572, 44.06934 ], [ 2.25116, 44.06821 ], [ 2.24644, 44.06823 ], [ 2.24558, 44.06916 ], [ 2.24349, 44.069 ], [ 2.23964, 44.07055 ], [ 2.23432, 44.07033 ], [ 2.23367, 44.06965 ], [ 2.22968, 44.06996 ], [ 2.22464, 44.06796 ], [ 2.22198, 44.06917 ], [ 2.21761, 44.06776 ], [ 2.2163, 44.06864 ], [ 2.21237, 44.0682 ], [ 2.21138, 44.0673 ], [ 2.20757, 44.06829 ], [ 2.20425, 44.06741 ], [ 2.2017, 44.06895 ], [ 2.19958, 44.06904 ], [ 2.19878, 44.07041 ], [ 2.19543, 44.07031 ], [ 2.19243, 44.06817 ], [ 2.19086, 44.06809 ], [ 2.19058, 44.0668 ], [ 2.18813, 44.06695 ], [ 2.18809, 44.06519 ], [ 2.18529, 44.06496 ], [ 2.18658, 44.06369 ], [ 2.18651, 44.06061 ], [ 2.18478, 44.05844 ], [ 2.18039, 44.05948 ], [ 2.17988, 44.05689 ], [ 2.17579, 44.05782 ], [ 2.17593, 44.05681 ], [ 2.17873, 44.05606 ], [ 2.17774, 44.05508 ], [ 2.17589, 44.05615 ], [ 2.17258, 44.05426 ], [ 2.16838, 44.05566 ], [ 2.16185, 44.05224 ] ] } },
{ "type": "Feature", "properties": { "name": "le Boutescure", "weight_class": 1, "permanent": true, "length_km": 14.8 }, "geometry": { "type": "LineString", "coordinates": [ [ 2.46649, 44.03396 ], [ 2.46324, 44.03329 ], [ 2.45907, 44.03442 ], [ 2.4544, 44.03422 ], [ 2.44617, 44.03552 ], [ 2.43759, 44.03417 ], [ 2.43192, 44.03069 ], [ 2.42837, 44.02968 ], [ 2.42114, 44.02908 ], [ 2.41643, 44.02974 ], [ 2.4145, 44.03161 ], [ 2.4126, 44.03174 ], [ 2.41132, 44.03377 ], [ 2.40799, 44.03555 ], [ 2.40746, 44.03714 ], [ 2.40247, 44.03714 ], [ 2.39996, 44.03552 ], [ 2.39804, 44.03614 ], [ 2.38903, 44.03251 ], [ 2.38444, 44.03224 ], [ 2.38325, 44.03113 ], [ 2.37983, 44.03125 ], [ 2.37862, 44.03255 ], [ 2.37521, 44.03296 ], [ 2.37326, 44.03204 ], [ 2.36568, 44.03235 ], [ 2.3647, 44.03036 ], [ 2.36164, 44.03208 ], [ 2.35735, 44.0314 ], [ 2.35584, 44.03209 ], [ 2.35424, 44.03088 ], [ 2.35586, 44.0293 ], [ 2.35333, 44.02961 ], [ 2.35228, 44.03114 ], [ 2.34988, 44.02912 ], [ 2.34508, 44.03134 ], [ 2.3429, 44.02994 ], [ 2.34148, 44.03194 ], [ 2.33546, 44.03273 ], [ 2.33483, 44.03438 ], [ 2.33339, 44.03478 ], [ 2.33123, 44.03385 ], [ 2.32932, 44.03498 ], [ 2.32774, 44.03431 ], [ 2.32313, 44.03486 ] ] } },
{ "type": "Feature", "properties": { "name": "le Farruel", "weight_class": 1, "permanent": true, "length_km": 10.0 }, "geometry": { "type": "MultiLineString", "coordinates": [ [ [ 2.4419, 44.05343 ], [ 2.43735, 44.05245 ], [ 2.43498, 44.05328 ], [ 2.43001, 44.05292 ], [ 2.42792, 44.05444 ], [ 2.42523, 44.05349 ], [ 2.41996, 44.05368 ], [ 2.41883, 44.05455 ], [ 2.41583, 44.05438 ], [ 2.41069, 44.05581 ], [ 2.40716, 44.05507 ], [ 2.40564, 44.05641 ], [ 2.40438, 44.05522 ], [ 2.39962, 44.05555 ], [ 2.39702, 44.05486 ], [ 2.39264, 44.05556 ], [ 2.38481, 44.05477 ], [ 2.38262, 44.05641 ], [ 2.3801, 44.05482 ], [ 2.37758, 44.05587 ], [ 2.37421, 44.05518 ], [ 2.37253, 44.05389 ], [ 2.36932, 44.0544 ], [ 2.36886, 44.05164 ], [ 2.36547, 44.05176 ], [ 2.36374, 44.04995 ], [ 2.35935, 44.05175 ], [ 2.35891, 44.05332 ] ], [ [ 2.46068, 44.05028 ], [ 2.45972, 44.0515 ], [ 2.4553, 44.05042 ], [ 2.45165, 44.05245 ], [ 2.44968, 44.05284 ], [ 2.44748, 44.05204 ], [ 2.44625, 44.05263 ] ] ] } },
{ "type": "Feature", "properties": { "name": "Riou Nègre", "weight_class": 2, "permanent": true, "length_km": 4.2 }, "geometry": { "type": "LineString", "coordinates": [ [ 2.29812, 44.0574 ], [ 2.29354, 44.05472 ], [ 2.29056, 44.05148 ], [ 2.28727, 44.05051 ], [ 2.28276, 44.05092 ], [ 2.28115, 44.04844 ], [ 2.27601, 44.04583 ], [ 2.27186, 44.04483 ], [ 2.2678, 44.04555 ], [ 2.2643, 44.04229 ], [ 2.26364, 44.0377 ] ] } },
{ "type": "Feature", "properties": { "name": "Ruisseau de Bouldouyre", "weight_class": 1, "permanent": true, "length_km": 5.1 }, "geometry": { "type": "LineString", "coordinates": [ [ 2.39724, 44.00565 ], [ 2.3982, 44.00047 ], [ 2.39223, 43.99715 ], [ 2.38826, 43.99646 ], [ 2.38304, 43.99413 ], [ 2.37807, 43.9902 ], [ 2.37884, 43.98851 ], [ 2.37807, 43.9871 ], [ 2.37677, 43.98598 ], [ 2.37233, 43.9852 ], [ 2.37281, 43.98273 ], [ 2.37079, 43.98274 ], [ 2.37047, 43.98076 ], [ 2.36522, 43.97953 ], [ 2.36617, 43.97841 ], [ 2.36519, 43.97791 ] ] } },
{ "type": "Feature", "properties": { "name": "Ruisseau d'Aygou", "weight_class": 2, "permanent": true, "length_km": 16.1 }, "geometry": { "type": "LineString", "coordinates": [ [ 2.39394, 44.00929 ], [ 2.39007, 44.00882 ], [ 2.38822, 44.00773 ], [ 2.37593, 44.00734 ], [ 2.37426, 44.00536 ], [ 2.37445, 44.0036 ], [ 2.37221, 44.00222 ], [ 2.37162, 43.99979 ], [ 2.37043, 43.99975 ], [ 2.36864, 43.99732 ], [ 2.35838, 43.99516 ], [ 2.35515, 43.9879 ], [ 2.36176, 43.97967 ], [ 2.36382, 43.9794 ], [ 2.36543, 43.97737 ], [ 2.36711, 43.97709 ], [ 2.36734, 43.97415 ], [ 2.364, 43.97358 ], [ 2.36359, 43.9715 ], [ 2.36682, 43.96923 ], [ 2.36257, 43.96853 ], [ 2.36147, 43.96911 ], [ 2.36008, 43.96819 ], [ 2.36246, 43.96781 ], [ 2.36045, 43.96632 ], [ 2.35895, 43.96646 ], [ 2.35966, 43.96453 ], [ 2.35556, 43.96476 ], [ 2.35615, 43.96258 ], [ 2.3541, 43.96335 ], [ 2.35448, 43.96168 ], [ 2.35192, 43.96116 ], [ 2.35195, 43.95984 ], [ 2.34826, 43.95971 ], [ 2.3478, 43.9583 ], [ 2.34599, 43.95843 ], [ 2.34821, 43.95705 ], [ 2.34692, 43.95628 ], [ 2.34564, 43.95188 ], [ 2.34743, 43.95111 ], [ 2.34591, 43.95106 ], [ 2.34543, 43.95009 ], [ 2.34558, 43.94875 ], [ 2.34677, 43.94847 ], [ 2.34465, 43.94504 ], [ 2.34547, 43.94307 ], [ 2.34311, 43.94101 ], [ 2.34009, 43.94117 ], [ 2.33791, 43.93933 ], [ 2.33381, 43.93854 ], [ 2.33428, 43.93783 ], [ 2.33091, 43.93325 ] ] } },
{ "type": "Feature", "properties": { "name": "Ruisseau de Juéry", "weight_class": 1, "permanent": false, "length_km": 2.2 }, "geometry": { "type": "LineString", "coordinates": [ [ 2.35586, 44.01253 ], [ 2.35516, 44.00593 ], [ 2.35834, 44.0039 ], [ 2.35941, 44.00124 ], [ 2.35908, 43.9954 ] ] } },
{ "type": "Feature", "properties": { "name": "Ruisseau de Guithou", "weight_class": 1, "permanent": false, "length_km": 6.2 }, "geometry": { "type": "LineString", "coordinates": [ [ 2.2794, 44.01075 ], [ 2.28085, 44.00924 ], [ 2.2802, 44.00744 ], [ 2.28119, 44.00496 ], [ 2.28567, 44.00269 ], [ 2.2871, 43.99819 ], [ 2.28532, 43.99691 ], [ 2.28561, 43.99317 ], [ 2.28401, 43.99001 ], [ 2.28528, 43.98866 ], [ 2.28286, 43.97985 ], [ 2.2814, 43.97811 ], [ 2.28202, 43.9756 ], [ 2.27935, 43.9737 ], [ 2.2788, 43.97183 ], [ 2.28016, 43.96975 ], [ 2.27882, 43.96904 ], [ 2.2786, 43.96748 ], [ 2.27975, 43.96684 ], [ 2.27915, 43.96386 ] ] } },
{ "type": "Feature", "properties": { "name": "Ruisseau de Marguestautes", "weight_class": 2, "permanent": true, "length_km": 5.6 }, "geometry": { "type": "LineString", "coordinates": [ [ 2.28129, 44.01527 ], [ 2.26938, 44.01929 ], [ 2.26626, 44.02163 ], [ 2.25858, 44.02143 ], [ 2.25355, 44.02349 ], [ 2.25218, 44.02504 ], [ 2.24826, 44.02561 ], [ 2.24483, 44.0283 ], [ 2.24169, 44.02866 ], [ 2.22935, 44.03486 ], [ 2.22805, 44.0376 ], [ 2.22976, 44.03851 ] ] } },
{ "type": "Feature", "properties": { "name": "Ruisseau de Coules", "weight_class": 1, "permanent": true, "length_km": 15.4 }, "geometry": { "type": "LineString", "coordinates": [ [ 2.27028, 44.01296 ], [ 2.26812, 44.01479 ], [ 2.26563, 44.01416 ], [ 2.26453, 44.01216 ], [ 2.26503, 44.00931 ], [ 2.26201, 44.00711 ], [ 2.26193, 44.0053 ], [ 2.25967, 44.00313 ], [ 2.25423, 44.00312 ], [ 2.25138, 44.00136 ], [ 2.25074, 43.99938 ], [ 2.2457, 43.9969 ], [ 2.24067, 43.99593 ], [ 2.23832, 43.99369 ], [ 2.23651, 43.99356 ], [ 2.23424, 43.99095 ], [ 2.23192, 43.99105 ], [ 2.2302, 43.98957 ], [ 2.22686, 43.98901 ], [ 2.22209, 43.99022 ], [ 2.22048, 43.98955 ], [ 2.21614, 43.98997 ], [ 2.21612, 43.98905 ], [ 2.21388, 43.98928 ], [ 2.21228, 43.98797 ], [ 2.21084, 43.98888 ], [ 2.20671, 43.98536 ], [ 2.20368, 43.98528 ], [ 2.1993, 43.98221 ], [ 2.19698, 43.98211 ], [ 2.19542, 43.9804 ], [ 2.19447, 43.98116 ], [ 2.19215, 43.98052 ], [ 2.19043, 43.9754 ], [ 2.18842, 43.97579 ], [ 2.18936, 43.97415 ], [ 2.18585, 43.97438 ], [ 2.18545, 43.97348 ], [ 2.18298, 43.97353 ], [ 2.18092, 43.97119 ], [ 2.17933, 43.97163 ], [ 2.17809, 43.96794 ], [ 2.17877, 43.96726 ], [ 2.1775, 43.96634 ], [ 2.17896, 43.96437 ], [ 2.17586, 43.96296 ], [ 2.17477, 43.96074 ], [ 2.17557, 43.95954 ], [ 2.17287, 43.96044 ], [ 2.17304, 43.95768 ], [ 2.17077, 43.95825 ], [ 2.17112, 43.95505 ], [ 2.16773, 43.95617 ], [ 2.16643, 43.95434 ] ] } },
{ "type": "Feature", "properties": { "name": "Ruisseau de la Vernière", "weight_class": 1, "permanent": true, "length_km": 3.0 }, "geometry": { "type": "LineString", "coordinates": [ [ 2.22618, 44.00657 ], [ 2.22345, 44.00308 ], [ 2.21707, 44.00026 ], [ 2.21341, 44.0003 ], [ 2.21049, 43.99888 ], [ 2.21095, 43.99735 ], [ 2.20982, 43.99676 ], [ 2.21167, 43.99082 ], [ 2.21121, 43.98884 ] ] } },
{ "type": "Feature", "properties": { "name": null, "weight_class": 1, "permanent": false, "length_km": 2.2 }, "geometry": { "type": "LineString", "coordinates": [ [ 2.23557, 43.93372 ], [ 2.23273, 43.93393 ], [ 2.22944, 43.9362 ], [ 2.22531, 43.93623 ], [ 2.2209, 43.93806 ], [ 2.22008, 43.93954 ], [ 2.21707, 43.94034 ], [ 2.21356, 43.9382 ] ] } },
{ "type": "Feature", "properties": { "name": null, "weight_class": 1, "permanent": true, "length_km": 2.2 }, "geometry": { "type": "LineString", "coordinates": [ [ 2.32652, 43.94501 ], [ 2.32287, 43.94539 ], [ 2.3196, 43.94392 ], [ 2.31724, 43.94119 ], [ 2.3148, 43.94062 ], [ 2.31079, 43.94259 ], [ 2.30423, 43.94225 ] ] } },
{ "type": "Feature", "properties": { "name": null, "weight_class": 1, "permanent": false, "length_km": 2.0 }, "geometry": { "type": "LineString", "coordinates": [ [ 2.32594, 43.97299 ], [ 2.32266, 43.97456 ], [ 2.32229, 43.97777 ], [ 2.31994, 43.9791 ], [ 2.31714, 43.97959 ], [ 2.31471, 43.97899 ], [ 2.31, 43.98079 ], [ 2.30765, 43.98018 ] ] } },
{ "type": "Feature", "properties": { "name": "Ruisseau de Lézert", "weight_class": 1, "permanent": false, "length_km": 14.2 }, "geometry": { "type": "LineString", "coordinates": [ [ 2.34558, 44.00348 ], [ 2.34303, 43.99716 ], [ 2.33904, 43.99358 ], [ 2.33396, 43.99301 ], [ 2.33262, 43.9917 ], [ 2.32854, 43.99089 ], [ 2.32533, 43.99128 ], [ 2.32287, 43.99018 ], [ 2.31958, 43.99088 ], [ 2.31861, 43.98973 ], [ 2.31601, 43.98957 ], [ 2.31303, 43.98748 ], [ 2.3131, 43.98593 ], [ 2.30832, 43.98377 ], [ 2.3095, 43.9826 ], [ 2.30656, 43.98118 ], [ 2.30772, 43.98024 ], [ 2.30559, 43.97982 ], [ 2.30562, 43.9782 ], [ 2.3037, 43.97819 ], [ 2.30517, 43.97692 ], [ 2.3031, 43.97697 ], [ 2.30111, 43.97529 ], [ 2.30297, 43.97378 ], [ 2.30049, 43.97393 ], [ 2.29855, 43.97129 ], [ 2.29655, 43.97113 ], [ 2.2973, 43.97046 ], [ 2.29503, 43.97035 ], [ 2.294, 43.96743 ], [ 2.29125, 43.96808 ], [ 2.29021, 43.96651 ], [ 2.28754, 43.96644 ], [ 2.28758, 43.96542 ], [ 2.28493, 43.96513 ], [ 2.28445, 43.96404 ], [ 2.27926, 43.96396 ], [ 2.27967, 43.96271 ], [ 2.27819, 43.9626 ], [ 2.27907, 43.9618 ], [ 2.27681, 43.96151 ], [ 2.27595, 43.96022 ], [ 2.27822, 43.95817 ], [ 2.27694, 43.95608 ], [ 2.27811, 43.95468 ], [ 2.27621, 43.95371 ], [ 2.27366, 43.95425 ], [ 2.27481, 43.95294 ], [ 2.27354, 43.95122 ], [ 2.27069, 43.95117 ], [ 2.27386, 43.94824 ], [ 2.27187, 43.94782 ], [ 2.27316, 43.94716 ], [ 2.27141, 43.94657 ], [ 2.27436, 43.94568 ], [ 2.2741, 43.94403 ], [ 2.27627, 43.94313 ] ] } },
{ "type": "Feature", "properties": { "name": "Ruisseau de la Bôle", "weight_class": 1, "permanent": false, "length_km": 3.7 }, "geometry": { "type": "LineString", "coordinates": [ [ 2.32913, 44.00307 ], [ 2.32338, 44.00425 ], [ 2.31774, 44.00223 ], [ 2.31512, 44.00267 ], [ 2.31276, 44.001 ], [ 2.31023, 43.99798 ], [ 2.31021, 43.99467 ], [ 2.30812, 43.99384 ], [ 2.30936, 43.99077 ], [ 2.3084, 43.98997 ], [ 2.30866, 43.98766 ], [ 2.3127, 43.98667 ] ] } },
{ "type": "Feature", "properties": { "name": "Ruisseau de Sarlan", "weight_class": 2, "permanent": true, "length_km": 6.0 }, "geometry": { "type": "LineString", "coordinates": [ [ 2.26112, 43.98459 ], [ 2.25936, 43.98491 ], [ 2.25566, 43.98366 ], [ 2.25023, 43.98483 ], [ 2.24581, 43.98478 ], [ 2.24124, 43.98181 ], [ 2.24159, 43.98008 ], [ 2.23982, 43.979 ], [ 2.23714, 43.97332 ], [ 2.23368, 43.97135 ], [ 2.23127, 43.96522 ], [ 2.22412, 43.96113 ], [ 2.22347, 43.95935 ], [ 2.22215, 43.95906 ], [ 2.22242, 43.95745 ], [ 2.22046, 43.95673 ], [ 2.22091, 43.95295 ] ] } },
{ "type": "Feature", "properties": { "name": "Ruisseau de Rassalens", "weight_class": 1, "permanent": false, "length_km": 6.0 }, "geometry": { "type": "LineString", "coordinates": [ [ 2.26299, 43.98081 ], [ 2.25954, 43.97706 ], [ 2.2581, 43.97227 ], [ 2.25527, 43.96904 ], [ 2.25004, 43.96823 ], [ 2.24607, 43.96541 ], [ 2.24368, 43.9623 ], [ 2.24173, 43.96171 ], [ 2.24196, 43.95919 ], [ 2.24084, 43.95832 ], [ 2.24164, 43.95465 ], [ 2.24522, 43.9513 ], [ 2.24567, 43.94866 ], [ 2.24828, 43.94573 ], [ 2.24705, 43.94273 ], [ 2.24278, 43.94144 ] ] } },
{ "type": "Feature", "properties": { "name": "Ruisseau de Payssières", "weight_class": 1, "permanent": false, "length_km": 2.4 }, "geometry": { "type": "LineString", "coordinates": [ [ 2.22817, 43.97942 ], [ 2.22599, 43.97869 ], [ 2.22596, 43.97649 ], [ 2.22285, 43.97396 ], [ 2.22164, 43.96523 ], [ 2.22423, 43.9612 ] ] } },
{ "type": "Feature", "properties": { "name": "Ruisseau de Candou", "weight_class": 1, "permanent": false, "length_km": 2.0 }, "geometry": { "type": "LineString", "coordinates": [ [ 2.40305, 43.957 ], [ 2.39879, 43.95158 ], [ 2.39578, 43.95032 ], [ 2.3925, 43.94915 ], [ 2.38651, 43.94865 ], [ 2.38505, 43.95007 ] ] } },
{ "type": "Feature", "properties": { "name": "Ruisseau d'Andouquette", "weight_class": 1, "permanent": false, "length_km": 5.5 }, "geometry": { "type": "LineString", "coordinates": [ [ 2.33202, 43.97116 ], [ 2.32652, 43.96691 ], [ 2.31951, 43.96606 ], [ 2.31385, 43.96695 ], [ 2.30624, 43.96237 ], [ 2.30198, 43.9615 ], [ 2.30125, 43.96003 ], [ 2.2962, 43.96037 ], [ 2.29375, 43.9592 ], [ 2.28947, 43.95996 ], [ 2.28791, 43.95894 ], [ 2.2851, 43.95909 ], [ 2.28211, 43.9578 ], [ 2.28153, 43.95607 ], [ 2.27809, 43.95511 ] ] } },
{ "type": "Feature", "properties": { "name": "Ruisseau de Savanel", "weight_class": 1, "permanent": false, "length_km": 2.9 }, "geometry": { "type": "LineString", "coordinates": [ [ 2.32252, 43.96173 ], [ 2.32065, 43.96119 ], [ 2.32008, 43.95882 ], [ 2.3148, 43.9564 ], [ 2.31305, 43.95385 ], [ 2.31304, 43.94943 ], [ 2.3062, 43.94371 ], [ 2.30357, 43.94377 ] ] } },
{ "type": "Feature", "properties": { "name": "Ruisseau de Lède", "weight_class": 1, "permanent": true, "length_km": 3.2 }, "geometry": { "type": "LineString", "coordinates": [ [ 2.3368, 43.96318 ], [ 2.33743, 43.96036 ], [ 2.33178, 43.95535 ], [ 2.33104, 43.95187 ], [ 2.33272, 43.94838 ], [ 2.33574, 43.94724 ], [ 2.33381, 43.93854 ] ] } },
{ "type": "Feature", "properties": { "name": "Ruisseau de la Tieyre", "weight_class": 1, "permanent": true, "length_km": 2.7 }, "geometry": { "type": "LineString", "coordinates": [ [ 2.33764, 43.97409 ], [ 2.33907, 43.97642 ], [ 2.34366, 43.97658 ], [ 2.34491, 43.97747 ], [ 2.35046, 43.97713 ], [ 2.35411, 43.9733 ], [ 2.35722, 43.97278 ], [ 2.36038, 43.96845 ] ] } },
{ "type": "Feature", "properties": { "name": "Ruisseau de Cézens", "weight_class": 1, "permanent": true, "length_km": 6.8 }, "geometry": { "type": "LineString", "coordinates": [ [ 2.46574, 43.90715 ], [ 2.46431, 43.9081 ], [ 2.46407, 43.91018 ], [ 2.46094, 43.91206 ], [ 2.45926, 43.91477 ], [ 2.45767, 43.91509 ], [ 2.45422, 43.9186 ], [ 2.44926, 43.91989 ], [ 2.44557, 43.92441 ], [ 2.44097, 43.92753 ], [ 2.4248, 43.92976 ], [ 2.42148, 43.9319 ], [ 2.41352, 43.93168 ], [ 2.41056, 43.93413 ], [ 2.4035, 43.93733 ] ] } },
{ "type": "Feature", "properties": { "name": "Ruisseau de Blasou", "weight_class": 1, "permanent": true, "length_km": 13.0 }, "geometry": { "type": "LineString", "coordinates": [ [ 2.45941, 43.89472 ], [ 2.45435, 43.89672 ], [ 2.44295, 43.89529 ], [ 2.43785, 43.89619 ], [ 2.43485, 43.89815 ], [ 2.42746, 43.89968 ], [ 2.42676, 43.90097 ], [ 2.42824, 43.90478 ], [ 2.42641, 43.90629 ], [ 2.42345, 43.9058 ], [ 2.41337, 43.90905 ], [ 2.40409, 43.91019 ], [ 2.40121, 43.9129 ], [ 2.39345, 43.91675 ], [ 2.38993, 43.91749 ], [ 2.38822, 43.91701 ], [ 2.38672, 43.91759 ], [ 2.38666, 43.91868 ], [ 2.38228, 43.91761 ], [ 2.38214, 43.91936 ], [ 2.38029, 43.91989 ], [ 2.37886, 43.92256 ], [ 2.37673, 43.92227 ], [ 2.37748, 43.92422 ], [ 2.37548, 43.92465 ], [ 2.37815, 43.92613 ], [ 2.37629, 43.92838 ], [ 2.37709, 43.92959 ], [ 2.37463, 43.92966 ], [ 2.37498, 43.93121 ], [ 2.37346, 43.93194 ], [ 2.37426, 43.93416 ], [ 2.37688, 43.93437 ], [ 2.37836, 43.93602 ], [ 2.38194, 43.93618 ], [ 2.38521, 43.93897 ], [ 2.38531, 43.94008 ], [ 2.38224, 43.94208 ] ] } },
{ "type": "Feature", "properties": { "name": "Ruisseau de Lagouste", "weight_class": 1, "permanent": true, "length_km": 6.1 }, "geometry": { "type": "LineString", "coordinates": [ [ 2.35125, 43.89693 ], [ 2.33929, 43.89793 ], [ 2.33873, 43.90322 ], [ 2.33605, 43.90466 ], [ 2.33491, 43.90963 ], [ 2.32922, 43.91369 ], [ 2.33003, 43.91658 ], [ 2.32685, 43.91777 ], [ 2.32484, 43.92049 ], [ 2.31595, 43.92529 ], [ 2.31224, 43.93367 ] ] } },
{ "type": "Feature", "properties": { "name": "Ruisseau de Caudaval", "weight_class": 1, "permanent": true, "length_km": 4.7 }, "geometry": { "type": "LineString", "coordinates": [ [ 2.32274, 43.90064 ], [ 2.31433, 43.90818 ], [ 2.31379, 43.91338 ], [ 2.31028, 43.91592 ], [ 2.3041, 43.91813 ], [ 2.3028, 43.92289 ], [ 2.30381, 43.92364 ], [ 2.3034, 43.92544 ], [ 2.30643, 43.92717 ], [ 2.30415, 43.93266 ] ] } },
{ "type": "Feature", "properties": { "name": "Ruisseau des Saumes", "weight_class": 1, "permanent": false, "length_km": 2.2 }, "geometry": { "type": "LineString", "coordinates": [ [ 2.27684, 43.91794 ], [ 2.27183, 43.91926 ], [ 2.26787, 43.92271 ], [ 2.26272, 43.92375 ], [ 2.25809, 43.93067 ] ] } },
{ "type": "Feature", "properties": { "name": "Ruisseau de Vergne-Clauze", "weight_class": 1, "permanent": true, "length_km": 3.3 }, "geometry": { "type": "LineString", "coordinates": [ [ 2.35885, 43.91029 ], [ 2.35736, 43.91021 ], [ 2.35535, 43.91152 ], [ 2.35298, 43.91787 ], [ 2.34621, 43.92103 ], [ 2.34095, 43.92072 ], [ 2.3349, 43.9172 ], [ 2.32965, 43.91691 ] ] } },
{ "type": "Feature", "properties": { "name": null, "weight_class": 1, "permanent": false, "length_km": 2.2 }, "geometry": { "type": "LineString", "coordinates": [ [ 2.28994, 43.8764 ], [ 2.28086, 43.87879 ], [ 2.27336, 43.88666 ], [ 2.26973, 43.88766 ] ] } },
{ "type": "Feature", "properties": { "name": "Ruisseau de Martinez", "weight_class": 1, "permanent": true, "length_km": 2.3 }, "geometry": { "type": "LineString", "coordinates": [ [ 2.36645, 43.87005 ], [ 2.36487, 43.87187 ], [ 2.35945, 43.8733 ], [ 2.35837, 43.87475 ], [ 2.35842, 43.87977 ], [ 2.35125, 43.88415 ] ] } },
{ "type": "Feature", "properties": { "name": null, "weight_class": 1, "permanent": false, "length_km": 2.1 }, "geometry": { "type": "LineString", "coordinates": [ [ 2.3574, 43.9025 ], [ 2.35208, 43.90709 ], [ 2.34177, 43.90934 ], [ 2.33491, 43.90963 ] ] } },
{ "type": "Feature", "properties": { "name": null, "weight_class": 1, "permanent": true, "length_km": 2.4 }, "geometry": { "type": "LineString", "coordinates": [ [ 2.36131, 43.86755 ], [ 2.35096, 43.87378 ], [ 2.35044, 43.8786 ], [ 2.3451, 43.88358 ] ] } },
{ "type": "Feature", "properties": { "name": "Ravin de Fonbasse", "weight_class": 1, "permanent": false, "length_km": 3.7 }, "geometry": { "type": "LineString", "coordinates": [ [ 2.35868, 43.86431 ], [ 2.34845, 43.86887 ], [ 2.34079, 43.8735 ], [ 2.33826, 43.87375 ], [ 2.33418, 43.87215 ], [ 2.33147, 43.87288 ], [ 2.32616, 43.87242 ], [ 2.32276, 43.87309 ], [ 2.31983, 43.87541 ] ] } },
{ "type": "Feature", "properties": { "name": null, "weight_class": 1, "permanent": true, "length_km": 2.6 }, "geometry": { "type": "LineString", "coordinates": [ [ 2.41436, 43.91628 ], [ 2.41303, 43.91724 ], [ 2.41065, 43.91724 ], [ 2.40817, 43.92011 ], [ 2.40632, 43.92539 ], [ 2.40692, 43.92717 ], [ 2.40439, 43.93329 ], [ 2.40226, 43.93493 ] ] } },
{ "type": "Feature", "properties": { "name": null, "weight_class": 1, "permanent": false, "length_km": 4.1 }, "geometry": { "type": "LineString", "coordinates": [ [ 2.28407, 43.87284 ], [ 2.2712, 43.87233 ], [ 2.26679, 43.87552 ], [ 2.26301, 43.87619 ], [ 2.25827, 43.8727 ], [ 2.25583, 43.86951 ], [ 2.25301, 43.86252 ], [ 2.25425, 43.85906 ] ] } },
{ "type": "Feature", "properties": { "name": null, "weight_class": 1, "permanent": false, "length_km": 2.2 }, "geometry": { "type": "LineString", "coordinates": [ [ 2.29248, 43.87946 ], [ 2.28874, 43.88091 ], [ 2.28491, 43.88419 ], [ 2.27999, 43.88534 ], [ 2.27837, 43.89121 ], [ 2.27636, 43.89262 ] ] } },
{ "type": "Feature", "properties": { "name": null, "weight_class": 1, "permanent": false, "length_km": 2.9 }, "geometry": { "type": "LineString", "coordinates": [ [ 2.28958, 43.90014 ], [ 2.28525, 43.90338 ], [ 2.28171, 43.90307 ], [ 2.28041, 43.90389 ], [ 2.27301, 43.90319 ], [ 2.27065, 43.9012 ], [ 2.2688, 43.90143 ], [ 2.26513, 43.89931 ], [ 2.2651, 43.89768 ], [ 2.26224, 43.89547 ] ] } },
{ "type": "Feature", "properties": { "name": null, "weight_class": 1, "permanent": false, "length_km": 2.3 }, "geometry": { "type": "LineString", "coordinates": [ [ 2.26589, 43.90368 ], [ 2.26093, 43.90356 ], [ 2.25268, 43.90653 ], [ 2.2482, 43.90935 ], [ 2.24721, 43.91143 ], [ 2.24408, 43.91231 ], [ 2.24294, 43.91354 ] ] } },
{ "type": "Feature", "properties": { "name": null, "weight_class": 1, "permanent": false, "length_km": 2.2 }, "geometry": { "type": "LineString", "coordinates": [ [ 2.29055, 43.91337 ], [ 2.28843, 43.91939 ], [ 2.28834, 43.92313 ], [ 2.28982, 43.92578 ], [ 2.28658, 43.93183 ] ] } },
{ "type": "Feature", "properties": { "name": "Ruisseau de la Resse", "weight_class": 1, "permanent": true, "length_km": 2.2 }, "geometry": { "type": "LineString", "coordinates": [ [ 2.36274, 43.90866 ], [ 2.36672, 43.91153 ], [ 2.36767, 43.91421 ], [ 2.37218, 43.91592 ], [ 2.3771, 43.9198 ], [ 2.37861, 43.92133 ], [ 2.37789, 43.92237 ] ] } },
{ "type": "Feature", "properties": { "name": "l'Assou", "weight_class": 1, "permanent": true, "length_km": 39.5 }, "geometry": { "type": "MultiLineString", "coordinates": [ [ [ 2.2159, 43.84116 ], [ 2.20822, 43.83728 ], [ 2.20735, 43.83485 ], [ 2.20251, 43.83524 ], [ 2.20074, 43.83259 ], [ 2.19521, 43.83244 ], [ 2.18951, 43.8309 ], [ 2.18758, 43.83142 ], [ 2.18077, 43.82532 ], [ 2.17738, 43.82515 ], [ 2.17463, 43.82297 ], [ 2.16412, 43.81977 ], [ 2.16253, 43.81714 ], [ 2.16249, 43.81442 ], [ 2.15823, 43.81381 ], [ 2.15415, 43.80752 ], [ 2.14645, 43.80318 ], [ 2.14447, 43.79869 ], [ 2.14175, 43.79827 ], [ 2.14218, 43.79727 ], [ 2.1392, 43.79453 ], [ 2.13613, 43.79533 ], [ 2.13568, 43.79229 ], [ 2.13254, 43.7929 ], [ 2.13225, 43.79141 ], [ 2.12989, 43.79108 ], [ 2.12556, 43.7881 ], [ 2.11758, 43.78508 ], [ 2.11613, 43.78289 ], [ 2.11776, 43.78072 ], [ 2.11524, 43.77967 ], [ 2.1164, 43.77865 ] ], [ [ 2.22779, 43.84807 ], [ 2.2265, 43.84666 ], [ 2.2224, 43.84557 ], [ 2.22001, 43.84265 ], [ 2.2159, 43.84116 ] ], [ [ 2.22779, 43.84807 ], [ 2.21862, 43.84423 ], [ 2.2159, 43.84116 ] ], [ [ 2.43898, 43.88559 ], [ 2.43821, 43.8874 ], [ 2.43678, 43.88776 ], [ 2.42585, 43.88791 ], [ 2.4202, 43.88686 ], [ 2.41058, 43.89222 ], [ 2.39541, 43.89393 ], [ 2.39283, 43.8928 ], [ 2.38932, 43.8938 ], [ 2.38514, 43.89275 ], [ 2.37975, 43.88906 ], [ 2.37633, 43.8897 ], [ 2.37481, 43.88902 ], [ 2.37411, 43.88979 ], [ 2.37249, 43.88919 ], [ 2.37195, 43.88984 ], [ 2.37088, 43.88889 ], [ 2.37261, 43.88792 ], [ 2.36883, 43.88516 ], [ 2.35865, 43.88593 ], [ 2.35433, 43.88391 ], [ 2.34742, 43.88448 ], [ 2.34327, 43.8829 ], [ 2.33277, 43.88421 ], [ 2.33253, 43.88208 ], [ 2.33114, 43.88117 ], [ 2.32434, 43.88122 ], [ 2.32509, 43.87865 ], [ 2.32251, 43.87812 ], [ 2.32331, 43.87632 ], [ 2.31646, 43.87535 ], [ 2.31471, 43.87168 ], [ 2.31057, 43.87217 ], [ 2.31105, 43.87031 ], [ 2.30986, 43.86921 ], [ 2.30541, 43.86982 ], [ 2.30254, 43.86727 ], [ 2.29933, 43.86776 ], [ 2.2978, 43.86545 ], [ 2.29648, 43.8658 ], [ 2.2941, 43.86449 ], [ 2.28986, 43.86381 ], [ 2.2876, 43.8622 ], [ 2.28487, 43.86298 ], [ 2.28397, 43.86094 ], [ 2.28064, 43.86056 ], [ 2.28011, 43.86205 ], [ 2.27873, 43.86249 ], [ 2.27839, 43.86109 ], [ 2.2749, 43.86002 ], [ 2.26771, 43.85962 ], [ 2.26395, 43.86027 ], [ 2.26041, 43.85878 ], [ 2.25664, 43.85953 ], [ 2.25209, 43.85806 ], [ 2.24388, 43.85779 ], [ 2.24122, 43.8556 ], [ 2.2392, 43.85553 ], [ 2.23886, 43.85414 ], [ 2.23662, 43.85281 ], [ 2.23525, 43.85334 ], [ 2.23361, 43.85139 ], [ 2.23211, 43.85124 ], [ 2.23255, 43.85047 ], [ 2.22779, 43.84807 ] ] ] } },
{ "type": "Feature", "properties": { "name": "Ruisseau du Riou Vieil", "weight_class": 1, "permanent": true, "length_km": 2.7 }, "geometry": { "type": "LineString", "coordinates": [ [ 2.37992, 43.89642 ], [ 2.38089, 43.90396 ], [ 2.37902, 43.90874 ], [ 2.38145, 43.91389 ], [ 2.38508, 43.91613 ], [ 2.38319, 43.91736 ] ] } },
{ "type": "Feature", "properties": { "name": "Ruisseau de Candarel", "weight_class": 1, "permanent": true, "length_km": 2.6 }, "geometry": { "type": "LineString", "coordinates": [ [ 2.31703, 43.90013 ], [ 2.31012, 43.90382 ], [ 2.30362, 43.90894 ], [ 2.30202, 43.91487 ], [ 2.3041, 43.91813 ] ] } },
{ "type": "Feature", "properties": { "name": "Ruisseau des Infernats", "weight_class": 1, "permanent": true, "length_km": 4.4 }, "geometry": { "type": "LineString", "coordinates": [ [ 2.28163, 43.9132 ], [ 2.27797, 43.91276 ], [ 2.27388, 43.91395 ], [ 2.26124, 43.91488 ], [ 2.25863, 43.91627 ], [ 2.25318, 43.91645 ], [ 2.2469, 43.91541 ], [ 2.24274, 43.91345 ], [ 2.23974, 43.91336 ], [ 2.23234, 43.90979 ] ] } },
{ "type": "Feature", "properties": { "name": "Ruisseau de Besoubre", "weight_class": 1, "permanent": true, "length_km": 9.3 }, "geometry": { "type": "LineString", "coordinates": [ [ 2.40267, 43.88252 ], [ 2.40067, 43.8816 ], [ 2.39566, 43.88242 ], [ 2.39428, 43.88184 ], [ 2.38865, 43.87331 ], [ 2.38512, 43.8717 ], [ 2.38429, 43.87023 ], [ 2.38107, 43.86968 ], [ 2.38027, 43.86785 ], [ 2.37623, 43.86746 ], [ 2.36712, 43.86271 ], [ 2.36059, 43.85585 ], [ 2.36105, 43.85182 ], [ 2.35865, 43.84959 ], [ 2.35852, 43.84721 ], [ 2.35738, 43.84656 ], [ 2.3586, 43.84551 ], [ 2.35715, 43.84542 ], [ 2.35468, 43.84309 ], [ 2.35525, 43.84203 ], [ 2.35365, 43.83905 ], [ 2.35542, 43.83194 ], [ 2.35428, 43.82885 ], [ 2.35593, 43.82794 ], [ 2.35632, 43.82569 ] ] } },
{ "type": "Feature", "properties": { "name": "le Lézert", "weight_class": 2, "permanent": true, "length_km": 17.4 }, "geometry": { "type": "LineString", "coordinates": [ [ 2.35663, 43.85974 ], [ 2.3511, 43.86243 ], [ 2.34555, 43.86293 ], [ 2.3429, 43.8623 ], [ 2.33843, 43.85752 ], [ 2.33561, 43.8576 ], [ 2.33443, 43.85645 ], [ 2.32894, 43.85501 ], [ 2.32853, 43.85291 ], [ 2.32525, 43.84924 ], [ 2.31737, 43.84851 ], [ 2.31423, 43.84744 ], [ 2.31346, 43.84603 ], [ 2.30601, 43.84112 ], [ 2.30155, 43.8357 ], [ 2.29843, 43.829 ], [ 2.29859, 43.8265 ], [ 2.29509, 43.82461 ], [ 2.2931, 43.82044 ], [ 2.29472, 43.81828 ], [ 2.29269, 43.81665 ], [ 2.29295, 43.81484 ], [ 2.29133, 43.81413 ], [ 2.29169, 43.81254 ], [ 2.29028, 43.81039 ], [ 2.28702, 43.80882 ], [ 2.28358, 43.80473 ], [ 2.28091, 43.80346 ], [ 2.28013, 43.79871 ], [ 2.27813, 43.79823 ], [ 2.27707, 43.79577 ], [ 2.27403, 43.79501 ], [ 2.27308, 43.79153 ], [ 2.27061, 43.78842 ], [ 2.26282, 43.78332 ], [ 2.25928, 43.77933 ], [ 2.25675, 43.77375 ], [ 2.25141, 43.7724 ], [ 2.25334, 43.77168 ], [ 2.25189, 43.76955 ], [ 2.25422, 43.76817 ], [ 2.2534, 43.76721 ], [ 2.254, 43.76375 ] ] } },
{ "type": "Feature", "properties": { "name": "Ruisseau de Peyrelade", "weight_class": 1, "permanent": true, "length_km": 2.6 }, "geometry": { "type": "LineString", "coordinates": [ [ 2.33984, 43.86398 ], [ 2.33475, 43.86662 ], [ 2.32589, 43.86828 ], [ 2.32003, 43.86759 ], [ 2.31098, 43.8706 ] ] } },
{ "type": "Feature", "properties": { "name": "Ray de la Valette", "weight_class": 1, "permanent": false, "length_km": 2.4 }, "geometry": { "type": "LineString", "coordinates": [ [ 2.30494, 43.8825 ], [ 2.29139, 43.88583 ], [ 2.28857, 43.88944 ], [ 2.2845, 43.88993 ], [ 2.28092, 43.89284 ] ] } },
{ "type": "Feature", "properties": { "name": "Rec d'Engalieyre", "weight_class": 1, "permanent": false, "length_km": 2.1 }, "geometry": { "type": "LineString", "coordinates": [ [ 2.2617, 43.87875 ], [ 2.25465, 43.88376 ], [ 2.24945, 43.88558 ], [ 2.24196, 43.88982 ] ] } },
{ "type": "Feature", "properties": { "name": "le Revergnas", "weight_class": 1, "permanent": true, "length_km": 3.2 }, "geometry": { "type": "LineString", "coordinates": [ [ 2.29584, 43.84145 ], [ 2.29284, 43.84196 ], [ 2.28535, 43.84634 ], [ 2.28036, 43.84789 ], [ 2.28014, 43.85039 ], [ 2.27502, 43.85315 ], [ 2.27306, 43.86003 ] ] } },
{ "type": "Feature", "properties": { "name": "Ruisseau de Ferrarié", "weight_class": 1, "permanent": false, "length_km": 2.5 }, "geometry": { "type": "LineString", "coordinates": [ [ 2.30702, 43.84935 ], [ 2.30194, 43.85313 ], [ 2.29696, 43.8544 ], [ 2.29281, 43.85719 ], [ 2.28901, 43.85652 ], [ 2.28425, 43.86108 ] ] } },
{ "type": "Feature", "properties": { "name": "Ruisseau Négodanos", "weight_class": 1, "permanent": false, "length_km": 5.5 }, "geometry": { "type": "LineString", "coordinates": [ [ 2.28716, 43.83312 ], [ 2.28253, 43.83639 ], [ 2.27894, 43.83765 ], [ 2.2749, 43.84362 ], [ 2.26796, 43.84785 ], [ 2.26033, 43.84938 ], [ 2.25553, 43.84808 ], [ 2.24817, 43.84862 ], [ 2.23864, 43.84677 ], [ 2.23211, 43.85026 ] ] } },
{ "type": "Feature", "properties": { "name": "Ruisseau de Brugayrouse", "weight_class": 1, "permanent": false, "length_km": 3.2 }, "geometry": { "type": "LineString", "coordinates": [ [ 2.42784, 43.80658 ], [ 2.41997, 43.81097 ], [ 2.41543, 43.81161 ], [ 2.41335, 43.81362 ], [ 2.40868, 43.81401 ], [ 2.40468, 43.81663 ], [ 2.39518, 43.81684 ] ] } },
{ "type": "Feature", "properties": { "name": "Ruisseau de Viviès", "weight_class": 1, "permanent": true, "length_km": 2.2 }, "geometry": { "type": "LineString", "coordinates": [ [ 2.32926, 43.826 ], [ 2.3318, 43.82059 ], [ 2.33748, 43.81769 ], [ 2.33984, 43.81796 ], [ 2.34474, 43.81634 ], [ 2.34634, 43.8143 ] ] } },
{ "type": "Feature", "properties": { "name": "Ravin du Pontil", "weight_class": 1, "permanent": false, "length_km": 2.7 }, "geometry": { "type": "LineString", "coordinates": [ [ 2.264, 43.83292 ], [ 2.26219, 43.8345 ], [ 2.25065, 43.83717 ], [ 2.24351, 43.84548 ], [ 2.24032, 43.84681 ] ] } },
{ "type": "Feature", "properties": { "name": "Ruisseau de Rieu-Gros", "weight_class": 1, "permanent": false, "length_km": 2.4 }, "geometry": { "type": "LineString", "coordinates": [ [ 2.32844, 43.80584 ], [ 2.32416, 43.80297 ], [ 2.324, 43.79814 ], [ 2.32251, 43.79595 ], [ 2.33048, 43.78827 ] ] } },
{ "type": "Feature", "properties": { "name": "Ruisseau de Siez", "weight_class": 1, "permanent": true, "length_km": 9.8 }, "geometry": { "type": "LineString", "coordinates": [ [ 2.28044, 43.82741 ], [ 2.2715, 43.82829 ], [ 2.26641, 43.82721 ], [ 2.26283, 43.82448 ], [ 2.26139, 43.82289 ], [ 2.26163, 43.82073 ], [ 2.25987, 43.82052 ], [ 2.25773, 43.81795 ], [ 2.25785, 43.8166 ], [ 2.25386, 43.8142 ], [ 2.25373, 43.81224 ], [ 2.2524, 43.81109 ], [ 2.25281, 43.80881 ], [ 2.24877, 43.8057 ], [ 2.24641, 43.8055 ], [ 2.24538, 43.8045 ], [ 2.24365, 43.79959 ], [ 2.2372, 43.79757 ], [ 2.23556, 43.79533 ], [ 2.23394, 43.79493 ], [ 2.23389, 43.79093 ], [ 2.22837, 43.78584 ], [ 2.22425, 43.77848 ], [ 2.22223, 43.77673 ], [ 2.22317, 43.77435 ], [ 2.21817, 43.77003 ], [ 2.21679, 43.7703 ] ] } },
{ "type": "Feature", "properties": { "name": null, "weight_class": 1, "permanent": true, "length_km": 2.0 }, "geometry": { "type": "LineString", "coordinates": [ [ 2.3316, 43.83615 ], [ 2.32552, 43.83939 ], [ 2.32093, 43.84001 ], [ 2.31376, 43.84648 ] ] } },
{ "type": "Feature", "properties": { "name": null, "weight_class": 1, "permanent": true, "length_km": 3.5 }, "geometry": { "type": "LineString", "coordinates": [ [ 2.39232, 43.7704 ], [ 2.38444, 43.77353 ], [ 2.37972, 43.77701 ], [ 2.37021, 43.77927 ], [ 2.3648, 43.7785 ], [ 2.36233, 43.77645 ], [ 2.36109, 43.77308 ], [ 2.35911, 43.77297 ] ] } },
{ "type": "Feature", "properties": { "name": null, "weight_class": 1, "permanent": true, "length_km": 2.8 }, "geometry": { "type": "LineString", "coordinates": [ [ 2.4113, 43.82646 ], [ 2.40229, 43.82897 ], [ 2.39281, 43.8284 ], [ 2.39104, 43.83003 ], [ 2.38826, 43.83035 ], [ 2.38315, 43.83285 ], [ 2.38019, 43.83259 ] ] } },
{ "type": "Feature", "properties": { "name": null, "weight_class": 1, "permanent": true, "length_km": 3.0 }, "geometry": { "type": "LineString", "coordinates": [ [ 2.30332, 43.78791 ], [ 2.30172, 43.7927 ], [ 2.29908, 43.79631 ], [ 2.2989, 43.79913 ], [ 2.29423, 43.80005 ], [ 2.29327, 43.80184 ], [ 2.29073, 43.80237 ], [ 2.29041, 43.80392 ], [ 2.28784, 43.80319 ], [ 2.28343, 43.80469 ] ] } },
{ "type": "Feature", "properties": { "name": null, "weight_class": 1, "permanent": true, "length_km": 3.4 }, "geometry": { "type": "LineString", "coordinates": [ [ 2.25216, 43.82832 ], [ 2.25104, 43.83155 ], [ 2.24882, 43.83355 ], [ 2.24257, 43.83626 ], [ 2.23865, 43.83954 ], [ 2.21988, 43.84258 ] ] } },
{ "type": "Feature", "properties": { "name": null, "weight_class": 1, "permanent": false, "length_km": 2.5 }, "geometry": { "type": "LineString", "coordinates": [ [ 2.24972, 43.78262 ], [ 2.23565, 43.78155 ], [ 2.2336, 43.77995 ], [ 2.2328, 43.77758 ], [ 2.22838, 43.77697 ], [ 2.22368, 43.77786 ] ] } },
{ "type": "Feature", "properties": { "name": null, "weight_class": 1, "permanent": true, "length_km": 2.1 }, "geometry": { "type": "LineString", "coordinates": [ [ 2.3094, 43.78335 ], [ 2.30854, 43.78113 ], [ 2.30487, 43.7786 ], [ 2.30299, 43.77569 ], [ 2.30295, 43.77353 ], [ 2.29534, 43.7701 ] ] } },
{ "type": "Feature", "properties": { "name": null, "weight_class": 1, "permanent": true, "length_km": 2.3 }, "geometry": { "type": "LineString", "coordinates": [ [ 2.29892, 43.78784 ], [ 2.29385, 43.79016 ], [ 2.29162, 43.7927 ], [ 2.28829, 43.79341 ], [ 2.28551, 43.7974 ], [ 2.28024, 43.79697 ], [ 2.2777, 43.79757 ] ] } },
{ "type": "Feature", "properties": { "name": null, "weight_class": 1, "permanent": true, "length_km": 2.1 }, "geometry": { "type": "LineString", "coordinates": [ [ 2.32718, 43.81178 ], [ 2.3182, 43.82389 ], [ 2.31482, 43.82498 ], [ 2.31357, 43.82669 ] ] } },
{ "type": "Feature", "properties": { "name": null, "weight_class": 1, "permanent": true, "length_km": 2.2 }, "geometry": { "type": "LineString", "coordinates": [ [ 2.32013, 43.8114 ], [ 2.31684, 43.81306 ], [ 2.31441, 43.81611 ], [ 2.31129, 43.81679 ], [ 2.30991, 43.81934 ], [ 2.30655, 43.82104 ], [ 2.29972, 43.82268 ] ] } },
{ "type": "Feature", "properties": { "name": null, "weight_class": 1, "permanent": false, "length_km": 2.7 }, "geometry": { "type": "LineString", "coordinates": [ [ 2.33291, 43.83117 ], [ 2.32393, 43.83525 ], [ 2.32113, 43.83517 ], [ 2.3189, 43.83639 ], [ 2.31608, 43.8366 ], [ 2.31313, 43.83839 ], [ 2.30909, 43.84359 ] ] } },
{ "type": "Feature", "properties": { "name": "le Dadou", "weight_class": 3, "permanent": true, "length_km": 118.2 }, "geometry": { "type": "LineString", "coordinates": [ [ 2.62271, 43.7896 ], [ 2.61933, 43.79019 ], [ 2.61616, 43.79222 ], [ 2.6125, 43.79282 ], [ 2.60698, 43.79549 ], [ 2.60396, 43.7976 ], [ 2.60255, 43.80306 ], [ 2.59501, 43.8044 ], [ 2.59021, 43.80668 ], [ 2.58179, 43.80777 ], [ 2.5727, 43.80653 ], [ 2.57155, 43.80556 ], [ 2.57017, 43.80675 ], [ 2.5659, 43.80595 ], [ 2.56609, 43.80298 ], [ 2.5644, 43.80327 ], [ 2.56125, 43.80165 ], [ 2.55773, 43.80175 ], [ 2.55513, 43.80295 ], [ 2.55351, 43.80173 ], [ 2.55148, 43.80162 ], [ 2.55035, 43.80028 ], [ 2.54685, 43.80049 ], [ 2.54506, 43.79977 ], [ 2.54279, 43.79547 ], [ 2.54022, 43.79436 ], [ 2.53833, 43.79826 ], [ 2.53674, 43.79814 ], [ 2.53609, 43.79587 ], [ 2.53492, 43.79563 ], [ 2.53429, 43.79786 ], [ 2.53061, 43.79824 ], [ 2.53002, 43.79456 ], [ 2.5269, 43.79543 ], [ 2.52666, 43.79367 ], [ 2.52471, 43.79515 ], [ 2.52248, 43.79506 ], [ 2.52242, 43.79227 ], [ 2.51911, 43.79126 ], [ 2.51816, 43.78931 ], [ 2.51522, 43.79161 ], [ 2.5122, 43.79123 ], [ 2.50935, 43.78912 ], [ 2.50684, 43.79195 ], [ 2.50057, 43.79205 ], [ 2.49779, 43.78997 ], [ 2.49552, 43.78949 ], [ 2.48823, 43.79178 ], [ 2.48739, 43.79022 ], [ 2.48912, 43.78929 ], [ 2.48612, 43.78659 ], [ 2.48284, 43.78721 ], [ 2.48003, 43.78657 ], [ 2.47705, 43.78835 ], [ 2.47277, 43.78748 ], [ 2.47575, 43.78963 ], [ 2.4739, 43.79072 ], [ 2.47338, 43.78919 ], [ 2.4711, 43.78896 ], [ 2.47097, 43.79014 ], [ 2.46988, 43.7902 ], [ 2.4665, 43.78647 ], [ 2.46377, 43.78657 ], [ 2.46054, 43.78952 ], [ 2.45779, 43.79061 ], [ 2.46266, 43.79309 ], [ 2.46174, 43.79499 ], [ 2.45985, 43.79412 ], [ 2.45275, 43.79521 ], [ 2.45191, 43.79414 ], [ 2.45019, 43.79403 ], [ 2.44712, 43.795 ], [ 2.44891, 43.79813 ], [ 2.44735, 43.799 ], [ 2.4491, 43.79987 ], [ 2.44678, 43.80839 ], [ 2.44536, 43.80892 ], [ 2.44351, 43.80835 ], [ 2.43957, 43.81028 ], [ 2.43853, 43.81259 ], [ 2.4422, 43.8132 ], [ 2.44266, 43.81462 ], [ 2.44129, 43.81639 ], [ 2.43646, 43.81846 ], [ 2.43938, 43.81904 ], [ 2.44217, 43.8238 ], [ 2.44144, 43.82506 ], [ 2.43946, 43.82603 ], [ 2.43726, 43.82494 ], [ 2.43732, 43.82232 ], [ 2.43154, 43.82332 ], [ 2.42954, 43.82278 ], [ 2.42713, 43.82603 ], [ 2.42054, 43.82896 ], [ 2.42041, 43.83133 ], [ 2.42206, 43.83205 ], [ 2.42615, 43.83166 ], [ 2.42416, 43.83423 ], [ 2.41984, 43.83389 ], [ 2.41823, 43.83558 ], [ 2.42018, 43.83715 ], [ 2.42324, 43.8368 ], [ 2.4236, 43.83791 ], [ 2.42112, 43.8387 ], [ 2.41455, 43.83681 ], [ 2.4087, 43.83969 ], [ 2.40327, 43.83994 ], [ 2.40196, 43.84048 ], [ 2.40243, 43.84385 ], [ 2.40139, 43.84463 ], [ 2.39915, 43.84373 ], [ 2.39731, 43.84409 ], [ 2.39898, 43.84027 ], [ 2.39725, 43.8392 ], [ 2.39199, 43.83968 ], [ 2.38736, 43.83822 ], [ 2.38836, 43.84152 ], [ 2.38706, 43.84235 ], [ 2.38497, 43.84184 ], [ 2.38021, 43.83631 ], [ 2.38022, 43.83864 ], [ 2.37831, 43.83799 ], [ 2.378, 43.83497 ], [ 2.3809, 43.83314 ], [ 2.37952, 43.83236 ], [ 2.37809, 43.83302 ], [ 2.37696, 43.83253 ], [ 2.37951, 43.82609 ], [ 2.38492, 43.82385 ], [ 2.3834, 43.82236 ], [ 2.37233, 43.82321 ], [ 2.36756, 43.82173 ], [ 2.36236, 43.8184 ], [ 2.35703, 43.81715 ], [ 2.35537, 43.81876 ], [ 2.36054, 43.82408 ], [ 2.36027, 43.8255 ], [ 2.35661, 43.82577 ], [ 2.35345, 43.82452 ], [ 2.35258, 43.82209 ], [ 2.34869, 43.81838 ], [ 2.3478, 43.81552 ], [ 2.34371, 43.81229 ], [ 2.34431, 43.80852 ], [ 2.34109, 43.80695 ], [ 2.34208, 43.80592 ], [ 2.34708, 43.80634 ], [ 2.35037, 43.80565 ], [ 2.35033, 43.80467 ], [ 2.34788, 43.80375 ], [ 2.34912, 43.80301 ], [ 2.34559, 43.80301 ], [ 2.34499, 43.80175 ], [ 2.35077, 43.79904 ], [ 2.34977, 43.79598 ], [ 2.34506, 43.79467 ], [ 2.342, 43.79483 ], [ 2.33741, 43.79261 ], [ 2.33571, 43.79052 ], [ 2.33243, 43.79018 ], [ 2.32898, 43.78618 ], [ 2.32387, 43.78675 ], [ 2.32228, 43.77888 ], [ 2.32057, 43.77474 ], [ 2.31809, 43.77242 ], [ 2.3202, 43.77157 ], [ 2.32035, 43.77052 ], [ 2.31802, 43.76905 ], [ 2.31701, 43.7667 ], [ 2.3114, 43.76334 ], [ 2.30669, 43.76516 ], [ 2.30309, 43.76369 ], [ 2.29792, 43.76437 ], [ 2.29784, 43.76518 ], [ 2.30078, 43.76602 ], [ 2.30081, 43.76736 ], [ 2.29354, 43.77042 ], [ 2.28818, 43.76894 ], [ 2.28278, 43.76956 ], [ 2.28042, 43.76892 ], [ 2.27822, 43.76714 ], [ 2.278, 43.76403 ], [ 2.2764, 43.76256 ], [ 2.27256, 43.76291 ], [ 2.27325, 43.76469 ], [ 2.27196, 43.7656 ], [ 2.26875, 43.76571 ], [ 2.26517, 43.76338 ], [ 2.26345, 43.76511 ], [ 2.25956, 43.76619 ], [ 2.25113, 43.76188 ], [ 2.24011, 43.76242 ], [ 2.23801, 43.7633 ], [ 2.23559, 43.7629 ], [ 2.23483, 43.76534 ], [ 2.23108, 43.76713 ], [ 2.21997, 43.76582 ], [ 2.21589, 43.77048 ], [ 2.21209, 43.76694 ], [ 2.20665, 43.76954 ], [ 2.20202, 43.7693 ], [ 2.19995, 43.76513 ], [ 2.19688, 43.76249 ], [ 2.19809, 43.76048 ], [ 2.1952, 43.75964 ], [ 2.19058, 43.76176 ], [ 2.18818, 43.76135 ], [ 2.1864, 43.76213 ], [ 2.18435, 43.76456 ], [ 2.18101, 43.7632 ], [ 2.17286, 43.76819 ], [ 2.16241, 43.76932 ], [ 2.16027, 43.77251 ], [ 2.15658, 43.77508 ], [ 2.15762, 43.77787 ], [ 2.15008, 43.78144 ], [ 2.14743, 43.78179 ], [ 2.14195, 43.78062 ], [ 2.13384, 43.78202 ], [ 2.12605, 43.78146 ], [ 2.1243, 43.78346 ], [ 2.12192, 43.78277 ], [ 2.11707, 43.77889 ], [ 2.11241, 43.7779 ], [ 2.11138, 43.77652 ], [ 2.1052, 43.77483 ], [ 2.09848, 43.77818 ], [ 2.09471, 43.77893 ], [ 2.08713, 43.7776 ], [ 2.08403, 43.77842 ], [ 2.08332, 43.77589 ], [ 2.08096, 43.77421 ], [ 2.07591, 43.77326 ], [ 2.07276, 43.77126 ], [ 2.06415, 43.77074 ], [ 2.05834, 43.76501 ], [ 2.05567, 43.76512 ], [ 2.05461, 43.76692 ], [ 2.04745, 43.76372 ], [ 2.04297, 43.76398 ], [ 2.03881, 43.76258 ], [ 2.03401, 43.76335 ], [ 2.02248, 43.7622 ], [ 2.01546, 43.76453 ], [ 2.01323, 43.76254 ], [ 2.00859, 43.76414 ], [ 2.00602, 43.76268 ], [ 1.99456, 43.76124 ], [ 1.99003, 43.76294 ], [ 1.98964, 43.76403 ], [ 1.99294, 43.76643 ], [ 1.9944, 43.76885 ], [ 1.99809, 43.76969 ], [ 1.99867, 43.77054 ], [ 1.99705, 43.77326 ], [ 1.99219, 43.77542 ], [ 1.98894, 43.77551 ], [ 1.98388, 43.77286 ], [ 1.97964, 43.77227 ], [ 1.97804, 43.77085 ], [ 1.97601, 43.77075 ], [ 1.97463, 43.77247 ], [ 1.96705, 43.76863 ], [ 1.96481, 43.7692 ], [ 1.96405, 43.77126 ], [ 1.96004, 43.77338 ], [ 1.95849, 43.76983 ], [ 1.95397, 43.76964 ], [ 1.95264, 43.76841 ], [ 1.94968, 43.76991 ], [ 1.94582, 43.76796 ], [ 1.93982, 43.76903 ], [ 1.93627, 43.76846 ], [ 1.93575, 43.76702 ], [ 1.93759, 43.76542 ], [ 1.94108, 43.76509 ], [ 1.94133, 43.76071 ], [ 1.9391, 43.75893 ], [ 1.93615, 43.76025 ], [ 1.93615, 43.76266 ], [ 1.93486, 43.76363 ], [ 1.93167, 43.76292 ], [ 1.93388, 43.76146 ], [ 1.93248, 43.75973 ], [ 1.92546, 43.75882 ], [ 1.92218, 43.75986 ], [ 1.92075, 43.76268 ], [ 1.91476, 43.76405 ], [ 1.90995, 43.75911 ], [ 1.90629, 43.75864 ], [ 1.90786, 43.75643 ], [ 1.90532, 43.75187 ], [ 1.90127, 43.74909 ], [ 1.89921, 43.74947 ], [ 1.89804, 43.75221 ], [ 1.89105, 43.74917 ], [ 1.88056, 43.74947 ], [ 1.8741, 43.74765 ], [ 1.87098, 43.74857 ], [ 1.86952, 43.75098 ], [ 1.86076, 43.75261 ], [ 1.85593, 43.75001 ], [ 1.85265, 43.74934 ], [ 1.84296, 43.74997 ], [ 1.83991, 43.74784 ], [ 1.83927, 43.7447 ], [ 1.83695, 43.7437 ], [ 1.8334, 43.74439 ], [ 1.83017, 43.74711 ], [ 1.82542, 43.7455 ], [ 1.82419, 43.74771 ], [ 1.82311, 43.74777 ], [ 1.81177, 43.74342 ], [ 1.80881, 43.73736 ], [ 1.80393, 43.73776 ], [ 1.79893, 43.73615 ], [ 1.78922, 43.73642 ] ] } },
{ "type": "Feature", "properties": { "name": "Rec del Bouys", "weight_class": 1, "permanent": true, "length_km": 4.6 }, "geometry": { "type": "LineString", "coordinates": [ [ 2.42614, 43.80281 ], [ 2.42388, 43.80244 ], [ 2.41876, 43.80523 ], [ 2.41477, 43.80564 ], [ 2.41261, 43.80463 ], [ 2.41047, 43.80728 ], [ 2.40439, 43.80944 ], [ 2.40156, 43.81284 ], [ 2.39604, 43.81507 ], [ 2.39315, 43.81879 ], [ 2.38878, 43.81904 ], [ 2.38502, 43.82337 ] ] } },
{ "type": "Feature", "properties": { "name": "Ruisseau du Cassou", "weight_class": 1, "permanent": true, "length_km": 2.8 }, "geometry": { "type": "LineString", "coordinates": [ [ 2.32457, 43.82506 ], [ 2.31588, 43.82784 ], [ 2.31321, 43.82659 ], [ 2.30406, 43.82505 ], [ 2.29869, 43.82223 ], [ 2.29494, 43.82366 ] ] } },
{ "type": "Feature", "properties": { "name": "Ruisseau de Gauma", "weight_class": 1, "permanent": true, "length_km": 3.9 }, "geometry": { "type": "LineString", "coordinates": [ [ 2.24653, 43.81816 ], [ 2.2423, 43.81704 ], [ 2.23782, 43.81335 ], [ 2.23354, 43.80863 ], [ 2.23329, 43.8043 ], [ 2.23063, 43.80201 ], [ 2.23, 43.79976 ], [ 2.22865, 43.79932 ], [ 2.22965, 43.7981 ], [ 2.22835, 43.79493 ], [ 2.23134, 43.79461 ], [ 2.2337, 43.79289 ] ] } },
{ "type": "Feature", "properties": { "name": "Ruisseau des Bouisses", "weight_class": 1, "permanent": true, "length_km": 4.7 }, "geometry": { "type": "LineString", "coordinates": [ [ 2.42469, 43.79367 ], [ 2.42458, 43.79257 ], [ 2.42091, 43.79177 ], [ 2.41871, 43.789 ], [ 2.41593, 43.79032 ], [ 2.41011, 43.79039 ], [ 2.40698, 43.79128 ], [ 2.40552, 43.78791 ], [ 2.40319, 43.78687 ], [ 2.3981, 43.78832 ], [ 2.39337, 43.79143 ], [ 2.39258, 43.7905 ], [ 2.39134, 43.79118 ], [ 2.3869, 43.79035 ], [ 2.38318, 43.78656 ] ] } },
{ "type": "Feature", "properties": { "name": "le Dadounet", "weight_class": 1, "permanent": true, "length_km": 15.7 }, "geometry": { "type": "LineString", "coordinates": [ [ 2.49514, 43.76351 ], [ 2.49395, 43.76215 ], [ 2.49036, 43.76195 ], [ 2.48677, 43.76016 ], [ 2.48212, 43.75924 ], [ 2.47228, 43.76085 ], [ 2.46805, 43.76458 ], [ 2.46045, 43.76476 ], [ 2.45984, 43.76602 ], [ 2.45712, 43.76694 ], [ 2.45691, 43.76957 ], [ 2.45035, 43.77385 ], [ 2.44675, 43.77306 ], [ 2.44376, 43.77369 ], [ 2.43792, 43.77304 ], [ 2.43495, 43.77174 ], [ 2.4347, 43.77246 ], [ 2.42495, 43.77438 ], [ 2.42344, 43.77573 ], [ 2.41756, 43.77606 ], [ 2.41336, 43.7731 ], [ 2.4079, 43.77898 ], [ 2.40519, 43.7778 ], [ 2.4024, 43.77883 ], [ 2.40081, 43.78093 ], [ 2.39253, 43.78434 ], [ 2.38585, 43.78471 ], [ 2.38574, 43.7859 ], [ 2.38243, 43.78687 ], [ 2.38231, 43.78803 ], [ 2.38067, 43.78801 ], [ 2.38008, 43.78942 ], [ 2.37756, 43.78849 ], [ 2.37381, 43.7922 ], [ 2.36761, 43.79278 ], [ 2.3616, 43.79751 ], [ 2.35802, 43.79859 ], [ 2.35075, 43.79837 ] ] } },
{ "type": "Feature", "properties": { "name": "Ruisseau des Bardes", "weight_class": 1, "permanent": true, "length_km": 14.9 }, "geometry": { "type": "LineString", "coordinates": [ [ 2.4609, 43.74771 ], [ 2.45659, 43.74882 ], [ 2.44765, 43.7533 ], [ 2.43959, 43.75544 ], [ 2.43595, 43.75514 ], [ 2.43188, 43.75661 ], [ 2.42614, 43.75699 ], [ 2.41988, 43.75904 ], [ 2.41674, 43.75827 ], [ 2.41613, 43.75663 ], [ 2.41273, 43.75588 ], [ 2.40653, 43.75824 ], [ 2.40545, 43.76069 ], [ 2.40324, 43.76017 ], [ 2.4013, 43.7612 ], [ 2.39858, 43.76006 ], [ 2.39376, 43.76173 ], [ 2.39457, 43.76303 ], [ 2.39081, 43.76203 ], [ 2.38888, 43.76356 ], [ 2.38459, 43.76328 ], [ 2.38316, 43.76537 ], [ 2.37845, 43.76542 ], [ 2.37597, 43.76757 ], [ 2.37407, 43.76766 ], [ 2.37301, 43.76922 ], [ 2.36533, 43.77052 ], [ 2.36441, 43.77162 ], [ 2.36094, 43.77138 ], [ 2.35723, 43.77368 ], [ 2.35469, 43.77318 ], [ 2.34976, 43.77019 ], [ 2.34625, 43.77161 ], [ 2.34451, 43.77107 ], [ 2.34228, 43.77235 ], [ 2.33711, 43.77066 ], [ 2.33255, 43.77082 ], [ 2.32926, 43.7746 ], [ 2.32789, 43.77374 ], [ 2.32244, 43.77318 ], [ 2.32047, 43.77089 ] ] } },
{ "type": "Feature", "properties": { "name": "Ruisseau d'Auriole", "weight_class": 1, "permanent": false, "length_km": 3.6 }, "geometry": { "type": "LineString", "coordinates": [ [ 2.2833, 43.71176 ], [ 2.28339, 43.70714 ], [ 2.28227, 43.70619 ], [ 2.28309, 43.70422 ], [ 2.28743, 43.69955 ], [ 2.29, 43.69142 ], [ 2.29766, 43.68424 ] ] } },
{ "type": "Feature", "properties": { "name": null, "weight_class": 1, "permanent": true, "length_km": 2.5 }, "geometry": { "type": "LineString", "coordinates": [ [ 2.40094, 43.74326 ], [ 2.39694, 43.74392 ], [ 2.39333, 43.74257 ], [ 2.39023, 43.74356 ], [ 2.38658, 43.74301 ], [ 2.38074, 43.73785 ], [ 2.38052, 43.73459 ] ] } },
{ "type": "Feature", "properties": { "name": null, "weight_class": 1, "permanent": false, "length_km": 2.0 }, "geometry": { "type": "LineString", "coordinates": [ [ 2.3778, 43.74425 ], [ 2.36673, 43.74786 ], [ 2.36201, 43.74623 ], [ 2.35679, 43.74256 ] ] } },
{ "type": "Feature", "properties": { "name": null, "weight_class": 1, "permanent": true, "length_km": 2.7 }, "geometry": { "type": "LineString", "coordinates": [ [ 2.37898, 43.70044 ], [ 2.3733, 43.70405 ], [ 2.36612, 43.70481 ], [ 2.36543, 43.70392 ], [ 2.35814, 43.70393 ], [ 2.35519, 43.70287 ], [ 2.35395, 43.6999 ] ] } },
{ "type": "Feature", "properties": { "name": null, "weight_class": 1, "permanent": true, "length_km": 3.1 }, "geometry": { "type": "LineString", "coordinates": [ [ 2.3724, 43.69275 ], [ 2.36862, 43.69426 ], [ 2.3678, 43.69938 ], [ 2.36304, 43.70125 ], [ 2.35371, 43.69989 ], [ 2.35061, 43.69711 ], [ 2.34572, 43.69601 ] ] } },
{ "type": "Feature", "properties": { "name": null, "weight_class": 1, "permanent": true, "length_km": 3.9 }, "geometry": { "type": "LineString", "coordinates": [ [ 2.27217, 43.74658 ], [ 2.26239, 43.74789 ], [ 2.25314, 43.75035 ], [ 2.24555, 43.75354 ], [ 2.24154, 43.75323 ], [ 2.2364, 43.75448 ], [ 2.23505, 43.75327 ], [ 2.22854, 43.75324 ] ] } },
{ "type": "Feature", "properties": { "name": null, "weight_class": 1, "permanent": false, "length_km": 4.6 }, "geometry": { "type": "LineString", "coordinates": [ [ 2.29717, 43.71845 ], [ 2.29736, 43.71194 ], [ 2.2991, 43.70902 ], [ 2.30427, 43.70579 ], [ 2.30544, 43.70297 ], [ 2.30823, 43.7003 ], [ 2.30941, 43.69511 ], [ 2.3133, 43.68935 ], [ 2.31137, 43.68248 ] ] } },
{ "type": "Feature", "properties": { "name": null, "weight_class": 1, "permanent": true, "length_km": 2.5 }, "geometry": { "type": "LineString", "coordinates": [ [ 2.23589, 43.71956 ], [ 2.23287, 43.72166 ], [ 2.23068, 43.7325 ], [ 2.2321, 43.73692 ], [ 2.23473, 43.73948 ] ] } },
{ "type": "Feature", "properties": { "name": null, "weight_class": 1, "permanent": true, "length_km": 2.1 }, "geometry": { "type": "LineString", "coordinates": [ [ 2.23793, 43.7149 ], [ 2.22814, 43.71449 ], [ 2.22446, 43.71523 ], [ 2.22331, 43.71308 ], [ 2.21853, 43.71154 ], [ 2.2164, 43.70974 ] ] } },
{ "type": "Feature", "properties": { "name": "Rieu de l'Aze", "weight_class": 1, "permanent": true, "length_km": 2.9 }, "geometry": { "type": "LineString", "coordinates": [ [ 2.37452, 43.73961 ], [ 2.36935, 43.74165 ], [ 2.36407, 43.74074 ], [ 2.36195, 43.74196 ], [ 2.35088, 43.74396 ], [ 2.34461, 43.744 ], [ 2.34188, 43.74506 ] ] } },
{ "type": "Feature", "properties": { "name": "Ruisseau de Bernabrol", "weight_class": 1, "permanent": true, "length_km": 6.0 }, "geometry": { "type": "LineString", "coordinates": [ [ 2.40288, 43.74656 ], [ 2.39994, 43.74617 ], [ 2.39904, 43.74692 ], [ 2.38846, 43.74829 ], [ 2.38178, 43.75465 ], [ 2.37478, 43.75561 ], [ 2.36966, 43.75761 ], [ 2.36741, 43.75684 ], [ 2.36323, 43.75734 ], [ 2.35785, 43.76019 ], [ 2.35428, 43.76072 ], [ 2.35394, 43.76225 ], [ 2.35062, 43.76452 ], [ 2.35118, 43.76811 ], [ 2.34949, 43.77042 ] ] } },
{ "type": "Feature", "properties": { "name": "Rieu de l'Aze", "weight_class": 1, "permanent": true, "length_km": 15.7 }, "geometry": { "type": "LineString", "coordinates": [ [ 2.44474, 43.74363 ], [ 2.44263, 43.74217 ], [ 2.44002, 43.74243 ], [ 2.43602, 43.74132 ], [ 2.43152, 43.73846 ], [ 2.42119, 43.74091 ], [ 2.4155, 43.73981 ], [ 2.41415, 43.73605 ], [ 2.41226, 43.73531 ], [ 2.40718, 43.73653 ], [ 2.40225, 43.73398 ], [ 2.39465, 43.73396 ], [ 2.39029, 43.73284 ], [ 2.38041, 43.73458 ], [ 2.37633, 43.73318 ], [ 2.37455, 43.73154 ], [ 2.36885, 43.73127 ], [ 2.36538, 43.73207 ], [ 2.36166, 43.73151 ], [ 2.35978, 43.73218 ], [ 2.35654, 43.73104 ], [ 2.35624, 43.73201 ], [ 2.35042, 43.73405 ], [ 2.34513, 43.73751 ], [ 2.34202, 43.74125 ], [ 2.34188, 43.74506 ], [ 2.33929, 43.74692 ], [ 2.33696, 43.74703 ], [ 2.33481, 43.74561 ], [ 2.33096, 43.74591 ], [ 2.32776, 43.7476 ], [ 2.32522, 43.75087 ], [ 2.31769, 43.7522 ], [ 2.31768, 43.75455 ], [ 2.31454, 43.75476 ], [ 2.31386, 43.75344 ], [ 2.31314, 43.75524 ], [ 2.31466, 43.7562 ], [ 2.31153, 43.76338 ] ] } },
{ "type": "Feature", "properties": { "name": "Ruisseau de Bezan", "weight_class": 1, "permanent": true, "length_km": 12.2 }, "geometry": { "type": "LineString", "coordinates": [ [ 2.37265, 43.71663 ], [ 2.36841, 43.71693 ], [ 2.3624, 43.71398 ], [ 2.35647, 43.71487 ], [ 2.35182, 43.71917 ], [ 2.34764, 43.72071 ], [ 2.33794, 43.72686 ], [ 2.33259, 43.72696 ], [ 2.32324, 43.73017 ], [ 2.32136, 43.73126 ], [ 2.31991, 43.7342 ], [ 2.31731, 43.73545 ], [ 2.31617, 43.73829 ], [ 2.31481, 43.73903 ], [ 2.31569, 43.74308 ], [ 2.31429, 43.74624 ], [ 2.31173, 43.74828 ], [ 2.30577, 43.74908 ], [ 2.30365, 43.74771 ], [ 2.30217, 43.74779 ], [ 2.3001, 43.74932 ], [ 2.29944, 43.74769 ], [ 2.29414, 43.74842 ], [ 2.28858, 43.75062 ], [ 2.28635, 43.75313 ], [ 2.28445, 43.75156 ], [ 2.28195, 43.75407 ], [ 2.27554, 43.75769 ], [ 2.27462, 43.76237 ] ] } },
{ "type": "Feature", "properties": { "name": "Ruisseau de Peyremule", "weight_class": 1, "permanent": false, "length_km": 7.6 }, "geometry": { "type": "LineString", "coordinates": [ [ 2.27514, 43.7077 ], [ 2.27202, 43.70586 ], [ 2.26839, 43.70627 ], [ 2.26219, 43.71221 ], [ 2.25639, 43.71598 ], [ 2.25018, 43.72421 ], [ 2.24524, 43.72849 ], [ 2.2438, 43.72856 ], [ 2.23996, 43.73522 ], [ 2.23491, 43.73874 ], [ 2.23455, 43.74085 ], [ 2.22588, 43.74991 ], [ 2.22509, 43.75218 ], [ 2.22672, 43.75491 ] ] } },
{ "type": "Feature", "properties": { "name": "Ruisseau de l'Usclade", "weight_class": 1, "permanent": true, "length_km": 5.2 }, "geometry": { "type": "LineString", "coordinates": [ [ 2.40733, 43.72391 ], [ 2.40596, 43.72199 ], [ 2.40309, 43.72151 ], [ 2.40174, 43.71854 ], [ 2.39854, 43.71549 ], [ 2.39852, 43.71348 ], [ 2.39547, 43.71121 ], [ 2.39495, 43.70411 ], [ 2.39244, 43.70296 ], [ 2.39446, 43.7016 ], [ 2.39395, 43.69973 ], [ 2.39815, 43.69695 ], [ 2.39811, 43.69338 ], [ 2.40051, 43.69121 ], [ 2.40332, 43.69033 ] ] } },
{ "type": "Feature", "properties": { "name": null, "weight_class": 1, "permanent": false, "length_km": 2.6 }, "geometry": { "type": "LineString", "coordinates": [ [ 2.34195, 43.7164 ], [ 2.3376, 43.71397 ], [ 2.33684, 43.71186 ], [ 2.33227, 43.70744 ], [ 2.33319, 43.70353 ], [ 2.34024, 43.69933 ] ] } },
{ "type": "Feature", "properties": { "name": "Ruisseau de l'Houlette", "weight_class": 1, "permanent": true, "length_km": 4.8 }, "geometry": { "type": "LineString", "coordinates": [ [ 2.34657, 43.71581 ], [ 2.34865, 43.71219 ], [ 2.34851, 43.70917 ], [ 2.34513, 43.7042 ], [ 2.34203, 43.70254 ], [ 2.34024, 43.69933 ], [ 2.34671, 43.69469 ], [ 2.34833, 43.69492 ], [ 2.34831, 43.69342 ], [ 2.34989, 43.69226 ], [ 2.34926, 43.69082 ], [ 2.35065, 43.68579 ], [ 2.35188, 43.68444 ], [ 2.35117, 43.68219 ] ] } },
{ "type": "Feature", "properties": { "name": "Ruisseau de Moynes", "weight_class": 1, "permanent": false, "length_km": 3.6 }, "geometry": { "type": "LineString", "coordinates": [ [ 2.28722, 43.71452 ], [ 2.28591, 43.71694 ], [ 2.28201, 43.71793 ], [ 2.26402, 43.72838 ], [ 2.26313, 43.73061 ], [ 2.26052, 43.73267 ], [ 2.25966, 43.73539 ] ] } },
{ "type": "Feature", "properties": { "name": "Ruisseau de Bagas", "weight_class": 1, "permanent": true, "length_km": 22.1 }, "geometry": { "type": "MultiLineString", "coordinates": [ [ [ 2.16501, 43.69296 ], [ 2.16281, 43.6916 ], [ 2.15792, 43.69097 ], [ 2.15527, 43.68822 ], [ 2.15157, 43.68787 ], [ 2.14751, 43.68368 ], [ 2.14346, 43.68151 ], [ 2.14068, 43.6765 ], [ 2.13742, 43.67386 ], [ 2.13559, 43.66807 ], [ 2.13373, 43.66688 ], [ 2.13235, 43.66418 ], [ 2.12317, 43.6617 ], [ 2.1212, 43.6591 ], [ 2.11659, 43.65622 ], [ 2.11195, 43.65543 ], [ 2.11014, 43.65349 ], [ 2.10529, 43.65149 ], [ 2.10269, 43.64735 ], [ 2.09533, 43.64291 ], [ 2.09032, 43.63433 ], [ 2.08329, 43.63147 ], [ 2.08307, 43.62985 ], [ 2.08601, 43.62779 ], [ 2.08604, 43.62674 ], [ 2.08309, 43.6256 ], [ 2.07698, 43.62669 ], [ 2.07481, 43.62604 ], [ 2.0727, 43.62295 ] ], [ [ 2.1732, 43.69519 ], [ 2.17199, 43.69425 ], [ 2.17125, 43.69401 ], [ 2.16501, 43.69296 ] ], [ [ 2.1732, 43.69519 ], [ 2.16501, 43.69296 ] ], [ [ 2.25151, 43.70276 ], [ 2.2485, 43.70292 ], [ 2.24774, 43.70548 ], [ 2.24531, 43.70721 ], [ 2.24196, 43.70736 ], [ 2.23986, 43.70995 ], [ 2.23051, 43.71136 ], [ 2.2252, 43.70894 ], [ 2.2164, 43.70974 ], [ 2.21181, 43.70827 ], [ 2.20905, 43.70686 ], [ 2.20863, 43.7034 ], [ 2.20332, 43.70067 ], [ 2.20061, 43.70178 ], [ 2.18925, 43.69969 ], [ 2.17985, 43.6998 ], [ 2.1732, 43.69519 ] ] ] } },
{ "type": "Feature", "properties": { "name": "Ruisseau du Puget", "weight_class": 1, "permanent": false, "length_km": 2.5 }, "geometry": { "type": "LineString", "coordinates": [ [ 2.27465, 43.69058 ], [ 2.28283, 43.68828 ], [ 2.28539, 43.68568 ], [ 2.2913, 43.68271 ], [ 2.29212, 43.68047 ], [ 2.29063, 43.67605 ] ] } },
{ "type": "Feature", "properties": { "name": "Ruisseau de Lopis", "weight_class": 1, "permanent": true, "length_km": 3.0 }, "geometry": { "type": "LineString", "coordinates": [ [ 2.26324, 43.69447 ], [ 2.26525, 43.69273 ], [ 2.26469, 43.69079 ], [ 2.25843, 43.68948 ], [ 2.25547, 43.68796 ], [ 2.2581, 43.68442 ], [ 2.25732, 43.68056 ], [ 2.2588, 43.67469 ] ] } },
{ "type": "Feature", "properties": { "name": null, "weight_class": 1, "permanent": false, "length_km": 2.0 }, "geometry": { "type": "LineString", "coordinates": [ [ 2.31666, 43.55002 ], [ 2.31481, 43.54948 ], [ 2.31017, 43.55023 ], [ 2.30465, 43.54717 ], [ 2.30075, 43.54726 ], [ 2.29863, 43.54585 ], [ 2.29827, 43.54353 ] ] } },
{ "type": "Feature", "properties": { "name": null, "weight_class": 1, "permanent": false, "length_km": 2.1 }, "geometry": { "type": "LineString", "coordinates": [ [ 2.31775, 43.54468 ], [ 2.30971, 43.5461 ], [ 2.2984, 43.5436 ], [ 2.29601, 43.54022 ] ] } },
{ "type": "Feature", "properties": { "name": "Ruisseau du Carla", "weight_class": 1, "permanent": false, "length_km": 2.5 }, "geometry": { "type": "LineString", "coordinates": [ [ 2.34637, 43.66302 ], [ 2.34358, 43.66304 ], [ 2.33843, 43.66099 ], [ 2.33412, 43.65289 ], [ 2.33014, 43.64957 ], [ 2.32668, 43.64977 ] ] } },
{ "type": "Feature", "properties": { "name": "Ruisseau des Tourettes", "weight_class": 1, "permanent": false, "length_km": 2.9 }, "geometry": { "type": "LineString", "coordinates": [ [ 2.27057, 43.6829 ], [ 2.27584, 43.67643 ], [ 2.28442, 43.67461 ], [ 2.28951, 43.67096 ], [ 2.29427, 43.6699 ], [ 2.29461, 43.66841 ], [ 2.2968, 43.66793 ] ] } },
{ "type": "Feature", "properties": { "name": "Ruisseau d'Ayguebello", "weight_class": 1, "permanent": false, "length_km": 2.0 }, "geometry": { "type": "LineString", "coordinates": [ [ 2.35343, 43.64187 ], [ 2.33904, 43.64045 ], [ 2.33109, 43.64471 ] ] } },
{ "type": "Feature", "properties": { "name": null, "weight_class": 1, "permanent": true, "length_km": 2.2 }, "geometry": { "type": "LineString", "coordinates": [ [ 2.36416, 43.66698 ], [ 2.36224, 43.66541 ], [ 2.35832, 43.66505 ], [ 2.35331, 43.66826 ], [ 2.34973, 43.6679 ], [ 2.35079, 43.67426 ] ] } },
{ "type": "Feature", "properties": { "name": null, "weight_class": 1, "permanent": false, "length_km": 3.0 }, "geometry": { "type": "LineString", "coordinates": [ [ 2.39236, 43.66279 ], [ 2.37742, 43.66206 ], [ 2.37559, 43.66611 ], [ 2.37593, 43.67129 ], [ 2.37243, 43.67514 ], [ 2.37252, 43.67642 ] ] } },
{ "type": "Feature", "properties": { "name": "Ruisseau du Verdet", "weight_class": 1, "permanent": true, "length_km": 3.2 }, "geometry": { "type": "LineString", "coordinates": [ [ 2.44995, 43.56762 ], [ 2.44826, 43.56981 ], [ 2.44524, 43.57022 ], [ 2.44382, 43.57157 ], [ 2.43957, 43.5715 ], [ 2.43335, 43.57485 ], [ 2.42717, 43.57573 ], [ 2.42518, 43.57723 ], [ 2.41744, 43.57859 ] ] } },
{ "type": "Feature", "properties": { "name": "Ravin du Chien", "weight_class": 1, "permanent": false, "length_km": 2.4 }, "geometry": { "type": "LineString", "coordinates": [ [ 2.34262, 43.58884 ], [ 2.34086, 43.58587 ], [ 2.34348, 43.58028 ], [ 2.34361, 43.57457 ], [ 2.33891, 43.56937 ] ] } },
{ "type": "Feature", "properties": { "name": null, "weight_class": 1, "permanent": false, "length_km": 2.4 }, "geometry": { "type": "LineString", "coordinates": [ [ 2.37679, 43.6041 ], [ 2.38009, 43.59835 ], [ 2.37845, 43.59372 ], [ 2.38338, 43.58533 ] ] } },
{ "type": "Feature", "properties": { "name": null, "weight_class": 1, "permanent": false, "length_km": 2.5 }, "geometry": { "type": "LineString", "coordinates": [ [ 2.42093, 43.64467 ], [ 2.4208, 43.64777 ], [ 2.41776, 43.64984 ], [ 2.41777, 43.65335 ], [ 2.41518, 43.65668 ], [ 2.41537, 43.66514 ] ] } },
{ "type": "Feature", "properties": { "name": "Rieu Maud", "weight_class": 1, "permanent": true, "length_km": 4.8 }, "geometry": { "type": "LineString", "coordinates": [ [ 2.38703, 43.63059 ], [ 2.38337, 43.6336 ], [ 2.38242, 43.63695 ], [ 2.36459, 43.63912 ], [ 2.36218, 43.64049 ], [ 2.36151, 43.64317 ], [ 2.35842, 43.64621 ], [ 2.35473, 43.6476 ], [ 2.35426, 43.64887 ], [ 2.35073, 43.65071 ], [ 2.34907, 43.65407 ] ] } },
{ "type": "Feature", "properties": { "name": null, "weight_class": 1, "permanent": false, "length_km": 2.1 }, "geometry": { "type": "LineString", "coordinates": [ [ 2.4126, 43.57029 ], [ 2.41057, 43.57215 ], [ 2.41142, 43.57642 ], [ 2.40479, 43.58028 ], [ 2.40067, 43.58058 ], [ 2.39818, 43.5817 ] ] } },
{ "type": "Feature", "properties": { "name": null, "weight_class": 1, "permanent": false, "length_km": 2.2 }, "geometry": { "type": "LineString", "coordinates": [ [ 2.34519, 43.60618 ], [ 2.33346, 43.60692 ], [ 2.32576, 43.61109 ], [ 2.32343, 43.61085 ], [ 2.32145, 43.61273 ] ] } },
{ "type": "Feature", "properties": { "name": null, "weight_class": 1, "permanent": false, "length_km": 2.0 }, "geometry": { "type": "LineString", "coordinates": [ [ 2.2531, 43.57878 ], [ 2.24397, 43.57925 ], [ 2.23563, 43.57784 ], [ 2.23244, 43.57603 ], [ 2.22964, 43.57562 ] ] } },
{ "type": "Feature", "properties": { "name": null, "weight_class": 1, "permanent": false, "length_km": 3.0 }, "geometry": { "type": "LineString", "coordinates": [ [ 2.29004, 43.60252 ], [ 2.28699, 43.60678 ], [ 2.27328, 43.61311 ], [ 2.26322, 43.61697 ], [ 2.26173, 43.61685 ] ] } },
{ "type": "Feature", "properties": { "name": null, "weight_class": 2, "permanent": false, "length_km": 3.1 }, "geometry": { "type": "LineString", "coordinates": [ [ 2.28529, 43.59913 ], [ 2.27967, 43.60154 ], [ 2.27486, 43.60149 ], [ 2.26732, 43.60775 ], [ 2.26592, 43.61055 ], [ 2.26637, 43.61196 ], [ 2.25922, 43.61281 ] ] } },
{ "type": "Feature", "properties": { "name": null, "weight_class": 1, "permanent": true, "length_km": 2.9 }, "geometry": { "type": "LineString", "coordinates": [ [ 2.42283, 43.54566 ], [ 2.42271, 43.54391 ], [ 2.42443, 43.54152 ], [ 2.42388, 43.53886 ], [ 2.41791, 43.53831 ], [ 2.41638, 43.53731 ], [ 2.41367, 43.53762 ], [ 2.41082, 43.53583 ], [ 2.40874, 43.53297 ], [ 2.40979, 43.52896 ] ] } },
{ "type": "Feature", "properties": { "name": "Ruisseau du Bernazobre", "weight_class": 1, "permanent": true, "length_km": 2.3 }, "geometry": { "type": "LineString", "coordinates": [ [ 2.24225, 43.53885 ], [ 2.23841, 43.54221 ], [ 2.23215, 43.5443 ], [ 2.22359, 43.54498 ], [ 2.22012, 43.54794 ] ] } },
{ "type": "Feature", "properties": { "name": null, "weight_class": 1, "permanent": true, "length_km": 2.1 }, "geometry": { "type": "LineString", "coordinates": [ [ 2.32222, 43.55347 ], [ 2.32301, 43.55686 ], [ 2.32053, 43.55942 ], [ 2.31938, 43.565 ], [ 2.31505, 43.56996 ], [ 2.31559, 43.57056 ] ] } },
{ "type": "Feature", "properties": { "name": "Ruisseau de las Lagues", "weight_class": 1, "permanent": false, "length_km": 2.3 }, "geometry": { "type": "LineString", "coordinates": [ [ 2.3985, 43.65648 ], [ 2.38842, 43.65535 ], [ 2.38284, 43.65638 ], [ 2.38042, 43.65307 ], [ 2.37412, 43.65326 ] ] } },
{ "type": "Feature", "properties": { "name": "le Lignon", "weight_class": 1, "permanent": true, "length_km": 10.9 }, "geometry": { "type": "LineString", "coordinates": [ [ 2.40824, 43.63402 ], [ 2.4061, 43.63629 ], [ 2.40125, 43.6365 ], [ 2.39701, 43.63823 ], [ 2.39385, 43.63814 ], [ 2.3905, 43.63921 ], [ 2.39062, 43.6416 ], [ 2.38521, 43.6459 ], [ 2.38584, 43.64728 ], [ 2.38459, 43.64876 ], [ 2.37906, 43.64897 ], [ 2.37412, 43.65326 ], [ 2.37001, 43.65415 ], [ 2.36806, 43.6558 ], [ 2.36329, 43.6566 ], [ 2.36155, 43.65579 ], [ 2.35932, 43.65768 ], [ 2.35706, 43.65627 ], [ 2.35123, 43.65779 ], [ 2.35019, 43.65462 ], [ 2.34466, 43.65431 ], [ 2.34385, 43.65128 ], [ 2.33842, 43.65077 ], [ 2.33746, 43.64851 ], [ 2.32785, 43.64302 ], [ 2.32741, 43.64128 ], [ 2.32247, 43.64338 ], [ 2.32007, 43.64206 ], [ 2.31879, 43.64232 ] ] } },
{ "type": "Feature", "properties": { "name": "Ruisseau des Neigros", "weight_class": 1, "permanent": false, "length_km": 2.8 }, "geometry": { "type": "LineString", "coordinates": [ [ 2.344, 43.66592 ], [ 2.34082, 43.66735 ], [ 2.33356, 43.66855 ], [ 2.33059, 43.66794 ], [ 2.32778, 43.6686 ], [ 2.32649, 43.666 ], [ 2.32429, 43.66442 ], [ 2.32531, 43.66196 ], [ 2.32448, 43.66045 ], [ 2.32171, 43.65788 ] ] } },
{ "type": "Feature", "properties": { "name": "Ruisseau des Vins", "weight_class": 1, "permanent": false, "length_km": 2.1 }, "geometry": { "type": "LineString", "coordinates": [ [ 2.24129, 43.67491 ], [ 2.23569, 43.67935 ], [ 2.23443, 43.68166 ], [ 2.23004, 43.68322 ], [ 2.22418, 43.68857 ] ] } },
{ "type": "Feature", "properties": { "name": "Ruisseau du Rozé", "weight_class": 1, "permanent": true, "length_km": 7.2 }, "geometry": { "type": "LineString", "coordinates": [ [ 2.23595, 43.6576 ], [ 2.23006, 43.6608 ], [ 2.22704, 43.65699 ], [ 2.22058, 43.65693 ], [ 2.22522, 43.64773 ], [ 2.22064, 43.6447 ], [ 2.22028, 43.64337 ], [ 2.22228, 43.63906 ], [ 2.22667, 43.63449 ], [ 2.22801, 43.63059 ], [ 2.23264, 43.62503 ], [ 2.2375, 43.62058 ], [ 2.24459, 43.61729 ] ] } },
{ "type": "Feature", "properties": { "name": null, "weight_class": 1, "permanent": true, "length_km": 2.6 }, "geometry": { "type": "LineString", "coordinates": [ [ 2.2485, 43.65146 ], [ 2.25404, 43.64723 ], [ 2.2546, 43.6454 ], [ 2.25253, 43.64217 ], [ 2.25098, 43.64161 ], [ 2.25041, 43.63955 ], [ 2.24734, 43.63709 ], [ 2.24713, 43.63448 ], [ 2.24459, 43.63375 ] ] } },
{ "type": "Feature", "properties": { "name": "Ruisseau de Madorre", "weight_class": 1, "permanent": true, "length_km": 4.4 }, "geometry": { "type": "LineString", "coordinates": [ [ 2.24448, 43.6789 ], [ 2.24656, 43.67674 ], [ 2.25144, 43.67507 ], [ 2.2588, 43.67469 ], [ 2.26742, 43.66823 ], [ 2.27524, 43.66737 ], [ 2.27833, 43.66455 ], [ 2.28302, 43.66318 ], [ 2.28549, 43.66028 ] ] } },
{ "type": "Feature", "properties": { "name": "le Lézert", "weight_class": 1, "permanent": true, "length_km": 12.4 }, "geometry": { "type": "LineString", "coordinates": [ [ 2.37981, 43.62507 ], [ 2.37263, 43.62555 ], [ 2.37119, 43.62453 ], [ 2.36568, 43.62367 ], [ 2.36071, 43.62002 ], [ 2.35566, 43.61885 ], [ 2.35199, 43.62116 ], [ 2.34666, 43.62071 ], [ 2.34512, 43.61881 ], [ 2.34251, 43.61867 ], [ 2.33834, 43.61627 ], [ 2.33353, 43.6159 ], [ 2.32875, 43.61279 ], [ 2.32458, 43.61369 ], [ 2.32136, 43.61274 ], [ 2.31612, 43.61497 ], [ 2.31327, 43.6144 ], [ 2.31099, 43.61649 ], [ 2.30866, 43.61613 ], [ 2.29765, 43.62089 ], [ 2.29239, 43.62 ], [ 2.28996, 43.62075 ], [ 2.28931, 43.62199 ], [ 2.28707, 43.62132 ], [ 2.28342, 43.62176 ], [ 2.27654, 43.62393 ], [ 2.27258, 43.62308 ], [ 2.26332, 43.62292 ], [ 2.26287, 43.62157 ], [ 2.26384, 43.62096 ], [ 2.26125, 43.61561 ] ] } },
{ "type": "Feature", "properties": { "name": "Ruisseau de l'Albague", "weight_class": 1, "permanent": false, "length_km": 3.7 }, "geometry": { "type": "LineString", "coordinates": [ [ 2.35957, 43.6353 ], [ 2.35385, 43.63432 ], [ 2.35078, 43.63487 ], [ 2.34582, 43.6343 ], [ 2.33601, 43.63017 ], [ 2.33075, 43.63025 ], [ 2.32279, 43.63177 ], [ 2.31762, 43.63434 ] ] } },
{ "type": "Feature", "properties": { "name": "Ruisseau de Rivassel", "weight_class": 1, "permanent": true, "length_km": 2.0 }, "geometry": { "type": "LineString", "coordinates": [ [ 2.29051, 43.6416 ], [ 2.28541, 43.6426 ], [ 2.28151, 43.64141 ], [ 2.2805, 43.63709 ], [ 2.28164, 43.63106 ] ] } },
{ "type": "Feature", "properties": { "name": "Ruisseau de Roziès", "weight_class": 1, "permanent": true, "length_km": 2.4 }, "geometry": { "type": "LineString", "coordinates": [ [ 2.30241, 43.64985 ], [ 2.29941, 43.64838 ], [ 2.29806, 43.6451 ], [ 2.30642, 43.63887 ], [ 2.305, 43.63656 ], [ 2.306, 43.63434 ], [ 2.30526, 43.63296 ] ] } },
{ "type": "Feature", "properties": { "name": "Ruisseau de Roudil", "weight_class": 1, "permanent": true, "length_km": 3.6 }, "geometry": { "type": "LineString", "coordinates": [ [ 2.23661, 43.65112 ], [ 2.24157, 43.64548 ], [ 2.2441, 43.63397 ], [ 2.25008, 43.62908 ], [ 2.25227, 43.6255 ], [ 2.25587, 43.6246 ] ] } },
{ "type": "Feature", "properties": { "name": "Ruisseau de Ganoubre", "weight_class": 1, "permanent": false, "length_km": 4.8 }, "geometry": { "type": "LineString", "coordinates": [ [ 2.37241, 43.60425 ], [ 2.36811, 43.60025 ], [ 2.36716, 43.59388 ], [ 2.36257, 43.58939 ], [ 2.36076, 43.58917 ], [ 2.35944, 43.58503 ], [ 2.35495, 43.58088 ], [ 2.35543, 43.57955 ], [ 2.35414, 43.57873 ], [ 2.35488, 43.57779 ], [ 2.34967, 43.5708 ] ] } },
{ "type": "Feature", "properties": { "name": "Ruisseau de Lézertou", "weight_class": 1, "permanent": false, "length_km": 4.3 }, "geometry": { "type": "LineString", "coordinates": [ [ 2.40345, 43.62387 ], [ 2.39816, 43.62282 ], [ 2.39739, 43.61978 ], [ 2.39258, 43.61664 ], [ 2.3819, 43.617 ], [ 2.38023, 43.61612 ], [ 2.37793, 43.61702 ], [ 2.37099, 43.61673 ], [ 2.36071, 43.62002 ] ] } },
{ "type": "Feature", "properties": { "name": "Ruisseau de Mirgou", "weight_class": 1, "permanent": true, "length_km": 3.1 }, "geometry": { "type": "LineString", "coordinates": [ [ 2.34422, 43.60134 ], [ 2.32859, 43.6022 ], [ 2.31313, 43.60571 ], [ 2.30857, 43.60393 ] ] } },
{ "type": "Feature", "properties": { "name": "Ruisseau de Canaylo", "weight_class": 1, "permanent": false, "length_km": 3.4 }, "geometry": { "type": "LineString", "coordinates": [ [ 2.31028, 43.59333 ], [ 2.30694, 43.5915 ], [ 2.30016, 43.5909 ], [ 2.29567, 43.58934 ], [ 2.29359, 43.58996 ], [ 2.29127, 43.5925 ], [ 2.28678, 43.59284 ], [ 2.28296, 43.59073 ], [ 2.27548, 43.58844 ] ] } },
{ "type": "Feature", "properties": { "name": "Ruisseau des Gourgs", "weight_class": 1, "permanent": true, "length_km": 5.3 }, "geometry": { "type": "LineString", "coordinates": [ [ 2.32702, 43.58587 ], [ 2.32456, 43.58762 ], [ 2.32015, 43.58888 ], [ 2.31825, 43.59507 ], [ 2.31388, 43.59734 ], [ 2.30875, 43.60384 ], [ 2.30666, 43.60495 ], [ 2.30697, 43.60702 ], [ 2.29816, 43.61579 ], [ 2.29365, 43.61775 ], [ 2.29239, 43.62 ] ] } },
{ "type": "Feature", "properties": { "name": "la Durenque", "weight_class": 1, "permanent": true, "length_km": 32.7 }, "geometry": { "type": "LineString", "coordinates": [ [ 2.50201, 43.58383 ], [ 2.48292, 43.58309 ], [ 2.47894, 43.58582 ], [ 2.47448, 43.58389 ], [ 2.4717, 43.58629 ], [ 2.46698, 43.5852 ], [ 2.46224, 43.58546 ], [ 2.4577, 43.58889 ], [ 2.45354, 43.58904 ], [ 2.45179, 43.59014 ], [ 2.44507, 43.58827 ], [ 2.44355, 43.58688 ], [ 2.43839, 43.58562 ], [ 2.43742, 43.58448 ], [ 2.43296, 43.58513 ], [ 2.42891, 43.5828 ], [ 2.42154, 43.58298 ], [ 2.41911, 43.58175 ], [ 2.41741, 43.57997 ], [ 2.41755, 43.57864 ], [ 2.41585, 43.57803 ], [ 2.41289, 43.58028 ], [ 2.41142, 43.58021 ], [ 2.41131, 43.58226 ], [ 2.40776, 43.58215 ], [ 2.40395, 43.58503 ], [ 2.40351, 43.58373 ], [ 2.40085, 43.58275 ], [ 2.39935, 43.58319 ], [ 2.39904, 43.58207 ], [ 2.39449, 43.57951 ], [ 2.38962, 43.58052 ], [ 2.38758, 43.57993 ], [ 2.38641, 43.57813 ], [ 2.38509, 43.57804 ], [ 2.38093, 43.57438 ], [ 2.37941, 43.57505 ], [ 2.3809, 43.57565 ], [ 2.38093, 43.57696 ], [ 2.37762, 43.57758 ], [ 2.37845, 43.5758 ], [ 2.37727, 43.57575 ], [ 2.37762, 43.57467 ], [ 2.37569, 43.57406 ], [ 2.37375, 43.57458 ], [ 2.3714, 43.57212 ], [ 2.36827, 43.57326 ], [ 2.36775, 43.57081 ], [ 2.36469, 43.5701 ], [ 2.36579, 43.56874 ], [ 2.36484, 43.56794 ], [ 2.36168, 43.56854 ], [ 2.35643, 43.57321 ], [ 2.3517, 43.57144 ], [ 2.35148, 43.57029 ], [ 2.34822, 43.57036 ], [ 2.34474, 43.5722 ], [ 2.34453, 43.56935 ], [ 2.34255, 43.56817 ], [ 2.33925, 43.56937 ], [ 2.3369, 43.56926 ], [ 2.33588, 43.57038 ], [ 2.32875, 43.56944 ], [ 2.32882, 43.57061 ], [ 2.31919, 43.57025 ], [ 2.31798, 43.57133 ], [ 2.31253, 43.5701 ], [ 2.31029, 43.57183 ], [ 2.30811, 43.57168 ], [ 2.30762, 43.57313 ], [ 2.30607, 43.5721 ], [ 2.30407, 43.57216 ], [ 2.3043, 43.57376 ], [ 2.30198, 43.57412 ], [ 2.30169, 43.5734 ], [ 2.30033, 43.57389 ], [ 2.29565, 43.57186 ], [ 2.2926, 43.57222 ], [ 2.29219, 43.57398 ], [ 2.29017, 43.57397 ], [ 2.28775, 43.57649 ], [ 2.28528, 43.57669 ], [ 2.28594, 43.57787 ], [ 2.28362, 43.57847 ], [ 2.28341, 43.5794 ], [ 2.28069, 43.57851 ], [ 2.27873, 43.57901 ], [ 2.27613, 43.58222 ], [ 2.27844, 43.58319 ], [ 2.27699, 43.58395 ], [ 2.27655, 43.5867 ], [ 2.27443, 43.58676 ], [ 2.27554, 43.5883 ], [ 2.27262, 43.59211 ], [ 2.27035, 43.59183 ], [ 2.26993, 43.59312 ], [ 2.2688, 43.59261 ], [ 2.26503, 43.5955 ], [ 2.26285, 43.59433 ], [ 2.26255, 43.59569 ], [ 2.26002, 43.5972 ], [ 2.25449, 43.59879 ], [ 2.24845, 43.6024 ], [ 2.24725, 43.60153 ], [ 2.24319, 43.60208 ], [ 2.24206, 43.60092 ] ] } },
{ "type": "Feature", "properties": { "name": "Ruisseau de Rivaillou", "weight_class": 1, "permanent": false, "length_km": 3.1 }, "geometry": { "type": "LineString", "coordinates": [ [ 2.41511, 43.56636 ], [ 2.41179, 43.56766 ], [ 2.40867, 43.5677 ], [ 2.40602, 43.57063 ], [ 2.40216, 43.57242 ], [ 2.39882, 43.57166 ], [ 2.39161, 43.57216 ], [ 2.38479, 43.57605 ], [ 2.38343, 43.57601 ] ] } },
{ "type": "Feature", "properties": { "name": "Ruisseau de la Blazié", "weight_class": 1, "permanent": true, "length_km": 4.0 }, "geometry": { "type": "LineString", "coordinates": [ [ 2.39658, 43.54926 ], [ 2.39207, 43.55216 ], [ 2.38242, 43.55441 ], [ 2.37207, 43.56355 ], [ 2.36695, 43.56476 ], [ 2.36492, 43.56396 ], [ 2.36264, 43.565 ], [ 2.362, 43.56686 ], [ 2.36294, 43.56796 ] ] } },
{ "type": "Feature", "properties": { "name": "Ruisseau de Puech du Fau", "weight_class": 1, "permanent": true, "length_km": 3.9 }, "geometry": { "type": "LineString", "coordinates": [ [ 2.40408, 43.55325 ], [ 2.3988, 43.5558 ], [ 2.3917, 43.55742 ], [ 2.39011, 43.55863 ], [ 2.38745, 43.56573 ], [ 2.38174, 43.56924 ], [ 2.37722, 43.5696 ], [ 2.37167, 43.57217 ] ] } },
{ "type": "Feature", "properties": { "name": "Ruisseau de la Mengararié", "weight_class": 2, "permanent": true, "length_km": 3.0 }, "geometry": { "type": "LineString", "coordinates": [ [ 2.3575, 43.54871 ], [ 2.3513, 43.55122 ], [ 2.34537, 43.55886 ], [ 2.34075, 43.5615 ], [ 2.33832, 43.5665 ], [ 2.33845, 43.56933 ] ] } },
{ "type": "Feature", "properties": { "name": "Ruisseau de Saint-Mauri", "weight_class": 1, "permanent": true, "length_km": 4.6 }, "geometry": { "type": "LineString", "coordinates": [ [ 2.39385, 43.54647 ], [ 2.38562, 43.541 ], [ 2.38152, 43.5407 ], [ 2.37743, 43.53872 ], [ 2.3729, 43.53177 ], [ 2.36973, 43.52884 ], [ 2.36767, 43.52467 ], [ 2.36804, 43.52246 ], [ 2.36451, 43.51716 ] ] } },
{ "type": "Feature", "properties": { "name": "Ruisseau de l'Espital", "weight_class": 1, "permanent": false, "length_km": 5.4 }, "geometry": { "type": "LineString", "coordinates": [ [ 2.37506, 43.54948 ], [ 2.37304, 43.54959 ], [ 2.36534, 43.54516 ], [ 2.36469, 43.5413 ], [ 2.36333, 43.53986 ], [ 2.36352, 43.53713 ], [ 2.35753, 43.53311 ], [ 2.35623, 43.5235 ], [ 2.35989, 43.52019 ], [ 2.35662, 43.51822 ], [ 2.35542, 43.51523 ], [ 2.35625, 43.51377 ] ] } },
{ "type": "Feature", "properties": { "name": "Ruisseau de Puech Pitou", "weight_class": 1, "permanent": true, "length_km": 3.0 }, "geometry": { "type": "LineString", "coordinates": [ [ 2.38512, 43.54787 ], [ 2.37951, 43.54963 ], [ 2.37527, 43.55222 ], [ 2.37544, 43.55374 ], [ 2.37119, 43.55546 ], [ 2.36727, 43.55916 ], [ 2.36438, 43.56044 ], [ 2.36182, 43.56302 ], [ 2.36249, 43.56515 ] ] } },
{ "type": "Feature", "properties": { "name": "le Favié", "weight_class": 1, "permanent": false, "length_km": 5.1 }, "geometry": { "type": "LineString", "coordinates": [ [ 2.34281, 43.54588 ], [ 2.34136, 43.54375 ], [ 2.33854, 43.54353 ], [ 2.33517, 43.5406 ], [ 2.32837, 43.53955 ], [ 2.32031, 43.5336 ], [ 2.30612, 43.5273 ], [ 2.3016, 43.52767 ], [ 2.29631, 43.52991 ], [ 2.29409, 43.53204 ] ] } },
{ "type": "Feature", "properties": { "name": "Ruisseau de Montibont", "weight_class": 1, "permanent": true, "length_km": 8.5 }, "geometry": { "type": "LineString", "coordinates": [ [ 2.25071, 43.482 ], [ 2.25389, 43.48715 ], [ 2.2634, 43.4876 ], [ 2.2684, 43.49223 ], [ 2.26425, 43.50266 ], [ 2.26381, 43.50775 ], [ 2.26163, 43.51068 ], [ 2.26291, 43.51626 ], [ 2.26174, 43.51823 ], [ 2.26227, 43.52298 ], [ 2.26116, 43.52602 ], [ 2.25664, 43.52976 ], [ 2.2567, 43.53453 ], [ 2.25889, 43.53956 ], [ 2.26117, 43.54111 ], [ 2.26498, 43.54105 ] ] } },
{ "type": "Feature", "properties": { "name": null, "weight_class": 1, "permanent": true, "length_km": 2.5 }, "geometry": { "type": "LineString", "coordinates": [ [ 2.26662, 43.4669 ], [ 2.27787, 43.47292 ], [ 2.27926, 43.47477 ], [ 2.27935, 43.47776 ], [ 2.2808, 43.47856 ], [ 2.2799, 43.48076 ], [ 2.28229, 43.48199 ] ] } },
{ "type": "Feature", "properties": { "name": "Ruisseau du Bäous", "weight_class": 2, "permanent": true, "length_km": 2.8 }, "geometry": { "type": "LineString", "coordinates": [ [ 2.41216, 43.46983 ], [ 2.40949, 43.47222 ], [ 2.41061, 43.47587 ], [ 2.40748, 43.48411 ], [ 2.4075, 43.48717 ], [ 2.41004, 43.49309 ] ] } },
{ "type": "Feature", "properties": { "name": null, "weight_class": 1, "permanent": true, "length_km": 2.3 }, "geometry": { "type": "LineString", "coordinates": [ [ 2.31471, 43.44405 ], [ 2.31285, 43.44589 ], [ 2.31288, 43.44859 ], [ 2.31808, 43.44922 ], [ 2.32046, 43.45058 ], [ 2.32144, 43.45282 ], [ 2.32348, 43.45262 ], [ 2.32155, 43.4531 ], [ 2.32093, 43.45468 ], [ 2.3218, 43.4548 ] ] } },
{ "type": "Feature", "properties": { "name": "Ruisseau de la Gachal", "weight_class": 1, "permanent": true, "length_km": 2.1 }, "geometry": { "type": "LineString", "coordinates": [ [ 2.30515, 43.45737 ], [ 2.30964, 43.45807 ], [ 2.31152, 43.45672 ], [ 2.32207, 43.45476 ], [ 2.32644, 43.45472 ], [ 2.32768, 43.45592 ] ] } },
{ "type": "Feature", "properties": { "name": null, "weight_class": 1, "permanent": false, "length_km": 2.6 }, "geometry": { "type": "LineString", "coordinates": [ [ 2.34746, 43.53144 ], [ 2.34205, 43.52934 ], [ 2.3346, 43.53124 ], [ 2.33079, 43.52909 ], [ 2.32612, 43.52985 ], [ 2.31953, 43.53324 ] ] } },
{ "type": "Feature", "properties": { "name": null, "weight_class": 1, "permanent": true, "length_km": 4.0 }, "geometry": { "type": "LineString", "coordinates": [ [ 2.34449, 43.48656 ], [ 2.34864, 43.49168 ], [ 2.34872, 43.49497 ], [ 2.34631, 43.49672 ], [ 2.34383, 43.50088 ], [ 2.33925, 43.50426 ], [ 2.34078, 43.50818 ], [ 2.33992, 43.51261 ], [ 2.34108, 43.51316 ], [ 2.34007, 43.51457 ], [ 2.33696, 43.51502 ] ] } },
{ "type": "Feature", "properties": { "name": null, "weight_class": 1, "permanent": true, "length_km": 2.3 }, "geometry": { "type": "LineString", "coordinates": [ [ 2.24765, 43.497 ], [ 2.2463, 43.50031 ], [ 2.24268, 43.50211 ], [ 2.2401, 43.5099 ], [ 2.2339, 43.51169 ] ] } },
{ "type": "Feature", "properties": { "name": null, "weight_class": 1, "permanent": true, "length_km": 2.9 }, "geometry": { "type": "LineString", "coordinates": [ [ 2.2984, 43.50051 ], [ 2.30182, 43.50342 ], [ 2.30167, 43.50774 ], [ 2.30415, 43.50919 ], [ 2.30508, 43.51228 ], [ 2.30906, 43.51729 ], [ 2.30539, 43.52233 ] ] } },
{ "type": "Feature", "properties": { "name": null, "weight_class": 1, "permanent": true, "length_km": 3.0 }, "geometry": { "type": "LineString", "coordinates": [ [ 2.28024, 43.50902 ], [ 2.27836, 43.51188 ], [ 2.2793, 43.51721 ], [ 2.27682, 43.52248 ], [ 2.27532, 43.52328 ], [ 2.27524, 43.52719 ], [ 2.27209, 43.53002 ], [ 2.27215, 43.5327 ] ] } },
{ "type": "Feature", "properties": { "name": "Rec del Naouc", "weight_class": 2, "permanent": true, "length_km": 2.2 }, "geometry": { "type": "LineString", "coordinates": [ [ 2.39124, 43.53255 ], [ 2.38822, 43.53187 ], [ 2.38265, 43.52727 ], [ 2.37793, 43.51794 ] ] } },
{ "type": "Feature", "properties": { "name": "Ruisseau des Bruzes", "weight_class": 1, "permanent": true, "length_km": 5.4 }, "geometry": { "type": "LineString", "coordinates": [ [ 2.27558, 43.49852 ], [ 2.27465, 43.49991 ], [ 2.27836, 43.50652 ], [ 2.27021, 43.5136 ], [ 2.26849, 43.52551 ], [ 2.26704, 43.5277 ], [ 2.26963, 43.53172 ], [ 2.2734, 43.53349 ], [ 2.27515, 43.53706 ], [ 2.27356, 43.53918 ] ] } },
{ "type": "Feature", "properties": { "name": "Ruisseau de la Resse", "weight_class": 1, "permanent": true, "length_km": 8.5 }, "geometry": { "type": "LineString", "coordinates": [ [ 2.28942, 43.4646 ], [ 2.29013, 43.46628 ], [ 2.28788, 43.471 ], [ 2.28787, 43.47426 ], [ 2.28112, 43.48366 ], [ 2.28139, 43.4904 ], [ 2.28696, 43.49606 ], [ 2.29225, 43.50507 ], [ 2.29287, 43.50921 ], [ 2.28733, 43.51617 ], [ 2.28702, 43.52154 ], [ 2.28811, 43.52271 ], [ 2.29475, 43.52271 ], [ 2.29748, 43.52469 ] ] } },
{ "type": "Feature", "properties": { "name": "Ruisseau du Mouscaillou", "weight_class": 1, "permanent": true, "length_km": 8.7 }, "geometry": { "type": "LineString", "coordinates": [ [ 2.23441, 43.45691 ], [ 2.23655, 43.45772 ], [ 2.23697, 43.46004 ], [ 2.23863, 43.46105 ], [ 2.23923, 43.47145 ], [ 2.2379, 43.47461 ], [ 2.22997, 43.48207 ], [ 2.23072, 43.48695 ], [ 2.22938, 43.48911 ], [ 2.22945, 43.49101 ], [ 2.23161, 43.49333 ], [ 2.2312, 43.49683 ], [ 2.23391, 43.50013 ], [ 2.23069, 43.5073 ], [ 2.23524, 43.51441 ], [ 2.23289, 43.52158 ], [ 2.23437, 43.52399 ] ] } },
{ "type": "Feature", "properties": { "name": "Ruisseau de la Fargue", "weight_class": 1, "permanent": true, "length_km": 2.1 }, "geometry": { "type": "LineString", "coordinates": [ [ 2.403, 43.47721 ], [ 2.40058, 43.48004 ], [ 2.39997, 43.4835 ], [ 2.40031, 43.48952 ], [ 2.40215, 43.49178 ], [ 2.40163, 43.49468 ] ] } },
{ "type": "Feature", "properties": { "name": "Ruisseau d'Aussillon", "weight_class": 1, "permanent": true, "length_km": 6.9 }, "geometry": { "type": "LineString", "coordinates": [ [ 2.32956, 43.4723 ], [ 2.33528, 43.47358 ], [ 2.33551, 43.47475 ], [ 2.33718, 43.47548 ], [ 2.3373, 43.47717 ], [ 2.33952, 43.47791 ], [ 2.34109, 43.4806 ], [ 2.35385, 43.48696 ], [ 2.35518, 43.4902 ], [ 2.36034, 43.49315 ], [ 2.3503, 43.50583 ], [ 2.35016, 43.50806 ], [ 2.35338, 43.50769 ], [ 2.35119, 43.50949 ], [ 2.3531, 43.51067 ], [ 2.35371, 43.51334 ] ] } },
{ "type": "Feature", "properties": { "name": "le Linoubre", "weight_class": 1, "permanent": true, "length_km": 5.5 }, "geometry": { "type": "LineString", "coordinates": [ [ 2.33226, 43.4559 ], [ 2.33265, 43.45904 ], [ 2.33959, 43.46213 ], [ 2.34275, 43.46262 ], [ 2.34424, 43.46068 ], [ 2.34579, 43.46106 ], [ 2.34741, 43.4601 ], [ 2.35401, 43.46262 ], [ 2.36213, 43.4612 ], [ 2.36527, 43.46149 ], [ 2.36521, 43.46404 ], [ 2.36671, 43.46451 ], [ 2.36642, 43.46783 ], [ 2.36873, 43.46983 ], [ 2.36906, 43.47199 ], [ 2.37209, 43.47326 ], [ 2.37291, 43.47574 ] ] } },
{ "type": "Feature", "properties": { "name": "l'Arnette", "weight_class": 2, "permanent": true, "length_km": 16.9 }, "geometry": { "type": "LineString", "coordinates": [ [ 2.407, 43.4192 ], [ 2.40013, 43.43087 ], [ 2.39562, 43.43489 ], [ 2.398, 43.4373 ], [ 2.39456, 43.44133 ], [ 2.39699, 43.44392 ], [ 2.39686, 43.44673 ], [ 2.39834, 43.44828 ], [ 2.39625, 43.44887 ], [ 2.39343, 43.44744 ], [ 2.38875, 43.44693 ], [ 2.38867, 43.44564 ], [ 2.38739, 43.4454 ], [ 2.38466, 43.44653 ], [ 2.3838, 43.44853 ], [ 2.3822, 43.44904 ], [ 2.37756, 43.4537 ], [ 2.37929, 43.45585 ], [ 2.38074, 43.45565 ], [ 2.38234, 43.45381 ], [ 2.38438, 43.4562 ], [ 2.38612, 43.45636 ], [ 2.38776, 43.46122 ], [ 2.38709, 43.46243 ], [ 2.38901, 43.46323 ], [ 2.3893, 43.46605 ], [ 2.3905, 43.46668 ], [ 2.39196, 43.47043 ], [ 2.39583, 43.47309 ], [ 2.39329, 43.47436 ], [ 2.3915, 43.47334 ], [ 2.38993, 43.47392 ], [ 2.38907, 43.47575 ], [ 2.38444, 43.47774 ], [ 2.38392, 43.47682 ], [ 2.38222, 43.4773 ], [ 2.38132, 43.4765 ], [ 2.38103, 43.47781 ], [ 2.3786, 43.47814 ], [ 2.37293, 43.47573 ], [ 2.37151, 43.47666 ], [ 2.37367, 43.48054 ], [ 2.37599, 43.48 ], [ 2.3768, 43.48075 ], [ 2.37447, 43.48526 ], [ 2.37635, 43.48826 ], [ 2.37653, 43.49354 ], [ 2.3791, 43.4963 ], [ 2.38123, 43.49694 ], [ 2.38139, 43.49906 ], [ 2.38433, 43.50207 ], [ 2.38403, 43.50646 ] ] } },
{ "type": "Feature", "properties": { "name": "Ruisseau de Courbas", "weight_class": 2, "permanent": true, "length_km": 6.9 }, "geometry": { "type": "LineString", "coordinates": [ [ 2.31702, 43.46598 ], [ 2.31762, 43.46849 ], [ 2.32015, 43.46928 ], [ 2.32153, 43.4779 ], [ 2.32874, 43.4818 ], [ 2.32691, 43.48705 ], [ 2.32911, 43.48946 ], [ 2.32868, 43.49244 ], [ 2.32987, 43.4957 ], [ 2.32711, 43.50364 ], [ 2.32851, 43.50629 ], [ 2.32675, 43.5116 ], [ 2.32927, 43.51827 ] ] } },
{ "type": "Feature", "properties": { "name": "Ruisseau d'Aupillac", "weight_class": 1, "permanent": true, "length_km": 8.3 }, "geometry": { "type": "LineString", "coordinates": [ [ 2.30117, 43.45756 ], [ 2.30327, 43.4617 ], [ 2.30141, 43.47412 ], [ 2.30221, 43.47758 ], [ 2.30027, 43.4796 ], [ 2.30131, 43.48185 ], [ 2.30041, 43.48441 ], [ 2.29825, 43.48572 ], [ 2.29912, 43.49446 ], [ 2.30321, 43.4967 ], [ 2.30755, 43.50136 ], [ 2.31124, 43.50345 ], [ 2.3104, 43.5087 ], [ 2.31812, 43.51719 ], [ 2.31803, 43.51859 ], [ 2.31651, 43.5189 ] ] } },
{ "type": "Feature", "properties": { "name": "Ruisseau de la Prune", "weight_class": 1, "permanent": true, "length_km": 3.6 }, "geometry": { "type": "LineString", "coordinates": [ [ 2.25038, 43.47045 ], [ 2.24745, 43.47238 ], [ 2.24684, 43.47711 ], [ 2.24111, 43.47866 ], [ 2.23956, 43.48012 ], [ 2.2348, 43.48846 ], [ 2.2361, 43.49017 ], [ 2.23581, 43.49283 ], [ 2.23138, 43.49466 ] ] } },
{ "type": "Feature", "properties": { "name": "Ruisseau des Gaux", "weight_class": 1, "permanent": true, "length_km": 6.1 }, "geometry": { "type": "LineString", "coordinates": [ [ 2.25833, 43.49047 ], [ 2.25761, 43.49429 ], [ 2.2547, 43.49898 ], [ 2.25622, 43.50461 ], [ 2.25137, 43.51061 ], [ 2.24712, 43.51303 ], [ 2.24575, 43.51712 ], [ 2.24648, 43.5209 ], [ 2.25449, 43.52688 ], [ 2.25543, 43.53212 ], [ 2.25447, 43.53539 ], [ 2.25751, 43.53668 ] ] } },
{ "type": "Feature", "properties": { "name": "Ruisseau de Combescaudes", "weight_class": 2, "permanent": true, "length_km": 5.3 }, "geometry": { "type": "LineString", "coordinates": [ [ 2.44398, 43.45531 ], [ 2.4263, 43.45359 ], [ 2.41031, 43.45675 ], [ 2.39746, 43.46131 ], [ 2.39522, 43.46642 ], [ 2.39585, 43.46756 ], [ 2.39114, 43.46886 ] ] } },
{ "type": "Feature", "properties": { "name": "Ruisseau de Ladoux", "weight_class": 1, "permanent": false, "length_km": 5.7 }, "geometry": { "type": "LineString", "coordinates": [ [ 2.45249, 43.44737 ], [ 2.44667, 43.44371 ], [ 2.43727, 43.4447 ], [ 2.43329, 43.44338 ], [ 2.43021, 43.44416 ], [ 2.42651, 43.44715 ], [ 2.41932, 43.44949 ], [ 2.41527, 43.45278 ], [ 2.41048, 43.4523 ], [ 2.40833, 43.45114 ], [ 2.40612, 43.44695 ], [ 2.40346, 43.44643 ], [ 2.40306, 43.44551 ], [ 2.39755, 43.44529 ] ] } },
{ "type": "Feature", "properties": { "name": "Ruisseau de la Mole", "weight_class": 1, "permanent": true, "length_km": 3.8 }, "geometry": { "type": "LineString", "coordinates": [ [ 2.33463, 43.43791 ], [ 2.33571, 43.4401 ], [ 2.33957, 43.44193 ], [ 2.34098, 43.44421 ], [ 2.34462, 43.44439 ], [ 2.34632, 43.44694 ], [ 2.35309, 43.45061 ], [ 2.35227, 43.45251 ], [ 2.35835, 43.45763 ], [ 2.35954, 43.46185 ] ] } },
{ "type": "Feature", "properties": { "name": "Ruisseau d'Aiguefonde", "weight_class": 1, "permanent": true, "length_km": 6.2 }, "geometry": { "type": "LineString", "coordinates": [ [ 2.30727, 43.47271 ], [ 2.30877, 43.47691 ], [ 2.31228, 43.47807 ], [ 2.31271, 43.47953 ], [ 2.31504, 43.48078 ], [ 2.31583, 43.49246 ], [ 2.31763, 43.49406 ], [ 2.31822, 43.49632 ], [ 2.32026, 43.49753 ], [ 2.31966, 43.50119 ], [ 2.32271, 43.50363 ], [ 2.32259, 43.50546 ], [ 2.32401, 43.50708 ], [ 2.32274, 43.51008 ], [ 2.32351, 43.51265 ], [ 2.32145, 43.5145 ], [ 2.32151, 43.51976 ] ] } },
{ "type": "Feature", "properties": { "name": "Ruisseau de la Ruyère", "weight_class": 1, "permanent": true, "length_km": 3.0 }, "geometry": { "type": "LineString", "coordinates": [ [ 2.35659, 43.4368 ], [ 2.36219, 43.43886 ], [ 2.36895, 43.4382 ], [ 2.37234, 43.4403 ], [ 2.37435, 43.43991 ], [ 2.37731, 43.44245 ], [ 2.37939, 43.4471 ], [ 2.38243, 43.44891 ] ] } },
{ "type": "Feature", "properties": { "name": "Ruisseau des Fabriès", "weight_class": 1, "permanent": false, "length_km": 2.2 }, "geometry": { "type": "LineString", "coordinates": [ [ 2.38375, 43.41859 ], [ 2.39158, 43.41976 ], [ 2.39686, 43.41654 ], [ 2.40101, 43.41674 ], [ 2.40467, 43.41907 ], [ 2.407, 43.4192 ] ] } },
{ "type": "Feature", "properties": { "name": "Ruisseau de Vendeilles", "weight_class": 1, "permanent": false, "length_km": 2.7 }, "geometry": { "type": "LineString", "coordinates": [ [ 2.15614, 44.06975 ], [ 2.15192, 44.07388 ], [ 2.1446, 44.0729 ], [ 2.14245, 44.07179 ], [ 2.1396, 44.06781 ], [ 2.13683, 44.06684 ], [ 2.13553, 44.06271 ] ] } },
{ "type": "Feature", "properties": { "name": "Ruisseau de Camalière", "weight_class": 1, "permanent": false, "length_km": 4.0 }, "geometry": { "type": "LineString", "coordinates": [ [ 2.09753, 44.11434 ], [ 2.10014, 44.10435 ], [ 2.09595, 44.10153 ], [ 2.09394, 44.09756 ], [ 2.09445, 44.09206 ], [ 2.09377, 44.08839 ], [ 2.09237, 44.087 ], [ 2.094, 44.08629 ], [ 2.09463, 44.08287 ] ] } },
{ "type": "Feature", "properties": { "name": null, "weight_class": 1, "permanent": true, "length_km": 2.2 }, "geometry": { "type": "LineString", "coordinates": [ [ 2.09399, 44.0236 ], [ 2.09431, 44.02861 ], [ 2.09574, 44.03025 ], [ 2.09298, 44.03422 ], [ 2.09349, 44.03758 ], [ 2.09115, 44.04171 ] ] } },
{ "type": "Feature", "properties": { "name": "Ruisseau de Boutiguière", "weight_class": 1, "permanent": false, "length_km": 2.0 }, "geometry": { "type": "LineString", "coordinates": [ [ 2.06861, 44.03528 ], [ 2.06698, 44.03989 ], [ 2.06824, 44.04214 ], [ 2.06774, 44.04409 ], [ 2.07248, 44.05211 ] ] } },
{ "type": "Feature", "properties": { "name": "Ruisseau de la Verrerie", "weight_class": 1, "permanent": false, "length_km": 2.7 }, "geometry": { "type": "LineString", "coordinates": [ [ 2.12894, 44.04188 ], [ 2.13419, 44.0415 ], [ 2.13877, 44.04397 ], [ 2.14258, 44.04401 ], [ 2.14727, 44.0523 ], [ 2.147, 44.05465 ], [ 2.14816, 44.05611 ] ] } },
{ "type": "Feature", "properties": { "name": null, "weight_class": 1, "permanent": true, "length_km": 2.9 }, "geometry": { "type": "LineString", "coordinates": [ [ 2.1326, 44.15831 ], [ 2.13682, 44.15354 ], [ 2.13885, 44.1438 ], [ 2.14871, 44.13678 ] ] } },
{ "type": "Feature", "properties": { "name": null, "weight_class": 1, "permanent": true, "length_km": 2.5 }, "geometry": { "type": "LineString", "coordinates": [ [ 2.10958, 44.11232 ], [ 2.11295, 44.11139 ], [ 2.11571, 44.1087 ], [ 2.11689, 44.10535 ], [ 2.12304, 44.09956 ], [ 2.12574, 44.09499 ] ] } },
{ "type": "Feature", "properties": { "name": null, "weight_class": 1, "permanent": true, "length_km": 2.0 }, "geometry": { "type": "LineString", "coordinates": [ [ 2.08756, 44.14761 ], [ 2.08481, 44.14226 ], [ 2.08539, 44.14075 ], [ 2.09318, 44.13429 ], [ 2.09532, 44.13353 ] ] } },
{ "type": "Feature", "properties": { "name": null, "weight_class": 1, "permanent": true, "length_km": 2.5 }, "geometry": { "type": "LineString", "coordinates": [ [ 2.14895, 44.1555 ], [ 2.15189, 44.16064 ], [ 2.15594, 44.16246 ], [ 2.15652, 44.16368 ], [ 2.1541, 44.16917 ], [ 2.14839, 44.17315 ] ] } },
{ "type": "Feature", "properties": { "name": null, "weight_class": 1, "permanent": false, "length_km": 2.2 }, "geometry": { "type": "LineString", "coordinates": [ [ 2.04275, 44.11191 ], [ 2.05572, 44.1173 ], [ 2.05792, 44.11709 ], [ 2.06224, 44.1232 ] ] } },
{ "type": "Feature", "properties": { "name": null, "weight_class": 1, "permanent": true, "length_km": 2.1 }, "geometry": { "type": "LineString", "coordinates": [ [ 2.19315, 44.09998 ], [ 2.19139, 44.09678 ], [ 2.19139, 44.09236 ], [ 2.1901, 44.09154 ], [ 2.18922, 44.08489 ], [ 2.18779, 44.08246 ] ] } },
{ "type": "Feature", "properties": { "name": null, "weight_class": 1, "permanent": false, "length_km": 2.3 }, "geometry": { "type": "LineString", "coordinates": [ [ 2.16465, 44.09981 ], [ 2.1648, 44.0976 ], [ 2.16105, 44.09224 ], [ 2.16036, 44.08513 ], [ 2.15787, 44.08081 ] ] } },
{ "type": "Feature", "properties": { "name": null, "weight_class": 1, "permanent": true, "length_km": 2.5 }, "geometry": { "type": "LineString", "coordinates": [ [ 2.17637, 44.10213 ], [ 2.1741, 44.09965 ], [ 2.17209, 44.09442 ], [ 2.17346, 44.08526 ], [ 2.17153, 44.08165 ] ] } },
{ "type": "Feature", "properties": { "name": null, "weight_class": 1, "permanent": false, "length_km": 2.1 }, "geometry": { "type": "LineString", "coordinates": [ [ 2.10421, 44.04773 ], [ 2.09305, 44.05021 ], [ 2.08421, 44.04982 ], [ 2.07984, 44.0481 ] ] } },
{ "type": "Feature", "properties": { "name": null, "weight_class": 1, "permanent": false, "length_km": 2.1 }, "geometry": { "type": "LineString", "coordinates": [ [ 2.15421, 44.09957 ], [ 2.1477, 44.08152 ] ] } },
{ "type": "Feature", "properties": { "name": null, "weight_class": 1, "permanent": false, "length_km": 2.0 }, "geometry": { "type": "LineString", "coordinates": [ [ 2.18274, 44.09908 ], [ 2.18423, 44.09737 ], [ 2.18303, 44.09243 ], [ 2.18449, 44.08793 ], [ 2.18314, 44.0822 ] ] } },
{ "type": "Feature", "properties": { "name": null, "weight_class": 1, "permanent": true, "length_km": 2.7 }, "geometry": { "type": "LineString", "coordinates": [ [ 2.19502, 44.02562 ], [ 2.19271, 44.02854 ], [ 2.18441, 44.03058 ], [ 2.16443, 44.02964 ] ] } },
{ "type": "Feature", "properties": { "name": null, "weight_class": 1, "permanent": false, "length_km": 2.6 }, "geometry": { "type": "LineString", "coordinates": [ [ 2.07135, 44.09872 ], [ 2.0801, 44.09162 ], [ 2.08192, 44.08653 ], [ 2.08155, 44.08409 ], [ 2.0851, 44.08304 ], [ 2.08559, 44.08031 ] ] } },
{ "type": "Feature", "properties": { "name": "Ruisseau de Lauzentou", "weight_class": 2, "permanent": true, "length_km": 3.2 }, "geometry": { "type": "LineString", "coordinates": [ [ 2.13734, 44.15811 ], [ 2.14115, 44.16185 ], [ 2.14134, 44.16577 ], [ 2.14483, 44.16723 ], [ 2.14546, 44.17014 ], [ 2.14892, 44.17369 ], [ 2.14971, 44.17601 ], [ 2.15798, 44.17917 ] ] } },
{ "type": "Feature", "properties": { "name": "Ruisseau de Lizert", "weight_class": 1, "permanent": true, "length_km": 9.0 }, "geometry": { "type": "LineString", "coordinates": [ [ 2.1301, 44.17847 ], [ 2.1315, 44.17376 ], [ 2.13098, 44.17161 ], [ 2.12784, 44.16795 ], [ 2.12727, 44.1642 ], [ 2.12469, 44.16334 ], [ 2.12193, 44.16376 ], [ 2.11657, 44.15925 ], [ 2.11295, 44.1585 ], [ 2.10881, 44.15995 ], [ 2.10735, 44.16172 ], [ 2.10342, 44.16091 ], [ 2.1028, 44.15981 ], [ 2.09957, 44.15971 ], [ 2.09882, 44.16202 ], [ 2.09279, 44.16455 ], [ 2.08381, 44.16224 ], [ 2.07993, 44.16504 ], [ 2.07289, 44.16621 ], [ 2.06847, 44.16568 ], [ 2.06362, 44.16646 ], [ 2.05922, 44.17036 ], [ 2.05845, 44.17233 ] ] } },
{ "type": "Feature", "properties": { "name": "Ruisseau de Cendrou", "weight_class": 1, "permanent": true, "length_km": 2.7 }, "geometry": { "type": "LineString", "coordinates": [ [ 2.09524, 44.15303 ], [ 2.0912, 44.15425 ], [ 2.08896, 44.15392 ], [ 2.08284, 44.15661 ], [ 2.07558, 44.15813 ], [ 2.07055, 44.16574 ] ] } },
{ "type": "Feature", "properties": { "name": "Ruisseau de Moulinel", "weight_class": 1, "permanent": true, "length_km": 4.4 }, "geometry": { "type": "LineString", "coordinates": [ [ 2.07199, 44.15438 ], [ 2.06836, 44.15591 ], [ 2.06128, 44.15447 ], [ 2.05083, 44.15794 ], [ 2.04772, 44.15536 ], [ 2.04433, 44.15427 ], [ 2.03901, 44.14889 ], [ 2.03725, 44.14845 ], [ 2.03475, 44.14332 ], [ 2.03542, 44.14181 ] ] } },
{ "type": "Feature", "properties": { "name": "Ruisseau du Bruel", "weight_class": 1, "permanent": true, "length_km": 2.5 }, "geometry": { "type": "LineString", "coordinates": [ [ 2.22614, 44.12767 ], [ 2.22012, 44.12618 ], [ 2.21625, 44.12654 ], [ 2.20643, 44.13327 ], [ 2.20516, 44.13613 ], [ 2.20602, 44.13785 ] ] } },
{ "type": "Feature", "properties": { "name": "Ruisseau de Bézans", "weight_class": 1, "permanent": true, "length_km": 11.4 }, "geometry": { "type": "LineString", "coordinates": [ [ 2.15795, 44.1353 ], [ 2.15712, 44.12825 ], [ 2.15994, 44.12555 ], [ 2.16377, 44.12478 ], [ 2.16395, 44.12054 ], [ 2.16694, 44.11809 ], [ 2.16835, 44.11537 ], [ 2.16642, 44.11273 ], [ 2.16646, 44.11062 ], [ 2.15579, 44.10716 ], [ 2.13902, 44.10813 ], [ 2.13469, 44.10938 ], [ 2.13415, 44.11031 ], [ 2.12753, 44.10913 ], [ 2.12802, 44.10549 ], [ 2.12926, 44.10453 ], [ 2.13175, 44.10496 ], [ 2.13172, 44.10216 ], [ 2.13389, 44.10033 ], [ 2.13136, 44.09998 ], [ 2.13099, 44.0984 ], [ 2.12619, 44.0969 ], [ 2.12586, 44.09504 ], [ 2.12266, 44.09341 ], [ 2.12324, 44.09235 ], [ 2.12111, 44.0921 ], [ 2.1199, 44.09083 ], [ 2.1212, 44.08962 ], [ 2.11907, 44.08943 ], [ 2.12005, 44.08812 ], [ 2.11868, 44.08707 ], [ 2.11857, 44.08534 ], [ 2.11642, 44.08514 ] ] } },
{ "type": "Feature", "properties": { "name": "Ruisseau de Liaumiès", "weight_class": 1, "permanent": true, "length_km": 4.8 }, "geometry": { "type": "LineString", "coordinates": [ [ 2.23251, 44.12124 ], [ 2.22677, 44.12101 ], [ 2.22512, 44.11918 ], [ 2.22259, 44.11845 ], [ 2.21895, 44.1207 ], [ 2.21413, 44.12055 ], [ 2.20665, 44.12333 ], [ 2.20207, 44.12364 ], [ 2.19918, 44.12573 ], [ 2.19879, 44.12763 ], [ 2.19498, 44.12942 ], [ 2.19075, 44.13299 ], [ 2.18828, 44.13747 ] ] } },
{ "type": "Feature", "properties": { "name": "Ruisseau de Sagnas", "weight_class": 1, "permanent": true, "length_km": 2.1 }, "geometry": { "type": "LineString", "coordinates": [ [ 2.12945, 44.14879 ], [ 2.12998, 44.14579 ], [ 2.12212, 44.13634 ], [ 2.1211, 44.13172 ] ] } },
{ "type": "Feature", "properties": { "name": "Ruisseau de Rieucros", "weight_class": 1, "permanent": true, "length_km": 2.7 }, "geometry": { "type": "LineString", "coordinates": [ [ 2.10682, 44.12239 ], [ 2.11908, 44.11482 ], [ 2.12224, 44.11603 ], [ 2.12494, 44.11487 ], [ 2.12777, 44.11263 ], [ 2.13036, 44.11191 ], [ 2.13081, 44.10982 ] ] } },
{ "type": "Feature", "properties": { "name": "Ruisseau de Curbinier", "weight_class": 1, "permanent": true, "length_km": 3.7 }, "geometry": { "type": "LineString", "coordinates": [ [ 2.08165, 44.1473 ], [ 2.07792, 44.14543 ], [ 2.07232, 44.14493 ], [ 2.06659, 44.14596 ], [ 2.05259, 44.14468 ], [ 2.04811, 44.14749 ], [ 2.04037, 44.15038 ] ] } },
{ "type": "Feature", "properties": { "name": "Ruisseau de Barret", "weight_class": 1, "permanent": false, "length_km": 2.0 }, "geometry": { "type": "LineString", "coordinates": [ [ 2.08691, 44.11576 ], [ 2.09147, 44.11894 ], [ 2.09292, 44.12335 ], [ 2.08932, 44.12317 ], [ 2.0839, 44.12696 ] ] } },
{ "type": "Feature", "properties": { "name": "Ruisseau des Maurors", "weight_class": 1, "permanent": true, "length_km": 3.8 }, "geometry": { "type": "LineString", "coordinates": [ [ 2.08177, 44.11617 ], [ 2.07497, 44.11282 ], [ 2.07263, 44.11379 ], [ 2.07067, 44.11815 ], [ 2.06545, 44.12063 ], [ 2.05671, 44.12889 ], [ 2.05614, 44.13118 ], [ 2.05719, 44.13363 ] ] } },
{ "type": "Feature", "properties": { "name": "Ruisseau de Merdialou", "weight_class": 1, "permanent": true, "length_km": 2.8 }, "geometry": { "type": "LineString", "coordinates": [ [ 2.21153, 44.10947 ], [ 2.21149, 44.10551 ], [ 2.20634, 44.09821 ], [ 2.20609, 44.09512 ], [ 2.20405, 44.09346 ], [ 2.20407, 44.09029 ], [ 2.20602, 44.08683 ] ] } },
{ "type": "Feature", "properties": { "name": "Ruisseau de la Coutaille", "weight_class": 1, "permanent": false, "length_km": 2.5 }, "geometry": { "type": "LineString", "coordinates": [ [ 2.19295, 44.1086 ], [ 2.18639, 44.10747 ], [ 2.1818, 44.10807 ], [ 2.17693, 44.11144 ], [ 2.1739, 44.10993 ], [ 2.17024, 44.11173 ], [ 2.1666, 44.11103 ] ] } },
{ "type": "Feature", "properties": { "name": "Ruisseau du Bourgnou", "weight_class": 1, "permanent": true, "length_km": 2.1 }, "geometry": { "type": "LineString", "coordinates": [ [ 2.17997, 44.12096 ], [ 2.1779, 44.123 ], [ 2.17996, 44.12625 ], [ 2.18306, 44.12859 ], [ 2.18688, 44.13003 ], [ 2.19498, 44.12942 ] ] } },
{ "type": "Feature", "properties": { "name": "Ruisseau de Lizert", "weight_class": 1, "permanent": false, "length_km": 4.8 }, "geometry": { "type": "LineString", "coordinates": [ [ 2.06415, 44.09702 ], [ 2.05875, 44.0989 ], [ 2.05154, 44.09781 ], [ 2.0467, 44.09529 ], [ 2.04327, 44.08981 ], [ 2.03821, 44.0877 ], [ 2.03442, 44.08462 ], [ 2.03456, 44.07928 ], [ 2.0338, 44.0778 ], [ 2.03095, 44.07627 ], [ 2.02945, 44.07343 ] ] } },
{ "type": "Feature", "properties": { "name": "Ruisseau d'Arnabal", "weight_class": 1, "permanent": false, "length_km": 2.3 }, "geometry": { "type": "LineString", "coordinates": [ [ 2.06096, 44.09179 ], [ 2.05904, 44.09061 ], [ 2.05803, 44.08659 ], [ 2.05885, 44.07743 ], [ 2.05957, 44.07563 ], [ 2.06315, 44.07429 ] ] } },
{ "type": "Feature", "properties": { "name": "Ruisseau de Portoux", "weight_class": 1, "permanent": true, "length_km": 2.2 }, "geometry": { "type": "LineString", "coordinates": [ [ 2.03458, 44.12068 ], [ 2.03428, 44.12292 ], [ 2.03887, 44.12982 ], [ 2.03915, 44.13344 ], [ 2.04336, 44.13832 ] ] } },
{ "type": "Feature", "properties": { "name": "Ruisseau de Rebouillères", "weight_class": 1, "permanent": true, "length_km": 2.2 }, "geometry": { "type": "LineString", "coordinates": [ [ 2.22267, 44.05568 ], [ 2.22059, 44.0552 ], [ 2.21748, 44.05261 ], [ 2.20942, 44.05042 ], [ 2.20848, 44.04817 ], [ 2.21024, 44.04331 ] ] } },
{ "type": "Feature", "properties": { "name": "le Rieysses", "weight_class": 1, "permanent": true, "length_km": 2.1 }, "geometry": { "type": "LineString", "coordinates": [ [ 2.12172, 44.0446 ], [ 2.12276, 44.04838 ], [ 2.12188, 44.05254 ], [ 2.12403, 44.05475 ], [ 2.12597, 44.0623 ] ] } },
{ "type": "Feature", "properties": { "name": "Ruisseau du Candou", "weight_class": 1, "permanent": true, "length_km": 7.8 }, "geometry": { "type": "LineString", "coordinates": [ [ 2.19663, 44.0146 ], [ 2.19488, 44.01293 ], [ 2.19001, 44.01267 ], [ 2.18719, 44.01404 ], [ 2.18241, 44.01388 ], [ 2.17847, 44.01516 ], [ 2.16944, 44.02151 ], [ 2.16605, 44.02816 ], [ 2.16383, 44.03016 ], [ 2.15849, 44.03039 ], [ 2.16007, 44.03369 ], [ 2.15861, 44.03624 ], [ 2.15877, 44.04197 ], [ 2.15367, 44.04809 ], [ 2.15153, 44.05337 ], [ 2.14656, 44.05707 ] ] } },
{ "type": "Feature", "properties": { "name": "Ruisseau de l'Escourou", "weight_class": 1, "permanent": true, "length_km": 4.0 }, "geometry": { "type": "LineString", "coordinates": [ [ 2.03905, 44.03712 ], [ 2.03808, 44.03307 ], [ 2.034, 44.032 ], [ 2.02689, 44.02648 ], [ 2.02196, 44.0188 ], [ 2.02141, 44.01034 ], [ 2.01869, 44.00696 ] ] } },
{ "type": "Feature", "properties": { "name": "la Zère", "weight_class": 2, "permanent": true, "length_km": 8.4 }, "geometry": { "type": "LineString", "coordinates": [ [ 2.1248, 44.03092 ], [ 2.12226, 44.03277 ], [ 2.12005, 44.0368 ], [ 2.11356, 44.03779 ], [ 2.11017, 44.03938 ], [ 2.10293, 44.03907 ], [ 2.09529, 44.04176 ], [ 2.08702, 44.04183 ], [ 2.08476, 44.04291 ], [ 2.07984, 44.0481 ], [ 2.07644, 44.04914 ], [ 2.07128, 44.0524 ], [ 2.06799, 44.05561 ], [ 2.05953, 44.05897 ], [ 2.05146, 44.06655 ], [ 2.05146, 44.06781 ], [ 2.0483, 44.06957 ] ] } },
{ "type": "Feature", "properties": { "name": "Ruisseau de Marlenc", "weight_class": 1, "permanent": true, "length_km": 5.9 }, "geometry": { "type": "LineString", "coordinates": [ [ 2.25528, 44.01434 ], [ 2.24569, 44.01536 ], [ 2.24016, 44.01799 ], [ 2.23227, 44.01767 ], [ 2.22665, 44.02181 ], [ 2.21724, 44.02295 ], [ 2.20691, 44.03048 ], [ 2.2072, 44.03155 ], [ 2.20536, 44.03243 ], [ 2.20214, 44.03756 ], [ 2.1991, 44.03868 ] ] } },
{ "type": "Feature", "properties": { "name": null, "weight_class": 1, "permanent": false, "length_km": 2.2 }, "geometry": { "type": "LineString", "coordinates": [ [ 2.08411, 43.91922 ], [ 2.06821, 43.91751 ], [ 2.06582, 43.91612 ], [ 2.06025, 43.91878 ] ] } },
{ "type": "Feature", "properties": { "name": "Ruisseau de Sach", "weight_class": 1, "permanent": true, "length_km": 2.9 }, "geometry": { "type": "LineString", "coordinates": [ [ 2.12187, 44.01897 ], [ 2.11873, 44.02091 ], [ 2.11496, 44.02078 ], [ 2.10913, 44.01899 ], [ 2.10685, 44.01506 ], [ 2.10633, 44.00787 ], [ 2.10852, 44.00575 ], [ 2.1077, 44.00504 ] ] } },
{ "type": "Feature", "properties": { "name": "Ruisseau de Rebayral", "weight_class": 1, "permanent": false, "length_km": 2.1 }, "geometry": { "type": "LineString", "coordinates": [ [ 2.11026, 43.98817 ], [ 2.11439, 43.98646 ], [ 2.11707, 43.98378 ], [ 2.11723, 43.98196 ], [ 2.1152, 43.9799 ], [ 2.11406, 43.97625 ], [ 2.11395, 43.97228 ] ] } },
{ "type": "Feature", "properties": { "name": "Ravin de la Fabrié", "weight_class": 1, "permanent": false, "length_km": 2.2 }, "geometry": { "type": "LineString", "coordinates": [ [ 2.20288, 44.01422 ], [ 2.20356, 44.00746 ], [ 2.2059, 44.00505 ], [ 2.20606, 44.00007 ], [ 2.20789, 43.9976 ], [ 2.20982, 43.99676 ] ] } },
{ "type": "Feature", "properties": { "name": null, "weight_class": 1, "permanent": false, "length_km": 2.1 }, "geometry": { "type": "LineString", "coordinates": [ [ 2.17193, 44.01033 ], [ 2.1704, 44.0095 ], [ 2.16964, 44.00636 ], [ 2.17175, 44.00354 ], [ 2.17115, 43.99682 ], [ 2.17258, 43.99294 ] ] } },
{ "type": "Feature", "properties": { "name": null, "weight_class": 1, "permanent": true, "length_km": 3.1 }, "geometry": { "type": "LineString", "coordinates": [ [ 2.14679, 44.00817 ], [ 2.1471, 44.01053 ], [ 2.1492, 44.01278 ], [ 2.15418, 44.01544 ], [ 2.15242, 44.01786 ], [ 2.15223, 44.02205 ], [ 2.15448, 44.02393 ], [ 2.15592, 44.02912 ], [ 2.15818, 44.03116 ] ] } },
{ "type": "Feature", "properties": { "name": null, "weight_class": 1, "permanent": false, "length_km": 2.1 }, "geometry": { "type": "LineString", "coordinates": [ [ 2.14422, 43.98906 ], [ 2.15235, 43.98807 ], [ 2.15552, 43.98849 ], [ 2.16143, 43.98388 ], [ 2.16674, 43.9834 ] ] } },
{ "type": "Feature", "properties": { "name": null, "weight_class": 1, "permanent": true, "length_km": 2.6 }, "geometry": { "type": "LineString", "coordinates": [ [ 2.19712, 44.00669 ], [ 2.19646, 44.00255 ], [ 2.2011, 43.99861 ], [ 2.20637, 43.99649 ], [ 2.20645, 43.99307 ], [ 2.20848, 43.99123 ], [ 2.20952, 43.98815 ] ] } },
{ "type": "Feature", "properties": { "name": null, "weight_class": 1, "permanent": false, "length_km": 3.0 }, "geometry": { "type": "LineString", "coordinates": [ [ 2.11043, 43.91452 ], [ 2.10665, 43.9169 ], [ 2.10589, 43.91897 ], [ 2.10273, 43.92154 ], [ 2.10193, 43.92463 ], [ 2.09769, 43.92411 ], [ 2.09682, 43.92598 ], [ 2.08787, 43.92528 ], [ 2.08813, 43.92729 ] ] } },
{ "type": "Feature", "properties": { "name": null, "weight_class": 1, "permanent": true, "length_km": 2.7 }, "geometry": { "type": "LineString", "coordinates": [ [ 2.05087, 43.98126 ], [ 2.04891, 43.97714 ], [ 2.05139, 43.97368 ], [ 2.04851, 43.97218 ], [ 2.04617, 43.96638 ], [ 2.04785, 43.95983 ] ] } },
{ "type": "Feature", "properties": { "name": null, "weight_class": 1, "permanent": true, "length_km": 2.2 }, "geometry": { "type": "LineString", "coordinates": [ [ 2.06867, 43.95817 ], [ 2.07198, 43.95668 ], [ 2.072, 43.95054 ], [ 2.07397, 43.94765 ], [ 2.08196, 43.94324 ] ] } },
{ "type": "Feature", "properties": { "name": null, "weight_class": 1, "permanent": false, "length_km": 3.9 }, "geometry": { "type": "LineString", "coordinates": [ [ 2.04405, 43.88267 ], [ 2.03787, 43.89349 ], [ 2.03915, 43.89996 ], [ 2.03078, 43.90627 ], [ 2.02558, 43.90766 ], [ 2.02474, 43.91076 ] ] } },
{ "type": "Feature", "properties": { "name": null, "weight_class": 1, "permanent": false, "length_km": 2.1 }, "geometry": { "type": "LineString", "coordinates": [ [ 2.05543, 43.8797 ], [ 2.05372, 43.87957 ], [ 2.04981, 43.87568 ], [ 2.04509, 43.87729 ], [ 2.04181, 43.87684 ], [ 2.03561, 43.87231 ] ] } },
{ "type": "Feature", "properties": { "name": null, "weight_class": 2, "permanent": true, "length_km": 2.5 }, "geometry": { "type": "LineString", "coordinates": [ [ 2.03894, 43.90579 ], [ 2.0369, 43.90915 ], [ 2.03486, 43.9095 ], [ 2.03322, 43.91111 ], [ 2.02474, 43.91076 ], [ 2.02369, 43.91189 ], [ 2.01946, 43.91211 ], [ 2.01649, 43.91456 ] ] } },
{ "type": "Feature", "properties": { "name": "Ruisseau de la Baïsse", "weight_class": 1, "permanent": true, "length_km": 5.1 }, "geometry": { "type": "LineString", "coordinates": [ [ 2.15666, 44.00881 ], [ 2.16229, 44.00547 ], [ 2.168, 43.99592 ], [ 2.17318, 43.99227 ], [ 2.17259, 43.98071 ], [ 2.18123, 43.97196 ] ] } },
{ "type": "Feature", "properties": { "name": "Ruisseau de Lascombes", "weight_class": 1, "permanent": false, "length_km": 3.2 }, "geometry": { "type": "LineString", "coordinates": [ [ 2.15076, 44.00293 ], [ 2.15728, 43.99763 ], [ 2.16408, 43.99026 ], [ 2.16655, 43.9868 ], [ 2.16674, 43.9834 ], [ 2.17247, 43.98183 ] ] } },
{ "type": "Feature", "properties": { "name": "Ruisseau de la Mouline", "weight_class": 1, "permanent": true, "length_km": 5.5 }, "geometry": { "type": "LineString", "coordinates": [ [ 2.08344, 44.0218 ], [ 2.07886, 44.02465 ], [ 2.07271, 44.02538 ], [ 2.07101, 44.02366 ], [ 2.06819, 44.02282 ], [ 2.05895, 44.02229 ], [ 2.05514, 44.02037 ], [ 2.04638, 44.01944 ], [ 2.04092, 44.01723 ], [ 2.03585, 44.01274 ], [ 2.03348, 44.00725 ], [ 2.03619, 44.00524 ] ] } },
{ "type": "Feature", "properties": { "name": "Ruisseau d'en Agues", "weight_class": 1, "permanent": false, "length_km": 2.3 }, "geometry": { "type": "LineString", "coordinates": [ [ 2.0881, 44.01546 ], [ 2.08553, 44.01493 ], [ 2.08473, 44.01138 ], [ 2.0856, 44.00636 ], [ 2.09015, 43.99749 ] ] } },
{ "type": "Feature", "properties": { "name": "Ruisseau du Vergnas", "weight_class": 1, "permanent": false, "length_km": 2.7 }, "geometry": { "type": "LineString", "coordinates": [ [ 2.18663, 44.00421 ], [ 2.18898, 44.00178 ], [ 2.19311, 43.99202 ], [ 2.19776, 43.98878 ], [ 2.20024, 43.98336 ] ] } },
{ "type": "Feature", "properties": { "name": "Ruisseau de la Mouline", "weight_class": 1, "permanent": true, "length_km": 6.6 }, "geometry": { "type": "LineString", "coordinates": [ [ 2.11121, 43.99619 ], [ 2.11546, 43.9931 ], [ 2.11906, 43.98661 ], [ 2.12763, 43.97796 ], [ 2.12851, 43.97315 ], [ 2.13413, 43.96384 ], [ 2.12937, 43.95918 ], [ 2.12851, 43.95629 ], [ 2.12927, 43.95423 ], [ 2.12688, 43.95273 ], [ 2.12658, 43.95166 ], [ 2.12767, 43.95114 ], [ 2.12439, 43.94954 ], [ 2.12425, 43.948 ] ] } },
{ "type": "Feature", "properties": { "name": "le Luzert", "weight_class": 1, "permanent": true, "length_km": 12.8 }, "geometry": { "type": "LineString", "coordinates": [ [ 2.08179, 43.97702 ], [ 2.08358, 43.97298 ], [ 2.08204, 43.96816 ], [ 2.07824, 43.9686 ], [ 2.07663, 43.96785 ], [ 2.07304, 43.96889 ], [ 2.06885, 43.96792 ], [ 2.06088, 43.96796 ], [ 2.0472, 43.95945 ], [ 2.03819, 43.95981 ], [ 2.02992, 43.95759 ], [ 2.02663, 43.95571 ], [ 2.01883, 43.95463 ], [ 2.01295, 43.95142 ], [ 2.01032, 43.94656 ], [ 2.00411, 43.9433 ], [ 1.99923, 43.93927 ], [ 1.99602, 43.93539 ], [ 1.99478, 43.93161 ], [ 1.99278, 43.92993 ], [ 1.99634, 43.9117 ], [ 1.99482, 43.90863 ] ] } },
{ "type": "Feature", "properties": { "name": "Ruisseau de Saint-Sernin", "weight_class": 1, "permanent": true, "length_km": 4.6 }, "geometry": { "type": "LineString", "coordinates": [ [ 2.09724, 43.98537 ], [ 2.10404, 43.98112 ], [ 2.1049, 43.97702 ], [ 2.10665, 43.97575 ], [ 2.10707, 43.97394 ], [ 2.11621, 43.97105 ], [ 2.12047, 43.96632 ], [ 2.12295, 43.95981 ], [ 2.12851, 43.95629 ] ] } },
{ "type": "Feature", "properties": { "name": "Ruisseau de Vieulac", "weight_class": 1, "permanent": true, "length_km": 13.0 }, "geometry": { "type": "LineString", "coordinates": [ [ 2.03587, 43.98674 ], [ 2.03381, 43.98188 ], [ 2.02429, 43.97943 ], [ 2.02163, 43.97584 ], [ 2.02059, 43.97304 ], [ 2.02131, 43.97197 ], [ 2.01973, 43.96994 ], [ 2.00401, 43.96411 ], [ 1.99694, 43.95628 ], [ 1.99375, 43.9506 ], [ 1.98785, 43.94905 ], [ 1.98148, 43.94279 ], [ 1.97503, 43.94184 ], [ 1.97032, 43.93948 ], [ 1.96906, 43.93675 ], [ 1.97541, 43.92732 ], [ 1.97654, 43.92267 ], [ 1.97393, 43.91965 ], [ 1.97402, 43.91759 ], [ 1.97104, 43.91552 ], [ 1.96975, 43.91327 ], [ 1.96251, 43.91138 ], [ 1.95613, 43.9144 ] ] } },
{ "type": "Feature", "properties": { "name": "Ruisseau de Jussens", "weight_class": 1, "permanent": false, "length_km": 2.3 }, "geometry": { "type": "LineString", "coordinates": [ [ 2.10966, 43.9546 ], [ 2.10283, 43.9469 ], [ 2.09948, 43.93709 ] ] } },
{ "type": "Feature", "properties": { "name": "Ruisseau des Moulines", "weight_class": 1, "permanent": true, "length_km": 4.4 }, "geometry": { "type": "LineString", "coordinates": [ [ 2.09124, 43.96505 ], [ 2.09123, 43.96327 ], [ 2.09484, 43.95994 ], [ 2.09669, 43.95622 ], [ 2.08066, 43.94159 ], [ 2.07905, 43.93859 ], [ 2.07971, 43.93559 ], [ 2.08178, 43.93381 ], [ 2.08142, 43.93257 ] ] } },
{ "type": "Feature", "properties": { "name": "Ruisseau de Falcou", "weight_class": 1, "permanent": false, "length_km": 4.2 }, "geometry": { "type": "LineString", "coordinates": [ [ 2.2145, 43.89583 ], [ 2.21299, 43.90041 ], [ 2.20864, 43.90237 ], [ 2.20016, 43.91243 ], [ 2.19464, 43.91601 ], [ 2.19441, 43.91857 ], [ 2.19757, 43.92328 ], [ 2.1969, 43.92667 ] ] } },
{ "type": "Feature", "properties": { "name": "Ruisseau de Jauzou", "weight_class": 1, "permanent": false, "length_km": 10.9 }, "geometry": { "type": "LineString", "coordinates": [ [ 2.24018, 43.86784 ], [ 2.2295, 43.87462 ], [ 2.22102, 43.87513 ], [ 2.21645, 43.87774 ], [ 2.20998, 43.87897 ], [ 2.20712, 43.88449 ], [ 2.20347, 43.88792 ], [ 2.19194, 43.89351 ], [ 2.18793, 43.89672 ], [ 2.18462, 43.90426 ], [ 2.1814, 43.91675 ], [ 2.17911, 43.91953 ], [ 2.176, 43.92086 ], [ 2.17512, 43.92528 ], [ 2.17346, 43.92531 ], [ 2.17166, 43.92752 ], [ 2.17013, 43.92696 ], [ 2.16618, 43.92822 ], [ 2.16569, 43.93147 ] ] } },
{ "type": "Feature", "properties": { "name": "Ruisseau de Cunac", "weight_class": 1, "permanent": false, "length_km": 6.5 }, "geometry": { "type": "LineString", "coordinates": [ [ 2.2487, 43.92326 ], [ 2.24373, 43.92085 ], [ 2.23723, 43.92114 ], [ 2.23449, 43.92163 ], [ 2.22379, 43.92656 ], [ 2.20423, 43.92768 ], [ 2.20153, 43.92853 ], [ 2.20015, 43.93265 ], [ 2.19703, 43.93466 ], [ 2.1962, 43.93722 ], [ 2.19103, 43.94187 ], [ 2.18853, 43.94261 ], [ 2.18567, 43.94224 ] ] } },
{ "type": "Feature", "properties": { "name": "Ruisseau de la Pontésié", "weight_class": 1, "permanent": true, "length_km": 5.5 }, "geometry": { "type": "LineString", "coordinates": [ [ 2.24044, 43.92907 ], [ 2.23808, 43.92897 ], [ 2.23539, 43.92729 ], [ 2.23107, 43.92732 ], [ 2.22656, 43.92985 ], [ 2.22043, 43.93104 ], [ 2.21627, 43.9367 ], [ 2.21087, 43.93987 ], [ 2.20788, 43.9401 ], [ 2.19948, 43.94355 ], [ 2.19796, 43.94564 ], [ 2.19279, 43.94675 ], [ 2.18702, 43.94419 ] ] } },
{ "type": "Feature", "properties": { "name": "Ruisseau du Séoux/Ruisseau de Séoux", "weight_class": 1, "permanent": true, "length_km": 10.7 }, "geometry": { "type": "LineString", "coordinates": [ [ 2.18027, 43.8697 ], [ 2.17293, 43.87368 ], [ 2.17152, 43.87887 ], [ 2.16631, 43.88557 ], [ 2.16803, 43.88794 ], [ 2.16615, 43.88978 ], [ 2.15956, 43.89152 ], [ 2.15687, 43.89322 ], [ 2.14523, 43.90396 ], [ 2.14356, 43.90737 ], [ 2.1398, 43.91009 ], [ 2.11993, 43.91751 ], [ 2.11786, 43.9209 ], [ 2.11426, 43.92263 ], [ 2.11311, 43.92387 ], [ 2.11392, 43.92648 ], [ 2.11193, 43.92727 ], [ 2.11186, 43.929 ], [ 2.11032, 43.93001 ], [ 2.11038, 43.93662 ] ] } },
{ "type": "Feature", "properties": { "name": "Ruisseau de Caussels", "weight_class": 1, "permanent": true, "length_km": 18.4 }, "geometry": { "type": "LineString", "coordinates": [ [ 2.32658, 43.89665 ], [ 2.31592, 43.89758 ], [ 2.31246, 43.89598 ], [ 2.3096, 43.89629 ], [ 2.30642, 43.89521 ], [ 2.30234, 43.8951 ], [ 2.29938, 43.89174 ], [ 2.29438, 43.8927 ], [ 2.29168, 43.89484 ], [ 2.28441, 43.8947 ], [ 2.28116, 43.89285 ], [ 2.27167, 43.89268 ], [ 2.26611, 43.895 ], [ 2.25531, 43.89646 ], [ 2.25165, 43.89993 ], [ 2.24756, 43.90065 ], [ 2.24457, 43.90448 ], [ 2.23645, 43.90751 ], [ 2.2302, 43.91167 ], [ 2.22394, 43.91307 ], [ 2.21686, 43.91607 ], [ 2.21314, 43.9187 ], [ 2.21108, 43.91795 ], [ 2.20888, 43.91997 ], [ 2.20741, 43.91964 ], [ 2.20195, 43.92438 ], [ 2.19551, 43.92808 ], [ 2.18014, 43.93076 ], [ 2.17917, 43.92992 ], [ 2.17502, 43.93084 ], [ 2.17382, 43.92954 ], [ 2.17224, 43.93021 ], [ 2.17168, 43.9292 ], [ 2.17054, 43.92927 ], [ 2.16742, 43.93136 ], [ 2.16569, 43.93147 ], [ 2.16519, 43.93272 ], [ 2.16231, 43.93304 ], [ 2.16115, 43.93195 ], [ 2.15861, 43.93237 ], [ 2.15821, 43.93369 ], [ 2.15543, 43.93472 ], [ 2.15419, 43.93471 ], [ 2.15389, 43.93335 ], [ 2.15135, 43.93208 ], [ 2.14815, 43.93149 ], [ 2.14701, 43.93225 ] ] } },
{ "type": "Feature", "properties": { "name": "Ruisseau de Carrofoul", "weight_class": 1, "permanent": true, "length_km": 13.7 }, "geometry": { "type": "LineString", "coordinates": [ [ 2.17371, 43.86637 ], [ 2.15977, 43.87162 ], [ 2.15697, 43.87691 ], [ 2.14071, 43.88791 ], [ 2.13814, 43.89129 ], [ 2.12872, 43.89626 ], [ 2.12481, 43.8977 ], [ 2.11718, 43.89757 ], [ 2.1123, 43.89841 ], [ 2.09126, 43.90375 ], [ 2.08764, 43.90635 ], [ 2.08365, 43.90748 ], [ 2.06501, 43.91086 ], [ 2.05898, 43.91455 ], [ 2.05607, 43.91758 ], [ 2.05112, 43.91764 ], [ 2.04554, 43.91939 ], [ 2.04243, 43.91796 ], [ 2.04155, 43.91962 ], [ 2.03901, 43.91953 ], [ 2.03722, 43.92042 ] ] } },
{ "type": "Feature", "properties": { "name": "Ruisseau de Bigar", "weight_class": 1, "permanent": false, "length_km": 3.4 }, "geometry": { "type": "LineString", "coordinates": [ [ 2.05951, 43.9411 ], [ 2.05496, 43.94254 ], [ 2.04722, 43.94193 ], [ 2.0476, 43.93788 ], [ 2.04482, 43.93682 ], [ 2.04213, 43.93185 ], [ 2.04228, 43.92687 ], [ 2.04441, 43.92316 ] ] } },
{ "type": "Feature", "properties": { "name": "Ruisseau de Planquetorte", "weight_class": 1, "permanent": false, "length_km": 5.7 }, "geometry": { "type": "LineString", "coordinates": [ [ 2.24453, 43.88032 ], [ 2.23374, 43.88734 ], [ 2.22694, 43.8941 ], [ 2.22047, 43.89702 ], [ 2.21938, 43.90413 ], [ 2.21663, 43.90688 ], [ 2.21178, 43.90943 ], [ 2.20973, 43.9138 ], [ 2.21065, 43.91705 ], [ 2.20849, 43.91983 ] ] } },
{ "type": "Feature", "properties": { "name": "Ruisseau de Tabournie", "weight_class": 1, "permanent": true, "length_km": 5.9 }, "geometry": { "type": "LineString", "coordinates": [ [ 2.25655, 43.87525 ], [ 2.25325, 43.87951 ], [ 2.24381, 43.88698 ], [ 2.24094, 43.89059 ], [ 2.23125, 43.90755 ], [ 2.227, 43.90962 ], [ 2.22051, 43.91093 ], [ 2.21661, 43.91403 ], [ 2.21686, 43.91607 ] ] } },
{ "type": "Feature", "properties": { "name": "l'Amadenque", "weight_class": 1, "permanent": false, "length_km": 5.1 }, "geometry": { "type": "LineString", "coordinates": [ [ 2.13442, 43.86421 ], [ 2.13158, 43.86796 ], [ 2.13194, 43.87084 ], [ 2.13026, 43.87371 ], [ 2.13221, 43.87808 ], [ 2.13144, 43.88071 ], [ 2.11758, 43.88987 ], [ 2.11642, 43.89223 ], [ 2.11697, 43.89703 ], [ 2.10893, 43.89947 ] ] } },
{ "type": "Feature", "properties": { "name": "Ruisseau Lavergne", "weight_class": 1, "permanent": false, "length_km": 7.1 }, "geometry": { "type": "LineString", "coordinates": [ [ 2.08368, 43.87467 ], [ 2.08041, 43.87803 ], [ 2.07723, 43.8796 ], [ 2.07457, 43.88045 ], [ 2.06625, 43.88077 ], [ 2.06233, 43.88276 ], [ 2.06029, 43.88737 ], [ 2.05614, 43.89143 ], [ 2.05281, 43.89741 ], [ 2.05568, 43.90376 ], [ 2.05485, 43.90726 ], [ 2.05621, 43.90903 ], [ 2.05511, 43.91014 ], [ 2.05035, 43.91132 ], [ 2.04662, 43.91442 ], [ 2.04373, 43.91478 ], [ 2.04225, 43.91806 ] ] } },
{ "type": "Feature", "properties": { "name": "Ruisseau de la Serre", "weight_class": 1, "permanent": false, "length_km": 2.9 }, "geometry": { "type": "LineString", "coordinates": [ [ 2.19148, 43.87428 ], [ 2.18816, 43.87781 ], [ 2.18777, 43.87995 ], [ 2.18236, 43.88215 ], [ 2.17964, 43.88559 ], [ 2.17624, 43.88768 ], [ 2.16615, 43.88978 ] ] } },
{ "type": "Feature", "properties": { "name": "Ruisseau de Prat Bru", "weight_class": 1, "permanent": false, "length_km": 2.1 }, "geometry": { "type": "LineString", "coordinates": [ [ 2.10389, 43.85815 ], [ 2.1015, 43.85959 ], [ 2.09882, 43.86357 ], [ 2.09579, 43.86529 ], [ 2.0884, 43.86864 ], [ 2.08576, 43.86729 ] ] } },
{ "type": "Feature", "properties": { "name": "Ruisseau de Pélissarié", "weight_class": 1, "permanent": false, "length_km": 3.3 }, "geometry": { "type": "LineString", "coordinates": [ [ 2.1048, 43.85264 ], [ 2.09977, 43.85662 ], [ 2.09581, 43.85742 ], [ 2.09285, 43.8618 ], [ 2.08608, 43.86718 ], [ 2.08012, 43.86782 ], [ 2.07853, 43.86411 ] ] } },
{ "type": "Feature", "properties": { "name": "Ruisseau de Riou Grand", "weight_class": 1, "permanent": true, "length_km": 4.0 }, "geometry": { "type": "LineString", "coordinates": [ [ 2.16328, 43.85275 ], [ 2.16046, 43.85031 ], [ 2.16492, 43.84531 ], [ 2.16486, 43.84326 ], [ 2.16195, 43.83848 ], [ 2.16222, 43.83222 ], [ 2.16379, 43.82874 ], [ 2.16835, 43.8235 ], [ 2.16878, 43.82143 ] ] } },
{ "type": "Feature", "properties": { "name": null, "weight_class": 1, "permanent": true, "length_km": 5.3 }, "geometry": { "type": "LineString", "coordinates": [ [ 2.2011, 43.86569 ], [ 2.19844, 43.86603 ], [ 2.19606, 43.86529 ], [ 2.19552, 43.86399 ], [ 2.19246, 43.86504 ], [ 2.18907, 43.86404 ], [ 2.19021, 43.858 ], [ 2.18692, 43.8542 ], [ 2.18765, 43.85228 ], [ 2.18507, 43.84953 ], [ 2.18533, 43.84293 ], [ 2.19028, 43.83425 ], [ 2.18952, 43.83233 ], [ 2.18758, 43.83142 ] ] } },
{ "type": "Feature", "properties": { "name": "Fossé Mère", "weight_class": 1, "permanent": false, "length_km": 2.2 }, "geometry": { "type": "LineString", "coordinates": [ [ 2.19165, 43.81559 ], [ 2.18117, 43.82493 ], [ 2.1757, 43.82211 ], [ 2.17193, 43.82153 ] ] } },
{ "type": "Feature", "properties": { "name": null, "weight_class": 1, "permanent": false, "length_km": 2.0 }, "geometry": { "type": "LineString", "coordinates": [ [ 2.12845, 43.8302 ], [ 2.11958, 43.83547 ], [ 2.11448, 43.83623 ], [ 2.11021, 43.84117 ] ] } },
{ "type": "Feature", "properties": { "name": null, "weight_class": 1, "permanent": false, "length_km": 3.1 }, "geometry": { "type": "LineString", "coordinates": [ [ 2.12276, 43.82087 ], [ 2.12476, 43.81726 ], [ 2.12865, 43.81486 ], [ 2.13193, 43.80952 ], [ 2.13922, 43.80186 ], [ 2.14417, 43.80071 ], [ 2.14444, 43.79977 ] ] } },
{ "type": "Feature", "properties": { "name": null, "weight_class": 1, "permanent": false, "length_km": 2.0 }, "geometry": { "type": "LineString", "coordinates": [ [ 2.05221, 43.82522 ], [ 2.06448, 43.81385 ], [ 2.06597, 43.8107 ] ] } },
{ "type": "Feature", "properties": { "name": "Ruisseau de Gourgouride", "weight_class": 1, "permanent": false, "length_km": 2.3 }, "geometry": { "type": "LineString", "coordinates": [ [ 2.21203, 43.86297 ], [ 2.21397, 43.86113 ], [ 2.21445, 43.85698 ], [ 2.21635, 43.85559 ], [ 2.21725, 43.84989 ], [ 2.22206, 43.84516 ] ] } },
{ "type": "Feature", "properties": { "name": "Ruisseau de Fonvialane", "weight_class": 1, "permanent": true, "length_km": 3.8 }, "geometry": { "type": "LineString", "coordinates": [ [ 2.21865, 43.8646 ], [ 2.21766, 43.86661 ], [ 2.20636, 43.87475 ], [ 2.20264, 43.87954 ], [ 2.19688, 43.88297 ], [ 2.1957, 43.88612 ], [ 2.19966, 43.88858 ], [ 2.19957, 43.88998 ] ] } },
{ "type": "Feature", "properties": { "name": "Ruisseau d'Agros", "weight_class": 1, "permanent": true, "length_km": 19.3 }, "geometry": { "type": "LineString", "coordinates": [ [ 2.15953, 43.86104 ], [ 2.15743, 43.86295 ], [ 2.15055, 43.86444 ], [ 2.14854, 43.86427 ], [ 2.14448, 43.86153 ], [ 2.14087, 43.86041 ], [ 2.12669, 43.84983 ], [ 2.12543, 43.84991 ], [ 2.12358, 43.84818 ], [ 2.11835, 43.84759 ], [ 2.11359, 43.84389 ], [ 2.11141, 43.84325 ], [ 2.11018, 43.84111 ], [ 2.10307, 43.83516 ], [ 2.10309, 43.83164 ], [ 2.09957, 43.83082 ], [ 2.09918, 43.82819 ], [ 2.09699, 43.82727 ], [ 2.09455, 43.82452 ], [ 2.09103, 43.81875 ], [ 2.07943, 43.81421 ], [ 2.0769, 43.81231 ], [ 2.07251, 43.81292 ], [ 2.06831, 43.8105 ], [ 2.06508, 43.81064 ], [ 2.05082, 43.80738 ], [ 2.04642, 43.80419 ], [ 2.04668, 43.80176 ], [ 2.04148, 43.80014 ], [ 2.0378, 43.79474 ], [ 2.03215, 43.79164 ], [ 2.0296, 43.78817 ], [ 2.023, 43.78369 ], [ 2.01762, 43.77336 ], [ 2.0111, 43.77374 ], [ 2.00773, 43.7752 ], [ 2.00579, 43.77386 ], [ 2.00093, 43.77266 ], [ 1.99948, 43.77123 ], [ 1.99831, 43.77137 ] ] } },
{ "type": "Feature", "properties": { "name": "Rieumas", "weight_class": 1, "permanent": true, "length_km": 7.1 }, "geometry": { "type": "LineString", "coordinates": [ [ 2.12537, 43.86322 ], [ 2.12008, 43.87014 ], [ 2.11389, 43.87136 ], [ 2.10691, 43.87438 ], [ 2.10352, 43.87772 ], [ 2.09624, 43.88236 ], [ 2.08759, 43.89148 ], [ 2.08774, 43.89483 ], [ 2.08506, 43.89869 ], [ 2.07727, 43.90409 ], [ 2.07465, 43.9076 ], [ 2.07159, 43.90954 ] ] } },
{ "type": "Feature", "properties": { "name": "Ruisseau du Pont Neuf/Ruisseau de Fournials", "weight_class": 1, "permanent": false, "length_km": 5.6 }, "geometry": { "type": "LineString", "coordinates": [ [ 2.08574, 43.83534 ], [ 2.07706, 43.84239 ], [ 2.07055, 43.85205 ], [ 2.06651, 43.85374 ], [ 2.06279, 43.85854 ], [ 2.05604, 43.86255 ], [ 2.05129, 43.8678 ], [ 2.04486, 43.86821 ], [ 2.04173, 43.87017 ] ] } },
{ "type": "Feature", "properties": { "name": "Ruisseau de Saint-Salvy", "weight_class": 1, "permanent": true, "length_km": 3.5 }, "geometry": { "type": "LineString", "coordinates": [ [ 2.24081, 43.82223 ], [ 2.22777, 43.82694 ], [ 2.22568, 43.83118 ], [ 2.21734, 43.8328 ], [ 2.21274, 43.83685 ], [ 2.20773, 43.83536 ] ] } },
{ "type": "Feature", "properties": { "name": "Ruisseau de Bagenac", "weight_class": 1, "permanent": false, "length_km": 3.5 }, "geometry": { "type": "LineString", "coordinates": [ [ 2.1446, 43.83175 ], [ 2.14789, 43.82272 ], [ 2.14525, 43.81894 ], [ 2.1465, 43.81545 ], [ 2.14388, 43.80926 ], [ 2.14705, 43.80359 ] ] } },
{ "type": "Feature", "properties": { "name": "Ruisseau de Mestr'Arnaud", "weight_class": 1, "permanent": false, "length_km": 2.5 }, "geometry": { "type": "LineString", "coordinates": [ [ 2.09007, 43.83986 ], [ 2.0862, 43.84227 ], [ 2.08561, 43.84453 ], [ 2.08016, 43.84893 ], [ 2.07442, 43.8508 ], [ 2.072, 43.85308 ], [ 2.06849, 43.85289 ] ] } },
{ "type": "Feature", "properties": { "name": "le Fabas", "weight_class": 1, "permanent": true, "length_km": 2.4 }, "geometry": { "type": "LineString", "coordinates": [ [ 2.21236, 43.81717 ], [ 2.21013, 43.81909 ], [ 2.20872, 43.82252 ], [ 2.20947, 43.82418 ], [ 2.21289, 43.82627 ], [ 2.21483, 43.83548 ] ] } },
{ "type": "Feature", "properties": { "name": "Ruisseau de Blima", "weight_class": 1, "permanent": true, "length_km": 8.6 }, "geometry": { "type": "LineString", "coordinates": [ [ 2.2157, 43.80658 ], [ 2.21195, 43.80836 ], [ 2.21196, 43.80935 ], [ 2.20954, 43.811 ], [ 2.19877, 43.81565 ], [ 2.19692, 43.81206 ], [ 2.19373, 43.81022 ], [ 2.19213, 43.80589 ], [ 2.18955, 43.80372 ], [ 2.18754, 43.7975 ], [ 2.18915, 43.7872 ], [ 2.18728, 43.78536 ], [ 2.18701, 43.78118 ], [ 2.19332, 43.77347 ], [ 2.19391, 43.76963 ], [ 2.19258, 43.76086 ] ] } },
{ "type": "Feature", "properties": { "name": "Ruisseau de Prat-Auriole", "weight_class": 1, "permanent": false, "length_km": 2.3 }, "geometry": { "type": "LineString", "coordinates": [ [ 2.07679, 43.75634 ], [ 2.0748, 43.75818 ], [ 2.07541, 43.75922 ], [ 2.07407, 43.76137 ], [ 2.07274, 43.76116 ], [ 2.07077, 43.76248 ], [ 2.07219, 43.76429 ], [ 2.07083, 43.76664 ], [ 2.06854, 43.767 ], [ 2.0652, 43.76998 ], [ 2.06597, 43.7712 ] ] } },
{ "type": "Feature", "properties": { "name": "Canal du Moulin de Cantereyne", "weight_class": 2, "permanent": true, "length_km": 2.4 }, "geometry": { "type": "LineString", "coordinates": [ [ 2.21483, 43.76992 ], [ 2.21147, 43.76916 ], [ 2.20592, 43.77099 ], [ 2.20148, 43.76994 ], [ 2.19298, 43.76067 ] ] } },
{ "type": "Feature", "properties": { "name": null, "weight_class": 1, "permanent": false, "length_km": 2.1 }, "geometry": { "type": "LineString", "coordinates": [ [ 2.09822, 43.80162 ], [ 2.08803, 43.81134 ], [ 2.08191, 43.81491 ] ] } },
{ "type": "Feature", "properties": { "name": null, "weight_class": 1, "permanent": true, "length_km": 2.1 }, "geometry": { "type": "LineString", "coordinates": [ [ 2.17608, 43.7984 ], [ 2.15485, 43.80879 ] ] } },
{ "type": "Feature", "properties": { "name": null, "weight_class": 1, "permanent": false, "length_km": 2.4 }, "geometry": { "type": "LineString", "coordinates": [ [ 2.21186, 43.79703 ], [ 2.21477, 43.79445 ], [ 2.21693, 43.78537 ], [ 2.22447, 43.77938 ] ] } },
{ "type": "Feature", "properties": { "name": null, "weight_class": 1, "permanent": false, "length_km": 2.4 }, "geometry": { "type": "LineString", "coordinates": [ [ 2.07532, 43.79496 ], [ 2.07108, 43.79819 ], [ 2.0589, 43.80151 ], [ 2.05413, 43.80806 ] ] } },
{ "type": "Feature", "properties": { "name": "Ruisseau de Tincamba", "weight_class": 1, "permanent": false, "length_km": 3.7 }, "geometry": { "type": "LineString", "coordinates": [ [ 2.17425, 43.78211 ], [ 2.16836, 43.78804 ], [ 2.16781, 43.79101 ], [ 2.16274, 43.79825 ], [ 2.15848, 43.80095 ], [ 2.1506, 43.80341 ], [ 2.14636, 43.80304 ] ] } },
{ "type": "Feature", "properties": { "name": "Ruisseau de Nandou", "weight_class": 1, "permanent": false, "length_km": 2.0 }, "geometry": { "type": "LineString", "coordinates": [ [ 2.11901, 43.80553 ], [ 2.11877, 43.80132 ], [ 2.12144, 43.79529 ], [ 2.12953, 43.79079 ] ] } },
{ "type": "Feature", "properties": { "name": "Ruisseau des Monges", "weight_class": 1, "permanent": false, "length_km": 2.6 }, "geometry": { "type": "LineString", "coordinates": [ [ 2.08056, 43.79326 ], [ 2.07928, 43.79549 ], [ 2.07446, 43.79798 ], [ 2.06978, 43.80357 ], [ 2.07007, 43.80588 ], [ 2.07243, 43.80886 ], [ 2.06849, 43.81059 ] ] } },
{ "type": "Feature", "properties": { "name": "Ruisseau de Bondidou", "weight_class": 2, "permanent": false, "length_km": 3.3 }, "geometry": { "type": "LineString", "coordinates": [ [ 2.20451, 43.78905 ], [ 2.19729, 43.78868 ], [ 2.19275, 43.78674 ], [ 2.19468, 43.78312 ], [ 2.19865, 43.78007 ], [ 2.19912, 43.77547 ], [ 2.20073, 43.77485 ], [ 2.20441, 43.76988 ] ] } },
{ "type": "Feature", "properties": { "name": "Ruisseau de Lézert", "weight_class": 1, "permanent": true, "length_km": 11.1 }, "geometry": { "type": "LineString", "coordinates": [ [ 2.20576, 43.72778 ], [ 2.20319, 43.7277 ], [ 2.20114, 43.72635 ], [ 2.19451, 43.73185 ], [ 2.18653, 43.73407 ], [ 2.18519, 43.73688 ], [ 2.17988, 43.74015 ], [ 2.17828, 43.74362 ], [ 2.17554, 43.74551 ], [ 2.15739, 43.74882 ], [ 2.15248, 43.74868 ], [ 2.14195, 43.75118 ], [ 2.14156, 43.75285 ], [ 2.13532, 43.75599 ], [ 2.13439, 43.75837 ], [ 2.13186, 43.76045 ], [ 2.13227, 43.76631 ], [ 2.13357, 43.76813 ], [ 2.13271, 43.76956 ], [ 2.13433, 43.77253 ], [ 2.13167, 43.77479 ], [ 2.13202, 43.77591 ], [ 2.12983, 43.77714 ], [ 2.13055, 43.77789 ], [ 2.12904, 43.77988 ], [ 2.12937, 43.78053 ], [ 2.13071, 43.78022 ], [ 2.13051, 43.78174 ] ] } },
{ "type": "Feature", "properties": { "name": "Ruisseau de Bouquedaze", "weight_class": 1, "permanent": false, "length_km": 3.0 }, "geometry": { "type": "LineString", "coordinates": [ [ 2.07758, 43.78058 ], [ 2.07359, 43.78387 ], [ 2.07069, 43.78453 ], [ 2.06348, 43.78273 ], [ 2.0597, 43.77347 ], [ 2.06434, 43.77081 ] ] } },
{ "type": "Feature", "properties": { "name": "Ruisseau de Miral", "weight_class": 1, "permanent": true, "length_km": 4.9 }, "geometry": { "type": "LineString", "coordinates": [ [ 2.22359, 43.72934 ], [ 2.22112, 43.73031 ], [ 2.21434, 43.73925 ], [ 2.21069, 43.74625 ], [ 2.20358, 43.75321 ], [ 2.20048, 43.7555 ], [ 2.19147, 43.75715 ], [ 2.18818, 43.76135 ] ] } },
{ "type": "Feature", "properties": { "name": "le Lèzert", "weight_class": 1, "permanent": true, "length_km": 10.7 }, "geometry": { "type": "LineString", "coordinates": [ [ 2.31222, 43.7202 ], [ 2.295, 43.7241 ], [ 2.29463, 43.7271 ], [ 2.28961, 43.72904 ], [ 2.28807, 43.72852 ], [ 2.28496, 43.72923 ], [ 2.2814, 43.73153 ], [ 2.27857, 43.73189 ], [ 2.2722, 43.735 ], [ 2.26567, 43.73552 ], [ 2.26379, 43.73423 ], [ 2.25957, 43.73541 ], [ 2.25717, 43.73834 ], [ 2.25478, 43.7387 ], [ 2.24985, 43.7422 ], [ 2.24589, 43.742 ], [ 2.24162, 43.74325 ], [ 2.23816, 43.74776 ], [ 2.22917, 43.75217 ], [ 2.22695, 43.75441 ], [ 2.22547, 43.75672 ], [ 2.22588, 43.75853 ], [ 2.22287, 43.76106 ], [ 2.22213, 43.76592 ] ] } },
{ "type": "Feature", "properties": { "name": "Ruisseau de Font Bouissoune", "weight_class": 1, "permanent": false, "length_km": 3.2 }, "geometry": { "type": "LineString", "coordinates": [ [ 2.17241, 43.73038 ], [ 2.16699, 43.73338 ], [ 2.16559, 43.73538 ], [ 2.15971, 43.73825 ], [ 2.15817, 43.74115 ], [ 2.15143, 43.74325 ], [ 2.14776, 43.74992 ] ] } },
{ "type": "Feature", "properties": { "name": "Ruisseau de Fontbéal", "weight_class": 1, "permanent": false, "length_km": 3.7 }, "geometry": { "type": "LineString", "coordinates": [ [ 2.10917, 43.75035 ], [ 2.10217, 43.75638 ], [ 2.09453, 43.76751 ], [ 2.09478, 43.77001 ], [ 2.08987, 43.77246 ], [ 2.08719, 43.77761 ] ] } },
{ "type": "Feature", "properties": { "name": "Ruisseau de las Bals", "weight_class": 1, "permanent": false, "length_km": 4.2 }, "geometry": { "type": "LineString", "coordinates": [ [ 2.12027, 43.75067 ], [ 2.11595, 43.75197 ], [ 2.11408, 43.75368 ], [ 2.11444, 43.75561 ], [ 2.11181, 43.76238 ], [ 2.10584, 43.76509 ], [ 2.10233, 43.7691 ], [ 2.09504, 43.77265 ], [ 2.0914, 43.7781 ] ] } },
{ "type": "Feature", "properties": { "name": "Ruisseau de Rival", "weight_class": 1, "permanent": false, "length_km": 2.1 }, "geometry": { "type": "LineString", "coordinates": [ [ 2.11892, 43.76232 ], [ 2.11585, 43.76657 ], [ 2.11583, 43.77321 ], [ 2.11761, 43.77634 ], [ 2.11378, 43.7781 ] ] } },
{ "type": "Feature", "properties": { "name": "Ruisseau de Vidalès", "weight_class": 1, "permanent": true, "length_km": 9.0 }, "geometry": { "type": "LineString", "coordinates": [ [ 2.15656, 43.7297 ], [ 2.15409, 43.73264 ], [ 2.14973, 43.73491 ], [ 2.12921, 43.74212 ], [ 2.12546, 43.74267 ], [ 2.12254, 43.74187 ], [ 2.11175, 43.74288 ], [ 2.09694, 43.74678 ], [ 2.09186, 43.75037 ], [ 2.08917, 43.75484 ], [ 2.07892, 43.76323 ], [ 2.07804, 43.76519 ], [ 2.07438, 43.76806 ], [ 2.0738, 43.77017 ], [ 2.0718, 43.77023 ], [ 2.07139, 43.77124 ] ] } },
{ "type": "Feature", "properties": { "name": "Ruisseau de Pascabasié", "weight_class": 1, "permanent": true, "length_km": 6.9 }, "geometry": { "type": "LineString", "coordinates": [ [ 2.04684, 43.71042 ], [ 2.04914, 43.7122 ], [ 2.04897, 43.71447 ], [ 2.04333, 43.72083 ], [ 2.03927, 43.73435 ], [ 2.04076, 43.73807 ], [ 2.04419, 43.74167 ], [ 2.04715, 43.74981 ], [ 2.04679, 43.75204 ], [ 2.05041, 43.7597 ], [ 2.04878, 43.76246 ], [ 2.05013, 43.76344 ], [ 2.04975, 43.7646 ] ] } },
{ "type": "Feature", "properties": { "name": "Ruisseau de Villeneuve", "weight_class": 1, "permanent": false, "length_km": 5.0 }, "geometry": { "type": "LineString", "coordinates": [ [ 2.05546, 43.71961 ], [ 2.05321, 43.72334 ], [ 2.0567, 43.72616 ], [ 2.05599, 43.73318 ], [ 2.05725, 43.73707 ], [ 2.05186, 43.74725 ], [ 2.05105, 43.75235 ], [ 2.05366, 43.75369 ], [ 2.05466, 43.7554 ], [ 2.06063, 43.75529 ] ] } },
{ "type": "Feature", "properties": { "name": "Ruisseau de Costebergat", "weight_class": 1, "permanent": true, "length_km": 3.8 }, "geometry": { "type": "LineString", "coordinates": [ [ 2.062, 43.71477 ], [ 2.06102, 43.71668 ], [ 2.06178, 43.71819 ], [ 2.06779, 43.7215 ], [ 2.06216, 43.73444 ], [ 2.06244, 43.73769 ], [ 2.06775, 43.74215 ], [ 2.06771, 43.74394 ] ] } },
{ "type": "Feature", "properties": { "name": "Ruisseau de Ganoubre", "weight_class": 1, "permanent": true, "length_km": 9.1 }, "geometry": { "type": "LineString", "coordinates": [ [ 2.12886, 43.71996 ], [ 2.1171, 43.72318 ], [ 2.11189, 43.72197 ], [ 2.10073, 43.72496 ], [ 2.09706, 43.72504 ], [ 2.09425, 43.72651 ], [ 2.08995, 43.73142 ], [ 2.08288, 43.73194 ], [ 2.0608, 43.7491 ], [ 2.05878, 43.75232 ], [ 2.06085, 43.75464 ], [ 2.05915, 43.75899 ], [ 2.05986, 43.76162 ], [ 2.05692, 43.76488 ] ] } },
{ "type": "Feature", "properties": { "name": "Ruisseau de Gandulives", "weight_class": 1, "permanent": false, "length_km": 2.4 }, "geometry": { "type": "LineString", "coordinates": [ [ 2.09848, 43.69093 ], [ 2.10362, 43.68961 ], [ 2.1062, 43.68549 ], [ 2.11351, 43.67983 ], [ 2.1151, 43.67772 ], [ 2.11299, 43.67565 ] ] } },
{ "type": "Feature", "properties": { "name": "Ruisseau de Condat", "weight_class": 1, "permanent": false, "length_km": 2.4 }, "geometry": { "type": "LineString", "coordinates": [ [ 2.14978, 43.71582 ], [ 2.14461, 43.72148 ], [ 2.14346, 43.72753 ], [ 2.14595, 43.73151 ], [ 2.14973, 43.73491 ] ] } },
{ "type": "Feature", "properties": { "name": "Ruisseau de Pratfiniès", "weight_class": 1, "permanent": true, "length_km": 2.7 }, "geometry": { "type": "LineString", "coordinates": [ [ 2.1843, 43.66663 ], [ 2.17992, 43.66816 ], [ 2.1777, 43.67077 ], [ 2.1758, 43.67137 ], [ 2.17522, 43.67294 ], [ 2.16283, 43.67959 ], [ 2.16075, 43.68221 ] ] } },
{ "type": "Feature", "properties": { "name": "Ruisseau de l'Albarèdié", "weight_class": 1, "permanent": true, "length_km": 2.4 }, "geometry": { "type": "LineString", "coordinates": [ [ 2.18641, 43.67017 ], [ 2.18471, 43.67274 ], [ 2.17844, 43.67554 ], [ 2.17771, 43.67649 ], [ 2.1786, 43.67748 ], [ 2.16884, 43.68511 ] ] } },
{ "type": "Feature", "properties": { "name": "Ruisseau Gouty de Bagnaires", "weight_class": 1, "permanent": true, "length_km": 3.2 }, "geometry": { "type": "LineString", "coordinates": [ [ 2.18012, 43.66494 ], [ 2.18777, 43.65576 ], [ 2.18606, 43.6528 ], [ 2.18806, 43.65041 ], [ 2.1883, 43.64775 ], [ 2.18696, 43.64682 ], [ 2.19005, 43.64094 ] ] } },
{ "type": "Feature", "properties": { "name": "Ruisseau le Bridou/le Bridou", "weight_class": 1, "permanent": true, "length_km": 4.6 }, "geometry": { "type": "LineString", "coordinates": [ [ 2.10274, 43.70065 ], [ 2.10829, 43.69749 ], [ 2.11642, 43.68489 ], [ 2.12878, 43.67765 ], [ 2.13336, 43.67115 ], [ 2.13562, 43.66967 ] ] } },
{ "type": "Feature", "properties": { "name": null, "weight_class": 1, "permanent": false, "length_km": 2.0 }, "geometry": { "type": "LineString", "coordinates": [ [ 2.11349, 43.72784 ], [ 2.11001, 43.73472 ], [ 2.11063, 43.73745 ], [ 2.11382, 43.73918 ], [ 2.11319, 43.73966 ], [ 2.11535, 43.74218 ], [ 2.11427, 43.74253 ] ] } },
{ "type": "Feature", "properties": { "name": null, "weight_class": 1, "permanent": false, "length_km": 2.0 }, "geometry": { "type": "LineString", "coordinates": [ [ 2.1377, 43.7006 ], [ 2.13894, 43.69941 ], [ 2.14296, 43.699 ], [ 2.14648, 43.6961 ], [ 2.14646, 43.6924 ], [ 2.15131, 43.68936 ], [ 2.15142, 43.68846 ] ] } },
{ "type": "Feature", "properties": { "name": null, "weight_class": 1, "permanent": false, "length_km": 2.7 }, "geometry": { "type": "LineString", "coordinates": [ [ 2.16157, 43.71639 ], [ 2.16336, 43.71692 ], [ 2.16866, 43.71633 ], [ 2.16996, 43.7128 ], [ 2.17589, 43.70841 ], [ 2.17703, 43.70524 ], [ 2.18059, 43.70107 ] ] } },
{ "type": "Feature", "properties": { "name": null, "weight_class": 1, "permanent": true, "length_km": 2.6 }, "geometry": { "type": "LineString", "coordinates": [ [ 2.12526, 43.72395 ], [ 2.12034, 43.72723 ], [ 2.11733, 43.73365 ], [ 2.1182, 43.73508 ], [ 2.12151, 43.73616 ], [ 2.12387, 43.73929 ], [ 2.12121, 43.74204 ] ] } },
{ "type": "Feature", "properties": { "name": null, "weight_class": 1, "permanent": true, "length_km": 4.2 }, "geometry": { "type": "LineString", "coordinates": [ [ 2.19858, 43.73682 ], [ 2.18687, 43.74681 ], [ 2.18163, 43.74828 ], [ 2.17941, 43.75007 ], [ 2.17945, 43.75452 ], [ 2.17541, 43.75708 ], [ 2.17466, 43.75902 ], [ 2.17803, 43.76554 ] ] } },
{ "type": "Feature", "properties": { "name": null, "weight_class": 1, "permanent": false, "length_km": 2.4 }, "geometry": { "type": "LineString", "coordinates": [ [ 2.09143, 43.66515 ], [ 2.0983, 43.66552 ], [ 2.11156, 43.66042 ], [ 2.11313, 43.65688 ], [ 2.11248, 43.65556 ] ] } },
{ "type": "Feature", "properties": { "name": null, "weight_class": 1, "permanent": false, "length_km": 2.5 }, "geometry": { "type": "LineString", "coordinates": [ [ 2.17155, 43.66589 ], [ 2.16749, 43.66626 ], [ 2.16007, 43.67035 ], [ 2.15702, 43.67044 ], [ 2.14476, 43.67613 ] ] } },
{ "type": "Feature", "properties": { "name": null, "weight_class": 1, "permanent": false, "length_km": 2.6 }, "geometry": { "type": "LineString", "coordinates": [ [ 2.19602, 43.67149 ], [ 2.19555, 43.67326 ], [ 2.19168, 43.67533 ], [ 2.1914, 43.67862 ], [ 2.18891, 43.67902 ], [ 2.18734, 43.6807 ], [ 2.18243, 43.68294 ], [ 2.17762, 43.68665 ], [ 2.1782, 43.68729 ] ] } },
{ "type": "Feature", "properties": { "name": null, "weight_class": 1, "permanent": true, "length_km": 3.8 }, "geometry": { "type": "LineString", "coordinates": [ [ 2.13499, 43.71033 ], [ 2.12956, 43.70689 ], [ 2.13119, 43.70348 ], [ 2.13077, 43.70012 ], [ 2.14059, 43.69101 ], [ 2.14274, 43.69029 ], [ 2.14389, 43.68606 ], [ 2.14691, 43.68437 ] ] } },
{ "type": "Feature", "properties": { "name": null, "weight_class": 1, "permanent": true, "length_km": 2.1 }, "geometry": { "type": "LineString", "coordinates": [ [ 2.08228, 43.71731 ], [ 2.07872, 43.72012 ], [ 2.07615, 43.72551 ], [ 2.07852, 43.73084 ], [ 2.08181, 43.73334 ] ] } },
{ "type": "Feature", "properties": { "name": null, "weight_class": 1, "permanent": false, "length_km": 2.5 }, "geometry": { "type": "LineString", "coordinates": [ [ 2.07987, 43.70589 ], [ 2.07753, 43.70536 ], [ 2.0783, 43.70273 ], [ 2.08645, 43.69814 ], [ 2.08931, 43.68853 ] ] } },
{ "type": "Feature", "properties": { "name": "Ruisseau des Alos", "weight_class": 1, "permanent": true, "length_km": 2.4 }, "geometry": { "type": "LineString", "coordinates": [ [ 2.21583, 43.73057 ], [ 2.21344, 43.7323 ], [ 2.20705, 43.7412 ], [ 2.20564, 43.74665 ], [ 2.20711, 43.74927 ] ] } },
{ "type": "Feature", "properties": { "name": "Ruisseau de Saborgues", "weight_class": 1, "permanent": true, "length_km": 3.3 }, "geometry": { "type": "LineString", "coordinates": [ [ 2.21691, 43.71888 ], [ 2.21419, 43.7202 ], [ 2.20565, 43.72092 ], [ 2.19651, 43.71851 ], [ 2.18945, 43.71148 ], [ 2.18794, 43.70708 ] ] } },
{ "type": "Feature", "properties": { "name": "Ruisseau de Saborgues", "weight_class": 1, "permanent": false, "length_km": 5.8 }, "geometry": { "type": "LineString", "coordinates": [ [ 2.1821, 43.72435 ], [ 2.17875, 43.72685 ], [ 2.17222, 43.7278 ], [ 2.16472, 43.72744 ], [ 2.16675, 43.72393 ], [ 2.17105, 43.72152 ], [ 2.17245, 43.71882 ], [ 2.17837, 43.71357 ], [ 2.18784, 43.70763 ], [ 2.18721, 43.70451 ], [ 2.18084, 43.70125 ], [ 2.17985, 43.6998 ] ] } },
{ "type": "Feature", "properties": { "name": "Ruisseau de Puechassaut", "weight_class": 1, "permanent": false, "length_km": 3.2 }, "geometry": { "type": "LineString", "coordinates": [ [ 2.10015, 43.71011 ], [ 2.09052, 43.71698 ], [ 2.0873, 43.71802 ], [ 2.08514, 43.72044 ], [ 2.08549, 43.72381 ], [ 2.08297, 43.72725 ], [ 2.08407, 43.72987 ], [ 2.08288, 43.73194 ] ] } },
{ "type": "Feature", "properties": { "name": "Ruisseau de Mallebarde", "weight_class": 1, "permanent": true, "length_km": 2.1 }, "geometry": { "type": "LineString", "coordinates": [ [ 2.1075, 43.7085 ], [ 2.1013, 43.71484 ], [ 2.09714, 43.72503 ] ] } },
{ "type": "Feature", "properties": { "name": "Ruisseau de Merdalou", "weight_class": 1, "permanent": true, "length_km": 8.9 }, "geometry": { "type": "LineString", "coordinates": [ [ 2.05227, 43.70842 ], [ 2.05879, 43.70932 ], [ 2.06274, 43.70815 ], [ 2.06657, 43.70271 ], [ 2.06717, 43.69784 ], [ 2.06904, 43.69584 ], [ 2.07561, 43.69324 ], [ 2.08419, 43.69144 ], [ 2.09897, 43.68289 ], [ 2.10229, 43.67774 ], [ 2.11277, 43.67103 ], [ 2.11431, 43.66741 ], [ 2.11446, 43.6623 ], [ 2.11693, 43.65658 ] ] } },
{ "type": "Feature", "properties": { "name": "Davizols", "weight_class": 1, "permanent": true, "length_km": 3.7 }, "geometry": { "type": "LineString", "coordinates": [ [ 2.12016, 43.70634 ], [ 2.12164, 43.70143 ], [ 2.12429, 43.69938 ], [ 2.12645, 43.69516 ], [ 2.13084, 43.69065 ], [ 2.13353, 43.68922 ], [ 2.13488, 43.68484 ], [ 2.13752, 43.6816 ], [ 2.14156, 43.67887 ] ] } },
{ "type": "Feature", "properties": { "name": "Ruisseau de la Calvétié", "weight_class": 1, "permanent": false, "length_km": 5.0 }, "geometry": { "type": "LineString", "coordinates": [ [ 2.0499, 43.68636 ], [ 2.04903, 43.68402 ], [ 2.04521, 43.68244 ], [ 2.04313, 43.67886 ], [ 2.04368, 43.67576 ], [ 2.04627, 43.67219 ], [ 2.04258, 43.66832 ], [ 2.0436, 43.65788 ], [ 2.04133, 43.65731 ], [ 2.03338, 43.65899 ], [ 2.02764, 43.65804 ] ] } },
{ "type": "Feature", "properties": { "name": "l'Aybes", "weight_class": 1, "permanent": false, "length_km": 12.6 }, "geometry": { "type": "LineString", "coordinates": [ [ 2.20439, 43.66939 ], [ 2.20648, 43.66993 ], [ 2.20815, 43.66923 ], [ 2.20947, 43.67082 ], [ 2.21362, 43.66982 ], [ 2.21543, 43.66864 ], [ 2.21705, 43.66449 ], [ 2.21619, 43.66159 ], [ 2.21173, 43.65841 ], [ 2.21296, 43.65486 ], [ 2.20922, 43.65321 ], [ 2.20623, 43.64618 ], [ 2.20263, 43.64414 ], [ 2.19596, 43.64507 ], [ 2.19146, 43.64324 ], [ 2.18979, 43.64068 ], [ 2.18477, 43.63983 ], [ 2.1817, 43.63762 ], [ 2.18033, 43.63404 ], [ 2.16505, 43.63175 ], [ 2.16297, 43.63039 ], [ 2.16335, 43.62783 ], [ 2.16087, 43.62404 ], [ 2.15036, 43.62152 ], [ 2.14727, 43.62208 ], [ 2.14333, 43.62063 ], [ 2.14178, 43.61581 ], [ 2.13892, 43.61492 ], [ 2.13795, 43.61339 ], [ 2.13182, 43.61238 ] ] } },
{ "type": "Feature", "properties": { "name": "Ruisseau de Poumard", "weight_class": 1, "permanent": true, "length_km": 5.0 }, "geometry": { "type": "LineString", "coordinates": [ [ 2.23015, 43.67391 ], [ 2.23201, 43.67316 ], [ 2.23592, 43.66856 ], [ 2.24582, 43.66459 ], [ 2.24848, 43.66266 ], [ 2.25796, 43.66115 ], [ 2.26315, 43.65783 ], [ 2.26924, 43.65589 ], [ 2.27033, 43.65444 ], [ 2.27677, 43.65514 ], [ 2.2792, 43.65444 ] ] } },
{ "type": "Feature", "properties": { "name": "Ruisseau de Cabanac", "weight_class": 1, "permanent": false, "length_km": 4.9 }, "geometry": { "type": "LineString", "coordinates": [ [ 2.07805, 43.67132 ], [ 2.07972, 43.66851 ], [ 2.07968, 43.66349 ], [ 2.07825, 43.65977 ], [ 2.07049, 43.65585 ], [ 2.05912, 43.64018 ], [ 2.05626, 43.63868 ], [ 2.05538, 43.63591 ], [ 2.05371, 43.63584 ] ] } },
{ "type": "Feature", "properties": { "name": "Ruisseau des Bayssés", "weight_class": 1, "permanent": false, "length_km": 2.1 }, "geometry": { "type": "LineString", "coordinates": [ [ 2.09254, 43.67085 ], [ 2.09665, 43.67086 ], [ 2.10235, 43.66926 ], [ 2.11451, 43.66272 ] ] } },
{ "type": "Feature", "properties": { "name": null, "weight_class": 1, "permanent": false, "length_km": 2.6 }, "geometry": { "type": "LineString", "coordinates": [ [ 2.05862, 43.667 ], [ 2.05726, 43.65955 ], [ 2.05584, 43.65845 ], [ 2.05217, 43.65867 ], [ 2.05078, 43.65654 ], [ 2.05099, 43.65412 ], [ 2.04749, 43.64837 ] ] } },
{ "type": "Feature", "properties": { "name": "Ruisseau de Gourgoutou", "weight_class": 2, "permanent": true, "length_km": 3.2 }, "geometry": { "type": "LineString", "coordinates": [ [ 2.04574, 43.60775 ], [ 2.04708, 43.60992 ], [ 2.04959, 43.61064 ], [ 2.05617, 43.6104 ], [ 2.06576, 43.61419 ], [ 2.06916, 43.61739 ], [ 2.07172, 43.62379 ] ] } },
{ "type": "Feature", "properties": { "name": "Ruisseau d'en Tounty", "weight_class": 1, "permanent": true, "length_km": 3.7 }, "geometry": { "type": "LineString", "coordinates": [ [ 2.07388, 43.57899 ], [ 2.07044, 43.58148 ], [ 2.0685, 43.58754 ], [ 2.06491, 43.59093 ], [ 2.05569, 43.59407 ], [ 2.04965, 43.59435 ], [ 2.04058, 43.59649 ] ] } },
{ "type": "Feature", "properties": { "name": null, "weight_class": 1, "permanent": false, "length_km": 2.5 }, "geometry": { "type": "LineString", "coordinates": [ [ 2.15166, 43.65342 ], [ 2.14959, 43.65471 ], [ 2.14561, 43.65408 ], [ 2.13765, 43.65616 ], [ 2.13291, 43.65979 ], [ 2.1278, 43.6605 ], [ 2.12641, 43.66252 ] ] } },
{ "type": "Feature", "properties": { "name": null, "weight_class": 1, "permanent": true, "length_km": 3.6 }, "geometry": { "type": "LineString", "coordinates": [ [ 2.17788, 43.66021 ], [ 2.17671, 43.65815 ], [ 2.17305, 43.65771 ], [ 2.17464, 43.6551 ], [ 2.17334, 43.65376 ], [ 2.17329, 43.65064 ], [ 2.17481, 43.6495 ], [ 2.17491, 43.64523 ], [ 2.17612, 43.64366 ], [ 2.17473, 43.642 ], [ 2.17774, 43.63691 ], [ 2.17774, 43.6339 ] ] } },
{ "type": "Feature", "properties": { "name": null, "weight_class": 1, "permanent": false, "length_km": 2.2 }, "geometry": { "type": "LineString", "coordinates": [ [ 2.13473, 43.58804 ], [ 2.12964, 43.58987 ], [ 2.12605, 43.58756 ], [ 2.12373, 43.59673 ], [ 2.12451, 43.59874 ] ] } },
{ "type": "Feature", "properties": { "name": null, "weight_class": 1, "permanent": true, "length_km": 3.9 }, "geometry": { "type": "LineString", "coordinates": [ [ 2.07016, 43.5957 ], [ 2.0708, 43.59743 ], [ 2.07923, 43.5995 ], [ 2.08166, 43.60168 ], [ 2.08471, 43.61212 ], [ 2.08885, 43.61518 ], [ 2.09479, 43.61553 ], [ 2.09316, 43.61829 ] ] } },
{ "type": "Feature", "properties": { "name": null, "weight_class": 1, "permanent": false, "length_km": 2.0 }, "geometry": { "type": "LineString", "coordinates": [ [ 2.078, 43.59257 ], [ 2.07992, 43.59338 ], [ 2.08331, 43.5925 ], [ 2.0914, 43.59532 ], [ 2.09533, 43.59515 ], [ 2.09731, 43.59802 ] ] } },
{ "type": "Feature", "properties": { "name": "Ruisseau du Travet", "weight_class": 1, "permanent": true, "length_km": 3.6 }, "geometry": { "type": "LineString", "coordinates": [ [ 2.20732, 43.62592 ], [ 2.21141, 43.62183 ], [ 2.21973, 43.61891 ], [ 2.22821, 43.61272 ], [ 2.23573, 43.60939 ], [ 2.24259, 43.60782 ] ] } },
{ "type": "Feature", "properties": { "name": "Ruisseau d'Auques", "weight_class": 1, "permanent": true, "length_km": 8.8 }, "geometry": { "type": "LineString", "coordinates": [ [ 2.16684, 43.64044 ], [ 2.16305, 43.64205 ], [ 2.1566, 43.64794 ], [ 2.15217, 43.64835 ], [ 2.1463, 43.64732 ], [ 2.14396, 43.64596 ], [ 2.14474, 43.64296 ], [ 2.14061, 43.64032 ], [ 2.13996, 43.63887 ], [ 2.13344, 43.64009 ], [ 2.12797, 43.63943 ], [ 2.12852, 43.63578 ], [ 2.12581, 43.63147 ], [ 2.11963, 43.63166 ], [ 2.1184, 43.62989 ], [ 2.11268, 43.62933 ], [ 2.1107, 43.62388 ], [ 2.10776, 43.62405 ], [ 2.10359, 43.61946 ], [ 2.09894, 43.61955 ], [ 2.09555, 43.61824 ] ] } },
{ "type": "Feature", "properties": { "name": "Ruisseau de Prats Nauts", "weight_class": 1, "permanent": false, "length_km": 2.1 }, "geometry": { "type": "LineString", "coordinates": [ [ 2.14752, 43.62754 ], [ 2.13375, 43.63354 ], [ 2.13037, 43.63189 ], [ 2.12893, 43.63261 ], [ 2.12587, 43.63158 ] ] } },
{ "type": "Feature", "properties": { "name": "Ruisseau de Grelle", "weight_class": 1, "permanent": false, "length_km": 2.6 }, "geometry": { "type": "LineString", "coordinates": [ [ 2.2032, 43.61015 ], [ 2.21141, 43.60643 ], [ 2.21443, 43.60438 ], [ 2.21615, 43.60174 ], [ 2.21892, 43.60084 ], [ 2.21877, 43.59672 ], [ 2.22091, 43.59315 ] ] } },
{ "type": "Feature", "properties": { "name": "Ruisseau de la Fédial", "weight_class": 2, "permanent": true, "length_km": 4.5 }, "geometry": { "type": "LineString", "coordinates": [ [ 2.18264, 43.61896 ], [ 2.18818, 43.61553 ], [ 2.19001, 43.61018 ], [ 2.1894, 43.60936 ], [ 2.19333, 43.6057 ], [ 2.1946, 43.60028 ], [ 2.18988, 43.59785 ], [ 2.18819, 43.598 ], [ 2.18544, 43.59515 ], [ 2.176, 43.59516 ] ] } },
{ "type": "Feature", "properties": { "name": "Ruisseau d'Enrécourt", "weight_class": 1, "permanent": true, "length_km": 2.8 }, "geometry": { "type": "LineString", "coordinates": [ [ 2.08056, 43.59777 ], [ 2.08391, 43.5975 ], [ 2.08708, 43.59916 ], [ 2.09036, 43.59755 ], [ 2.09675, 43.59787 ], [ 2.10029, 43.60093 ], [ 2.10538, 43.60313 ], [ 2.10923, 43.60299 ] ] } },
{ "type": "Feature", "properties": { "name": "le Sor", "weight_class": 1, "permanent": true, "length_km": 59.4 }, "geometry": { "type": "MultiLineString", "coordinates": [ [ [ 1.99604, 43.47363 ], [ 1.98728, 43.47674 ], [ 1.98266, 43.48026 ], [ 1.98157, 43.4836 ], [ 1.97203, 43.49015 ], [ 1.96756, 43.49561 ], [ 1.96351, 43.49708 ], [ 1.96297, 43.4998 ], [ 1.96539, 43.50261 ], [ 1.96462, 43.509 ], [ 1.96754, 43.51216 ], [ 1.96944, 43.51786 ], [ 1.97748, 43.51704 ], [ 1.9823, 43.51781 ], [ 1.98462, 43.51928 ], [ 1.98971, 43.51908 ], [ 1.99229, 43.52258 ], [ 2.00025, 43.52435 ], [ 2.00555, 43.52246 ], [ 2.01449, 43.52301 ], [ 2.02828, 43.51784 ], [ 2.03649, 43.52047 ], [ 2.04947, 43.51445 ], [ 2.05549, 43.51486 ], [ 2.05935, 43.51803 ], [ 2.06108, 43.5226 ], [ 2.07753, 43.52782 ], [ 2.08566, 43.52825 ], [ 2.08963, 43.53205 ], [ 2.09209, 43.53307 ], [ 2.0918, 43.53591 ], [ 2.09286, 43.53666 ], [ 2.09743, 43.53639 ], [ 2.10201, 43.53408 ], [ 2.10341, 43.53597 ], [ 2.10591, 43.53522 ], [ 2.10625, 43.53806 ], [ 2.10963, 43.53974 ], [ 2.11417, 43.53994 ], [ 2.11332, 43.54192 ], [ 2.11443, 43.54408 ], [ 2.11272, 43.54463 ], [ 2.1137, 43.54618 ], [ 2.11523, 43.54629 ], [ 2.11457, 43.55217 ], [ 2.11654, 43.5535 ], [ 2.11268, 43.55456 ], [ 2.11188, 43.55567 ], [ 2.11482, 43.5608 ], [ 2.11789, 43.56143 ], [ 2.11869, 43.56462 ], [ 2.12234, 43.5651 ], [ 2.12136, 43.56653 ], [ 2.12323, 43.56792 ], [ 2.12192, 43.5696 ], [ 2.11828, 43.57007 ], [ 2.11589, 43.57219 ], [ 2.11817, 43.57394 ], [ 2.11425, 43.57314 ], [ 2.1154, 43.57475 ], [ 2.11331, 43.57615 ], [ 2.11575, 43.57678 ], [ 2.11587, 43.57821 ], [ 2.11882, 43.57858 ], [ 2.11841, 43.58347 ], [ 2.1166, 43.58747 ], [ 2.11269, 43.58848 ], [ 2.11234, 43.59325 ], [ 2.10858, 43.59303 ], [ 2.10867, 43.59489 ], [ 2.10707, 43.59599 ], [ 2.10783, 43.59796 ], [ 2.10682, 43.60048 ], [ 2.11005, 43.60492 ], [ 2.10387, 43.60772 ], [ 2.10357, 43.61003 ], [ 2.09986, 43.6107 ], [ 2.10128, 43.61458 ], [ 2.09874, 43.61712 ] ], [ [ 2.15463, 43.41292 ], [ 2.15086, 43.41249 ], [ 2.15056, 43.40991 ], [ 2.14806, 43.40955 ], [ 2.14575, 43.40788 ], [ 2.14092, 43.40746 ], [ 2.14197, 43.40545 ], [ 2.14052, 43.40423 ], [ 2.13548, 43.40274 ], [ 2.13278, 43.40358 ], [ 2.12972, 43.39989 ], [ 2.12809, 43.39939 ], [ 2.12471, 43.39999 ], [ 2.12195, 43.39909 ], [ 2.1136, 43.39883 ], [ 2.11155, 43.39634 ], [ 2.10583, 43.39791 ], [ 2.10367, 43.39938 ], [ 2.09964, 43.39998 ], [ 2.09578, 43.40338 ], [ 2.09594, 43.40896 ], [ 2.09407, 43.40954 ], [ 2.09472, 43.41229 ], [ 2.09621, 43.41337 ], [ 2.08908, 43.41575 ], [ 2.08773, 43.42014 ], [ 2.0863, 43.41961 ], [ 2.08469, 43.42053 ], [ 2.08438, 43.4231 ], [ 2.08125, 43.42626 ], [ 2.07925, 43.42569 ], [ 2.07985, 43.42877 ], [ 2.07486, 43.43128 ], [ 2.07443, 43.43269 ], [ 2.07112, 43.43377 ], [ 2.07061, 43.43708 ], [ 2.06598, 43.43842 ], [ 2.06306, 43.44093 ], [ 2.05744, 43.44259 ], [ 2.05563, 43.44523 ], [ 2.05089, 43.44757 ], [ 2.04844, 43.45088 ], [ 2.04402, 43.45224 ], [ 2.03983, 43.45633 ], [ 2.03745, 43.45727 ], [ 2.03643, 43.45975 ], [ 2.02603, 43.46345 ], [ 2.01856, 43.46472 ] ], [ [ 2.18712, 43.45257 ], [ 2.19301, 43.44651 ], [ 2.19257, 43.44404 ], [ 2.19049, 43.44293 ], [ 2.18971, 43.44039 ], [ 2.18676, 43.43942 ], [ 2.18451, 43.43625 ], [ 2.1804, 43.43494 ], [ 2.17535, 43.4277 ], [ 2.1724, 43.42702 ], [ 2.1681, 43.42372 ], [ 2.16822, 43.4216 ], [ 2.1654, 43.42213 ], [ 2.16117, 43.41991 ], [ 2.15661, 43.41565 ], [ 2.15761, 43.41447 ], [ 2.15507, 43.41297 ] ] ] } },
{ "type": "Feature", "properties": { "name": "le Thoré", "weight_class": 2, "permanent": true, "length_km": 56.3 }, "geometry": { "type": "MultiLineString", "coordinates": [ [ [ 2.64786, 43.46948 ], [ 2.64615, 43.47405 ], [ 2.64538, 43.47304 ], [ 2.64338, 43.47302 ], [ 2.63878, 43.47705 ], [ 2.63579, 43.47755 ], [ 2.62842, 43.47507 ], [ 2.62337, 43.47665 ], [ 2.61987, 43.47426 ], [ 2.61253, 43.4728 ], [ 2.60748, 43.46932 ], [ 2.60445, 43.46978 ], [ 2.60537, 43.47168 ], [ 2.60184, 43.4742 ], [ 2.58816, 43.46741 ], [ 2.58377, 43.47077 ], [ 2.57769, 43.47121 ], [ 2.5748, 43.46975 ], [ 2.57303, 43.47184 ], [ 2.56494, 43.47038 ], [ 2.56295, 43.47296 ], [ 2.55684, 43.4734 ], [ 2.55499, 43.47523 ], [ 2.55128, 43.47503 ], [ 2.54937, 43.47618 ], [ 2.54442, 43.47136 ], [ 2.54192, 43.47178 ], [ 2.53846, 43.47388 ], [ 2.53146, 43.47466 ], [ 2.52498, 43.47062 ], [ 2.52382, 43.47161 ], [ 2.52506, 43.47254 ], [ 2.52411, 43.47449 ], [ 2.51529, 43.47537 ], [ 2.51053, 43.47362 ], [ 2.50875, 43.4761 ], [ 2.50584, 43.47601 ], [ 2.50124, 43.47738 ], [ 2.50007, 43.48014 ], [ 2.4975, 43.48099 ], [ 2.49471, 43.48053 ], [ 2.4936, 43.47908 ], [ 2.48884, 43.4784 ], [ 2.4864, 43.48157 ], [ 2.48682, 43.48281 ], [ 2.48415, 43.48456 ], [ 2.47616, 43.48535 ], [ 2.47458, 43.48456 ], [ 2.47027, 43.48499 ], [ 2.46715, 43.48645 ], [ 2.46508, 43.48896 ], [ 2.46289, 43.48783 ], [ 2.45548, 43.48775 ], [ 2.45396, 43.48879 ], [ 2.45536, 43.49003 ], [ 2.44756, 43.49264 ], [ 2.43868, 43.49384 ], [ 2.42906, 43.49224 ], [ 2.42571, 43.49383 ], [ 2.41865, 43.49425 ], [ 2.41717, 43.4926 ], [ 2.41276, 43.49255 ], [ 2.40756, 43.49343 ], [ 2.40613, 43.49551 ], [ 2.40096, 43.49482 ], [ 2.39718, 43.49683 ], [ 2.39687, 43.49883 ], [ 2.39103, 43.49882 ], [ 2.38841, 43.49995 ], [ 2.38912, 43.50341 ], [ 2.38654, 43.50414 ], [ 2.38403, 43.50646 ], [ 2.38363, 43.50954 ], [ 2.38525, 43.51264 ], [ 2.38452, 43.51484 ], [ 2.3824, 43.51646 ], [ 2.37709, 43.51825 ], [ 2.36768, 43.51535 ], [ 2.3637, 43.51721 ], [ 2.36072, 43.51451 ], [ 2.35867, 43.51475 ], [ 2.35296, 43.51332 ], [ 2.35034, 43.51409 ], [ 2.34913, 43.51628 ], [ 2.34708, 43.51721 ], [ 2.34221, 43.5163 ], [ 2.33955, 43.51761 ], [ 2.33437, 43.51354 ], [ 2.33295, 43.5139 ], [ 2.33328, 43.51732 ], [ 2.32878, 43.51853 ], [ 2.32742, 43.52155 ], [ 2.32369, 43.52136 ], [ 2.32071, 43.5193 ], [ 2.31695, 43.51967 ], [ 2.31551, 43.51841 ], [ 2.312, 43.52202 ], [ 2.30825, 43.52322 ], [ 2.30029, 43.52129 ], [ 2.29964, 43.52318 ], [ 2.29297, 43.52785 ], [ 2.29572, 43.53414 ], [ 2.29427, 43.53554 ], [ 2.28746, 43.53722 ], [ 2.28274, 43.53542 ], [ 2.28212, 43.53633 ], [ 2.28358, 43.53925 ], [ 2.28195, 43.54014 ], [ 2.27557, 43.5401 ], [ 2.27029, 43.53758 ], [ 2.26524, 43.53979 ], [ 2.26556, 43.54315 ], [ 2.2705, 43.54398 ], [ 2.27092, 43.54673 ], [ 2.2739, 43.55064 ], [ 2.26802, 43.56086 ], [ 2.26204, 43.56382 ], [ 2.25963, 43.564 ], [ 2.25916, 43.56258 ], [ 2.26196, 43.55842 ], [ 2.26117, 43.55696 ], [ 2.25937, 43.55667 ], [ 2.25689, 43.55768 ], [ 2.2511, 43.55685 ], [ 2.24473, 43.56219 ], [ 2.24193, 43.56288 ], [ 2.24275, 43.57042 ], [ 2.23188, 43.5713 ], [ 2.23156, 43.57483 ], [ 2.22358, 43.57947 ], [ 2.21956, 43.57984 ], [ 2.21744, 43.58134 ] ], [ [ 2.67039, 43.45799 ], [ 2.66612, 43.45953 ], [ 2.66635, 43.46181 ], [ 2.66286, 43.46225 ], [ 2.66058, 43.46474 ], [ 2.65286, 43.467 ] ] ] } },
{ "type": "Feature", "properties": { "name": "la Mouline", "weight_class": 1, "permanent": true, "length_km": 2.1 }, "geometry": { "type": "LineString", "coordinates": [ [ 2.18608, 43.56846 ], [ 2.18117, 43.57408 ], [ 2.18023, 43.57657 ], [ 2.18601, 43.58223 ], [ 2.18481, 43.58319 ] ] } },
{ "type": "Feature", "properties": { "name": "Rieu Sonnier", "weight_class": 2, "permanent": true, "length_km": 2.2 }, "geometry": { "type": "LineString", "coordinates": [ [ 2.09367, 43.58822 ], [ 2.09908, 43.58496 ], [ 2.10672, 43.5848 ], [ 2.11552, 43.58268 ], [ 2.11813, 43.584 ] ] } },
{ "type": "Feature", "properties": { "name": "Ruisseau du Rivalou", "weight_class": 1, "permanent": true, "length_km": 3.1 }, "geometry": { "type": "LineString", "coordinates": [ [ 2.07852, 43.5813 ], [ 2.08095, 43.58265 ], [ 2.09233, 43.58044 ], [ 2.09513, 43.57869 ], [ 2.10295, 43.57653 ], [ 2.11323, 43.57588 ] ] } },
{ "type": "Feature", "properties": { "name": "Ruisseau d'en Calarot", "weight_class": 1, "permanent": true, "length_km": 3.6 }, "geometry": { "type": "LineString", "coordinates": [ [ 2.08306, 43.5778 ], [ 2.08834, 43.57484 ], [ 2.1007, 43.57098 ], [ 2.11464, 43.56965 ], [ 2.11652, 43.56817 ], [ 2.12269, 43.56742 ] ] } },
{ "type": "Feature", "properties": { "name": "Ruisseau Saladou", "weight_class": 1, "permanent": true, "length_km": 4.6 }, "geometry": { "type": "LineString", "coordinates": [ [ 2.07033, 43.57732 ], [ 2.07169, 43.57427 ], [ 2.07601, 43.57099 ], [ 2.08251, 43.56831 ], [ 2.09125, 43.56717 ], [ 2.09631, 43.5637 ], [ 2.10277, 43.56444 ], [ 2.11372, 43.56364 ], [ 2.11635, 43.56125 ] ] } },
{ "type": "Feature", "properties": { "name": "Ruisseau de la Gatarié", "weight_class": 1, "permanent": false, "length_km": 2.7 }, "geometry": { "type": "LineString", "coordinates": [ [ 2.04839, 43.57387 ], [ 2.04747, 43.57845 ], [ 2.05271, 43.58113 ], [ 2.05275, 43.585 ], [ 2.05439, 43.58934 ], [ 2.05345, 43.59266 ], [ 2.05107, 43.59441 ] ] } },
{ "type": "Feature", "properties": { "name": "Ruisseau de Melzic", "weight_class": 1, "permanent": true, "length_km": 12.4 }, "geometry": { "type": "LineString", "coordinates": [ [ 2.14505, 43.44847 ], [ 2.14185, 43.45037 ], [ 2.13962, 43.44965 ], [ 2.13607, 43.45087 ], [ 2.13232, 43.45446 ], [ 2.12681, 43.45716 ], [ 2.1263, 43.46122 ], [ 2.13078, 43.46339 ], [ 2.13016, 43.46524 ], [ 2.13278, 43.46807 ], [ 2.13211, 43.47102 ], [ 2.129, 43.47508 ], [ 2.1121, 43.48797 ], [ 2.10568, 43.495 ], [ 2.10813, 43.49786 ], [ 2.10699, 43.50463 ], [ 2.10923, 43.51137 ], [ 2.10619, 43.51637 ], [ 2.10244, 43.51938 ], [ 2.09971, 43.51999 ], [ 2.09838, 43.52253 ], [ 2.09612, 43.5246 ], [ 2.09469, 43.52453 ], [ 2.09389, 43.52652 ], [ 2.09199, 43.5272 ], [ 2.08848, 43.53098 ] ] } },
{ "type": "Feature", "properties": { "name": "la Gineste", "weight_class": 1, "permanent": true, "length_km": 5.5 }, "geometry": { "type": "LineString", "coordinates": [ [ 2.13129, 43.47649 ], [ 2.1298, 43.47883 ], [ 2.13112, 43.4819 ], [ 2.13006, 43.48336 ], [ 2.12794, 43.48278 ], [ 2.12802, 43.48632 ], [ 2.12121, 43.4946 ], [ 2.1194, 43.49932 ], [ 2.12073, 43.50048 ], [ 2.12058, 43.50315 ], [ 2.11668, 43.50948 ], [ 2.1091, 43.51483 ], [ 2.1072, 43.51505 ] ] } },
{ "type": "Feature", "properties": { "name": "Bras du Sant", "weight_class": 1, "permanent": true, "length_km": 2.1 }, "geometry": { "type": "LineString", "coordinates": [ [ 2.14445, 43.53439 ], [ 2.14453, 43.53925 ], [ 2.14076, 43.54107 ], [ 2.1332, 43.54803 ], [ 2.13134, 43.54814 ] ] } },
{ "type": "Feature", "properties": { "name": null, "weight_class": 1, "permanent": true, "length_km": 2.7 }, "geometry": { "type": "LineString", "coordinates": [ [ 2.20012, 43.5658 ], [ 2.20496, 43.56464 ], [ 2.21054, 43.56187 ], [ 2.21465, 43.55744 ], [ 2.21534, 43.55536 ], [ 2.21255, 43.5539 ], [ 2.20899, 43.5493 ] ] } },
{ "type": "Feature", "properties": { "name": null, "weight_class": 1, "permanent": true, "length_km": 6.5 }, "geometry": { "type": "LineString", "coordinates": [ [ 2.05627, 43.5712 ], [ 2.06663, 43.56994 ], [ 2.0696, 43.56877 ], [ 2.07406, 43.56375 ], [ 2.08197, 43.56218 ], [ 2.08313, 43.56273 ], [ 2.08901, 43.56007 ], [ 2.08876, 43.55938 ], [ 2.09696, 43.55822 ], [ 2.09929, 43.55659 ], [ 2.09972, 43.54849 ], [ 2.10074, 43.54719 ], [ 2.11284, 43.54451 ] ] } },
{ "type": "Feature", "properties": { "name": null, "weight_class": 1, "permanent": true, "length_km": 2.5 }, "geometry": { "type": "LineString", "coordinates": [ [ 2.22397, 43.49724 ], [ 2.22326, 43.50078 ], [ 2.22485, 43.50232 ], [ 2.22469, 43.50461 ], [ 2.22629, 43.50691 ], [ 2.22529, 43.51292 ], [ 2.22705, 43.51556 ], [ 2.22633, 43.51823 ] ] } },
{ "type": "Feature", "properties": { "name": "Ruisseau du Bernazobre", "weight_class": 1, "permanent": false, "length_km": 3.0 }, "geometry": { "type": "LineString", "coordinates": [ [ 2.20552, 43.54912 ], [ 2.19802, 43.5533 ], [ 2.19166, 43.55221 ], [ 2.18261, 43.55471 ], [ 2.17798, 43.55229 ], [ 2.17446, 43.55256 ] ] } },
{ "type": "Feature", "properties": { "name": null, "weight_class": 1, "permanent": true, "length_km": 2.0 }, "geometry": { "type": "LineString", "coordinates": [ [ 2.21282, 43.47254 ], [ 2.20849, 43.47323 ], [ 2.20523, 43.47609 ], [ 2.20921, 43.48342 ], [ 2.20922, 43.48575 ] ] } },
{ "type": "Feature", "properties": { "name": null, "weight_class": 1, "permanent": true, "length_km": 2.4 }, "geometry": { "type": "LineString", "coordinates": [ [ 2.19861, 43.53079 ], [ 2.19638, 43.53254 ], [ 2.19871, 43.53551 ], [ 2.1942, 43.54357 ], [ 2.19518, 43.5501 ] ] } },
{ "type": "Feature", "properties": { "name": null, "weight_class": 1, "permanent": false, "length_km": 2.0 }, "geometry": { "type": "LineString", "coordinates": [ [ 2.16183, 43.55283 ], [ 2.16, 43.55386 ], [ 2.15992, 43.55568 ], [ 2.15783, 43.55834 ], [ 2.15523, 43.55955 ], [ 2.15077, 43.55998 ], [ 2.14766, 43.56173 ], [ 2.14647, 43.56291 ], [ 2.14767, 43.56452 ] ] } },
{ "type": "Feature", "properties": { "name": null, "weight_class": 1, "permanent": false, "length_km": 2.4 }, "geometry": { "type": "LineString", "coordinates": [ [ 2.15942, 43.47997 ], [ 2.15362, 43.4856 ], [ 2.15301, 43.48863 ], [ 2.14484, 43.49727 ], [ 2.14567, 43.49779 ] ] } },
{ "type": "Feature", "properties": { "name": null, "weight_class": 1, "permanent": false, "length_km": 3.5 }, "geometry": { "type": "LineString", "coordinates": [ [ 2.1369, 43.52511 ], [ 2.13191, 43.53271 ], [ 2.13134, 43.53696 ], [ 2.12839, 43.54099 ], [ 2.11991, 43.54429 ], [ 2.11691, 43.54459 ], [ 2.11517, 43.5465 ] ] } },
{ "type": "Feature", "properties": { "name": null, "weight_class": 1, "permanent": true, "length_km": 2.4 }, "geometry": { "type": "LineString", "coordinates": [ [ 2.08986, 43.55125 ], [ 2.09658, 43.54481 ], [ 2.0975, 43.54551 ], [ 2.10506, 43.54301 ], [ 2.11106, 43.5429 ], [ 2.11192, 43.54435 ] ] } },
{ "type": "Feature", "properties": { "name": null, "weight_class": 1, "permanent": false, "length_km": 2.1 }, "geometry": { "type": "LineString", "coordinates": [ [ 2.17232, 43.45812 ], [ 2.17357, 43.4586 ], [ 2.17573, 43.46242 ], [ 2.17916, 43.46481 ], [ 2.17815, 43.46661 ], [ 2.18076, 43.47178 ], [ 2.1803, 43.47406 ] ] } },
{ "type": "Feature", "properties": { "name": null, "weight_class": 1, "permanent": false, "length_km": 2.0 }, "geometry": { "type": "LineString", "coordinates": [ [ 2.14943, 43.42835 ], [ 2.14816, 43.42597 ], [ 2.14852, 43.42283 ], [ 2.15103, 43.42002 ], [ 2.15095, 43.41658 ], [ 2.15463, 43.41292 ] ] } },
{ "type": "Feature", "properties": { "name": null, "weight_class": 1, "permanent": true, "length_km": 2.1 }, "geometry": { "type": "LineString", "coordinates": [ [ 2.18697, 43.4496 ], [ 2.18832, 43.44616 ], [ 2.18268, 43.44256 ], [ 2.1793, 43.43893 ], [ 2.1804, 43.43494 ] ] } },
{ "type": "Feature", "properties": { "name": null, "weight_class": 1, "permanent": true, "length_km": 4.0 }, "geometry": { "type": "LineString", "coordinates": [ [ 2.12065, 43.45888 ], [ 2.11553, 43.46169 ], [ 2.11481, 43.46361 ], [ 2.11006, 43.46602 ], [ 2.10588, 43.46655 ], [ 2.09918, 43.47077 ], [ 2.09475, 43.47768 ], [ 2.09545, 43.48034 ], [ 2.09682, 43.48035 ], [ 2.09742, 43.4833 ] ] } },
{ "type": "Feature", "properties": { "name": null, "weight_class": 1, "permanent": false, "length_km": 2.5 }, "geometry": { "type": "LineString", "coordinates": [ [ 2.07324, 43.54882 ], [ 2.08725, 43.54314 ], [ 2.09243, 43.54197 ], [ 2.09599, 43.53855 ], [ 2.09655, 43.53658 ] ] } },
{ "type": "Feature", "properties": { "name": null, "weight_class": 1, "permanent": false, "length_km": 8.6 }, "geometry": { "type": "LineString", "coordinates": [ [ 2.1029, 43.44671 ], [ 2.09187, 43.4559 ], [ 2.08537, 43.45818 ], [ 2.07677, 43.46323 ], [ 2.06518, 43.46716 ], [ 2.06051, 43.47153 ], [ 2.05031, 43.4773 ], [ 2.04704, 43.48122 ], [ 2.03449, 43.49197 ], [ 2.03443, 43.49455 ], [ 2.04049, 43.49513 ] ] } },
{ "type": "Feature", "properties": { "name": null, "weight_class": 1, "permanent": false, "length_km": 3.6 }, "geometry": { "type": "LineString", "coordinates": [ [ 2.04728, 43.55159 ], [ 2.04993, 43.5496 ], [ 2.05362, 43.54341 ], [ 2.05682, 43.54125 ], [ 2.05961, 43.53222 ], [ 2.06588, 43.52436 ] ] } },
{ "type": "Feature", "properties": { "name": "Ruisseau du Bernazobre", "weight_class": 1, "permanent": true, "length_km": 25.3 }, "geometry": { "type": "LineString", "coordinates": [ [ 2.22108, 43.45468 ], [ 2.21937, 43.45808 ], [ 2.2197, 43.46336 ], [ 2.2256, 43.46976 ], [ 2.22566, 43.47102 ], [ 2.22281, 43.47471 ], [ 2.22089, 43.47978 ], [ 2.21469, 43.48438 ], [ 2.20762, 43.48647 ], [ 2.20616, 43.48968 ], [ 2.20628, 43.49451 ], [ 2.21166, 43.50091 ], [ 2.21405, 43.50185 ], [ 2.21668, 43.50477 ], [ 2.22448, 43.51767 ], [ 2.23437, 43.52399 ], [ 2.23445, 43.52516 ], [ 2.23845, 43.52814 ], [ 2.23869, 43.53004 ], [ 2.24173, 43.53181 ], [ 2.24212, 43.53862 ], [ 2.24404, 43.54306 ], [ 2.24279, 43.54547 ], [ 2.22851, 43.55024 ], [ 2.22234, 43.54958 ], [ 2.21392, 43.55075 ], [ 2.20651, 43.54906 ], [ 2.20126, 43.54958 ], [ 2.19519, 43.55193 ], [ 2.18702, 43.55063 ], [ 2.17574, 43.55188 ], [ 2.16593, 43.56144 ], [ 2.16178, 43.56238 ], [ 2.15534, 43.56152 ], [ 2.15176, 43.56229 ], [ 2.14054, 43.56967 ], [ 2.13777, 43.57037 ], [ 2.13714, 43.56979 ], [ 2.1327, 43.57124 ], [ 2.12661, 43.5712 ], [ 2.12037, 43.57568 ], [ 2.12074, 43.57695 ], [ 2.11858, 43.57734 ], [ 2.11837, 43.57811 ] ] } },
{ "type": "Feature", "properties": { "name": "Ruisseau du Perche", "weight_class": 1, "permanent": true, "length_km": 10.4 }, "geometry": { "type": "LineString", "coordinates": [ [ 2.19147, 43.48066 ], [ 2.19266, 43.48283 ], [ 2.19203, 43.48478 ], [ 2.18888, 43.48685 ], [ 2.18559, 43.4871 ], [ 2.18162, 43.49011 ], [ 2.17767, 43.49075 ], [ 2.17786, 43.49206 ], [ 2.18188, 43.49575 ], [ 2.18181, 43.49976 ], [ 2.17604, 43.50454 ], [ 2.17483, 43.50701 ], [ 2.16874, 43.51105 ], [ 2.16964, 43.51729 ], [ 2.17428, 43.5236 ], [ 2.17251, 43.5258 ], [ 2.1727, 43.52942 ], [ 2.16983, 43.53499 ], [ 2.1693, 43.54079 ], [ 2.17205, 43.54683 ], [ 2.17196, 43.54988 ], [ 2.17408, 43.55315 ] ] } },
{ "type": "Feature", "properties": { "name": "Ruisseau de Rasigous", "weight_class": 1, "permanent": true, "length_km": 6.9 }, "geometry": { "type": "LineString", "coordinates": [ [ 2.19702, 43.49783 ], [ 2.19702, 43.50177 ], [ 2.19333, 43.51248 ], [ 2.19343, 43.5172 ], [ 2.19099, 43.51788 ], [ 2.18896, 43.52185 ], [ 2.18581, 43.5236 ], [ 2.18567, 43.52659 ], [ 2.18323, 43.53021 ], [ 2.17861, 43.53281 ], [ 2.17583, 43.5366 ], [ 2.17748, 43.5409 ], [ 2.18311, 43.54738 ], [ 2.18267, 43.55113 ] ] } },
{ "type": "Feature", "properties": { "name": "Ruisseau de Sant", "weight_class": 1, "permanent": true, "length_km": 19.0 }, "geometry": { "type": "LineString", "coordinates": [ [ 2.19859, 43.44389 ], [ 2.20074, 43.44597 ], [ 2.20333, 43.45347 ], [ 2.20234, 43.45523 ], [ 2.2009, 43.45561 ], [ 2.19973, 43.45943 ], [ 2.20175, 43.461 ], [ 2.20187, 43.4673 ], [ 2.20372, 43.46969 ], [ 2.20196, 43.47128 ], [ 2.20227, 43.47212 ], [ 2.19962, 43.47377 ], [ 2.19509, 43.47457 ], [ 2.19281, 43.47233 ], [ 2.19137, 43.47297 ], [ 2.19072, 43.47531 ], [ 2.18824, 43.47581 ], [ 2.18201, 43.4739 ], [ 2.174, 43.47661 ], [ 2.17066, 43.47918 ], [ 2.16654, 43.4835 ], [ 2.16529, 43.48856 ], [ 2.16094, 43.49287 ], [ 2.15863, 43.49884 ], [ 2.15778, 43.50495 ], [ 2.15475, 43.5099 ], [ 2.1561, 43.51387 ], [ 2.15405, 43.51736 ], [ 2.15481, 43.5214 ], [ 2.15353, 43.52538 ], [ 2.14554, 43.53167 ], [ 2.1447, 43.53413 ], [ 2.14312, 43.53434 ], [ 2.14134, 43.53614 ], [ 2.13956, 43.54052 ], [ 2.13664, 43.54198 ], [ 2.13397, 43.54561 ], [ 2.1317, 43.54696 ], [ 2.13075, 43.55111 ], [ 2.12914, 43.55112 ], [ 2.12762, 43.5526 ], [ 2.12423, 43.55232 ], [ 2.12168, 43.554 ], [ 2.12235, 43.55492 ], [ 2.11654, 43.55349 ] ] } },
{ "type": "Feature", "properties": { "name": "Ruisseau de Londe", "weight_class": 1, "permanent": true, "length_km": 3.5 }, "geometry": { "type": "LineString", "coordinates": [ [ 2.05823, 43.5481 ], [ 2.06709, 43.54177 ], [ 2.07288, 43.54103 ], [ 2.078, 43.53876 ], [ 2.0821, 43.53383 ], [ 2.08113, 43.53287 ], [ 2.08303, 43.53041 ], [ 2.08459, 43.52945 ], [ 2.08735, 43.52958 ] ] } },
{ "type": "Feature", "properties": { "name": "Ruisseau des Avaris", "weight_class": 1, "permanent": true, "length_km": 14.5 }, "geometry": { "type": "LineString", "coordinates": [ [ 2.13308, 43.4431 ], [ 2.12786, 43.44746 ], [ 2.12527, 43.44695 ], [ 2.12042, 43.44765 ], [ 2.11691, 43.4494 ], [ 2.11479, 43.45205 ], [ 2.10971, 43.45251 ], [ 2.10662, 43.46028 ], [ 2.09541, 43.46686 ], [ 2.08408, 43.47016 ], [ 2.07905, 43.47577 ], [ 2.07953, 43.47972 ], [ 2.08445, 43.48801 ], [ 2.08438, 43.49187 ], [ 2.08254, 43.49379 ], [ 2.08533, 43.49658 ], [ 2.08561, 43.50029 ], [ 2.08388, 43.5023 ], [ 2.08464, 43.50317 ], [ 2.0838, 43.50499 ], [ 2.08169, 43.50669 ], [ 2.07397, 43.50569 ], [ 2.07021, 43.50798 ], [ 2.06942, 43.51442 ], [ 2.07187, 43.51906 ], [ 2.0695, 43.52556 ] ] } },
{ "type": "Feature", "properties": { "name": "Ruisseau de l'Esquirol", "weight_class": 1, "permanent": false, "length_km": 5.0 }, "geometry": { "type": "LineString", "coordinates": [ [ 2.21205, 43.51765 ], [ 2.20818, 43.52012 ], [ 2.20921, 43.525 ], [ 2.20668, 43.52677 ], [ 2.20889, 43.52943 ], [ 2.21543, 43.53388 ], [ 2.21999, 43.5403 ], [ 2.21829, 43.54379 ], [ 2.22012, 43.54794 ], [ 2.2097, 43.5495 ] ] } },
{ "type": "Feature", "properties": { "name": "Ruisseau de Pissevaque", "weight_class": 1, "permanent": true, "length_km": 4.9 }, "geometry": { "type": "LineString", "coordinates": [ [ 2.19738, 43.48633 ], [ 2.19388, 43.49124 ], [ 2.19172, 43.49699 ], [ 2.19209, 43.49897 ], [ 2.18817, 43.50683 ], [ 2.18361, 43.51115 ], [ 2.18407, 43.51351 ], [ 2.18226, 43.51603 ], [ 2.18236, 43.51811 ], [ 2.17554, 43.52195 ], [ 2.17428, 43.5236 ] ] } },
{ "type": "Feature", "properties": { "name": "Ruisseau du Taurou", "weight_class": 1, "permanent": true, "length_km": 12.0 }, "geometry": { "type": "LineString", "coordinates": [ [ 2.15118, 43.45387 ], [ 2.14806, 43.45484 ], [ 2.14196, 43.45877 ], [ 2.14161, 43.46142 ], [ 2.14384, 43.46373 ], [ 2.14359, 43.46545 ], [ 2.14706, 43.46776 ], [ 2.14423, 43.47304 ], [ 2.14632, 43.47467 ], [ 2.1473, 43.47882 ], [ 2.14219, 43.48521 ], [ 2.13756, 43.48828 ], [ 2.13261, 43.48923 ], [ 2.13098, 43.49045 ], [ 2.12853, 43.49588 ], [ 2.12958, 43.49706 ], [ 2.1263, 43.5005 ], [ 2.1261, 43.50483 ], [ 2.12385, 43.50866 ], [ 2.12694, 43.51327 ], [ 2.12462, 43.51688 ], [ 2.12493, 43.51962 ], [ 2.12163, 43.52337 ], [ 2.1165, 43.52647 ], [ 2.11255, 43.52759 ], [ 2.10785, 43.53209 ], [ 2.10876, 43.53395 ], [ 2.10603, 43.53545 ] ] } },
{ "type": "Feature", "properties": { "name": "Ruisseau des Fontanelles", "weight_class": 1, "permanent": false, "length_km": 5.0 }, "geometry": { "type": "LineString", "coordinates": [ [ 2.125, 43.47249 ], [ 2.12378, 43.47418 ], [ 2.11846, 43.47719 ], [ 2.11688, 43.47652 ], [ 2.11146, 43.48006 ], [ 2.11147, 43.48219 ], [ 2.10613, 43.48467 ], [ 2.09901, 43.49437 ], [ 2.09331, 43.49873 ], [ 2.08457, 43.50293 ] ] } },
{ "type": "Feature", "properties": { "name": "Rec Prastié", "weight_class": 1, "permanent": true, "length_km": 2.6 }, "geometry": { "type": "LineString", "coordinates": [ [ 2.18829, 43.45501 ], [ 2.18671, 43.45694 ], [ 2.18769, 43.45898 ], [ 2.18618, 43.46944 ], [ 2.1822, 43.47102 ], [ 2.18222, 43.47324 ], [ 2.18034, 43.47432 ] ] } },
{ "type": "Feature", "properties": { "name": "Ruisseau du Lézérou", "weight_class": 1, "permanent": true, "length_km": 5.7 }, "geometry": { "type": "LineString", "coordinates": [ [ 2.16029, 43.48254 ], [ 2.15392, 43.49349 ], [ 2.15133, 43.49407 ], [ 2.14524, 43.49809 ], [ 2.14352, 43.50118 ], [ 2.14132, 43.50199 ], [ 2.13845, 43.50634 ], [ 2.1355, 43.50852 ], [ 2.13461, 43.51089 ], [ 2.13286, 43.51159 ], [ 2.13102, 43.5141 ], [ 2.12922, 43.51266 ], [ 2.12733, 43.51628 ], [ 2.12497, 43.51774 ] ] } },
{ "type": "Feature", "properties": { "name": "Ruisseau d'Agoundet", "weight_class": 1, "permanent": false, "length_km": 5.3 }, "geometry": { "type": "LineString", "coordinates": [ [ 2.11853, 43.46266 ], [ 2.11469, 43.46569 ], [ 2.11699, 43.46911 ], [ 2.11622, 43.4709 ], [ 2.10923, 43.47542 ], [ 2.10459, 43.48022 ], [ 2.0993, 43.48222 ], [ 2.09303, 43.48615 ], [ 2.08533, 43.49658 ] ] } },
{ "type": "Feature", "properties": { "name": "le Rieutort", "weight_class": 1, "permanent": true, "length_km": 3.9 }, "geometry": { "type": "LineString", "coordinates": [ [ 2.05553, 43.48866 ], [ 2.05052, 43.49088 ], [ 2.04774, 43.4953 ], [ 2.04897, 43.50028 ], [ 2.05354, 43.50193 ], [ 2.06115, 43.50097 ], [ 2.06773, 43.5044 ], [ 2.07031, 43.50819 ] ] } },
{ "type": "Feature", "properties": { "name": "Ruisseau de la Vialette", "weight_class": 1, "permanent": true, "length_km": 3.0 }, "geometry": { "type": "LineString", "coordinates": [ [ 2.15521, 43.45588 ], [ 2.15643, 43.4571 ], [ 2.157, 43.46074 ], [ 2.16508, 43.47008 ], [ 2.16662, 43.47382 ], [ 2.17245, 43.47784 ] ] } },
{ "type": "Feature", "properties": { "name": "Ruisseau de Rieu Grand", "weight_class": 1, "permanent": true, "length_km": 4.9 }, "geometry": { "type": "LineString", "coordinates": [ [ 2.17942, 43.45517 ], [ 2.17822, 43.45257 ], [ 2.17107, 43.44639 ], [ 2.16849, 43.44173 ], [ 2.16514, 43.4398 ], [ 2.16573, 43.43456 ], [ 2.1639, 43.43231 ], [ 2.16212, 43.43228 ], [ 2.16079, 43.43096 ], [ 2.16265, 43.42934 ], [ 2.1614, 43.42568 ], [ 2.16314, 43.42044 ] ] } },
{ "type": "Feature", "properties": { "name": "Ruisseau de Rabasset", "weight_class": 1, "permanent": true, "length_km": 3.0 }, "geometry": { "type": "LineString", "coordinates": [ [ 2.11597, 43.42726 ], [ 2.11482, 43.42526 ], [ 2.11537, 43.42254 ], [ 2.11146, 43.41986 ], [ 2.11228, 43.41732 ], [ 2.11072, 43.41693 ], [ 2.11022, 43.41574 ], [ 2.10382, 43.41279 ], [ 2.09615, 43.41344 ] ] } },
{ "type": "Feature", "properties": { "name": "Ruisseau du Senadou", "weight_class": 1, "permanent": true, "length_km": 4.6 }, "geometry": { "type": "LineString", "coordinates": [ [ 2.12929, 43.43185 ], [ 2.12529, 43.42733 ], [ 2.12795, 43.42256 ], [ 2.12621, 43.41885 ], [ 2.12594, 43.41353 ], [ 2.12391, 43.41246 ], [ 2.12312, 43.41063 ], [ 2.11465, 43.4069 ], [ 2.11389, 43.39884 ] ] } },
{ "type": "Feature", "properties": { "name": "Ruisseau de Sourette", "weight_class": 1, "permanent": true, "length_km": 5.3 }, "geometry": { "type": "LineString", "coordinates": [ [ 2.1464, 43.44353 ], [ 2.14826, 43.43974 ], [ 2.14565, 43.43285 ], [ 2.14613, 43.4301 ], [ 2.1396, 43.42558 ], [ 2.13881, 43.4198 ], [ 2.13405, 43.41488 ], [ 2.13456, 43.41246 ], [ 2.1325, 43.41036 ], [ 2.13139, 43.40596 ], [ 2.13344, 43.40342 ] ] } },
{ "type": "Feature", "properties": { "name": "Ruisseau de Malcoustat", "weight_class": 1, "permanent": true, "length_km": 2.9 }, "geometry": { "type": "LineString", "coordinates": [ [ 2.10316, 43.4263 ], [ 2.09921, 43.42559 ], [ 2.09693, 43.42623 ], [ 2.08864, 43.43063 ], [ 2.08646, 43.43464 ], [ 2.08427, 43.43555 ], [ 2.08224, 43.44201 ] ] } },
{ "type": "Feature", "properties": { "name": "Ruisseau d'Orival", "weight_class": 1, "permanent": false, "length_km": 8.2 }, "geometry": { "type": "LineString", "coordinates": [ [ 2.12354, 43.43622 ], [ 2.11901, 43.43506 ], [ 2.11545, 43.43667 ], [ 2.10846, 43.43669 ], [ 2.09693, 43.43961 ], [ 2.09405, 43.43838 ], [ 2.08912, 43.43833 ], [ 2.0867, 43.44147 ], [ 2.08264, 43.44174 ], [ 2.07732, 43.44685 ], [ 2.07119, 43.45015 ], [ 2.05824, 43.45212 ], [ 2.04818, 43.45685 ], [ 2.04581, 43.45601 ], [ 2.04299, 43.45756 ], [ 2.03878, 43.45699 ] ] } },
{ "type": "Feature", "properties": { "name": "Rigole de la Montagne Noire", "weight_class": 1, "permanent": true, "length_km": 6.4 }, "geometry": { "type": "LineString", "coordinates": [ [ 2.12385, 43.39572 ], [ 2.12173, 43.39781 ], [ 2.11911, 43.39808 ], [ 2.11482, 43.39725 ], [ 2.11423, 43.39558 ], [ 2.1117, 43.39454 ], [ 2.0962, 43.39638 ], [ 2.09539, 43.39776 ], [ 2.09788, 43.39867 ], [ 2.09392, 43.40085 ], [ 2.09371, 43.40301 ], [ 2.09199, 43.40404 ], [ 2.09303, 43.40534 ], [ 2.08828, 43.40745 ], [ 2.09186, 43.40766 ], [ 2.08565, 43.40969 ], [ 2.08432, 43.40869 ], [ 2.08386, 43.40972 ], [ 2.07697, 43.40952 ] ] } },
{ "type": "Feature", "properties": { "name": null, "weight_class": 1, "permanent": true, "length_km": 6.2 }, "geometry": { "type": "LineString", "coordinates": [ [ 2.09556, 43.4064 ], [ 2.09354, 43.40964 ], [ 2.09548, 43.41324 ], [ 2.08883, 43.41488 ], [ 2.08743, 43.4164 ], [ 2.08751, 43.41944 ], [ 2.0858, 43.41915 ], [ 2.08387, 43.42036 ], [ 2.08384, 43.42224 ], [ 2.08229, 43.42235 ], [ 2.08116, 43.42458 ], [ 2.07628, 43.4246 ], [ 2.0766, 43.42806 ], [ 2.07312, 43.42963 ], [ 2.07014, 43.42871 ], [ 2.0686, 43.42923 ], [ 2.06658, 43.43451 ], [ 2.06428, 43.43412 ], [ 2.05933, 43.43589 ], [ 2.05691, 43.43546 ] ] } },
{ "type": "Feature", "properties": { "name": "Ruisseau de la Mouline", "weight_class": 1, "permanent": true, "length_km": 3.1 }, "geometry": { "type": "LineString", "coordinates": [ [ 1.87743, 44.05599 ], [ 1.88731, 44.0564 ], [ 1.89406, 44.05814 ], [ 1.90346, 44.06324 ], [ 1.90611, 44.06568 ], [ 1.91017, 44.06609 ] ] } },
{ "type": "Feature", "properties": { "name": "Ruisseau d'Escourou", "weight_class": 1, "permanent": true, "length_km": 5.8 }, "geometry": { "type": "LineString", "coordinates": [ [ 1.81662, 44.02717 ], [ 1.82065, 44.02503 ], [ 1.82688, 44.01797 ], [ 1.82407, 44.01348 ], [ 1.8255, 44.01052 ], [ 1.82539, 44.00748 ], [ 1.82753, 44.00314 ], [ 1.83648, 43.99446 ], [ 1.83687, 43.99125 ], [ 1.83921, 43.98861 ], [ 1.83812, 43.9835 ] ] } },
{ "type": "Feature", "properties": { "name": "Ruisseau de Vervère", "weight_class": 1, "permanent": true, "length_km": 13.4 }, "geometry": { "type": "LineString", "coordinates": [ [ 1.83555, 44.08168 ], [ 1.83455, 44.07959 ], [ 1.83525, 44.07708 ], [ 1.83863, 44.075 ], [ 1.83929, 44.06947 ], [ 1.84194, 44.06557 ], [ 1.8475, 44.06216 ], [ 1.85359, 44.0602 ], [ 1.85449, 44.05587 ], [ 1.85944, 44.05184 ], [ 1.85759, 44.05013 ], [ 1.86303, 44.04457 ], [ 1.861, 44.03525 ], [ 1.85565, 44.02963 ], [ 1.855, 44.02721 ], [ 1.85219, 44.02408 ], [ 1.85073, 44.01934 ], [ 1.84631, 44.01592 ], [ 1.84554, 44.0123 ], [ 1.84315, 44.00927 ], [ 1.84231, 43.99621 ], [ 1.84473, 43.98895 ], [ 1.84288, 43.9855 ], [ 1.83801, 43.98311 ] ] } },
{ "type": "Feature", "properties": { "name": "Ruisseau de Fertés", "weight_class": 1, "permanent": true, "length_km": 7.5 }, "geometry": { "type": "LineString", "coordinates": [ [ 1.96937, 44.03574 ], [ 1.96647, 44.0358 ], [ 1.96402, 44.03734 ], [ 1.95979, 44.03721 ], [ 1.9565, 44.0385 ], [ 1.9552, 44.04071 ], [ 1.95133, 44.04212 ], [ 1.9441, 44.04195 ], [ 1.939, 44.04483 ], [ 1.93129, 44.04608 ], [ 1.92647, 44.0486 ], [ 1.91496, 44.05146 ], [ 1.9112, 44.05409 ], [ 1.90905, 44.0573 ], [ 1.91119, 44.06094 ], [ 1.90997, 44.06225 ], [ 1.91005, 44.0673 ], [ 1.9085, 44.06983 ] ] } },
{ "type": "Feature", "properties": { "name": null, "weight_class": 1, "permanent": false, "length_km": 2.0 }, "geometry": { "type": "LineString", "coordinates": [ [ 1.92159, 44.0355 ], [ 1.92179, 44.04094 ], [ 1.91655, 44.04371 ], [ 1.91453, 44.04734 ], [ 1.91654, 44.05064 ] ] } },
{ "type": "Feature", "properties": { "name": null, "weight_class": 1, "permanent": false, "length_km": 2.0 }, "geometry": { "type": "LineString", "coordinates": [ [ 1.9793, 44.10873 ], [ 1.97612, 44.11308 ], [ 1.97059, 44.11536 ], [ 1.96884, 44.11937 ], [ 1.96875, 44.12287 ] ] } },
{ "type": "Feature", "properties": { "name": null, "weight_class": 1, "permanent": false, "length_km": 2.0 }, "geometry": { "type": "LineString", "coordinates": [ [ 1.98868, 44.02527 ], [ 1.99061, 44.01768 ], [ 1.99552, 44.01313 ], [ 1.99483, 44.00908 ] ] } },
{ "type": "Feature", "properties": { "name": "Ruisseau de Foun de Sargnac", "weight_class": 1, "permanent": false, "length_km": 2.9 }, "geometry": { "type": "LineString", "coordinates": [ [ 1.97327, 44.02754 ], [ 1.97282, 44.02295 ], [ 1.97608, 44.01502 ], [ 1.97475, 44.01278 ], [ 1.98364, 44.00506 ] ] } },
{ "type": "Feature", "properties": { "name": null, "weight_class": 1, "permanent": false, "length_km": 2.3 }, "geometry": { "type": "LineString", "coordinates": [ [ 1.98157, 44.03154 ], [ 1.97768, 44.04085 ], [ 1.97568, 44.04299 ], [ 1.9771, 44.0508 ] ] } },
{ "type": "Feature", "properties": { "name": null, "weight_class": 1, "permanent": true, "length_km": 3.4 }, "geometry": { "type": "LineString", "coordinates": [ [ 2.00399, 44.05248 ], [ 1.99989, 44.055 ], [ 1.99375, 44.05655 ], [ 1.9913, 44.05894 ], [ 1.97137, 44.05986 ], [ 1.96707, 44.05773 ] ] } },
{ "type": "Feature", "properties": { "name": null, "weight_class": 1, "permanent": false, "length_km": 2.7 }, "geometry": { "type": "LineString", "coordinates": [ [ 1.96328, 44.09277 ], [ 1.96056, 44.09092 ], [ 1.95702, 44.08184 ], [ 1.95668, 44.07633 ], [ 1.95815, 44.07049 ] ] } },
{ "type": "Feature", "properties": { "name": null, "weight_class": 1, "permanent": true, "length_km": 3.1 }, "geometry": { "type": "LineString", "coordinates": [ [ 2.01341, 44.09367 ], [ 2.01149, 44.09477 ], [ 2.00788, 44.09478 ], [ 1.99824, 44.09296 ], [ 1.99367, 44.08596 ], [ 1.99365, 44.0827 ], [ 1.99558, 44.07865 ] ] } },
{ "type": "Feature", "properties": { "name": null, "weight_class": 1, "permanent": true, "length_km": 2.8 }, "geometry": { "type": "LineString", "coordinates": [ [ 2.02875, 44.09948 ], [ 2.03037, 44.09857 ], [ 2.03057, 44.09586 ], [ 2.02793, 44.09193 ], [ 2.02285, 44.08763 ], [ 2.02343, 44.08207 ], [ 2.02532, 44.07835 ], [ 2.02442, 44.07783 ] ] } },
{ "type": "Feature", "properties": { "name": "Ruisseau de Saint-Guilhem", "weight_class": 1, "permanent": false, "length_km": 2.2 }, "geometry": { "type": "LineString", "coordinates": [ [ 1.85205, 44.09261 ], [ 1.85258, 44.09075 ], [ 1.8506, 44.08766 ], [ 1.85225, 44.0852 ], [ 1.85522, 44.08261 ], [ 1.86493, 44.08116 ] ] } },
{ "type": "Feature", "properties": { "name": null, "weight_class": 1, "permanent": true, "length_km": 2.8 }, "geometry": { "type": "LineString", "coordinates": [ [ 1.93658, 44.01343 ], [ 1.9366, 44.00747 ], [ 1.93423, 43.99894 ], [ 1.93135, 43.99778 ], [ 1.92977, 43.9982 ], [ 1.9274, 43.99476 ], [ 1.92522, 43.99398 ] ] } },
{ "type": "Feature", "properties": { "name": null, "weight_class": 1, "permanent": true, "length_km": 2.2 }, "geometry": { "type": "LineString", "coordinates": [ [ 1.86986, 44.09926 ], [ 1.87216, 44.09763 ], [ 1.87327, 44.09446 ], [ 1.87822, 44.09345 ], [ 1.88571, 44.09328 ], [ 1.88823, 44.09485 ], [ 1.88891, 44.0965 ] ] } },
{ "type": "Feature", "properties": { "name": "Ruisseau de Candour", "weight_class": 2, "permanent": true, "length_km": 19.5 }, "geometry": { "type": "LineString", "coordinates": [ [ 2.16187, 44.1506 ], [ 2.15956, 44.14665 ], [ 2.15961, 44.14207 ], [ 2.15297, 44.14063 ], [ 2.14724, 44.13511 ], [ 2.14123, 44.1325 ], [ 2.13907, 44.13024 ], [ 2.13907, 44.12594 ], [ 2.12762, 44.12972 ], [ 2.12416, 44.13173 ], [ 2.12178, 44.1314 ], [ 2.11569, 44.13423 ], [ 2.11232, 44.13469 ], [ 2.10869, 44.13357 ], [ 2.10227, 44.13379 ], [ 2.09923, 44.13528 ], [ 2.09698, 44.13393 ], [ 2.09504, 44.13425 ], [ 2.09531, 44.13149 ], [ 2.09163, 44.13136 ], [ 2.09065, 44.12786 ], [ 2.08793, 44.12912 ], [ 2.08418, 44.12884 ], [ 2.08344, 44.12692 ], [ 2.07455, 44.12938 ], [ 2.07313, 44.12792 ], [ 2.07097, 44.12852 ], [ 2.06628, 44.13214 ], [ 2.06562, 44.13537 ], [ 2.06239, 44.13328 ], [ 2.05977, 44.13297 ], [ 2.05869, 44.13401 ], [ 2.05531, 44.13396 ], [ 2.05396, 44.13304 ], [ 2.05049, 44.13672 ], [ 2.04336, 44.13832 ], [ 2.03778, 44.14233 ], [ 2.03418, 44.14122 ], [ 2.03158, 44.13878 ], [ 2.02848, 44.13888 ], [ 2.02727, 44.14012 ], [ 2.02194, 44.13864 ], [ 2.01867, 44.14098 ], [ 2.01243, 44.14147 ], [ 2.00743, 44.14451 ], [ 2.00366, 44.14548 ], [ 2.00662, 44.14859 ], [ 2.00378, 44.15118 ] ] } },
{ "type": "Feature", "properties": { "name": "Ruisseau d'Aymer", "weight_class": 1, "permanent": true, "length_km": 12.5 }, "geometry": { "type": "LineString", "coordinates": [ [ 2.0325, 44.11707 ], [ 2.02898, 44.1192 ], [ 2.02379, 44.12698 ], [ 2.01799, 44.12638 ], [ 2.00817, 44.12957 ], [ 2.00195, 44.12855 ], [ 2.00166, 44.12663 ], [ 1.99998, 44.12569 ], [ 1.9825, 44.12399 ], [ 1.97918, 44.12122 ], [ 1.97575, 44.12144 ], [ 1.97289, 44.12349 ], [ 1.95643, 44.12251 ], [ 1.95476, 44.12341 ], [ 1.94981, 44.12252 ], [ 1.94904, 44.12167 ], [ 1.93744, 44.12026 ], [ 1.93537, 44.11894 ], [ 1.93028, 44.11787 ], [ 1.92321, 44.11923 ], [ 1.91849, 44.11829 ], [ 1.91572, 44.11937 ], [ 1.90929, 44.11981 ], [ 1.90646, 44.11849 ] ] } },
{ "type": "Feature", "properties": { "name": "Ruisseau de Bonnaval", "weight_class": 1, "permanent": true, "length_km": 2.2 }, "geometry": { "type": "LineString", "coordinates": [ [ 1.99495, 44.13499 ], [ 1.99293, 44.13624 ], [ 1.98829, 44.13716 ], [ 1.98666, 44.13597 ], [ 1.98454, 44.13655 ], [ 1.97581, 44.14466 ] ] } },
{ "type": "Feature", "properties": { "name": "le Cérou", "weight_class": 2, "permanent": true, "length_km": 80.8 }, "geometry": { "type": "LineString", "coordinates": [ [ 2.4058, 44.07594 ], [ 2.4032, 44.07638 ], [ 2.39801, 44.07463 ], [ 2.3929, 44.07648 ], [ 2.39332, 44.07441 ], [ 2.38846, 44.07316 ], [ 2.38906, 44.07037 ], [ 2.38453, 44.07003 ], [ 2.38325, 44.06678 ], [ 2.37835, 44.06665 ], [ 2.37762, 44.06526 ], [ 2.37537, 44.06571 ], [ 2.37425, 44.06465 ], [ 2.37255, 44.06476 ], [ 2.37071, 44.06227 ], [ 2.3734, 44.06186 ], [ 2.37304, 44.06078 ], [ 2.36776, 44.06005 ], [ 2.36458, 44.06074 ], [ 2.36406, 44.0598 ], [ 2.36599, 44.059 ], [ 2.36436, 44.05741 ], [ 2.36259, 44.0579 ], [ 2.36196, 44.05662 ], [ 2.35833, 44.05753 ], [ 2.35844, 44.05603 ], [ 2.35682, 44.05485 ], [ 2.35938, 44.05541 ], [ 2.35882, 44.05307 ], [ 2.3561, 44.05249 ], [ 2.35362, 44.05355 ], [ 2.35198, 44.05244 ], [ 2.34967, 44.05309 ], [ 2.34788, 44.04986 ], [ 2.34371, 44.04957 ], [ 2.34247, 44.04563 ], [ 2.33988, 44.04634 ], [ 2.33754, 44.04563 ], [ 2.33436, 44.04198 ], [ 2.3302, 44.03973 ], [ 2.32619, 44.04039 ], [ 2.32313, 44.03486 ], [ 2.31794, 44.03402 ], [ 2.3156, 44.03109 ], [ 2.31275, 44.0303 ], [ 2.31288, 44.02887 ], [ 2.31042, 44.02878 ], [ 2.3122, 44.02696 ], [ 2.31139, 44.02579 ], [ 2.30788, 44.02776 ], [ 2.30877, 44.03022 ], [ 2.30565, 44.03025 ], [ 2.30565, 44.0291 ], [ 2.30359, 44.02817 ], [ 2.30225, 44.02956 ], [ 2.30188, 44.03283 ], [ 2.29987, 44.03201 ], [ 2.29683, 44.0323 ], [ 2.29342, 44.03081 ], [ 2.292, 44.03476 ], [ 2.2882, 44.03376 ], [ 2.28742, 44.0363 ], [ 2.27772, 44.03631 ], [ 2.27457, 44.03401 ], [ 2.27241, 44.03471 ], [ 2.27228, 44.03638 ], [ 2.26804, 44.03601 ], [ 2.26326, 44.03789 ], [ 2.26119, 44.03407 ], [ 2.25999, 44.03468 ], [ 2.26013, 44.03705 ], [ 2.25667, 44.03667 ], [ 2.25426, 44.03766 ], [ 2.25295, 44.0389 ], [ 2.25402, 44.04019 ], [ 2.25191, 44.04091 ], [ 2.25088, 44.04075 ], [ 2.24986, 44.03823 ], [ 2.24631, 44.03724 ], [ 2.24539, 44.03971 ], [ 2.2481, 44.04322 ], [ 2.24373, 44.0441 ], [ 2.24163, 44.04355 ], [ 2.24102, 44.03959 ], [ 2.23882, 44.04041 ], [ 2.23806, 44.04332 ], [ 2.23647, 44.04358 ], [ 2.23574, 44.04137 ], [ 2.2309, 44.04071 ], [ 2.22976, 44.03851 ], [ 2.22833, 44.03891 ], [ 2.22782, 44.04175 ], [ 2.22593, 44.0418 ], [ 2.22225, 44.03999 ], [ 2.21794, 44.04295 ], [ 2.21174, 44.04393 ], [ 2.20814, 44.04111 ], [ 2.20592, 44.04175 ], [ 2.20552, 44.04302 ], [ 2.20397, 44.04304 ], [ 2.20203, 44.03983 ], [ 2.19879, 44.03854 ], [ 2.19314, 44.04179 ], [ 2.18688, 44.04002 ], [ 2.18291, 44.04354 ], [ 2.18054, 44.04326 ], [ 2.18032, 44.04147 ], [ 2.17862, 44.04112 ], [ 2.17722, 44.04602 ], [ 2.17212, 44.0496 ], [ 2.16557, 44.05024 ], [ 2.15529, 44.05713 ], [ 2.15282, 44.0578 ], [ 2.14621, 44.05707 ], [ 2.14096, 44.05838 ], [ 2.1359, 44.0626 ], [ 2.13347, 44.06312 ], [ 2.13088, 44.06311 ], [ 2.12855, 44.06178 ], [ 2.1233, 44.06229 ], [ 2.12335, 44.06554 ], [ 2.12933, 44.06937 ], [ 2.12777, 44.07115 ], [ 2.1266, 44.0712 ], [ 2.12465, 44.06752 ], [ 2.11617, 44.07079 ], [ 2.10381, 44.06727 ], [ 2.1024, 44.06924 ], [ 2.10371, 44.07295 ], [ 2.1007, 44.07372 ], [ 2.09902, 44.07051 ], [ 2.09652, 44.06923 ], [ 2.09482, 44.06936 ], [ 2.09462, 44.07208 ], [ 2.09039, 44.0771 ], [ 2.08812, 44.07699 ], [ 2.08874, 44.07563 ], [ 2.08737, 44.07464 ], [ 2.08574, 44.07687 ], [ 2.08307, 44.0772 ], [ 2.07951, 44.07335 ], [ 2.07619, 44.07254 ], [ 2.07359, 44.07319 ], [ 2.07078, 44.07161 ], [ 2.06816, 44.07362 ], [ 2.06706, 44.07626 ], [ 2.06548, 44.0765 ], [ 2.05915, 44.07071 ], [ 2.05127, 44.07178 ], [ 2.04377, 44.06731 ], [ 2.04077, 44.06996 ], [ 2.04, 44.07371 ], [ 2.02871, 44.0735 ], [ 2.02617, 44.07775 ], [ 2.02351, 44.07766 ], [ 2.02131, 44.07607 ], [ 2.01879, 44.07568 ], [ 2.0172, 44.07779 ], [ 2.01813, 44.07982 ], [ 2.01547, 44.08109 ], [ 2.01013, 44.07829 ], [ 2.01079, 44.07542 ], [ 2.00988, 44.07371 ], [ 2.00598, 44.07218 ], [ 2.00298, 44.07307 ], [ 2.00144, 44.07769 ], [ 1.99591, 44.07873 ], [ 1.99382, 44.07804 ], [ 1.99241, 44.07922 ], [ 1.98927, 44.07948 ], [ 1.98547, 44.07937 ], [ 1.98158, 44.07803 ], [ 1.97901, 44.07507 ], [ 1.97754, 44.07061 ], [ 1.97266, 44.06933 ], [ 1.96407, 44.06938 ], [ 1.96242, 44.06872 ], [ 1.96185, 44.0708 ], [ 1.95845, 44.07035 ], [ 1.95726, 44.07114 ], [ 1.95538, 44.06831 ], [ 1.95164, 44.06719 ], [ 1.9478, 44.06823 ], [ 1.94676, 44.07225 ], [ 1.94495, 44.07278 ], [ 1.94413, 44.07135 ], [ 1.94242, 44.07169 ], [ 1.94322, 44.07041 ], [ 1.94087, 44.0682 ], [ 1.9376, 44.06895 ], [ 1.93377, 44.07133 ], [ 1.9256, 44.07266 ], [ 1.92099, 44.07153 ], [ 1.91836, 44.06931 ], [ 1.91286, 44.07057 ], [ 1.90756, 44.0697 ], [ 1.90197, 44.07196 ], [ 1.90303, 44.0759 ], [ 1.90219, 44.07797 ], [ 1.89494, 44.07966 ], [ 1.8932, 44.08433 ], [ 1.89442, 44.08868 ], [ 1.89157, 44.09018 ], [ 1.89348, 44.09219 ], [ 1.88891, 44.0965 ], [ 1.89015, 44.09859 ], [ 1.88869, 44.10147 ], [ 1.88928, 44.10305 ], [ 1.89173, 44.1042 ], [ 1.89927, 44.10288 ], [ 1.90183, 44.10427 ], [ 1.90105, 44.1063 ], [ 1.90318, 44.10771 ], [ 1.90347, 44.10968 ], [ 1.90189, 44.1108 ], [ 1.90353, 44.11522 ], [ 1.90661, 44.11599 ], [ 1.90728, 44.1177 ], [ 1.90172, 44.12023 ], [ 1.89712, 44.11847 ], [ 1.89368, 44.1155 ], [ 1.88956, 44.11712 ], [ 1.88718, 44.11944 ], [ 1.88542, 44.12723 ], [ 1.8746, 44.13039 ], [ 1.87313, 44.13544 ], [ 1.87578, 44.13959 ] ] } },
{ "type": "Feature", "properties": { "name": "Ruisseau de Lauger", "weight_class": 1, "permanent": true, "length_km": 4.7 }, "geometry": { "type": "LineString", "coordinates": [ [ 1.82863, 44.08946 ], [ 1.82323, 44.09661 ], [ 1.82128, 44.09622 ], [ 1.81595, 44.09982 ], [ 1.81589, 44.10276 ], [ 1.81219, 44.10907 ], [ 1.81011, 44.11073 ], [ 1.80693, 44.11163 ], [ 1.80322, 44.1153 ], [ 1.80391, 44.12238 ] ] } },
{ "type": "Feature", "properties": { "name": "Ruisseau de Vaour", "weight_class": 2, "permanent": true, "length_km": 6.9 }, "geometry": { "type": "LineString", "coordinates": [ [ 2.02611, 44.1079 ], [ 2.02365, 44.10447 ], [ 2.01614, 44.10387 ], [ 2.01196, 44.10202 ], [ 2.00209, 44.10408 ], [ 1.99876, 44.10628 ], [ 1.9929, 44.10645 ], [ 1.98247, 44.09732 ], [ 1.97961, 44.09333 ], [ 1.98175, 44.07806 ] ] } },
{ "type": "Feature", "properties": { "name": "Ruisseau de Lacapelle", "weight_class": 1, "permanent": true, "length_km": 3.4 }, "geometry": { "type": "LineString", "coordinates": [ [ 2.01309, 44.11143 ], [ 2.00516, 44.11171 ], [ 1.99832, 44.11469 ], [ 1.9889, 44.11362 ], [ 1.9851, 44.11926 ], [ 1.98038, 44.12211 ] ] } },
{ "type": "Feature", "properties": { "name": "Ruisseau de Panamanque", "weight_class": 1, "permanent": false, "length_km": 2.5 }, "geometry": { "type": "LineString", "coordinates": [ [ 1.96677, 44.10574 ], [ 1.96125, 44.10717 ], [ 1.9537, 44.11359 ], [ 1.95028, 44.12242 ] ] } },
{ "type": "Feature", "properties": { "name": "Ruisseau de Rayssac", "weight_class": 1, "permanent": true, "length_km": 3.0 }, "geometry": { "type": "LineString", "coordinates": [ [ 1.94804, 44.09438 ], [ 1.94373, 44.08779 ], [ 1.94262, 44.08371 ], [ 1.93855, 44.08065 ], [ 1.93786, 44.07436 ], [ 1.93533, 44.07035 ] ] } },
{ "type": "Feature", "properties": { "name": "Ruisseau d'Ampoul", "weight_class": 1, "permanent": true, "length_km": 3.2 }, "geometry": { "type": "LineString", "coordinates": [ [ 1.9362, 44.10071 ], [ 1.93369, 44.10337 ], [ 1.93086, 44.10409 ], [ 1.92441, 44.10277 ], [ 1.91193, 44.10314 ], [ 1.906, 44.10737 ], [ 1.90313, 44.10757 ] ] } },
{ "type": "Feature", "properties": { "name": "Ruisseau de Comberouzal", "weight_class": 1, "permanent": false, "length_km": 2.4 }, "geometry": { "type": "LineString", "coordinates": [ [ 1.86509, 44.10868 ], [ 1.86987, 44.11314 ], [ 1.87744, 44.11437 ], [ 1.88324, 44.12005 ], [ 1.88709, 44.12036 ] ] } },
{ "type": "Feature", "properties": { "name": "Ruisseau de Bonnan", "weight_class": 1, "permanent": true, "length_km": 6.1 }, "geometry": { "type": "LineString", "coordinates": [ [ 1.84354, 44.09803 ], [ 1.83991, 44.09837 ], [ 1.83766, 44.10076 ], [ 1.83672, 44.107 ], [ 1.8386, 44.10868 ], [ 1.83937, 44.11287 ], [ 1.84059, 44.11413 ], [ 1.84344, 44.11453 ], [ 1.84856, 44.11913 ], [ 1.85312, 44.12114 ], [ 1.86136, 44.12721 ], [ 1.86983, 44.13087 ], [ 1.87059, 44.13418 ], [ 1.87216, 44.13568 ], [ 1.87313, 44.13544 ] ] } },
{ "type": "Feature", "properties": { "name": "Ruisseau de Callépe", "weight_class": 1, "permanent": true, "length_km": 2.1 }, "geometry": { "type": "LineString", "coordinates": [ [ 1.80849, 44.09768 ], [ 1.80062, 44.1045 ], [ 1.80079, 44.10687 ], [ 1.80389, 44.10967 ], [ 1.80533, 44.11334 ] ] } },
{ "type": "Feature", "properties": { "name": "Ruisseau de Magot", "weight_class": 1, "permanent": false, "length_km": 4.6 }, "geometry": { "type": "LineString", "coordinates": [ [ 2.02924, 44.0609 ], [ 2.0249, 44.06054 ], [ 2.02313, 44.06163 ], [ 2.01012, 44.06428 ], [ 2.0039, 44.06456 ], [ 2.00134, 44.06624 ], [ 1.99569, 44.06662 ], [ 1.98306, 44.0781 ] ] } },
{ "type": "Feature", "properties": { "name": "Ruisseau de Maraval", "weight_class": 1, "permanent": true, "length_km": 3.2 }, "geometry": { "type": "LineString", "coordinates": [ [ 1.86395, 44.0838 ], [ 1.86561, 44.08259 ], [ 1.86512, 44.08086 ], [ 1.86931, 44.07906 ], [ 1.87387, 44.08032 ], [ 1.8787, 44.08004 ], [ 1.88129, 44.08184 ], [ 1.88933, 44.08329 ], [ 1.89197, 44.08684 ], [ 1.89403, 44.08769 ] ] } },
{ "type": "Feature", "properties": { "name": "Ruisseau de Duèze", "weight_class": 1, "permanent": true, "length_km": 8.2 }, "geometry": { "type": "LineString", "coordinates": [ [ 1.82091, 44.08451 ], [ 1.82451, 44.08119 ], [ 1.8246, 44.07914 ], [ 1.82685, 44.07635 ], [ 1.82521, 44.07395 ], [ 1.82599, 44.07188 ], [ 1.82349, 44.06789 ], [ 1.82426, 44.0662 ], [ 1.82286, 44.06469 ], [ 1.82416, 44.06215 ], [ 1.82262, 44.05602 ], [ 1.82425, 44.05486 ], [ 1.82566, 44.05539 ], [ 1.83163, 44.05437 ], [ 1.83777, 44.05113 ], [ 1.84068, 44.04826 ], [ 1.84372, 44.04278 ], [ 1.85102, 44.03834 ], [ 1.85538, 44.03417 ], [ 1.85858, 44.03289 ] ] } },
{ "type": "Feature", "properties": { "name": "l'Aurausse", "weight_class": 2, "permanent": true, "length_km": 6.5 }, "geometry": { "type": "LineString", "coordinates": [ [ 1.99819, 44.03787 ], [ 1.988, 44.04662 ], [ 1.98597, 44.04968 ], [ 1.97825, 44.05027 ], [ 1.97213, 44.05332 ], [ 1.96683, 44.05791 ], [ 1.95955, 44.06019 ], [ 1.95237, 44.0599 ], [ 1.94574, 44.06086 ], [ 1.94038, 44.06495 ], [ 1.94002, 44.06843 ] ] } },
{ "type": "Feature", "properties": { "name": "Ruisseau de Marines", "weight_class": 1, "permanent": true, "length_km": 7.1 }, "geometry": { "type": "LineString", "coordinates": [ [ 1.89974, 44.03306 ], [ 1.87859, 44.02804 ], [ 1.87524, 44.02506 ], [ 1.86817, 44.02231 ], [ 1.86184, 44.01851 ], [ 1.86195, 44.01626 ], [ 1.85854, 44.0107 ], [ 1.85838, 44.00387 ], [ 1.85929, 44.00018 ], [ 1.86584, 43.99282 ], [ 1.86592, 43.99018 ] ] } },
{ "type": "Feature", "properties": { "name": "Ruisseau de Bonnefon", "weight_class": 1, "permanent": true, "length_km": 2.4 }, "geometry": { "type": "LineString", "coordinates": [ [ 1.95584, 44.00972 ], [ 1.9569, 44.0067 ], [ 1.95638, 44.00338 ], [ 1.95819, 44.0023 ], [ 1.96071, 43.99818 ], [ 1.96554, 43.99499 ], [ 1.96681, 43.99285 ], [ 1.96903, 43.99221 ] ] } },
{ "type": "Feature", "properties": { "name": "Ruisseau de Saint-Hussou", "weight_class": 1, "permanent": false, "length_km": 7.3 }, "geometry": { "type": "LineString", "coordinates": [ [ 1.9391, 44.02175 ], [ 1.93735, 44.02287 ], [ 1.93296, 44.02303 ], [ 1.92998, 44.02425 ], [ 1.92634, 44.02369 ], [ 1.92251, 44.02186 ], [ 1.91946, 44.02384 ], [ 1.91731, 44.02398 ], [ 1.913, 44.022 ], [ 1.90557, 44.01581 ], [ 1.90485, 44.01408 ], [ 1.90132, 44.01195 ], [ 1.89845, 44.00553 ], [ 1.90093, 44.00204 ], [ 1.89475, 43.9984 ], [ 1.89447, 43.99108 ], [ 1.89258, 43.98735 ] ] } },
{ "type": "Feature", "properties": { "name": "Ruisseau de Massalens", "weight_class": 1, "permanent": true, "length_km": 3.9 }, "geometry": { "type": "LineString", "coordinates": [ [ 1.92257, 44.00965 ], [ 1.9186, 44.00194 ], [ 1.92019, 43.99988 ], [ 1.91942, 43.99797 ], [ 1.92522, 43.99398 ], [ 1.92544, 43.99199 ], [ 1.92786, 43.98902 ], [ 1.92827, 43.98666 ], [ 1.92598, 43.98325 ], [ 1.926, 43.97966 ] ] } },
{ "type": "Feature", "properties": { "name": "Ruisseau de la Sesquière", "weight_class": 1, "permanent": true, "length_km": 2.4 }, "geometry": { "type": "LineString", "coordinates": [ [ 1.87441, 44.00876 ], [ 1.8704, 44.00631 ], [ 1.87072, 44.00416 ], [ 1.86843, 43.99987 ], [ 1.86928, 43.99792 ], [ 1.87366, 43.99446 ], [ 1.87335, 43.99097 ] ] } },
{ "type": "Feature", "properties": { "name": "le Rieutort", "weight_class": 1, "permanent": false, "length_km": 2.0 }, "geometry": { "type": "LineString", "coordinates": [ [ 1.80333, 44.02013 ], [ 1.798, 44.01207 ], [ 1.79954, 44.00698 ], [ 1.8024, 44.0041 ] ] } },
{ "type": "Feature", "properties": { "name": "Ruisseau de Candèze", "weight_class": 1, "permanent": true, "length_km": 5.6 }, "geometry": { "type": "LineString", "coordinates": [ [ 1.80469, 44.02522 ], [ 1.80989, 44.01929 ], [ 1.81058, 44.01391 ], [ 1.80793, 44.00964 ], [ 1.80262, 44.00566 ], [ 1.80235, 44.00368 ], [ 1.80906, 43.99165 ], [ 1.82011, 43.98304 ] ] } },
{ "type": "Feature", "properties": { "name": "Ruisseau d'Escandérou", "weight_class": 1, "permanent": true, "length_km": 2.9 }, "geometry": { "type": "LineString", "coordinates": [ [ 1.81615, 44.0077 ], [ 1.81801, 44.00225 ], [ 1.82204, 43.99787 ], [ 1.82461, 43.99653 ], [ 1.82454, 43.99487 ], [ 1.82867, 43.98977 ], [ 1.82886, 43.98476 ] ] } },
{ "type": "Feature", "properties": { "name": "Ruisseau de la Mouline", "weight_class": 1, "permanent": true, "length_km": 2.0 }, "geometry": { "type": "LineString", "coordinates": [ [ 1.85371, 43.96123 ], [ 1.85321, 43.96418 ], [ 1.85451, 43.96593 ], [ 1.85313, 43.97063 ], [ 1.84775, 43.9771 ] ] } },
{ "type": "Feature", "properties": { "name": "Ruisseau d'Istricous", "weight_class": 1, "permanent": false, "length_km": 4.8 }, "geometry": { "type": "LineString", "coordinates": [ [ 1.87823, 43.96729 ], [ 1.87284, 43.96696 ], [ 1.87092, 43.96792 ], [ 1.86653, 43.97225 ], [ 1.86688, 43.97479 ], [ 1.86558, 43.97641 ], [ 1.85679, 43.97608 ], [ 1.84425, 43.97811 ], [ 1.83927, 43.97733 ], [ 1.83092, 43.97989 ] ] } },
{ "type": "Feature", "properties": { "name": null, "weight_class": 1, "permanent": true, "length_km": 2.1 }, "geometry": { "type": "LineString", "coordinates": [ [ 1.96743, 43.97122 ], [ 1.96842, 43.97444 ], [ 1.97141, 43.97459 ], [ 1.97331, 43.97134 ], [ 1.98288, 43.96585 ] ] } },
{ "type": "Feature", "properties": { "name": null, "weight_class": 1, "permanent": false, "length_km": 3.1 }, "geometry": { "type": "LineString", "coordinates": [ [ 2.01428, 43.92941 ], [ 2.01811, 43.92012 ], [ 2.00464, 43.91756 ], [ 1.99555, 43.91401 ] ] } },
{ "type": "Feature", "properties": { "name": null, "weight_class": 1, "permanent": true, "length_km": 2.1 }, "geometry": { "type": "LineString", "coordinates": [ [ 1.95192, 43.9733 ], [ 1.95077, 43.97685 ], [ 1.94151, 43.98056 ], [ 1.93576, 43.98466 ], [ 1.93543, 43.98627 ] ] } },
{ "type": "Feature", "properties": { "name": null, "weight_class": 1, "permanent": true, "length_km": 3.2 }, "geometry": { "type": "LineString", "coordinates": [ [ 1.88646, 43.94616 ], [ 1.88593, 43.94365 ], [ 1.90173, 43.93481 ], [ 1.90731, 43.93276 ], [ 1.91149, 43.93416 ], [ 1.91593, 43.93348 ] ] } },
{ "type": "Feature", "properties": { "name": null, "weight_class": 1, "permanent": false, "length_km": 2.7 }, "geometry": { "type": "LineString", "coordinates": [ [ 2.01934, 43.9069 ], [ 2.02125, 43.90437 ], [ 2.0242, 43.9036 ], [ 2.02549, 43.90174 ], [ 2.03348, 43.90025 ], [ 2.02469, 43.89273 ] ] } },
{ "type": "Feature", "properties": { "name": null, "weight_class": 1, "permanent": false, "length_km": 3.0 }, "geometry": { "type": "LineString", "coordinates": [ [ 1.84515, 43.89571 ], [ 1.8465, 43.89185 ], [ 1.85546, 43.88537 ], [ 1.85562, 43.88455 ], [ 1.84986, 43.88211 ], [ 1.8505, 43.87877 ], [ 1.85387, 43.87476 ] ] } },
{ "type": "Feature", "properties": { "name": null, "weight_class": 1, "permanent": false, "length_km": 5.9 }, "geometry": { "type": "LineString", "coordinates": [ [ 1.84885, 43.91542 ], [ 1.85305, 43.91406 ], [ 1.86231, 43.90798 ], [ 1.86137, 43.90464 ], [ 1.86793, 43.89806 ], [ 1.87048, 43.89325 ], [ 1.87058, 43.8897 ], [ 1.87263, 43.88466 ], [ 1.86743, 43.88179 ], [ 1.86722, 43.87949 ], [ 1.86285, 43.87854 ], [ 1.86292, 43.87618 ], [ 1.86113, 43.87508 ] ] } },
{ "type": "Feature", "properties": { "name": null, "weight_class": 1, "permanent": false, "length_km": 4.1 }, "geometry": { "type": "LineString", "coordinates": [ [ 1.94142, 43.88237 ], [ 1.94273, 43.88336 ], [ 1.94187, 43.88469 ], [ 1.93898, 43.88573 ], [ 1.93661, 43.8855 ], [ 1.92863, 43.89355 ], [ 1.92234, 43.89538 ], [ 1.91316, 43.88858 ], [ 1.90867, 43.88778 ] ] } },
{ "type": "Feature", "properties": { "name": null, "weight_class": 1, "permanent": false, "length_km": 2.4 }, "geometry": { "type": "LineString", "coordinates": [ [ 1.82956, 43.90796 ], [ 1.83192, 43.90602 ], [ 1.83212, 43.90296 ], [ 1.82826, 43.90056 ], [ 1.81269, 43.89646 ] ] } },
{ "type": "Feature", "properties": { "name": "Ruisseau de la Rauze", "weight_class": 1, "permanent": true, "length_km": 4.2 }, "geometry": { "type": "LineString", "coordinates": [ [ 2.0096, 43.98191 ], [ 1.99836, 43.9915 ], [ 1.99183, 43.99159 ], [ 1.98855, 43.99252 ], [ 1.98507, 43.99189 ], [ 1.97062, 43.99476 ], [ 1.96896, 43.99238 ] ] } },
{ "type": "Feature", "properties": { "name": "Fossé du Mazet", "weight_class": 1, "permanent": false, "length_km": 2.1 }, "geometry": { "type": "LineString", "coordinates": [ [ 2.02268, 43.99473 ], [ 2.01248, 44.00265 ], [ 2.01168, 44.00659 ], [ 2.01263, 44.0095 ] ] } },
{ "type": "Feature", "properties": { "name": "Ruisseau de Pré-Long", "weight_class": 1, "permanent": true, "length_km": 5.2 }, "geometry": { "type": "LineString", "coordinates": [ [ 2.00298, 43.98178 ], [ 2.00368, 43.98048 ], [ 2.00227, 43.97859 ], [ 1.99485, 43.97453 ], [ 1.99286, 43.97371 ], [ 1.98607, 43.97375 ], [ 1.97897, 43.95651 ], [ 1.98532, 43.94731 ] ] } },
{ "type": "Feature", "properties": { "name": "Ruisseau de Bésou", "weight_class": 1, "permanent": true, "length_km": 2.1 }, "geometry": { "type": "LineString", "coordinates": [ [ 2.02191, 43.99055 ], [ 2.01803, 43.99115 ], [ 2.01504, 43.98956 ], [ 2.0149, 43.98786 ], [ 2.01671, 43.9837 ], [ 2.02429, 43.97943 ] ] } },
{ "type": "Feature", "properties": { "name": "Ruisseau de Bauzens", "weight_class": 1, "permanent": true, "length_km": 3.4 }, "geometry": { "type": "LineString", "coordinates": [ [ 1.83277, 43.96182 ], [ 1.82872, 43.96597 ], [ 1.8319, 43.97326 ], [ 1.83092, 43.97989 ], [ 1.82512, 43.97988 ], [ 1.82006, 43.97882 ], [ 1.81661, 43.97989 ] ] } },
{ "type": "Feature", "properties": { "name": "Ruisseau de Gatens", "weight_class": 1, "permanent": true, "length_km": 4.2 }, "geometry": { "type": "LineString", "coordinates": [ [ 1.95617, 43.96634 ], [ 1.95491, 43.96437 ], [ 1.95835, 43.96078 ], [ 1.95809, 43.95897 ], [ 1.95587, 43.95796 ], [ 1.95452, 43.95562 ], [ 1.95472, 43.94901 ], [ 1.95678, 43.94599 ], [ 1.96497, 43.94253 ], [ 1.96498, 43.94036 ], [ 1.96962, 43.93839 ] ] } },
{ "type": "Feature", "properties": { "name": "Ruisseau de la Saudronne", "weight_class": 1, "permanent": true, "length_km": 8.2 }, "geometry": { "type": "LineString", "coordinates": [ [ 1.90361, 43.96909 ], [ 1.90592, 43.9666 ], [ 1.91594, 43.96441 ], [ 1.92798, 43.95646 ], [ 1.93253, 43.95213 ], [ 1.93218, 43.94938 ], [ 1.9347, 43.94701 ], [ 1.93857, 43.94019 ], [ 1.94342, 43.93738 ], [ 1.94455, 43.9344 ], [ 1.94444, 43.92892 ], [ 1.94245, 43.92683 ], [ 1.93974, 43.92015 ], [ 1.94848, 43.91547 ] ] } },
{ "type": "Feature", "properties": { "name": "Ruisseau de la Forêt", "weight_class": 1, "permanent": true, "length_km": 2.2 }, "geometry": { "type": "LineString", "coordinates": [ [ 1.88321, 43.95467 ], [ 1.88762, 43.95229 ], [ 1.8972, 43.9509 ], [ 1.90049, 43.94888 ], [ 1.90601, 43.9483 ], [ 1.90733, 43.9473 ] ] } },
{ "type": "Feature", "properties": { "name": "Ruisseau de Viars", "weight_class": 1, "permanent": true, "length_km": 7.6 }, "geometry": { "type": "LineString", "coordinates": [ [ 1.8949, 43.95964 ], [ 1.90333, 43.95569 ], [ 1.9069, 43.95173 ], [ 1.90733, 43.9473 ], [ 1.91202, 43.94308 ], [ 1.91292, 43.93828 ], [ 1.91668, 43.93245 ], [ 1.91442, 43.92373 ], [ 1.91831, 43.91551 ], [ 1.91842, 43.91191 ], [ 1.91699, 43.90933 ], [ 1.92102, 43.90776 ], [ 1.92314, 43.9052 ], [ 1.92489, 43.90486 ] ] } },
{ "type": "Feature", "properties": { "name": "Ruisseau de Négo Rattos", "weight_class": 1, "permanent": true, "length_km": 3.2 }, "geometry": { "type": "LineString", "coordinates": [ [ 1.87209, 43.92257 ], [ 1.87522, 43.92179 ], [ 1.8798, 43.91838 ], [ 1.88017, 43.91392 ], [ 1.88493, 43.90914 ], [ 1.88879, 43.90789 ], [ 1.89021, 43.90481 ], [ 1.89296, 43.90228 ] ] } },
{ "type": "Feature", "properties": { "name": "Ruisseau de Jeansault", "weight_class": 1, "permanent": true, "length_km": 6.6 }, "geometry": { "type": "LineString", "coordinates": [ [ 1.87143, 43.94381 ], [ 1.88357, 43.93896 ], [ 1.8884, 43.93326 ], [ 1.89054, 43.92933 ], [ 1.89036, 43.92656 ], [ 1.89388, 43.92397 ], [ 1.89483, 43.91952 ], [ 1.89344, 43.91688 ], [ 1.89664, 43.91374 ], [ 1.89853, 43.90778 ], [ 1.89577, 43.90328 ], [ 1.89296, 43.90228 ], [ 1.89532, 43.89952 ], [ 1.8941, 43.89768 ] ] } },
{ "type": "Feature", "properties": { "name": "Ruisseau de Grate", "weight_class": 1, "permanent": true, "length_km": 3.6 }, "geometry": { "type": "LineString", "coordinates": [ [ 1.841, 43.92666 ], [ 1.82846, 43.92419 ], [ 1.81629, 43.92513 ], [ 1.81057, 43.9238 ], [ 1.80399, 43.92454 ], [ 1.79981, 43.92602 ] ] } },
{ "type": "Feature", "properties": { "name": "Ruisseau de Mérigot", "weight_class": 1, "permanent": false, "length_km": 4.8 }, "geometry": { "type": "LineString", "coordinates": [ [ 1.85084, 43.92296 ], [ 1.85597, 43.92043 ], [ 1.86947, 43.91636 ], [ 1.87179, 43.91369 ], [ 1.8707, 43.91309 ], [ 1.87164, 43.91176 ], [ 1.87382, 43.9113 ], [ 1.87882, 43.90744 ], [ 1.88121, 43.90759 ], [ 1.8873, 43.9028 ], [ 1.89123, 43.89793 ] ] } },
{ "type": "Feature", "properties": { "name": "Ruisseau de Frausseilles", "weight_class": 1, "permanent": false, "length_km": 2.4 }, "geometry": { "type": "LineString", "coordinates": [ [ 1.86174, 43.93759 ], [ 1.86794, 43.93838 ], [ 1.87477, 43.93722 ], [ 1.88444, 43.93383 ], [ 1.88901, 43.93128 ] ] } },
{ "type": "Feature", "properties": { "name": "la Saudronne", "weight_class": 1, "permanent": false, "length_km": 13.7 }, "geometry": { "type": "LineString", "coordinates": [ [ 2.10877, 43.84617 ], [ 2.09986, 43.84833 ], [ 2.09288, 43.85281 ], [ 2.08869, 43.85439 ], [ 2.08494, 43.85927 ], [ 2.07872, 43.86408 ], [ 2.07409, 43.86495 ], [ 2.07003, 43.86463 ], [ 2.05667, 43.86807 ], [ 2.04623, 43.86854 ], [ 2.03468, 43.87268 ], [ 2.0254, 43.8802 ], [ 2.02018, 43.88106 ], [ 2.01946, 43.88676 ], [ 2.02044, 43.88993 ], [ 2.0178, 43.89301 ], [ 2.0141, 43.89443 ], [ 2.01322, 43.89639 ], [ 2.0013, 43.90048 ], [ 1.99837, 43.905 ], [ 1.99448, 43.90502 ], [ 1.99203, 43.90109 ], [ 1.98698, 43.89903 ] ] } },
{ "type": "Feature", "properties": { "name": "Ruisseau de Fontbareillères", "weight_class": 1, "permanent": true, "length_km": 4.8 }, "geometry": { "type": "LineString", "coordinates": [ [ 1.93991, 43.86308 ], [ 1.93254, 43.86874 ], [ 1.93111, 43.87416 ], [ 1.9325, 43.87546 ], [ 1.9278, 43.88115 ], [ 1.91906, 43.88122 ], [ 1.91595, 43.88333 ], [ 1.91279, 43.88417 ], [ 1.90826, 43.88839 ], [ 1.90525, 43.88882 ], [ 1.90499, 43.88963 ] ] } },
{ "type": "Feature", "properties": { "name": "Ruisseau de Saudronne", "weight_class": 1, "permanent": true, "length_km": 11.1 }, "geometry": { "type": "LineString", "coordinates": [ [ 1.97226, 43.83138 ], [ 1.9708, 43.83298 ], [ 1.97092, 43.83607 ], [ 1.96892, 43.83984 ], [ 1.96932, 43.84103 ], [ 1.96781, 43.84249 ], [ 1.96826, 43.84378 ], [ 1.9665, 43.84575 ], [ 1.95773, 43.84808 ], [ 1.95496, 43.85091 ], [ 1.95312, 43.85625 ], [ 1.95334, 43.86167 ], [ 1.95638, 43.86747 ], [ 1.95366, 43.87368 ], [ 1.9543, 43.87788 ], [ 1.95208, 43.88021 ], [ 1.95355, 43.88082 ], [ 1.95298, 43.89502 ], [ 1.9505, 43.89564 ], [ 1.94971, 43.89685 ], [ 1.95163, 43.90023 ], [ 1.94962, 43.90203 ], [ 1.94877, 43.90701 ], [ 1.94699, 43.90979 ], [ 1.94772, 43.91146 ], [ 1.94169, 43.91245 ] ] } },
{ "type": "Feature", "properties": { "name": "Ruisseau de Fontjalabert", "weight_class": 1, "permanent": true, "length_km": 3.1 }, "geometry": { "type": "LineString", "coordinates": [ [ 1.83611, 43.88795 ], [ 1.83372, 43.88785 ], [ 1.83694, 43.88198 ], [ 1.83021, 43.87818 ], [ 1.82673, 43.87319 ], [ 1.8271, 43.87144 ], [ 1.82925, 43.87063 ], [ 1.83099, 43.86763 ] ] } },
{ "type": "Feature", "properties": { "name": "Ruisseau de Fongisquelle", "weight_class": 1, "permanent": false, "length_km": 5.4 }, "geometry": { "type": "LineString", "coordinates": [ [ 1.82178, 43.90832 ], [ 1.81531, 43.90696 ], [ 1.81491, 43.90294 ], [ 1.81081, 43.89954 ], [ 1.81233, 43.89571 ], [ 1.80744, 43.89211 ], [ 1.80659, 43.89021 ], [ 1.81012, 43.88604 ], [ 1.81393, 43.88492 ], [ 1.82331, 43.87583 ], [ 1.8271, 43.8738 ] ] } },
{ "type": "Feature", "properties": { "name": "le Candou", "weight_class": 1, "permanent": true, "length_km": 11.1 }, "geometry": { "type": "LineString", "coordinates": [ [ 2.00851, 43.82542 ], [ 2.00598, 43.82563 ], [ 2.00328, 43.82791 ], [ 2.00344, 43.83004 ], [ 2.00153, 43.8337 ], [ 2.00306, 43.84078 ], [ 1.99452, 43.85272 ], [ 1.98671, 43.85754 ], [ 1.98035, 43.85744 ], [ 1.97502, 43.85944 ], [ 1.97163, 43.86887 ], [ 1.96798, 43.87328 ], [ 1.96804, 43.87483 ], [ 1.96442, 43.8774 ], [ 1.96486, 43.879 ], [ 1.96235, 43.88456 ], [ 1.96468, 43.88834 ], [ 1.95915, 43.89533 ], [ 1.95163, 43.90023 ] ] } },
{ "type": "Feature", "properties": { "name": "Ruisseau de Banis", "weight_class": 1, "permanent": true, "length_km": 9.7 }, "geometry": { "type": "LineString", "coordinates": [ [ 1.96115, 43.82879 ], [ 1.95936, 43.83024 ], [ 1.95932, 43.83212 ], [ 1.95606, 43.83389 ], [ 1.95266, 43.83876 ], [ 1.94446, 43.8424 ], [ 1.94238, 43.84629 ], [ 1.93866, 43.8492 ], [ 1.93759, 43.85228 ], [ 1.93532, 43.85436 ], [ 1.93454, 43.85769 ], [ 1.93157, 43.8598 ], [ 1.93067, 43.86277 ], [ 1.9246, 43.86487 ], [ 1.91421, 43.87206 ], [ 1.90972, 43.87432 ], [ 1.90533, 43.87499 ], [ 1.89871, 43.87389 ], [ 1.89108, 43.87548 ], [ 1.88803, 43.87133 ], [ 1.8848, 43.87074 ] ] } },
{ "type": "Feature", "properties": { "name": null, "weight_class": 1, "permanent": false, "length_km": 2.3 }, "geometry": { "type": "LineString", "coordinates": [ [ 1.84199, 43.77861 ], [ 1.83175, 43.78461 ], [ 1.82274, 43.787 ], [ 1.81859, 43.78986 ] ] } },
{ "type": "Feature", "properties": { "name": "Ruisseau de Labordes/Ruisseau de Lasbordes", "weight_class": 1, "permanent": true, "length_km": 6.6 }, "geometry": { "type": "LineString", "coordinates": [ [ 1.95114, 43.82172 ], [ 1.94783, 43.82345 ], [ 1.94283, 43.83134 ], [ 1.92933, 43.84211 ], [ 1.91044, 43.8503 ], [ 1.90738, 43.85256 ], [ 1.90551, 43.85691 ], [ 1.90056, 43.85844 ], [ 1.89461, 43.85821 ] ] } },
{ "type": "Feature", "properties": { "name": null, "weight_class": 1, "permanent": false, "length_km": 2.1 }, "geometry": { "type": "LineString", "coordinates": [ [ 1.9913, 43.83848 ], [ 1.98911, 43.84447 ], [ 1.99277, 43.84691 ], [ 1.99268, 43.85169 ], [ 1.99111, 43.85318 ], [ 1.99182, 43.85402 ] ] } },
{ "type": "Feature", "properties": { "name": "Ravin de Verrières", "weight_class": 1, "permanent": false, "length_km": 3.7 }, "geometry": { "type": "LineString", "coordinates": [ [ 1.99174, 43.86216 ], [ 1.98782, 43.86744 ], [ 1.97897, 43.86937 ], [ 1.9743, 43.87195 ], [ 1.96647, 43.8799 ], [ 1.96448, 43.88432 ], [ 1.96263, 43.88387 ] ] } },
{ "type": "Feature", "properties": { "name": null, "weight_class": 1, "permanent": false, "length_km": 4.1 }, "geometry": { "type": "LineString", "coordinates": [ [ 1.91249, 43.8342 ], [ 1.90724, 43.83885 ], [ 1.8916, 43.8482 ], [ 1.8853, 43.85752 ], [ 1.88647, 43.85962 ], [ 1.8893, 43.86018 ], [ 1.8903, 43.86133 ] ] } },
{ "type": "Feature", "properties": { "name": null, "weight_class": 1, "permanent": false, "length_km": 2.8 }, "geometry": { "type": "LineString", "coordinates": [ [ 1.88039, 43.85241 ], [ 1.87534, 43.85541 ], [ 1.8761, 43.85675 ], [ 1.86836, 43.86015 ], [ 1.86487, 43.86432 ], [ 1.86684, 43.86763 ], [ 1.86671, 43.87035 ] ] } },
{ "type": "Feature", "properties": { "name": null, "weight_class": 1, "permanent": false, "length_km": 2.2 }, "geometry": { "type": "LineString", "coordinates": [ [ 1.94812, 43.86504 ], [ 1.94014, 43.86792 ], [ 1.93922, 43.87099 ], [ 1.93984, 43.87342 ], [ 1.93767, 43.87504 ], [ 1.93572, 43.87635 ], [ 1.93182, 43.87636 ] ] } },
{ "type": "Feature", "properties": { "name": null, "weight_class": 1, "permanent": false, "length_km": 2.9 }, "geometry": { "type": "LineString", "coordinates": [ [ 1.84361, 43.83553 ], [ 1.83737, 43.8373 ], [ 1.83976, 43.83861 ], [ 1.83772, 43.84019 ], [ 1.83283, 43.83831 ], [ 1.83015, 43.8393 ], [ 1.82752, 43.8421 ], [ 1.82718, 43.84734 ], [ 1.82487, 43.84694 ] ] } },
{ "type": "Feature", "properties": { "name": null, "weight_class": 1, "permanent": false, "length_km": 2.4 }, "geometry": { "type": "LineString", "coordinates": [ [ 1.98703, 43.79327 ], [ 1.98044, 43.79288 ], [ 1.97951, 43.78903 ], [ 1.99182, 43.78169 ] ] } },
{ "type": "Feature", "properties": { "name": null, "weight_class": 1, "permanent": false, "length_km": 3.1 }, "geometry": { "type": "LineString", "coordinates": [ [ 1.9855, 43.83187 ], [ 1.98663, 43.83318 ], [ 1.98366, 43.83636 ], [ 1.98402, 43.83887 ], [ 1.98201, 43.84359 ], [ 1.98375, 43.85065 ], [ 1.98745, 43.8533 ], [ 1.98839, 43.85644 ] ] } },
{ "type": "Feature", "properties": { "name": null, "weight_class": 1, "permanent": false, "length_km": 3.3 }, "geometry": { "type": "LineString", "coordinates": [ [ 1.84591, 43.77904 ], [ 1.84688, 43.77479 ], [ 1.85324, 43.76904 ], [ 1.85226, 43.76692 ], [ 1.85411, 43.76015 ], [ 1.85864, 43.75574 ], [ 1.85815, 43.75373 ], [ 1.85918, 43.75317 ] ] } },
{ "type": "Feature", "properties": { "name": null, "weight_class": 1, "permanent": false, "length_km": 4.3 }, "geometry": { "type": "LineString", "coordinates": [ [ 1.84937, 43.80648 ], [ 1.84337, 43.81032 ], [ 1.84215, 43.8126 ], [ 1.8371, 43.81374 ], [ 1.82845, 43.81761 ], [ 1.82058, 43.82801 ], [ 1.81266, 43.83175 ] ] } },
{ "type": "Feature", "properties": { "name": null, "weight_class": 2, "permanent": false, "length_km": 3.3 }, "geometry": { "type": "LineString", "coordinates": [ [ 1.96224, 43.74874 ], [ 1.95047, 43.75441 ], [ 1.95017, 43.75571 ], [ 1.95403, 43.7579 ], [ 1.95392, 43.76202 ], [ 1.95266, 43.76424 ], [ 1.94697, 43.7655 ], [ 1.94644, 43.76818 ] ] } },
{ "type": "Feature", "properties": { "name": null, "weight_class": 1, "permanent": false, "length_km": 2.5 }, "geometry": { "type": "LineString", "coordinates": [ [ 1.95444, 43.81875 ], [ 1.9569, 43.81618 ], [ 1.96956, 43.81241 ], [ 1.96995, 43.81067 ], [ 1.97654, 43.80606 ] ] } },
{ "type": "Feature", "properties": { "name": null, "weight_class": 1, "permanent": true, "length_km": 2.7 }, "geometry": { "type": "LineString", "coordinates": [ [ 1.88542, 43.80489 ], [ 1.87293, 43.81075 ], [ 1.87066, 43.81303 ], [ 1.8716, 43.81596 ], [ 1.87463, 43.81777 ], [ 1.87468, 43.82149 ] ] } },
{ "type": "Feature", "properties": { "name": null, "weight_class": 1, "permanent": false, "length_km": 2.8 }, "geometry": { "type": "LineString", "coordinates": [ [ 1.94932, 43.83047 ], [ 1.93761, 43.83977 ], [ 1.93663, 43.84803 ], [ 1.93824, 43.85097 ] ] } },
{ "type": "Feature", "properties": { "name": null, "weight_class": 1, "permanent": false, "length_km": 3.7 }, "geometry": { "type": "LineString", "coordinates": [ [ 1.82143, 43.79764 ], [ 1.81375, 43.80164 ], [ 1.80862, 43.80187 ], [ 1.80073, 43.80617 ], [ 1.79345, 43.81604 ], [ 1.79442, 43.81876 ] ] } },
{ "type": "Feature", "properties": { "name": "Ruisseau de Brignou", "weight_class": 1, "permanent": false, "length_km": 6.9 }, "geometry": { "type": "LineString", "coordinates": [ [ 2.06839, 43.82557 ], [ 2.05994, 43.83251 ], [ 2.05527, 43.83396 ], [ 2.0499, 43.83807 ], [ 2.0495, 43.84283 ], [ 2.04581, 43.84423 ], [ 2.03683, 43.85352 ], [ 2.03489, 43.86002 ], [ 2.0361, 43.86334 ], [ 2.03502, 43.86843 ], [ 2.03081, 43.87536 ] ] } },
{ "type": "Feature", "properties": { "name": "Riou Frech", "weight_class": 1, "permanent": true, "length_km": 4.8 }, "geometry": { "type": "LineString", "coordinates": [ [ 2.01147, 43.86511 ], [ 2.0109, 43.8678 ], [ 2.00313, 43.8731 ], [ 2.00253, 43.87474 ], [ 1.99368, 43.8821 ], [ 1.99409, 43.88595 ], [ 1.9917, 43.89013 ], [ 1.99337, 43.89164 ], [ 1.99223, 43.89539 ], [ 1.99074, 43.8969 ], [ 1.98615, 43.89799 ] ] } },
{ "type": "Feature", "properties": { "name": "le Rieutort/Ruisseau de Marlac", "weight_class": 1, "permanent": false, "length_km": 8.1 }, "geometry": { "type": "LineString", "coordinates": [ [ 1.93594, 43.81583 ], [ 1.92938, 43.81954 ], [ 1.9239, 43.82584 ], [ 1.9171, 43.83888 ], [ 1.91192, 43.84076 ], [ 1.90632, 43.84503 ], [ 1.90073, 43.85232 ], [ 1.89499, 43.8561 ], [ 1.89461, 43.85821 ], [ 1.89174, 43.85881 ], [ 1.89146, 43.86076 ], [ 1.88748, 43.86432 ], [ 1.89004, 43.86816 ], [ 1.88803, 43.87133 ] ] } },
{ "type": "Feature", "properties": { "name": "Ruisseau de Pisse-Saume", "weight_class": 1, "permanent": false, "length_km": 3.5 }, "geometry": { "type": "LineString", "coordinates": [ [ 1.92269, 43.85091 ], [ 1.92063, 43.85417 ], [ 1.91287, 43.85864 ], [ 1.90727, 43.86776 ], [ 1.90295, 43.87055 ], [ 1.8991, 43.87126 ], [ 1.89819, 43.87393 ] ] } },
{ "type": "Feature", "properties": { "name": "Riou Frayzi", "weight_class": 1, "permanent": true, "length_km": 12.2 }, "geometry": { "type": "LineString", "coordinates": [ [ 1.93765, 43.80866 ], [ 1.92958, 43.81436 ], [ 1.92166, 43.81723 ], [ 1.91743, 43.82556 ], [ 1.9128, 43.82878 ], [ 1.90765, 43.83447 ], [ 1.898, 43.83771 ], [ 1.89201, 43.83718 ], [ 1.8893, 43.8379 ], [ 1.87885, 43.84803 ], [ 1.87429, 43.84959 ], [ 1.8709, 43.85389 ], [ 1.86324, 43.85934 ], [ 1.85953, 43.86434 ], [ 1.85613, 43.86565 ], [ 1.8543, 43.86473 ], [ 1.85199, 43.86512 ], [ 1.84873, 43.86428 ], [ 1.84462, 43.86768 ], [ 1.84037, 43.86737 ], [ 1.8388, 43.86922 ] ] } },
{ "type": "Feature", "properties": { "name": "Ruisseau de la Bouffie", "weight_class": 1, "permanent": false, "length_km": 3.4 }, "geometry": { "type": "LineString", "coordinates": [ [ 2.04007, 43.82616 ], [ 2.03914, 43.82895 ], [ 2.04052, 43.83511 ], [ 2.03352, 43.84912 ], [ 2.03288, 43.85505 ] ] } },
{ "type": "Feature", "properties": { "name": "Ruisseau de Merdialou", "weight_class": 1, "permanent": false, "length_km": 3.9 }, "geometry": { "type": "LineString", "coordinates": [ [ 2.02568, 43.83232 ], [ 2.02392, 43.83509 ], [ 2.02447, 43.83665 ], [ 2.02174, 43.84019 ], [ 2.02488, 43.84166 ], [ 2.02523, 43.8441 ], [ 2.02416, 43.84573 ], [ 2.02609, 43.84951 ], [ 2.02343, 43.85369 ], [ 2.02565, 43.85499 ], [ 2.03196, 43.85472 ], [ 2.03569, 43.85671 ] ] } },
{ "type": "Feature", "properties": { "name": "Ruisseau de la Nègre", "weight_class": 1, "permanent": true, "length_km": 2.8 }, "geometry": { "type": "LineString", "coordinates": [ [ 1.91309, 43.81862 ], [ 1.90686, 43.82269 ], [ 1.90487, 43.82537 ], [ 1.89882, 43.82813 ], [ 1.89652, 43.83281 ], [ 1.89201, 43.83718 ] ] } },
{ "type": "Feature", "properties": { "name": "Ruisseau des Rodes/Ruisseau de Brames-Aygues", "weight_class": 1, "permanent": true, "length_km": 10.5 }, "geometry": { "type": "LineString", "coordinates": [ [ 1.89641, 43.80124 ], [ 1.89329, 43.80334 ], [ 1.89402, 43.80636 ], [ 1.88547, 43.81735 ], [ 1.87468, 43.82149 ], [ 1.87349, 43.82335 ], [ 1.87087, 43.82415 ], [ 1.86767, 43.82388 ], [ 1.8681, 43.82517 ], [ 1.86623, 43.82688 ], [ 1.85761, 43.8324 ], [ 1.85197, 43.83966 ], [ 1.85113, 43.84456 ], [ 1.84879, 43.8475 ], [ 1.84323, 43.84901 ], [ 1.83262, 43.8543 ], [ 1.8295, 43.85282 ], [ 1.82803, 43.85313 ], [ 1.82586, 43.8499 ], [ 1.82583, 43.84761 ], [ 1.82051, 43.84386 ] ] } },
{ "type": "Feature", "properties": { "name": "Ruisseau de Lenjou", "weight_class": 2, "permanent": true, "length_km": 8.1 }, "geometry": { "type": "LineString", "coordinates": [ [ 1.99501, 43.82179 ], [ 1.99358, 43.82113 ], [ 1.98935, 43.82245 ], [ 1.98222, 43.8174 ], [ 1.98371, 43.81201 ], [ 1.97654, 43.80751 ], [ 1.97769, 43.80437 ], [ 1.97701, 43.80324 ], [ 1.97206, 43.80183 ], [ 1.96668, 43.79789 ], [ 1.96515, 43.79482 ], [ 1.96261, 43.7937 ], [ 1.963, 43.79267 ], [ 1.96173, 43.79189 ], [ 1.96425, 43.78539 ], [ 1.96005, 43.77991 ], [ 1.96103, 43.77919 ], [ 1.96027, 43.77812 ], [ 1.96123, 43.7729 ] ] } },
{ "type": "Feature", "properties": { "name": "Ruisseau d'Agouyre", "weight_class": 1, "permanent": false, "length_km": 5.4 }, "geometry": { "type": "LineString", "coordinates": [ [ 1.99686, 43.80887 ], [ 1.99424, 43.80449 ], [ 1.99555, 43.8032 ], [ 1.99315, 43.80053 ], [ 1.99688, 43.79409 ], [ 1.9968, 43.79157 ], [ 1.99786, 43.79129 ], [ 1.99951, 43.78637 ], [ 1.99277, 43.78272 ], [ 1.99112, 43.78032 ], [ 1.99223, 43.77788 ], [ 2.00021, 43.77382 ], [ 2.00093, 43.77266 ] ] } },
{ "type": "Feature", "properties": { "name": "Ruisseau de Limère", "weight_class": 1, "permanent": false, "length_km": 2.4 }, "geometry": { "type": "LineString", "coordinates": [ [ 2.00859, 43.802 ], [ 2.01794, 43.79577 ], [ 2.02445, 43.79432 ], [ 2.02659, 43.79259 ], [ 2.03095, 43.79114 ] ] } },
{ "type": "Feature", "properties": { "name": "Ruisseau de Limère", "weight_class": 1, "permanent": false, "length_km": 3.0 }, "geometry": { "type": "LineString", "coordinates": [ [ 2.00948, 43.80885 ], [ 2.01212, 43.80583 ], [ 2.01815, 43.80352 ], [ 2.0205, 43.79977 ], [ 2.02945, 43.79683 ], [ 2.0355, 43.79349 ] ] } },
{ "type": "Feature", "properties": { "name": "Ruisseau de Bouvenac", "weight_class": 1, "permanent": true, "length_km": 3.0 }, "geometry": { "type": "LineString", "coordinates": [ [ 2.01081, 43.812 ], [ 2.01394, 43.81106 ], [ 2.01698, 43.80851 ], [ 2.02367, 43.80694 ], [ 2.03065, 43.80159 ], [ 2.03252, 43.79876 ], [ 2.03859, 43.79626 ] ] } },
{ "type": "Feature", "properties": { "name": "Ruisseau de Sanguinières", "weight_class": 1, "permanent": false, "length_km": 4.1 }, "geometry": { "type": "LineString", "coordinates": [ [ 2.00353, 43.81767 ], [ 2.01322, 43.8189 ], [ 2.01564, 43.81698 ], [ 2.02567, 43.81545 ], [ 2.04148, 43.80014 ] ] } },
{ "type": "Feature", "properties": { "name": "Ruisseau de la Brande", "weight_class": 1, "permanent": true, "length_km": 7.0 }, "geometry": { "type": "LineString", "coordinates": [ [ 1.92061, 43.80105 ], [ 1.91582, 43.80199 ], [ 1.90844, 43.79432 ], [ 1.9052, 43.78351 ], [ 1.90663, 43.78194 ], [ 1.90598, 43.77817 ], [ 1.90286, 43.77507 ], [ 1.9032, 43.76644 ], [ 1.89969, 43.76013 ], [ 1.89538, 43.75769 ], [ 1.89307, 43.75062 ] ] } },
{ "type": "Feature", "properties": { "name": "Ruisseau de Lacade", "weight_class": 1, "permanent": true, "length_km": 4.6 }, "geometry": { "type": "LineString", "coordinates": [ [ 1.93249, 43.79739 ], [ 1.92991, 43.79433 ], [ 1.92701, 43.79344 ], [ 1.92397, 43.79079 ], [ 1.9226, 43.78798 ], [ 1.92317, 43.78499 ], [ 1.92686, 43.78007 ], [ 1.92685, 43.77802 ], [ 1.93142, 43.7749 ], [ 1.93077, 43.7701 ], [ 1.93262, 43.76658 ], [ 1.93427, 43.76589 ], [ 1.93363, 43.76359 ] ] } },
{ "type": "Feature", "properties": { "name": "Ruisseau de la Chaupertié", "weight_class": 1, "permanent": true, "length_km": 2.2 }, "geometry": { "type": "LineString", "coordinates": [ [ 1.93636, 43.79847 ], [ 1.96173, 43.79189 ] ] } },
{ "type": "Feature", "properties": { "name": "Ruisseau de Sirven", "weight_class": 1, "permanent": false, "length_km": 2.6 }, "geometry": { "type": "LineString", "coordinates": [ [ 1.94267, 43.81011 ], [ 1.94578, 43.80968 ], [ 1.94993, 43.80662 ], [ 1.95202, 43.80676 ], [ 1.9546, 43.80416 ], [ 1.96261, 43.80131 ], [ 1.96617, 43.79693 ] ] } },
{ "type": "Feature", "properties": { "name": "Ruisseau de la Bastide", "weight_class": 1, "permanent": true, "length_km": 3.8 }, "geometry": { "type": "LineString", "coordinates": [ [ 1.94448, 43.81655 ], [ 1.94044, 43.82132 ], [ 1.93183, 43.82708 ], [ 1.92929, 43.83194 ], [ 1.92857, 43.83609 ], [ 1.92398, 43.84045 ], [ 1.9232, 43.8447 ] ] } },
{ "type": "Feature", "properties": { "name": "Riou Fauze", "weight_class": 1, "permanent": false, "length_km": 6.4 }, "geometry": { "type": "LineString", "coordinates": [ [ 1.88939, 43.8006 ], [ 1.8927, 43.79782 ], [ 1.89261, 43.79342 ], [ 1.89128, 43.79186 ], [ 1.89, 43.78436 ], [ 1.88692, 43.77909 ], [ 1.88675, 43.77627 ], [ 1.88309, 43.77134 ], [ 1.88909, 43.76127 ], [ 1.88736, 43.7559 ], [ 1.88804, 43.75388 ], [ 1.88666, 43.75225 ], [ 1.88687, 43.74928 ] ] } },
{ "type": "Feature", "properties": { "name": "Ruisseau du Pontet", "weight_class": 1, "permanent": true, "length_km": 2.4 }, "geometry": { "type": "LineString", "coordinates": [ [ 1.92541, 43.80192 ], [ 1.91004, 43.80967 ], [ 1.89969, 43.81238 ] ] } },
{ "type": "Feature", "properties": { "name": "Ruisseau de Badaillac", "weight_class": 1, "permanent": true, "length_km": 6.4 }, "geometry": { "type": "LineString", "coordinates": [ [ 1.90354, 43.80473 ], [ 1.89956, 43.80802 ], [ 1.89946, 43.81381 ], [ 1.89595, 43.81989 ], [ 1.8793, 43.83016 ], [ 1.87383, 43.83575 ], [ 1.86992, 43.8445 ], [ 1.87154, 43.84707 ], [ 1.87148, 43.85127 ], [ 1.87262, 43.85163 ] ] } },
{ "type": "Feature", "properties": { "name": "Ruisseau de la Pimpe", "weight_class": 1, "permanent": false, "length_km": 5.5 }, "geometry": { "type": "LineString", "coordinates": [ [ 1.87404, 43.79964 ], [ 1.87218, 43.80113 ], [ 1.87183, 43.80343 ], [ 1.86693, 43.80756 ], [ 1.86454, 43.81107 ], [ 1.85561, 43.81346 ], [ 1.85027, 43.81738 ], [ 1.84723, 43.82167 ], [ 1.84031, 43.82592 ], [ 1.83458, 43.83182 ], [ 1.83012, 43.83406 ] ] } },
{ "type": "Feature", "properties": { "name": "le Rieu Fauré", "weight_class": 1, "permanent": false, "length_km": 2.5 }, "geometry": { "type": "LineString", "coordinates": [ [ 1.93703, 43.79278 ], [ 1.94333, 43.79045 ], [ 1.95098, 43.79003 ], [ 1.9612, 43.78208 ] ] } },
{ "type": "Feature", "properties": { "name": null, "weight_class": 1, "permanent": false, "length_km": 2.2 }, "geometry": { "type": "LineString", "coordinates": [ [ 1.8694, 43.78715 ], [ 1.8704, 43.78462 ], [ 1.87357, 43.78246 ], [ 1.87505, 43.77825 ], [ 1.87856, 43.77415 ], [ 1.88309, 43.77134 ] ] } },
{ "type": "Feature", "properties": { "name": "Ruisseau de la Rouquette", "weight_class": 1, "permanent": false, "length_km": 3.8 }, "geometry": { "type": "LineString", "coordinates": [ [ 1.86097, 43.78171 ], [ 1.86434, 43.77928 ], [ 1.86519, 43.77612 ], [ 1.86108, 43.77268 ], [ 1.85964, 43.76855 ], [ 1.86384, 43.76019 ], [ 1.86169, 43.75584 ], [ 1.85944, 43.75396 ], [ 1.85983, 43.75228 ] ] } },
{ "type": "Feature", "properties": { "name": "Ruisseau de Parisot", "weight_class": 1, "permanent": true, "length_km": 8.4 }, "geometry": { "type": "LineString", "coordinates": [ [ 1.86554, 43.79345 ], [ 1.85859, 43.79217 ], [ 1.85192, 43.79321 ], [ 1.84344, 43.79286 ], [ 1.83227, 43.7975 ], [ 1.83206, 43.79965 ], [ 1.82371, 43.80844 ], [ 1.81477, 43.81284 ], [ 1.81225, 43.81619 ], [ 1.81345, 43.81917 ], [ 1.81021, 43.82584 ], [ 1.80528, 43.82966 ], [ 1.80154, 43.83108 ], [ 1.80114, 43.83359 ] ] } },
{ "type": "Feature", "properties": { "name": "Riou Blanc", "weight_class": 1, "permanent": false, "length_km": 2.3 }, "geometry": { "type": "LineString", "coordinates": [ [ 1.82104, 43.77518 ], [ 1.81337, 43.7825 ], [ 1.81232, 43.78478 ], [ 1.80669, 43.78938 ], [ 1.8068, 43.79127 ] ] } },
{ "type": "Feature", "properties": { "name": "Ruisseau des Goxes", "weight_class": 1, "permanent": true, "length_km": 3.3 }, "geometry": { "type": "LineString", "coordinates": [ [ 1.9512, 43.73755 ], [ 1.95104, 43.74134 ], [ 1.94682, 43.749 ], [ 1.94823, 43.75457 ], [ 1.94737, 43.75858 ], [ 1.9446, 43.76255 ], [ 1.9413, 43.76201 ] ] } },
{ "type": "Feature", "properties": { "name": "Ruisseau des Cazettes", "weight_class": 1, "permanent": true, "length_km": 3.7 }, "geometry": { "type": "LineString", "coordinates": [ [ 1.97821, 43.69704 ], [ 1.9744, 43.69647 ], [ 1.97011, 43.69759 ], [ 1.9662, 43.69646 ], [ 1.9654, 43.69404 ], [ 1.96285, 43.69154 ], [ 1.96371, 43.68902 ], [ 1.96292, 43.68177 ], [ 1.95891, 43.68025 ], [ 1.95237, 43.68095 ] ] } },
{ "type": "Feature", "properties": { "name": "Ruisseau de Rieumarty", "weight_class": 1, "permanent": false, "length_km": 2.1 }, "geometry": { "type": "LineString", "coordinates": [ [ 1.98374, 43.65893 ], [ 1.97993, 43.6572 ], [ 1.9773, 43.65762 ], [ 1.97497, 43.65917 ], [ 1.97113, 43.65735 ], [ 1.9663, 43.6579 ], [ 1.96239, 43.65977 ] ] } },
{ "type": "Feature", "properties": { "name": "Ruisseau de Tort", "weight_class": 1, "permanent": true, "length_km": 4.4 }, "geometry": { "type": "LineString", "coordinates": [ [ 1.97886, 43.68687 ], [ 1.97855, 43.68295 ], [ 1.97754, 43.68224 ], [ 1.97268, 43.68211 ], [ 1.96872, 43.68096 ], [ 1.96602, 43.67883 ], [ 1.96632, 43.67308 ], [ 1.96302, 43.67165 ], [ 1.96031, 43.66849 ], [ 1.96204, 43.66375 ], [ 1.96027, 43.66198 ], [ 1.95722, 43.66194 ], [ 1.95559, 43.66053 ] ] } },
{ "type": "Feature", "properties": { "name": "Ruisseau du Grajaud", "weight_class": 1, "permanent": false, "length_km": 2.8 }, "geometry": { "type": "LineString", "coordinates": [ [ 2.02949, 43.68106 ], [ 2.02635, 43.6778 ], [ 2.02673, 43.66792 ], [ 2.02872, 43.66505 ], [ 2.02673, 43.66081 ], [ 2.02764, 43.65943 ], [ 2.02683, 43.65829 ] ] } },
{ "type": "Feature", "properties": { "name": null, "weight_class": 1, "permanent": false, "length_km": 3.7 }, "geometry": { "type": "LineString", "coordinates": [ [ 1.96983, 43.7382 ], [ 1.97075, 43.74251 ], [ 1.96816, 43.74435 ], [ 1.97016, 43.74827 ], [ 1.9691, 43.75164 ], [ 1.96933, 43.75922 ], [ 1.96617, 43.76241 ], [ 1.96774, 43.76885 ] ] } },
{ "type": "Feature", "properties": { "name": "Ruisseau de Guinet", "weight_class": 1, "permanent": false, "length_km": 3.6 }, "geometry": { "type": "LineString", "coordinates": [ [ 2.0086, 43.70576 ], [ 2.0069, 43.70424 ], [ 2.00293, 43.70342 ], [ 2.00269, 43.70088 ], [ 1.99768, 43.69751 ], [ 1.99894, 43.69069 ], [ 1.99855, 43.68316 ], [ 2.00112, 43.67921 ] ] } },
{ "type": "Feature", "properties": { "name": null, "weight_class": 1, "permanent": false, "length_km": 3.1 }, "geometry": { "type": "LineString", "coordinates": [ [ 1.92717, 43.73937 ], [ 1.92641, 43.74199 ], [ 1.92823, 43.74636 ], [ 1.92376, 43.74895 ], [ 1.91969, 43.75587 ], [ 1.91591, 43.75731 ], [ 1.91149, 43.7609 ] ] } },
{ "type": "Feature", "properties": { "name": "Ruisseau de la Forêt", "weight_class": 1, "permanent": false, "length_km": 3.0 }, "geometry": { "type": "LineString", "coordinates": [ [ 2.03227, 43.73838 ], [ 2.03083, 43.7406 ], [ 2.03029, 43.74552 ], [ 2.03133, 43.75107 ], [ 2.02682, 43.75457 ], [ 2.02264, 43.7622 ] ] } },
{ "type": "Feature", "properties": { "name": "Ruisseau de Laujeral", "weight_class": 1, "permanent": false, "length_km": 2.2 }, "geometry": { "type": "LineString", "coordinates": [ [ 2.03734, 43.74477 ], [ 2.03639, 43.75231 ], [ 2.03136, 43.76324 ] ] } },
{ "type": "Feature", "properties": { "name": "Ruisseau de Nestar", "weight_class": 1, "permanent": false, "length_km": 2.2 }, "geometry": { "type": "LineString", "coordinates": [ [ 2.02526, 43.73247 ], [ 2.02586, 43.73418 ], [ 2.01954, 43.73972 ], [ 2.01068, 43.73976 ], [ 2.00558, 43.74119 ] ] } },
{ "type": "Feature", "properties": { "name": "Ruisseau du Verdaussou", "weight_class": 1, "permanent": true, "length_km": 6.6 }, "geometry": { "type": "LineString", "coordinates": [ [ 2.01397, 43.71792 ], [ 2.01552, 43.72184 ], [ 2.01557, 43.72689 ], [ 2.01347, 43.72972 ], [ 2.01631, 43.73165 ], [ 2.00832, 43.73632 ], [ 2.00524, 43.74167 ], [ 1.99669, 43.74612 ], [ 1.99057, 43.75319 ], [ 1.98811, 43.75949 ], [ 1.98814, 43.76261 ], [ 1.98973, 43.76421 ] ] } },
{ "type": "Feature", "properties": { "name": "Ruisseau de la Nauze", "weight_class": 1, "permanent": false, "length_km": 4.7 }, "geometry": { "type": "LineString", "coordinates": [ [ 1.9877, 43.73544 ], [ 1.98315, 43.73619 ], [ 1.98165, 43.73803 ], [ 1.98019, 43.7421 ], [ 1.98305, 43.74641 ], [ 1.98195, 43.74924 ], [ 1.97613, 43.75869 ], [ 1.97481, 43.76161 ], [ 1.97547, 43.76297 ], [ 1.97277, 43.76643 ], [ 1.96799, 43.7691 ] ] } },
{ "type": "Feature", "properties": { "name": "Ruisseau du Rivet", "weight_class": 2, "permanent": true, "length_km": 2.8 }, "geometry": { "type": "LineString", "coordinates": [ [ 1.94012, 43.7374 ], [ 1.94047, 43.74199 ], [ 1.93578, 43.74846 ], [ 1.93567, 43.7528 ], [ 1.93363, 43.75456 ], [ 1.93256, 43.7581 ], [ 1.93068, 43.75925 ] ] } },
{ "type": "Feature", "properties": { "name": "Ruisseau de Léou", "weight_class": 1, "permanent": true, "length_km": 10.3 }, "geometry": { "type": "LineString", "coordinates": [ [ 2.00788, 43.71356 ], [ 1.99905, 43.71177 ], [ 1.99227, 43.71359 ], [ 1.98785, 43.71322 ], [ 1.98134, 43.71117 ], [ 1.97226, 43.71086 ], [ 1.96737, 43.70944 ], [ 1.96442, 43.70953 ], [ 1.96288, 43.70726 ], [ 1.95923, 43.70601 ], [ 1.95435, 43.69982 ], [ 1.95499, 43.69802 ], [ 1.95374, 43.69689 ], [ 1.95654, 43.69481 ], [ 1.95644, 43.69303 ], [ 1.95467, 43.69192 ], [ 1.95304, 43.68561 ], [ 1.95365, 43.6829 ], [ 1.94763, 43.67114 ], [ 1.94709, 43.66859 ], [ 1.94903, 43.66731 ], [ 1.94847, 43.66516 ], [ 1.9473, 43.66324 ], [ 1.94535, 43.66246 ] ] } },
{ "type": "Feature", "properties": { "name": "Ruisseau de la Maurié", "weight_class": 1, "permanent": false, "length_km": 2.0 }, "geometry": { "type": "LineString", "coordinates": [ [ 2.02002, 43.71441 ], [ 2.02214, 43.71421 ], [ 2.02402, 43.7126 ], [ 2.02405, 43.70786 ], [ 2.02748, 43.70432 ], [ 2.02565, 43.69983 ] ] } },
{ "type": "Feature", "properties": { "name": "Ruisseau d'Assou", "weight_class": 1, "permanent": true, "length_km": 15.8 }, "geometry": { "type": "LineString", "coordinates": [ [ 2.00978, 43.71685 ], [ 2.00507, 43.71986 ], [ 2.00361, 43.72364 ], [ 1.99897, 43.72673 ], [ 1.99327, 43.72923 ], [ 1.9849, 43.73105 ], [ 1.9837, 43.7323 ], [ 1.97558, 43.73213 ], [ 1.96911, 43.7343 ], [ 1.96423, 43.73471 ], [ 1.94852, 43.73363 ], [ 1.92999, 43.72841 ], [ 1.92765, 43.72465 ], [ 1.9249, 43.72338 ], [ 1.9204, 43.71462 ], [ 1.91556, 43.71457 ], [ 1.91169, 43.71285 ], [ 1.9104, 43.71356 ], [ 1.90795, 43.71185 ], [ 1.90232, 43.71213 ], [ 1.89982, 43.71094 ], [ 1.89496, 43.71097 ], [ 1.89285, 43.7098 ], [ 1.88544, 43.71001 ], [ 1.88324, 43.70924 ], [ 1.88159, 43.70986 ], [ 1.88067, 43.70862 ], [ 1.8783, 43.7087 ], [ 1.87711, 43.70766 ], [ 1.87456, 43.70349 ], [ 1.87526, 43.70268 ], [ 1.87413, 43.70259 ], [ 1.87492, 43.70122 ], [ 1.87407, 43.69851 ], [ 1.86819, 43.69933 ], [ 1.86742, 43.69801 ] ] } },
{ "type": "Feature", "properties": { "name": "Ruisseau des Lèzert", "weight_class": 1, "permanent": true, "length_km": 9.7 }, "geometry": { "type": "LineString", "coordinates": [ [ 2.0469, 43.69465 ], [ 2.043, 43.69509 ], [ 2.03865, 43.69684 ], [ 2.03457, 43.70004 ], [ 2.03089, 43.70047 ], [ 2.02565, 43.69983 ], [ 2.02064, 43.69634 ], [ 2.01714, 43.69168 ], [ 2.0132, 43.68856 ], [ 2.01315, 43.6873 ], [ 2.0093, 43.68598 ], [ 2.00639, 43.68195 ], [ 2.00272, 43.68072 ], [ 2.00053, 43.67836 ], [ 1.9966, 43.67637 ], [ 1.99499, 43.67371 ], [ 1.99291, 43.67319 ], [ 1.99354, 43.6641 ], [ 1.99081, 43.65804 ], [ 1.98967, 43.65125 ], [ 1.98812, 43.649 ], [ 1.98599, 43.64824 ] ] } },
{ "type": "Feature", "properties": { "name": "Ruisseau des Vieilles Mortes", "weight_class": 1, "permanent": true, "length_km": 4.3 }, "geometry": { "type": "LineString", "coordinates": [ [ 2.02068, 43.68112 ], [ 2.01751, 43.6781 ], [ 2.01492, 43.67104 ], [ 2.01191, 43.66825 ], [ 2.01137, 43.66693 ], [ 2.01258, 43.66526 ], [ 2.00401, 43.65992 ], [ 1.99945, 43.65539 ], [ 2.00173, 43.65455 ], [ 2.00149, 43.65114 ] ] } },
{ "type": "Feature", "properties": { "name": "Ruisseau d'en Gary", "weight_class": 1, "permanent": true, "length_km": 3.5 }, "geometry": { "type": "LineString", "coordinates": [ [ 1.93816, 43.70801 ], [ 1.93007, 43.70867 ], [ 1.92915, 43.70747 ], [ 1.93, 43.70538 ], [ 1.92882, 43.70396 ], [ 1.92224, 43.701 ], [ 1.91587, 43.69939 ], [ 1.91313, 43.69497 ], [ 1.91514, 43.69144 ] ] } },
{ "type": "Feature", "properties": { "name": "Ruisseau de la Devèse", "weight_class": 1, "permanent": false, "length_km": 5.2 }, "geometry": { "type": "LineString", "coordinates": [ [ 2.06928, 43.66789 ], [ 2.06722, 43.66649 ], [ 2.06703, 43.66089 ], [ 2.05968, 43.65598 ], [ 2.05489, 43.65101 ], [ 2.05309, 43.64764 ], [ 2.04579, 43.64859 ], [ 2.03878, 43.65268 ], [ 2.03457, 43.65367 ], [ 2.03352, 43.65738 ], [ 2.03199, 43.65848 ] ] } },
{ "type": "Feature", "properties": { "name": "Ruisseau de Scalibert", "weight_class": 1, "permanent": true, "length_km": 4.0 }, "geometry": { "type": "LineString", "coordinates": [ [ 1.95667, 43.62421 ], [ 1.9543, 43.62934 ], [ 1.95592, 43.63289 ], [ 1.95517, 43.63473 ], [ 1.95714, 43.63553 ], [ 1.95534, 43.64277 ], [ 1.95869, 43.64495 ], [ 1.96299, 43.64483 ], [ 1.96806, 43.64795 ], [ 1.96864, 43.65066 ], [ 1.96778, 43.65167 ] ] } },
{ "type": "Feature", "properties": { "name": "Ruisseau d'en Guibaud/Ruisseau d'Ardialle", "weight_class": 1, "permanent": true, "length_km": 11.0 }, "geometry": { "type": "LineString", "coordinates": [ [ 2.04388, 43.60653 ], [ 2.04083, 43.60538 ], [ 2.03999, 43.60288 ], [ 2.04058, 43.59649 ], [ 2.03826, 43.59604 ], [ 2.03407, 43.59839 ], [ 2.02874, 43.59918 ], [ 2.02643, 43.60093 ], [ 2.01761, 43.60367 ], [ 2.01685, 43.60659 ], [ 2.00445, 43.61286 ], [ 1.99969, 43.61706 ], [ 1.99997, 43.61914 ], [ 2.00296, 43.62007 ], [ 2.00707, 43.62426 ], [ 2.00925, 43.6246 ], [ 2.01009, 43.62705 ], [ 2.01188, 43.62734 ], [ 2.01554, 43.63044 ], [ 2.01596, 43.63471 ], [ 2.02247, 43.63985 ], [ 2.02248, 43.64256 ], [ 2.0248, 43.64346 ], [ 2.026, 43.64302 ], [ 2.02534, 43.6448 ], [ 2.02731, 43.64601 ], [ 2.02796, 43.64801 ] ] } },
{ "type": "Feature", "properties": { "name": "Ruisseau de Combe Claire", "weight_class": 1, "permanent": true, "length_km": 2.9 }, "geometry": { "type": "LineString", "coordinates": [ [ 2.0504, 43.61436 ], [ 2.05072, 43.61904 ], [ 2.04657, 43.62456 ], [ 2.03504, 43.63032 ], [ 2.03164, 43.63416 ] ] } },
{ "type": "Feature", "properties": { "name": "la Garenne", "weight_class": 1, "permanent": true, "length_km": 4.6 }, "geometry": { "type": "LineString", "coordinates": [ [ 2.03696, 43.61046 ], [ 2.03293, 43.61488 ], [ 2.03044, 43.62463 ], [ 2.0273, 43.62968 ], [ 2.03168, 43.63427 ], [ 2.02934, 43.6389 ], [ 2.03074, 43.64411 ], [ 2.03023, 43.64646 ] ] } },
{ "type": "Feature", "properties": { "name": "Rec d'en Gamel", "weight_class": 1, "permanent": false, "length_km": 2.9 }, "geometry": { "type": "LineString", "coordinates": [ [ 2.03172, 43.60905 ], [ 2.02565, 43.61116 ], [ 2.02053, 43.6204 ], [ 2.01566, 43.62454 ], [ 2.01019, 43.62712 ] ] } },
{ "type": "Feature", "properties": { "name": "Ruisseau des Carmes", "weight_class": 1, "permanent": false, "length_km": 3.7 }, "geometry": { "type": "LineString", "coordinates": [ [ 1.96841, 43.62616 ], [ 1.96871, 43.62746 ], [ 1.96372, 43.63122 ], [ 1.96629, 43.63239 ], [ 1.96604, 43.6336 ], [ 1.96921, 43.63416 ], [ 1.97626, 43.63859 ], [ 1.98249, 43.64076 ], [ 1.98638, 43.64738 ] ] } },
{ "type": "Feature", "properties": { "name": "Ruisseau de Bronde", "weight_class": 1, "permanent": true, "length_km": 6.9 }, "geometry": { "type": "LineString", "coordinates": [ [ 1.94557, 43.61518 ], [ 1.93954, 43.61965 ], [ 1.93754, 43.62258 ], [ 1.93253, 43.62282 ], [ 1.92945, 43.62494 ], [ 1.92086, 43.62647 ], [ 1.91515, 43.6259 ], [ 1.91317, 43.6249 ], [ 1.9115, 43.62173 ], [ 1.90669, 43.6182 ], [ 1.9023, 43.61328 ], [ 1.9014, 43.60974 ], [ 1.89816, 43.6083 ], [ 1.89969, 43.60423 ], [ 1.89806, 43.6025 ], [ 1.89853, 43.59945 ], [ 1.89752, 43.59795 ] ] } },
{ "type": "Feature", "properties": { "name": "Ruisseau de Sainte-Catherine", "weight_class": 1, "permanent": true, "length_km": 2.4 }, "geometry": { "type": "LineString", "coordinates": [ [ 1.93243, 43.64203 ], [ 1.92948, 43.64218 ], [ 1.92538, 43.64872 ], [ 1.91421, 43.65675 ] ] } },
{ "type": "Feature", "properties": { "name": "Ruisseau de la Mouline", "weight_class": 1, "permanent": true, "length_km": 8.9 }, "geometry": { "type": "LineString", "coordinates": [ [ 1.94207, 43.62582 ], [ 1.93485, 43.63588 ], [ 1.92572, 43.6374 ], [ 1.91467, 43.64552 ], [ 1.91371, 43.64962 ], [ 1.91398, 43.65892 ], [ 1.91108, 43.66469 ], [ 1.90455, 43.67296 ], [ 1.90469, 43.67663 ], [ 1.90015, 43.68135 ], [ 1.89057, 43.68359 ], [ 1.8894, 43.68465 ] ] } },
{ "type": "Feature", "properties": { "name": "Ruisseau de Font-Célarde", "weight_class": 1, "permanent": false, "length_km": 7.9 }, "geometry": { "type": "LineString", "coordinates": [ [ 1.766, 43.66205 ], [ 1.76381, 43.66474 ], [ 1.76267, 43.66951 ], [ 1.76352, 43.67238 ], [ 1.76591, 43.67501 ], [ 1.77254, 43.67657 ], [ 1.77714, 43.68107 ], [ 1.78638, 43.68531 ], [ 1.80027, 43.68784 ], [ 1.80026, 43.68993 ], [ 1.80151, 43.69014 ], [ 1.80398, 43.69303 ], [ 1.80619, 43.69311 ], [ 1.80836, 43.69531 ], [ 1.81095, 43.69481 ], [ 1.8116, 43.69633 ], [ 1.81321, 43.69598 ], [ 1.81394, 43.69688 ], [ 1.81864, 43.69693 ], [ 1.82072, 43.69573 ], [ 1.82212, 43.69617 ] ] } },
{ "type": "Feature", "properties": { "name": null, "weight_class": 1, "permanent": true, "length_km": 3.8 }, "geometry": { "type": "LineString", "coordinates": [ [ 1.84762, 43.63889 ], [ 1.84483, 43.64082 ], [ 1.84158, 43.64825 ], [ 1.84745, 43.65408 ], [ 1.84456, 43.65921 ], [ 1.84559, 43.6658 ], [ 1.84464, 43.66875 ] ] } },
{ "type": "Feature", "properties": { "name": null, "weight_class": 1, "permanent": false, "length_km": 2.2 }, "geometry": { "type": "LineString", "coordinates": [ [ 1.89527, 43.6272 ], [ 1.89098, 43.63107 ], [ 1.88889, 43.63615 ], [ 1.89127, 43.63987 ], [ 1.89716, 43.64104 ] ] } },
{ "type": "Feature", "properties": { "name": null, "weight_class": 1, "permanent": false, "length_km": 2.0 }, "geometry": { "type": "LineString", "coordinates": [ [ 1.86596, 43.67417 ], [ 1.86436, 43.6769 ], [ 1.85646, 43.67956 ], [ 1.84934, 43.68665 ] ] } },
{ "type": "Feature", "properties": { "name": null, "weight_class": 1, "permanent": false, "length_km": 2.3 }, "geometry": { "type": "LineString", "coordinates": [ [ 1.86767, 43.7146 ], [ 1.86382, 43.7097 ], [ 1.85859, 43.70932 ], [ 1.85628, 43.70793 ], [ 1.84935, 43.70706 ], [ 1.84564, 43.70933 ] ] } },
{ "type": "Feature", "properties": { "name": null, "weight_class": 2, "permanent": false, "length_km": 2.0 }, "geometry": { "type": "LineString", "coordinates": [ [ 1.85691, 43.73453 ], [ 1.85479, 43.73795 ], [ 1.84902, 43.74273 ], [ 1.849, 43.74589 ], [ 1.8505, 43.74701 ], [ 1.84959, 43.74968 ] ] } },
{ "type": "Feature", "properties": { "name": null, "weight_class": 1, "permanent": true, "length_km": 3.5 }, "geometry": { "type": "LineString", "coordinates": [ [ 1.89349, 43.65651 ], [ 1.89273, 43.65856 ], [ 1.89392, 43.66027 ], [ 1.89279, 43.6648 ], [ 1.89415, 43.66524 ], [ 1.88948, 43.67222 ], [ 1.89001, 43.67644 ], [ 1.89486, 43.67887 ], [ 1.89493, 43.68271 ] ] } },
{ "type": "Feature", "properties": { "name": null, "weight_class": 2, "permanent": false, "length_km": 2.5 }, "geometry": { "type": "LineString", "coordinates": [ [ 1.91284, 43.67511 ], [ 1.91544, 43.67527 ], [ 1.91702, 43.67862 ], [ 1.9103, 43.6821 ], [ 1.91114, 43.68641 ], [ 1.90907, 43.68669 ], [ 1.90889, 43.69098 ] ] } },
{ "type": "Feature", "properties": { "name": null, "weight_class": 1, "permanent": false, "length_km": 2.0 }, "geometry": { "type": "LineString", "coordinates": [ [ 1.82926, 43.71912 ], [ 1.82015, 43.71778 ], [ 1.81758, 43.719 ], [ 1.81613, 43.7142 ], [ 1.81367, 43.7122 ] ] } },
{ "type": "Feature", "properties": { "name": null, "weight_class": 1, "permanent": false, "length_km": 4.5 }, "geometry": { "type": "LineString", "coordinates": [ [ 1.8249, 43.64959 ], [ 1.81459, 43.65653 ], [ 1.80986, 43.6612 ], [ 1.80958, 43.66461 ], [ 1.80758, 43.66814 ], [ 1.8108, 43.67378 ], [ 1.81373, 43.6753 ], [ 1.81813, 43.67526 ], [ 1.82101, 43.67707 ], [ 1.82349, 43.67719 ] ] } },
{ "type": "Feature", "properties": { "name": "Ravin de Nadille", "weight_class": 1, "permanent": false, "length_km": 4.2 }, "geometry": { "type": "LineString", "coordinates": [ [ 1.81519, 43.64957 ], [ 1.80883, 43.65385 ], [ 1.80665, 43.65732 ], [ 1.8033, 43.6587 ], [ 1.79915, 43.66229 ], [ 1.79428, 43.67292 ], [ 1.79616, 43.6754 ], [ 1.79556, 43.67987 ], [ 1.79676, 43.68023 ] ] } },
{ "type": "Feature", "properties": { "name": "Ruisseau de Montalivet", "weight_class": 1, "permanent": true, "length_km": 3.7 }, "geometry": { "type": "LineString", "coordinates": [ [ 1.91351, 43.72845 ], [ 1.90789, 43.73131 ], [ 1.90433, 43.73837 ], [ 1.90039, 43.7419 ], [ 1.88806, 43.74439 ], [ 1.88547, 43.74679 ], [ 1.88701, 43.74767 ], [ 1.88646, 43.74921 ] ] } },
{ "type": "Feature", "properties": { "name": "Ruisseau du Cros", "weight_class": 1, "permanent": false, "length_km": 2.3 }, "geometry": { "type": "LineString", "coordinates": [ [ 1.86985, 43.73609 ], [ 1.86376, 43.73929 ], [ 1.85986, 43.73992 ], [ 1.85574, 43.74279 ], [ 1.85226, 43.74748 ], [ 1.85329, 43.7479 ], [ 1.85296, 43.74939 ] ] } },
{ "type": "Feature", "properties": { "name": "Ruisseau de Brandes", "weight_class": 1, "permanent": true, "length_km": 4.7 }, "geometry": { "type": "LineString", "coordinates": [ [ 1.90027, 43.72886 ], [ 1.89368, 43.73167 ], [ 1.88953, 43.7321 ], [ 1.88017, 43.7311 ], [ 1.87483, 43.72908 ], [ 1.87452, 43.7177 ], [ 1.87827, 43.71159 ], [ 1.87854, 43.70874 ] ] } },
{ "type": "Feature", "properties": { "name": "Ruisseau d'en Tournié", "weight_class": 1, "permanent": false, "length_km": 5.6 }, "geometry": { "type": "LineString", "coordinates": [ [ 1.87896, 43.65463 ], [ 1.87962, 43.65728 ], [ 1.87564, 43.65962 ], [ 1.87301, 43.66411 ], [ 1.86573, 43.66636 ], [ 1.85662, 43.67133 ], [ 1.85137, 43.67195 ], [ 1.84549, 43.67491 ], [ 1.84451, 43.67947 ], [ 1.84601, 43.68162 ], [ 1.84605, 43.68488 ], [ 1.84934, 43.68665 ], [ 1.84884, 43.68874 ] ] } },
{ "type": "Feature", "properties": { "name": "Ruisseau de la Barthe", "weight_class": 1, "permanent": true, "length_km": 9.2 }, "geometry": { "type": "LineString", "coordinates": [ [ 1.88024, 43.6337 ], [ 1.87657, 43.63609 ], [ 1.87535, 43.63981 ], [ 1.86543, 43.64533 ], [ 1.86384, 43.64889 ], [ 1.84805, 43.66458 ], [ 1.84531, 43.66871 ], [ 1.83648, 43.67257 ], [ 1.83119, 43.67818 ], [ 1.82688, 43.68313 ], [ 1.82689, 43.68546 ], [ 1.8287, 43.68663 ], [ 1.82926, 43.68946 ], [ 1.82476, 43.69134 ], [ 1.82364, 43.69519 ] ] } },
{ "type": "Feature", "properties": { "name": "Ruisseau de l'Anglès", "weight_class": 1, "permanent": true, "length_km": 5.0 }, "geometry": { "type": "LineString", "coordinates": [ [ 1.83507, 43.644 ], [ 1.82917, 43.65601 ], [ 1.82945, 43.66145 ], [ 1.82837, 43.66495 ], [ 1.8246, 43.66935 ], [ 1.82321, 43.67313 ], [ 1.82463, 43.67572 ], [ 1.82349, 43.67719 ], [ 1.82683, 43.6796 ], [ 1.82507, 43.68203 ], [ 1.82687, 43.68338 ] ] } },
{ "type": "Feature", "properties": { "name": "Ruisseau de Saint-André", "weight_class": 1, "permanent": false, "length_km": 2.0 }, "geometry": { "type": "LineString", "coordinates": [ [ 1.90959, 43.62943 ], [ 1.90487, 43.63957 ], [ 1.90612, 43.6428 ], [ 1.9041, 43.64464 ], [ 1.90462, 43.64614 ] ] } },
{ "type": "Feature", "properties": { "name": "Ruisseau de Mondou", "weight_class": 1, "permanent": true, "length_km": 3.9 }, "geometry": { "type": "LineString", "coordinates": [ [ 1.90093, 43.62431 ], [ 1.89667, 43.63263 ], [ 1.89772, 43.63748 ], [ 1.89716, 43.64104 ], [ 1.89812, 43.64281 ], [ 1.90351, 43.64518 ], [ 1.906, 43.6484 ], [ 1.91371, 43.64962 ] ] } },
{ "type": "Feature", "properties": { "name": "Ruisseau de Mailhes", "weight_class": 1, "permanent": true, "length_km": 8.6 }, "geometry": { "type": "LineString", "coordinates": [ [ 1.88794, 43.62288 ], [ 1.87779, 43.62641 ], [ 1.87469, 43.62559 ], [ 1.86879, 43.62586 ], [ 1.86716, 43.62428 ], [ 1.86295, 43.62405 ], [ 1.86105, 43.62217 ], [ 1.8605, 43.61982 ], [ 1.85807, 43.61793 ], [ 1.85749, 43.60718 ], [ 1.85441, 43.60456 ], [ 1.85512, 43.60212 ], [ 1.85267, 43.59943 ], [ 1.85214, 43.59025 ], [ 1.85054, 43.58804 ], [ 1.85098, 43.58709 ], [ 1.84942, 43.58594 ], [ 1.84978, 43.58392 ], [ 1.84832, 43.58066 ], [ 1.84985, 43.57493 ] ] } },
{ "type": "Feature", "properties": { "name": "le Messal", "weight_class": 1, "permanent": true, "length_km": 9.7 }, "geometry": { "type": "LineString", "coordinates": [ [ 1.84353, 43.63244 ], [ 1.84079, 43.63364 ], [ 1.83675, 43.6378 ], [ 1.83098, 43.63763 ], [ 1.82874, 43.63568 ], [ 1.82859, 43.63137 ], [ 1.81962, 43.63076 ], [ 1.8184, 43.62874 ], [ 1.80481, 43.62559 ], [ 1.8015, 43.62292 ], [ 1.80103, 43.62039 ], [ 1.79518, 43.61929 ], [ 1.79523, 43.61426 ], [ 1.79272, 43.61218 ], [ 1.7926, 43.60957 ], [ 1.79026, 43.60688 ], [ 1.79303, 43.5985 ], [ 1.79276, 43.59443 ], [ 1.78616, 43.58989 ], [ 1.7841, 43.58718 ] ] } },
{ "type": "Feature", "properties": { "name": "Ruisseau de Geignes", "weight_class": 1, "permanent": false, "length_km": 5.3 }, "geometry": { "type": "LineString", "coordinates": [ [ 1.8388, 43.62254 ], [ 1.83559, 43.61915 ], [ 1.83664, 43.61533 ], [ 1.83406, 43.60168 ], [ 1.832, 43.59747 ], [ 1.82815, 43.59378 ], [ 1.82863, 43.58855 ], [ 1.83119, 43.58322 ], [ 1.83039, 43.57827 ] ] } },
{ "type": "Feature", "properties": { "name": "Ruisseau de la Planquelle", "weight_class": 1, "permanent": true, "length_km": 3.7 }, "geometry": { "type": "LineString", "coordinates": [ [ 1.95551, 43.6159 ], [ 1.96047, 43.6159 ], [ 1.972, 43.62001 ], [ 1.98069, 43.61657 ], [ 1.98731, 43.61595 ], [ 1.99639, 43.61354 ] ] } },
{ "type": "Feature", "properties": { "name": null, "weight_class": 1, "permanent": true, "length_km": 2.4 }, "geometry": { "type": "LineString", "coordinates": [ [ 2.0408, 43.57617 ], [ 2.04056, 43.57967 ], [ 2.03561, 43.58577 ], [ 2.0352, 43.58761 ], [ 2.03566, 43.58977 ], [ 2.04037, 43.59455 ] ] } },
{ "type": "Feature", "properties": { "name": "Ruisseau de Bonafous et de Prat Bouyer", "weight_class": 1, "permanent": false, "length_km": 2.6 }, "geometry": { "type": "LineString", "coordinates": [ [ 1.93235, 43.56664 ], [ 1.93251, 43.56389 ], [ 1.92823, 43.56417 ], [ 1.92549, 43.5625 ], [ 1.92682, 43.56022 ], [ 1.9245, 43.55862 ], [ 1.92105, 43.55838 ], [ 1.91697, 43.55639 ], [ 1.91259, 43.55653 ] ] } },
{ "type": "Feature", "properties": { "name": "Ruisseau de Labourlou", "weight_class": 1, "permanent": false, "length_km": 5.7 }, "geometry": { "type": "LineString", "coordinates": [ [ 1.98976, 43.55753 ], [ 1.9936, 43.55165 ], [ 1.99268, 43.54991 ], [ 1.99408, 43.54961 ], [ 1.99421, 43.54837 ], [ 1.99191, 43.5453 ], [ 1.99437, 43.54315 ], [ 1.99156, 43.53776 ], [ 1.98848, 43.53467 ], [ 1.98445, 43.53332 ], [ 1.98025, 43.5332 ], [ 1.97679, 43.5286 ], [ 1.96988, 43.52328 ], [ 1.97186, 43.5198 ], [ 1.97121, 43.51882 ] ] } },
{ "type": "Feature", "properties": { "name": "Ruisseau de la Barthe", "weight_class": 1, "permanent": false, "length_km": 3.2 }, "geometry": { "type": "LineString", "coordinates": [ [ 2.03561, 43.56453 ], [ 2.04221, 43.55753 ], [ 2.04113, 43.55455 ], [ 2.04284, 43.55039 ], [ 2.04251, 43.54599 ], [ 2.03887, 43.53988 ] ] } },
{ "type": "Feature", "properties": { "name": "Ruisseau de Port-Long/Ruisseau de Portauque", "weight_class": 1, "permanent": false, "length_km": 7.1 }, "geometry": { "type": "LineString", "coordinates": [ [ 1.96545, 43.57499 ], [ 1.96214, 43.57691 ], [ 1.96224, 43.57908 ], [ 1.95888, 43.58151 ], [ 1.95539, 43.58164 ], [ 1.95425, 43.58082 ], [ 1.95085, 43.58086 ], [ 1.94251, 43.57535 ], [ 1.93801, 43.57409 ], [ 1.9158, 43.57244 ], [ 1.91416, 43.56766 ], [ 1.90974, 43.56694 ], [ 1.90697, 43.55926 ], [ 1.90514, 43.55859 ] ] } },
{ "type": "Feature", "properties": { "name": null, "weight_class": 1, "permanent": true, "length_km": 2.1 }, "geometry": { "type": "LineString", "coordinates": [ [ 1.95024, 43.60991 ], [ 1.94445, 43.61161 ], [ 1.94383, 43.6104 ], [ 1.93976, 43.60851 ], [ 1.94049, 43.60365 ], [ 1.93928, 43.59926 ] ] } },
{ "type": "Feature", "properties": { "name": null, "weight_class": 1, "permanent": true, "length_km": 2.6 }, "geometry": { "type": "LineString", "coordinates": [ [ 2.01059, 43.57574 ], [ 2.00691, 43.58204 ], [ 2.00396, 43.5845 ], [ 2.00509, 43.59339 ], [ 2.00809, 43.59545 ] ] } },
{ "type": "Feature", "properties": { "name": null, "weight_class": 1, "permanent": true, "length_km": 2.6 }, "geometry": { "type": "LineString", "coordinates": [ [ 2.02194, 43.56401 ], [ 2.02168, 43.56162 ], [ 2.02517, 43.5602 ], [ 2.02952, 43.55452 ], [ 2.0344, 43.55108 ], [ 2.03506, 43.54988 ], [ 2.0341, 43.54921 ], [ 2.03625, 43.54587 ] ] } },
{ "type": "Feature", "properties": { "name": null, "weight_class": 1, "permanent": true, "length_km": 7.5 }, "geometry": { "type": "LineString", "coordinates": [ [ 2.00998, 43.56742 ], [ 2.00933, 43.5662 ], [ 2.01105, 43.56359 ], [ 2.01887, 43.55577 ], [ 2.02335, 43.55285 ], [ 2.0276, 43.55214 ], [ 2.03327, 43.54698 ], [ 2.03625, 43.54587 ], [ 2.03946, 43.5387 ], [ 2.03869, 43.53419 ], [ 2.04268, 43.53138 ], [ 2.04733, 43.52567 ], [ 2.0503, 43.51762 ], [ 2.05415, 43.51483 ] ] } },
{ "type": "Feature", "properties": { "name": null, "weight_class": 1, "permanent": false, "length_km": 3.0 }, "geometry": { "type": "LineString", "coordinates": [ [ 1.98264, 43.53793 ], [ 1.97631, 43.5385 ], [ 1.9733, 43.53964 ], [ 1.9661, 43.53549 ], [ 1.96744, 43.52601 ], [ 1.96988, 43.52328 ] ] } },
{ "type": "Feature", "properties": { "name": null, "weight_class": 1, "permanent": false, "length_km": 2.9 }, "geometry": { "type": "LineString", "coordinates": [ [ 2.0131, 43.53878 ], [ 2.02467, 43.53096 ], [ 2.02897, 43.5264 ], [ 2.02917, 43.51785 ] ] } },
{ "type": "Feature", "properties": { "name": null, "weight_class": 2, "permanent": false, "length_km": 2.8 }, "geometry": { "type": "LineString", "coordinates": [ [ 2.00122, 43.54282 ], [ 1.99815, 43.543 ], [ 1.99672, 43.542 ], [ 1.99498, 43.53493 ], [ 1.9978, 43.52917 ], [ 2.00309, 43.52491 ], [ 2.00269, 43.52336 ] ] } },
{ "type": "Feature", "properties": { "name": null, "weight_class": 1, "permanent": false, "length_km": 2.8 }, "geometry": { "type": "LineString", "coordinates": [ [ 1.93811, 43.51805 ], [ 1.93523, 43.52768 ], [ 1.94365, 43.52657 ], [ 1.94837, 43.52274 ], [ 1.95178, 43.52125 ] ] } },
{ "type": "Feature", "properties": { "name": null, "weight_class": 1, "permanent": false, "length_km": 2.1 }, "geometry": { "type": "LineString", "coordinates": [ [ 1.96397, 43.50081 ], [ 1.96704, 43.50007 ], [ 1.9692, 43.50544 ], [ 1.96761, 43.5109 ], [ 1.97047, 43.51332 ], [ 1.96794, 43.51399 ] ] } },
{ "type": "Feature", "properties": { "name": null, "weight_class": 1, "permanent": false, "length_km": 4.1 }, "geometry": { "type": "LineString", "coordinates": [ [ 1.93611, 43.50752 ], [ 1.93717, 43.50868 ], [ 1.94498, 43.50711 ], [ 1.94621, 43.50848 ], [ 1.9483, 43.50737 ], [ 1.94904, 43.50804 ], [ 1.95077, 43.50725 ], [ 1.95129, 43.50787 ], [ 1.95573, 43.50738 ], [ 1.9568, 43.50577 ], [ 1.96107, 43.50627 ], [ 1.96237, 43.51219 ], [ 1.96813, 43.5198 ] ] } },
{ "type": "Feature", "properties": { "name": "Béal d'en Alric", "weight_class": 1, "permanent": true, "length_km": 7.2 }, "geometry": { "type": "LineString", "coordinates": [ [ 2.02662, 43.56807 ], [ 2.02534, 43.57199 ], [ 2.0289, 43.57399 ], [ 2.02751, 43.57546 ], [ 2.02766, 43.57693 ], [ 2.02526, 43.57873 ], [ 2.02699, 43.582 ], [ 2.02693, 43.58494 ], [ 2.02199, 43.58723 ], [ 2.01583, 43.59181 ], [ 2.00902, 43.59419 ], [ 2.00744, 43.59742 ], [ 2.00012, 43.60232 ], [ 2.0004, 43.60391 ], [ 1.99605, 43.6123 ], [ 1.99961, 43.61762 ] ] } },
{ "type": "Feature", "properties": { "name": "Ruisseau de Mirabel", "weight_class": 1, "permanent": true, "length_km": 3.9 }, "geometry": { "type": "LineString", "coordinates": [ [ 1.9906, 43.57509 ], [ 1.98938, 43.57696 ], [ 1.98922, 43.58192 ], [ 1.98544, 43.58552 ], [ 1.98636, 43.58807 ], [ 1.98565, 43.59111 ], [ 1.98774, 43.59466 ], [ 1.99218, 43.59653 ], [ 1.99498, 43.59977 ], [ 2.00064, 43.60217 ] ] } },
{ "type": "Feature", "properties": { "name": "le Riafs", "weight_class": 1, "permanent": true, "length_km": 3.6 }, "geometry": { "type": "LineString", "coordinates": [ [ 1.97333, 43.59271 ], [ 1.9758, 43.59702 ], [ 1.97545, 43.59917 ], [ 1.9783, 43.60069 ], [ 1.97752, 43.60185 ], [ 1.98037, 43.60974 ], [ 1.98492, 43.61221 ], [ 1.99524, 43.61247 ], [ 1.99622, 43.61318 ] ] } },
{ "type": "Feature", "properties": { "name": "Ruisseau de Caudiès", "weight_class": 1, "permanent": false, "length_km": 6.2 }, "geometry": { "type": "LineString", "coordinates": [ [ 2.00131, 43.56392 ], [ 2.00031, 43.56134 ], [ 2.00603, 43.55283 ], [ 2.00917, 43.55017 ], [ 2.01685, 43.5472 ], [ 2.01807, 43.54569 ], [ 2.01922, 43.54598 ], [ 2.02394, 43.54248 ], [ 2.0268, 43.53866 ], [ 2.02648, 43.53695 ], [ 2.03548, 43.52896 ], [ 2.03653, 43.52045 ] ] } },
{ "type": "Feature", "properties": { "name": "Ruisseau du Dourdou", "weight_class": 1, "permanent": true, "length_km": 8.3 }, "geometry": { "type": "MultiLineString", "coordinates": [ [ [ 2.0402, 43.50265 ], [ 2.03756, 43.50724 ], [ 2.03991, 43.50898 ], [ 2.04051, 43.51319 ], [ 2.04372, 43.51742 ] ], [ [ 2.09078, 43.45795 ], [ 2.07572, 43.47118 ], [ 2.07305, 43.4714 ], [ 2.06955, 43.47555 ], [ 2.06496, 43.47767 ], [ 2.05299, 43.4794 ], [ 2.05209, 43.48172 ], [ 2.04487, 43.4881 ], [ 2.0436, 43.49087 ], [ 2.04244, 43.49094 ], [ 2.04049, 43.49513 ] ] ] } },
{ "type": "Feature", "properties": { "name": "Ruisseau d'Aygo Pesado", "weight_class": 1, "permanent": true, "length_km": 5.2 }, "geometry": { "type": "MultiLineString", "coordinates": [ [ [ 2.01996, 43.50152 ], [ 2.02282, 43.50444 ], [ 2.02293, 43.50769 ], [ 2.02445, 43.5093 ], [ 2.02382, 43.51119 ], [ 2.0309, 43.51716 ], [ 2.03039, 43.51836 ] ], [ [ 2.06614, 43.4647 ], [ 2.05761, 43.46898 ], [ 2.04705, 43.47229 ], [ 2.04558, 43.47204 ], [ 2.03981, 43.47892 ] ] ] } },
{ "type": "Feature", "properties": { "name": "le Laudot", "weight_class": 1, "permanent": true, "length_km": 6.7 }, "geometry": { "type": "MultiLineString", "coordinates": [ [ [ 1.95844, 43.4932 ], [ 1.96295, 43.49501 ], [ 1.96351, 43.49708 ] ], [ [ 2.07697, 43.40952 ], [ 2.06747, 43.41074 ], [ 2.06432, 43.41217 ], [ 2.06117, 43.41521 ], [ 2.06123, 43.41889 ], [ 2.05612, 43.42382 ], [ 2.05436, 43.42676 ], [ 2.0551, 43.42825 ], [ 2.05284, 43.43051 ], [ 2.04529, 43.43413 ], [ 2.04168, 43.43398 ], [ 2.03826, 43.43559 ], [ 2.0291, 43.43674 ] ] ] } },
{ "type": "Feature", "properties": { "name": "Ruisseau de Pudre", "weight_class": 1, "permanent": false, "length_km": 5.4 }, "geometry": { "type": "LineString", "coordinates": [ [ 1.9233, 43.53283 ], [ 1.93218, 43.53217 ], [ 1.933, 43.53475 ], [ 1.93798, 43.53781 ], [ 1.94354, 43.53578 ], [ 1.95039, 43.53118 ], [ 1.96045, 43.52631 ], [ 1.96403, 43.52227 ], [ 1.96431, 43.5196 ], [ 1.97033, 43.51965 ], [ 1.97129, 43.51808 ] ] } },
{ "type": "Feature", "properties": { "name": "Ruisseau de Fontestiés", "weight_class": 1, "permanent": false, "length_km": 2.3 }, "geometry": { "type": "LineString", "coordinates": [ [ 1.86884, 43.55185 ], [ 1.86662, 43.55851 ], [ 1.87069, 43.56007 ], [ 1.87222, 43.56381 ], [ 1.87772, 43.56611 ], [ 1.87819, 43.5671 ] ] } },
{ "type": "Feature", "properties": { "name": "Rivière de Nègo Poul", "weight_class": 1, "permanent": false, "length_km": 3.0 }, "geometry": { "type": "LineString", "coordinates": [ [ 1.90317, 43.52482 ], [ 1.89039, 43.52848 ], [ 1.88683, 43.52687 ], [ 1.88549, 43.52499 ], [ 1.88553, 43.52044 ], [ 1.87954, 43.51942 ], [ 1.87796, 43.51776 ] ] } },
{ "type": "Feature", "properties": { "name": "Ruisseau de Pérédon et d'en Sietges", "weight_class": 1, "permanent": false, "length_km": 2.9 }, "geometry": { "type": "LineString", "coordinates": [ [ 1.91458, 43.52487 ], [ 1.9092, 43.52665 ], [ 1.90112, 43.53307 ], [ 1.89692, 43.53862 ], [ 1.895, 43.54383 ], [ 1.89556, 43.54487 ] ] } },
{ "type": "Feature", "properties": { "name": "Ruisseau d'Oulmine", "weight_class": 1, "permanent": true, "length_km": 6.1 }, "geometry": { "type": "LineString", "coordinates": [ [ 1.96339, 43.58905 ], [ 1.95927, 43.5924 ], [ 1.95786, 43.59574 ], [ 1.94965, 43.59879 ], [ 1.94278, 43.59938 ], [ 1.93174, 43.5986 ], [ 1.92228, 43.59984 ], [ 1.91585, 43.59939 ], [ 1.90587, 43.60039 ], [ 1.89752, 43.59795 ] ] } },
{ "type": "Feature", "properties": { "name": "Ruisseau de Roussolle", "weight_class": 1, "permanent": true, "length_km": 2.2 }, "geometry": { "type": "LineString", "coordinates": [ [ 1.8812, 43.61305 ], [ 1.87705, 43.61449 ], [ 1.87296, 43.61337 ], [ 1.8679, 43.61436 ], [ 1.86596, 43.61269 ], [ 1.85763, 43.60973 ] ] } },
{ "type": "Feature", "properties": { "name": "Ruisseau du Buguet", "weight_class": 1, "permanent": true, "length_km": 2.1 }, "geometry": { "type": "LineString", "coordinates": [ [ 1.88338, 43.6119 ], [ 1.88222, 43.60561 ], [ 1.88397, 43.59939 ], [ 1.88721, 43.59713 ], [ 1.88775, 43.59471 ] ] } },
{ "type": "Feature", "properties": { "name": "Ruisseau d'Algans", "weight_class": 1, "permanent": true, "length_km": 7.5 }, "geometry": { "type": "LineString", "coordinates": [ [ 1.92362, 43.58734 ], [ 1.91827, 43.58869 ], [ 1.90712, 43.5938 ], [ 1.90105, 43.59431 ], [ 1.89752, 43.59795 ], [ 1.8948, 43.59593 ], [ 1.88015, 43.59314 ], [ 1.87403, 43.59065 ], [ 1.86516, 43.58265 ], [ 1.86477, 43.57968 ], [ 1.86565, 43.57902 ], [ 1.86461, 43.5768 ], [ 1.85988, 43.57305 ], [ 1.85697, 43.57449 ] ] } },
{ "type": "Feature", "properties": { "name": "Ruisseau d'en Bouet", "weight_class": 1, "permanent": true, "length_km": 3.8 }, "geometry": { "type": "LineString", "coordinates": [ [ 1.81615, 43.61195 ], [ 1.81284, 43.61275 ], [ 1.80932, 43.61096 ], [ 1.80794, 43.60548 ], [ 1.80511, 43.60424 ], [ 1.80432, 43.6025 ], [ 1.80335, 43.59305 ], [ 1.79786, 43.59295 ], [ 1.79264, 43.59427 ] ] } },
{ "type": "Feature", "properties": { "name": "le Razillou/Ruisseau de Thiers", "weight_class": 1, "permanent": true, "length_km": 7.0 }, "geometry": { "type": "LineString", "coordinates": [ [ 1.92533, 43.51796 ], [ 1.92179, 43.52528 ], [ 1.91362, 43.53183 ], [ 1.9089, 43.53739 ], [ 1.90734, 43.54216 ], [ 1.90242, 43.54462 ], [ 1.898, 43.54391 ], [ 1.89515, 43.54486 ], [ 1.89108, 43.54842 ], [ 1.89014, 43.55194 ], [ 1.88415, 43.55848 ], [ 1.88338, 43.56128 ], [ 1.8844, 43.56551 ] ] } },
{ "type": "Feature", "properties": { "name": "Ruisseau du Cap Blanc", "weight_class": 1, "permanent": false, "length_km": 2.3 }, "geometry": { "type": "LineString", "coordinates": [ [ 1.91061, 43.58152 ], [ 1.89652, 43.58954 ], [ 1.89117, 43.59521 ] ] } },
{ "type": "Feature", "properties": { "name": "la Ribenque", "weight_class": 1, "permanent": true, "length_km": 3.1 }, "geometry": { "type": "LineString", "coordinates": [ [ 1.88638, 43.58643 ], [ 1.88149, 43.58786 ], [ 1.87914, 43.58765 ], [ 1.86964, 43.58218 ], [ 1.86875, 43.57851 ], [ 1.87105, 43.57215 ], [ 1.86901, 43.57068 ] ] } },
{ "type": "Feature", "properties": { "name": "le Rigoulet", "weight_class": 1, "permanent": false, "length_km": 2.3 }, "geometry": { "type": "LineString", "coordinates": [ [ 1.89422, 43.58105 ], [ 1.89005, 43.57977 ], [ 1.88654, 43.57459 ], [ 1.88559, 43.57098 ], [ 1.88815, 43.56578 ], [ 1.88677, 43.56452 ] ] } },
{ "type": "Feature", "properties": { "name": "Ruisseau de Péri", "weight_class": 1, "permanent": false, "length_km": 3.9 }, "geometry": { "type": "LineString", "coordinates": [ [ 1.88433, 43.53995 ], [ 1.87691, 43.54371 ], [ 1.86084, 43.5489 ], [ 1.85494, 43.55244 ], [ 1.8531, 43.5546 ], [ 1.84356, 43.55651 ] ] } },
{ "type": "Feature", "properties": { "name": "Ruisseau de l'Endaydé", "weight_class": 1, "permanent": false, "length_km": 2.1 }, "geometry": { "type": "LineString", "coordinates": [ [ 1.86016, 43.55867 ], [ 1.85214, 43.56625 ], [ 1.85288, 43.57048 ], [ 1.85488, 43.57227 ], [ 1.85532, 43.57482 ] ] } },
{ "type": "Feature", "properties": { "name": null, "weight_class": 1, "permanent": true, "length_km": 2.0 }, "geometry": { "type": "LineString", "coordinates": [ [ 1.78344, 44.08103 ], [ 1.77985, 44.0801 ], [ 1.77492, 44.08369 ], [ 1.77331, 44.08692 ], [ 1.77171, 44.08636 ], [ 1.77033, 44.08913 ], [ 1.76767, 44.08973 ] ] } },
{ "type": "Feature", "properties": { "name": "le Bombic", "weight_class": 1, "permanent": true, "length_km": 6.2 }, "geometry": { "type": "LineString", "coordinates": [ [ 1.79478, 44.09316 ], [ 1.79241, 44.0983 ], [ 1.78865, 44.09778 ], [ 1.78423, 44.0989 ], [ 1.77298, 44.09442 ], [ 1.7617, 44.08518 ], [ 1.75661, 44.08468 ], [ 1.74574, 44.08663 ], [ 1.74289, 44.08572 ], [ 1.74158, 44.08322 ], [ 1.73692, 44.08278 ] ] } },
{ "type": "Feature", "properties": { "name": "Ruisseau de l'Alvaraise", "weight_class": 1, "permanent": true, "length_km": 2.8 }, "geometry": { "type": "LineString", "coordinates": [ [ 1.76138, 44.0606 ], [ 1.75986, 44.06247 ], [ 1.7606, 44.06545 ], [ 1.75896, 44.06703 ], [ 1.75716, 44.07269 ], [ 1.75457, 44.07407 ], [ 1.74796, 44.07378 ], [ 1.74215, 44.07539 ] ] } },
{ "type": "Feature", "properties": { "name": "Ruisseau de Font Bonne", "weight_class": 1, "permanent": true, "length_km": 3.9 }, "geometry": { "type": "LineString", "coordinates": [ [ 1.75365, 44.05402 ], [ 1.74575, 44.05654 ], [ 1.74181, 44.07175 ], [ 1.74215, 44.07539 ], [ 1.73861, 44.08272 ] ] } },
{ "type": "Feature", "properties": { "name": "Ruisseau de Fonrude", "weight_class": 1, "permanent": true, "length_km": 3.2 }, "geometry": { "type": "LineString", "coordinates": [ [ 1.78602, 44.06776 ], [ 1.77885, 44.07047 ], [ 1.77635, 44.07423 ], [ 1.77292, 44.07411 ], [ 1.77034, 44.07502 ], [ 1.76626, 44.08215 ], [ 1.7617, 44.08518 ] ] } },
{ "type": "Feature", "properties": { "name": "Ruisseau de Layrous", "weight_class": 2, "permanent": true, "length_km": 2.6 }, "geometry": { "type": "LineString", "coordinates": [ [ 1.72637, 44.06075 ], [ 1.72056, 44.05978 ], [ 1.7155, 44.06239 ], [ 1.70875, 44.06221 ], [ 1.70572, 44.06453 ], [ 1.70292, 44.06436 ], [ 1.69829, 44.06641 ] ] } },
{ "type": "Feature", "properties": { "name": "Ruisseau de Cap de Biou", "weight_class": 1, "permanent": true, "length_km": 3.3 }, "geometry": { "type": "LineString", "coordinates": [ [ 1.73861, 44.05659 ], [ 1.73209, 44.0631 ], [ 1.73061, 44.06825 ], [ 1.73141, 44.07502 ], [ 1.72491, 44.07834 ], [ 1.72358, 44.08088 ] ] } },
{ "type": "Feature", "properties": { "name": "Ruisseau de Cabéou", "weight_class": 1, "permanent": true, "length_km": 2.7 }, "geometry": { "type": "LineString", "coordinates": [ [ 1.66959, 44.08953 ], [ 1.66954, 44.08204 ], [ 1.66536, 44.07854 ], [ 1.6665, 44.07666 ], [ 1.66577, 44.07559 ], [ 1.6632, 44.0743 ], [ 1.66235, 44.072 ], [ 1.65994, 44.07032 ] ] } },
{ "type": "Feature", "properties": { "name": "Ruisseau du Rô Oriental", "weight_class": 1, "permanent": true, "length_km": 11.1 }, "geometry": { "type": "LineString", "coordinates": [ [ 1.78347, 44.04816 ], [ 1.77516, 44.04912 ], [ 1.77064, 44.04705 ], [ 1.76917, 44.04231 ], [ 1.77112, 44.03576 ], [ 1.77812, 44.0305 ], [ 1.7796, 44.02341 ], [ 1.77817, 44.01949 ], [ 1.77855, 44.01631 ], [ 1.78345, 44.01074 ], [ 1.7831, 44.00921 ], [ 1.78554, 44.00595 ], [ 1.78396, 44.00153 ], [ 1.79949, 43.99017 ], [ 1.7995, 43.98897 ], [ 1.80153, 43.98783 ], [ 1.80437, 43.98735 ], [ 1.8067, 43.9881 ], [ 1.80794, 43.98729 ], [ 1.81329, 43.9807 ], [ 1.81249, 43.97793 ] ] } },
{ "type": "Feature", "properties": { "name": "Ruisseau de las Costes/Ruisseau d'Alaus", "weight_class": 1, "permanent": false, "length_km": 6.9 }, "geometry": { "type": "LineString", "coordinates": [ [ 1.78548, 44.04791 ], [ 1.78958, 44.04903 ], [ 1.79522, 44.04786 ], [ 1.79646, 44.04873 ], [ 1.8048, 44.048 ], [ 1.80698, 44.04599 ], [ 1.81196, 44.04442 ], [ 1.81633, 44.04448 ], [ 1.81974, 44.0435 ], [ 1.83335, 44.03047 ], [ 1.83989, 44.02616 ], [ 1.84775, 44.02247 ], [ 1.84965, 44.02099 ], [ 1.85004, 44.01917 ] ] } },
{ "type": "Feature", "properties": { "name": "Ruisseau de Rô", "weight_class": 1, "permanent": true, "length_km": 11.9 }, "geometry": { "type": "LineString", "coordinates": [ [ 1.7431, 44.05403 ], [ 1.74213, 44.04802 ], [ 1.74011, 44.04475 ], [ 1.74332, 44.03894 ], [ 1.74215, 44.0356 ], [ 1.74338, 44.03137 ], [ 1.74141, 44.02799 ], [ 1.74484, 44.02646 ], [ 1.74747, 44.02345 ], [ 1.74642, 44.02245 ], [ 1.74603, 44.01826 ], [ 1.7421, 44.01586 ], [ 1.74076, 44.01268 ], [ 1.74218, 44.00995 ], [ 1.74599, 44.00752 ], [ 1.74382, 44.00456 ], [ 1.74468, 44.00372 ], [ 1.74238, 43.99962 ], [ 1.74216, 43.99302 ], [ 1.73693, 43.98459 ], [ 1.7376, 43.98059 ], [ 1.73565, 43.97835 ], [ 1.73574, 43.96702 ], [ 1.73433, 43.96548 ], [ 1.72947, 43.96613 ] ] } },
{ "type": "Feature", "properties": { "name": "l'Infernou", "weight_class": 1, "permanent": true, "length_km": 5.0 }, "geometry": { "type": "LineString", "coordinates": [ [ 1.75979, 44.05232 ], [ 1.762, 44.04998 ], [ 1.76413, 44.04491 ], [ 1.76326, 44.04249 ], [ 1.76148, 44.04194 ], [ 1.76178, 44.03427 ], [ 1.76779, 44.02967 ], [ 1.76731, 44.02683 ], [ 1.76965, 44.02365 ], [ 1.77855, 44.01631 ] ] } },
{ "type": "Feature", "properties": { "name": "Ruisseau de Merdarié", "weight_class": 1, "permanent": true, "length_km": 2.2 }, "geometry": { "type": "LineString", "coordinates": [ [ 1.72191, 44.04898 ], [ 1.7164, 44.0497 ], [ 1.71139, 44.04904 ], [ 1.70846, 44.05071 ], [ 1.70738, 44.0527 ], [ 1.70386, 44.05214 ], [ 1.70004, 44.05336 ], [ 1.69855, 44.0529 ] ] } },
{ "type": "Feature", "properties": { "name": "la Vère", "weight_class": 1, "permanent": true, "length_km": 48.0 }, "geometry": { "type": "LineString", "coordinates": [ [ 2.13447, 44.00557 ], [ 2.12905, 44.00544 ], [ 2.11832, 44.00717 ], [ 2.11299, 44.00688 ], [ 2.10419, 44.00349 ], [ 2.09879, 43.99918 ], [ 2.07714, 43.99512 ], [ 2.07392, 43.99587 ], [ 2.06572, 43.99562 ], [ 2.06074, 43.99867 ], [ 2.05659, 43.99892 ], [ 2.05354, 44.00064 ], [ 2.04986, 44.00083 ], [ 2.03785, 44.00591 ], [ 2.03578, 44.00514 ], [ 2.031, 44.00685 ], [ 2.01743, 44.00682 ], [ 2.01256, 44.00953 ], [ 2.00768, 44.00797 ], [ 2.00229, 44.00949 ], [ 1.99573, 44.00888 ], [ 1.99178, 44.00978 ], [ 1.98697, 44.00878 ], [ 1.98104, 44.00257 ], [ 1.97545, 44.00012 ], [ 1.9752, 43.99495 ], [ 1.96973, 43.99484 ], [ 1.96891, 43.99266 ], [ 1.97018, 43.98937 ], [ 1.96886, 43.98832 ], [ 1.96125, 43.99105 ], [ 1.94455, 43.98703 ], [ 1.93869, 43.98711 ], [ 1.92936, 43.98459 ], [ 1.92586, 43.97962 ], [ 1.92009, 43.98187 ], [ 1.91374, 43.98244 ], [ 1.91097, 43.98551 ], [ 1.90515, 43.98427 ], [ 1.90103, 43.98485 ], [ 1.89541, 43.98705 ], [ 1.88691, 43.98821 ], [ 1.88341, 43.98927 ], [ 1.88149, 43.99089 ], [ 1.87776, 43.99164 ], [ 1.85974, 43.98886 ], [ 1.84638, 43.98312 ], [ 1.83763, 43.98314 ], [ 1.82841, 43.98483 ], [ 1.82398, 43.98319 ], [ 1.82099, 43.98343 ], [ 1.81545, 43.97882 ], [ 1.81134, 43.97706 ], [ 1.79715, 43.97576 ], [ 1.79238, 43.97397 ], [ 1.78563, 43.96943 ], [ 1.77753, 43.96655 ], [ 1.7752, 43.96646 ], [ 1.77279, 43.96771 ], [ 1.76598, 43.96767 ], [ 1.75939, 43.96655 ], [ 1.75072, 43.96878 ], [ 1.73427, 43.9638 ], [ 1.72967, 43.96556 ], [ 1.72714, 43.97348 ], [ 1.72433, 43.97625 ], [ 1.72185, 43.97786 ], [ 1.71599, 43.97906 ], [ 1.70517, 43.98926 ], [ 1.7012, 43.99056 ], [ 1.69488, 43.99742 ], [ 1.69211, 44.00231 ], [ 1.68944, 44.00258 ], [ 1.68764, 44.00133 ], [ 1.68385, 44.00059 ], [ 1.68073, 44.00165 ], [ 1.67742, 44.01199 ], [ 1.67777, 44.01374 ], [ 1.67205, 44.01457 ], [ 1.66838, 44.01666 ], [ 1.66989, 44.01796 ], [ 1.67173, 44.01634 ], [ 1.6751, 44.0161 ], [ 1.67605, 44.0177 ], [ 1.67456, 44.01901 ] ] } },
{ "type": "Feature", "properties": { "name": "Ruisseau des Dourdoul", "weight_class": 1, "permanent": false, "length_km": 2.4 }, "geometry": { "type": "LineString", "coordinates": [ [ 1.70416, 43.89642 ], [ 1.69693, 43.90134 ], [ 1.6999, 43.90719 ], [ 1.70343, 43.91064 ], [ 1.70339, 43.91435 ] ] } },
{ "type": "Feature", "properties": { "name": "Ruisseau de la Bayssière", "weight_class": 1, "permanent": true, "length_km": 4.7 }, "geometry": { "type": "LineString", "coordinates": [ [ 1.72072, 43.94124 ], [ 1.72405, 43.94123 ], [ 1.72909, 43.93964 ], [ 1.73004, 43.93509 ], [ 1.74043, 43.92509 ], [ 1.74314, 43.92374 ], [ 1.74773, 43.91757 ], [ 1.74978, 43.91643 ], [ 1.75118, 43.91296 ], [ 1.75016, 43.9102 ] ] } },
{ "type": "Feature", "properties": { "name": "Ruisseau de Gandailhobe", "weight_class": 1, "permanent": true, "length_km": 4.9 }, "geometry": { "type": "LineString", "coordinates": [ [ 1.76961, 44.00728 ], [ 1.7705, 44.00278 ], [ 1.76951, 44.00083 ], [ 1.76981, 43.99645 ], [ 1.76737, 43.99171 ], [ 1.76863, 43.98541 ], [ 1.77633, 43.97657 ], [ 1.78331, 43.97117 ], [ 1.78271, 43.96852 ] ] } },
{ "type": "Feature", "properties": { "name": null, "weight_class": 1, "permanent": true, "length_km": 2.6 }, "geometry": { "type": "LineString", "coordinates": [ [ 1.76417, 43.93382 ], [ 1.75956, 43.93578 ], [ 1.75365, 43.93432 ], [ 1.7502, 43.93188 ], [ 1.7481, 43.92649 ], [ 1.74433, 43.92446 ], [ 1.74375, 43.92273 ] ] } },
{ "type": "Feature", "properties": { "name": null, "weight_class": 1, "permanent": false, "length_km": 6.6 }, "geometry": { "type": "LineString", "coordinates": [ [ 1.79932, 43.90419 ], [ 1.79724, 43.90159 ], [ 1.79556, 43.8954 ], [ 1.79846, 43.88877 ], [ 1.80122, 43.88687 ], [ 1.80051, 43.88457 ], [ 1.80284, 43.8807 ], [ 1.80152, 43.87978 ], [ 1.80319, 43.8735 ], [ 1.80715, 43.8689 ], [ 1.80571, 43.86809 ], [ 1.81132, 43.86349 ], [ 1.80864, 43.85938 ], [ 1.81049, 43.85581 ], [ 1.80828, 43.85339 ] ] } },
{ "type": "Feature", "properties": { "name": "le Merdaoussou", "weight_class": 1, "permanent": true, "length_km": 4.2 }, "geometry": { "type": "LineString", "coordinates": [ [ 1.75077, 44.038 ], [ 1.7485, 44.03635 ], [ 1.75006, 44.03139 ], [ 1.75689, 44.0263 ], [ 1.75789, 44.02344 ], [ 1.7567, 44.02242 ], [ 1.75688, 44.02064 ], [ 1.75217, 44.01886 ], [ 1.74835, 44.01534 ], [ 1.74781, 44.01321 ], [ 1.74433, 44.00957 ], [ 1.74453, 44.00845 ] ] } },
{ "type": "Feature", "properties": { "name": "Ruisseau de Beudes", "weight_class": 1, "permanent": true, "length_km": 5.1 }, "geometry": { "type": "LineString", "coordinates": [ [ 1.71954, 44.03699 ], [ 1.71215, 44.0312 ], [ 1.70686, 44.02872 ], [ 1.70371, 44.02513 ], [ 1.70388, 44.0238 ], [ 1.70132, 44.02189 ], [ 1.69995, 44.01555 ], [ 1.69875, 44.01432 ], [ 1.69361, 44.01391 ], [ 1.6854, 44.01021 ], [ 1.67824, 44.0098 ] ] } },
{ "type": "Feature", "properties": { "name": "l'Audoulou", "weight_class": 1, "permanent": true, "length_km": 4.4 }, "geometry": { "type": "LineString", "coordinates": [ [ 1.72965, 44.02117 ], [ 1.72571, 44.0156 ], [ 1.71782, 44.01187 ], [ 1.71686, 44.00922 ], [ 1.7106, 44.00164 ], [ 1.70833, 43.99637 ], [ 1.70427, 43.99427 ], [ 1.70312, 43.98979 ] ] } },
{ "type": "Feature", "properties": { "name": "Ravin de Bouysselou", "weight_class": 1, "permanent": true, "length_km": 2.8 }, "geometry": { "type": "LineString", "coordinates": [ [ 1.72865, 44.00418 ], [ 1.73051, 43.99794 ], [ 1.73118, 43.98636 ], [ 1.73406, 43.98285 ], [ 1.73742, 43.98219 ] ] } },
{ "type": "Feature", "properties": { "name": "Ruisseau de Rieutort", "weight_class": 1, "permanent": true, "length_km": 2.9 }, "geometry": { "type": "LineString", "coordinates": [ [ 1.77598, 43.99455 ], [ 1.77488, 43.99149 ], [ 1.77627, 43.98831 ], [ 1.77962, 43.98569 ], [ 1.78515, 43.98327 ], [ 1.79457, 43.9749 ] ] } },
{ "type": "Feature", "properties": { "name": "Ruisseau de Belayrol", "weight_class": 1, "permanent": true, "length_km": 3.1 }, "geometry": { "type": "LineString", "coordinates": [ [ 1.77994, 43.99143 ], [ 1.78502, 43.98828 ], [ 1.79123, 43.98743 ], [ 1.79525, 43.9854 ], [ 1.80607, 43.98276 ], [ 1.80973, 43.97685 ] ] } },
{ "type": "Feature", "properties": { "name": "Ruisseau de la Vernière", "weight_class": 1, "permanent": true, "length_km": 2.1 }, "geometry": { "type": "LineString", "coordinates": [ [ 1.79273, 43.95202 ], [ 1.79153, 43.95528 ], [ 1.79211, 43.95771 ], [ 1.78806, 43.9624 ], [ 1.78735, 43.96579 ], [ 1.78495, 43.96913 ] ] } },
{ "type": "Feature", "properties": { "name": "Ruisseau de Saint-André", "weight_class": 1, "permanent": false, "length_km": 3.5 }, "geometry": { "type": "LineString", "coordinates": [ [ 1.81754, 43.95157 ], [ 1.81589, 43.95682 ], [ 1.81332, 43.95914 ], [ 1.81279, 43.96285 ], [ 1.80861, 43.96463 ], [ 1.80267, 43.96888 ], [ 1.79788, 43.96987 ], [ 1.79148, 43.97297 ] ] } },
{ "type": "Feature", "properties": { "name": "Ruisseau du Gay", "weight_class": 1, "permanent": true, "length_km": 2.1 }, "geometry": { "type": "LineString", "coordinates": [ [ 1.79931, 43.94813 ], [ 1.80181, 43.94743 ], [ 1.81268, 43.93307 ] ] } },
{ "type": "Feature", "properties": { "name": "Ruisseau de Sivens", "weight_class": 1, "permanent": true, "length_km": 4.4 }, "geometry": { "type": "LineString", "coordinates": [ [ 1.77308, 43.94063 ], [ 1.76516, 43.94272 ], [ 1.76156, 43.94186 ], [ 1.75768, 43.94396 ], [ 1.75699, 43.94824 ], [ 1.75194, 43.95127 ], [ 1.74848, 43.95698 ], [ 1.74816, 43.95959 ], [ 1.74323, 43.96639 ] ] } },
{ "type": "Feature", "properties": { "name": "Ruisseau de Rieunègre", "weight_class": 1, "permanent": true, "length_km": 3.5 }, "geometry": { "type": "LineString", "coordinates": [ [ 1.78655, 43.94222 ], [ 1.78249, 43.94437 ], [ 1.77976, 43.95034 ], [ 1.77211, 43.95486 ], [ 1.77063, 43.96215 ], [ 1.77334, 43.96755 ] ] } },
{ "type": "Feature", "properties": { "name": "Ruisseau de Rieubois", "weight_class": 1, "permanent": true, "length_km": 4.3 }, "geometry": { "type": "LineString", "coordinates": [ [ 1.68251, 43.9795 ], [ 1.69477, 43.96867 ], [ 1.72321, 43.97016 ], [ 1.72759, 43.97194 ] ] } },
{ "type": "Feature", "properties": { "name": "Ruisseau de Colombier", "weight_class": 1, "permanent": true, "length_km": 2.3 }, "geometry": { "type": "LineString", "coordinates": [ [ 1.72194, 43.94679 ], [ 1.72829, 43.95402 ], [ 1.72808, 43.95809 ], [ 1.73108, 43.9617 ], [ 1.73021, 43.96516 ] ] } },
{ "type": "Feature", "properties": { "name": "Ruisseau du Pradel", "weight_class": 1, "permanent": true, "length_km": 3.1 }, "geometry": { "type": "LineString", "coordinates": [ [ 1.73261, 43.94087 ], [ 1.73409, 43.94852 ], [ 1.73762, 43.95176 ], [ 1.73767, 43.95406 ], [ 1.74256, 43.9609 ], [ 1.74274, 43.96328 ], [ 1.74101, 43.96582 ] ] } },
{ "type": "Feature", "properties": { "name": "Ruisseau de l'Artigue", "weight_class": 1, "permanent": true, "length_km": 2.2 }, "geometry": { "type": "LineString", "coordinates": [ [ 1.68664, 43.96667 ], [ 1.68649, 43.96426 ], [ 1.68124, 43.96427 ], [ 1.67322, 43.96175 ], [ 1.668, 43.95607 ] ] } },
{ "type": "Feature", "properties": { "name": "Ruisseau de Liaucou", "weight_class": 1, "permanent": true, "length_km": 2.1 }, "geometry": { "type": "LineString", "coordinates": [ [ 1.78261, 43.93703 ], [ 1.78694, 43.93313 ], [ 1.78863, 43.92952 ], [ 1.79398, 43.92495 ], [ 1.789, 43.92311 ] ] } },
{ "type": "Feature", "properties": { "name": "Ruisseau du Gourpat", "weight_class": 1, "permanent": true, "length_km": 2.2 }, "geometry": { "type": "LineString", "coordinates": [ [ 1.75959, 43.92868 ], [ 1.75828, 43.92762 ], [ 1.75935, 43.92524 ], [ 1.75816, 43.92338 ], [ 1.75889, 43.91851 ], [ 1.75805, 43.91408 ], [ 1.76119, 43.91043 ] ] } },
{ "type": "Feature", "properties": { "name": "Ruisseau de Regagnac", "weight_class": 1, "permanent": true, "length_km": 3.2 }, "geometry": { "type": "LineString", "coordinates": [ [ 1.71513, 43.93822 ], [ 1.71762, 43.93173 ], [ 1.714, 43.92903 ], [ 1.71362, 43.92581 ], [ 1.71084, 43.92504 ], [ 1.71035, 43.91913 ], [ 1.70798, 43.91453 ], [ 1.70651, 43.91372 ] ] } },
{ "type": "Feature", "properties": { "name": "Ruisseau des Michous", "weight_class": 1, "permanent": true, "length_km": 2.9 }, "geometry": { "type": "LineString", "coordinates": [ [ 1.69382, 43.93733 ], [ 1.69162, 43.93733 ], [ 1.69081, 43.93648 ], [ 1.69027, 43.93131 ], [ 1.68759, 43.93093 ], [ 1.68622, 43.92982 ], [ 1.68312, 43.92364 ], [ 1.68323, 43.91805 ], [ 1.68152, 43.91644 ] ] } },
{ "type": "Feature", "properties": { "name": "Ruisseau de Rabistau", "weight_class": 2, "permanent": true, "length_km": 9.6 }, "geometry": { "type": "LineString", "coordinates": [ [ 1.79868, 43.90859 ], [ 1.79132, 43.90696 ], [ 1.78654, 43.90325 ], [ 1.78397, 43.89791 ], [ 1.77633, 43.89346 ], [ 1.77504, 43.88919 ], [ 1.77314, 43.88764 ], [ 1.77341, 43.88562 ], [ 1.77672, 43.88259 ], [ 1.77774, 43.8782 ], [ 1.78072, 43.87577 ], [ 1.78334, 43.87572 ], [ 1.78753, 43.87377 ], [ 1.79108, 43.87038 ], [ 1.79656, 43.86057 ], [ 1.80381, 43.85451 ], [ 1.80828, 43.85339 ], [ 1.80709, 43.85202 ], [ 1.80878, 43.84871 ], [ 1.81335, 43.84882 ] ] } },
{ "type": "Feature", "properties": { "name": "Ruisseau de Lagassat", "weight_class": 1, "permanent": true, "length_km": 2.2 }, "geometry": { "type": "LineString", "coordinates": [ [ 1.60542, 43.94307 ], [ 1.60177, 43.94589 ], [ 1.60786, 43.95124 ], [ 1.60645, 43.95543 ], [ 1.60803, 43.95957 ] ] } },
{ "type": "Feature", "properties": { "name": "Ruisseau d'Ayguepart", "weight_class": 1, "permanent": true, "length_km": 2.9 }, "geometry": { "type": "LineString", "coordinates": [ [ 1.6846, 43.98451 ], [ 1.68375, 43.98688 ], [ 1.6754, 43.991 ], [ 1.67172, 43.99465 ], [ 1.67379, 43.99892 ], [ 1.67334, 44.00114 ], [ 1.67694, 44.00465 ] ] } },
{ "type": "Feature", "properties": { "name": "Ruisseau des Lézert", "weight_class": 1, "permanent": true, "length_km": 4.7 }, "geometry": { "type": "LineString", "coordinates": [ [ 1.63764, 43.99224 ], [ 1.63631, 43.99016 ], [ 1.63187, 43.99096 ], [ 1.63041, 43.99034 ], [ 1.62855, 43.98709 ], [ 1.62855, 43.98431 ], [ 1.62423, 43.98243 ], [ 1.6197, 43.97747 ], [ 1.61852, 43.97296 ], [ 1.6189, 43.96804 ], [ 1.61963, 43.96548 ], [ 1.62318, 43.96313 ], [ 1.62275, 43.96072 ] ] } },
{ "type": "Feature", "properties": { "name": "le Montouyre", "weight_class": 1, "permanent": true, "length_km": 5.0 }, "geometry": { "type": "LineString", "coordinates": [ [ 1.67167, 43.98476 ], [ 1.66865, 43.98522 ], [ 1.66498, 43.98397 ], [ 1.65753, 43.98578 ], [ 1.65418, 43.98514 ], [ 1.65021, 43.9828 ], [ 1.64416, 43.97687 ], [ 1.64253, 43.97298 ], [ 1.64168, 43.96945 ], [ 1.64375, 43.9674 ], [ 1.64393, 43.96318 ], [ 1.6384, 43.96117 ] ] } },
{ "type": "Feature", "properties": { "name": "Ruisseau de la Fontaine de cal", "weight_class": 1, "permanent": true, "length_km": 3.3 }, "geometry": { "type": "LineString", "coordinates": [ [ 1.67673, 43.98217 ], [ 1.67344, 43.97964 ], [ 1.66999, 43.9798 ], [ 1.66931, 43.9791 ], [ 1.66838, 43.97605 ], [ 1.6693, 43.9702 ], [ 1.66473, 43.96432 ], [ 1.66268, 43.95865 ] ] } },
{ "type": "Feature", "properties": { "name": "Ruisseau de la Branque/les Als", "weight_class": 1, "permanent": false, "length_km": 3.9 }, "geometry": { "type": "LineString", "coordinates": [ [ 1.66874, 43.94496 ], [ 1.6648, 43.94547 ], [ 1.66212, 43.94475 ], [ 1.66056, 43.9389 ], [ 1.65867, 43.93813 ], [ 1.65566, 43.9288 ], [ 1.65691, 43.9206 ], [ 1.65519, 43.91708 ] ] } },
{ "type": "Feature", "properties": { "name": "les Peyrillottes", "weight_class": 1, "permanent": false, "length_km": 4.5 }, "geometry": { "type": "LineString", "coordinates": [ [ 1.65656, 43.9477 ], [ 1.65178, 43.94691 ], [ 1.64969, 43.94571 ], [ 1.64469, 43.94697 ], [ 1.6434, 43.94616 ], [ 1.64218, 43.94259 ], [ 1.63646, 43.9365 ], [ 1.63557, 43.93394 ], [ 1.6345, 43.92841 ], [ 1.63533, 43.91851 ] ] } },
{ "type": "Feature", "properties": { "name": "Ruisseau de Nougarède", "weight_class": 1, "permanent": true, "length_km": 3.8 }, "geometry": { "type": "LineString", "coordinates": [ [ 1.58134, 43.94413 ], [ 1.58272, 43.94239 ], [ 1.5909, 43.93767 ], [ 1.59093, 43.9315 ], [ 1.58886, 43.92555 ], [ 1.59168, 43.92112 ], [ 1.59469, 43.91924 ], [ 1.59246, 43.91818 ], [ 1.59214, 43.91653 ] ] } },
{ "type": "Feature", "properties": { "name": "le Tescounet", "weight_class": 1, "permanent": true, "length_km": 12.0 }, "geometry": { "type": "MultiLineString", "coordinates": [ [ [ 1.57111, 43.96441 ], [ 1.56655, 43.96532 ], [ 1.55713, 43.96321 ], [ 1.55235, 43.9631 ] ], [ [ 1.58852, 43.96069 ], [ 1.58243, 43.96212 ] ], [ [ 1.71793, 43.94012 ], [ 1.70535, 43.94463 ], [ 1.70039, 43.94823 ], [ 1.69313, 43.94847 ], [ 1.68969, 43.95074 ], [ 1.68475, 43.95028 ], [ 1.68105, 43.95099 ], [ 1.67601, 43.95372 ], [ 1.66491, 43.957 ], [ 1.66315, 43.95849 ], [ 1.65602, 43.9597 ], [ 1.65148, 43.96198 ], [ 1.64597, 43.96306 ], [ 1.64409, 43.96307 ], [ 1.64095, 43.9613 ], [ 1.62508, 43.9611 ], [ 1.6188, 43.95918 ], [ 1.60803, 43.95957 ] ] ] } },
{ "type": "Feature", "properties": { "name": "Ruisseau des Tils", "weight_class": 1, "permanent": false, "length_km": 2.6 }, "geometry": { "type": "LineString", "coordinates": [ [ 1.57141, 43.95061 ], [ 1.55562, 43.95338 ], [ 1.54632, 43.95151 ], [ 1.54539, 43.94692 ] ] } },
{ "type": "Feature", "properties": { "name": "Ruisseau de la Rivierette", "weight_class": 1, "permanent": false, "length_km": 4.3 }, "geometry": { "type": "LineString", "coordinates": [ [ 1.69886, 43.8936 ], [ 1.68762, 43.90135 ], [ 1.66619, 43.91186 ], [ 1.65884, 43.9171 ] ] } },
{ "type": "Feature", "properties": { "name": "Ruisseau de la Garenne", "weight_class": 1, "permanent": true, "length_km": 2.7 }, "geometry": { "type": "LineString", "coordinates": [ [ 1.62525, 43.93953 ], [ 1.62128, 43.9376 ], [ 1.62418, 43.93306 ], [ 1.6237, 43.92711 ], [ 1.6277, 43.91902 ] ] } },
{ "type": "Feature", "properties": { "name": "Ruisseau de Pradels", "weight_class": 1, "permanent": false, "length_km": 2.7 }, "geometry": { "type": "LineString", "coordinates": [ [ 1.63107, 43.90127 ], [ 1.62812, 43.90241 ], [ 1.62382, 43.90634 ], [ 1.61447, 43.91224 ], [ 1.61037, 43.91724 ], [ 1.61036, 43.91887 ] ] } },
{ "type": "Feature", "properties": { "name": "Ruisseau du Bois des Pys", "weight_class": 1, "permanent": true, "length_km": 3.1 }, "geometry": { "type": "LineString", "coordinates": [ [ 1.59834, 43.94145 ], [ 1.59993, 43.9392 ], [ 1.60834, 43.93476 ], [ 1.6106, 43.92976 ], [ 1.61827, 43.92122 ], [ 1.61803, 43.91917 ] ] } },
{ "type": "Feature", "properties": { "name": "Ruisseau de Péchique", "weight_class": 1, "permanent": false, "length_km": 2.0 }, "geometry": { "type": "LineString", "coordinates": [ [ 1.68209, 43.89469 ], [ 1.67046, 43.90478 ], [ 1.6699, 43.90681 ], [ 1.67241, 43.90904 ] ] } },
{ "type": "Feature", "properties": { "name": "Ruisseau des Narcisses", "weight_class": 1, "permanent": false, "length_km": 2.2 }, "geometry": { "type": "LineString", "coordinates": [ [ 1.64044, 43.90072 ], [ 1.63679, 43.90878 ], [ 1.63878, 43.91967 ] ] } },
{ "type": "Feature", "properties": { "name": "Ruisseau de Saint-Barthélemy", "weight_class": 1, "permanent": false, "length_km": 3.2 }, "geometry": { "type": "LineString", "coordinates": [ [ 1.64422, 43.89494 ], [ 1.6471, 43.8958 ], [ 1.64603, 43.90012 ], [ 1.64664, 43.90246 ], [ 1.65044, 43.9045 ], [ 1.65662, 43.90519 ], [ 1.65667, 43.90706 ], [ 1.66187, 43.91012 ], [ 1.66442, 43.91385 ] ] } },
{ "type": "Feature", "properties": { "name": "le Coulerc", "weight_class": 1, "permanent": true, "length_km": 6.7 }, "geometry": { "type": "LineString", "coordinates": [ [ 1.63832, 43.89459 ], [ 1.63563, 43.89768 ], [ 1.62791, 43.89738 ], [ 1.61349, 43.90152 ], [ 1.60451, 43.90304 ], [ 1.59882, 43.90325 ], [ 1.59425, 43.90168 ], [ 1.5909, 43.90158 ], [ 1.58573, 43.90286 ], [ 1.57843, 43.90604 ], [ 1.57067, 43.91675 ] ] } },
{ "type": "Feature", "properties": { "name": "Ruisseau de la Saudrone", "weight_class": 1, "permanent": true, "length_km": 7.0 }, "geometry": { "type": "LineString", "coordinates": [ [ 1.77381, 43.80537 ], [ 1.76504, 43.80805 ], [ 1.76191, 43.81066 ], [ 1.75909, 43.81119 ], [ 1.75381, 43.8143 ], [ 1.7483, 43.80989 ], [ 1.74324, 43.80874 ], [ 1.73811, 43.80334 ], [ 1.73708, 43.80043 ], [ 1.73143, 43.79729 ], [ 1.72715, 43.79836 ], [ 1.72659, 43.80087 ], [ 1.72159, 43.80425 ], [ 1.71647, 43.80627 ], [ 1.7132, 43.81049 ] ] } },
{ "type": "Feature", "properties": { "name": null, "weight_class": 1, "permanent": true, "length_km": 2.4 }, "geometry": { "type": "LineString", "coordinates": [ [ 1.71621, 43.89435 ], [ 1.71266, 43.89863 ], [ 1.71274, 43.90049 ], [ 1.71457, 43.90545 ], [ 1.71747, 43.90794 ], [ 1.71833, 43.91351 ] ] } },
{ "type": "Feature", "properties": { "name": null, "weight_class": 1, "permanent": false, "length_km": 2.3 }, "geometry": { "type": "LineString", "coordinates": [ [ 1.74218, 43.84737 ], [ 1.74894, 43.84291 ], [ 1.75197, 43.84319 ], [ 1.75421, 43.84234 ], [ 1.75464, 43.83681 ], [ 1.75763, 43.83699 ], [ 1.75867, 43.83585 ] ] } },
{ "type": "Feature", "properties": { "name": null, "weight_class": 1, "permanent": true, "length_km": 2.7 }, "geometry": { "type": "LineString", "coordinates": [ [ 1.71142, 43.89253 ], [ 1.7087, 43.89289 ], [ 1.70582, 43.88804 ], [ 1.70917, 43.87774 ], [ 1.711, 43.8759 ], [ 1.71477, 43.87445 ] ] } },
{ "type": "Feature", "properties": { "name": null, "weight_class": 1, "permanent": false, "length_km": 2.0 }, "geometry": { "type": "LineString", "coordinates": [ [ 1.7576, 43.77921 ], [ 1.74701, 43.78397 ], [ 1.73793, 43.79034 ] ] } },
{ "type": "Feature", "properties": { "name": null, "weight_class": 1, "permanent": false, "length_km": 2.7 }, "geometry": { "type": "LineString", "coordinates": [ [ 1.75848, 43.78125 ], [ 1.74366, 43.78949 ], [ 1.73512, 43.79127 ], [ 1.73236, 43.79409 ] ] } },
{ "type": "Feature", "properties": { "name": null, "weight_class": 1, "permanent": false, "length_km": 2.7 }, "geometry": { "type": "LineString", "coordinates": [ [ 1.76487, 43.80401 ], [ 1.75909, 43.80675 ], [ 1.75239, 43.80628 ], [ 1.7474, 43.80796 ], [ 1.74269, 43.80556 ], [ 1.73856, 43.80133 ] ] } },
{ "type": "Feature", "properties": { "name": null, "weight_class": 2, "permanent": false, "length_km": 2.7 }, "geometry": { "type": "LineString", "coordinates": [ [ 1.75234, 43.81805 ], [ 1.74515, 43.81929 ], [ 1.74041, 43.81757 ], [ 1.73315, 43.8166 ], [ 1.72921, 43.81442 ], [ 1.72494, 43.81474 ], [ 1.72256, 43.81614 ] ] } },
{ "type": "Feature", "properties": { "name": "Ruisseau de la Rivalière", "weight_class": 1, "permanent": true, "length_km": 2.1 }, "geometry": { "type": "LineString", "coordinates": [ [ 1.75113, 43.88704 ], [ 1.75306, 43.88859 ], [ 1.76015, 43.89049 ], [ 1.77228, 43.88752 ], [ 1.77341, 43.88562 ] ] } },
{ "type": "Feature", "properties": { "name": "Ruisseau de Passe", "weight_class": 1, "permanent": true, "length_km": 18.3 }, "geometry": { "type": "LineString", "coordinates": [ [ 1.71759, 43.89088 ], [ 1.7195, 43.89033 ], [ 1.72269, 43.88711 ], [ 1.7237, 43.88378 ], [ 1.723, 43.87931 ], [ 1.71544, 43.87646 ], [ 1.7108, 43.86882 ], [ 1.71013, 43.86631 ], [ 1.71097, 43.86447 ], [ 1.70367, 43.85941 ], [ 1.69362, 43.85559 ], [ 1.68836, 43.84854 ], [ 1.6808, 43.84735 ], [ 1.67835, 43.84509 ], [ 1.67814, 43.83954 ], [ 1.67542, 43.83616 ], [ 1.67638, 43.83197 ], [ 1.67364, 43.831 ], [ 1.67192, 43.8288 ], [ 1.67338, 43.82258 ], [ 1.67544, 43.82139 ], [ 1.67436, 43.81997 ], [ 1.67502, 43.81633 ], [ 1.67135, 43.81299 ], [ 1.67173, 43.80904 ], [ 1.66887, 43.80627 ], [ 1.67104, 43.8032 ], [ 1.67073, 43.79902 ], [ 1.67202, 43.79847 ], [ 1.67021, 43.79673 ], [ 1.67737, 43.79767 ], [ 1.67678, 43.79885 ], [ 1.67756, 43.79901 ], [ 1.6793, 43.79555 ], [ 1.67791, 43.7923 ], [ 1.67556, 43.79211 ], [ 1.67506, 43.79118 ], [ 1.67358, 43.79307 ], [ 1.67481, 43.79391 ], [ 1.67204, 43.79381 ], [ 1.67092, 43.79211 ], [ 1.6724, 43.79171 ], [ 1.67229, 43.78943 ], [ 1.67352, 43.78951 ], [ 1.67192, 43.78818 ], [ 1.67296, 43.78631 ], [ 1.67093, 43.78623 ], [ 1.67018, 43.78412 ] ] } },
{ "type": "Feature", "properties": { "name": "Ruisseau de Marguestal", "weight_class": 1, "permanent": false, "length_km": 6.7 }, "geometry": { "type": "LineString", "coordinates": [ [ 1.74381, 43.88276 ], [ 1.74838, 43.87875 ], [ 1.74834, 43.8772 ], [ 1.75787, 43.875 ], [ 1.76482, 43.86954 ], [ 1.75629, 43.86322 ], [ 1.76242, 43.85574 ], [ 1.76603, 43.85323 ], [ 1.76955, 43.84633 ], [ 1.76901, 43.84493 ], [ 1.77016, 43.84339 ], [ 1.76638, 43.83832 ] ] } },
{ "type": "Feature", "properties": { "name": "Ruisseau de Raust", "weight_class": 1, "permanent": true, "length_km": 4.4 }, "geometry": { "type": "LineString", "coordinates": [ [ 1.6845, 43.88815 ], [ 1.68116, 43.88842 ], [ 1.68046, 43.88694 ], [ 1.68679, 43.87736 ], [ 1.69242, 43.8737 ], [ 1.69316, 43.87105 ], [ 1.69088, 43.86732 ], [ 1.69092, 43.85934 ], [ 1.69381, 43.85569 ] ] } },
{ "type": "Feature", "properties": { "name": "Ruisseau de la Fargue", "weight_class": 1, "permanent": false, "length_km": 3.5 }, "geometry": { "type": "LineString", "coordinates": [ [ 1.78389, 43.86211 ], [ 1.79164, 43.85798 ], [ 1.79119, 43.85667 ], [ 1.79273, 43.85487 ], [ 1.78832, 43.85132 ], [ 1.78579, 43.84738 ], [ 1.77791, 43.84539 ], [ 1.77344, 43.84521 ], [ 1.7701, 43.84377 ] ] } },
{ "type": "Feature", "properties": { "name": "Ruisseau de Vertus", "weight_class": 1, "permanent": true, "length_km": 4.6 }, "geometry": { "type": "LineString", "coordinates": [ [ 1.73959, 43.8711 ], [ 1.73584, 43.86546 ], [ 1.73931, 43.86118 ], [ 1.74236, 43.85946 ], [ 1.75117, 43.85922 ], [ 1.75961, 43.85341 ], [ 1.76225, 43.8486 ], [ 1.76449, 43.84844 ], [ 1.76901, 43.84493 ] ] } },
{ "type": "Feature", "properties": { "name": "Ruisseau d'Avignon/Ruisseau de la Mouline", "weight_class": 1, "permanent": false, "length_km": 7.3 }, "geometry": { "type": "LineString", "coordinates": [ [ 1.86176, 43.82121 ], [ 1.85664, 43.82311 ], [ 1.85347, 43.82752 ], [ 1.84669, 43.82947 ], [ 1.84198, 43.83257 ], [ 1.83377, 43.83461 ], [ 1.83196, 43.83352 ], [ 1.825, 43.83435 ], [ 1.81897, 43.83122 ], [ 1.81521, 43.83263 ], [ 1.81184, 43.83157 ], [ 1.80939, 43.83284 ], [ 1.80448, 43.83247 ], [ 1.80041, 43.8341 ], [ 1.79842, 43.83371 ], [ 1.79749, 43.83507 ], [ 1.79148, 43.83423 ], [ 1.78959, 43.83499 ] ] } },
{ "type": "Feature", "properties": { "name": "Ruisseau de Prautis", "weight_class": 1, "permanent": true, "length_km": 3.7 }, "geometry": { "type": "LineString", "coordinates": [ [ 1.79873, 43.81765 ], [ 1.7839, 43.82355 ], [ 1.78229, 43.82593 ], [ 1.77896, 43.82729 ], [ 1.77625, 43.82758 ], [ 1.76966, 43.82566 ], [ 1.76851, 43.82669 ], [ 1.76848, 43.82932 ], [ 1.77167, 43.83197 ] ] } },
{ "type": "Feature", "properties": { "name": "Ruisseau de Grouse", "weight_class": 1, "permanent": true, "length_km": 7.0 }, "geometry": { "type": "LineString", "coordinates": [ [ 1.70688, 43.84156 ], [ 1.7001, 43.84238 ], [ 1.69763, 43.83769 ], [ 1.69824, 43.83258 ], [ 1.70419, 43.82066 ], [ 1.70393, 43.81697 ], [ 1.69819, 43.8158 ], [ 1.6947, 43.81415 ], [ 1.69401, 43.81293 ], [ 1.68818, 43.81099 ], [ 1.6875, 43.80597 ], [ 1.67867, 43.79763 ] ] } },
{ "type": "Feature", "properties": { "name": "Ruisseau de la Trémège", "weight_class": 1, "permanent": false, "length_km": 2.9 }, "geometry": { "type": "LineString", "coordinates": [ [ 1.71719, 43.84152 ], [ 1.7191, 43.83901 ], [ 1.72862, 43.83449 ], [ 1.73933, 43.83224 ], [ 1.74129, 43.82935 ], [ 1.73824, 43.82711 ] ] } },
{ "type": "Feature", "properties": { "name": "Ruisseau Tort", "weight_class": 1, "permanent": true, "length_km": 8.5 }, "geometry": { "type": "LineString", "coordinates": [ [ 1.81505, 43.77348 ], [ 1.80148, 43.7814 ], [ 1.79153, 43.79066 ], [ 1.78732, 43.79614 ], [ 1.77973, 43.8011 ], [ 1.77354, 43.80269 ], [ 1.76342, 43.79772 ], [ 1.75936, 43.79936 ], [ 1.75718, 43.79935 ], [ 1.75323, 43.80269 ], [ 1.7461, 43.80421 ], [ 1.74019, 43.80071 ], [ 1.7377, 43.80157 ] ] } },
{ "type": "Feature", "properties": { "name": "Ruisseau du Valadas", "weight_class": 1, "permanent": false, "length_km": 2.9 }, "geometry": { "type": "LineString", "coordinates": [ [ 1.72221, 43.79486 ], [ 1.71808, 43.79218 ], [ 1.71534, 43.79196 ], [ 1.71228, 43.793 ], [ 1.70906, 43.79732 ], [ 1.71118, 43.80011 ], [ 1.70358, 43.80664 ] ] } },
{ "type": "Feature", "properties": { "name": "Rieu Vergnet", "weight_class": 1, "permanent": true, "length_km": 12.0 }, "geometry": { "type": "LineString", "coordinates": [ [ 1.84021, 43.78584 ], [ 1.83148, 43.78726 ], [ 1.82233, 43.79115 ], [ 1.81818, 43.78971 ], [ 1.8131, 43.79094 ], [ 1.80838, 43.79088 ], [ 1.80439, 43.79224 ], [ 1.80169, 43.79361 ], [ 1.80101, 43.7953 ], [ 1.79394, 43.79906 ], [ 1.79003, 43.80294 ], [ 1.79079, 43.8037 ], [ 1.78843, 43.80556 ], [ 1.78523, 43.80645 ], [ 1.78281, 43.80978 ], [ 1.77709, 43.81448 ], [ 1.76482, 43.81535 ], [ 1.74687, 43.82109 ], [ 1.7396, 43.82014 ], [ 1.73822, 43.82082 ], [ 1.73654, 43.82443 ], [ 1.73379, 43.8235 ], [ 1.7303, 43.82421 ] ] } },
{ "type": "Feature", "properties": { "name": "Ruisseau de Ginibré et de la Saudronne", "weight_class": 2, "permanent": true, "length_km": 11.5 }, "geometry": { "type": "LineString", "coordinates": [ [ 1.80172, 43.77662 ], [ 1.79115, 43.7816 ], [ 1.78616, 43.78059 ], [ 1.77808, 43.78501 ], [ 1.77104, 43.78634 ], [ 1.76558, 43.78624 ], [ 1.75785, 43.792 ], [ 1.75262, 43.79178 ], [ 1.75083, 43.79394 ], [ 1.74494, 43.79633 ], [ 1.74178, 43.79893 ], [ 1.73193, 43.79388 ], [ 1.7273, 43.78929 ], [ 1.71369, 43.7844 ], [ 1.7048, 43.78314 ], [ 1.69949, 43.78416 ], [ 1.69538, 43.78257 ], [ 1.69405, 43.78338 ], [ 1.69268, 43.783 ], [ 1.68582, 43.7867 ] ] } },
{ "type": "Feature", "properties": { "name": "Ruisseau de Naugrande", "weight_class": 1, "permanent": true, "length_km": 3.8 }, "geometry": { "type": "LineString", "coordinates": [ [ 1.77797, 43.76896 ], [ 1.77686, 43.77135 ], [ 1.76931, 43.77508 ], [ 1.76832, 43.7802 ], [ 1.76357, 43.78437 ], [ 1.75242, 43.78924 ], [ 1.7508, 43.79222 ], [ 1.75159, 43.79292 ] ] } },
{ "type": "Feature", "properties": { "name": "l'Agout", "weight_class": 4, "permanent": true, "length_km": 154.2 }, "geometry": { "type": "LineString", "coordinates": [ [ 2.62732, 43.59335 ], [ 2.61309, 43.59091 ], [ 2.60775, 43.59245 ], [ 2.60344, 43.59635 ], [ 2.59803, 43.59339 ], [ 2.59629, 43.59361 ], [ 2.59463, 43.59713 ], [ 2.58974, 43.59598 ], [ 2.58092, 43.5957 ], [ 2.57914, 43.59701 ], [ 2.58139, 43.5996 ], [ 2.58055, 43.6006 ], [ 2.57064, 43.59977 ], [ 2.56322, 43.59723 ], [ 2.56232, 43.59917 ], [ 2.56475, 43.60276 ], [ 2.56414, 43.6036 ], [ 2.55968, 43.60426 ], [ 2.55017, 43.60244 ], [ 2.54446, 43.60296 ], [ 2.5407, 43.60123 ], [ 2.54024, 43.60496 ], [ 2.53728, 43.60482 ], [ 2.53528, 43.60639 ], [ 2.52917, 43.60575 ], [ 2.52204, 43.61114 ], [ 2.52073, 43.61101 ], [ 2.52087, 43.60904 ], [ 2.51958, 43.60805 ], [ 2.51298, 43.60954 ], [ 2.51011, 43.60739 ], [ 2.50696, 43.60681 ], [ 2.50138, 43.61127 ], [ 2.50626, 43.61451 ], [ 2.50667, 43.61735 ], [ 2.50186, 43.61812 ], [ 2.50618, 43.62038 ], [ 2.49898, 43.62161 ], [ 2.49834, 43.62805 ], [ 2.49478, 43.63172 ], [ 2.4897, 43.63446 ], [ 2.48621, 43.63858 ], [ 2.48357, 43.63987 ], [ 2.48018, 43.63924 ], [ 2.47737, 43.63986 ], [ 2.46924, 43.63779 ], [ 2.46487, 43.63779 ], [ 2.45595, 43.64 ], [ 2.4532, 43.63804 ], [ 2.45342, 43.63391 ], [ 2.451, 43.63379 ], [ 2.44921, 43.63856 ], [ 2.4422, 43.64508 ], [ 2.4431, 43.64754 ], [ 2.44647, 43.64994 ], [ 2.44398, 43.65201 ], [ 2.44345, 43.6546 ], [ 2.43983, 43.655 ], [ 2.43792, 43.65323 ], [ 2.43643, 43.65334 ], [ 2.43214, 43.65837 ], [ 2.43205, 43.65983 ], [ 2.43674, 43.66263 ], [ 2.42901, 43.6644 ], [ 2.41537, 43.66514 ], [ 2.41177, 43.66847 ], [ 2.40705, 43.66882 ], [ 2.4068, 43.67191 ], [ 2.40474, 43.6754 ], [ 2.40499, 43.67827 ], [ 2.40238, 43.67978 ], [ 2.40141, 43.67917 ], [ 2.40061, 43.67969 ], [ 2.40177, 43.68177 ], [ 2.39572, 43.67851 ], [ 2.39062, 43.6792 ], [ 2.38639, 43.67827 ], [ 2.38445, 43.68309 ], [ 2.38229, 43.68343 ], [ 2.38054, 43.68091 ], [ 2.37456, 43.67623 ], [ 2.37305, 43.67601 ], [ 2.36948, 43.67746 ], [ 2.36402, 43.67518 ], [ 2.36242, 43.67636 ], [ 2.36459, 43.67838 ], [ 2.36366, 43.67963 ], [ 2.3603, 43.68083 ], [ 2.35719, 43.67944 ], [ 2.35471, 43.67951 ], [ 2.3502, 43.68281 ], [ 2.34804, 43.67986 ], [ 2.35255, 43.67635 ], [ 2.35258, 43.67501 ], [ 2.35109, 43.67424 ], [ 2.34633, 43.67497 ], [ 2.34144, 43.67932 ], [ 2.33451, 43.67558 ], [ 2.32654, 43.67521 ], [ 2.3247, 43.67685 ], [ 2.3284, 43.67827 ], [ 2.33187, 43.67745 ], [ 2.33291, 43.67935 ], [ 2.33223, 43.68061 ], [ 2.3293, 43.68109 ], [ 2.32154, 43.68007 ], [ 2.31312, 43.68263 ], [ 2.30834, 43.68198 ], [ 2.2989, 43.68443 ], [ 2.29635, 43.68342 ], [ 2.29523, 43.68088 ], [ 2.30371, 43.67779 ], [ 2.30306, 43.67489 ], [ 2.3011, 43.67388 ], [ 2.29518, 43.67626 ], [ 2.28891, 43.67568 ], [ 2.28917, 43.67487 ], [ 2.29575, 43.67271 ], [ 2.29694, 43.66817 ], [ 2.29301, 43.66353 ], [ 2.28245, 43.65885 ], [ 2.27793, 43.65258 ], [ 2.2793, 43.65099 ], [ 2.28341, 43.65033 ], [ 2.28528, 43.65298 ], [ 2.29143, 43.65734 ], [ 2.29425, 43.66208 ], [ 2.30413, 43.66762 ], [ 2.30617, 43.66754 ], [ 2.30806, 43.6618 ], [ 2.31021, 43.66148 ], [ 2.31334, 43.65929 ], [ 2.31903, 43.65979 ], [ 2.32282, 43.65673 ], [ 2.32853, 43.65551 ], [ 2.32954, 43.65457 ], [ 2.32929, 43.65252 ], [ 2.32696, 43.65272 ], [ 2.32636, 43.65195 ], [ 2.32658, 43.64807 ], [ 2.32038, 43.64608 ], [ 2.31831, 43.64076 ], [ 2.31966, 43.63664 ], [ 2.31787, 43.63446 ], [ 2.31191, 43.63251 ], [ 2.30782, 43.63221 ], [ 2.3042, 43.63302 ], [ 2.30199, 43.63194 ], [ 2.29438, 43.63147 ], [ 2.29108, 43.63023 ], [ 2.26804, 43.63238 ], [ 2.26098, 43.63127 ], [ 2.25568, 43.62639 ], [ 2.25658, 43.62383 ], [ 2.25488, 43.61894 ], [ 2.25629, 43.61772 ], [ 2.25938, 43.61854 ], [ 2.26124, 43.61381 ], [ 2.25785, 43.61267 ], [ 2.25242, 43.618 ], [ 2.24908, 43.6189 ], [ 2.24484, 43.61766 ], [ 2.24548, 43.61009 ], [ 2.24265, 43.60827 ], [ 2.24255, 43.60219 ], [ 2.23999, 43.59679 ], [ 2.23979, 43.59366 ], [ 2.2386, 43.59269 ], [ 2.22905, 43.58774 ], [ 2.22715, 43.58905 ], [ 2.22653, 43.5928 ], [ 2.22083, 43.59311 ], [ 2.21709, 43.58823 ], [ 2.21674, 43.58533 ], [ 2.21906, 43.58332 ], [ 2.21784, 43.58136 ], [ 2.2144, 43.58286 ], [ 2.20953, 43.58348 ], [ 2.20815, 43.58777 ], [ 2.20267, 43.5899 ], [ 2.19732, 43.5882 ], [ 2.19206, 43.58808 ], [ 2.18622, 43.58592 ], [ 2.18516, 43.58353 ], [ 2.18323, 43.58298 ], [ 2.18212, 43.58402 ], [ 2.18097, 43.59063 ], [ 2.17583, 43.5958 ], [ 2.18076, 43.6034 ], [ 2.17669, 43.60442 ], [ 2.17203, 43.60711 ], [ 2.16992, 43.60351 ], [ 2.16727, 43.6019 ], [ 2.16258, 43.60189 ], [ 2.15733, 43.59738 ], [ 2.15568, 43.59469 ], [ 2.14317, 43.5934 ], [ 2.13222, 43.59516 ], [ 2.1288, 43.59717 ], [ 2.12556, 43.60323 ], [ 2.12686, 43.60769 ], [ 2.13271, 43.61339 ], [ 2.1319, 43.61527 ], [ 2.12069, 43.61823 ], [ 2.11444, 43.61527 ], [ 2.11106, 43.61236 ], [ 2.10849, 43.61186 ], [ 2.09635, 43.61804 ], [ 2.08426, 43.61852 ], [ 2.07624, 43.62068 ], [ 2.06958, 43.62573 ], [ 2.06338, 43.62795 ], [ 2.05158, 43.63768 ], [ 2.04297, 43.64307 ], [ 2.02884, 43.64709 ], [ 2.02771, 43.64911 ], [ 2.0295, 43.65608 ], [ 2.02723, 43.65819 ], [ 2.02338, 43.65823 ], [ 2.01974, 43.65663 ], [ 2.01799, 43.65403 ], [ 2.01981, 43.65031 ], [ 2.01826, 43.64837 ], [ 2.01611, 43.64836 ], [ 2.01375, 43.64963 ], [ 2.00714, 43.64821 ], [ 2.00459, 43.6485 ], [ 2.0018, 43.65097 ], [ 1.99972, 43.65138 ], [ 1.99276, 43.64965 ], [ 1.99042, 43.64636 ], [ 1.98821, 43.646 ], [ 1.98533, 43.64875 ], [ 1.97893, 43.6483 ], [ 1.97323, 43.65125 ], [ 1.96299, 43.65259 ], [ 1.96004, 43.65418 ], [ 1.95844, 43.65902 ], [ 1.95675, 43.66023 ], [ 1.94982, 43.66086 ], [ 1.94135, 43.66367 ], [ 1.93121, 43.67303 ], [ 1.93186, 43.6809 ], [ 1.92682, 43.68305 ], [ 1.9242, 43.68552 ], [ 1.92264, 43.68897 ], [ 1.92012, 43.69028 ], [ 1.91514, 43.69144 ], [ 1.90361, 43.69098 ], [ 1.8787, 43.67999 ], [ 1.87629, 43.68172 ], [ 1.8764, 43.68732 ], [ 1.87319, 43.68978 ], [ 1.87144, 43.69654 ], [ 1.86629, 43.69861 ], [ 1.86455, 43.6983 ], [ 1.8617, 43.6934 ], [ 1.85289, 43.6886 ], [ 1.84419, 43.68908 ], [ 1.82351, 43.69523 ], [ 1.82176, 43.69687 ], [ 1.82334, 43.69887 ], [ 1.8237, 43.70279 ], [ 1.82907, 43.70819 ], [ 1.834, 43.70938 ], [ 1.84286, 43.70857 ], [ 1.84733, 43.71064 ], [ 1.84816, 43.71439 ], [ 1.8473, 43.71716 ], [ 1.84477, 43.721 ], [ 1.84125, 43.72286 ], [ 1.82928, 43.7219 ], [ 1.82039, 43.72481 ], [ 1.81273, 43.72393 ], [ 1.81037, 43.72231 ], [ 1.80983, 43.71999 ], [ 1.81001, 43.71814 ], [ 1.81354, 43.71322 ], [ 1.81318, 43.71153 ], [ 1.81129, 43.71072 ], [ 1.80932, 43.71205 ], [ 1.80694, 43.712 ], [ 1.79563, 43.70744 ], [ 1.79212, 43.70744 ], [ 1.7896, 43.70906 ], [ 1.78792, 43.71257 ], [ 1.78801, 43.72191 ], [ 1.78972, 43.72526 ], [ 1.79648, 43.7295 ], [ 1.79676, 43.73187 ], [ 1.7954, 43.73365 ], [ 1.78773, 43.73725 ], [ 1.77948, 43.74347 ], [ 1.76942, 43.7467 ], [ 1.76415, 43.75045 ], [ 1.76454, 43.75503 ], [ 1.76732, 43.75792 ], [ 1.7722, 43.76076 ], [ 1.77143, 43.76391 ], [ 1.76025, 43.76633 ], [ 1.75588, 43.76834 ], [ 1.7466, 43.76947 ], [ 1.73911, 43.77144 ], [ 1.72206, 43.77183 ], [ 1.71174, 43.7709 ], [ 1.70687, 43.77242 ], [ 1.70008, 43.7762 ], [ 1.68515, 43.77717 ], [ 1.68268, 43.77945 ], [ 1.68368, 43.78349 ], [ 1.683, 43.78549 ] ] } },
{ "type": "Feature", "properties": { "name": "Ruisseau de Troues", "weight_class": 1, "permanent": true, "length_km": 2.4 }, "geometry": { "type": "LineString", "coordinates": [ [ 1.60856, 43.88387 ], [ 1.60056, 43.89463 ], [ 1.59502, 43.89883 ], [ 1.59396, 43.90164 ] ] } },
{ "type": "Feature", "properties": { "name": "Ruisseau de la Mouline d'Azas", "weight_class": 1, "permanent": true, "length_km": 7.1 }, "geometry": { "type": "MultiLineString", "coordinates": [ [ [ 1.65972, 43.7426 ], [ 1.66204, 43.74594 ], [ 1.66153, 43.75358 ], [ 1.66275, 43.75438 ], [ 1.66495, 43.76073 ], [ 1.66382, 43.76621 ], [ 1.66637, 43.7697 ], [ 1.6637, 43.77082 ], [ 1.66153, 43.77491 ], [ 1.66015, 43.77431 ], [ 1.65611, 43.77649 ], [ 1.6533, 43.77656 ] ], [ [ 1.70961, 43.70216 ], [ 1.70504, 43.70555 ], [ 1.70284, 43.70859 ], [ 1.69379, 43.71231 ] ] ] } },
{ "type": "Feature", "properties": { "name": null, "weight_class": 1, "permanent": false, "length_km": 2.3 }, "geometry": { "type": "LineString", "coordinates": [ [ 1.59322, 43.84492 ], [ 1.58539, 43.84846 ], [ 1.58353, 43.85049 ], [ 1.58335, 43.85256 ], [ 1.58773, 43.86102 ] ] } },
{ "type": "Feature", "properties": { "name": "Ruisseau de Pajau", "weight_class": 1, "permanent": true, "length_km": 2.6 }, "geometry": { "type": "LineString", "coordinates": [ [ 1.67765, 43.88996 ], [ 1.66818, 43.89529 ], [ 1.6615, 43.89728 ], [ 1.65662, 43.90519 ] ] } },
{ "type": "Feature", "properties": { "name": "Ruisseau des Rousseilles", "weight_class": 1, "permanent": true, "length_km": 3.1 }, "geometry": { "type": "LineString", "coordinates": [ [ 1.64823, 43.88876 ], [ 1.64391, 43.88931 ], [ 1.6402, 43.88774 ], [ 1.62478, 43.88477 ], [ 1.62188, 43.88199 ], [ 1.62084, 43.87604 ] ] } },
{ "type": "Feature", "properties": { "name": "Ruisseau des Gourgues", "weight_class": 1, "permanent": true, "length_km": 2.5 }, "geometry": { "type": "LineString", "coordinates": [ [ 1.59251, 43.88624 ], [ 1.59066, 43.88899 ], [ 1.58661, 43.89076 ], [ 1.58115, 43.89586 ], [ 1.5797, 43.90047 ], [ 1.5825, 43.90425 ] ] } },
{ "type": "Feature", "properties": { "name": "Ruisseau de Bois Couyoul", "weight_class": 1, "permanent": true, "length_km": 2.7 }, "geometry": { "type": "LineString", "coordinates": [ [ 1.56841, 43.88633 ], [ 1.56673, 43.88989 ], [ 1.57047, 43.89284 ], [ 1.56993, 43.89559 ], [ 1.57241, 43.89844 ], [ 1.57329, 43.90166 ], [ 1.57856, 43.90385 ], [ 1.57843, 43.90604 ] ] } },
{ "type": "Feature", "properties": { "name": "le Souet/Ruisseau de Rieugrand", "weight_class": 1, "permanent": true, "length_km": 7.7 }, "geometry": { "type": "LineString", "coordinates": [ [ 1.64585, 43.88077 ], [ 1.64149, 43.87671 ], [ 1.63787, 43.87527 ], [ 1.62084, 43.87604 ], [ 1.61509, 43.87528 ], [ 1.61371, 43.87587 ], [ 1.60626, 43.87334 ], [ 1.59396, 43.87225 ], [ 1.58885, 43.86936 ], [ 1.5815, 43.86313 ], [ 1.57239, 43.86059 ], [ 1.56525, 43.85657 ] ] } },
{ "type": "Feature", "properties": { "name": "Ruisseau de Rivalès", "weight_class": 1, "permanent": true, "length_km": 5.7 }, "geometry": { "type": "LineString", "coordinates": [ [ 1.62522, 43.85838 ], [ 1.62809, 43.85593 ], [ 1.62964, 43.84935 ], [ 1.6368, 43.84403 ], [ 1.64518, 43.84038 ], [ 1.65352, 43.83444 ], [ 1.654, 43.83288 ], [ 1.6586, 43.83024 ], [ 1.67016, 43.82706 ], [ 1.67103, 43.8257 ], [ 1.67301, 43.82544 ] ] } },
{ "type": "Feature", "properties": { "name": "Ruisseau de Patris", "weight_class": 1, "permanent": false, "length_km": 4.2 }, "geometry": { "type": "LineString", "coordinates": [ [ 1.64287, 43.86437 ], [ 1.64398, 43.85956 ], [ 1.65339, 43.85515 ], [ 1.65878, 43.84834 ], [ 1.66315, 43.84569 ], [ 1.67527, 43.84143 ], [ 1.67793, 43.8394 ] ] } },
{ "type": "Feature", "properties": { "name": "Ruisseau de Paillas", "weight_class": 1, "permanent": true, "length_km": 2.5 }, "geometry": { "type": "LineString", "coordinates": [ [ 1.65736, 43.87697 ], [ 1.66193, 43.87446 ], [ 1.66757, 43.87412 ], [ 1.67123, 43.86972 ], [ 1.66901, 43.86312 ], [ 1.6697, 43.86141 ] ] } },
{ "type": "Feature", "properties": { "name": "Ruisseau de Mascale", "weight_class": 1, "permanent": true, "length_km": 4.5 }, "geometry": { "type": "LineString", "coordinates": [ [ 1.64518, 43.87318 ], [ 1.64758, 43.87125 ], [ 1.65198, 43.8708 ], [ 1.65765, 43.86478 ], [ 1.6697, 43.86141 ], [ 1.67835, 43.84509 ] ] } },
{ "type": "Feature", "properties": { "name": "Ruisseau de Crouzet", "weight_class": 1, "permanent": true, "length_km": 2.6 }, "geometry": { "type": "LineString", "coordinates": [ [ 1.62227, 43.85453 ], [ 1.61989, 43.85645 ], [ 1.61267, 43.85799 ], [ 1.60739, 43.86134 ], [ 1.60001, 43.86148 ], [ 1.59417, 43.85916 ] ] } },
{ "type": "Feature", "properties": { "name": "la Lise", "weight_class": 1, "permanent": true, "length_km": 4.2 }, "geometry": { "type": "LineString", "coordinates": [ [ 1.61744, 43.841 ], [ 1.61484, 43.84321 ], [ 1.61346, 43.84638 ], [ 1.60866, 43.84929 ], [ 1.60113, 43.85134 ], [ 1.59823, 43.85615 ], [ 1.59423, 43.85913 ], [ 1.58022, 43.86273 ] ] } },
{ "type": "Feature", "properties": { "name": "Ruisseau des Brugues", "weight_class": 1, "permanent": false, "length_km": 2.4 }, "geometry": { "type": "LineString", "coordinates": [ [ 1.57149, 43.88255 ], [ 1.57776, 43.87211 ], [ 1.58433, 43.86806 ], [ 1.58331, 43.86493 ] ] } },
{ "type": "Feature", "properties": { "name": "Ruisseau du Rouzier", "weight_class": 1, "permanent": true, "length_km": 2.7 }, "geometry": { "type": "LineString", "coordinates": [ [ 1.64427, 43.82714 ], [ 1.6483, 43.82631 ], [ 1.65113, 43.82446 ], [ 1.65888, 43.8242 ], [ 1.67144, 43.82136 ], [ 1.67545, 43.82129 ] ] } },
{ "type": "Feature", "properties": { "name": "Ruisseau de Lauzat", "weight_class": 1, "permanent": false, "length_km": 5.8 }, "geometry": { "type": "LineString", "coordinates": [ [ 1.62787, 43.83245 ], [ 1.62212, 43.83466 ], [ 1.60618, 43.83646 ], [ 1.6005, 43.83314 ], [ 1.59924, 43.83062 ], [ 1.59333, 43.82633 ], [ 1.59208, 43.82351 ], [ 1.58533, 43.82023 ], [ 1.5785, 43.81458 ], [ 1.57829, 43.8134 ], [ 1.57625, 43.81325 ] ] } },
{ "type": "Feature", "properties": { "name": "Ruisseau des Gasques/Ruisseau de Bardazou", "weight_class": 1, "permanent": false, "length_km": 5.6 }, "geometry": { "type": "LineString", "coordinates": [ [ 1.63919, 43.8227 ], [ 1.63387, 43.82326 ], [ 1.62938, 43.82197 ], [ 1.61572, 43.82144 ], [ 1.61047, 43.82045 ], [ 1.6014, 43.81666 ], [ 1.59197, 43.81585 ], [ 1.58941, 43.81367 ], [ 1.59037, 43.81143 ], [ 1.58893, 43.80995 ], [ 1.5906, 43.80861 ], [ 1.58937, 43.80551 ] ] } },
{ "type": "Feature", "properties": { "name": "Ruisseau de Pémirol", "weight_class": 1, "permanent": true, "length_km": 3.0 }, "geometry": { "type": "LineString", "coordinates": [ [ 1.64526, 43.82117 ], [ 1.6461, 43.81908 ], [ 1.64432, 43.81613 ], [ 1.64749, 43.81323 ], [ 1.66553, 43.80995 ], [ 1.6702, 43.80839 ] ] } },
{ "type": "Feature", "properties": { "name": "Ruisseau de Bonnet", "weight_class": 1, "permanent": true, "length_km": 2.7 }, "geometry": { "type": "LineString", "coordinates": [ [ 1.70252, 43.72027 ], [ 1.69884, 43.72652 ], [ 1.68156, 43.73748 ] ] } },
{ "type": "Feature", "properties": { "name": null, "weight_class": 1, "permanent": false, "length_km": 2.5 }, "geometry": { "type": "LineString", "coordinates": [ [ 1.70959, 43.74977 ], [ 1.70909, 43.75359 ], [ 1.70268, 43.75823 ], [ 1.68777, 43.76231 ] ] } },
{ "type": "Feature", "properties": { "name": null, "weight_class": 1, "permanent": false, "length_km": 3.7 }, "geometry": { "type": "LineString", "coordinates": [ [ 1.7242, 43.7488 ], [ 1.71114, 43.75445 ], [ 1.70407, 43.75969 ], [ 1.70616, 43.76287 ], [ 1.7057, 43.76523 ], [ 1.70799, 43.76718 ], [ 1.70723, 43.76808 ], [ 1.7088, 43.77045 ], [ 1.70772, 43.77207 ] ] } },
{ "type": "Feature", "properties": { "name": null, "weight_class": 1, "permanent": false, "length_km": 2.3 }, "geometry": { "type": "LineString", "coordinates": [ [ 1.7401, 43.74818 ], [ 1.74705, 43.75178 ], [ 1.75418, 43.75281 ], [ 1.75668, 43.75107 ], [ 1.75777, 43.75209 ], [ 1.76123, 43.75025 ], [ 1.76378, 43.75103 ] ] } },
{ "type": "Feature", "properties": { "name": null, "weight_class": 1, "permanent": false, "length_km": 2.3 }, "geometry": { "type": "LineString", "coordinates": [ [ 1.75159, 43.7571 ], [ 1.74938, 43.75829 ], [ 1.75098, 43.75956 ], [ 1.74614, 43.76207 ], [ 1.7413, 43.76104 ], [ 1.73378, 43.76773 ] ] } },
{ "type": "Feature", "properties": { "name": null, "weight_class": 1, "permanent": false, "length_km": 2.2 }, "geometry": { "type": "LineString", "coordinates": [ [ 1.73317, 43.67291 ], [ 1.73091, 43.67528 ], [ 1.72483, 43.67788 ], [ 1.72297, 43.67968 ], [ 1.71996, 43.6849 ], [ 1.72112, 43.68811 ] ] } },
{ "type": "Feature", "properties": { "name": null, "weight_class": 1, "permanent": false, "length_km": 2.9 }, "geometry": { "type": "LineString", "coordinates": [ [ 1.7486, 43.67998 ], [ 1.74438, 43.68385 ], [ 1.74309, 43.68968 ], [ 1.73854, 43.69677 ], [ 1.73928, 43.70002 ], [ 1.74334, 43.70234 ] ] } },
{ "type": "Feature", "properties": { "name": null, "weight_class": 1, "permanent": false, "length_km": 2.3 }, "geometry": { "type": "LineString", "coordinates": [ [ 1.78106, 43.65966 ], [ 1.7722, 43.66896 ], [ 1.77169, 43.6721 ], [ 1.77382, 43.67479 ], [ 1.77295, 43.677 ] ] } },
{ "type": "Feature", "properties": { "name": null, "weight_class": 1, "permanent": false, "length_km": 2.1 }, "geometry": { "type": "LineString", "coordinates": [ [ 1.78774, 43.65961 ], [ 1.78608, 43.67131 ], [ 1.7907, 43.67305 ], [ 1.79428, 43.67292 ] ] } },
{ "type": "Feature", "properties": { "name": "Ruisseau de la Planquette", "weight_class": 1, "permanent": false, "length_km": 5.0 }, "geometry": { "type": "LineString", "coordinates": [ [ 1.69543, 43.74227 ], [ 1.69645, 43.74394 ], [ 1.69475, 43.74668 ], [ 1.69236, 43.74816 ], [ 1.68935, 43.74848 ], [ 1.6871, 43.75047 ], [ 1.68757, 43.75295 ], [ 1.69017, 43.7564 ], [ 1.69004, 43.75884 ], [ 1.688, 43.76053 ], [ 1.68777, 43.76231 ], [ 1.68253, 43.76387 ], [ 1.67997, 43.76704 ], [ 1.67689, 43.76656 ], [ 1.66497, 43.76784 ] ] } },
{ "type": "Feature", "properties": { "name": "Ruisseau de Fontgrave", "weight_class": 1, "permanent": true, "length_km": 2.9 }, "geometry": { "type": "LineString", "coordinates": [ [ 1.78623, 43.76916 ], [ 1.7825, 43.7735 ], [ 1.77152, 43.77906 ], [ 1.77324, 43.78058 ], [ 1.77183, 43.78144 ], [ 1.77277, 43.78242 ], [ 1.76558, 43.78624 ] ] } },
{ "type": "Feature", "properties": { "name": "Ruisseau de Sézy", "weight_class": 1, "permanent": false, "length_km": 7.7 }, "geometry": { "type": "LineString", "coordinates": [ [ 1.71049, 43.72048 ], [ 1.7106, 43.72277 ], [ 1.70756, 43.72667 ], [ 1.70799, 43.72968 ], [ 1.71877, 43.73963 ], [ 1.72758, 43.74232 ], [ 1.73244, 43.74855 ], [ 1.73439, 43.7493 ], [ 1.73503, 43.751 ], [ 1.73403, 43.75391 ], [ 1.73569, 43.75448 ], [ 1.72845, 43.76014 ], [ 1.73136, 43.76349 ], [ 1.72835, 43.76399 ], [ 1.73032, 43.76619 ], [ 1.73378, 43.76773 ], [ 1.73189, 43.77126 ] ] } },
{ "type": "Feature", "properties": { "name": "Ruisseau de Sézy", "weight_class": 1, "permanent": false, "length_km": 10.6 }, "geometry": { "type": "LineString", "coordinates": [ [ 1.76298, 43.69112 ], [ 1.75807, 43.69451 ], [ 1.75191, 43.69569 ], [ 1.74429, 43.70053 ], [ 1.74139, 43.70625 ], [ 1.73508, 43.71185 ], [ 1.73565, 43.71294 ], [ 1.72899, 43.71735 ], [ 1.72828, 43.72321 ], [ 1.72698, 43.72527 ], [ 1.72745, 43.72745 ], [ 1.72949, 43.72904 ], [ 1.72981, 43.73401 ], [ 1.73261, 43.7389 ], [ 1.7404, 43.73859 ], [ 1.76569, 43.74173 ], [ 1.76711, 43.74222 ], [ 1.76625, 43.74651 ], [ 1.76752, 43.74759 ] ] } },
{ "type": "Feature", "properties": { "name": "Ruisseau de la Boutié", "weight_class": 1, "permanent": false, "length_km": 5.1 }, "geometry": { "type": "LineString", "coordinates": [ [ 1.76132, 43.71163 ], [ 1.76011, 43.71268 ], [ 1.75906, 43.71771 ], [ 1.76415, 43.72122 ], [ 1.76592, 43.72125 ], [ 1.76968, 43.724 ], [ 1.77203, 43.72374 ], [ 1.77423, 43.7257 ], [ 1.7754, 43.73052 ], [ 1.7806, 43.73743 ], [ 1.77606, 43.74066 ], [ 1.772, 43.74579 ] ] } },
{ "type": "Feature", "properties": { "name": "Ruisseau de Nice Pons", "weight_class": 1, "permanent": false, "length_km": 3.2 }, "geometry": { "type": "LineString", "coordinates": [ [ 1.76889, 43.69317 ], [ 1.77567, 43.70015 ], [ 1.7772, 43.70362 ], [ 1.7759, 43.70625 ], [ 1.77638, 43.70871 ], [ 1.78098, 43.71005 ], [ 1.78554, 43.70935 ], [ 1.78842, 43.71122 ] ] } },
{ "type": "Feature", "properties": { "name": "Ruisseau de Prat Cayre", "weight_class": 1, "permanent": false, "length_km": 2.8 }, "geometry": { "type": "LineString", "coordinates": [ [ 1.72009, 43.69404 ], [ 1.7229, 43.69934 ], [ 1.72523, 43.70059 ], [ 1.7239, 43.70495 ], [ 1.72692, 43.70966 ], [ 1.73017, 43.71228 ], [ 1.73526, 43.71205 ] ] } },
{ "type": "Feature", "properties": { "name": "le Nadalou", "weight_class": 1, "permanent": true, "length_km": 11.3 }, "geometry": { "type": "LineString", "coordinates": [ [ 1.81892, 43.63992 ], [ 1.8123, 43.64582 ], [ 1.80989, 43.64666 ], [ 1.79026, 43.64862 ], [ 1.78147, 43.6479 ], [ 1.7776, 43.64609 ], [ 1.7729, 43.64552 ], [ 1.77048, 43.64402 ], [ 1.76393, 43.6438 ], [ 1.75962, 43.64028 ], [ 1.74921, 43.63738 ], [ 1.74112, 43.63718 ], [ 1.72589, 43.63491 ], [ 1.71278, 43.63099 ], [ 1.71118, 43.62626 ], [ 1.7053, 43.61976 ], [ 1.70177, 43.61873 ] ] } },
{ "type": "Feature", "properties": { "name": "Ruisseau de Cap Daurat", "weight_class": 1, "permanent": false, "length_km": 2.1 }, "geometry": { "type": "LineString", "coordinates": [ [ 1.73884, 43.67257 ], [ 1.75139, 43.67111 ], [ 1.75604, 43.67268 ], [ 1.76352, 43.67238 ] ] } },
{ "type": "Feature", "properties": { "name": "Ruisseau d'Argosas", "weight_class": 1, "permanent": false, "length_km": 2.0 }, "geometry": { "type": "LineString", "coordinates": [ [ 1.74127, 43.66708 ], [ 1.73572, 43.66862 ], [ 1.73224, 43.66786 ], [ 1.73049, 43.66438 ], [ 1.73106, 43.65767 ] ] } },
{ "type": "Feature", "properties": { "name": "la Balerme", "weight_class": 1, "permanent": true, "length_km": 5.0 }, "geometry": { "type": "MultiLineString", "coordinates": [ [ [ 1.70363, 43.65134 ], [ 1.69901, 43.64859 ], [ 1.69858, 43.64556 ], [ 1.69686, 43.64384 ], [ 1.69207, 43.6414 ] ], [ [ 1.71924, 43.65453 ], [ 1.71748, 43.65412 ] ], [ [ 1.75815, 43.65758 ], [ 1.75094, 43.66209 ], [ 1.74529, 43.66138 ], [ 1.74055, 43.65738 ], [ 1.73175, 43.65781 ], [ 1.72436, 43.65666 ] ] ] } },
{ "type": "Feature", "properties": { "name": "Ruisseau de Rivayrole", "weight_class": 1, "permanent": false, "length_km": 3.8 }, "geometry": { "type": "LineString", "coordinates": [ [ 1.68761, 43.74307 ], [ 1.68515, 43.74333 ], [ 1.68332, 43.74627 ], [ 1.67847, 43.75022 ], [ 1.67863, 43.7531 ], [ 1.68075, 43.75456 ], [ 1.67765, 43.75891 ], [ 1.67551, 43.76012 ], [ 1.67437, 43.75931 ], [ 1.66545, 43.76466 ], [ 1.66398, 43.76473 ] ] } },
{ "type": "Feature", "properties": { "name": "Ruisseau de Toupiac", "weight_class": 1, "permanent": true, "length_km": 4.5 }, "geometry": { "type": "LineString", "coordinates": [ [ 1.68933, 43.72774 ], [ 1.68907, 43.72906 ], [ 1.68198, 43.73387 ], [ 1.67992, 43.74382 ], [ 1.67244, 43.74919 ], [ 1.67154, 43.75432 ], [ 1.66471, 43.75946 ] ] } },
{ "type": "Feature", "properties": { "name": "Ruisseau de Bousigues", "weight_class": 1, "permanent": false, "length_km": 2.1 }, "geometry": { "type": "LineString", "coordinates": [ [ 1.69359, 43.69776 ], [ 1.68421, 43.70906 ], [ 1.67904, 43.71244 ] ] } },
{ "type": "Feature", "properties": { "name": "Ruisseau de Laragou", "weight_class": 1, "permanent": true, "length_km": 6.7 }, "geometry": { "type": "MultiLineString", "coordinates": [ [ [ 1.67669, 43.69262 ], [ 1.669, 43.69415 ], [ 1.66435, 43.69369 ] ], [ [ 1.74138, 43.6782 ], [ 1.7373, 43.68204 ], [ 1.71964, 43.68879 ], [ 1.69699, 43.69261 ], [ 1.68743, 43.69154 ], [ 1.67979, 43.69219 ] ] ] } },
{ "type": "Feature", "properties": { "name": "Bras du Girou", "weight_class": 1, "permanent": true, "length_km": 2.2 }, "geometry": { "type": "LineString", "coordinates": [ [ 1.79314, 43.58363 ], [ 1.79332, 43.58467 ], [ 1.78285, 43.58759 ], [ 1.77221, 43.5941 ] ] } },
{ "type": "Feature", "properties": { "name": "Ruisseau de Rival Barthié", "weight_class": 1, "permanent": false, "length_km": 2.1 }, "geometry": { "type": "LineString", "coordinates": [ [ 1.73894, 43.62369 ], [ 1.73014, 43.62505 ], [ 1.72301, 43.61382 ] ] } },
{ "type": "Feature", "properties": { "name": "Ruisseau de l'Herle", "weight_class": 1, "permanent": true, "length_km": 5.5 }, "geometry": { "type": "LineString", "coordinates": [ [ 1.78328, 43.62443 ], [ 1.7787, 43.62715 ], [ 1.77185, 43.62933 ], [ 1.76863, 43.62749 ], [ 1.76212, 43.62783 ], [ 1.75939, 43.62601 ], [ 1.75914, 43.62385 ], [ 1.75604, 43.6196 ], [ 1.75241, 43.61711 ], [ 1.74799, 43.61663 ], [ 1.74724, 43.61402 ], [ 1.75025, 43.60878 ], [ 1.74733, 43.60408 ] ] } },
{ "type": "Feature", "properties": { "name": "le Tescou", "weight_class": 1, "permanent": true, "length_km": 28.3 }, "geometry": { "type": "LineString", "coordinates": [ [ 1.86527, 43.95308 ], [ 1.86391, 43.95292 ], [ 1.86405, 43.95051 ], [ 1.86273, 43.94982 ], [ 1.85755, 43.94935 ], [ 1.85171, 43.95031 ], [ 1.84629, 43.94962 ], [ 1.84176, 43.94677 ], [ 1.83437, 43.93614 ], [ 1.81639, 43.93481 ], [ 1.8115, 43.93218 ], [ 1.80434, 43.92994 ], [ 1.79603, 43.92366 ], [ 1.78841, 43.92301 ], [ 1.78398, 43.92094 ], [ 1.78089, 43.9211 ], [ 1.7756, 43.91849 ], [ 1.77068, 43.9176 ], [ 1.76811, 43.91503 ], [ 1.76237, 43.91284 ], [ 1.76142, 43.90994 ], [ 1.7441, 43.91048 ], [ 1.73407, 43.90948 ], [ 1.71791, 43.91416 ], [ 1.70834, 43.91332 ], [ 1.68959, 43.91739 ], [ 1.68263, 43.9164 ], [ 1.67239, 43.91735 ], [ 1.65692, 43.91679 ], [ 1.64298, 43.92004 ], [ 1.63548, 43.91851 ], [ 1.62247, 43.9198 ], [ 1.59291, 43.91654 ], [ 1.56635, 43.91691 ], [ 1.55679, 43.91806 ], [ 1.55276, 43.91741 ] ] } },
{ "type": "Feature", "properties": { "name": "Ruisseau de la Caizière", "weight_class": 1, "permanent": false, "length_km": 2.6 }, "geometry": { "type": "LineString", "coordinates": [ [ 1.55619, 43.87497 ], [ 1.56436, 43.87158 ], [ 1.57097, 43.86679 ], [ 1.57966, 43.86465 ], [ 1.58357, 43.86476 ] ] } },
{ "type": "Feature", "properties": { "name": "Ruisseau de Nadalou", "weight_class": 1, "permanent": true, "length_km": 3.5 }, "geometry": { "type": "MultiLineString", "coordinates": [ [ [ 1.5702, 43.94091 ], [ 1.56854, 43.94337 ], [ 1.56616, 43.94437 ], [ 1.55298, 43.94482 ], [ 1.54539, 43.94692 ], [ 1.54042, 43.94502 ] ], [ [ 1.57761, 43.93901 ], [ 1.57032, 43.94085 ] ] ] } },
{ "type": "Feature", "properties": { "name": "le Verdet", "weight_class": 1, "permanent": false, "length_km": 3.8 }, "geometry": { "type": "MultiLineString", "coordinates": [ [ [ 1.54661, 43.90267 ], [ 1.54978, 43.9106 ], [ 1.55539, 43.91413 ], [ 1.55674, 43.91682 ], [ 1.55579, 43.91787 ] ], [ [ 1.54871, 43.89399 ], [ 1.54678, 43.90184 ] ], [ [ 1.55014, 43.89004 ], [ 1.54932, 43.89176 ] ], [ [ 1.56276, 43.87997 ], [ 1.55724, 43.88345 ] ] ] } },
{ "type": "Feature", "properties": { "name": "le Girou", "weight_class": 2, "permanent": true, "length_km": 24.2 }, "geometry": { "type": "MultiLineString", "coordinates": [ [ [ 1.75133, 43.6025 ], [ 1.72293, 43.61382 ] ], [ [ 1.78836, 43.58382 ], [ 1.78086, 43.58733 ], [ 1.77889, 43.58708 ], [ 1.7774, 43.59041 ], [ 1.77366, 43.59217 ], [ 1.77163, 43.59216 ] ], [ [ 1.81603, 43.58186 ], [ 1.79765, 43.58467 ], [ 1.78996, 43.58331 ] ], [ [ 1.83038, 43.57823 ], [ 1.82718, 43.57879 ], [ 1.82719, 43.58017 ], [ 1.82425, 43.58112 ], [ 1.82084, 43.58097 ] ], [ [ 2.00389, 43.56927 ], [ 1.99538, 43.57053 ], [ 1.98692, 43.56909 ], [ 1.98053, 43.57107 ], [ 1.97206, 43.56918 ], [ 1.96938, 43.56632 ], [ 1.96514, 43.56549 ], [ 1.95992, 43.56601 ], [ 1.95826, 43.5649 ], [ 1.95895, 43.55999 ], [ 1.95594, 43.55665 ], [ 1.95268, 43.55542 ], [ 1.94785, 43.55559 ], [ 1.94129, 43.55103 ], [ 1.93361, 43.55351 ], [ 1.92479, 43.55235 ], [ 1.91999, 43.55308 ], [ 1.9106, 43.55774 ], [ 1.90619, 43.55809 ], [ 1.90257, 43.55999 ], [ 1.89764, 43.56067 ], [ 1.89309, 43.56352 ], [ 1.88162, 43.56586 ], [ 1.86458, 43.57264 ], [ 1.85893, 43.5726 ], [ 1.85697, 43.57449 ], [ 1.85382, 43.57508 ], [ 1.84754, 43.57448 ], [ 1.84204, 43.57608 ], [ 1.83797, 43.57848 ], [ 1.83613, 43.57807 ] ] ] } },
{ "type": "Feature", "properties": { "name": null, "weight_class": 1, "permanent": true, "length_km": 5.7 }, "geometry": { "type": "LineString", "coordinates": [ [ 1.99844, 43.47534 ], [ 1.98863, 43.48184 ], [ 1.98308, 43.48764 ], [ 1.98358, 43.49778 ], [ 1.98514, 43.49945 ], [ 1.98549, 43.50374 ], [ 1.98877, 43.50652 ], [ 1.99041, 43.51934 ] ] } },
{ "type": "Feature", "properties": { "name": null, "weight_class": 1, "permanent": true, "length_km": 7.7 }, "geometry": { "type": "LineString", "coordinates": [ [ 2.02103, 43.47794 ], [ 2.01666, 43.48049 ], [ 2.00596, 43.49053 ], [ 1.99406, 43.4959 ], [ 1.98998, 43.49975 ], [ 1.99131, 43.50081 ], [ 1.99101, 43.50378 ], [ 1.99289, 43.50613 ], [ 1.9916, 43.50749 ], [ 1.99233, 43.5091 ], [ 1.99154, 43.51169 ], [ 1.99656, 43.52235 ], [ 1.99947, 43.52306 ], [ 2.0047, 43.52128 ], [ 2.00925, 43.52101 ], [ 2.01067, 43.52235 ] ] } },
{ "type": "Feature", "properties": { "name": "Rigole de la Plaine", "weight_class": 1, "permanent": true, "length_km": 4.1 }, "geometry": { "type": "LineString", "coordinates": [ [ 2.05903, 43.44195 ], [ 2.05264, 43.44567 ], [ 2.04916, 43.44983 ], [ 2.04531, 43.45149 ], [ 2.03844, 43.4514 ], [ 2.03466, 43.45307 ], [ 2.01606, 43.45378 ] ] } },
{ "type": "Feature", "properties": { "name": "Ruisseau de Poulobre", "weight_class": 1, "permanent": true, "length_km": 10.2 }, "geometry": { "type": "LineString", "coordinates": [ [ 2.24323, 43.68644 ], [ 2.2381, 43.6876 ], [ 2.23369, 43.69109 ], [ 2.22558, 43.69018 ], [ 2.22418, 43.68857 ], [ 2.2207, 43.68905 ], [ 2.21474, 43.68787 ], [ 2.20116, 43.68978 ], [ 2.1982, 43.68935 ], [ 2.19245, 43.69115 ], [ 2.18961, 43.69103 ], [ 2.18177, 43.68918 ], [ 2.18008, 43.68757 ], [ 2.17265, 43.6868 ], [ 2.16387, 43.68269 ], [ 2.1586, 43.68162 ], [ 2.14925, 43.67775 ], [ 2.14667, 43.67773 ], [ 2.14051, 43.66993 ], [ 2.13559, 43.66807 ] ] } },
{ "type": "Feature", "properties": { "name": "Rivière Clause/la Clause", "weight_class": 1, "permanent": true, "length_km": 3.3 }, "geometry": { "type": "LineString", "coordinates": [ [ 2.2869, 43.44998 ], [ 2.28545, 43.44614 ], [ 2.28773, 43.44097 ], [ 2.28844, 43.44004 ], [ 2.29094, 43.44007 ], [ 2.29373, 43.43671 ], [ 2.29435, 43.43572 ], [ 2.2927, 43.43453 ], [ 2.29342, 43.43268 ], [ 2.30122, 43.42825 ] ] } },
{ "type": "Feature", "properties": { "name": "Ruisseau des Corbières", "weight_class": 1, "permanent": true, "length_km": 2.6 }, "geometry": { "type": "LineString", "coordinates": [ [ 2.28511, 43.45837 ], [ 2.28453, 43.4567 ], [ 2.28236, 43.45613 ], [ 2.28012, 43.45283 ], [ 2.27028, 43.44625 ], [ 2.26612, 43.44214 ] ] } },
{ "type": "Feature", "properties": { "name": "la Rougeanne", "weight_class": 1, "permanent": true, "length_km": 9.3 }, "geometry": { "type": "MultiLineString", "coordinates": [ [ [ 2.2293, 43.40753 ], [ 2.22955, 43.40441 ], [ 2.22828, 43.40471 ], [ 2.2246, 43.40269 ], [ 2.22653, 43.40127 ], [ 2.22529, 43.39865 ] ], [ [ 2.23655, 43.43771 ], [ 2.23426, 43.43687 ], [ 2.2336, 43.43508 ], [ 2.22877, 43.43173 ], [ 2.22316, 43.43179 ], [ 2.22097, 43.42664 ], [ 2.2238, 43.42582 ], [ 2.22262, 43.42303 ], [ 2.2236, 43.42133 ], [ 2.22324, 43.41608 ], [ 2.22486, 43.41407 ], [ 2.22782, 43.41279 ] ], [ [ 2.25747, 43.45646 ], [ 2.25612, 43.45506 ], [ 2.25644, 43.45268 ], [ 2.25085, 43.44908 ], [ 2.24554, 43.44833 ], [ 2.24249, 43.44319 ] ], [ [ 2.25662, 43.46898 ], [ 2.26041, 43.46431 ], [ 2.25798, 43.45844 ] ] ] } },
{ "type": "Feature", "properties": { "name": "Ruisseau de Coudière", "weight_class": 1, "permanent": true, "length_km": 3.2 }, "geometry": { "type": "LineString", "coordinates": [ [ 2.20758, 43.41459 ], [ 2.20813, 43.40828 ], [ 2.21064, 43.40647 ], [ 2.21232, 43.40262 ], [ 2.22139, 43.3996 ], [ 2.2205, 43.39673 ], [ 2.22244, 43.39353 ] ] } },
{ "type": "Feature", "properties": { "name": "Ruisseau de Peyreblanque", "weight_class": 1, "permanent": false, "length_km": 2.3 }, "geometry": { "type": "LineString", "coordinates": [ [ 2.2152, 43.44571 ], [ 2.21543, 43.4334 ], [ 2.22135, 43.42679 ] ] } },
{ "type": "Feature", "properties": { "name": "Ruisseau de Rietge", "weight_class": 1, "permanent": true, "length_km": 2.6 }, "geometry": { "type": "LineString", "coordinates": [ [ 2.22771, 43.45348 ], [ 2.22885, 43.44337 ], [ 2.22514, 43.43882 ], [ 2.22585, 43.43489 ], [ 2.22356, 43.43196 ] ] } },
{ "type": "Feature", "properties": { "name": "Ruisseau du Pesquié", "weight_class": 1, "permanent": true, "length_km": 3.6 }, "geometry": { "type": "LineString", "coordinates": [ [ 2.2025, 43.42663 ], [ 2.20251, 43.42509 ], [ 2.20568, 43.42355 ], [ 2.21048, 43.41802 ], [ 2.21263, 43.41782 ], [ 2.21535, 43.41577 ], [ 2.22366, 43.4127 ], [ 2.2267, 43.40388 ] ] } },
{ "type": "Feature", "properties": { "name": "la Vernassonne", "weight_class": 1, "permanent": false, "length_km": 3.8 }, "geometry": { "type": "LineString", "coordinates": [ [ 2.19827, 43.41915 ], [ 2.19706, 43.41369 ], [ 2.20314, 43.40283 ], [ 2.20041, 43.39931 ], [ 2.19957, 43.39604 ], [ 2.19612, 43.39621 ], [ 2.19101, 43.39246 ] ] } },
{ "type": "Feature", "properties": { "name": "le Lampy", "weight_class": 1, "permanent": true, "length_km": 3.4 }, "geometry": { "type": "LineString", "coordinates": [ [ 2.19464, 43.42821 ], [ 2.19276, 43.42632 ], [ 2.19272, 43.42355 ], [ 2.188, 43.41857 ], [ 2.18165, 43.41801 ], [ 2.17994, 43.41627 ], [ 2.18037, 43.41294 ], [ 2.17904, 43.41048 ], [ 2.1798, 43.40676 ], [ 2.17813, 43.40537 ] ] } },
{ "type": "Feature", "properties": { "name": "Ruisseau de Tenten", "weight_class": 1, "permanent": true, "length_km": 2.1 }, "geometry": { "type": "LineString", "coordinates": [ [ 2.08578, 43.40482 ], [ 2.08798, 43.40056 ], [ 2.08609, 43.39876 ], [ 2.07895, 43.39563 ], [ 2.07465, 43.39481 ], [ 2.07239, 43.39572 ] ] } }
]
}
